{"type":"FeatureCollection","features":[{"type":"Feature","geometry":{"type":"MultiPolygon","coordinates":[[[[-77.3420297125758,38.86248611001526],[-77.34414349413962,38.86112132750214],[-77.34617547820125,38.86176868326431],[-77.34490337629387,38.8598874664476],[-77.34650721572373,38.85709512628243],[-77.34946967145711,38.857546911082736],[-77.34854160138093,38.859430012078185],[-77.34930390196,38.85988369345764],[-77.35217978079595,38.85897245090393],[-77.35488999614014,38.86039793167721],[-77.3542144005619,38.86130724405483],[-77.35142259098721,38.861893925961546],[-77.35117018089531,38.86286775017034],[-77.34820749835683,38.86241600575127],[-77.34880153134065,38.86351890226782],[-77.34592299843743,38.86274249676883],[-77.34558634825738,38.86404091414472],[-77.3420297125758,38.86248611001526]]],[[[-77.32925292973984,38.86424836089629],[-77.32747375948978,38.86262695196884],[-77.32925088333138,38.86256079051528],[-77.3299247400033,38.859964044284666],[-77.33178812243267,38.86126082277028],[-77.33483486545232,38.861388362885045],[-77.33517606185261,38.86346511505117],[-77.3340769553125,38.86430973270842],[-77.33094586208978,38.86450676825907],[-77.32933921483547,38.865611338356686],[-77.32806949947748,38.86541751851445],[-77.32925292973984,38.86424836089629]]],[[[-77.37438418879553,38.87686475696443],[-77.3761522183392,38.87173520795735],[-77.37538962668557,38.87128169114988],[-77.37716691783852,38.87121484242086],[-77.379448334265,38.86920020443392],[-77.38063423785728,38.86971812614234],[-77.38401741776167,38.868545943638935],[-77.38324821687038,38.86471733579417],[-77.38604660114214,38.86750507588412],[-77.38960097641095,38.867371047320425],[-77.38884519949777,38.870292753682406],[-77.38731989790733,38.86938587177715],[-77.38664462367836,38.87029536187516],[-77.38562665262602,38.86912823451172],[-77.38452804551814,38.86997330011133],[-77.38334211010283,38.86945541565075],[-77.38376872913344,38.87120740551479],[-77.38173614812456,38.87056066558711],[-77.3800461180783,38.8719905228173],[-77.37852089045641,38.87108353243046],[-77.37674675017121,38.8728379716574],[-77.37793269376053,38.87335591944149],[-77.37590948593267,38.87777179888743],[-77.37438418879553,38.87686475696443]]],[[[-77.33492342925022,38.86443890632703],[-77.33314840142545,38.86619271984631],[-77.3340769553125,38.86430973270842],[-77.33492342925022,38.86443890632703]]],[[[-77.34749949300637,38.89908893440697],[-77.35173146405909,38.898046711696],[-77.35384609563627,38.89668175782215],[-77.35850400082565,38.89739140114841],[-77.36061293893984,38.89265117975169],[-77.35959507258,38.891483835432226],[-77.36044190744343,38.891612835145935],[-77.36137007987874,38.88972963781124],[-77.36077286575548,38.886939223423155],[-77.3619589252976,38.887457324947135],[-77.3630580577557,38.88661245767664],[-77.36212996865858,38.88849566692492],[-77.36390769186265,38.888429008222055],[-77.36128874530556,38.89174182907656],[-77.36146258250409,38.89446774841796],[-77.36688028544506,38.89394310452359],[-77.3682317488208,38.892124330966986],[-77.37043298458589,38.89212204973256],[-77.37136090526174,38.890238777478196],[-77.37178735787579,38.89199081298147],[-77.37305765250389,38.89218418545425],[-77.37001254632082,38.89374516025807],[-77.36882632714769,38.893227135394554],[-77.36713551794625,38.8946568204872],[-77.36493420549431,38.894659043166044],[-77.36366673373223,38.89615316358123],[-77.36171776376827,38.89518147558208],[-77.3612971136787,38.89680455716322],[-77.3599426320102,38.89693567937593],[-77.35952193224259,38.898558755292115],[-77.35749150498184,38.89959919258938],[-77.3547797803607,38.89817376196788],[-77.34995602202652,38.899800773113476],[-77.3431060724193,38.905842955919425],[-77.34225675395813,38.904026258850216],[-77.34132557792746,38.90422173767562],[-77.34310133551348,38.90246779887577],[-77.34538709387411,38.902141358293235],[-77.34530046525882,38.900778385963584],[-77.3460631783332,38.901232089549744],[-77.34631334694153,38.8985706937767],[-77.34495639429235,38.897014075169885],[-77.34825473920516,38.894479893705416],[-77.34690518969397,38.897986026900526],[-77.34749949300637,38.89908893440697]],[[-77.34707604321031,38.89902439100413],[-77.34690764606341,38.89967360420204],[-77.34733109948394,38.89973814818542],[-77.34749949300637,38.89908893440697],[-77.34707604321031,38.89902439100413]]],[[[-77.32636555140864,38.9279240232368],[-77.32687147920213,38.92597645965779],[-77.32975024871453,38.92506573025847],[-77.33169538223524,38.9226627581574],[-77.33508399210834,38.92317948675994],[-77.33576040050676,38.92227027170369],[-77.34228259764929,38.9225896449007],[-77.3438903055689,38.921484899113814],[-77.34600820091148,38.92180765701674],[-77.34702627329976,38.92297511746817],[-77.3588028741136,38.92510641216887],[-77.35897396090238,38.92614476355192],[-77.36473350822216,38.92600933047691],[-77.36321017503332,38.926789728374935],[-77.36397612501072,38.92893090673764],[-77.36168680919523,38.92757010764368],[-77.35906087561298,38.92750773085963],[-77.35770311129605,38.925951245899334],[-77.35541666081971,38.92627791456678],[-77.35100957104126,38.92459432151992],[-77.34626576883471,38.92420900123593],[-77.34482410431615,38.92297698305122],[-77.34109842852048,38.92375893548323],[-77.33728616745593,38.92317779413992],[-77.33610190854225,38.9243470371026],[-77.3320367761877,38.92473953485857],[-77.32645185791063,38.92928701364658],[-77.3255222782805,38.931169959094525],[-77.32467504531081,38.93104072016288],[-77.32543402715014,38.9281193833204],[-77.32636555140864,38.9279240232368]]],[[[-77.32763836293381,38.929805446392436],[-77.32840126998214,38.930259260368864],[-77.32916214031972,38.92902548516472],[-77.33221171396656,38.9291530909003],[-77.33500407531366,38.92687925294766],[-77.34161327134751,38.928561645817794],[-77.34220774404557,38.92966458312278],[-77.34584947226107,38.9292072038539],[-77.35008574827532,38.92985261724859],[-77.35051192098175,38.93160473495928],[-77.3543273582117,38.93387305515116],[-77.35729298614038,38.93432465729174],[-77.35814303315614,38.936141258672684],[-77.35542993490228,38.934715835388154],[-77.35365107388223,38.934782372897914],[-77.34890158633992,38.93102198348923],[-77.3441573765604,38.93063658222604],[-77.34297310667642,38.931805891985974],[-77.34518037767316,38.935179229398976],[-77.3487406314295,38.936733957387915],[-77.345606463516,38.93693136524724],[-77.34585920476255,38.93595754322234],[-77.34450396698516,38.93608849743056],[-77.34399366020727,38.934660964100985],[-77.34221479009226,38.93472733758991],[-77.34237860490492,38.930702958027084],[-77.33619281104144,38.92908518772472],[-77.33627930286069,38.930448171503926],[-77.33509272585098,38.929929821381094],[-77.33492415039824,38.93057902093895],[-77.3322981313506,38.93051607746735],[-77.33196092489518,38.93181446891795],[-77.33085866379348,38.930971480414584],[-77.32933486385761,38.93175146269348],[-77.3289132807106,38.9333744421026],[-77.33128857151372,38.936098835490725],[-77.32925669407958,38.93713881549682],[-77.3276423848821,38.93318061622351],[-77.32577920372431,38.933571348859935],[-77.32484565938074,38.93207911939905],[-77.32670880736644,38.93168840086687],[-77.32763836293381,38.929805446392436]]],[[[-77.33044749943366,38.94103239536969],[-77.33129276301786,38.93947400813148],[-77.33044542317953,38.93934480847048],[-77.33272600878843,38.93395584163442],[-77.33442274238206,38.935901789448025],[-77.3353543420812,38.93570636164135],[-77.33510146121301,38.936680162220796],[-77.3368803855173,38.93661389073414],[-77.33696689915071,38.937976875445905],[-77.33933807672219,38.93732594339323],[-77.34094847423628,38.937908819538514],[-77.33908751998734,38.93998733881418],[-77.34146107559746,38.941023952740935],[-77.34036087113674,38.9418686345193],[-77.33883467418102,38.940961147584176],[-77.3377344401997,38.941805806059605],[-77.33773219502618,38.9401182191048],[-77.3353587220336,38.93908153395757],[-77.33468215244095,38.93999074891434],[-77.33264808756012,38.939343198213464],[-77.33307603340761,38.94278296538133],[-77.33044749943366,38.94103239536969]]],[[[-77.32299010431366,38.939220153966275],[-77.32027573926112,38.93610637493735],[-77.32027389889099,38.93441878903251],[-77.32451606727226,38.940127835618384],[-77.32265269155971,38.940518521665325],[-77.32299010431366,38.939220153966275]]],[[[-77.36494781286143,38.952361465469146],[-77.36435281031171,38.95125863369524],[-77.36536870257838,38.95073835936866],[-77.36375782578924,38.950155799241834],[-77.36324704287159,38.948728342337425],[-77.36477083471777,38.94794794160692],[-77.36646583938106,38.94820586646549],[-77.36655292069328,38.94956883269725],[-77.36833213120735,38.94950211000812],[-77.3674063101429,38.953072963528186],[-77.36638749002431,38.95190566553404],[-77.36494781286143,38.952361465469146]]],[[[-77.35896915275423,38.97540945939538],[-77.36117290796524,38.975407342597165],[-77.3614255745331,38.974433483447974],[-77.36040655131312,38.97326613267563],[-77.36108310884431,38.972356773058884],[-77.35955601418222,38.9714495370949],[-77.36031678695599,38.97021556356261],[-77.35912939043236,38.96969744048505],[-77.35963473184846,38.96774973180035],[-77.36166702966779,38.96670924963585],[-77.36022703012351,38.96716499577301],[-77.35912390632376,38.9663222542692],[-77.36013451553903,38.96242683739392],[-77.36208245455947,38.96171096749317],[-77.36259612805577,38.964826023898596],[-77.36403892230292,38.96605784272477],[-77.36378631977863,38.96703170597637],[-77.3624305356675,38.96716285664235],[-77.36116453919425,38.970344559732105],[-77.36252320575291,38.971901016633986],[-77.36125992269564,38.9767703179827],[-77.35914036017566,38.97644781802085],[-77.35896915275423,38.97540945939538]]],[[[-77.35839585513052,38.987807366754026],[-77.35636024256628,38.9871602003793],[-77.35491980505307,38.987615886339],[-77.35618904961255,38.98612183622066],[-77.35864860192461,38.986833511416286],[-77.35839585513052,38.987807366754026]]],[[[-77.33788619075646,38.99210900253855],[-77.33890511653051,38.99327654157711],[-77.33763314773705,38.99308281637235],[-77.33788619075646,38.99210900253855]]],[[[-77.3558680150353,38.99754589993984],[-77.3554466425569,38.99916898524603],[-77.35366620557944,38.99923552361945],[-77.35451164800584,38.99767696469714],[-77.3558680150353,38.99754589993984]]],[[[-77.33162142832657,38.999253596951725],[-77.33136407809093,38.996852196011716],[-77.33254534030482,38.992307785273624],[-77.33449652235171,38.99327994516861],[-77.33288921977906,38.99607218131908],[-77.33441649867866,38.99697974883957],[-77.33306010359604,38.99711057919463],[-77.33331965532571,39.00119957871582],[-77.33162142832657,38.999253596951725]]],[[[-77.32879073550166,39.0423545754353],[-77.32683831281041,39.041382318015394],[-77.32522769465788,39.042486862945886],[-77.32183359446469,39.041969855504625],[-77.32055896967564,39.040088340304884],[-77.31589229395837,39.03937725605942],[-77.31470579843803,39.04054631544588],[-77.31054952884129,39.04126270741416],[-77.30919385061965,39.043080891971776],[-77.30571679325955,39.04457564640334],[-77.30808860647922,39.04055007283679],[-77.31122734252718,39.04035360979982],[-77.31241223031675,39.037496970802714],[-77.31385392221449,39.03704177450171],[-77.31512142655046,39.03217290936677],[-77.314185133646,39.02899296676372],[-77.31494555914031,39.02607165068839],[-77.3131627490142,39.02444999931043],[-77.31485763650063,39.023021023589],[-77.31451627176901,39.020944169009624],[-77.31298873799811,39.02003635315965],[-77.31400595822866,39.0195164940096],[-77.31587314467772,39.02081354077434],[-77.31637999958281,39.01886599283935],[-77.31858326931538,39.01717702526847],[-77.31925712051765,39.01289267531447],[-77.31815377800935,39.012049563675575],[-77.31874677041431,39.01146502168095],[-77.31738652647269,39.00822047144958],[-77.31594368615298,39.00698810229419],[-77.31458707125499,39.00711873100727],[-77.3158574843539,39.005625088872925],[-77.31543171270822,39.00387283295201],[-77.31627977748865,39.004002136419736],[-77.31619706788858,39.006014330555175],[-77.31814839907575,39.00698674952515],[-77.31857425438919,39.00873899700438],[-77.3206064346156,39.006011576868104],[-77.32111119815688,39.002376411334595],[-77.32136822947646,39.0047778356234],[-77.3231488315459,39.0047117604182],[-77.31899831756166,39.008803638779014],[-77.31883122443648,39.011140429000456],[-77.3205293867652,39.013086589428035],[-77.31951412778525,39.01529410751674],[-77.32612902138581,39.01528974151726],[-77.32866756974936,39.010614599391765],[-77.32748375829104,39.01347138062523],[-77.32918015752635,39.01372981750904],[-77.32392598405049,39.016978842452254],[-77.31976932129717,39.01600793342254],[-77.31858507255164,39.018864632316415],[-77.31714377057547,39.01931988214978],[-77.31485935342829,39.02470863231901],[-77.31587836623928,39.02587636648643],[-77.31503348915662,39.02912227927798],[-77.32012368557322,39.02989803272184],[-77.32258246903913,39.0289228172797],[-77.32207571015107,39.03087039378795],[-77.31613705452148,39.02996542102153],[-77.3154645925181,39.03593737808728],[-77.31275194425656,39.0378862239609],[-77.31224485958812,39.0398337633029],[-77.3143660616101,39.040157067454814],[-77.31699425804187,39.038532778523766],[-77.32157641630285,39.0395684173898],[-77.32208701922427,39.040996066086414],[-77.32463255710293,39.04138382509965],[-77.33158755122513,39.040080774889475],[-77.33040129659537,39.0412499843302],[-77.32912851122516,39.04105617045763],[-77.32879073550166,39.0423545754353]]],[[[-77.33548152578007,39.03358704762677],[-77.33564593591322,39.029562616116294],[-77.33488194187747,39.029108839845144],[-77.33581473437675,39.02891340579746],[-77.33632111168488,39.02696577388806],[-77.33555714071701,39.026512001967795],[-77.33605688164477,39.01950154824181],[-77.33690516530835,39.01963071114093],[-77.33682968867052,39.02670574948994],[-77.33767805773972,39.026834907263755],[-77.33590133784377,39.03027641054543],[-77.3367541973456,39.033780796153565],[-77.33514389819084,39.03488546822356],[-77.33506386166906,39.03858529749765],[-77.33396210667055,39.039429935340316],[-77.33226509084231,39.039171562677765],[-77.33158755122513,39.040080774889475],[-77.33209411952998,39.038133156538365],[-77.33379111051563,39.03839153149119],[-77.33437985136345,39.03443168845636],[-77.33548152578007,39.03358704762677]]],[[[-77.29325894318694,39.063599684670564],[-77.29173195945565,39.064379221231576],[-77.29003451142384,39.064120270480984],[-77.29325894318694,39.063599684670564]]],[[[-77.29200129890131,39.08534459950099],[-77.29369924973517,39.08560352438027],[-77.29420962840737,39.08703129935361],[-77.29225646813981,39.086058490654075],[-77.29200129890131,39.08534459950099]]],[[[-77.30118634716514,39.10598150769093],[-77.2995711792895,39.10371046582804],[-77.30237412895482,39.10481256356527],[-77.30407110352016,39.10338371455631],[-77.30390038409183,39.10234525758631],[-77.30899559208687,39.10312147743559],[-77.30958940155112,39.10253696977482],[-77.31018159133035,39.10026482730107],[-77.30916162671838,39.099097030892786],[-77.31009377893848,39.0972141565261],[-77.30627266464057,39.0966320456234],[-77.30576198147931,39.095204317628344],[-77.30890466519018,39.09669554179709],[-77.31068753128721,39.09662964427659],[-77.31238249013154,39.09351305416528],[-77.31475896379236,39.092862575522105],[-77.3175581627249,39.0905890702991],[-77.318489988222,39.088706135993604],[-77.31526289534425,39.087539751022284],[-77.31475209944495,39.08611206240254],[-77.31899906113871,39.088446181784306],[-77.32239341863573,39.0872756432212],[-77.32562061422978,39.08844184299171],[-77.32681170828026,39.09064792520046],[-77.3289344585308,39.09097098350935],[-77.32901486484585,39.08727112359843],[-77.33079748142774,39.08720493776237],[-77.33206684340777,39.08402348247921],[-77.3335938070961,39.083243447497104],[-77.33249561382792,39.08746333268562],[-77.33096854967296,39.08824335478572],[-77.33131280149779,39.092007817284134],[-77.32630264789029,39.09090791151524],[-77.32443541496885,39.09129863400743],[-77.32206473683401,39.09701218672842],[-77.32121557608674,39.096882920676364],[-77.31986279681911,39.102076503260236],[-77.3185044133261,39.10220717697253],[-77.31799703390541,39.10415476247568],[-77.31918633465197,39.10467329095938],[-77.31697865710206,39.104674662157386],[-77.3164712195427,39.106622242353886],[-77.31596026572265,39.10519455354851],[-77.3200300659109,39.09973967422523],[-77.31960364208597,39.097987403760335],[-77.32197831339445,39.09564915610948],[-77.32239909930587,39.09233852802933],[-77.32417991118515,39.09058480826328],[-77.32587809903902,39.09084329376352],[-77.32570709742124,39.08980486923112],[-77.32400893444486,39.089546381444954],[-77.32341342995434,39.088443328451746],[-77.31967903963094,39.08922465824707],[-77.31246873101334,39.094876090899476],[-77.3119612409974,39.09682364905042],[-77.31043375968254,39.097603420208145],[-77.31111536384104,39.10006957629373],[-77.30908178082848,39.10448451900607],[-77.30882638153571,39.10377065992669],[-77.30449570624903,39.1034484069454],[-77.3041572001768,39.104746759607636],[-77.30271410389342,39.10520184892342],[-77.30280017724338,39.106564895389724],[-77.30118634716514,39.10598150769093]]],[[[-77.27053056781813,39.099956067680374],[-77.27188899534075,39.09982591825457],[-77.27138038295435,39.10177331237979],[-77.27044648183839,39.10196826495808],[-77.27053056781813,39.099956067680374]]],[[[-77.2752862420921,39.10203192816467],[-77.27401484906044,39.10690044773548],[-77.27299611910658,39.10741998734266],[-77.27443710600997,39.10190234244742],[-77.2752862420921,39.10203192816467]]],[[[-77.31489683290847,39.144854752110135],[-77.31761520374496,39.14459346646625],[-77.31617315020628,39.14673636249203],[-77.31311614504837,39.14829600500669],[-77.3126896029076,39.14654369401722],[-77.31447368961567,39.146477741553596],[-77.31489683290847,39.144854752110135]]],[[[-77.22466526177705,39.173955271577256],[-77.22483576147238,39.171618537889024],[-77.22339124511896,39.170385056080015],[-77.22441121375459,39.16986591639581],[-77.22458171202274,39.167529185088384],[-77.22339205781918,39.167009745227226],[-77.2197376298064,39.167463546913105],[-77.21650862412015,39.166294580196656],[-77.21480845576782,39.16772225141371],[-77.20911532085245,39.16583854450625],[-77.2072455310094,39.16622751203135],[-77.20699012847247,39.16720108978191],[-77.20495083745976,39.16655141976122],[-77.20418451353724,39.169472138110095],[-77.20273950434903,39.16992607260936],[-77.203590174765,39.16836849430179],[-77.20240065705815,39.167848853654355],[-77.20359104149695,39.16668083939623],[-77.20231639644368,39.166485721576215],[-77.20138239554095,39.16499250349913],[-77.1985776738089,39.165575769840586],[-77.19925805023406,39.16466726228818],[-77.19721991442326,39.16232981258135],[-77.19467081823105,39.16193943371391],[-77.19603158367724,39.16012245918109],[-77.19441742202378,39.15953767957561],[-77.19390849659672,39.158109475157765],[-77.19127437195269,39.158043543289324],[-77.1894058837134,39.15674459079563],[-77.1850712848161,39.15810582553719],[-77.18532694930131,39.157132294664486],[-77.18235329397211,39.15667656379705],[-77.18099503462072,39.15511808559025],[-77.17912537031287,39.1555066296378],[-77.17513324319285,39.153881842995524],[-77.1723271465904,39.15615216651662],[-77.17164812215273,39.15537287455979],[-77.16935361304981,39.15569612501548],[-77.16986533972498,39.15374912854513],[-77.17275352361524,39.15452965920368],[-77.17504951076248,39.1525186964939],[-77.17734241736784,39.153882990736975],[-77.1804864042336,39.1536898275941],[-77.18507258193705,39.15641817443087],[-77.18813145126269,39.15654932806593],[-77.18592602754745,39.15148542198961],[-77.18354781529591,39.15044579533395],[-77.18329482715302,39.14804402429155],[-77.1819367090831,39.146485559145084],[-77.17862400876201,39.145640121645215],[-77.17964537279651,39.14343370513953],[-77.18091815879175,39.14531670088131],[-77.18355181230012,39.14538285185559],[-77.18499255673295,39.14999208557346],[-77.18745597848473,39.15070717315767],[-77.1869447450093,39.15265424072773],[-77.1907655188348,39.15661532646036],[-77.19161514520218,39.156745485075696],[-77.19195590626539,39.155447426279586],[-77.19153339374907,39.15200704904083],[-77.19323365172941,39.1505797005953],[-77.19246477461613,39.156875637892085],[-77.19450368206772,39.15752551123716],[-77.19509885796325,39.15694154454013],[-77.1955226223937,39.15869426119193],[-77.19790127634683,39.15973366068048],[-77.1978151078581,39.16174583230285],[-77.20206363358767,39.162396327352745],[-77.20486653046112,39.16518828978441],[-77.20461109967214,39.16616186243753],[-77.20707604909865,39.1651889095048],[-77.20776016429197,39.15584209414276],[-77.20928923882822,39.15675122691893],[-77.2075876046105,39.16155410104607],[-77.20835144018871,39.1636963246381],[-77.21438417295275,39.16596959716625],[-77.21531904792792,39.16577506328385],[-77.21531964193713,39.164087409234156],[-77.21888833863632,39.16564592545193],[-77.22109787129598,39.16564629616489],[-77.22126801061992,39.164997225281496],[-77.22628168361659,39.166101380392625],[-77.22653715672855,39.16344010942744],[-77.2293413031592,39.16454386676486],[-77.22951163022415,39.16220713133186],[-77.23078627319205,39.16240197036619],[-77.23061646340774,39.161363400774036],[-77.23274104135358,39.160000453670335],[-77.22679326555517,39.15740353538141],[-77.22449969924864,39.154352501137105],[-77.22076179089318,39.15175556859924],[-77.21744785383021,39.15259881365519],[-77.21702359567958,39.1508461739505],[-77.21413508267739,39.15006667177127],[-77.21379600204571,39.14798949248444],[-77.21625963941804,39.148704009337],[-77.21702470418413,39.14747087692756],[-77.21829905492433,39.147665843294725],[-77.21846865647478,39.14870442673496],[-77.21668442876752,39.14876900220488],[-77.21685400979764,39.14980758808219],[-77.2230559462155,39.1514313702822],[-77.22738818067498,39.1568194142562],[-77.22951242225987,39.15714417462315],[-77.23078674196377,39.15902666515528],[-77.23639501233217,39.15954627078625],[-77.23936915882989,39.158313058030835],[-77.23962409584581,39.15733941569012],[-77.24191834334204,39.15701486913971],[-77.24361779164481,39.157274481857556],[-77.24446760402998,39.15909193125914],[-77.24574223242345,39.159286616938665],[-77.24778152349619,39.158247965297164],[-77.24574211911549,39.157598965127974],[-77.24489229229958,39.15578152499824],[-77.2465917223642,39.15604109702389],[-77.24710137987113,39.154093783343455],[-77.2489708318532,39.15539186833456],[-77.24871566217448,39.15299022846027],[-77.25321886921267,39.15266531483034],[-77.25432328163915,39.15182137545128],[-77.25415315990973,39.15078284030375],[-77.25185890857509,39.14941996312581],[-77.25287837908326,39.14890059238813],[-77.25568236428904,39.15000375266239],[-77.25772125240894,39.148964940093194],[-77.25899489583671,39.14578419367646],[-77.26332737186203,39.14442038719649],[-77.2636667929638,39.14312213563989],[-77.26196760425145,39.14286279756501],[-77.26120335140635,39.14409620509578],[-77.2589095983535,39.144421106423806],[-77.25780495813086,39.143577438337864],[-77.25585146119407,39.14597934059434],[-77.25245274875911,39.14377278043382],[-77.24913954425844,39.14461686830923],[-77.24947921995414,39.14331865543074],[-77.24735529358168,39.14299423693284],[-77.24531642483105,39.144032878319756],[-77.24582603225304,39.14208557467711],[-77.24412693155125,39.1418259929394],[-77.24004910897474,39.14390313617698],[-77.24183317384623,39.142150579208554],[-77.24166325341812,39.14111202904779],[-77.2402190581154,39.139878750435656],[-77.238180174775,39.14091727418496],[-77.23588653498575,39.13955410518754],[-77.23010906422284,39.14474649699104],[-77.22611638836692,39.14312335026222],[-77.22390714684119,39.14481071541957],[-77.22050898688141,39.14429092962827],[-77.22076412756232,39.143317328772454],[-77.21957489736356,39.14279785502556],[-77.21728045103605,39.144809635287764],[-77.21490200862215,39.14377060954807],[-77.21303411198008,39.14078436989287],[-77.2128633048875,39.14312107237225],[-77.20802238855147,39.13967968679512],[-77.20606815882341,39.140393159240816],[-77.20487908166741,39.139873545300745],[-77.2041990078919,39.14078207892788],[-77.20046158511086,39.13987218862659],[-77.20148220444655,39.13766559545666],[-77.2042007123571,39.137406788988216],[-77.20700351386355,39.13851104379807],[-77.2110812864078,39.138122630727494],[-77.21226971459899,39.140329830340306],[-77.21261002939109,39.139031719377726],[-77.21447847687072,39.1403303185949],[-77.21592282369754,39.13987625056594],[-77.21821609882723,39.141239787775156],[-77.22000014016108,39.141175190436485],[-77.22042441365123,39.142927816511865],[-77.22390754106657,39.1431230686784],[-77.22518219856691,39.14163031812749],[-77.22993930541591,39.143707930271944],[-77.23138362272371,39.143253682396434],[-77.23393274369907,39.13858037018723],[-77.23223376754757,39.13832062616908],[-77.22781727507366,39.133257309195265],[-77.23129995850888,39.13345235396067],[-77.23180923595268,39.13656804202746],[-77.23401772466896,39.138255827806915],[-77.23953945740475,39.139099831848434],[-77.23987927892308,39.137801646649145],[-77.23902978780418,39.13767181817538],[-77.24055888550949,39.13520527448704],[-77.23860514857822,39.13423161374042],[-77.23877505781682,39.1335825231282],[-77.24038899955715,39.13416672404517],[-77.24106855855783,39.1332579938199],[-77.2417481414472,39.13572454679241],[-77.24038896614105,39.13922965687856],[-77.24140838816642,39.140398026481],[-77.24336227063858,39.13968399881749],[-77.24591084696367,39.140073378224955],[-77.2454859750201,39.13832084016416],[-77.24667518225512,39.13715242096413],[-77.24820469133306,39.14143636249901],[-77.2523673091844,39.14072204332832],[-77.25270690895246,39.13942382266546],[-77.25355644501278,39.13955355776685],[-77.25398151895686,39.141306068690284],[-77.25695499349581,39.14176008587452],[-77.25873942836436,39.14338257912784],[-77.25924867123393,39.14143522076804],[-77.26281668694608,39.14130482340497],[-77.2619666234804,39.13948750603168],[-77.26324043466614,39.13799436667875],[-77.26179593494275,39.13676133941509],[-77.26357982728557,39.136696117053965],[-77.26544798338183,39.134618661596335],[-77.26298434019964,39.13390512108428],[-77.26179544857668,39.13507369544453],[-77.25814286800151,39.1355286220635],[-77.25788786031566,39.13481465408217],[-77.25967170834618,39.13474948780135],[-77.26145507473264,39.13299665266905],[-77.25933139676451,39.13267243934949],[-77.25882138309603,39.13124450865971],[-77.25695275043593,39.131634220344566],[-77.25678263839356,39.13059569305609],[-77.25321513801644,39.13072591704936],[-77.25610294690944,39.12981686644028],[-77.25635755954366,39.128843195486226],[-77.2555078035696,39.12702583852721],[-77.25321427729129,39.12566299289259],[-77.25363866816222,39.124040218982366],[-77.25865124524424,39.13020598400849],[-77.2606899956999,39.13085476892811],[-77.26170914242645,39.130335327774866],[-77.26340856091157,39.13228231117187],[-77.26595698489733,39.13267127922853],[-77.26621147541806,39.13169758754885],[-77.2636625545187,39.12962098266801],[-77.26434123427062,39.12702448488951],[-77.26332163106191,39.12585630641943],[-77.26502042671778,39.126115625112355],[-77.2651912112768,39.12884178147878],[-77.26655078549683,39.13039933146126],[-77.26875924572622,39.13039885576998],[-77.27003275783636,39.12890564958358],[-77.27003343558707,39.13059329142682],[-77.27249630066048,39.12961904975555],[-77.27614931392394,39.130851344037204],[-77.2737704868434,39.129813447092545],[-77.27368493079379,39.12845037438656],[-77.27614849404743,39.12916370214383],[-77.27716750646094,39.128644134490465],[-77.27402409210335,39.12715209875395],[-77.27274921109321,39.1252700635126],[-77.27419289382688,39.124815320271516],[-77.27555258571586,39.126372770586705],[-77.27810086735158,39.126761489333234],[-77.27877988514065,39.12585255446211],[-77.27776006615605,39.12468449466126],[-77.28064825186527,39.12546251527215],[-77.28098727474658,39.12416422142234],[-77.2787781232891,39.12247727463207],[-77.27699459385138,39.12254271480177],[-77.27724890090953,39.12156900250334],[-77.27503991521723,39.11988199016449],[-77.27206722333453,39.119428407327234],[-77.27019828426188,39.11813067888226],[-77.27164184106313,39.11767596589716],[-77.27351079422688,39.118973672528476],[-77.27461445856716,39.11812955874902],[-77.27512469062371,39.119557420938],[-77.27750320114907,39.120595289871694],[-77.27920192436508,39.12085441455829],[-77.27860684373017,39.11975114038729],[-77.28039030316592,39.119685677129425],[-77.28107109439053,39.12215200835966],[-77.28378873704767,39.12189146317076],[-77.2843839139341,39.12299471300585],[-77.2865074206774,39.12331849789136],[-77.28472183953572,39.120008770839966],[-77.28701577833986,39.121371033763715],[-77.28845818844192,39.11922848677444],[-77.2864195163714,39.11858015860139],[-77.2870136338774,39.11799575704594],[-77.28480453007059,39.116308919368315],[-77.28896646517542,39.11728101623881],[-77.28845487138057,39.114165574698276],[-77.28624585058834,39.112478763888156],[-77.2891336418596,39.11325658554754],[-77.28921610000428,39.10955673601566],[-77.29040643458436,39.111763175795836],[-77.2897288291732,39.114359807931045],[-77.29074869565835,39.11552776719511],[-77.29287201247179,39.11585144291544],[-77.29431414022899,39.11370883031429],[-77.29516344977003,39.113838280550155],[-77.29329667810525,39.1159161737107],[-77.29389195044229,39.1170193767365],[-77.29066515176069,39.117539984151115],[-77.29041103866778,39.118513723106865],[-77.29253444126651,39.118837404781786],[-77.29151567637597,39.119357097339936],[-77.29168743953237,39.12208321356649],[-77.29015920934525,39.12286273938145],[-77.29253804292904,39.12390032138702],[-77.29568042314033,39.1237042482487],[-77.2950003790909,39.1229256353586],[-77.29601788762979,39.1207182749872],[-77.29720730265306,39.12123701539258],[-77.29720992095127,39.124612294070396],[-77.29992759772708,39.12435139603881],[-77.29941684439176,39.122923634327094],[-77.3018804728075,39.12363645152161],[-77.30102963876983,39.121819407710404],[-77.30425802617846,39.12298616988358],[-77.30408872699984,39.12363534843331],[-77.30544753719158,39.12350483169811],[-77.30604002750329,39.12123269971361],[-77.30374573629594,39.11987078781448],[-77.30748342146076,39.12077757037076],[-77.30739724338048,39.11941452338329],[-77.30450753307753,39.11694948744491],[-77.30807582583839,39.11850542990656],[-77.30849894913094,39.11688247132432],[-77.3070525634019,39.113962338476874],[-77.30909287509063,39.11629796448066],[-77.30994224123351,39.11642731382766],[-77.31087459561805,39.114544427328376],[-77.31214861996865,39.11473843085126],[-77.31036854023525,39.118179623656],[-77.31155801616298,39.11869822652637],[-77.31028553684523,39.12019185479747],[-77.31139043082901,39.121035052726285],[-77.30960696628951,39.1211009606345],[-77.3090992162894,39.123048516961916],[-77.30995026661412,39.1248655059923],[-77.31122446954862,39.12505951937918],[-77.31249701484025,39.123565880065485],[-77.31309264151591,39.12466899280505],[-77.31496079339175,39.1242784381953],[-77.3159812048973,39.12544619272572],[-77.31691351849798,39.12356325760783],[-77.31869703686468,39.123497244870684],[-77.31954650430113,39.12362652879232],[-77.3182741029291,39.12512024026161],[-77.32005765829393,39.12505420798923],[-77.32073799088529,39.12583268414562],[-77.3219238991283,39.12297590939414],[-77.32319810088562,39.12316980001612],[-77.3207454154243,39.132583248726235],[-77.32006501951162,39.1318047715625],[-77.31981125073322,39.13277857330982],[-77.31666854309861,39.13297525659022],[-77.31684128273524,39.13570134536267],[-77.31582245524169,39.13622123879999],[-77.31616089946127,39.13492284635234],[-77.31531130591014,39.134793539010936],[-77.31370013322244,39.137585597502365],[-77.31471556248877,39.13369043467042],[-77.31140354239712,39.13453617913555],[-77.30860245668191,39.13680956516846],[-77.30843159386865,39.135771107603276],[-77.311317274409,39.13317313113783],[-77.31428906754175,39.131938134360645],[-77.31284382173823,39.130705701664155],[-77.31632660971819,39.13089836521268],[-77.31708978734117,39.12966462248482],[-77.31598469589511,39.1288214737579],[-77.31394720709422,39.129861236872856],[-77.31352075317393,39.12810893527058],[-77.31139698600369,39.127785611395545],[-77.3086807977666,39.12973440146799],[-77.30901775576446,39.12674838938397],[-77.30774352909458,39.12655435332041],[-77.30596143832018,39.128307849750634],[-77.30426244534732,39.12804909026287],[-77.30434857483698,39.12941214175246],[-77.30264956177673,39.12915336017239],[-77.30188756223309,39.13207465621712],[-77.30001913950916,39.13246501502565],[-77.29925564244833,39.133698653665455],[-77.2980660086855,39.13317993156682],[-77.29730378249627,39.136101201882255],[-77.29534926095158,39.13512843254829],[-77.29755522985748,39.13175215969887],[-77.29534672875494,39.131753146761966],[-77.29322415267622,39.13311715480016],[-77.29160980946226,39.13253363974892],[-77.29127093742342,39.13383196471847],[-77.28957186757647,39.13357300424275],[-77.29467536587975,39.142788039306076],[-77.29323145410572,39.14324302197337],[-77.29271949440222,39.14012758185989],[-77.28974472730903,39.13798677507445],[-77.28957639545477,39.14032358081013],[-77.28711339650066,39.14129816282439],[-77.28456658775231,39.144284919860596],[-77.28286729721731,39.14402586724215],[-77.2825291835633,39.14701181877287],[-77.28150900706159,39.14584378473663],[-77.28014973581415,39.14597404046636],[-77.28167761135026,39.14350698730205],[-77.28600952531279,39.14214239144553],[-77.28711232168142,39.13961051746333],[-77.2883867223062,39.13980476543249],[-77.28863982676977,39.13714338197757],[-77.28549684598548,39.13733927771503],[-77.28736439156214,39.13526149283323],[-77.28396622496076,39.134743441793624],[-77.28549477165134,39.133963990244744],[-77.28455947906312,39.132471407134815],[-77.28617376423874,39.133055013695504],[-77.28778698497572,39.131950956624806],[-77.28396422184139,39.13136815606065],[-77.28269095301985,39.132861505633635],[-77.28107670013686,39.13227785388854],[-77.28175763272633,39.13474418753671],[-77.28056902949642,39.135912941535594],[-77.28175858302649,39.13643183127987],[-77.28057087492127,39.139288230411395],[-77.27929561116156,39.13740625771126],[-77.27836127301954,39.13760127111571],[-77.27870039346207,39.13630298034862],[-77.27453828810512,39.13701818015412],[-77.2734328221104,39.13448700843086],[-77.27139456527779,39.135526075450294],[-77.27198966560702,39.1366293876011],[-77.27377354554035,39.136564019031226],[-77.27453907064675,39.13870582472242],[-77.2763229992953,39.13864041955824],[-77.2774286292727,39.141171567716384],[-77.27615423398348,39.14097720741484],[-77.27454063583916,39.14208111559095],[-77.27352217501907,39.14428830961379],[-77.27224773548413,39.14409390916296],[-77.2733533064356,39.14662509635834],[-77.26902023281428,39.14630160486848],[-77.2687657287723,39.14727530517881],[-77.26732156545002,39.147729987469255],[-77.2662167771425,39.14688639352016],[-77.2655374053668,39.14779526364372],[-77.26910637870145,39.14935233396935],[-77.26927671097512,39.15039084834767],[-77.27420528829147,39.15181763614044],[-77.27395083445457,39.152791348164506],[-77.27802991370092,39.15408838894947],[-77.28032572105103,39.1571384356158],[-77.27760589241296,39.15571125594421],[-77.27743542850745,39.15467275183162],[-77.27267624450664,39.15259695176506],[-77.27038227423321,39.15292206522667],[-77.26893735620854,39.151689117147846],[-77.26885316615066,39.15370133403764],[-77.2671537113053,39.15344206624853],[-77.26681430431024,39.15474033007642],[-77.27370018989843,39.162203317625305],[-77.27234059830693,39.16233348846184],[-77.27191495801489,39.16058103270755],[-77.26605000877133,39.15597377040228],[-77.26587970955714,39.15493525040624],[-77.26460510358649,39.15474077122421],[-77.2645207899076,39.15675298645376],[-77.26341642100986,39.15759701722645],[-77.26401158101218,39.15870037254483],[-77.26095248489351,39.158571084628704],[-77.26078271547188,39.159220208846826],[-77.26137832557784,39.162011229874295],[-77.26435324051084,39.16415272564051],[-77.2640986112759,39.165126420014914],[-77.26758478446331,39.170383415271345],[-77.27038982308767,39.17148624897921],[-77.26971027330664,39.172395146570125],[-77.27081549050811,39.17323871399283],[-77.26877545899437,39.17259008937987],[-77.26571461349955,39.169085605934555],[-77.26503390387577,39.166619167006466],[-77.26010360742296,39.16181670428409],[-77.25967826557815,39.160064206869926],[-77.25797909234743,39.161492465961636],[-77.2563644015306,39.16090849004424],[-77.25704363482403,39.15831201551281],[-77.25840317851222,39.1581820119512],[-77.26027203565293,39.15610462510069],[-77.26086620582807,39.153832693621496],[-77.26010137168022,39.15337844687294],[-77.26103596190477,39.1531835700172],[-77.26095061740673,39.15182048208948],[-77.26180031325494,39.151950161211396],[-77.26239440160658,39.14967822438748],[-77.26026978051107,39.14766637770013],[-77.25695761118986,39.153573622054154],[-77.25517329818936,39.15363874965312],[-77.25483367603127,39.15493698083687],[-77.2523694476823,39.15422322709744],[-77.2514353121088,39.15779334084554],[-77.24939588783566,39.15714440063448],[-77.24888627046143,39.15909172495154],[-77.24803651409997,39.158961957428616],[-77.24854651035551,39.16038994044334],[-77.24710195951619,39.16084438921298],[-77.24676215929613,39.162142600308215],[-77.24395791260922,39.162726889205516],[-77.24064374943448,39.161883100777295],[-77.24013386400162,39.16383039116655],[-77.24106864704171,39.165323317851254],[-77.23945400708315,39.16473912200122],[-77.23936908912535,39.161688362755896],[-77.23410050280573,39.16155836825834],[-77.23469524966113,39.16266186468586],[-77.2319759047875,39.16292133902259],[-77.23070077673557,39.16610181998935],[-77.22883109582482,39.16649111191095],[-77.22823552561046,39.170450552048884],[-77.22713052642511,39.17129426308242],[-77.22687537279764,39.172267882676955],[-77.2283199858356,39.173501324531856],[-77.22696010137318,39.173630999752696],[-77.22551479485881,39.17577285681415],[-77.22067016158135,39.175707254839864],[-77.22186082284976,39.172851406645464],[-77.22466526177705,39.173955271577256]],[[-77.23367562302892,39.161493434693355],[-77.232910878346,39.16103902006554],[-77.23282586575569,39.16136356321323],[-77.23367562302892,39.161493434693355]],[[-77.26757422818717,39.141693349650566],[-77.26765843976395,39.13968113858148],[-77.26553453860241,39.13935703075321],[-77.26485634379515,39.143641187797655],[-77.26757422818717,39.141693349650566]],[[-77.29321928618765,39.12636658814016],[-77.2924545389769,39.12591254286079],[-77.29236983360187,39.126237124304524],[-77.29321928618765,39.12636658814016]],[[-77.29466286251049,39.12591160716112],[-77.29432283378328,39.12552229821333],[-77.29423813721321,39.125846880904525],[-77.29466286251049,39.12591160716112]],[[-77.29075217267768,39.1205906805586],[-77.29041218982236,39.12020136132717],[-77.29032748198092,39.120525941013355],[-77.29075217267768,39.1205906805586]]],[[[-77.29902050857945,39.15829947597909],[-77.30343767123499,39.15660968101296],[-77.30335152658081,39.15524662134176],[-77.3078561854982,39.15660738026344],[-77.30819486723257,39.15530900407835],[-77.31142485909679,39.15647558811727],[-77.31482251952445,39.15530524066599],[-77.31321087279578,39.15809730456191],[-77.30513732968883,39.15686845326999],[-77.30403343136538,39.15771284454566],[-77.29902050857945,39.15829947597909]]],[[[-77.29758422667703,39.168880431040286],[-77.2920583642086,39.16635134416897],[-77.29333202775646,39.16485788840443],[-77.2947776222378,39.16609055647952],[-77.29707189932847,39.16576499226832],[-77.2985175753854,39.166997617125915],[-77.29758422667703,39.168880431040286]]],[[[-77.29674336286932,39.180564597051806],[-77.29928822660841,39.17420225254265],[-77.29707843380399,39.174203270378634],[-77.29486989663107,39.175891906437656],[-77.29274481435327,39.17556826084188],[-77.29198074019834,39.1768018658564],[-77.29095999284607,39.17563390204412],[-77.28628700409489,39.17829700322497],[-77.28662617291077,39.17699867983838],[-77.29002519391707,39.175829004625676],[-77.2897697310073,39.17511509607704],[-77.28356527243595,39.17518228956724],[-77.28373487542687,39.174533132087355],[-77.28645446989991,39.174272525853475],[-77.28636862323144,39.172909449368575],[-77.28738925837993,39.17407745016108],[-77.2939338709312,39.17439938085596],[-77.2946143858453,39.17517800782617],[-77.29826739822602,39.17303434932547],[-77.30260219795072,39.17335682374637],[-77.30192303408853,39.174265897568816],[-77.30319808285172,39.17445999517897],[-77.30438547597886,39.17160335916792],[-77.29945496208688,39.17017776123642],[-77.29817866600693,39.168295970143255],[-77.30497988284091,39.17101886544159],[-77.30803489642078,39.1660841060667],[-77.31058474600123,39.16647216230408],[-77.31262164235379,39.16374479294604],[-77.31169034794367,39.16731536553706],[-77.31084038321042,39.167186026790084],[-77.31084363715031,39.17056133691119],[-77.30684927134715,39.17062842898705],[-77.3065120204139,39.17361446220887],[-77.30404958830326,39.17627704383656],[-77.2997146077302,39.17595461963281],[-77.30065077236848,39.177447102225464],[-77.29963397594868,39.18134218571329],[-77.29810458321252,39.18212181873468],[-77.29682941345865,39.1819276686128],[-77.29674336286932,39.180564597051806]]],[[[-77.24999231582048,39.170061399718634],[-77.2545799077055,39.16097360923284],[-77.25789419130561,39.161817026258234],[-77.25857420164081,39.16259584818996],[-77.2576398735516,39.164478360556465],[-77.25679003848549,39.16434865267716],[-77.25662095082541,39.16837308142706],[-77.25466610569708,39.167399666340835],[-77.251097268295,39.170905141840805],[-77.24999231582048,39.170061399718634]]],[[[-77.2595959861458,39.17051469382144],[-77.26044635364603,39.172332039123674],[-77.25713118209437,39.16980103207667],[-77.25696097804854,39.16876249685969],[-77.2595959861458,39.17051469382144]]],[[[-77.2506723186048,39.17084026619362],[-77.25016263931218,39.17278760136331],[-77.24803801424117,39.17415084963881],[-77.2481228050975,39.17213863823381],[-77.2506723186048,39.17084026619362]]],[[[-77.31688467912122,38.85257338403506],[-77.31697071913749,38.85393636827906],[-77.31392431890205,38.85380838901963],[-77.31434577560469,38.85218547669468],[-77.31688467912122,38.85257338403506]]],[[[-77.29752185366203,38.87121194031232],[-77.29904472819211,38.87043235495681],[-77.30065332515314,38.871015749192836],[-77.30031720687185,38.8740016173912],[-77.30141825293033,38.874844871141974],[-77.29981093026822,38.87594905967431],[-77.2998966785369,38.8773120594508],[-77.29693242872737,38.87517151505424],[-77.29650787428518,38.87341922615792],[-77.29566263306606,38.87497736294117],[-77.29422279816765,38.873744764362286],[-77.29202211583947,38.87374569227784],[-77.29362828616857,38.87095403254901],[-77.29752185366203,38.87121194031232]]],[[[-77.28990472117827,38.87173444170367],[-77.28931039092704,38.8689436898408],[-77.28770193051064,38.86836014851372],[-77.28719321060926,38.86693239407412],[-77.28406087825033,38.86544067347108],[-77.2836386705425,38.86706348515025],[-77.28490829628282,38.867257760279195],[-77.2837241059052,38.86842649466363],[-77.28770518407664,38.87342286565766],[-77.28592775781435,38.87348843133261],[-77.28601324352358,38.8748514403001],[-77.2832203667491,38.87543658630732],[-77.28406888050894,38.87894125486633],[-77.2823757792606,38.878682206643354],[-77.28034480502586,38.8797213775201],[-77.28102335277853,38.882187614959804],[-77.27763703311864,38.881669411977946],[-77.27577409279763,38.88037181622401],[-77.27594226676352,38.87803512730646],[-77.2781422156054,38.87634691121102],[-77.28093516804205,38.8757618795805],[-77.28127302419115,38.874463636366215],[-77.28296602350888,38.87472269952376],[-77.28558895349866,38.87309911407573],[-77.28406487900902,38.8721909614731],[-77.28440266285122,38.87089271027764],[-77.28177789118897,38.869141125359725],[-77.2824544629617,38.86823220737512],[-77.28152170136326,38.86505209292737],[-77.27898255155309,38.8646634603702],[-77.27491886441837,38.8616789408376],[-77.27458095435232,38.86297716478062],[-77.27060410012582,38.86473066083012],[-77.27348266349891,38.86719638757798],[-77.27585534523179,38.873296964300536],[-77.26916554666445,38.865185343864695],[-77.27034991782025,38.86401674905903],[-77.26332505957318,38.8622657436295],[-77.26180197373195,38.86304488923312],[-77.26451111913262,38.86615991835211],[-77.26451221406438,38.86953506221303],[-77.26578240875722,38.87141710582409],[-77.26476746524477,38.87362413189929],[-77.26933851176301,38.87466167273638],[-77.26840815338014,38.876544176605336],[-77.27162515220628,38.877711740393295],[-77.26959405172516,38.87875073496941],[-77.27221887664437,38.8805025799422],[-77.27196534367768,38.881476244609914],[-77.27061098679451,38.88160639046828],[-77.26942699533932,38.88446256529288],[-77.2710356648291,38.88504634493957],[-77.27382900777485,38.88446147284544],[-77.27535321133946,38.88536975266689],[-77.27349097263456,38.885759697329796],[-77.27306841176956,38.88738247692944],[-77.27527189668085,38.89244461465376],[-77.27264730420389,38.89238040848402],[-77.27095184080902,38.88705847485882],[-77.27010521769564,38.88692886391438],[-77.26875140194507,38.888746565507276],[-77.26900435148593,38.88608533077807],[-77.263586004924,38.88491812073101],[-77.26620973369111,38.883294943490235],[-77.26553167700453,38.880828624649176],[-77.26807068835485,38.87952995914219],[-77.26739321798371,38.87875122553347],[-77.26586983106942,38.87953042265462],[-77.26502274507125,38.87771320304563],[-77.26713901822981,38.87803730599444],[-77.26790038035868,38.87680391514104],[-77.26552996356538,38.875765902596385],[-77.26383753393999,38.877194174848285],[-77.26417408219423,38.870833258955905],[-77.26298898899408,38.87031422306778],[-77.26332713956592,38.869016029637876],[-77.2607024828161,38.86557642709289],[-77.260447941199,38.8631749237496],[-77.25706265125113,38.86265615980425],[-77.25511764899187,38.87012065825139],[-77.25571136684712,38.87628672092552],[-77.25469605049585,38.878493665786806],[-77.25274928232497,38.879207841401445],[-77.25630447018673,38.879077636193955],[-77.25816703068442,38.88037552436693],[-77.25325741301187,38.88063573923376],[-77.25393505244753,38.88310212514701],[-77.25605143278995,38.8834264176336],[-77.2546124194334,38.883880932724296],[-77.25495143452741,38.885957910603445],[-77.25368156288127,38.88576332811638],[-77.25334316273074,38.88706149783121],[-77.25376675851162,38.88881393731716],[-77.25529080299759,38.88972246431557],[-77.25393626306574,38.88985242809293],[-77.25292070389634,38.892059362065574],[-77.25224248858932,38.88621781582207],[-77.25317338812471,38.88433543113294],[-77.25097215161807,38.88264805497635],[-77.24834879975081,38.89102121346912],[-77.24682495263744,38.89180017765575],[-77.24707900134793,38.892514140046956],[-77.24572439487103,38.89264401413278],[-77.24809457642505,38.88861967744514],[-77.2480097839045,38.88725664015747],[-77.24657064474279,38.88771106209469],[-77.24834810674324,38.88427090950995],[-77.2474167800347,38.88277810727768],[-77.24877120008523,38.88264821485676],[-77.24927888722208,38.88070097978919],[-77.25097168363098,38.87927290576269],[-77.25224143493467,38.87946751585973],[-77.25308765658431,38.87790967454736],[-77.25325655230358,38.87557301717091],[-77.2513942020082,38.87427505595352],[-77.25359460594319,38.87258727641928],[-77.25308595893605,38.86778423676263],[-77.25520089506124,38.86304582860717],[-77.25503143482959,38.86200734288745],[-77.25308482743259,38.86103395158664],[-77.25283055265646,38.85863243385933],[-77.24919157591155,38.85739950746487],[-77.24741496058554,38.86252723197364],[-77.24453771843471,38.865123613961956],[-77.24462250720003,38.868174221889205],[-77.2430991496244,38.87064071048827],[-77.24453805832083,38.87187390240534],[-77.24276067501296,38.87362642190219],[-77.24445360086692,38.87557358448202],[-77.24157572169827,38.87648232780982],[-77.2389516452181,38.87979255639911],[-77.24191435501936,38.88024691376411],[-77.24089856492044,38.88076617187471],[-77.24115252367751,38.88316772033782],[-77.2403059857967,38.884725481138055],[-77.23912083670805,38.884206216146175],[-77.23835891010522,38.885439431246624],[-77.23598852033129,38.88608842813266],[-77.23548031567856,38.889723186270196],[-77.2337871368644,38.889463473969855],[-77.2330252466681,38.88900908063038],[-77.23446464425443,38.886867239889696],[-77.23336419166465,38.88602339027726],[-77.23438025901147,38.883816618214155],[-77.23573472159372,38.88368686823747],[-77.23556561360098,38.8809607785905],[-77.23835908444772,38.880376706201474],[-77.2380205682422,38.878299684379755],[-77.23945960747302,38.87615778842474],[-77.24089856281478,38.87570344968943],[-77.24106784424559,38.873366809558725],[-77.24259136745228,38.872587917893],[-77.24182957652815,38.87044600693438],[-77.24267587412423,38.867200666372185],[-77.23996758162767,38.867460302726265],[-77.23962902218804,38.86875843213708],[-77.23615885590712,38.87025120127655],[-77.23192643525277,38.87466462037135],[-77.2309957963221,38.871484123633095],[-77.23235003572505,38.871354410834876],[-77.23277341028042,38.869731773326265],[-77.2351431641244,38.870770411595906],[-77.23590499178268,38.8695372184348],[-77.23522795803375,38.86875830997241],[-77.23649748409117,38.868953081120104],[-77.23785173651703,38.86713573623113],[-77.24216804441653,38.86577272744252],[-77.24589158291649,38.86161861109805],[-77.2469066511762,38.856036602727265],[-77.24496031172927,38.8550630844534],[-77.24394496550177,38.857269935761565],[-77.23802129348525,38.85973638995224],[-77.23709031681895,38.86161865532858],[-77.23387441977484,38.86213776810291],[-77.23658263542778,38.860190694432895],[-77.23607497392815,38.8587627316908],[-77.24259100841407,38.857399775057424],[-77.2440295007484,38.855257831259905],[-77.24199858034211,38.852921231994166],[-77.2386138979413,38.85240196462582],[-77.23726010530679,38.85084417673283],[-77.23683722027836,38.84740412045548],[-77.23616038211628,38.84662521905024],[-77.23226834568702,38.84636538417374],[-77.23302996694673,38.84513221211352],[-77.23057666177061,38.84273049433572],[-77.22803856131273,38.842340818891],[-77.22566912913206,38.84467718255501],[-77.22363869313044,38.84402785236412],[-77.22059193359293,38.847272713774444],[-77.22177723412344,38.84441701813203],[-77.22042394953453,38.84285904766307],[-77.22135511691748,38.84097691148482],[-77.2185640520579,38.83818546474467],[-77.21611088414431,38.83747102834525],[-77.21391004851358,38.84084570212354],[-77.21467252893889,38.83792507729226],[-77.21264237891829,38.83727556734401],[-77.21365776430764,38.83675654341708],[-77.22211730048123,38.83805624079407],[-77.22253901247818,38.8431839108418],[-77.22321608176122,38.842275319130984],[-77.22516178941731,38.843249177586806],[-77.22795419756886,38.84097777523133],[-77.23015389115015,38.840977985024],[-77.23074596315332,38.84208144400019],[-77.23556831394335,38.843834217856916],[-77.23641427205933,38.84565163161682],[-77.23996785266232,38.8455218955118],[-77.24182926498507,38.846820024155484],[-77.24462137744341,38.84623581291319],[-77.24563677028227,38.84740409426368],[-77.24665192789351,38.84519723152515],[-77.25130525578922,38.844223330201544],[-77.25578972511711,38.845585906586976],[-77.25993537673088,38.84487136693049],[-77.2632353521265,38.845714598912195],[-77.2634888773191,38.84474095612718],[-77.26433499874716,38.84487061162845],[-77.26416598993737,38.8455197080281],[-77.26653540385716,38.846557743064366],[-77.26662049541252,38.84792076116965],[-77.26467410942575,38.84694755348954],[-77.26154357519334,38.84714283489924],[-77.26128954293766,38.84642890596579],[-77.2573128911209,38.846494404126986],[-77.25663620765451,38.84740318256425],[-77.25172855367614,38.84597576790318],[-77.24893650813631,38.846560139312395],[-77.24614453997575,38.848832015996216],[-77.24199850184523,38.847858526140165],[-77.243437061176,38.8524668650052],[-77.24546780206464,38.851428302309756],[-77.25266031743122,38.85253123695361],[-77.25308369613867,38.854283671642456],[-77.25435301779247,38.854478259536755],[-77.25460732823669,38.85687977300421],[-77.25782363065048,38.8597352625543],[-77.26078564275589,38.86018916772012],[-77.26146239318778,38.85928036531209],[-77.27077171138174,38.860706412579795],[-77.27237913775886,38.85960260268977],[-77.2745793932862,38.85960202359353],[-77.2753396388669,38.85668101983627],[-77.27872215216487,38.85213657620028],[-77.28210710762258,38.85265474776683],[-77.28337549426787,38.85116146951522],[-77.28557549491349,38.851160695152046],[-77.2858287406618,38.85018700608727],[-77.2865061424983,38.850965636328304],[-77.29090613184752,38.85096393734921],[-77.28735345321125,38.85278270340977],[-77.28481469968328,38.85239419090169],[-77.28049998176608,38.85375868298405],[-77.28066978565279,38.85479713285865],[-77.27923149102186,38.85525193223097],[-77.27652542387357,38.85888750674535],[-77.27627202361901,38.8598611777448],[-77.27821890928772,38.86083420460902],[-77.27838869715879,38.86187265844583],[-77.28380556748432,38.863039218220244],[-77.2866000822111,38.86582920200045],[-77.28939031671014,38.86186883865414],[-77.29243581671798,38.86030985085626],[-77.29531368337022,38.86108749857113],[-77.29641319041234,38.86024322512932],[-77.29920132741408,38.85459507412543],[-77.30080818846172,38.85349089623685],[-77.30089392895901,38.85485389176671],[-77.29996327024293,38.855049058752854],[-77.29717517491837,38.860697227194755],[-77.29463733828138,38.861996486002326],[-77.29302898852767,38.86141301429067],[-77.29167621845282,38.863230960681626],[-77.28879941574993,38.864140799165824],[-77.28880052557062,38.865828370370814],[-77.29979864804415,38.86076091380521],[-77.30064363599236,38.85920275140063],[-77.30419776207172,38.8590711726665],[-77.30597331296629,38.85731777536985],[-77.30868099283022,38.857056696793556],[-77.31003642684482,38.85861370489198],[-77.31189777636331,38.85822321244687],[-77.31156217770804,38.86120910667625],[-77.30800640622665,38.85965332656141],[-77.30512994860644,38.860563543793546],[-77.30436938617224,38.86179716091372],[-77.30140703759514,38.86134429759981],[-77.30191599691956,38.862771992745394],[-77.30538595329152,38.862964954359846],[-77.30513292442026,38.86393868479475],[-77.30733484940454,38.86562509503218],[-77.30606670198655,38.86711862099818],[-77.3079298427763,38.868415759312704],[-77.30691468816738,38.86893555762114],[-77.3081000716503,38.86945417330017],[-77.30691621753817,38.870623129578355],[-77.30226052624967,38.86991155038161],[-77.30479850259293,38.86861213424605],[-77.30361315630019,38.86809348703699],[-77.30471267288871,38.86724913926622],[-77.3041192767391,38.86614603102763],[-77.3050500660247,38.86595083257465],[-77.3036102506945,38.864718344375135],[-77.30259511677916,38.86523810707271],[-77.30022458216936,38.864200759604394],[-77.30013884319378,38.86283776215733],[-77.29844605892514,38.862578933963455],[-77.29683896173421,38.86368308235886],[-77.29413099330687,38.86394390233597],[-77.29328581116086,38.86550202117353],[-77.29150858308844,38.86556766682848],[-77.29074773788417,38.86680120103867],[-77.2926105978904,38.86809856961489],[-77.29015569797384,38.86738559749474],[-77.29007242215116,38.869397736043176],[-77.29312064199884,38.87121387423385],[-77.29286742060866,38.87218758055314],[-77.28990472117827,38.87173444170367]],[[-77.30140703759514,38.86134429759981],[-77.30064501996588,38.860890321525766],[-77.3005606590489,38.861214895077644],[-77.30140703759514,38.86134429759981]],[[-77.28897047584633,38.866866810301275],[-77.28846284353976,38.86712663278094],[-77.28888605602046,38.86719137612672],[-77.28897047584633,38.866866810301275]],[[-77.28897047584633,38.866866810301275],[-77.28947810453349,38.86660698574997],[-77.2890548949203,38.86654224443057],[-77.28897047584633,38.866866810301275]],[[-77.27348039810556,38.862133673803456],[-77.27314171305936,38.861744323037065],[-77.27305722868215,38.86206887788179],[-77.27348039810556,38.862133673803456]]],[[[-77.28703076758991,38.8777069596939],[-77.28668981548556,38.873942498579346],[-77.28804400120279,38.87381217714386],[-77.28931263443091,38.87231883447057],[-77.29142885889046,38.872642522435434],[-77.28965258469326,38.87439571440563],[-77.29083793412642,38.8749144955349],[-77.2905858207194,38.87757577114336],[-77.28813062134874,38.87686275810809],[-77.28703076758991,38.8777069596939]]],[[[-77.29761646683755,38.9927181146348],[-77.29914729060822,38.998688919676034],[-77.29745134886512,38.998430073107166],[-77.29753325389822,38.99473029270152],[-77.29515857234917,38.99369283004162],[-77.29617555165204,38.99317311916372],[-77.29617298606578,38.9897979188477],[-77.29312093407651,38.989669425796144],[-77.29235643000116,38.98752779151464],[-77.29100013562739,38.98765816208831],[-77.29125378385334,38.9866844442558],[-77.288370993125,38.98590668905376],[-77.28828533278124,38.98454366106394],[-77.28557283583497,38.98480429830206],[-77.28548722920259,38.98344126861266],[-77.28379169143916,38.98318223604492],[-77.28557594646166,38.989867095812684],[-77.28667857502874,38.9907104939267],[-77.28413601601066,38.99200956055156],[-77.28489828262194,38.990776045911616],[-77.28277476332988,38.98370184465519],[-77.28124934393479,38.98448124202512],[-77.2803160597368,38.982988666507936],[-77.27734892725016,38.98253522072531],[-77.27989127639187,38.981236295029554],[-77.27904177107513,38.97773154911603],[-77.28124559817262,38.97773085166412],[-77.28192318615793,38.976821923327634],[-77.27793856801573,38.9752004885301],[-77.27742929282202,38.973772673620466],[-77.27437872311795,38.97533131595519],[-77.27183576375263,38.97494253127303],[-77.27132661009708,38.97351469137717],[-77.27268267610353,38.97338453606612],[-77.27352955219392,38.97182653544406],[-77.26827464944728,38.971697992232954],[-77.26666468495539,38.972801765210335],[-77.26556255967381,38.971958191635906],[-77.26420704870178,38.97377586471695],[-77.26208800459912,38.97345170748455],[-77.26480238245044,38.97994197006171],[-77.26370017061808,38.97909837903791],[-77.2622593131453,38.97955298887662],[-77.26234298605503,38.97585324273568],[-77.26056257854509,38.97423084937309],[-77.25852862633128,38.97526967619787],[-77.25615513602729,38.97423147056797],[-77.25395202154046,38.97760691525927],[-77.25268055329599,38.97741232008102],[-77.25107022588105,38.978515891678164],[-77.24886637483927,38.978516053276564],[-77.24869673611566,38.977477542893745],[-77.24700146838849,38.97721800797922],[-77.24640805046043,38.97611460733717],[-77.24395003124619,38.97708830613534],[-77.24683172101332,38.974491898990586],[-77.24539042993213,38.9681959314282],[-77.246492134009,38.96735208920852],[-77.2462377053348,38.96495052446986],[-77.24886489128244,38.96501529041855],[-77.25225435567056,38.96215909852331],[-77.25420365646718,38.963132515731864],[-77.25403367220487,38.96040642231348],[-77.25267754086852,38.95884878125025],[-77.25386339939911,38.95599273811582],[-77.25759166051499,38.95521340326268],[-77.25488047158558,38.95716096006363],[-77.25428771994777,38.95943278408433],[-77.25471175963835,38.961185237419315],[-77.2558982733264,38.9617043586867],[-77.25488144621102,38.962223737055936],[-77.25530551645627,38.96397618907821],[-77.252424009452,38.9631976016686],[-77.25200052931912,38.9648203263737],[-77.24878017878136,38.96533983310151],[-77.2487803622325,38.967027427053274],[-77.24835660494388,38.966962545882005],[-77.24767868960011,38.96787128954826],[-77.24674644317354,38.968066059643704],[-77.2464075366464,38.96936422492313],[-77.24793317603412,38.97027285237247],[-77.2470013261631,38.975530411453846],[-77.2544602325036,38.975659633779564],[-77.25581602199452,38.973842066657724],[-77.2580197314728,38.973841781649156],[-77.25835845171609,38.97254358379633],[-77.25979963376896,38.97377661534905],[-77.26691800293798,38.970140504243695],[-77.26649302300633,38.96670049608829],[-77.26827210766821,38.964947614538595],[-77.26742396761071,38.96313039058073],[-77.26928887727352,38.96442812622856],[-77.26751044753337,38.96786861632366],[-77.26835864496675,38.96968584096426],[-77.27149514209015,38.97117797907604],[-77.27471558870805,38.97065788238145],[-77.27463176782393,38.97267003824092],[-77.27581861081708,38.97318896988782],[-77.27666541749883,38.9716309479116],[-77.27564779344195,38.970462902091626],[-77.27963120231796,38.97039681420516],[-77.27878271514838,38.968579666436725],[-77.27903646033347,38.96760597639421],[-77.28081619126776,38.96754050871827],[-77.28081526502325,38.96585291478157],[-77.2853077807726,38.96721444402725],[-77.28615431481428,38.96565635869312],[-77.28742566710685,38.96585061057114],[-77.28632340648761,38.9650072222737],[-77.2870853532425,38.963773699251675],[-77.28555832529855,38.96117796137443],[-77.28589649545265,38.95987969084544],[-77.28462525152909,38.95968542347046],[-77.28614801561282,38.95553080440544],[-77.28589232003087,38.95312932533286],[-77.28385732574242,38.950793383218986],[-77.28080693075505,38.95066458811134],[-77.28105965474091,38.948003306911666],[-77.27877216853875,38.94832856340906],[-77.27826306497225,38.94690075753351],[-77.27538278840362,38.947810294361865],[-77.27470382011164,38.945344004779066],[-77.27334828000565,38.94547418164702],[-77.27029676220833,38.94196995146098],[-77.26775498984854,38.94158108503367],[-77.26529842204685,38.94255520172689],[-77.26555225686093,38.94158154292702],[-77.26301052340564,38.94119257930176],[-77.26199354383778,38.94002442666186],[-77.26173773197999,38.93424772994232],[-77.26029729945982,38.9330147279146],[-77.25767125791864,38.93295020433083],[-77.25877228641603,38.93210625733505],[-77.2583483183382,38.93035382508838],[-77.26021222682724,38.931651691103994],[-77.26343100594336,38.93113189019121],[-77.26393863908288,38.929184582925735],[-77.26275259794349,38.92866554093559],[-77.26393756983781,38.92580941362609],[-77.26300539236276,38.92431672058863],[-77.26478352558082,38.92256389953533],[-77.26376624711145,38.9197081813397],[-77.26130941642822,38.91730705066474],[-77.25842969162156,38.91652860778251],[-77.25749774580959,38.915035875196864],[-77.25292461352396,38.915685474164064],[-77.25377124135284,38.91412762107339],[-77.25199253357867,38.91250511887189],[-77.25097636545368,38.91302446168819],[-77.24682660877791,38.91205112592166],[-77.24640330131469,38.91367381997092],[-77.24420133501062,38.91198631731453],[-77.24606428058635,38.909909230491095],[-77.24792728345945,38.90951969671822],[-77.25080661891242,38.9102983827853],[-77.25182300402132,38.91146662244445],[-77.25360138763808,38.91140154560415],[-77.25580355403454,38.91308888118912],[-77.25622664867605,38.911466155180776],[-77.25478675996553,38.910233092920336],[-77.25597174434208,38.90737704872031],[-77.25537875949752,38.906273701781544],[-77.25233001378488,38.90445662750916],[-77.24978964632726,38.90406739490625],[-77.24801160384466,38.90581999668646],[-77.24470917082375,38.906663932953016],[-77.24208409309767,38.906599079561296],[-77.2397977580887,38.905236035612994],[-77.23725734678725,38.90653412601664],[-77.23564847357447,38.90594990642914],[-77.23505567353048,38.90653404234643],[-77.23285418594521,38.90484633975408],[-77.2322613724749,38.9054304622277],[-77.23031390902253,38.90445670807729],[-77.22946689195527,38.90601439899595],[-77.22819673879005,38.90581955493013],[-77.22751914099042,38.90672818073471],[-77.22709607250142,38.9049756476591],[-77.2285356742055,38.9045214508517],[-77.22794312818651,38.903417973145714],[-77.22972133659337,38.90335323887952],[-77.23006023336617,38.90205513104415],[-77.23463242485242,38.90478153503694],[-77.23785019909636,38.90426239986915],[-77.23827364239291,38.90263973700553],[-77.24123727717841,38.90309411185802],[-77.2425921259135,38.90465186605673],[-77.24479374228271,38.904651815896656],[-77.24504781590576,38.905365783612275],[-77.24826519897786,38.901471219533356],[-77.25639408268229,38.902379164429995],[-77.25580182401823,38.90465097865879],[-77.2598666849835,38.90594856069812],[-77.25749697523086,38.91166071222396],[-77.25809043504721,38.91445163134632],[-77.26300282773298,38.91587880571355],[-77.2633422310442,38.91795576909841],[-77.26647699098544,38.921135606141185],[-77.26453029509118,38.925225138155625],[-77.26664794676427,38.925549251466165],[-77.265208167191,38.926003892037954],[-77.26427704609311,38.92788637721493],[-77.26495494025751,38.928665132762355],[-77.26393917374259,38.930872168156846],[-77.26546422539985,38.93178057505018],[-77.26521042357417,38.93275423234575],[-77.26283873296471,38.93340374669758],[-77.26216081731833,38.932624979078646],[-77.26080549157585,38.93275501865306],[-77.26419514839468,38.93664885763921],[-77.2630946292093,38.93918044047014],[-77.26368799898223,38.94028375538032],[-77.27004163707012,38.939568444378445],[-77.27385498328465,38.94183924178661],[-77.27394032323154,38.94320227115324],[-77.27673753690048,38.94599250611075],[-77.27995683200048,38.94547227528631],[-77.27995773808694,38.94715986424713],[-77.28199155239791,38.94780827960909],[-77.2825007354356,38.9492360703662],[-77.28538097947421,38.948326368090214],[-77.2869911880673,38.948909945587715],[-77.28555210938046,38.951052413651766],[-77.28817992526515,38.952803937319956],[-77.28750480125824,38.95708807878176],[-77.2863191911819,38.95825685173378],[-77.2909803771652,38.95896903800458],[-77.2912339256865,38.95799532440294],[-77.2899627004286,38.95780111176848],[-77.29080670989546,38.95286781511205],[-77.29004380033571,38.9524137684767],[-77.29215997833161,38.949362267341236],[-77.29164942783929,38.94624692716396],[-77.29046291122833,38.94572814896861],[-77.29266576943519,38.9457272487132],[-77.29198505028494,38.94157346655945],[-77.29012032153027,38.94027607632743],[-77.28876490335693,38.94040642156456],[-77.28859367818679,38.93768038452922],[-77.28723723089,38.9361231263463],[-77.28554278874478,38.93586411948085],[-77.28520472382168,38.93716238460805],[-77.28384935481304,38.93729267607497],[-77.28028954652098,38.93404849944223],[-77.28206845613188,38.933983014113956],[-77.28300114813064,38.93547556579765],[-77.2874907499143,38.935149423550875],[-77.28969555141262,38.938523749356776],[-77.29215284535091,38.93923673706659],[-77.29486236970041,38.937288370892695],[-77.29257408339801,38.93592629481893],[-77.29214927960449,38.934173977309506],[-77.29545114500921,38.9316411888451],[-77.29307855049794,38.93060369598258],[-77.29231466776096,38.928462079867884],[-77.2880789854991,38.92781469341634],[-77.28833136444018,38.925153405862595],[-77.28680616636571,38.92424528099345],[-77.28663505250947,38.921519247281985],[-77.28273592356567,38.916198248144525],[-77.27579026804048,38.9141233747368],[-77.27638280311035,38.91353904353195],[-77.27485799722699,38.912630773125116],[-77.27443375550773,38.9108784004577],[-77.2717239523112,38.91113873227533],[-77.2707065613073,38.90828307532523],[-77.26782709283849,38.907504851603214],[-77.26740305011364,38.905752456051864],[-77.26537053988397,38.905103805226275],[-77.26198228804081,38.90121001472055],[-77.26359126769597,38.901793892207486],[-77.26460718922148,38.90127444676824],[-77.26469065299123,38.89757473936007],[-77.2655373901883,38.8977043874592],[-77.26748576039931,38.9003651658533],[-77.2663013415169,38.90322131749997],[-77.27240030908389,38.90854228391463],[-77.27248558279871,38.909905308145774],[-77.27553425613686,38.91003430716482],[-77.27570492754536,38.91276035202827],[-77.27799217054203,38.914122735047776],[-77.27926260153535,38.91431706916026],[-77.28044760960431,38.91314837074905],[-77.28392090650732,38.91502951625074],[-77.28552933246698,38.91392552839899],[-77.28713878172903,38.9145091012265],[-77.28739222683788,38.91353540147087],[-77.28671423361014,38.912756770160755],[-77.28764458139447,38.910874120374544],[-77.2865431501832,38.91003074047061],[-77.28738791546323,38.906785079041576],[-77.28509970243287,38.90373529123888],[-77.28645338879004,38.901917407693716],[-77.28603102296498,38.903540234756676],[-77.28933620377406,38.907757936796045],[-77.28789691751135,38.90821283968877],[-77.28772905738049,38.91054955364304],[-77.28933844966956,38.91113309766066],[-77.28840924385945,38.91470334163427],[-77.28519136913332,38.91522378964178],[-77.28493788872626,38.91619748511513],[-77.28612388489938,38.916716314060665],[-77.2866339920177,38.919831664328285],[-77.2893451886051,38.92125858922678],[-77.28892500224877,38.92625659788223],[-77.29324507140127,38.9265793841233],[-77.2940089617515,38.92872099395867],[-77.3015475911016,38.92852281329292],[-77.30247632912011,38.92495246432017],[-77.30111842588526,38.92170777744918],[-77.30179524460863,38.92079874789205],[-77.30043882946438,38.91924163767248],[-77.30162357782056,38.91807273615277],[-77.2993357688011,38.91671078837088],[-77.300859575252,38.91593117628348],[-77.29958769796073,38.91404948187772],[-77.30000982267565,38.912426606436796],[-77.29916285302575,38.91229719355605],[-77.30009287317547,38.91041445049508],[-77.3005191115655,38.913854316303095],[-77.30162076241812,38.91469757246762],[-77.30136890530554,38.917358883318535],[-77.3028941407296,38.91826682823938],[-77.30196409272322,38.9201495942604],[-77.30349374749211,38.92612028252469],[-77.30231032208826,38.92897678766641],[-77.30476593653842,38.9280019398981],[-77.30917216292397,38.929687176883455],[-77.30984895527199,38.92877810239424],[-77.30815304437002,38.92683182038354],[-77.3072214852422,38.92702704363858],[-77.30713554134073,38.925664040292354],[-77.31331536218549,38.922220508308456],[-77.31466697772615,38.91871472997623],[-77.31602194579756,38.91858410209497],[-77.31602020443354,38.91689652013254],[-77.31898309336513,38.915661455511696],[-77.31601672194759,38.91352135733715],[-77.31669152188088,38.91092466683938],[-77.30966262026948,38.91086385896661],[-77.30991575159483,38.90989011366515],[-77.3128801274112,38.91034277622349],[-77.3144036556599,38.90956299835379],[-77.31770719191567,38.91040478573661],[-77.31880176702708,38.90449756983537],[-77.3170236106139,38.90456358175608],[-77.31608713228333,38.89969613540825],[-77.31456212125175,38.898788354959024],[-77.31159820514407,38.898335733291475],[-77.30999051849679,38.89944005703527],[-77.30804217685736,38.89846752489975],[-77.30440174823903,38.898923792151194],[-77.30304568466943,38.897366714869975],[-77.29796493004459,38.896590276783996],[-77.29737008827978,38.893799555148625],[-77.29474293174447,38.89036066356651],[-77.2913561346695,38.889842834908094],[-77.29067947327029,38.89075180385871],[-77.28949386730662,38.89023302021372],[-77.29076275673505,38.888739659725616],[-77.29372615298347,38.889192778985255],[-77.29448718158461,38.88795922317438],[-77.29491177215355,38.88971152208235],[-77.29812977695731,38.890878399721],[-77.29889478064614,38.894707546499],[-77.29999612317188,38.89555081502083],[-77.30854995770943,38.89820762122683],[-77.311173162966,38.89658348967982],[-77.31286678255867,38.89684214505647],[-77.31634013893198,38.89872237839136],[-77.31532289726826,38.89755466977366],[-77.31548811393014,38.89353034556239],[-77.3105745860567,38.890417678507234],[-77.30972625858934,38.88860076223062],[-77.30616918955945,38.887044924343094],[-77.30684562328979,38.88613587126457],[-77.30930131821805,38.886848514329],[-77.31336949655986,38.89151949113868],[-77.31557071541674,38.891518184134746],[-77.31650355006262,38.89301047547291],[-77.31836574368782,38.89261988426456],[-77.31700773545305,38.8893753849897],[-77.3172589246263,38.88671405192162],[-77.31581849250361,38.885481702533305],[-77.31776302876607,38.883078961188424],[-77.31530737812682,38.88236648609916],[-77.31395138965749,38.88080953131534],[-77.3157289692008,38.88074356365698],[-77.31759263035829,38.8820405587903],[-77.31886080121811,38.88054691223081],[-77.32072266369632,38.88015628621131],[-77.31978807953067,38.87697645558174],[-77.32080325431797,38.876456551323365],[-77.32156929803332,38.88028555129681],[-77.31860789136174,38.881520672198],[-77.3190330244603,38.88327288704311],[-77.3177665906895,38.88645411087926],[-77.31954977151179,38.89145081550008],[-77.31912820359042,38.89307375307396],[-77.31709735252726,38.89411352797689],[-77.31633839067196,38.89703480077461],[-77.31769473216075,38.898591732568796],[-77.32175286167538,38.89313697510294],[-77.32420700796085,38.89216174696329],[-77.32462845747355,38.89053879230385],[-77.32835261127491,38.88975733806578],[-77.32851912067477,38.887420575486196],[-77.32995567909377,38.88527762733714],[-77.33122574554926,38.88547142830969],[-77.3313079033102,38.8834592584247],[-77.33367735735527,38.88280843919615],[-77.33265793423587,38.87995330136763],[-77.3339279150774,38.88014707452566],[-77.33468816859984,38.8789132733651],[-77.33773565475296,38.879040742426504],[-77.33721918611307,38.87255047410609],[-77.33450886452748,38.871124604820025],[-77.33391283132997,38.86833406738134],[-77.33128905594036,38.8682711030177],[-77.33238825452919,38.86742650970002],[-77.33196289279017,38.86567434398641],[-77.33314840142545,38.86619271984631],[-77.33323476167332,38.86755569490125],[-77.33594492560842,38.868981591455764],[-77.3358629121971,38.87099376091911],[-77.33908074585744,38.872159572683714],[-77.340855776245,38.870405672963464],[-77.34356381720738,38.87014383169359],[-77.34542286040622,38.868065263906594],[-77.34482643436164,38.86527477997858],[-77.34228693978082,38.8648874446936],[-77.34228459156982,38.86319987441902],[-77.34355430608076,38.86339354855124],[-77.34330178566678,38.86436735689707],[-77.34600959348613,38.864105462362495],[-77.34635112102117,38.86618218439578],[-77.34889068231092,38.86656943644631],[-77.35083616980434,38.86585375211391],[-77.35371487792169,38.86663004375317],[-77.35743749798472,38.865847717945165],[-77.35608625250158,38.86766636803856],[-77.35270007484262,38.8671502169669],[-77.35253180144106,38.867799435281746],[-77.3497372087378,38.86669850890119],[-77.34779168790338,38.8674141760499],[-77.34745504943601,38.868712599207996],[-77.34424202125939,38.87092214788557],[-77.34720502501528,38.871373987563516],[-77.3490690066421,38.87267050787367],[-77.3524528311416,38.87149918678826],[-77.35880232919988,38.87246690732136],[-77.35728005170145,38.87324722706627],[-77.35745099504408,38.874285573713195],[-77.35482434621515,38.872535535816674],[-77.35414863729565,38.873444849123636],[-77.35126965536429,38.872668566936284],[-77.34890068814644,38.87331972167911],[-77.35288650147338,38.87831400050481],[-77.35432479115929,38.87785834499623],[-77.35627319921807,38.878830147158325],[-77.35457984434868,38.87857208539574],[-77.35339658786275,38.879741486838206],[-77.35136147960458,38.877406675200056],[-77.34983901924123,38.878186904000174],[-77.34924234125384,38.875396437992386],[-77.34754662067986,38.87345070807157],[-77.34322709080561,38.87144224378103],[-77.33883040377944,38.8748209452168],[-77.33917405350391,38.87858526271104],[-77.33832966476436,38.88014369130342],[-77.3360445648221,38.88047000088051],[-77.33553919816462,38.88241759049465],[-77.3390124518749,38.884297185177026],[-77.34409278618125,38.88507193969982],[-77.34375600021724,38.88637035555486],[-77.33782885259055,38.885466438789614],[-77.33723480676771,38.88436348679918],[-77.33588051311118,38.884494345898766],[-77.33587831264025,38.88280677157437],[-77.33494739066967,38.883002201975074],[-77.33258006572498,38.88534062005466],[-77.33199032121168,38.88761279265016],[-77.330635957743,38.88774359449763],[-77.33114776524131,38.89085874973708],[-77.32987760508175,38.890664947836314],[-77.32962480734689,38.891638731486445],[-77.3251400277386,38.89365397342348],[-77.32488715630943,38.89462774777366],[-77.32294064560091,38.895343027158475],[-77.32057438062367,38.89936879715888],[-77.31752785001291,38.90092848386135],[-77.31710618219786,38.9025514164984],[-77.3211720171051,38.903846987974454],[-77.32168353301455,38.906962188608006],[-77.31965233121136,38.90800200720877],[-77.31990898141181,38.91040340169657],[-77.31838729055428,38.912870827956276],[-77.32000064660593,38.916829136827424],[-77.31669854947025,38.9176749915868],[-77.31813963319944,38.918907335812285],[-77.31771787492276,38.92053027433587],[-77.32220828438271,38.92189045876443],[-77.32203585097298,38.919164474949476],[-77.32542227028188,38.91799388518974],[-77.32643599389347,38.91578635052962],[-77.32990647777942,38.91429104553965],[-77.33337253262859,38.90942048327831],[-77.33582927200234,38.9101326028498],[-77.33786030225448,38.90909251895717],[-77.33794230338596,38.9070803386959],[-77.3387050366137,38.90753408791646],[-77.33946549505593,38.906300253231784],[-77.34344533637643,38.906232117436396],[-77.3422614518313,38.90740141660254],[-77.33904428493418,38.90792326156106],[-77.33803105288169,38.9101308970017],[-77.33964083867993,38.910713787986445],[-77.3397273732055,38.91207676601643],[-77.34505749313935,38.90850251707723],[-77.34980026605774,38.90888788279956],[-77.35149174580948,38.90745843158239],[-77.35598197978115,38.90881739061768],[-77.35640817124366,38.91056948314695],[-77.3580181137659,38.91115213555954],[-77.36207392307779,38.90569604984481],[-77.3651225775003,38.905822845921854],[-77.36588257059135,38.90458884952626],[-77.36816829334525,38.90426198884583],[-77.36985930521872,38.90283228792571],[-77.37003049729253,38.90387062100457],[-77.37578826289179,38.903734674885364],[-77.37604361697755,38.90444837339077],[-77.3737579237182,38.90477537926948],[-77.3741845190894,38.9065274097485],[-77.37231922414767,38.90523126181693],[-77.3693546875333,38.90478002072993],[-77.36698483771313,38.90543152374935],[-77.3666483656772,38.906730005093145],[-77.36495432547993,38.906472084186376],[-77.36495720029633,38.908159662933265],[-77.36351553730815,38.90692786467235],[-77.36131664440657,38.908617601998685],[-77.3616588170725,38.91069429319437],[-77.3634370824943,38.910627641057054],[-77.36657589515622,38.91380494289057],[-77.36632350777424,38.91477880419328],[-77.368780749901,38.915490271319776],[-77.36853134418608,38.918151718197194],[-77.3668341128977,38.91620624177769],[-77.36522398813769,38.91562370345014],[-77.364632149126,38.91620845910461],[-77.36437400397269,38.91380715563204],[-77.36064345681066,38.91121453429302],[-77.35937286326414,38.911021034133775],[-77.35912038922241,38.911994880416835],[-77.35708688894817,38.91134773294184],[-77.35691855253974,38.91199696076496],[-77.3513259275936,38.909795230882985],[-77.35064982934946,38.91070452932877],[-77.3481087199167,38.91031731120547],[-77.34785609771437,38.91129113445581],[-77.34539920169877,38.910579253082645],[-77.34133721558462,38.9126596351252],[-77.34142378416652,38.91402261231837],[-77.34082945100526,38.91291967356365],[-77.33752553354464,38.912078501987345],[-77.3377782965924,38.91110469969028],[-77.33659202402869,38.91058636524907],[-77.33625498638159,38.91188476491246],[-77.33456093401183,38.91162642856824],[-77.33371606352297,38.91318483220382],[-77.33236122764913,38.913315653330656],[-77.33236334755061,38.915003234240466],[-77.33067131719275,38.91643242587678],[-77.32855364615064,38.916109406279],[-77.32753998222931,38.91831695834531],[-77.32356138182139,38.92007216586074],[-77.32297107467903,38.9223443056568],[-77.31848242146503,38.922671731612716],[-77.31594106565838,38.92228385364226],[-77.31619415273033,38.92131009405597],[-77.31433121385456,38.921700654084894],[-77.31077728955256,38.92520769114611],[-77.31078214997001,38.93027044404221],[-77.30807175527102,38.93053157089874],[-77.30824213137929,38.93156999288691],[-77.31917173367546,38.93357569636736],[-77.32425142995376,38.930976098527545],[-77.32323742864791,38.93318361984577],[-77.3239160025714,38.933962053528035],[-77.32145857575009,38.93324969563092],[-77.32027389889099,38.93441878903251],[-77.31425874789852,38.933838329498634],[-77.31375073895184,38.93409825777772],[-77.31426044884307,38.9355259153541],[-77.31366803886692,38.93611042925096],[-77.313327115505,38.934033598802884],[-77.31146219962297,38.9327365307967],[-77.30866730724802,38.933322254624876],[-77.30714168448876,38.93241437886769],[-77.30747933625076,38.93111605483412],[-77.30637736916869,38.93027284886347],[-77.30417644582624,38.931961577767225],[-77.3011268038374,38.93183328262597],[-77.29841765009868,38.93378178417357],[-77.29494433750506,38.93358862564249],[-77.2947766450391,38.93592535707756],[-77.29774198665795,38.93637838315304],[-77.2991831196948,38.93761095078404],[-77.29799801424207,38.938779832091335],[-77.29876083054481,38.9392338289355],[-77.29740806819,38.94273944367848],[-77.29825538885926,38.94286886907935],[-77.29800198692244,38.94384259491977],[-77.30528737075295,38.9429303237941],[-77.30766054091916,38.94396758486273],[-77.30571254185013,38.94468259842864],[-77.30367860365084,38.94403457227295],[-77.30342527018982,38.94500830935037],[-77.30105212644371,38.94397096710423],[-77.29876485629488,38.94429659206148],[-77.29851145620265,38.945270319138544],[-77.29707018292552,38.94403774238206],[-77.2973235980036,38.943064018418426],[-77.2960526172075,38.942869868594954],[-77.29503759527297,38.945077162917286],[-77.29368209652169,38.94520756197395],[-77.29334413335759,38.94650585097949],[-77.29461517040674,38.946700028653744],[-77.29411070411383,38.952022645739476],[-77.29495812697131,38.95215209383414],[-77.29241706243482,38.95345132256168],[-77.29352165995955,38.957669837665335],[-77.29242303823781,38.96188928058749],[-77.29098270088174,38.9623442227081],[-77.29047556003484,38.96429164974371],[-77.29132428913701,38.96610871639016],[-77.29598602693315,38.96682071543554],[-77.29767990965148,38.965391987105995],[-77.30030715690421,38.965455663864276],[-77.30259365391025,38.96344241633971],[-77.30361161219193,38.9646102399245],[-77.30623883640882,38.96467379108166],[-77.30751177030592,38.96655543056685],[-77.30886606521156,38.964737286612085],[-77.31047682511065,38.965320560642745],[-77.31132279831826,38.9637623040918],[-77.31352620200893,38.96376103340079],[-77.31445480207582,38.96019057700864],[-77.31377439455233,38.9577244970966],[-77.31513181206302,38.95928146978076],[-77.31505084145554,38.96298124181207],[-77.31716981625962,38.963304494111],[-77.31734039888335,38.964342908428456],[-77.318017411451,38.96343378490244],[-77.31869621156578,38.964212250495294],[-77.3201364126028,38.963756986560476],[-77.31979883519661,38.96505535106705],[-77.32191789146721,38.96537852237912],[-77.3233561828642,38.96323562817439],[-77.32292857609633,38.95979581741623],[-77.3256380418073,38.95784677336142],[-77.32563214637534,38.95278400154501],[-77.32614617404067,38.95758679552177],[-77.32792561741581,38.95752065227403],[-77.32826301492791,38.95622226709244],[-77.33063486464332,38.95557149974345],[-77.3308878708882,38.95459770566971],[-77.33173538905666,38.9547269025872],[-77.33097429369131,38.95596069803026],[-77.33173749565515,38.95641449315428],[-77.33478822124015,38.95654203604097],[-77.33529412258646,38.954594430303764],[-77.33936318793157,38.95588941441555],[-77.34079382872959,38.94868355295263],[-77.34562588732297,38.95043206488415],[-77.3424934770508,38.95231698378995],[-77.34173025100041,38.9518632551023],[-77.34164830412774,38.95387545018137],[-77.34825761514489,38.95386990520238],[-77.350379010791,38.95588018004949],[-77.346480727881,38.95562393012593],[-77.34495416624657,38.95471651671243],[-77.33978696167868,38.95595398466094],[-77.33809412519369,38.95738328569025],[-77.32995808278459,38.95648069106274],[-77.32716442826518,38.95875442484392],[-77.32546931738005,38.9584959626199],[-77.32411748342783,38.96200187816162],[-77.32471196411905,38.963104904529445],[-77.32759423984581,38.96388181294862],[-77.33360767948257,38.96108644354581],[-77.33335254281464,38.96037265215933],[-77.33487689885726,38.95959261735802],[-77.34352143871956,38.960234840721256],[-77.34326858189938,38.96120866134773],[-77.3405571518537,38.96147049927727],[-77.33547152291261,38.96069559177901],[-77.33208327855434,38.96186646292359],[-77.33030580632975,38.96362025820594],[-77.33352764602331,38.96478622854363],[-77.33657650654787,38.96322613498823],[-77.33801882867512,38.96445825602803],[-77.3421727908248,38.965428546381446],[-77.34217513974177,38.96711613940243],[-77.34522633215902,38.9672434258289],[-77.34641603698753,38.969449275270996],[-77.34149839469804,38.96802539520504],[-77.34167167285348,38.97075137070835],[-77.34285896226929,38.97126966090867],[-77.34252175540038,38.972568088646916],[-77.34125013891108,38.972374401118444],[-77.34141875474418,38.971725189078974],[-77.34006284293028,38.97185609543963],[-77.34082163274513,38.96893464743961],[-77.33997393300513,38.968805512323776],[-77.33997163507233,38.96711791883917],[-77.33632575967349,38.96588753470802],[-77.33319030272793,38.96608462966719],[-77.33259566921583,38.964981643440844],[-77.33183448120026,38.96621544600968],[-77.33174803011288,38.96485245220648],[-77.32971329655328,38.96420485107529],[-77.32734115726316,38.964855601623775],[-77.32445884567649,38.96407868721382],[-77.32403696655454,38.965701657517464],[-77.32649749974364,38.9681015611576],[-77.32352877013453,38.96596162702768],[-77.32225731963665,38.965767745070714],[-77.32149594815094,38.9670014843544],[-77.31886862661823,38.96693825621992],[-77.3209070517837,38.97096122371026],[-77.31810718544592,38.96817197492383],[-77.31767979774453,38.964732143581834],[-77.31666336940313,38.96525202838215],[-77.31462875891678,38.96460417985774],[-77.30937589385637,38.96616497050855],[-77.30776822640567,38.96895686973546],[-77.30454513841993,38.96610263609378],[-77.30284993677265,38.96584386456401],[-77.29920745830658,38.9679875773906],[-77.29547772252828,38.967080570091746],[-77.29513968982697,38.96837886810509],[-77.29386827278586,38.96818469519213],[-77.29412304957992,38.96889856853147],[-77.2928516261726,38.96870438518686],[-77.29268258413576,38.969353530856765],[-77.29013859345244,38.96727752738598],[-77.28776600039362,38.967927521594774],[-77.28624201715324,38.97039457306178],[-77.28361460395267,38.9703305984495],[-77.28302068714773,38.96922737410214],[-77.28132548929635,38.96896830839711],[-77.28115727804477,38.971305033264535],[-77.27869988633532,38.97227941955944],[-77.28039698518323,38.975913712933796],[-77.284296121378,38.976172039968624],[-77.28395784696338,38.97747030928058],[-77.28065257947416,38.97831521141334],[-77.28073901415134,38.981365840811115],[-77.28336682326648,38.98142987641141],[-77.28599568356715,38.98318145424196],[-77.2872630377001,38.976625319228006],[-77.28827983487577,38.976105674403755],[-77.2917551590159,38.97629902072544],[-77.29200994348922,38.977012899271706],[-77.29455308291632,38.977401270668565],[-77.29429951119332,38.978374993859354],[-77.29514724125944,38.97850444116685],[-77.29717945513774,38.97577741744652],[-77.30506233415451,38.97596831288922],[-77.30574111259806,38.976746850803096],[-77.30752104298102,38.97668100002207],[-77.3094730626317,38.97934114753988],[-77.31218527024573,38.97907998819994],[-77.31337416694333,38.98128615822638],[-77.31464586491427,38.98148013165684],[-77.3153230705817,38.98057102049759],[-77.31795088124078,38.98063432382835],[-77.31828676850675,38.97764836480916],[-77.31930335839166,38.97712846574666],[-77.32201733007513,38.97855468792137],[-77.3225275135363,38.97998232072382],[-77.3257499530221,38.98114849587798],[-77.32448017030784,38.98264223350428],[-77.32651735920665,38.98497752007875],[-77.33380865907135,38.98575116651701],[-77.3357596821781,38.98672330556542],[-77.33982596222792,38.98464308423984],[-77.33974392577703,38.98665528788048],[-77.3356753320141,38.98704790850096],[-77.33517140246087,38.99068312443312],[-77.33771524981003,38.99107061212178],[-77.33788619075646,38.99210900253855],[-77.33746220811408,38.99204442544929],[-77.33712480864932,38.993342842647166],[-77.33542666325968,38.99139691534542],[-77.3333933006827,38.99243697159877],[-77.33415040934729,38.98782795632673],[-77.33262332585977,38.98692038682973],[-77.32575585894898,38.98621128907883],[-77.32354794051477,38.982837580968514],[-77.31947582679062,38.979854475900254],[-77.31862803774743,38.979725194753044],[-77.31930699636209,38.98050365890389],[-77.31820952514767,38.9847233443986],[-77.32194420920393,38.98900486828238],[-77.32143771125392,38.99095242961403],[-77.32338870852836,38.99192476389887],[-77.32237194109884,38.99244469760836],[-77.32288222891805,38.99387233201115],[-77.3208467627074,38.993224582635406],[-77.32110003088971,38.99225080301491],[-77.31991255413006,38.991732302980616],[-77.32058794037388,38.98913556219331],[-77.31778738694118,38.98634629850168],[-77.31702042569508,38.982517219535524],[-77.3155798338629,38.98297244858302],[-77.31524208600868,38.98427080444281],[-77.3161795963417,38.989138315234364],[-77.31388758686144,38.98608902333939],[-77.3143925478502,38.98245389648481],[-77.31218857815436,38.9824551825589],[-77.31117023259749,38.981287426216205],[-77.30972962851686,38.98174258727281],[-77.31006746298944,38.98044424691833],[-77.30642142574372,38.979212981733255],[-77.3062509640725,38.97817455010302],[-77.30201226437016,38.97752763495373],[-77.30167429972315,38.97882595280032],[-77.29896071668271,38.97739928573089],[-77.29506397629636,38.980516613162926],[-77.29040022146684,38.97811698103531],[-77.28879045059942,38.97922104210393],[-77.28819857797058,38.981493035450804],[-77.286842388628,38.981623360470024],[-77.28692801850572,38.98298638884472],[-77.28947133957635,38.98337486473267],[-77.2902357151037,38.98551651541112],[-77.29286368245639,38.98558034997381],[-77.29388302384909,38.98843585643434],[-77.29829132606842,38.988433895279236],[-77.29795456842204,38.991419805064076],[-77.2997362302069,38.99304166611843],[-77.30185601242846,38.993365181418746],[-77.30236590412113,38.99479290033443],[-77.30541818734604,38.994921166162584],[-77.30643663140937,38.99608897216716],[-77.3043182212343,38.99745313637455],[-77.30346880195798,38.99563614993421],[-77.30134894639811,38.995312662059995],[-77.29761646683755,38.9927181146348]],[[-77.24725492838044,38.967806404606556],[-77.24691589190351,38.967416976750776],[-77.24683116791633,38.96774151821836],[-77.24725492838044,38.967806404606556]],[[-77.25580355403454,38.91308888118912],[-77.25614238514349,38.913478281802675],[-77.2562270045226,38.9131537364411],[-77.25580355403454,38.91308888118912]],[[-77.25614238514349,38.913478281802675],[-77.25648121987543,38.91386768151021],[-77.25656583819715,38.913543135900795],[-77.25614238514349,38.913478281802675]],[[-77.31634013893198,38.89872237839136],[-77.3166792267333,38.899111612780686],[-77.3167635597196,38.89878702677365],[-77.31634013893198,38.89872237839136]],[[-77.34164830412774,38.95387545018137],[-77.3411402531703,38.95413549136767],[-77.34156401828328,38.954200055526755],[-77.34164830412774,38.95387545018137]],[[-77.29761646683755,38.9927181146348],[-77.2973615723588,38.992004245876956],[-77.29719251642612,38.99265339999615],[-77.29761646683755,38.9927181146348]],[[-77.29344446861306,38.96811996799416],[-77.29310518357406,38.96773066636771],[-77.29302066519408,38.96805523934939],[-77.29344446861306,38.96811996799416]],[[-77.29376290719661,38.93982022591821],[-77.29367964821542,38.941832385620074],[-77.29452695170029,38.94196183647242],[-77.29376290719661,38.93982022591821]]],[[[-77.25665594266593,38.93853235504046],[-77.2526739827073,38.93691011806821],[-77.25343620544378,38.93567680670653],[-77.25216547075183,38.93548220742939],[-77.25343562290398,38.93230163434071],[-77.25064028101299,38.93288605042933],[-77.25047072329136,38.93184754931602],[-77.24843763555947,38.93119861866346],[-77.24903033988136,38.92892683163826],[-77.24547259861805,38.92736924411933],[-77.24589600642794,38.925746550285794],[-77.24072918034675,38.92529230251819],[-77.23827292090527,38.92289071370233],[-77.23624019192576,38.92224158389403],[-77.23624029916665,38.92055400058366],[-77.23793420954658,38.92081368040856],[-77.23801885256165,38.92217673046071],[-77.24089858247918,38.9229556479203],[-77.24191498529242,38.92412397075075],[-77.24581121182928,38.924383504961],[-77.24598056725588,38.923734427357665],[-77.24784408589551,38.925032478067614],[-77.24962260148003,38.9232798742539],[-77.2497074661304,38.92464291676882],[-77.25174038215692,38.92529182602875],[-77.25224881461925,38.92671973641918],[-77.25182579664694,38.930030037228356],[-77.25309643528807,38.93022463984024],[-77.25453700746212,38.93314531081015],[-77.25377512900315,38.936066214974545],[-77.2552155114414,38.93729929326562],[-77.25741811493643,38.937299018932215],[-77.25792674259036,38.93872690839371],[-77.26097659690215,38.93885626587482],[-77.26190891893376,38.940348977139685],[-77.25928261143719,38.94028448761029],[-77.2594518837543,38.93963539020121],[-77.25606304589665,38.93911659394001],[-77.25665594266593,38.93853235504046]]],[[[-77.24293161197772,38.93204262530775],[-77.24504946263104,38.93405469373856],[-77.24809893077092,38.93249678172298],[-77.2485226646539,38.93424924951182],[-77.24615077653473,38.93489844487903],[-77.24589670558937,38.93587206305024],[-77.24564251719605,38.935158094167804],[-77.24267754988604,38.934703822668304],[-77.23945846480748,38.93522308521398],[-77.24030562093189,38.93197773405126],[-77.24293161197772,38.93204262530775]]],[[[-77.23886522488804,38.94424517969102],[-77.23945836677845,38.94028584644467],[-77.24030555572762,38.94041566761851],[-77.2405597172923,38.939442060287426],[-77.23878063714918,38.93950695031429],[-77.23928898791834,38.937559741759486],[-77.24132216120468,38.936521235961784],[-77.24115272791717,38.935482721594425],[-77.24343997843867,38.93515815939234],[-77.24344003804364,38.93684574605818],[-77.24106802466066,38.939182431672975],[-77.24106802929097,38.94087001928365],[-77.24191522790741,38.94099982947414],[-77.24081386827818,38.943531216090435],[-77.24140694833028,38.946322227132775],[-77.23886522488804,38.94424517969102]]],[[[-77.22378354041508,38.94800864115056],[-77.2226814442943,38.95053986923967],[-77.22183416897052,38.95040992751023],[-77.22183461019657,38.948722337660755],[-77.22378354041508,38.94800864115056]]],[[[-77.24471219867239,38.964041876893106],[-77.24589833772251,38.95949831522875],[-77.24327129782512,38.95774589444698],[-77.24437286830891,38.95690207233693],[-77.24479638134524,38.9535917844847],[-77.24394895962914,38.95177440312024],[-77.24149171492617,38.95106045928009],[-77.24216952079085,38.94846416182097],[-77.24140694833028,38.946322227132775],[-77.24360988839007,38.94800978731376],[-77.24250848163618,38.95054119148645],[-77.24462677163373,38.950865681963556],[-77.24767695299896,38.949307776660504],[-77.24691448997575,38.95054105499101],[-77.24555880346804,38.95067092828196],[-77.24471184220715,38.95729150654013],[-77.2475930329194,38.95807027237854],[-77.24564439900051,38.96384712219669],[-77.2462377053348,38.96495052446986],[-77.24471219867239,38.964041876893106]]],[[[-77.26793171708606,38.9611830581505],[-77.26666109637063,38.96267619949099],[-77.26716886308682,38.96072887031216],[-77.26793171708606,38.9611830581505]]],[[[-77.21835713639149,38.960340171267895],[-77.21835818016282,38.9569649871763],[-77.21979886455615,38.956510888596654],[-77.21988466892256,38.9528111840607],[-77.2210712566285,38.95164304715604],[-77.22056326165618,38.95021500407076],[-77.22183416897052,38.95040992751023],[-77.22073150190054,38.95462873001512],[-77.2219176663246,38.955148175702035],[-77.2197140323673,38.95683541101702],[-77.21818692361519,38.962676807284595],[-77.21734006054399,38.960859241837255],[-77.21835713639149,38.960340171267895]]],[[[-77.21937320103456,38.963196277907834],[-77.22369634755336,38.958458710602656],[-77.2265773595663,38.959237964585554],[-77.22869696033743,38.9528123615833],[-77.23149324347177,38.952228438425976],[-77.22996768207159,38.95469479267715],[-77.2305606761771,38.95579826842239],[-77.22784874236939,38.95774523460448],[-77.22742443442918,38.961055466545034],[-77.22378076772638,38.95982177752882],[-77.22174625002961,38.96254759201918],[-77.21937320103456,38.963196277907834]]],[[[-77.23488071206185,38.974686620455635],[-77.23759301308415,38.974427091515345],[-77.23776248624337,38.975465616590064],[-77.23505014711952,38.975725149274524],[-77.23488071206185,38.974686620455635]]],[[[-77.2381015112338,38.97585506992255],[-77.24072908359423,38.97592000824002],[-77.24132241382881,38.97702343600296],[-77.24225478951765,38.97682870639579],[-77.24386528277266,38.9774128460481],[-77.24200052005573,38.977802322496885],[-77.238355767792,38.97656905846017],[-77.2381015112338,38.97585506992255]]],[[[-77.23445617912081,38.983059677528935],[-77.24005091374659,38.983579101491905],[-77.23979659120816,38.984552714079406],[-77.2410681497546,38.98474744146706],[-77.24301795587608,38.98740863686535],[-77.23844025833137,38.98468251023793],[-77.23326929398996,38.98422794789079],[-77.23445617912081,38.983059677528935]]],[[[-77.25353054714685,38.991042840078734],[-77.25056280355867,38.98721355387552],[-77.24700217961436,38.98565599710381],[-77.24649343830724,38.98422805304178],[-77.2513255890211,38.98598024640281],[-77.25531087425074,38.99097773799191],[-77.25353054714685,38.991042840078734]]],[[[-77.22174004113825,38.9861739359442],[-77.22233316701141,38.98727745620108],[-77.22216345274282,38.987926507456066],[-77.22080749082347,38.98636851169736],[-77.22174004113825,38.9861739359442]]],[[[-77.22292631087548,38.98838097381175],[-77.22462137594033,38.99032843792574],[-77.22216301890616,38.98961410715457],[-77.22148456538983,38.990522710808065],[-77.22292631087548,38.98838097381175]]],[[[-77.2767674940549,39.0067459797208],[-77.27566393011779,39.004214887480245],[-77.27252665751972,39.00441045067352],[-77.27006599981999,39.00032186086939],[-77.26514776669785,38.99889494872217],[-77.26820205836674,39.004086938928445],[-77.26735469260802,39.00564491098088],[-77.26625088404847,39.001426132279256],[-77.26421516951153,38.99908985098274],[-77.26158722004257,39.00071301232483],[-77.26040002955074,39.00019394236816],[-77.2610780871758,38.999285124703526],[-77.26285860921972,38.999219914277425],[-77.26285758904979,38.99584471027915],[-77.26379014827545,38.995649818317325],[-77.26370599642631,38.9976619745067],[-77.26650431683709,38.998764860418994],[-77.26879344370957,38.99843982766012],[-77.27201583892833,38.99960740116723],[-77.27650862090665,38.99759405122207],[-77.27964648837083,38.999085989711936],[-77.28057996533933,39.000578574011044],[-77.28159714503343,39.00005898201496],[-77.28269988194641,39.000902416823074],[-77.28787233959088,39.001354920844044],[-77.28829743266274,39.00310727050324],[-77.28507462114402,39.001940118994426],[-77.2828700606917,39.00194088443838],[-77.28304024429558,39.0029793519921],[-77.27930802443467,39.00038425095554],[-77.27752748866259,39.000449697324534],[-77.27693341828315,38.999346438734655],[-77.27133791494215,39.00051627861473],[-77.27286526120893,39.0031122070903],[-77.27600247690911,39.00291663538167],[-77.27812416981179,39.0066157642785],[-77.2767674940549,39.0067459797208]]],[[[-77.23937239294783,39.00136381034766],[-77.2425944453519,39.002532148053255],[-77.24242487627069,39.00318122855285],[-77.23988111431063,39.00279178742456],[-77.23937239294783,39.00136381034766]]],[[[-77.23555601744711,39.01259276700389],[-77.23318163724493,39.01155411595815],[-77.2338601408084,39.01064544534211],[-77.2329274934174,39.00915250751034],[-77.23818491464674,39.012657759577166],[-77.23555601744711,39.01259276700389]]],[[[-77.23233244423484,39.021549887829714],[-77.23597946201852,39.021095728822544],[-77.23530088744054,39.02200441257461],[-77.2345375993092,39.02155001982971],[-77.232077885589,39.02252349049589],[-77.23233244423484,39.021549887829714]]],[[[-77.22961810602271,39.02349691259627],[-77.23122975487483,39.02239361149634],[-77.232077885589,39.02252349049589],[-77.2318233201276,39.02349709279737],[-77.22961810602271,39.02349691259627]]],[[[-77.22647987821674,39.02369131277159],[-77.22732832977202,39.022133615264295],[-77.22978783676787,39.02284784744976],[-77.22647987821674,39.02369131277159]]],[[[-77.26533698876833,39.0573122004061],[-77.26516580272708,39.052898463023425],[-77.26151641331776,39.04997824723708],[-77.26202492756754,39.04803091186582],[-77.26270442475597,39.05049731081857],[-77.26584429234615,39.051989611336964],[-77.26584603183085,39.05705246542422],[-77.26737375452139,39.057960866829305],[-77.26644040552685,39.05815578773928],[-77.2657624437513,39.06075226330375],[-77.26516805911501,39.05964893723756],[-77.26610084488955,39.057766406589266],[-77.26533698876833,39.0573122004061]]],[[[-77.22460515600345,39.06289567248604],[-77.22511401789819,39.064323724905755],[-77.22384111002629,39.064128831484844],[-77.22341640372876,39.06575148528399],[-77.22188862615755,39.06653016358591],[-77.22205896313262,39.06419348297837],[-77.22333186735823,39.06438839465917],[-77.2233322745038,39.06270077390181],[-77.22469009013531,39.06257114115774],[-77.22545410533677,39.061337977281134],[-77.22587804432884,39.0630905580366],[-77.22460515600345,39.06289567248604]]],[[[-77.22358749219512,39.06003956248573],[-77.2235886956993,39.054976705641124],[-77.22511657792275,39.052510390317984],[-77.22358949794231,39.05160147025307],[-77.22316568111523,39.049848885242284],[-77.22078979512324,39.050497607348895],[-77.22061944944477,39.052834280549],[-77.21620666903306,39.054521100811776],[-77.21620609651156,39.05620871909243],[-77.21450910884485,39.05594873699936],[-77.21374496462137,39.05718183238565],[-77.21306642070464,39.05640278139384],[-77.20984101477094,39.05860890420663],[-77.20907602530018,39.06152959129101],[-77.20992313614673,39.06503486374278],[-77.21145032744572,39.065943953954566],[-77.21102533392276,39.06756656591439],[-77.21289191594394,39.06886517117982],[-77.21255193472543,39.07016326545359],[-77.21492733242532,39.07288994472806],[-77.21492673005167,39.07457756855157],[-77.21645418446542,39.07548659882909],[-77.21628421170053,39.07613565169716],[-77.2146717524928,39.075551144499876],[-77.21356740478997,39.07808234414774],[-77.21398990641976,39.083210223210365],[-77.21212293631105,39.08191163103773],[-77.2116978644208,39.08353425001934],[-77.21254667380595,39.08366426380869],[-77.2111884423919,39.083793764338026],[-77.21093268717905,39.08645496175084],[-77.2087255625484,39.08645441054878],[-77.20813031316916,39.088726062497656],[-77.20719641025508,39.0889205393877],[-77.20660268458953,39.08781692768875],[-77.20413950046527,39.09047748501258],[-77.20286619071176,39.090282375781044],[-77.20278201131072,39.088919265085686],[-77.2056696067699,39.08632376512446],[-77.20643339474908,39.08677834046441],[-77.20889562696382,39.085805366787575],[-77.21229428690523,39.07788733194885],[-77.21017243894819,39.07756228264971],[-77.21042748383721,39.076588715576676],[-77.21263430885993,39.07658923655721],[-77.21356867269724,39.07470709487632],[-77.21314496278002,39.072954468468495],[-77.21195693837005,39.07243492892756],[-77.21263627563707,39.071526364821516],[-77.21102394802833,39.070941810781456],[-77.21144896131834,39.069319197839235],[-77.20983741272956,39.06704700661533],[-77.20856449814531,39.06685195659624],[-77.20966812504362,39.06600842774326],[-77.20822596489585,39.06477479541952],[-77.20856599816598,39.0634767142403],[-77.20729392902446,39.06159403097401],[-77.20797398695036,39.05899787455882],[-77.21136943973771,39.05614275640591],[-77.21467905025865,39.05529968890946],[-77.21663147064514,39.05289847489273],[-77.21841334547427,39.05283390137869],[-77.22002629854717,39.0500431232118],[-77.22282639108603,39.04945938642584],[-77.22800282576046,39.04485154071912],[-77.22409981788677,39.04627905748391],[-77.2187551942889,39.04478533040803],[-77.21637829751006,39.04880919929196],[-77.21264479517262,39.04958730711243],[-77.21230423662593,39.052573013452125],[-77.21103156885515,39.052377989206555],[-77.20865474414445,39.054714097318104],[-77.20712782371734,39.053804974559874],[-77.20339396582165,39.05458280503198],[-77.20016834712236,39.056788676010804],[-77.19974315529751,39.05841124672236],[-77.1983003260741,39.058865119838615],[-77.19753487020311,39.061785735974226],[-77.19413861043496,39.064640478846854],[-77.19439274569037,39.065354567845986],[-77.19575066244893,39.0652252513081],[-77.1957496148847,39.06691287266699],[-77.19795514962486,39.06860127619149],[-77.1988018065359,39.07210662889696],[-77.19752883296272,39.071911465646835],[-77.19507117301501,39.06613372205415],[-77.19277958521805,39.066457398948536],[-77.19099619575285,39.0682092266495],[-77.18785593437379,39.068402652249674],[-77.18675076143529,39.070933610202424],[-77.18751426933858,39.07138830051287],[-77.18624133866649,39.071193021657784],[-77.18556167457822,39.07210144137317],[-77.18555782162225,39.07716431300511],[-77.18759443096468,39.07781428942419],[-77.18861092900835,39.080670703217834],[-77.19124224668866,39.080736690507116],[-77.19073160690861,39.08268374699751],[-77.18759195659887,39.081189540226326],[-77.18674447771484,39.07937173045427],[-77.18479296311648,39.078397234964534],[-77.18521860565423,39.07677470960178],[-77.18318204669397,39.076124694371046],[-77.18063465085321,39.07742165895475],[-77.17961282210462,39.08131568096267],[-77.18258202288942,39.083459096944594],[-77.18266581704374,39.08482221990528],[-77.18521214351189,39.08521283880873],[-77.18572038746947,39.086641058250564],[-77.18903048062957,39.08748629704222],[-77.18631378635426,39.08774476943513],[-77.18461747566566,39.085796749952486],[-77.18232522122263,39.086120235203815],[-77.18122374198104,39.08358826999082],[-77.17952624020569,39.083327808784865],[-77.17723108518076,39.087026454202544],[-77.17943680009228,39.088715192620235],[-77.17909612834053,39.09001320001022],[-77.18045312994012,39.091571678901424],[-77.18308349284175,39.0933254684691],[-77.18282802281753,39.094298982407054],[-77.1841013491259,39.09449429705993],[-77.1837607336102,39.09579231864204],[-77.18248738546916,39.095597000451995],[-77.18384456410345,39.09715544395442],[-77.18273881403667,39.09968637970028],[-77.18367292077887,39.09949208619243],[-77.18613334577935,39.10189482496123],[-77.18197367058067,39.10091928949405],[-77.18154781411077,39.10254181106542],[-77.18069883968874,39.102411585107376],[-77.18019058412307,39.100983340892135],[-77.1823143420614,39.09962127154786],[-77.18129644269862,39.0984524271905],[-77.1819764066251,39.097544026365824],[-77.18112748983464,39.097413803458736],[-77.18078680750052,39.09871181760792],[-77.18027857608739,39.09728357475743],[-77.18206430348934,39.09384426137792],[-77.17900952176892,39.09202533072766],[-77.1768903819451,39.08832445513739],[-77.17417361317605,39.088582662210705],[-77.17884925934119,39.08086094127944],[-77.18097662687421,39.07443602634317],[-77.17970366039134,39.07424068040873],[-77.17834409478563,39.076057445755595],[-77.17520346064869,39.076250551874814],[-77.17486277171714,39.07754854466899],[-77.17460878572518,39.076834414162754],[-77.17036550777227,39.076182992642586],[-77.16968559858033,39.077091326335186],[-77.1690073411515,39.076312032001155],[-77.17113058772195,39.07495015999245],[-77.17435480472471,39.07612028323081],[-77.17461032434694,39.07514678999241],[-77.17673194258666,39.0754724463214],[-77.17826039179509,39.0746943220788],[-77.1786010066669,39.07339632064695],[-77.18216582560163,39.073268238553524],[-77.18454410841119,39.07093262957756],[-77.18318606509027,39.07106182377247],[-77.18199828583202,39.07054199801467],[-77.18522377428776,39.070024215620116],[-77.18607365081314,39.06846678764022],[-77.1890449238569,39.06723479990572],[-77.18921511903899,39.066585785368055],[-77.18709370427993,39.06626034269116],[-77.18650046894807,39.06515663956453],[-77.19065815824706,39.06613201713652],[-77.19227134368529,39.06502921364085],[-77.19354638004714,39.06184918935859],[-77.18803105017317,39.061003156092944],[-77.18667445675955,39.05944476863451],[-77.18972924835565,39.059575880481695],[-77.18989823617709,39.06061448530335],[-77.19134115258028,39.060160709623034],[-77.1949892981841,39.0613953712106],[-77.1960940392595,39.0588643443186],[-77.19422909689818,39.05587787052096],[-77.19753688224282,39.058410496824614],[-77.2001692919609,39.05510105765564],[-77.20051036072377,39.05211538328454],[-77.20398822750968,39.053998807354674],[-77.20611016694251,39.05263634320942],[-77.20907971544288,39.053091497172176],[-77.21196566301754,39.05049586771993],[-77.21196633392617,39.048808251149545],[-77.21323894171508,39.04900326569761],[-77.21586971579335,39.04738111500639],[-77.21663372097244,39.04614800866609],[-77.2097639622605,39.04036964293092],[-77.20721829335618,39.0416671441573],[-77.2071325226349,39.04367927689827],[-77.20331504845873,39.04309400703714],[-77.20314590970843,39.04205542365559],[-77.2056058529802,39.04277013717791],[-77.20908561788974,39.0395905724749],[-77.20764399158843,39.03835693909915],[-77.20221528440305,39.03718702062626],[-77.20450590772744,39.03686317137859],[-77.20866222065784,39.037837941639104],[-77.20789969798771,39.03569577122621],[-77.20883365891818,39.03381367869709],[-77.20900285973434,39.034852252870444],[-77.21027521532969,39.03504729731128],[-77.20959473773408,39.039331068818655],[-77.2134963868326,39.04127923682847],[-77.21417417463276,39.0437458980292],[-77.21671923166335,39.04413586851788],[-77.21773693997481,39.04530441122598],[-77.21901000927612,39.043811751397584],[-77.22130076646378,39.04348759204923],[-77.22579696397455,39.044851292666706],[-77.22664567708472,39.043293594248595],[-77.22910589316972,39.04400784250241],[-77.23114264007239,39.039594258023584],[-77.22910671216893,39.03894499975451],[-77.22656143835472,39.040242897067714],[-77.22435609963671,39.03855500978496],[-77.22257458000367,39.03861966838047],[-77.21935224898937,39.03407557898779],[-77.22181208155543,39.03478997057246],[-77.22240517657549,39.037581112041615],[-77.22461081779792,39.037581420327534],[-77.22630707495856,39.03952887704593],[-77.22851306204001,39.03784150260018],[-77.22970063951674,39.03836088068639],[-77.23029455732225,39.037776758836436],[-77.23054895374513,39.038490770477814],[-77.23555404471071,39.03959452510304],[-77.23742050670764,39.037517528266186],[-77.23971098348049,39.03719302975179],[-77.23979579527959,39.038556102730524],[-77.24225598021629,39.039270089944054],[-77.24217118194586,39.04128224591438],[-77.24539515337331,39.04413813346178],[-77.24624356303457,39.04426791618783],[-77.24938223082354,39.04069778683346],[-77.25226677664435,39.04147645446121],[-77.2540486456994,39.04309898442558],[-77.26380504530955,39.04290284123062],[-77.26202296335283,39.04128045128683],[-77.25905356624534,39.04082656385925],[-77.25973201961628,39.03991774745804],[-77.26261664530759,39.0406961746224],[-77.26516241893077,39.04277276665035],[-77.2647387596218,39.04439555544942],[-77.26278713909582,39.043422291113636],[-77.26083603428536,39.0441366110302],[-77.26143022636523,39.04523995482229],[-77.26109122228681,39.0465381763094],[-77.26032751542981,39.046083940219084],[-77.25990417077702,39.04939432974534],[-77.25701922901197,39.048615838413824],[-77.25532260830131,39.05004403066964],[-77.25133481343777,39.050109339003704],[-77.25141985824499,39.05147240707366],[-77.2535411289395,39.05179675056578],[-77.25320195340493,39.05309495200019],[-77.25116568949824,39.054133671521505],[-77.25362651326063,39.05484743544545],[-77.25532395054982,39.05679450163651],[-77.2539666015953,39.058612088057096],[-77.25634317509133,39.061337969727056],[-77.25608915210319,39.06399924888727],[-77.25490129304264,39.065167741807294],[-77.25617465770438,39.067049938617544],[-77.2544775900933,39.068478123997856],[-77.2532045307867,39.0682835312635],[-77.25116808054597,39.07100987641555],[-77.24955545461988,39.070425822437976],[-77.24624556006222,39.071269821257786],[-77.2476886526792,39.074190637400235],[-77.24565171891051,39.07522927046576],[-77.24599137053444,39.07730633344241],[-77.24463331762331,39.077436199316224],[-77.24378465907267,39.080681655841275],[-77.24446375896741,39.08146054242844],[-77.24234166290009,39.08113604220042],[-77.24234169711794,39.08282366863631],[-77.24038934458426,39.08185004574764],[-77.23877651616796,39.08295347720788],[-77.2408986479766,39.07990278579031],[-77.24319044512428,39.07957822068645],[-77.24319033727483,39.07620297035284],[-77.24531208670037,39.07315220734762],[-77.24293563664013,39.07380135568822],[-77.24098352386811,39.07620299199445],[-77.24098352119147,39.07451536760831],[-77.24616058912935,39.06990674485016],[-77.2479428546118,39.06984174759402],[-77.24768817758591,39.06912776765976],[-77.25108301759973,39.069646803439895],[-77.2524406447351,39.067829244941194],[-77.2542228536544,39.06776415763421],[-77.2542225435838,39.066076535843756],[-77.25261000256701,39.06549252202635],[-77.2546465640434,39.06445377673684],[-77.25481584309743,39.0621170522289],[-77.25252437778236,39.060754210508485],[-77.2534572129044,39.05718415531851],[-77.25142034814911,39.054847642420356],[-77.24734746262574,39.055237371962484],[-77.24599006221821,39.05874248981969],[-77.24166236748428,39.0601056701825],[-77.24115322987765,39.06374054688177],[-77.23945597719643,39.063480905212074],[-77.23478803018585,39.06951725741214],[-77.23351500542267,39.06932246291786],[-77.23266613559107,39.07088021542863],[-77.22986529682255,39.071464176218534],[-77.22986504132807,39.07315179965648],[-77.2328352036732,39.076981636152155],[-77.22680797452581,39.081459799082594],[-77.22375219632067,39.08132959839221],[-77.22494119022024,39.07847377431046],[-77.2238383422653,39.07594219059936],[-77.22553654220151,39.07282679797953],[-77.22842239665059,39.07191840018968],[-77.22825283204772,39.07087984574555],[-77.23062931769861,39.07023097855071],[-77.23376987354071,39.06666122744551],[-77.23563696008728,39.0662718689259],[-77.23674035979295,39.063740478638366],[-77.24021975144778,39.06224765035213],[-77.24064406737439,39.05893732050308],[-77.24208663349971,39.058482955679615],[-77.24013493810666,39.05750933307342],[-77.24047436758852,39.05621116631908],[-77.24302005196854,39.058288217722776],[-77.24480203539869,39.058223265648905],[-77.24488678060986,39.056211101952066],[-77.24573533026563,39.05634088842325],[-77.24768675270306,39.05393918602631],[-77.2498080787212,39.05426359340292],[-77.25023212881896,39.05264085276229],[-77.25150490624135,39.05283547541036],[-77.25014710491396,39.051277783600824],[-77.25057113002889,39.049655042651],[-77.25506792815433,39.049330068370786],[-77.25642507628345,39.04751247287759],[-77.25880096283734,39.04855068566083],[-77.26015755534625,39.04504543412117],[-77.25693333675444,39.043877544003756],[-77.25574582000655,39.04504604086201],[-77.25362473643506,39.04472173539858],[-77.25235182882554,39.04283951985416],[-77.24895823141165,39.04232052120876],[-77.24861901825523,39.043618707992806],[-77.25048543354127,39.04322912793248],[-77.25099466609653,39.04465706937433],[-77.24488622094472,39.04608539941297],[-77.24437709835574,39.04465743257992],[-77.24132282494334,39.04284004985277],[-77.24149248186555,39.04050335236745],[-77.23784459524056,39.039270060892804],[-77.23775967489009,39.04128221384929],[-77.23682646065112,39.041476911707804],[-77.23385721292496,39.041022421930215],[-77.23283930549084,39.039854012172505],[-77.23071824003225,39.041216929799575],[-77.22952981913791,39.045760405465586],[-77.22766322663217,39.046149670811296],[-77.22808713031256,39.047902239347614],[-77.22545696773697,39.04783703257395],[-77.22426888048003,39.04900522924995],[-77.22392919527658,39.05030335006888],[-77.22604996515012,39.052315780065946],[-77.22443719290182,39.05510663754995],[-77.22520077023384,39.05556109498005],[-77.22469121688923,39.05750828203202],[-77.22553974561154,39.05763820646869],[-77.22502981907876,39.061273015451725],[-77.22358749219512,39.06003956248573]],[[-77.24624356303457,39.04426791618783],[-77.24658295427629,39.04465735068333],[-77.24666776900102,39.04433280537896],[-77.24624356303457,39.04426791618783]],[[-77.18309825288529,39.07476157393789],[-77.18377664693172,39.075540791135424],[-77.18394690861157,39.07489178283879],[-77.18309825288529,39.07476157393789]],[[-77.1822496002,39.07463135924444],[-77.18191041378915,39.07424174699127],[-77.18182527499776,39.07456624972546],[-77.1822496002,39.07463135924444]]],[[[-77.24200270361685,39.11787449634735],[-77.2412383746886,39.11910777501367],[-77.23877554415975,39.11670611930458],[-77.23733180097163,39.11716045060561],[-77.237841433917,39.11521319013038],[-77.24021928436488,39.11456413413539],[-77.24200270361685,39.11787449634735]],[[-77.24038912204301,39.11560268077534],[-77.23987957763785,39.115862314267986],[-77.2403041960442,39.115927226046495],[-77.24038912204301,39.11560268077534]],[[-77.23987957763785,39.115862314267986],[-77.23937002959,39.11612194568564],[-77.23979464905878,39.11618685920753],[-77.23987957763785,39.115862314267986]],[[-77.23937002959,39.11612194568564],[-77.23886047789946,39.11638157502825],[-77.23928509843063,39.11644649029357],[-77.23937002959,39.11612194568564]]],[[[-77.22866811214409,39.12494900556365],[-77.2263758286971,39.12021038698482],[-77.22722540996332,39.11865266295604],[-77.22968792455909,39.12105454834412],[-77.22883836801202,39.122612289934054],[-77.23130129251507,39.12332650520945],[-77.23053648441643,39.12624735986277],[-77.22866811214409,39.12494900556365]]],[[[-77.18543278885521,39.129805443986925],[-77.18967933507103,39.13045635763868],[-77.19052982325786,39.12889888129465],[-77.18951138131942,39.12773009755362],[-77.19078531175174,39.127925345003774],[-77.19078647555398,39.126237704212606],[-77.19206038323587,39.12643293854254],[-77.19274047449093,39.125524473911504],[-77.18815473465531,39.124484066503015],[-77.18569347754338,39.12208135720318],[-77.18883485651409,39.12357562358351],[-77.19138257484789,39.12396611898135],[-77.19206265148209,39.12305765850126],[-77.19494985333895,39.123837668952625],[-77.19180833722871,39.1223435569778],[-77.19316732408528,39.122214267291376],[-77.1946125186508,39.1200728096312],[-77.19503605623295,39.121825514838605],[-77.19597145802786,39.11994348935624],[-77.19834884932563,39.120982872103525],[-77.19902881089234,39.12007437406162],[-77.19801035593004,39.11890566196901],[-77.19860518717341,39.118321683058994],[-77.19639709431732,39.11832091292818],[-77.19410603895474,39.115269342531285],[-77.19563513943203,39.11449099875905],[-77.19843692646737,39.11559544157586],[-77.19911683650037,39.1146869440113],[-77.20030451766829,39.11689424763927],[-77.20157828705592,39.117089384105086],[-77.20038868299605,39.11825736730999],[-77.20225637754339,39.11955614473323],[-77.20200107224646,39.12052970297141],[-77.1961396362621,39.1226697365019],[-77.19868736208328,39.12306008216612],[-77.19928222190762,39.12247609953985],[-77.20123327332354,39.12682565611617],[-77.19927932278969,39.12753902004878],[-77.19843101052216,39.12572127386705],[-77.19486257661723,39.12753746450538],[-77.19443685202532,39.12916003863782],[-77.19316289011782,39.12896482854664],[-77.1889979539143,39.133052448922044],[-77.18712890053881,39.13344111149726],[-77.18704496650872,39.132077978761615],[-77.18534631040241,39.131817594624565],[-77.18543278885521,39.129805443986925]],[[-77.18704496650872,39.132077978761615],[-77.1875548135103,39.13181856099851],[-77.18713014940172,39.131753468882486],[-77.18704496650872,39.132077978761615]]],[[[-77.20555257208933,39.15246618619477],[-77.20555339301482,39.150778536889284],[-77.208102155833,39.15116869188102],[-77.20827161969342,39.15220728996818],[-77.2109055479702,39.1522728618702],[-77.2097999018606,39.15480406592114],[-77.206570821985,39.15532249472842],[-77.2072517837537,39.15272629542318],[-77.20555257208933,39.15246618619477]]],[[[-77.23758433187169,39.16681619982477],[-77.23681941250348,39.16804946363391],[-77.23545977112417,39.16649157662575],[-77.2374994900627,39.163765437969154],[-77.24013384692695,39.165518045185756],[-77.23868914136955,39.16597239676315],[-77.23902897561133,39.16973717144045],[-77.23758433187169,39.16681619982477]]],[[[-77.17342157659513,39.16712251158195],[-77.17359214568329,39.166473505772956],[-77.17580170306456,39.16647468088171],[-77.17732912389478,39.16907186335151],[-77.17342157659513,39.16712251158195]]],[[[-77.20688720660046,38.84246663535381],[-77.21145683669998,38.84013117334801],[-77.21357178054569,38.840456189534244],[-77.21314814864756,38.84207875603061],[-77.21179509186075,38.84052069169898],[-77.2093404522133,38.843181254808364],[-77.20705593561065,38.843505184506185],[-77.20688720660046,38.84246663535381]]],[[[-77.20442051068821,38.86875307826113],[-77.20238870230851,38.86979097009505],[-77.20069610460286,38.869530806420784],[-77.20052740596786,38.868492245547465],[-77.20332241828706,38.864533820727786],[-77.20459178542983,38.86472891863273],[-77.20730087949796,38.8627824844901],[-77.20907737874755,38.86440561766818],[-77.21110894174834,38.863367616822615],[-77.21161750071758,38.86142054061753],[-77.21102625214519,38.8586294175874],[-77.20594918033494,38.8578492121885],[-77.2040889769851,38.85486297341447],[-77.20019661528684,38.85460213071366],[-77.19960394877084,38.85518609345775],[-77.20061874466086,38.85635474482934],[-77.19951818729305,38.857198167411546],[-77.19867301515062,38.85538049949159],[-77.19486547002266,38.85479498551988],[-77.1946120642057,38.85408091942414],[-77.19605086311803,38.85362710262112],[-77.19283725061076,38.85077001215933],[-77.19148218014647,38.8525868614932],[-77.19198892503753,38.85401500578624],[-77.18978765579263,38.855701687488164],[-77.18962033101806,38.85297554440499],[-77.19207602013421,38.85031536923272],[-77.18903119317764,38.84849675098436],[-77.18607010378895,38.84804113123224],[-77.18412347706041,38.84875422619175],[-77.17921715345844,38.84732393914142],[-77.17515547708813,38.847711290132004],[-77.17498566772443,38.84836026478165],[-77.17439438883456,38.84725653872339],[-77.17151836039275,38.84647608438308],[-77.16906371271914,38.84744828312714],[-77.16838759842642,38.8466690116362],[-77.16821773124282,38.84731797693262],[-77.1649187840059,38.8464722141169],[-77.16432590104027,38.847056007536764],[-77.15992802228821,38.84536564375664],[-77.15874218493136,38.846533179882016],[-77.15408948416082,38.845816036763864],[-77.15417648600473,38.8438039970386],[-77.15333057343568,38.84367358923574],[-77.15062074897139,38.84561883890688],[-77.15146460974032,38.84743683240219],[-77.15315651856307,38.84769766782456],[-77.15290150967844,38.848671084470176],[-77.15459345228732,38.848931900304],[-77.15298244447403,38.851721747960305],[-77.15535047515226,38.8527619095626],[-77.15433445185927,38.85328045633055],[-77.15729555556719,38.85373683486545],[-77.16465158628449,38.85925863529819],[-77.1668518308999,38.85925996919455],[-77.16786615832213,38.860428889299506],[-77.17142058050317,38.860301119340654],[-77.17175711516248,38.86237831816064],[-77.17294142911057,38.86289822579658],[-77.17226354161744,38.86380654469539],[-77.17412421458255,38.86510569300603],[-77.17725575330999,38.86491262036458],[-77.17666133249062,38.86718404534173],[-77.1775075596573,38.86731429416909],[-77.1779321316585,38.865691845062436],[-77.18267122794299,38.86608360109451],[-77.18148541785995,38.86725135763478],[-77.17979295379548,38.86699090853458],[-77.17869199483363,38.86783414713922],[-77.1797901252868,38.87036605213129],[-77.18105953097947,38.87056139122876],[-77.17927922738818,38.87400057231153],[-77.18368060733621,38.87400268151468],[-77.18520475691638,38.8732244954312],[-77.18909805955964,38.873485809666384],[-77.18977464409936,38.87426497050193],[-77.18334101489876,38.8753006579168],[-77.180463783875,38.874520408756894],[-77.17826162848625,38.87620688968587],[-77.17809032657385,38.87854344430785],[-77.1803760702971,38.87822004749192],[-77.18223454015083,38.882894224879415],[-77.18401228811248,38.882830146382574],[-77.18451909692227,38.88425832628358],[-77.18663520135564,38.88458380402731],[-77.18714207377433,38.88601197350856],[-77.19162905468235,38.88568930337807],[-77.19856764104634,38.89114403521938],[-77.20110728390182,38.89153431668467],[-77.2002597926626,38.89309180544438],[-77.1989899429581,38.89289666249371],[-77.19568962132648,38.890364138066666],[-77.1928116632225,38.88958417416892],[-77.19264303054292,38.88854560005675],[-77.18959659183912,38.88672698757801],[-77.1882407718334,38.88854380913925],[-77.18570257988591,38.886465688575676],[-77.18586983498358,38.88919184771844],[-77.18443157753637,38.88795797225061],[-77.18239894890785,38.888995538714966],[-77.18324810883897,38.88575059741875],[-77.18172504615808,38.88484118535239],[-77.17909938069876,38.88646257383425],[-77.18003358162568,38.882893164135105],[-77.17884889209651,38.882373323053564],[-77.17893525392998,38.88036125751515],[-77.17715756173963,38.880425263172185],[-77.17758221792337,38.878802812741974],[-77.17546632181235,38.87847718067028],[-77.17750169066055,38.87406458285462],[-77.17665835894296,38.87055918894151],[-77.1750507660209,38.86997418571094],[-77.17556033437887,38.86802725614148],[-77.17293671054341,38.86796093902516],[-77.17175391470205,38.86575345974831],[-77.16997493101243,38.86750493357247],[-77.17048135816562,38.868933168242144],[-77.16811090142639,38.86958086558935],[-77.16895547594807,38.871398744879016],[-77.16641498306232,38.8726953779333],[-77.16633518856493,38.86795714425765],[-77.16802762695973,38.86821777719155],[-77.16930027805411,38.86503809416199],[-77.17065450720634,38.86490905569452],[-77.17040293498331,38.862507368640806],[-77.16447988790902,38.861595166439535],[-77.16295576027908,38.86237309655839],[-77.16397362933786,38.860166908461416],[-77.16109720308785,38.859386211063125],[-77.16135214000907,38.85841277637784],[-77.15898573583642,38.85568515966905],[-77.15298040987143,38.85340931626683],[-77.15137545701978,38.85113643887932],[-77.15315448810244,38.8493852353766],[-77.15070158493505,38.84866950285313],[-77.15053364682495,38.847630876535185],[-77.14850166028828,38.84866788217057],[-77.14901178872158,38.84672106657519],[-77.14545798949165,38.84684819351493],[-77.14410181129408,38.848664523608846],[-77.14571309138668,38.84587479239016],[-77.14360054498405,38.84386105082718],[-77.14554964361571,38.84146102679053],[-77.13802198360028,38.839962157221265],[-77.1383622181891,38.83866431035667],[-77.13607995385193,38.837299365509125],[-77.1345658729102,38.83132668545366],[-77.13186105251211,38.829896393899524],[-77.13262670434969,38.82697627859633],[-77.12865619519427,38.8236625206813],[-77.13271427589333,38.82496425804282],[-77.13372261990247,38.82950858003409],[-77.13600459626822,38.83087356718665],[-77.13676286467788,38.83301611787017],[-77.1366729836159,38.83671570791492],[-77.13929309900006,38.83847035788124],[-77.13895288188687,38.83976820727538],[-77.14199838326786,38.83990048842831],[-77.14191563088679,38.83853738709111],[-77.14335445084959,38.838084183101394],[-77.14233626618228,38.84029019633524],[-77.1457196989205,38.840812093010875],[-77.14605760595067,38.84120179080538],[-77.1449544262085,38.84373229354179],[-77.14842091638312,38.84561721679019],[-77.1500319638561,38.84282743033521],[-77.15206171025643,38.84347796670428],[-77.15214876527116,38.84146592891795],[-77.15400850959864,38.842765375987796],[-77.15544733781614,38.842312031326664],[-77.15485242181796,38.84458334583537],[-77.15823614336186,38.845104900881836],[-77.16018292579255,38.844392213004944],[-77.16229776436967,38.844718104728805],[-77.16331181644505,38.845887060208035],[-77.16568154541736,38.845239456413815],[-77.16847253088413,38.84634452891808],[-77.16830434495748,38.845305926974966],[-77.17109698781027,38.844723373134244],[-77.17473400992397,38.84595859101718],[-77.17498871780505,38.844985129748316],[-77.17566488703969,38.84576436506589],[-77.17794961379994,38.84544101421179],[-77.17989480104775,38.846415583895286],[-77.18759368508596,38.847262918082016],[-77.18970991362919,38.84590077425126],[-77.1897122819607,38.84252563980837],[-77.19309615713331,38.84304624251652],[-77.18852454458646,38.84706859547352],[-77.19156929925394,38.84888722588672],[-77.19376923123994,38.848888081788544],[-77.1941911729983,38.85064071667582],[-77.19774407331926,38.85219976032443],[-77.1979965107801,38.854601388945184],[-77.19926569070503,38.85479654118783],[-77.20079020014295,38.8523305961795],[-77.20324371794504,38.85304533715529],[-77.20468244267408,38.85259142016735],[-77.20569728385925,38.853760029599336],[-77.2097584145211,38.85505924626715],[-77.20992721358799,38.85609779296152],[-77.21051980481133,38.855513780778836],[-77.21255044387514,38.856163326818276],[-77.21348071641303,38.85765638626438],[-77.21931983471119,38.85720319360431],[-77.219404055772,38.858566245599896],[-77.21686546365386,38.85817634054768],[-77.21441102706186,38.859149438979074],[-77.21314044688398,38.86232958279427],[-77.21457868454492,38.863563121314314],[-77.21144662166562,38.865444708400425],[-77.2139854379567,38.86583472480093],[-77.21296964978922,38.86635375310022],[-77.21339151815778,38.86979389817733],[-77.21626948453016,38.86888581008537],[-77.2194853095582,38.870054726033494],[-77.21804633229279,38.870508815826675],[-77.21770736822668,38.87180688577622],[-77.21973803603474,38.874143888257805],[-77.21838320166937,38.87596103665798],[-77.22007601184089,38.876220958942625],[-77.21940007949392,38.87206681716439],[-77.22041637508167,38.86986016329589],[-77.22295539317804,38.870249996117515],[-77.22058489062687,38.872586269954176],[-77.22168365955973,38.87849295235207],[-77.22329181458585,38.8790773511522],[-77.2213442709943,38.88147860799966],[-77.22142855798299,38.88284166251138],[-77.2229520742589,38.88375058639896],[-77.22269787168794,38.88472415053928],[-77.22202083801562,38.883945168511204],[-77.22083536798496,38.885113303997976],[-77.21880231510653,38.88952661896875],[-77.22185004023174,38.8896569376166],[-77.22108776431106,38.890890047356216],[-77.21854803693275,38.890500175288956],[-77.22015643183599,38.891084615631954],[-77.21846223807638,38.89419984790293],[-77.21685434423246,38.89192780833728],[-77.21753193738347,38.89101924252802],[-77.2164310521952,38.89186281880705],[-77.2152459572047,38.891343325087426],[-77.2160083367366,38.89011025120502],[-77.21761670265943,38.89069472447342],[-77.21795575621238,38.889396651805995],[-77.21626264748495,38.88913670014196],[-77.21888758210187,38.88751452400839],[-77.21931135035629,38.88589192935344],[-77.21753355885166,38.885956514171355],[-77.21787259183796,38.88465844248909],[-77.22024309641063,38.884009792176116],[-77.21998982385216,38.881608200682386],[-77.21762047197655,38.8788816969905],[-77.2146573622605,38.88011433318909],[-77.2162672059373,38.87563610129801],[-77.21804474679207,38.875571534725815],[-77.2149140604349,38.872390492087604],[-77.21152662860985,38.876933203251895],[-77.21161004912669,38.87998383785],[-77.21423352397301,38.88173691078715],[-77.21321751589076,38.88225594210064],[-77.21093248475638,38.880892370057026],[-77.2105933456608,38.882190422156825],[-77.2097468866426,38.88206039904804],[-77.2084779539249,38.880177779018915],[-77.20924033116414,38.87894474845037],[-77.20830911973306,38.87913922742712],[-77.20729388321858,38.87797063593789],[-77.20534666470212,38.87868406683395],[-77.20551709300484,38.87634747459554],[-77.20627948027062,38.875114462807524],[-77.20653307355295,38.87582850677705],[-77.20797222759403,38.8753745503909],[-77.20831138165782,38.87407650652707],[-77.21135844186561,38.87420708288191],[-77.21330612015329,38.87180598505113],[-77.21135912521251,38.872519509884036],[-77.21051277715515,38.87238949215627],[-77.21076709947896,38.87141595445745],[-77.21313723655258,38.8707674410754],[-77.21296835776509,38.869728896996705],[-77.21119095491956,38.86979339071482],[-77.20932950166808,38.868494798381874],[-77.2095845505817,38.865833691896945],[-77.20619949968716,38.865313538252494],[-77.20442051068821,38.86875307826113]],[[-77.21931135035629,38.88589192935344],[-77.21981935985157,38.885632389642126],[-77.21939610174233,38.88556741028743],[-77.21931135035629,38.88589192935344]],[[-77.2095845505817,38.865833691896945],[-77.21009245490269,38.86557419267467],[-77.20966932195209,38.86550918026074],[-77.2095845505817,38.865833691896945]],[[-77.21009245490269,38.86557419267467],[-77.21102348825886,38.86537970061165],[-77.21017722370983,38.86524968070082],[-77.21009245490269,38.86557419267467]],[[-77.16507288790535,38.86101137132655],[-77.16481975235722,38.860297243826096],[-77.16464982164612,38.86094620522519],[-77.16507288790535,38.86101137132655]],[[-77.16584969382505,38.84627806190982],[-77.16551165747612,38.845888417897164],[-77.16542671237126,38.846212898568865],[-77.16584969382505,38.84627806190982]]],[[[-77.16402657369217,38.89021874016783],[-77.15835834641237,38.88664522278633],[-77.15716987348945,38.889500325050236],[-77.15801632498734,38.889630707330575],[-77.15759116999477,38.89125309283522],[-77.15522185630158,38.89021296932062],[-77.15607224072738,38.886968213849705],[-77.15235048839324,38.88436934062359],[-77.15379014845801,38.88391601303668],[-77.15548686756206,38.88080166930293],[-77.15667136483991,38.88132173357237],[-77.15870414567432,38.880284590008216],[-77.15844909685758,38.88125802174795],[-77.1607331569886,38.88262256125695],[-77.16234273264901,38.88152017677489],[-77.16217090777994,38.8838567108601],[-77.16377870356774,38.884441882143015],[-77.1631855025144,38.885025672683774],[-77.1653015338892,38.88535151467393],[-77.165384776939,38.88671460770517],[-77.16707764763171,38.886975254203065],[-77.1670759385138,38.88866282972441],[-77.16910877604116,38.887625514586865],[-77.17113994070404,38.88827574173917],[-77.16936204857187,38.88833963564629],[-77.1665642780587,38.89229730551396],[-77.17130182106845,38.896064651436234],[-77.17053862261939,38.8972974511365],[-77.17121522979261,38.89807671555668],[-77.16791563915753,38.89554345011807],[-77.1656292966307,38.89586661780735],[-77.16664755266996,38.8936603988688],[-77.16537778316727,38.893464911593966],[-77.16580451635495,38.89015492277397],[-77.16402657369217,38.89021874016783]],[[-77.16504304310357,38.88970011165528],[-77.16470480960972,38.889310463462756],[-77.16461981028677,38.88963494522863],[-77.16504304310357,38.88970011165528]],[[-77.16428157935887,38.88924529588442],[-77.16411335414426,38.888206683049184],[-77.16284368648475,38.88801116994891],[-77.16428157935887,38.88924529588442]],[[-77.16284368648475,38.88801116994891],[-77.16250547259297,38.88762151583646],[-77.16242046544579,38.88794599602646],[-77.16284368648475,38.88801116994891]],[[-77.16199907189085,38.88619324537305],[-77.1571756889492,38.88443759945175],[-77.15675054554055,38.886059981034805],[-77.16208225411991,38.88755634076231],[-77.16199907189085,38.88619324537305]],[[-77.15590413778884,38.88592959016831],[-77.15514277049692,38.88547471847008],[-77.15505773306653,38.885799193524065],[-77.15590413778884,38.88592959016831]]],[[[-77.21676622449294,38.90237779378053],[-77.21930585691848,38.90445528227132],[-77.21913630863658,38.90510432177461],[-77.21701946298677,38.904779398091264],[-77.21676622449294,38.90237779378053]]],[[[-77.16339025774522,38.93130446385067],[-77.17025422872193,38.92864736891445],[-77.16949397922305,38.926504998665735],[-77.1717812665125,38.926181758397384],[-77.17229131557163,38.9242348284674],[-77.16907385601063,38.9230646799427],[-77.17127764102982,38.92137835225645],[-77.1731460445149,38.91592719505396],[-77.1695072088548,38.91300433890434],[-77.16739035530355,38.9126785675649],[-77.16866213813628,38.91118645397013],[-77.16790549853924,38.90566891954336],[-77.17002050934487,38.90768226140542],[-77.16967721774051,38.91235536669351],[-77.17594135644457,38.91534452706268],[-77.17619629083603,38.91437105514989],[-77.17814474886906,38.91365807907122],[-77.17746939173361,38.91119127006337],[-77.17840109523367,38.9109970220303],[-77.17890799000756,38.91242522995419],[-77.1801781263471,38.91262057910608],[-77.18390627451879,38.91015588274535],[-77.18661635389414,38.90989747030931],[-77.18577089224401,38.90807970274655],[-77.18755172222649,38.90464041391052],[-77.18636788796134,38.90243306424578],[-77.18763787008038,38.90262833672938],[-77.18890665525343,38.90451117534875],[-77.19110941982194,38.902824499362616],[-77.19288764634665,38.902760293408654],[-77.18890545144325,38.90619875485492],[-77.18907167169192,38.91061249694245],[-77.18703847695888,38.91165014247631],[-77.18771539397662,38.912429318267556],[-77.19076402165716,38.91256040162528],[-77.19534067570667,38.906850354241605],[-77.19720387134025,38.906461582827845],[-77.19695128029562,38.90405993757571],[-77.1985607814132,38.90295707987722],[-77.20406512017388,38.9021150464124],[-77.20652193823334,38.899454569310244],[-77.20838488502993,38.899065630240045],[-77.21253338808557,38.90004025086438],[-77.21515760744882,38.9017933086158],[-77.2166808815043,38.904389891042975],[-77.21625694704336,38.906012480479234],[-77.21439447794708,38.904713958451225],[-77.21524180218113,38.90315637078331],[-77.21236312940391,38.902376859593964],[-77.21261753168982,38.90140331450874],[-77.20846894988638,38.90042869652996],[-77.20863783569797,38.90146725064592],[-77.20652114257697,38.90114214786661],[-77.20525031066087,38.902634647727474],[-77.20398028124035,38.9024395556636],[-77.19855980128399,38.90464465913142],[-77.1984739527341,38.90665674440997],[-77.19627124281045,38.90834355207206],[-77.19855784088934,38.90801981873935],[-77.19914997914974,38.9091234374929],[-77.202113633452,38.9095787479251],[-77.20262098329269,38.91100685859954],[-77.19813348159792,38.90964234693784],[-77.1950000752366,38.90983594823845],[-77.1945756261123,38.91145846464225],[-77.19322057391194,38.911587765273595],[-77.19135607873643,38.91366405825097],[-77.1900858942284,38.913468823575535],[-77.19076286074886,38.914247982915185],[-77.19355796724751,38.913664917928436],[-77.19313235763381,38.91697501212691],[-77.19076169978678,38.91593556457975],[-77.18839232547717,38.91320849044269],[-77.18805263420977,38.91450648612826],[-77.18746062033897,38.91340281360777],[-77.18415845656872,38.912557556450764],[-77.18170175060601,38.91353001338093],[-77.18085358847698,38.915087373821514],[-77.17958340730819,38.91489203152523],[-77.17695661082277,38.91651338082827],[-77.17441160697557,38.921185350166375],[-77.1749184944247,38.922613576324295],[-77.17330976642761,38.92202854668195],[-77.17220790036525,38.92287173350256],[-77.17339163767163,38.92507922428093],[-77.17110277545446,38.927090078160724],[-77.17186307839214,38.92923243871712],[-77.17042263494692,38.929685978868214],[-77.17194649443009,38.93059553508845],[-77.17304848039124,38.92975234970855],[-77.17423389931709,38.93027224940665],[-77.17728619674236,38.927028495334454],[-77.18219921216146,38.92677128839967],[-77.18330102153547,38.9259280123653],[-77.18448645139587,38.92644781379587],[-77.18711343856403,38.92482630283203],[-77.19016258413191,38.92495740119969],[-77.1861803140773,38.926708200734026],[-77.18702600222699,38.92852597000172],[-77.17830163560103,38.92819733991696],[-77.17745322991954,38.92975468015616],[-77.17558933289419,38.93014315595043],[-77.17567130876546,38.93319383540402],[-77.16949067104862,38.92988016743178],[-77.16779510083879,38.93130713731561],[-77.1644905834508,38.93214893944722],[-77.16372689148118,38.933381703067745],[-77.16339025774522,38.93130446385067]],[[-77.18729325010808,38.91067664822679],[-77.18695480019088,38.91028705972007],[-77.18686987551092,38.91061155759938],[-77.18729325010808,38.91067664822679]]],[[[-77.15534836136344,38.9266907722156],[-77.15628228232192,38.92480910640075],[-77.15856957496982,38.92448610987744],[-77.15661868327909,38.92688636306693],[-77.15687002328829,38.92928809752833],[-77.15534836136344,38.9266907722156]]],[[[-77.2036176178196,38.949302370811864],[-77.20539614628832,38.95092557492836],[-77.20446231593851,38.95449520794833],[-77.20683363612426,38.95722199050969],[-77.2043723412689,38.96494527342249],[-77.20530713457866,38.95968804322178],[-77.20462958978165,38.95890895838964],[-77.20598631132574,38.95709194042108],[-77.20471532980494,38.95689685444259],[-77.20463127002404,38.955533775150656],[-77.2024290060753,38.95384552111002],[-77.20386972807907,38.953391607711275],[-77.20454889734336,38.9507955151407],[-77.20166845531692,38.95001575062234],[-77.20209386997922,38.94670561214582],[-77.20116177273675,38.9469000391507],[-77.20065420139109,38.94547191553634],[-77.20158628170516,38.945277492384605],[-77.20370768147906,38.93885232932704],[-77.2046396688993,38.9386578834131],[-77.20472538479771,38.936645785249446],[-77.20608088288718,38.93651635844898],[-77.2063354884472,38.93554282183584],[-77.20853803871547,38.93554341550766],[-77.20811601872273,38.932103225103745],[-77.20667653680694,38.93086960089691],[-77.20896379595351,38.93054567469018],[-77.20498333570706,38.92892190865943],[-77.2054076547261,38.92729935286436],[-77.2079493580079,38.92600191156253],[-77.2074417992112,38.92457381985209],[-77.20871371416334,38.92139370982714],[-77.20964546479783,38.92119922676382],[-77.21015517838723,38.91756456001304],[-77.21176410362247,38.91814911128292],[-77.21049237853437,38.921329251213024],[-77.2124406868422,38.92061573559974],[-77.21337178042653,38.92210880776558],[-77.21277867018871,38.92269283839616],[-77.21252485248397,38.92197880296766],[-77.20989925155466,38.92191326801081],[-77.20939022420906,38.92386035185588],[-77.21040613410682,38.92502893300868],[-77.20904864542386,38.930221160823294],[-77.21099651351271,38.93119525230598],[-77.20964112321289,38.931324732731966],[-77.20972524882727,38.93268780397659],[-77.21150418817797,38.93262333075331],[-77.21243673396954,38.930741240862424],[-77.21429983386018,38.93203979678474],[-77.21404596865928,38.93132576356502],[-77.21658765855511,38.930028144517756],[-77.2181121016465,38.930937133445404],[-77.21794301236568,38.92989858820104],[-77.21963707483941,38.930158518284614],[-77.22073803532552,38.93100249459109],[-77.21929736155077,38.933144188209276],[-77.22565010676945,38.93580632421038],[-77.2223460546402,38.93664966818942],[-77.21980521260181,38.934572233055526],[-77.2172639684978,38.93418233246359],[-77.21667079113435,38.93476638266798],[-77.21641689317778,38.9340523540338],[-77.21387568536325,38.933662384047615],[-77.21158835016826,38.93398640097702],[-77.21268862213518,38.9365180356884],[-77.20752123924201,38.93606240375496],[-77.20412953229528,38.94229253794928],[-77.20378998590058,38.94359058186422],[-77.20446822288937,38.94268208125631],[-77.20523049649091,38.94313665332445],[-77.20446653538474,38.946057258287816],[-77.20285705199602,38.945472610093994],[-77.20268726155267,38.94612163068736],[-77.20395804952832,38.946316737141444],[-77.2036176178196,38.949302370811864]],[[-77.20268726155267,38.94612163068736],[-77.20217876890523,38.94638110225],[-77.20260236519577,38.94644614091928],[-77.20268726155267,38.94612163068736]],[[-77.20879260802127,38.934569873981935],[-77.20930099461803,38.93431037573785],[-77.20887746294382,38.934245360052955],[-77.20879260802127,38.934569873981935]],[[-77.2122664004015,38.9330778589479],[-77.21285959933613,38.932493829943844],[-77.21243607505055,38.932428826427014],[-77.2122664004015,38.9330778589479]],[[-77.21819638538145,38.93230019886631],[-77.21870472261752,38.93204066215969],[-77.21828119575052,38.9319756786067],[-77.21819638538145,38.93230019886631]]],[[[-77.2050615626259,38.94209808877197],[-77.21243212089516,38.94255434807685],[-77.21226242261345,38.943203381505526],[-77.20489179970377,38.94274711207383],[-77.2050615626259,38.94209808877197]]],[[[-77.1494096855688,38.934215765401014],[-77.15195056687874,38.93460705615697],[-77.15279957449702,38.933049889395825],[-77.15644265463713,38.93259807249705],[-77.15746170263272,38.93039191839484],[-77.15687002328829,38.92928809752833],[-77.1583937051515,38.930197820210395],[-77.15830671661271,38.932209884327584],[-77.16101770753939,38.93195203066924],[-77.16228631528428,38.933835148977195],[-77.16415037777085,38.93344687291529],[-77.16482725248034,38.93422617591853],[-77.16406354442408,38.93545894196472],[-77.16304823286418,38.9342899796556],[-77.15957525873944,38.93409303043101],[-77.15805148060745,38.93318332177883],[-77.15796447904538,38.93519538648108],[-77.1600800726293,38.93720890586394],[-77.15948641202502,38.93779268272345],[-77.1571174979606,38.935065003066946],[-77.1571194389639,38.933377417470844],[-77.15389980374701,38.933894459147666],[-77.1522038345445,38.9353212166486],[-77.14796900373017,38.93466904506502],[-77.14762849177689,38.935966933645446],[-77.1448343874895,38.93486137922861],[-77.14220381027415,38.93816958272368],[-77.13822442307334,38.936543672767975],[-77.13704156561782,38.93433584301149],[-77.13390693488404,38.934527900997566],[-77.12848715489918,38.933354778967924],[-77.12518745254575,38.93082036473838],[-77.12323529089677,38.933220094705064],[-77.1219649482377,38.93302416174779],[-77.12399966660455,38.93198758054583],[-77.1234084815656,38.93088359986973],[-77.12468148341914,38.92939193391719],[-77.1271342141026,38.93179577301577],[-77.1285749687549,38.931342735548554],[-77.12959742207151,38.92744922716444],[-77.13086768800957,38.92764508179779],[-77.12831933834134,38.932316111651055],[-77.13763537796662,38.933752173872655],[-77.13856510534599,38.93524580990769],[-77.14102311983278,38.934274204892716],[-77.14110596431014,38.9356373228784],[-77.13983553141259,38.93544157289674],[-77.13966520265878,38.93609050617693],[-77.14076532549574,38.936935192787566],[-77.14245927562398,38.93719617722814],[-77.14305760178094,38.93323731087828],[-77.14534521781582,38.93291455789838],[-77.14720717638409,38.9342141217369],[-77.14754768765026,38.9329162346269],[-77.1494096855688,38.934215765401014]],[[-77.14720717638409,38.9342141217369],[-77.14746039616006,38.93492829187478],[-77.1476306527236,38.93427934799624],[-77.14720717638409,38.9342141217369]]],[[[-77.17140902558948,38.961231475016085],[-77.1726815743566,38.95973931016838],[-77.17437616951175,38.959999859553996],[-77.1746312812316,38.95902638482686],[-77.17319183447144,38.9577923673703],[-77.17404065809873,38.95623505014371],[-77.17209420904328,38.95357278427309],[-77.1737036243761,38.95415783224605],[-77.1742973044203,38.953573985995014],[-77.17404220734223,38.95454745926617],[-77.17522803713918,38.95506735127421],[-77.17539353962658,38.959481141288954],[-77.1767510015556,38.95766444295048],[-77.1788692052207,38.95799005649399],[-77.17954788737997,38.957081690305166],[-77.17946572215081,38.95403100315629],[-77.18226380523006,38.95176059932497],[-77.18090937095066,38.950202176209714],[-77.1816743205683,38.947281714696416],[-77.18065856138008,38.9461128946329],[-77.18243785443231,38.94604883819661],[-77.18218561313498,38.94364715006046],[-77.18379489013657,38.94423206629285],[-77.18489694527007,38.94338877404741],[-77.1857479058327,38.93845620524551],[-77.18380018135284,38.93748171627984],[-77.18447861084026,38.93657332576407],[-77.18574918335871,38.93676861848608],[-77.18583541903313,38.934756533943315],[-77.18651379773969,38.933848132638154],[-77.18727338250758,38.937677987263584],[-77.19049294782155,38.93716007901429],[-77.1916786118869,38.9376798124974],[-77.18718718311077,38.93969007362165],[-77.18693230701949,38.9406635714701],[-77.18811800272046,38.9411833392429],[-77.18701601827775,38.94202665984341],[-77.18684484245813,38.94436324659495],[-77.1829464151045,38.94578944757119],[-77.18184156454038,38.95000790129007],[-77.18506042009491,38.95117772290514],[-77.18887413278875,38.95007595539804],[-77.18827937909681,38.95234746119637],[-77.1858226614517,38.951632414775894],[-77.18294104411619,38.952539805467765],[-77.18014013651559,38.95818540726898],[-77.17836054478005,38.95824943085771],[-77.17759681387993,38.95948228442107],[-77.17573215639972,38.9598707639978],[-77.17598574529171,38.96058487846825],[-77.1741210509682,38.960973333894934],[-77.17360767448777,38.96629546770413],[-77.17377932682814,38.96395889185617],[-77.17174602658169,38.96330870128545],[-77.17140902558948,38.961231475016085]]],[[[-77.21674554782714,38.96481848090722],[-77.21708496220126,38.96352039757554],[-77.21793238165937,38.96365037198705],[-77.21759298179248,38.96494845766161],[-77.21674554782714,38.96481848090722]]],[[[-77.14142123807856,38.95290291526372],[-77.14023568505209,38.95238270032184],[-77.14159159051566,38.95225397803413],[-77.14142123807856,38.95290291526372]]],[[[-77.15802652150835,38.955121965224144],[-77.15633601783838,38.95148601254901],[-77.15921413925588,38.953954419821336],[-77.15895883914347,38.95492786211972],[-77.1626898723378,38.95246378947905],[-77.16251789115549,38.95480034605506],[-77.16031475887802,38.95479893515487],[-77.15742882958638,38.959080916003735],[-77.15802652150835,38.955121965224144]]],[[[-77.21674554782714,38.96481848090722],[-77.21471123348097,38.96585658800833],[-77.21318481775596,38.968322740760726],[-77.21496582623787,38.96488302959809],[-77.21547440255424,38.964623504928475],[-77.21674554782714,38.96481848090722]]],[[[-77.20394863573499,38.96488024062306],[-77.20310035125429,38.966437764362766],[-77.20301631069907,38.96507468207463],[-77.20394863573499,38.96488024062306]]],[[[-77.15623521303465,38.965311222511254],[-77.15802075957963,38.96018473884538],[-77.15742882958638,38.959080916003735],[-77.15895314207586,38.9599906356413],[-77.15623521303465,38.965311222511254]]],[[[-77.19657176168081,38.97117385242333],[-77.1968266156812,38.970200330480466],[-77.19801286324135,38.97072000588898],[-77.19919816149557,38.97292726527506],[-77.19657176168081,38.97117385242333]]],[[[-77.18453485256069,38.973375827922986],[-77.18987352919599,38.97487101013742],[-77.18597479987787,38.974609716612505],[-77.18300725659282,38.9758416121042],[-77.17851612489766,38.974476378098544],[-77.18046616942418,38.973763359514116],[-77.17927999757482,38.973243516140755],[-77.18046897059946,38.97038816932028],[-77.18207882509826,38.970973110088906],[-77.18021389713752,38.97136165768126],[-77.1804675700443,38.97207576420392],[-77.18300994000063,38.97246642080141],[-77.18216111899385,38.974023803115436],[-77.18453485256069,38.973375827922986]],[[-77.17936360297968,38.97460661612271],[-77.17987237417282,38.974347237018776],[-77.17944863580765,38.97428212046957],[-77.17936360297968,38.97460661612271]],[[-77.18182240195082,38.97363419713652],[-77.18131364269259,38.973893584207275],[-77.18173738046411,38.9739586943845],[-77.18182240195082,38.97363419713652]]],[[[-77.18317327817027,38.98025540533152],[-77.18215839616035,38.97739899519172],[-77.18300725659282,38.9758416121042],[-77.18410848331324,38.97668591905912],[-77.18308959491546,38.97889230675267],[-77.18647976388445,38.979413099552495],[-77.18690228691233,38.98116578941165],[-77.18512213913453,38.98122991020783],[-77.18546219413966,38.97993191025855],[-77.18317327817027,38.98025540533152]]],[[[-77.14130605571302,38.975166086931026],[-77.14478539664123,38.971988358891835],[-77.1452920564968,38.97341671637867],[-77.14215347517207,38.97529657907004],[-77.14198078065478,38.97763311499421],[-77.14020067991851,38.97769659142338],[-77.14130605571302,38.975166086931026]]],[[[-77.17689732106605,38.984016971655045],[-77.17969663730052,38.98174661563246],[-77.17952797822961,38.9807080104663],[-77.18224070065868,38.98044969112391],[-77.18122308619738,38.9809684671545],[-77.18122170292776,38.982656064745754],[-77.17995034133384,38.98246072433448],[-77.18028768447236,38.98453793401177],[-77.17689732106605,38.984016971655045]]],[[[-77.17807491360291,38.99466243614667],[-77.18205973403391,38.994599480191184],[-77.18383888880908,38.99622300435345],[-77.18239719368323,38.99667668804998],[-77.17697200272649,38.99550567421711],[-77.17807491360291,38.99466243614667]]],[[[-77.17239468334186,38.994464709515796],[-77.16993505439531,38.995436944806045],[-77.17019034979471,38.99446347398879],[-77.17171716715991,38.99368544090146],[-77.17332746678447,38.99427049728824],[-77.17460055406919,38.992778305301705],[-77.17553179453611,38.99427167710636],[-77.17756746223638,38.993234207938116],[-77.17875394776449,38.993754069273],[-77.17705707064717,38.99518117915971],[-77.17239468334186,38.994464709515796]]],[[[-77.20961359844475,38.99545327669202],[-77.20537228360274,38.99986586516503],[-77.20350673944185,39.00025476453844],[-77.2029987498182,38.998826639087795],[-77.20435540952954,38.998697229956484],[-77.20478014950577,38.99707465967737],[-77.20715443362268,38.99642624953878],[-77.20868164336056,38.99396016039027],[-77.20808867007014,38.99285657376221],[-77.20910699589759,38.990649976167205],[-77.20749726281802,38.988377784558686],[-77.20275006775336,38.98798697137071],[-77.20003808417697,38.98655814007397],[-77.19842675619145,38.987661029969836],[-77.1963076012909,38.98733574887707],[-77.19579984315558,38.98590759685725],[-77.193595768502,38.98590677696272],[-77.19469512862591,38.99012619014091],[-77.19342470074771,38.98824338791949],[-77.19215320877603,38.98804817234495],[-77.191898229733,38.98902168733204],[-77.1899478883103,38.98973488721326],[-77.19088172362721,38.98785294375119],[-77.19317084431391,38.98752930613313],[-77.1931719505438,38.98584170715879],[-77.18935762303231,38.98525601382939],[-77.19037641047802,38.983049572538334],[-77.18817242245854,38.983048656335754],[-77.18859743193195,38.98142614539689],[-77.19181778586533,38.98259579713571],[-77.19054522981712,38.98408816332728],[-77.19113786557128,38.98519183224182],[-77.19393569420852,38.984608752871246],[-77.19732620710903,38.9851292498379],[-77.19876660391338,38.98636299229805],[-77.20114059209617,38.98571469826413],[-77.20258106516334,38.98694839656769],[-77.20970141245178,38.98837835759014],[-77.21071822817466,38.9895469471162],[-77.21215960537558,38.989092935029575],[-77.2146178465814,38.98980746386389],[-77.2139392970421,38.990716026300234],[-77.20978560516124,38.98974144015783],[-77.20893641513909,38.99298661019222],[-77.2108003490754,38.99597283186715],[-77.21291982032275,38.99629786595036],[-77.21215627569057,38.99753093927704],[-77.21351226038504,38.99908903225876],[-77.21520791818777,38.99934902550374],[-77.21512241833949,39.0013611496726],[-77.21817482208165,39.001491560803935],[-77.21825918873512,39.00285464042832],[-77.2203788938,39.00317954751081],[-77.22122586979019,39.006684708236705],[-77.22020816643446,39.00720380601087],[-77.2185133449066,39.00356867259776],[-77.21520672764849,39.00272423134236],[-77.21333924690141,39.00817609113373],[-77.21130367138214,39.00921414933101],[-77.21206468016084,39.01473150175088],[-77.21435455244361,39.01440747207767],[-77.21350591317388,39.015965078946266],[-77.21511704204008,39.01654959524919],[-77.21240242963586,39.01849624207697],[-77.2132498404331,39.02031385752281],[-77.21240110858517,39.02187145835227],[-77.21087483084125,39.02096238673641],[-77.20900877496786,39.021351370124165],[-77.21130092752061,39.01596457346554],[-77.20875688528115,39.015574493818164],[-77.21045361609617,39.01414694601697],[-77.21079337293821,39.01284886997037],[-77.20909815331437,39.01090121007224],[-77.21308641447328,39.004086839474894],[-77.21325752847044,39.00006259278309],[-77.21105371641988,38.99837448048619],[-77.20961359844475,38.99545327669202]],[[-77.20918971055542,38.9953882614877],[-77.20885074932305,38.99499872801854],[-77.20876582342369,38.99532324483656],[-77.20918971055542,38.9953882614877]]],[[[-77.12947610983684,39.06213280949918],[-77.12837422337584,39.06128800601298],[-77.12871566616724,39.059990144627434],[-77.13193853654069,39.061161365089966],[-77.13295762525654,39.060642986360634],[-77.13304546914037,39.05863089948564],[-77.1344033691561,39.05850225358085],[-77.13483248148502,39.05519228935579],[-77.13365028548134,39.051296769825164],[-77.12999854186597,39.05343554186636],[-77.12940110293773,39.05570680240857],[-77.12702418992758,39.05635373155508],[-77.12694147193257,39.05499057832596],[-77.12864072869735,39.05356413951333],[-77.12872868350527,39.051552058204074],[-77.12983042651845,39.05239685709507],[-77.13161490161761,39.050645912553435],[-77.13433040361988,39.0503886375411],[-77.13458636871742,39.04941523115549],[-77.13127864244238,39.04856854835972],[-77.13034761559318,39.04707483133354],[-77.1229669793752,39.04661368696162],[-77.12407129172895,39.04577092174036],[-77.12754950414187,39.045968868462545],[-77.12822964864172,39.045060770421784],[-77.13280952065669,39.04610337222723],[-77.13348461562546,39.048570474883896],[-77.13679478352789,39.04772948362115],[-77.13756253119259,39.044809249493554],[-77.13629020020444,39.04461345988474],[-77.13815962562828,39.04253795402173],[-77.13502524634411,39.03935481724754],[-77.13638278287348,39.03922615013816],[-77.13790612244057,39.041823752992606],[-77.13917840896268,39.042019525955915],[-77.140964723024,39.03858083755907],[-77.13765981072588,39.036046714245686],[-77.1377474947868,39.03403463263757],[-77.13520321571255,39.03364304490866],[-77.13452573311423,39.03286356838575],[-77.13554440681716,39.0323451709805],[-77.13757931360846,39.03299596182692],[-77.13960955681759,39.03702194247201],[-77.1448689483706,39.03715593536267],[-77.1458001465135,39.03864954098498],[-77.14545910889093,39.03994744447123],[-77.1438480219925,39.03936202219724],[-77.14342167532688,39.04098439495125],[-77.14172530373774,39.04072341943673],[-77.14138418364927,39.0420213121945],[-77.14316359041499,39.04364543187213],[-77.14290776046474,39.044618854952994],[-77.14078719418931,39.044292622963425],[-77.14095776641246,39.04364367723158],[-77.13824253977961,39.043901096814686],[-77.1377283453947,39.04753553721186],[-77.13865952978342,39.04902919903487],[-77.13560527390398,39.048896831780304],[-77.13500804743863,39.051168117476706],[-77.1361951740248,39.051688390550154],[-77.13483494302538,39.053504672370565],[-77.13550772951773,39.05765938494126],[-77.13372068846454,39.06109800628481],[-77.13516151076946,39.06233250219331],[-77.1347348354889,39.06395485164204],[-77.13269908746544,39.06330401068125],[-77.13253091070467,39.06226532775186],[-77.13151179620053,39.06278370313085],[-77.13133855173416,39.06512025795428],[-77.12989516257488,39.06557333709228],[-77.12947610983684,39.06213280949918]]],[[[-77.15180400986812,39.054426714543986],[-77.15188099592032,39.06085270647418],[-77.15417258894101,39.06052978422269],[-77.15289789571253,39.06202178356165],[-77.15467804934225,39.06364574397672],[-77.15204532151908,39.0652666030479],[-77.15170427052755,39.066564529732],[-77.15331602365866,39.067149852890395],[-77.15314550661273,39.06779881827506],[-77.15238225146769,39.06734391711513],[-77.15170012984214,39.06993977266992],[-77.15237608745745,39.072406783039426],[-77.15144016866489,39.07428846343499],[-77.15220349084545,39.07474337095363],[-77.14999461258861,39.076429400512076],[-77.14931232039783,39.07902524724446],[-77.14803935871615,39.07882957679259],[-77.14795622095497,39.07746643208197],[-77.15033784262704,39.073443852912575],[-77.14983038629335,39.07201549234381],[-77.15085158975764,39.06980934367202],[-77.1500051625062,39.06799128726518],[-77.14915664821105,39.067860846738725],[-77.14957878534129,39.06961368931634],[-77.14728688550451,39.06993652736032],[-77.14804798073024,39.07207908234751],[-77.14567069829323,39.07272637013144],[-77.14422500333096,39.074867239480774],[-77.14184759564478,39.0755144544538],[-77.1428668149395,39.07499599310908],[-77.14286909058886,39.07330836999155],[-77.14482213649691,39.072595899894075],[-77.14771331572219,39.06831413307959],[-77.14856183271877,39.06844458347289],[-77.14788388247891,39.067665175090376],[-77.14610158189568,39.06772873712446],[-77.14627216166893,39.067079781416204],[-77.1492440523922,39.0658487458461],[-77.15094103736371,39.06610961982012],[-77.15162522215005,39.06182615044063],[-77.14916516516516,39.06111036559754],[-77.15060834556316,39.060657062977675],[-77.15094938840633,39.05935914067039],[-77.14789467613876,39.059227075339194],[-77.15010308038869,39.057541088325664],[-77.1499346682895,39.056502430033646],[-77.14798426121112,39.05552736060233],[-77.1502757036697,39.05520451052957],[-77.14976837587473,39.05377615436284],[-77.15129665747322,39.052998364813746],[-77.14917580913352,39.05267227555956],[-77.14934632613611,39.052023317365816],[-77.15155240458459,39.0520249230411],[-77.15206387826109,39.050078038413716],[-77.15333228336314,39.05364889986413],[-77.15180400986812,39.054426714543986]]],[[[-77.14794758977754,39.08421693318713],[-77.14905005145738,39.08506156658314],[-77.14845509430977,39.08564530464279],[-77.14692827740173,39.084735437081164],[-77.14794758977754,39.08421693318713]]],[[[-77.16983454603937,39.09838149694198],[-77.17153075416745,39.10032972277363],[-77.17501170747148,39.100526342481],[-77.17543465821291,39.102279107776184],[-77.1770473948348,39.10286412696586],[-77.1773852140793,39.10494138765179],[-77.17967666287198,39.10630562590277],[-77.17865582180713,39.108512026407816],[-77.17627761992014,39.109159904128674],[-77.17577242862272,39.1043563726118],[-77.17373518098876,39.103706199217136],[-77.17450049360721,39.10247333948078],[-77.16991811823007,39.099744632300514],[-77.17127348805528,39.102990846623904],[-77.16931656016746,39.107079003253176],[-77.16990987676141,39.10818279701268],[-77.1691444260824,39.10941562983857],[-77.16846587265128,39.10863632781494],[-77.16532380376182,39.108829185445344],[-77.16490105884142,39.10707638355888],[-77.16804305304036,39.10688353667863],[-77.16965748668521,39.10578101847539],[-77.16914942462265,39.10435272820673],[-77.17025571912234,39.10182191111656],[-77.16805151118017,39.09844537418904],[-77.16898731092355,39.09656356027399],[-77.16720431993392,39.09662742534685],[-77.16788444296442,39.09571910193033],[-77.16661113880532,39.095523621110075],[-77.16508212666109,39.096301605069996],[-77.16389406433176,39.09578160384086],[-77.16312864222829,39.097014396704886],[-77.16151614754656,39.09642919760491],[-77.16321569454676,39.09500227519177],[-77.16669637010422,39.09519912754251],[-77.16882021192164,39.09383729024285],[-77.17060476503968,39.09208577260951],[-77.17018199014144,39.09033299426201],[-77.17238923212285,39.09033422993203],[-77.1723056243979,39.088971098652614],[-77.17341157479271,39.08644026082676],[-77.17374921374129,39.08851752494778],[-77.1748520405508,39.08936193011308],[-77.17434090095732,39.09130892234929],[-77.17043434389463,39.092734764684856],[-77.16941341284293,39.09494108358616],[-77.17034585614918,39.09643452064645],[-77.16983454603937,39.09838149694198]],[[-77.1681401182049,39.09474561845687],[-77.16796966880585,39.0953946074777],[-77.16932819398149,39.09526557900079],[-77.16941341284293,39.09494108358616],[-77.1681401182049,39.09474561845687]]],[[[-77.13900563806864,39.10478604678243],[-77.142318303504,39.10394489972889],[-77.1435063448686,39.104465107969155],[-77.14435976044939,39.10122032356577],[-77.1430864232126,39.10102460156966],[-77.14257891680114,39.09959620406609],[-77.13926881274772,39.09874972632883],[-77.13723445641219,39.09641132522417],[-77.13749054473944,39.09543790471741],[-77.13876614058805,39.09394605433033],[-77.14105651729577,39.09531100144828],[-77.14241508865075,39.095182267118496],[-77.14352217467551,39.09265169244071],[-77.14691954985919,39.091485947207815],[-77.14861498253151,39.09343448312754],[-77.14504688963302,39.09524923267879],[-77.14691300313801,39.09654883540531],[-77.14444957730852,39.09752058288965],[-77.1437668889193,39.10011640938429],[-77.14639886988638,39.10018334638406],[-77.14597222325256,39.10180574574453],[-77.14741406108216,39.10304010883405],[-77.14851894751558,39.10219711763956],[-77.14953637192761,39.10336623116253],[-77.1519146225461,39.10271886571947],[-77.15250558642701,39.105510374495175],[-77.14987340683739,39.105443566721156],[-77.14970488697313,39.10440489895267],[-77.14800485463597,39.10583163917313],[-77.14571180515861,39.10615445035528],[-77.14418459156697,39.10524454556766],[-77.14265513469358,39.106022255081065],[-77.13900563806864,39.10478604678243]]],[[[-77.13569533918609,39.10393947305504],[-77.13603685164323,39.10264158133918],[-77.13807373188625,39.103292372337215],[-77.13917873053283,39.10244946412118],[-77.13815671376706,39.104655530249346],[-77.13900563806864,39.10478604678243],[-77.13892027183809,39.10511052194116],[-77.13603441635884,39.104329213569116],[-77.13450489151225,39.10510682267395],[-77.13425120591938,39.104392606060955],[-77.13569533918609,39.10393947305504]]],[[[-77.1715982692535,39.11856920722354],[-77.17168029015842,39.12161998518424],[-77.16972784254182,39.12064524530767],[-77.16972618950567,39.12233288399203],[-77.16887700494728,39.12220257680046],[-77.16743442198232,39.12096845808416],[-77.16488693764299,39.12057747227549],[-77.1644641348868,39.1188246648956],[-77.1682017118759,39.11804799520895],[-77.16862795737802,39.11642551451069],[-77.16947707394962,39.116555823255496],[-77.1696459047441,39.11759446664391],[-77.1715982692535,39.11856920722354]]],[[[-77.15596898582207,39.12089624919381],[-77.15410208473524,39.119596776321444],[-77.1519792791368,39.11927073090928],[-77.15181069707742,39.11823206320953],[-77.14951727303098,39.11855494536297],[-77.14782122979699,39.1166064123568],[-77.14323669694916,39.11556435042458],[-77.14188004573127,39.11400545819046],[-77.13797163104294,39.11543028637555],[-77.13602223823956,39.112767382934656],[-77.13780565272458,39.11270396493508],[-77.13916219219213,39.11426290123019],[-77.14060882043358,39.11212207490824],[-77.14315587748668,39.11251355745326],[-77.14400265211248,39.11433167568299],[-77.14875778760202,39.11472474420714],[-77.15079302782657,39.11706296493704],[-77.15274717249282,39.11635036441343],[-77.15198134444778,39.117583093506084],[-77.15664947660912,39.11998798300507],[-77.157411372524,39.12213050089915],[-77.15605232368468,39.12225939979879],[-77.15596898582207,39.12089624919381]]],[[[-77.1569848429694,39.123752944953864],[-77.15639159561735,39.12264908616773],[-77.15783595371244,39.122195694368166],[-77.15843305033361,39.11992426903786],[-77.16123448105814,39.121029551267554],[-77.16038719701743,39.119211548043225],[-77.16352972815054,39.11901881478118],[-77.16378375272336,39.119732973640645],[-77.16556556423353,39.12135679564645],[-77.16556381446453,39.1230444345107],[-77.16344085665679,39.12271858455565],[-77.1623358312428,39.1235617117251],[-77.16055403785028,39.12193784273367],[-77.1613160694036,39.12408033752523],[-77.1591059021477,39.12576654487392],[-77.15834391810132,39.12362403582414],[-77.1569848429694,39.123752944953864]]],[[[-77.13774335886683,39.15658267326858],[-77.13307099412766,39.15586470573663],[-77.13205056950534,39.15638309491441],[-77.1316181922936,39.16138076547621],[-77.12974810265322,39.16176856788701],[-77.13060024336683,39.16021149173512],[-77.12975326924818,39.15839326541212],[-77.13043957387961,39.15410983633648],[-77.1289970104263,39.15287526383223],[-77.12678786797925,39.15287325754842],[-77.12695882044804,39.15222431768116],[-77.12305079423606,39.151961039171404],[-77.12330726867624,39.15098763720281],[-77.12211861078413,39.15046723112093],[-77.12432767988979,39.15046932032346],[-77.12458413194085,39.14949591602198],[-77.12280803507953,39.144496205259294],[-77.12399931660434,39.14332895855273],[-77.12646191110967,39.14404525288344],[-77.12714298792233,39.143137144005415],[-77.1256152291936,39.14222700445969],[-77.12485406064734,39.14008428324756],[-77.12519593687611,39.13878641207975],[-77.12697999984594,39.13872314904238],[-77.12825657200206,39.13723139390181],[-77.1251158495096,39.13573559338232],[-77.12868382257304,39.135609044095204],[-77.13013118494975,39.133468330660584],[-77.12851814682564,39.13288269938167],[-77.12801070433034,39.13145423352701],[-77.13030463131537,39.131131747234285],[-77.1306463679887,39.12983386342612],[-77.12784506333077,39.12872789018748],[-77.1289531683859,39.12619742886774],[-77.12750855046303,39.12665048551628],[-77.12470741637874,39.12554444229869],[-77.12402647409488,39.12645253462478],[-77.12266728521094,39.126581068746695],[-77.12411464500958,39.124440429195914],[-77.1283603271473,39.125093435861956],[-77.12819468753032,39.1223670964353],[-77.12369008099512,39.12437512056126],[-77.1217382036439,39.12339962675045],[-77.12615736087777,39.12171614115893],[-77.12437642175733,39.12009175447889],[-77.12505730003275,39.11918366137739],[-77.12565004282808,39.12028766884141],[-77.12658456707081,39.120093803581774],[-77.12709718931151,39.11814699723476],[-77.12590904170101,39.11762663080735],[-77.12769521386211,39.115875721431046],[-77.12650709911962,39.1153553609494],[-77.12752962022805,39.113149386051774],[-77.12660049749992,39.10996798876489],[-77.1274494631163,39.11009858434398],[-77.12829320101424,39.11360444375843],[-77.13033031929106,39.114255363007686],[-77.13041316837575,39.115618528971886],[-77.13194042755902,39.116528604754734],[-77.13074459581351,39.12107119591182],[-77.13125201953481,39.12249964766227],[-77.13261111684012,39.12237101981464],[-77.13184235015945,39.12529126534762],[-77.13294524803192,39.126136048249364],[-77.13158354135699,39.12795231976314],[-77.13260105394265,39.129121577749856],[-77.13651031081928,39.12769691453171],[-77.13752789914754,39.128866132145525],[-77.13821108078452,39.12627032540953],[-77.13914564847111,39.126076365517825],[-77.13820630956981,39.129645606080175],[-77.1394777793097,39.13152902043217],[-77.14092241959449,39.1310758243004],[-77.14380939054396,39.131857023285455],[-77.14763321730624,39.1307564897299],[-77.14848031674792,39.132574584010264],[-77.15068884223054,39.13257620506717],[-77.1517067272061,39.13374530778803],[-77.16207082169905,39.13297339372536],[-77.16334477028389,39.13316892247756],[-77.16300360234976,39.13446689693046],[-77.16512690165632,39.134792755110944],[-77.16342646092772,39.13621971473178],[-77.16121967545203,39.13453067663921],[-77.15841580793759,39.13511303391835],[-77.15680250524338,39.13452776932478],[-77.15747923744547,39.13699478242043],[-77.15476057878719,39.13725256761176],[-77.15815793796205,39.137774148769736],[-77.15713794669006,39.13829274178114],[-77.15722132646367,39.139655896341864],[-77.16129942907602,39.1392691154006],[-77.16240288191239,39.1401136393704],[-77.1578147253782,39.14075975492944],[-77.15993630437258,39.142773347566],[-77.15891625557478,39.143291955688035],[-77.16070039975132,39.14322820890471],[-77.16018850146678,39.14517516344723],[-77.16239558648547,39.146864223486624],[-77.16205433722784,39.14816219894673],[-77.15942249572869,39.14640794548238],[-77.15840622571163,39.143551256632605],[-77.15670740397626,39.14329048073116],[-77.15823749534239,39.14251259260379],[-77.15730470936792,39.14101905122355],[-77.15594530680481,39.14114794944313],[-77.15543726700909,39.13971959317574],[-77.1516984380167,39.14049588250556],[-77.15101560471736,39.143091770744164],[-77.14880461955423,39.14477780144866],[-77.14846743264226,39.142700446823476],[-77.15017042712525,39.139586045087334],[-77.14957927569623,39.13679450647663],[-77.14796600687316,39.13620912706037],[-77.14635056742239,39.137311370151195],[-77.14686278128069,39.13536447568638],[-77.14465417108538,39.135362786682904],[-77.1466942350425,39.13432579772894],[-77.14873209951364,39.134976418139914],[-77.14839496018611,39.13289906744266],[-77.14474401517275,39.131663021104316],[-77.14304324724965,39.13308970110821],[-77.14160088709431,39.131855280060684],[-77.13913619249959,39.1328269289435],[-77.137525497634,39.13055377305711],[-77.13395778835843,39.13068057587204],[-77.13301813491269,39.13424978052457],[-77.13029949228745,39.13450703086973],[-77.12910845675914,39.135674335826344],[-77.13046267268453,39.13892101771031],[-77.1265526928834,39.140345494017545],[-77.12621083356515,39.1416433693253],[-77.12918352036652,39.142100440675144],[-77.12968847618421,39.14521655057127],[-77.12450676317053,39.14475744420604],[-77.12407936543113,39.14637978267802],[-77.12620283825898,39.14670630616087],[-77.12679582316858,39.14781031426695],[-77.12560183373165,39.15066523638152],[-77.13214360931048,39.150995674197844],[-77.1323094625429,39.1537220241531],[-77.13528022777284,39.155866600441904],[-77.14055055345987,39.15431312977367],[-77.14224957507194,39.15457412693193],[-77.14199334195091,39.15554756865894],[-77.13774335886683,39.15658267326858]],[[-77.15220847037142,39.14023660922795],[-77.15212518403642,39.13887345114818],[-77.15178378874627,39.140171396308475],[-77.15220847037142,39.14023660922795]],[[-77.14864674125369,39.13530090190176],[-77.15034534712599,39.13556178747347],[-77.15051184850154,39.13828810450958],[-77.15136118820115,39.13841853753563],[-77.15229793559683,39.136536834567664],[-77.15391124661964,39.13712215783069],[-77.15552656709107,39.13601981658218],[-77.15289327881754,39.135953072358205],[-77.14975210423053,39.134457894413835],[-77.14864674125369,39.13530090190176]]],[[[-77.14326990143533,39.1540556542954],[-77.14726350080605,39.15399381369999],[-77.14862101490671,39.15555265973342],[-77.15184844886345,39.156723385346766],[-77.1515923368714,39.157696847275126],[-77.14683655725291,39.15561623340896],[-77.14573083825792,39.156459218632776],[-77.14275745934462,39.156002541411965],[-77.14267433238372,39.15463937259802],[-77.14191022985871,39.154184399463226],[-77.14276202070005,39.15262724248449],[-77.14326990143533,39.1540556542954]]],[[[-77.17203901151673,38.832716212532425],[-77.16612009385256,38.830116527057136],[-77.16628821363318,38.831155130267085],[-77.16544242614805,38.83102480534913],[-77.16417552551644,38.82914174280631],[-77.16958813345559,38.830313290602966],[-77.17187080622492,38.831677616959304],[-77.17203901151673,38.832716212532425]]],[[[-77.15198905207303,38.833677043708505],[-77.14953880250432,38.83127372484687],[-77.14598575705517,38.83140086670374],[-77.14573511293133,38.82899913853246],[-77.14429872192882,38.82776480596431],[-77.14556949630737,38.82627294414919],[-77.15351876172973,38.82783655822765],[-77.1540245910615,38.829264853849196],[-77.15537818286653,38.82913598284145],[-77.15512326855304,38.83010940211096],[-77.15706774167457,38.83108432858238],[-77.15647492097129,38.83166808345715],[-77.1544454639408,38.83101762022729],[-77.15520427569996,38.83316005800481],[-77.1526669120026,38.83276883877995],[-77.15198905207303,38.833677043708505]]],[[[-77.12010649597931,38.82774357987983],[-77.12272862440516,38.827811015231795],[-77.1249332852083,38.82443796767773],[-77.126286838768,38.82430941467995],[-77.12611930448317,38.823270758006025],[-77.12781056192871,38.82353193889524],[-77.12679211023912,38.82573782093871],[-77.12493060225744,38.82612553048307],[-77.12044141858108,38.82982091034289],[-77.12010649597931,38.82774357987983]]],[[[-77.12922075362486,38.8416421051752],[-77.12871532435241,38.84021370641666],[-77.13150808825384,38.839632045409964],[-77.13430327414169,38.83736275617172],[-77.13607995385193,38.837299365509125],[-77.13464110416456,38.83775248496065],[-77.13370773984956,38.839633967859186],[-77.13032188909663,38.84079930870471],[-77.12981130303106,38.842746046035906],[-77.12820209161183,38.84384800305844],[-77.12922075362486,38.8416421051752]]],[[[-77.14367883544463,38.84859928599657],[-77.14409957119416,38.85035209118593],[-77.14189959592426,38.850350353266236],[-77.14367883544463,38.84859928599657]]],[[[-77.11936641600113,38.865778072922254],[-77.11632564189419,38.862270095404114],[-77.11573224128561,38.862853657227454],[-77.11404305115268,38.86090474097999],[-77.11818811876252,38.8618825136585],[-77.11937485533977,38.860715363818116],[-77.12157514286261,38.86071750172423],[-77.1228469568056,38.85922586773191],[-77.1254702203087,38.859293245283546],[-77.12877448036282,38.856764921787004],[-77.1351197082477,38.857744098566876],[-77.13588309153702,38.85651152284781],[-77.13680938863708,38.85969272672787],[-77.13934760445147,38.86008427195509],[-77.1406994753593,38.86164313058267],[-77.14535305467292,38.86236077785314],[-77.14712599321537,38.86567236932418],[-77.14915634989825,38.86632295497921],[-77.14906918257942,38.868334996307546],[-77.14779990148202,38.86813932957887],[-77.14340564731953,38.86307323410322],[-77.13832899118353,38.8622902576568],[-77.1362161730218,38.8602763864617],[-77.1348619690664,38.860405048481255],[-77.13520235534436,38.85910720734635],[-77.13384817132156,38.859235858268526],[-77.13325742717895,38.85813193462378],[-77.12851911415771,38.85773828920174],[-77.12716231126224,38.85955443605357],[-77.11920451905058,38.861364262848596],[-77.11844080289768,38.862596736470266],[-77.11953676116438,38.86512917333842],[-77.12266844501794,38.864937480259236],[-77.12554200819001,38.86740664070035],[-77.13197323941657,38.86806152572966],[-77.13450679504493,38.87182831316223],[-77.13441675157755,38.87552791775038],[-77.13729113042014,38.87799680881096],[-77.14000017880143,38.87773941633679],[-77.14278974813345,38.88053264497613],[-77.1457518869539,38.88098930086969],[-77.14600490750713,38.88170346905379],[-77.15201440539732,38.88229208373171],[-77.15192729789545,38.88430413090281],[-77.14778050228965,38.88332748433821],[-77.14802710017008,38.889104373483455],[-77.14921167917704,38.889624509572414],[-77.14827802662285,38.89150611355486],[-77.14624916760613,38.889167935880494],[-77.14684471582126,38.88689665091994],[-77.14566019806018,38.886376492386404],[-77.1465960358689,38.882807334974736],[-77.1460027104673,38.883391043154056],[-77.14405698958147,38.882415937176035],[-77.1429553840827,38.88325885976842],[-77.14193655606847,38.88546488118479],[-77.14252537558515,38.88825634205714],[-77.14167667035477,38.88981342936813],[-77.13948020033246,38.88643649813806],[-77.14185604624673,38.88241419848508],[-77.1403335700385,38.881504278255186],[-77.14058886171294,38.88053088378277],[-77.13889623555244,38.880269875726924],[-77.13872839288052,38.879231229615236],[-77.13568125366167,38.87909886745085],[-77.13492253753975,38.876956298995296],[-77.13323001470607,38.87669521366865],[-77.1307014580772,38.86955325491864],[-77.1257096357051,38.868445303200225],[-77.12249812818497,38.86558638413348],[-77.11936641600113,38.865778072922254]]],[[[-77.10222303174731,38.890814088637285],[-77.10645801687932,38.889780243421185],[-77.10671379010367,38.888806917800814],[-77.10832124945946,38.88939280871959],[-77.1129792442114,38.88842409951705],[-77.11136876937555,38.889525843717536],[-77.10679594098863,38.89017005050075],[-77.105523258279,38.8916615252208],[-77.10171456760398,38.89107314633982],[-77.09908032944807,38.89606799162201],[-77.09560598628822,38.89755682823183],[-77.09484487412475,38.89710158557913],[-77.09297794693087,38.89917639427974],[-77.0908618381118,38.89884931711199],[-77.08925079835798,38.89995077535591],[-77.08569429887572,38.90007618867303],[-77.0840831538599,38.90117757993291],[-77.08535644173547,38.89968632359193],[-77.09272538556411,38.89846211640805],[-77.09298137273973,38.89748881807736],[-77.09543872098804,38.89651812138678],[-77.09527146045737,38.89547941445198],[-77.09857511356189,38.8946394608556],[-77.10087144292127,38.88925480491674],[-77.1001169046829,38.88542444700003],[-77.10181273216999,38.88399841119636],[-77.10020544415522,38.883412436264564],[-77.10037925487899,38.88107598870463],[-77.105542065378,38.881536080814904],[-77.10757557963571,38.88049977595564],[-77.11197436382425,38.8821920048844],[-77.11223301583806,38.879531095837244],[-77.11688745699433,38.880249813679065],[-77.11622025653021,38.87440753754718],[-77.11503616041836,38.87388708716828],[-77.11707505950534,38.86947548507986],[-77.12046524223311,38.86662293198645],[-77.12029210991363,38.868959403636644],[-77.11792120662315,38.869606140829774],[-77.11630545358383,38.87408308961184],[-77.11748956194516,38.87460352787509],[-77.11773943198966,38.87700532540148],[-77.11867085744282,38.87681152706432],[-77.11841245016697,38.87947244866803],[-77.12103643843484,38.879539920258715],[-77.1185800038137,38.88051112229914],[-77.11908551391812,38.88193956901368],[-77.12382806032174,38.88064600284697],[-77.12450670813257,38.87973794723641],[-77.12670757018797,38.87973999401227],[-77.12103088785004,38.88291506691732],[-77.12009659358756,38.88479645700106],[-77.12178925752738,38.88505772193987],[-77.12212449156067,38.88713506138762],[-77.12508676921956,38.88759221153208],[-77.12550728285454,38.88934508784718],[-77.12051418351004,38.888236924228764],[-77.11933264691883,38.886028939551096],[-77.11789273082113,38.886481866991524],[-77.1188271035989,38.88460049313296],[-77.116711302126,38.884273857802384],[-77.11806882578321,38.88245782010698],[-77.11366693813642,38.882453380659825],[-77.11231228225218,38.88258179656189],[-77.11129253601787,38.88478756579338],[-77.10926200306798,38.884136358353665],[-77.10909457390999,38.883097671673625],[-77.10816304263815,38.883291398185726],[-77.10841263504453,38.88569321702596],[-77.10180951153636,38.8856859848031],[-77.1014619486776,38.89035888699581],[-77.10222303174731,38.890814088637285]],[[-77.10240320959038,38.88510248807725],[-77.10299689813574,38.88451898854949],[-77.10215060461357,38.88438823066219],[-77.10240320959038,38.88510248807725]],[[-77.12018458060906,38.882784432192274],[-77.11984661913066,38.88239466196961],[-77.11976142812655,38.8827191126635],[-77.12018458060906,38.882784432192274]]],[[[-77.11619716027062,38.88790812321604],[-77.11636758539717,38.887259226270636],[-77.11789273082113,38.886481866991524],[-77.11619716027062,38.88790812321604]]],[[[-77.11136876937555,38.889525843717536],[-77.11399017442989,38.891281039587085],[-77.11221215917492,38.891344113788904],[-77.11136876937555,38.889525843717536]]],[[[-77.13716759750574,38.90532248537217],[-77.13445997847778,38.90389223823578],[-77.13564713870473,38.902724926606645],[-77.1352287510585,38.899284504169],[-77.13725753809726,38.901622865177096],[-77.13666157056697,38.90389410826334],[-77.1386077661481,38.9048693329507],[-77.13902870488569,38.9066221671974],[-77.13860539703695,38.90655691180993],[-77.13801181415698,38.90714058347444],[-77.13640372441755,38.90655507629904],[-77.13716759750574,38.90532248537217]]],[[[-77.09533654905421,38.90528044012789],[-77.09957901935029,38.900871673712125],[-77.10364406032042,38.90048679821473],[-77.10254171403835,38.901329363434776],[-77.0999169580999,38.90126150008725],[-77.09821738695119,38.90437509048807],[-77.09660633621313,38.90547664509335],[-77.09533654905421,38.90528044012789]]],[[[-77.1102243141332,38.9139945613187],[-77.11531590802231,38.90802837569436],[-77.1160772622817,38.90848349328834],[-77.1151425121085,38.91036485208888],[-77.12005462203643,38.910110107637706],[-77.11979895227952,38.91108346341101],[-77.1146339574413,38.9106239634285],[-77.11251444507616,38.91198483492538],[-77.11132676322175,38.913151926408844],[-77.11055633211481,38.91775952039781],[-77.1102243141332,38.9139945613187]]],[[[-77.13949956971656,38.93336426831174],[-77.14213696045688,38.92499337297576],[-77.14510534195028,38.92207488106596],[-77.1460416656558,38.91850571155472],[-77.14384412797641,38.915128845281394],[-77.14223581498477,38.91454341314138],[-77.14283169582966,38.9122721401287],[-77.14029164265708,38.91188066374932],[-77.14105550580281,38.910648048017606],[-77.13944731416247,38.91006258005255],[-77.13826484966091,38.90785476979755],[-77.13852026133063,38.90688137637411],[-77.13979019257997,38.90707713908251],[-77.14181934309593,38.90941542777834],[-77.14207013482557,38.9118171866166],[-77.14384862389358,38.91175368397459],[-77.14470422228665,38.905133839256465],[-77.14571883306347,38.90630294716067],[-77.14792049828394,38.90630461725586],[-77.14758011806077,38.90760250078081],[-77.14520819934799,38.90824976311179],[-77.14520376664717,38.911624922921376],[-77.14333790197581,38.91370049360434],[-77.14638431351925,38.915520249051745],[-77.14587363296863,38.91746707009059],[-77.14722670869341,38.91902586857799],[-77.1461201951881,38.92324398829155],[-77.14315180671151,38.92616250495225],[-77.14059964944312,38.934208956073526],[-77.13949956971656,38.93336426831174]]],[[[-77.1164775060082,38.92204946963701],[-77.11953203065484,38.91880714118234],[-77.12232788162252,38.91822568167917],[-77.12334231556007,38.91939497467325],[-77.12639111829115,38.919527640860835],[-77.1252887469983,38.920370410409404],[-77.12215743713851,38.918874589390846],[-77.11876771767521,38.920039625609505],[-77.1164775060082,38.92204946963701]]],[[[-77.11503394407116,38.9241899482735],[-77.11537498182622,38.922892151335965],[-77.1157983637966,38.92295748617574],[-77.11605412870729,38.921984137123815],[-77.1164775060082,38.92204946963701],[-77.11503394407116,38.9241899482735]]],[[[-77.13264908127414,38.92589415627103],[-77.13179972622115,38.92745118353998],[-77.13086768800957,38.92764508179779],[-77.13120845976414,38.92634724072979],[-77.13264908127414,38.92589415627103]]],[[[-77.08216802112058,38.9251907593558],[-77.08387603993823,38.91870221893896],[-77.08201928905827,38.91571412751492],[-77.08480808869983,38.91850867409313],[-77.08284027945534,38.92765809081132],[-77.08216802112058,38.9251907593558]]],[[[-77.12129131475608,38.930557040777046],[-77.1215442676343,38.9312712634394],[-77.11866548787788,38.93048957412028],[-77.11875073965156,38.93016512217888],[-77.12129131475608,38.930557040777046]]],[[[-77.08241689975128,38.92759264341288],[-77.08139192185641,38.9314857624206],[-77.07935661118744,38.932521644444655],[-77.08157014262626,38.92746174428172],[-77.08241689975128,38.92759264341288]]],[[[-77.1176366952397,38.93775816449885],[-77.1180573192481,38.939511077631266],[-77.11831027151028,38.94022530777289],[-77.11754857137646,38.939770201944896],[-77.1176366952397,38.93775816449885]]],[[[-77.0785060394011,38.93407830789002],[-77.07994714158187,38.93362583523132],[-77.08036683435773,38.93537887503267],[-77.08188968736818,38.93628953806809],[-77.08002511416545,38.936676577818446],[-77.0794270745186,38.938947555990055],[-77.0785060394011,38.93407830789002]]],[[[-77.1032200111135,38.94566169399248],[-77.09644071124514,38.94630305972002],[-77.09559034375427,38.947859843298865],[-77.09651938857894,38.94935379731145],[-77.09261892625446,38.95077715999472],[-77.09109563598163,38.949866626839],[-77.09075403903636,38.951164361820275],[-77.08812749730544,38.95109624842981],[-77.08736231366808,38.95232854472467],[-77.0861771564968,38.95180781331432],[-77.08804562722688,38.949733092309614],[-77.08940157542257,38.949604940494226],[-77.08974318915931,38.948307209525886],[-77.0936401625956,38.948571525177435],[-77.09322007415875,38.946818527068835],[-77.0951702124667,38.94610685197174],[-77.09551170696459,38.94480910576504],[-77.0940738828237,38.94357417333052],[-77.09475348826882,38.94266627321664],[-77.09889966098655,38.945332288101014],[-77.105846370864,38.94572948779634],[-77.10567884879049,38.94469078808385],[-77.10686402956495,38.94521133265463],[-77.10839049045603,38.94443408435983],[-77.10805846283128,38.94066910579844],[-77.10670271391336,38.94079746137221],[-77.10162426096193,38.93832538776358],[-77.10010111858202,38.93741496678643],[-77.10035714411018,38.93644164820278],[-77.1026418462244,38.93780726779733],[-77.1048444628631,38.93780970284601],[-77.1048413101183,38.93949728840487],[-77.10992298917246,38.940281644431394],[-77.10992602417015,38.93859405856133],[-77.11153760614108,38.93749232599993],[-77.11602519967519,38.93885997634352],[-77.11576647548749,38.94152091388465],[-77.11288735251127,38.94073908934349],[-77.11204337369134,38.93892081202472],[-77.11144331446202,38.942879531676056],[-77.1144077931268,38.94333694042015],[-77.11609890560476,38.94528587225199],[-77.11567249151548,38.94690812581609],[-77.11397841151074,38.94664677520099],[-77.11363133873013,38.95131974933223],[-77.11278424954045,38.95118906289575],[-77.10845124961465,38.957610347345685],[-77.11023088674476,38.957547326515],[-77.11353127989,38.96008214819807],[-77.11056612476263,38.959624717401276],[-77.10836591979078,38.95793479346033],[-77.10480346577796,38.95974834652563],[-77.10378241090208,38.96195407678668],[-77.10513855903244,38.96182575274037],[-77.10564123477964,38.96494186155219],[-77.10733571066496,38.96520332671042],[-77.10767090131107,38.967280727751934],[-77.10902714183453,38.967152361103636],[-77.10927705035077,38.96955420547166],[-77.10792384815956,38.96799498192606],[-77.10546739269708,38.96727834287673],[-77.10571718416944,38.96968019445737],[-77.10486989549706,38.96954945363113],[-77.10444941550635,38.96779648821586],[-77.10317851994903,38.96760036187857],[-77.10147753915656,38.97071402556524],[-77.09927392680332,38.97071153070655],[-77.0991031538496,38.97136041151865],[-77.10300139565543,38.97162443400813],[-77.10282745285778,38.97396091395876],[-77.10401308991383,38.97448148799189],[-77.10409528692539,38.975844638508875],[-77.10646665751786,38.97688575135703],[-77.10629281340474,38.97922223801746],[-77.10840825690859,38.98123665134321],[-77.10781382266875,38.981820184548525],[-77.10544227200134,38.98077909666051],[-77.10451580488804,38.97759760723972],[-77.10256812130764,38.976621837511544],[-77.10087988924121,38.972985118269435],[-77.09986179956562,38.97350322641384],[-77.10036107170414,38.978306956977974],[-77.09832472155954,38.97934315727342],[-77.09637707428017,38.97836729012548],[-77.09832802715047,38.97765556209966],[-77.09866961338007,38.97635780120865],[-77.09842333471815,38.9722683392432],[-77.09732316932956,38.97142327285964],[-77.09817377507146,38.969866472060765],[-77.09953008052437,38.96973820916565],[-77.09961873878727,38.96772617587525],[-77.10148723498818,38.96565124763631],[-77.10513226495395,38.9652009358842],[-77.10267593127605,38.96448424186955],[-77.10428819622543,38.96338259942395],[-77.10445890423804,38.96273371224442],[-77.10276449618,38.96247220789585],[-77.1037855891696,38.960266485844286],[-77.10234410777616,38.960719237177734],[-77.10099121834168,38.95915994006296],[-77.09912616089815,38.959547268209796],[-77.09751057908365,38.96233643383296],[-77.0930150302833,38.96434329113531],[-77.09284078430692,38.966679754542945],[-77.09191159383552,38.965185769226096],[-77.09378024452438,38.963110957826984],[-77.08962974023056,38.962132355612724],[-77.08988599271966,38.961159055219085],[-77.09615440799553,38.96246467451521],[-77.09599034468874,38.95973836861093],[-77.09844975429375,38.95876760404169],[-77.09887662167341,38.95714540694581],[-77.09633523935844,38.95675302772534],[-77.0965060027165,38.95610415211729],[-77.09854172866656,38.95506798523838],[-77.10006195658437,38.95766601743266],[-77.1017562430577,38.957927558504224],[-77.10268554292654,38.959421468501226],[-77.10641559363191,38.958646677200676],[-77.1095604681091,38.953392543902055],[-77.11151062274783,38.95268061126857],[-77.11169022505709,38.94696895023651],[-77.11296374825132,38.94547740123453],[-77.11482837162386,38.94508986587124],[-77.11330492262411,38.94417960618262],[-77.11254023786381,38.94541205651413],[-77.1095756864388,38.94495460300391],[-77.10669027383992,38.947547809018204],[-77.10652273554227,38.94650911017799],[-77.1032200111135,38.94566169399248]],[[-77.09994718555517,38.97317878540317],[-77.09960891269647,38.97278895522098],[-77.09952352565625,38.97311339597992],[-77.09994718555517,38.97317878540317]]],[[[-77.12537888487527,38.97034912654539],[-77.12876824233567,38.97087149505603],[-77.13055074412553,38.96912058890864],[-77.1336868736026,38.968928614772956],[-77.1334336706895,38.96821441304297],[-77.13656733508955,38.96970995968574],[-77.13834962080341,38.967958941818374],[-77.13902654019378,38.96873838944771],[-77.1368205739569,38.97042415518006],[-77.13402531102645,38.96931835181173],[-77.13071867739305,38.970159258679914],[-77.12851247566351,38.97184487707066],[-77.12614095400805,38.97080418629692],[-77.12537620687803,38.972036720513884],[-77.12266359670697,38.97229379655767],[-77.123255106834,38.97339778734287],[-77.1216429071507,38.974499677859605],[-77.12214637715097,38.97761572564486],[-77.1209577786284,38.97878292020611],[-77.12062215571693,38.97670555149843],[-77.11977475848194,38.97657491230724],[-77.12062773241097,38.97333036183274],[-77.1219868195028,38.971514259264275],[-77.12537888487527,38.97034912654539]],[[-77.12164567180817,38.972812083350064],[-77.12198406280535,38.97320185345283],[-77.12206934981783,38.97287739724406],[-77.12164567180817,38.972812083350064]]],[[[-77.08427227644714,38.97075841392352],[-77.08546853881941,38.96621638794441],[-77.08673936246807,38.96641269562404],[-77.08741927265004,38.96550483270496],[-77.09199355370151,38.966548925856024],[-77.09182272560842,38.96719779624523],[-77.08817751333545,38.96764771714498],[-77.08817397283529,38.96933530950179],[-77.08664677380877,38.97011231180948],[-77.08604866603476,38.972383332853745],[-77.08579591862636,38.97166903363954],[-77.0831686415355,38.97160081506448],[-77.08427227644714,38.97075841392352]]],[[[-76.93367593893932,39.04804233161306],[-76.93120412466003,39.050697450016365],[-76.93289996913161,39.05096130049497],[-76.93222449572963,39.05018071987893],[-76.93486157106562,39.048564527178094],[-76.93807377658256,39.05142837981485],[-76.94502286858229,39.05352220104513],[-76.94713600233435,39.05553938496103],[-76.9468706809368,39.05820001511037],[-76.95050782290406,39.06112946251176],[-76.95016319345035,39.06242683212763],[-76.94846701884794,39.06216321678132],[-76.94804977547359,39.0604096972432],[-76.94551245734948,39.05832661108875],[-76.94594332169773,39.056704916272984],[-76.94340619324218,39.05462178846614],[-76.93882851025134,39.05357220398704],[-76.93696016936141,39.05395709975617],[-76.93721878920469,39.0529841015391],[-76.93543666877477,39.05304464151252],[-76.93230355703616,39.05154399874362],[-76.93067953261983,39.054331029042814],[-76.93177901384038,39.055177582951885],[-76.93033458153505,39.05562834206917],[-76.92853063789046,39.06075161353804],[-76.92935697435081,39.06594639519606],[-76.93096691885351,39.066534600863086],[-76.93394242625342,39.06530871819837],[-76.93707616516589,39.066809323288346],[-76.93809672067106,39.066292543444824],[-76.93911025540797,39.06746336847542],[-76.94530579739829,39.06741335133237],[-76.94555749677335,39.06812794718948],[-76.94139604315585,39.06883198481706],[-76.94021003347285,39.06830984974538],[-76.93952732359898,39.06921692024225],[-76.94291303113755,39.071431987166974],[-76.94256129046613,39.07441695363778],[-76.94400602034209,39.07396605084966],[-76.94535767686517,39.07552708700244],[-76.94747827281773,39.07585665642027],[-76.94730589766883,39.07650533883116],[-76.94205097335815,39.07467536331556],[-76.94113046310673,39.07149260902185],[-76.93918245979428,39.070514261273935],[-76.93876539247911,39.06876070793918],[-76.93690371863865,39.067457990202755],[-76.93070816710352,39.06750758840506],[-76.93069376341884,39.070882815425655],[-76.92906924513218,39.07366983429131],[-76.93195165149072,39.07445594073709],[-76.9310100016695,39.07633595659342],[-76.93193730418106,39.0778311721598],[-76.93499239821823,39.0779685473378],[-76.93685430705042,39.079271296197916],[-76.93957156255314,39.07901827773913],[-76.93846460742755,39.07985940614134],[-76.94015417537791,39.081810776551116],[-76.93354753285502,39.07841934565961],[-76.93142692532497,39.07808953836824],[-76.93141973929256,39.07977715491145],[-76.93057148198491,39.07964522177841],[-76.93075841691137,39.075621330212854],[-76.92830007499143,39.07490117235328],[-76.92581251839384,39.08093142912273],[-76.9266461877096,39.08443862967352],[-76.92442443819233,39.08780826678976],[-76.92662429362042,39.08950148598809],[-76.92644439715038,39.0918377611207],[-76.92897509443353,39.09560887077089],[-76.92821295280983,39.09515259154227],[-76.92685400595391,39.09527898439626],[-76.92577593149923,39.08936951988512],[-76.92416552308006,39.08878124449596],[-76.92212356769487,39.08981457124096],[-76.9193909145562,39.09344244839731],[-76.9164140095206,39.09466798890186],[-76.91529898570393,39.09719653452007],[-76.9136884886392,39.096608122521204],[-76.91266733372099,39.09712470475649],[-76.91463084937884,39.09472823087312],[-76.91709724707114,39.093761041166886],[-76.91727744884567,39.09142477873099],[-76.91888786008414,39.09201314365665],[-76.92084359963843,39.09130419335256],[-76.9210236748663,39.08896792656352],[-76.92374134807169,39.08871525378557],[-76.92332454892414,39.08696164279049],[-76.92468334637086,39.08683528872062],[-76.92580520169466,39.08261904622078],[-76.9248779642603,39.08112378358514],[-76.92615767031161,39.07963412274581],[-76.92566189809102,39.076517233340404],[-76.92831459063478,39.07152594315494],[-76.92638866528074,39.06548455580195],[-76.92707150405204,39.06457755811],[-76.92579939715523,39.064379612268745],[-76.92546895722103,39.06230169080598],[-76.92789145120659,39.051532961313924],[-76.92950829249837,39.050433576399755],[-76.92874662110967,39.049977304185234],[-76.92951552000004,39.04874596882708],[-76.92799222205252,39.04783342012134],[-76.92876835551043,39.044914483485336],[-76.93124006213868,39.042259416211344],[-76.92912775535963,39.0402419666043],[-76.92855314761057,39.0357618329754],[-76.9274539975164,39.034915253359735],[-76.92813653594284,39.03400825464696],[-76.92669979282681,39.03277136698978],[-76.9268795349734,39.03043511603965],[-76.92501905520155,39.02913222893316],[-76.9251915168537,39.02848358283738],[-76.92688682149107,39.02874751439497],[-76.92698761186999,39.02504798840558],[-76.92792870161337,39.0231680198404],[-76.93056489296123,39.02155192576094],[-76.92988971775773,39.020771336349924],[-76.93065828853632,39.01954000001568],[-76.93201581364252,39.019413567270995],[-76.93311478256273,39.02026010431994],[-76.93447231683876,39.02013364470468],[-76.93142683329152,39.01830865917436],[-76.93228153694363,39.01675298646527],[-76.9338904162082,39.01734114927606],[-76.93457270945514,39.01643411785182],[-76.93483122781805,39.0154611307956],[-76.9323748788731,39.01474106101572],[-76.9339908345668,39.01364162458716],[-76.93425646454254,39.010981042064685],[-76.93103900745773,39.0098047063616],[-76.93377506211179,39.00448903076409],[-76.9328558020068,39.00130625329059],[-76.93412682518678,39.001504124782144],[-76.9343852964591,39.000531140996884],[-76.9337893096949,39.001113841475615],[-76.93226695549372,39.00020135241328],[-76.93279822395719,38.99488020676159],[-76.93169964207782,38.99403367036833],[-76.9319581192699,38.9930606927833],[-76.93391107162002,38.992351548917235],[-76.93187912798489,38.99169742688712],[-76.9323099016319,38.990075797330384],[-76.93112524088585,38.98955358244357],[-76.93044315673055,38.990460591031585],[-76.92816003703643,38.9890917912309],[-76.9284185440047,38.988118821766],[-76.92672418042422,38.987854912852804],[-76.92655911865306,38.986815966616334],[-76.92528837262738,38.986618018101694],[-76.92529569165995,38.984930428456494],[-76.92409647177979,38.987783326359846],[-76.92570464431327,38.98837159251125],[-76.92544610015639,38.98934455636168],[-76.92756409411936,38.98967446077539],[-76.92540951682227,38.99778251484351],[-76.9222716015975,38.99796922547912],[-76.92481348068706,38.99836517197468],[-76.92650078983037,39.000316700731695],[-76.92378642843987,39.00056943002372],[-76.9231829869679,39.00283967342778],[-76.91945618203506,39.00192136599308],[-76.91799775097485,39.00574716592443],[-76.91918258118869,39.00626950743228],[-76.9178252790813,39.00639579960847],[-76.91688414521637,39.00827568643915],[-76.91772404855888,39.01009530681843],[-76.91967014516621,39.01107398081416],[-76.91890147783651,39.01230524742427],[-76.92127138191226,39.013349903031795],[-76.92066775590665,39.01562013888478],[-76.92261403994617,39.016598767618476],[-76.92184536406484,39.017830053563095],[-76.92048785084359,39.017956375086385],[-76.92116289900765,39.01873701525166],[-76.92022169171553,39.02061693115964],[-76.91937414471447,39.02048492295865],[-76.9199778514725,39.01821469158405],[-76.91803155966348,39.01723602127035],[-76.91897277981205,39.015356123007514],[-76.91813278448339,39.01353650952182],[-76.91686159457613,39.01333847389631],[-76.91661788970015,39.0109362305841],[-76.91364431459081,39.01216168699314],[-76.91287553376522,39.013392916512636],[-76.90990947401144,39.01293068757523],[-76.91272583835982,39.0089787566077],[-76.91017598219436,39.01027015696361],[-76.90932857398641,39.010138080421406],[-76.91018365421085,39.00858256193141],[-76.9093362656486,39.00845048547764],[-76.90890487103644,39.01007203998247],[-76.90534268293338,39.010192281177446],[-76.90466008378114,39.011099151021014],[-76.90575860867173,39.01194592898899],[-76.90677861686922,39.01142941124705],[-76.90838717211281,39.01201790397116],[-76.90753201308465,39.013573410954166],[-76.90677086555145,39.01311700684609],[-76.9054134141299,39.013243163467635],[-76.90718684244759,39.01487065070674],[-76.90572750635319,39.01869631448338],[-76.90717135766282,39.0182458443151],[-76.90597087752234,39.02109858220648],[-76.90681840733899,39.02123068190197],[-76.90627728109035,39.02823933864948],[-76.91051537985184,39.02889976963164],[-76.91119042254498,39.02968046542607],[-76.91016251507786,39.03188462201663],[-76.90593201845881,39.02953657806042],[-76.90455864988682,39.03303792742835],[-76.9029418182366,39.03413698429254],[-76.90497468739139,39.034791584504205],[-76.90428404110772,39.03738605827748],[-76.90615212907437,39.03700165505601],[-76.90767492597145,39.03791446985622],[-76.9136953866721,39.038514651839215],[-76.91460670577858,39.04338519533713],[-76.91604345289424,39.044622225122545],[-76.91587087134606,39.04527086029342],[-76.91383761109876,39.04461643725581],[-76.9128324158892,39.04175780629962],[-76.91038306713446,39.03934969447732],[-76.90936269286868,39.03986624423279],[-76.90741596439834,39.03888740398466],[-76.90656046857548,39.04044291125176],[-76.90461376239078,39.039464026987844],[-76.90367185892478,39.04134382397534],[-76.90282410037895,39.04121170235571],[-76.90230601699335,39.043157551103675],[-76.90323230600575,39.04465297197527],[-76.90484156759132,39.04524151391424],[-76.90618408037264,39.04849057355948],[-76.90889258606877,39.049925833300186],[-76.90854726711167,39.0512230847961],[-76.9055011321298,39.049397453862824],[-76.90489671435465,39.05166762683442],[-76.9062548841408,39.05154147503956],[-76.90674965394167,39.05465842784359],[-76.90776252154645,39.05582950608644],[-76.90954473322327,39.05576936307853],[-76.91317264137696,39.0603875112744],[-76.91265469834715,39.062333409702596],[-76.91350272109683,39.062465464713256],[-76.91213672758566,39.06427930664671],[-76.91417810759609,39.06324614880573],[-76.91621189203366,39.06390056840813],[-76.91417052255208,39.064933759784545],[-76.9139902865907,39.067270006346355],[-76.9122077965969,39.06733021324898],[-76.91066899314377,39.069792673280936],[-76.90939683966171,39.069594559322894],[-76.90922413949943,39.070243188120486],[-76.91134441729312,39.07057337380417],[-76.9098918671106,39.07271150964055],[-76.91283751537689,39.078236587048146],[-76.91026987646003,39.082903237082306],[-76.91195875797744,39.08485499181883],[-76.91110281821625,39.08641054312795],[-76.9100107893058,39.08387618440499],[-76.90865202169603,39.084002377993855],[-76.90986880935456,39.07777435198577],[-76.9069001410994,39.07731204604487],[-76.90664879004801,39.07659737074929],[-76.90801515204915,39.074783585117196],[-76.90971147431901,39.0750477532773],[-76.90810151330524,39.074459271311866],[-76.90895737655254,39.072903744090056],[-76.90810924026735,39.0727716578076],[-76.90846238787009,39.069786789941325],[-76.91033896116252,39.06771470958672],[-76.91205803066188,39.06291601191056],[-76.91139031947576,39.06044770637463],[-76.91011832757273,39.060249600133986],[-76.91046366137272,39.05895234221014],[-76.90766844566066,39.05784142702396],[-76.90656144392709,39.058682267996474],[-76.90665555153888,39.05667034759846],[-76.90767618091006,39.05615381857325],[-76.90631792741709,39.0562799860087],[-76.90488111540303,39.05504284122396],[-76.90252579651909,39.05062265193361],[-76.90099490861485,39.051397378124044],[-76.90193701154867,39.049517598168],[-76.9032951463045,39.04939147877874],[-76.903302982169,39.047703873101554],[-76.9016073211767,39.04743961875278],[-76.89905591860708,39.04873079906767],[-76.8987104298059,39.0500280229425],[-76.90014703769886,39.05126523800332],[-76.89929124068698,39.05282069853175],[-76.89995055667745,39.05697667344811],[-76.90156006451058,39.05756525916855],[-76.89951866471753,39.05859820864474],[-76.89925952029272,39.05957112926545],[-76.90010748647518,39.05970327563659],[-76.89908675348896,39.060219742805586],[-76.8987253237327,39.06489218888354],[-76.89684849224761,39.06696409277555],[-76.89574923964548,39.06611722801104],[-76.89703726139105,39.0629402614322],[-76.89372363747971,39.063774863367236],[-76.89714759815456,39.057553129828754],[-76.89799553695784,39.057685290566845],[-76.8968964113032,39.05683843735066],[-76.89800349674621,39.055997682773715],[-76.89715557761325,39.05586552212938],[-76.89792507383234,39.05463438110376],[-76.89707717074326,39.05450221995596],[-76.89674759667771,39.05242422583598],[-76.89334804726883,39.05358312087794],[-76.88857377484779,39.05824311090471],[-76.88949997358004,39.059738638108975],[-76.88660216094414,39.06232676552353],[-76.88796056162016,39.06220081350456],[-76.88717439285188,39.06680711360285],[-76.89073938560388,39.06668739247396],[-76.89387229169235,39.0681890874034],[-76.89200333721651,39.068573308020525],[-76.89182237968873,39.070909523894535],[-76.88944286227658,39.07155190731719],[-76.88772209528038,39.076350299439255],[-76.8856017563415,39.076019710344454],[-76.88996964006745,39.06791849162843],[-76.88827355597482,39.067654054329836],[-76.88750375843482,39.06888513842245],[-76.88589411377903,39.06829636941764],[-76.88700150100466,39.067455711171036],[-76.88530543851095,39.06719123337971],[-76.88607525534434,39.065960163281666],[-76.88506259601131,39.0647889061485],[-76.88370414194685,39.064914826541425],[-76.88293429602541,39.06614588171772],[-76.88166228202182,39.065947483952804],[-76.88140287238063,39.06692036858661],[-76.87970684275452,39.066655814400725],[-76.87927444165739,39.068277281985985],[-76.87817537397653,39.06743026156152],[-76.87391828269024,39.0701439419052],[-76.87315675385524,39.06968732732938],[-76.8786077945528,39.06580879804796],[-76.8802424444617,39.06133483498072],[-76.88228419498955,39.06030220175343],[-76.88355611190362,39.06050059295209],[-76.88405825352277,39.061930032349395],[-76.88499266882083,39.06173798553239],[-76.88380718024455,39.061215312859005],[-76.88508737735776,39.05972608043379],[-76.88339150217887,39.05946157688149],[-76.88560603972743,39.05778029790768],[-76.88009463191443,39.05692060008062],[-76.8792383392652,39.05847592398171],[-76.8766081248936,39.058403331316306],[-76.87763742467102,39.05619944249465],[-76.87696249610363,39.05541856080801],[-76.87908219486538,39.05574929609098],[-76.88027593150825,39.05458440713443],[-76.88248207296344,39.0545907909995],[-76.88536321873157,39.055377975287456],[-76.88628931490837,39.056873525668045],[-76.88774224278325,39.05473567184732],[-76.88943802354244,39.055000115792424],[-76.8896972831148,39.05402721644782],[-76.88605471118223,39.05278359870809],[-76.88282787302415,39.05329361124163],[-76.88165087657222,39.051083313430794],[-76.88453187433527,39.05187051651264],[-76.88742113938346,39.0509700472745],[-76.8914875761674,39.052279726346754],[-76.89301858396097,39.051505117201586],[-76.8927755389886,39.049102811721625],[-76.89524067956144,39.048136063704256],[-76.89558622128091,39.046838849906926],[-76.89355309981852,39.04618409467589],[-76.88990270845044,39.046628195703896],[-76.89016193195127,39.04565529681087],[-76.8887256048263,39.04441796749233],[-76.88677081341707,39.045126406416315],[-76.88524812795626,39.044213334215904],[-76.88253198463548,39.04446516330652],[-76.88254861877027,39.041089958020734],[-76.8843304899599,39.04103017687568],[-76.88525638214463,39.042525731220316],[-76.88695186908853,39.042790208537205],[-76.88984074333666,39.04188968443818],[-76.89076675980799,39.04338519792651],[-76.89584536947868,39.04586593911967],[-76.89840467757145,39.04288722143032],[-76.89783194193409,39.03840694387965],[-76.90003759405417,39.03841301597113],[-76.8986012419453,39.037175802390045],[-76.89996706392604,39.03536211785605],[-76.89930001615969,39.03289375917915],[-76.89582306064993,39.03268942234868],[-76.89496738976386,39.034244848116046],[-76.8937822777108,39.033722273116844],[-76.89063460237173,39.035595786214614],[-76.8894494994406,39.035073169752465],[-76.8920086896711,39.03209458934367],[-76.8943868932995,39.03145216123261],[-76.89541527279295,39.02924813540076],[-76.89999079759471,39.030299315096535],[-76.90067363519745,39.02939246805154],[-76.90095631734776,39.02335675250234],[-76.89927708543999,39.01971727191482],[-76.8984295869591,39.01958512078195],[-76.89817056697275,39.02055803263697],[-76.89791949783708,39.019843346743656],[-76.89401942531381,39.01957288037987],[-76.89350126050773,39.02151868530095],[-76.89036223945385,39.02170459005703],[-76.88993034317855,39.02332608211756],[-76.89077786980646,39.02345829133965],[-76.88941204222603,39.02527187118337],[-76.88635924836326,39.02513337678632],[-76.88567627226419,39.02604014447006],[-76.88526075017539,39.02428642536283],[-76.88356570076283,39.024021925793264],[-76.88405931086184,39.02713895420452],[-76.8860054104032,39.02811815855521],[-76.88667196309562,39.03058658662448],[-76.88420730353819,39.03155316169748],[-76.88149162948646,39.03180496749042],[-76.88149996944205,39.030117368312496],[-76.88311703574014,39.029018591353584],[-76.88219968274764,39.02583542647719],[-76.88143022504916,39.027066464004434],[-76.87973512477316,39.02680191202647],[-76.87862827260662,39.027642499580786],[-76.8743125879879,39.0256176708484],[-76.86990206474621,39.02560457388922],[-76.87123407605586,39.03054159818949],[-76.87021354738394,39.03105782551789],[-76.87054226635912,39.03313588230877],[-76.87020494539141,39.032745424193415],[-76.86927086360147,39.03293735882929],[-76.87104396318499,39.03456536749857],[-76.87078452343427,39.0355382246264],[-76.86926223950877,39.034624957975325],[-76.86857896106959,39.03553163306238],[-76.8693314806047,39.03767587298494],[-76.87051648133406,39.03819868163031],[-76.86831083829517,39.03819208530266],[-76.8685703206109,39.03721923290325],[-76.86662421231725,39.036239753845834],[-76.86773133410752,39.03539927206875],[-76.86903729422323,39.02884741664943],[-76.86795624931804,39.02462511761624],[-76.86413378736536,39.025717025854426],[-76.8639695338536,39.02467799029096],[-76.86168659165786,39.023307960583004],[-76.85744926276314,39.022645863981566],[-76.85737163599852,39.021282544602194],[-76.85693900671785,39.02290392170866],[-76.85752689243814,39.02400918362054],[-76.85608261940918,39.02445907689723],[-76.85591848376409,39.02342003090599],[-76.85463832851154,39.024908953410154],[-76.85302992333955,39.024319763194775],[-76.85200935277773,39.02483584038767],[-76.85157658280808,39.026457199766575],[-76.85428318973251,39.02789364451802],[-76.85173163301357,39.0291838483753],[-76.85016438778598,39.03670833629971],[-76.85272524452722,39.03373056480279],[-76.8524655626765,39.03470338350898],[-76.85398763726418,39.03561685603088],[-76.8535548472407,39.03723822524695],[-76.86150325081177,39.04219582121958],[-76.86166750865323,39.04323486312662],[-76.86650295722113,39.04331443951108],[-76.86744584709342,39.04143492388687],[-76.86921911304003,39.043062960969465],[-76.86793888432001,39.04455202552368],[-76.86979873546201,39.04585577093008],[-76.86843196382388,39.04766912688109],[-76.8675841956219,39.04753676460793],[-76.86782640293703,39.04993911863501],[-76.86638167852564,39.05038913368046],[-76.86435746083933,39.048046296902555],[-76.86581085717,39.045908702927385],[-76.8588647766141,39.04381045436908],[-76.85717827395632,39.04185799277163],[-76.85369202200681,39.043340076970885],[-76.85185058266171,39.038660891402266],[-76.84981808391285,39.038005421339534],[-76.84825956357781,39.04384229563034],[-76.84993679855826,39.04748248046818],[-76.84916656550259,39.04871332255964],[-76.84814562508535,39.049229370142946],[-76.84653673449036,39.048640093393416],[-76.8481638566367,39.04585416690326],[-76.84545670201081,39.04441758439378],[-76.84691058145137,39.04228021294037],[-76.84692886858953,39.03890501392853],[-76.84523361797274,39.03863999050614],[-76.84225770766437,39.03986374257744],[-76.84122756681805,39.04206733185699],[-76.84274965436448,39.04298094324343],[-76.83739442165955,39.04484602031076],[-76.83662400420796,39.04607678406002],[-76.83705722439889,39.04445547140775],[-76.83511134706114,39.04347549741987],[-76.83833808381316,39.04296672523707],[-76.83826079369616,39.041603389263855],[-76.8400427136958,39.04154424345473],[-76.83912708846057,39.03836075398025],[-76.84124611770044,39.03869213381095],[-76.84141934927138,39.038043603252724],[-76.83871261869078,39.036606875689486],[-76.83888586788969,39.03595834889537],[-76.84583979004259,39.03637011336671],[-76.84881549708543,39.03514627620356],[-76.84843724174672,39.026642044859756],[-76.84555763433461,39.02585400816934],[-76.84453698921965,39.02637002408265],[-76.84154303587964,39.03096894867112],[-76.84197605639989,39.029347623042234],[-76.8400305170296,39.02836772863163],[-76.84198531306471,39.02766002736031],[-76.84301522687429,39.02545643717082],[-76.84013572516515,39.02466827491313],[-76.83639946619155,39.0254350656599],[-76.83343340237201,39.024971009063265],[-76.83223940165394,39.02613544186992],[-76.83333731010883,39.026982862442466],[-76.83044832888375,39.0278820699784],[-76.83010171538771,39.029179098083176],[-76.83128629553114,39.029702280212234],[-76.83161389594484,39.03178043938782],[-76.82958177196036,39.031124638955944],[-76.82982266911041,39.03352706013043],[-76.82855137080097,39.03332811981008],[-76.82845513242036,39.03533997223546],[-76.82709713073469,39.03546527306495],[-76.82785801185105,39.035922167127474],[-76.82725128218767,39.03819195629273],[-76.82546943395397,39.03825091856355],[-76.824034354263,39.0370128430706],[-76.82489157478776,39.03545790570097],[-76.82413071716874,39.035000993501754],[-76.8251516282147,39.0344851445642],[-76.8254213162905,39.03182478743916],[-76.82635549942843,39.031633182651746],[-76.82603767672661,39.027867415132135],[-76.827992595465,39.02715993418213],[-76.82842589539312,39.02553865684997],[-76.82978370942917,39.025413341702205],[-76.82961994737138,39.02437426082573],[-76.82545987824179,39.02507440980282],[-76.82333162881298,39.02643035485656],[-76.8203656078211,39.025965986069046],[-76.8187672519803,39.023688759109895],[-76.8167354699523,39.02303274937168],[-76.81742910272303,39.02043876976414],[-76.81912382770498,39.02070417186133],[-76.81964397638026,39.01875867815795],[-76.82252302200237,39.019547314783374],[-76.82395773134269,39.02078540411381],[-76.82377470696274,39.02312150097078],[-76.82529617872407,39.024035323284224],[-76.82809841419193,39.02346049143657],[-76.82997608109274,39.021389642095016],[-76.83157473736284,39.02366672389838],[-76.83709242050338,39.02284097523711],[-76.83769871497675,39.0205711438608],[-76.83567625117676,39.01822785165667],[-76.83152608993387,39.01724061083643],[-76.82830044686129,39.01774920387491],[-76.82983140041152,39.01697537815633],[-76.82900317286409,39.01346757120607],[-76.83077489638049,39.01509614934743],[-76.83391378395122,39.01491175110771],[-76.83450125516991,39.01601712053689],[-76.83831431204409,39.01661371805953],[-76.84245528537394,39.01928832479194],[-76.8429563346163,39.02071792006984],[-76.84364901012559,39.01812379509043],[-76.8444963919064,39.018256320051414],[-76.84582654395115,39.02319361064647],[-76.84938946660068,39.023075076772805],[-76.84990882260759,39.02112945562937],[-76.84796339620053,39.020149686836525],[-76.84864678711257,39.019243127517534],[-76.85482932377765,39.020885215775365],[-76.85729401214408,39.0199192254815],[-76.85645550736898,39.018099193758516],[-76.8538357562137,39.01633852590657],[-76.84664230158718,39.01352482952374],[-76.84368587324035,39.01137342721659],[-76.8411439821395,39.01097581884969],[-76.839189626293,39.01168350493559],[-76.83360509178921,39.00945842336234],[-76.83140032372992,39.00945117160478],[-76.83063017974052,39.01068189088591],[-76.82970581614046,39.00918593754568],[-76.82902228366912,39.010092391117105],[-76.82580656971122,39.00891332928087],[-76.82537331043639,39.01053459304526],[-76.8239291061679,39.01098411134699],[-76.82147400795695,39.01026184865401],[-76.82444905681916,39.0090386006056],[-76.82445871751388,39.007351011892666],[-76.82666342122349,39.00735838691654],[-76.82616278419853,39.00592872902735],[-76.8287814905595,39.0076899776851],[-76.8294650034572,39.00678352579052],[-76.83098620497739,39.00769727594593],[-76.8321799231166,39.00653285870552],[-76.83878463546972,39.008242044579475],[-76.83946802890154,39.00733553753845],[-76.8373592823252,39.00531653995446],[-76.840998644479,39.00656157544619],[-76.84134495591694,39.0052645217487],[-76.83906304911349,39.003894080500196],[-76.84186439991903,39.00331893989653],[-76.8426435138283,39.000400564175614],[-76.8445883404636,39.00138041318207],[-76.84406898315389,39.003326005828725],[-76.84482963469635,39.00378279349271],[-76.84448339244459,39.005079856601746],[-76.84261579875975,39.0054633301941],[-76.84217368521264,39.00877224168037],[-76.84640091517025,39.01112244897009],[-76.85063747219525,39.01178492132544],[-76.85325698192663,39.01354565534722],[-76.85495167690561,39.01381056815504],[-76.85428635441532,39.01134197682001],[-76.8552201984168,39.01115015557173],[-76.85724309499948,39.01349312669057],[-76.85672398970752,39.015438776061195],[-76.8586694081113,39.016418406841886],[-76.86026002208109,39.02038271177727],[-76.86237862375081,39.02071373006381],[-76.86426398194598,39.01695476916691],[-76.86360706776175,39.01279863337147],[-76.86250902080687,39.01195148243101],[-76.8633651234647,39.01039628612052],[-76.86288128281087,39.005591593002286],[-76.86169686811719,39.0050687143368],[-76.86186104489079,39.00610774957586],[-76.8595698795876,39.00642527588615],[-76.85957872518546,39.004737685264615],[-76.85780660919622,39.00310952092244],[-76.85517841807456,39.00303647524086],[-76.85815260452198,39.00181242107695],[-76.857054786906,39.00096522339763],[-76.85791976010361,38.99772247881969],[-76.86053893973182,38.999483055231984],[-76.8601841671652,39.002467750846066],[-76.8632271994573,39.00429447850121],[-76.86399672431281,39.00306355836129],[-76.8626481604505,39.00150165715996],[-76.86384127008809,39.00033693671444],[-76.86231980989866,38.9994235902457],[-76.86257923405243,38.99845075656376],[-76.86606315390428,38.996968433944694],[-76.86876894974397,38.9984045560768],[-76.8666336067916,39.001448827125735],[-76.86578638047986,39.0013164535989],[-76.8652675905725,39.00326213485989],[-76.86729925778872,39.00391734834479],[-76.86712633820827,39.004565911315375],[-76.86534534608404,39.00462544530214],[-76.86380628292598,39.00708729838905],[-76.86710899684594,39.007941093987014],[-76.86455836751306,39.009231557123286],[-76.8642901946291,39.01189198906154],[-76.86529306919401,39.01475099817653],[-76.86741152972716,39.01508193028743],[-76.86639119083739,39.015598124881585],[-76.86654677327354,39.01832475005573],[-76.86492969443073,39.01942330928685],[-76.86441075244544,39.02136899268051],[-76.86729038649233,39.022156591602474],[-76.86882101783824,39.021382284664],[-76.8745889441612,39.021269615069635],[-76.87569574602558,39.02042906440815],[-76.87696694765802,39.02062752170204],[-76.87611101543071,39.022182814389225],[-76.87814330887564,39.022837852428744],[-76.87815172549656,39.021150256003104],[-76.88222465011148,39.020772635277744],[-76.88503456601357,39.018508923068325],[-76.88740418565293,39.01955422609368],[-76.88851081329865,39.01871356145424],[-76.89156334179549,39.01885200281573],[-76.89480465005865,39.01496657430201],[-76.89675855266618,39.01425801254888],[-76.89431066210224,39.011849594871144],[-76.8976139501298,39.012702579603],[-76.89668818349145,39.01120712483804],[-76.89829665217505,39.01179574826388],[-76.90008569923177,39.01004814670463],[-76.89932463530987,39.009591697211874],[-76.90000728683232,39.00868485692373],[-76.90119203569002,39.009207370360656],[-76.90145097484748,39.00823445400505],[-76.89679048538524,39.00750763420623],[-76.89535479873634,39.00627038941268],[-76.89230279097913,39.00613204154563],[-76.89238105623514,39.007495335627105],[-76.890600013116,39.0075552319341],[-76.89163627129223,39.003663653601514],[-76.89036532608638,39.00346534702919],[-76.89019261322886,39.004113942061494],[-76.88900802633583,39.003591324095396],[-76.88781526630417,39.00475628697862],[-76.88034572090761,39.00629262010378],[-76.88102857804907,39.0053858846667],[-76.87865951154609,39.004340462386885],[-76.87782065182647,39.00252057958014],[-76.88349239328714,39.004419376839735],[-76.88765891574367,39.00202969450699],[-76.88614534985001,38.999429048706936],[-76.89079709475662,39.00184385869101],[-76.89317432017664,39.001201456974165],[-76.89460986970565,39.002438725979815],[-76.89349550170216,39.00496703529328],[-76.89485281934783,39.00484100913781],[-76.89562181481612,39.00360989292928],[-76.89723010689133,39.00419852945074],[-76.89730846240863,39.005561820001304],[-76.8979047777875,39.004979294289576],[-76.89908945119309,39.005501827478305],[-76.89943472177097,39.00420461220442],[-76.90070570460921,39.004402825951885],[-76.90027414161784,39.00602434940621],[-76.90256511639984,39.005706071967836],[-76.90239250699855,39.00635468419981],[-76.90417351099835,39.00629461873647],[-76.905609348111,39.00753176155012],[-76.90595451205634,39.00623452772454],[-76.90968905065293,39.00546564694553],[-76.91030060356846,39.00150787507991],[-76.91293640159348,38.99989216093649],[-76.91328139864413,38.99859490832584],[-76.91209673578892,38.9980725111407],[-76.9131165044777,38.99755594247901],[-76.91303786136784,38.99619266365807],[-76.91540715638521,38.997237428493825],[-76.91950091202024,38.99179581269412],[-76.91808012282834,38.98718365358674],[-76.9163933440667,38.9852320143935],[-76.91733419257507,38.9833521380967],[-76.9155613054493,38.981724803910105],[-76.91719179470552,38.9772504172603],[-76.91474447277444,38.97484241646605],[-76.9151755284454,38.97322085058318],[-76.91381883574947,38.973347098306824],[-76.91236829884605,38.9754852285983],[-76.91210199820388,38.97814574940842],[-76.91312148761983,38.977629182297484],[-76.91387472077434,38.97977313212173],[-76.91293382917019,38.98165298116291],[-76.91030635807974,38.981581102791566],[-76.90724762035633,38.98313071067255],[-76.9041965605308,38.98299265567969],[-76.90291810452291,38.98448206606154],[-76.90182002729671,38.98363526663599],[-76.89859636606411,38.98414568289832],[-76.89673757628323,38.982842381852784],[-76.89427466757114,38.9838091492683],[-76.8949330717045,38.98796510347292],[-76.89645470158175,38.98887804854195],[-76.89568587590549,38.99010916705177],[-76.89745852275645,38.99173678722428],[-76.89677599848278,38.99264361105807],[-76.8982977493305,38.993556534198184],[-76.8968463533851,38.995694489676254],[-76.89515192800006,38.995430149475396],[-76.89643073536475,38.993940816563466],[-76.89466608785432,38.99062559191225],[-76.89373261135103,38.99081770920287],[-76.89467411752825,38.98893800311405],[-76.8930742499712,38.9866617467981],[-76.89360023190689,38.983028367293215],[-76.8877326433717,38.98684138834632],[-76.88825071549589,38.98489561826896],[-76.89071374101245,38.983928970232796],[-76.89029833798502,38.98217527979087],[-76.88673748483882,38.98229498664229],[-76.8842661915732,38.984949142163295],[-76.88265842984073,38.984360339484475],[-76.8813795089744,38.98584952828107],[-76.87977175070739,38.98526068812754],[-76.88003089104251,38.9842878201411],[-76.88436082025378,38.982937263208896],[-76.88496530779572,38.98066721574611],[-76.88251062709328,38.97994616356028],[-76.87936498771856,38.98181937478348],[-76.87758456233674,38.981879084132295],[-76.87869073047911,38.981038512036484],[-76.87903624860844,38.97974135848102],[-76.87818925246988,38.979609070045676],[-76.87921738990224,38.97740519665085],[-76.88269165736133,38.977609996587944],[-76.88666756669927,38.979244108633075],[-76.88718561321575,38.97729834526214],[-76.88878509071951,38.97957467421219],[-76.89132614493656,38.9799713052377],[-76.89091074974263,38.97821761790468],[-76.89302826316535,38.97854811103408],[-76.89233772476003,38.98114249484976],[-76.8935219701252,38.9816650792129],[-76.8932630195022,38.9826379749664],[-76.89581220753635,38.98134692759433],[-76.90114551228545,38.982854525685774],[-76.90505143148081,38.98143717917713],[-76.90852596400522,38.98164125600422],[-76.91133355064152,38.979376962793616],[-76.91117637345936,38.97665041079423],[-76.91032935491825,38.976518341776114],[-76.90989817172905,38.978139891630164],[-76.90651005594653,38.977611545871575],[-76.90042420319512,38.973960153835975],[-76.90262790232701,38.97396617984897],[-76.9055845529001,38.97611616567372],[-76.90948233945153,38.976386266979596],[-76.91160751934302,38.9750288568646],[-76.91272840872725,38.970812811489],[-76.9113717566759,38.97093903241384],[-76.90562342372513,38.967678241212546],[-76.90062042293931,38.968248794723095],[-76.90079295776172,38.967600188772884],[-76.89876200290098,38.96694552711953],[-76.89655851666076,38.96693943246478],[-76.89597049923752,38.96583436532607],[-76.89164180294428,38.96718532381283],[-76.89087312500804,38.96841640845536],[-76.88655239623183,38.96807960671739],[-76.88460789465995,38.96710042022934],[-76.88281953168607,38.96884778709583],[-76.88332102648722,38.97027720805781],[-76.87662389281125,38.97058227046694],[-76.87474037437228,38.97434139160629],[-76.86974527972168,38.97322311740926],[-76.86999591133439,38.9739378549855],[-76.86514764348205,38.977233581813614],[-76.86346251512873,38.9752812265402],[-76.86583911407281,38.974639350925806],[-76.86635768466506,38.972693675897034],[-76.86822431226926,38.97230984712424],[-76.86290122678929,38.96911325531351],[-76.8656146259176,38.968861858554426],[-76.86653921538633,38.97035753507402],[-76.86941685410814,38.97114507833735],[-76.86958106457051,38.9721840979011],[-76.87254520731034,38.972647287249984],[-76.87696939813746,38.969285124710424],[-76.88197265544589,38.96871552469771],[-76.88300052443473,38.96651162356546],[-76.88096976002399,38.965856670816144],[-76.87672715744253,38.96688281976284],[-76.87376322285031,38.96641973070525],[-76.8725708279941,38.9675845404407],[-76.87036732469167,38.96757798068706],[-76.86935628695593,38.96640661442069],[-76.87190533049119,38.96511606127541],[-76.87030669863181,38.96283951973885],[-76.86785276439103,38.962118179565316],[-76.86725655967604,38.962700557071756],[-76.8665826094431,38.96191963078498],[-76.86632336899847,38.962892467413546],[-76.86462981815549,38.96262771191331],[-76.8636878764593,38.964507182536025],[-76.86072412160064,38.96404378218671],[-76.86099224853875,38.961383377602466],[-76.86278095205282,38.959636327278716],[-76.86464726367717,38.95925255305044],[-76.86634073605671,38.95951730818236],[-76.86624563974962,38.961529166302356],[-76.86803422075486,38.959782040210136],[-76.86930434236197,38.959980574068695],[-76.8741087593989,38.96512259371576],[-76.87834289089841,38.96578411593258],[-76.88004493120523,38.96436110283254],[-76.88283613520527,38.96547262264634],[-76.88394199335734,38.964632005817506],[-76.87964664689513,38.95923222092641],[-76.88269666413868,38.95937087894578],[-76.88311175387565,38.9611245888412],[-76.88471900603966,38.961713383598],[-76.8839502688041,38.96294442435862],[-76.8850395758708,38.96547896097975],[-76.88825432970407,38.966656480530034],[-76.89181441525747,38.966536730451935],[-76.89325731795047,38.966086425741025],[-76.89505338046473,38.96265132705554],[-76.89083551040564,38.95861521327068],[-76.89008317476693,38.95647113041749],[-76.89699790368616,38.96363034920797],[-76.90098125115271,38.96357641677585],[-76.90148306630135,38.96500576319634],[-76.9030905527545,38.96559432029869],[-76.90223582598016,38.967149779587096],[-76.90605464017432,38.96605670875302],[-76.91171664437024,38.96964178992736],[-76.91663345607395,38.96939510305579],[-76.91799755672984,38.96758123985754],[-76.91977759903212,38.967520950902646],[-76.91859339533173,38.96699861820053],[-76.91944777074427,38.965443046295796],[-76.91851468265514,38.96563534921566],[-76.9186945217304,38.9632991348957],[-76.92098407114251,38.96298051965491],[-76.92150108454241,38.96103461788667],[-76.92328096384445,38.96097427873242],[-76.91938395141456,38.960704611448875],[-76.91380087847459,38.95848315517913],[-76.91202867602715,38.956855776562556],[-76.90839058502638,38.955612833037435],[-76.90806113572607,38.95353490179398],[-76.9027298357687,38.95202760748237],[-76.90231432531905,38.95027396556265],[-76.89546258502769,38.947853491866226],[-76.9011384028019,38.948063888582055],[-76.90392149319739,38.95086251063827],[-76.90831978505433,38.95256197937774],[-76.90959756998211,38.9510725204167],[-76.90933125738275,38.95373302570584],[-76.9122010821951,38.956207155838435],[-76.91693711325011,38.95829665980313],[-76.92337448301885,38.95896237742394],[-76.92489586325732,38.95987496980557],[-76.92465207223522,38.95747276204645],[-76.92295843564536,38.957208802935625],[-76.92397755478552,38.956692148250134],[-76.92424334292141,38.95403161041906],[-76.92204024551641,38.95402596827186],[-76.92196148231781,38.95266270405472],[-76.92450177773695,38.95305865421036],[-76.92484634674513,38.95176137863966],[-76.92773113973465,38.95085998625866],[-76.92944630366416,38.946061138214105],[-76.93403131649663,38.9437358904273],[-76.93626234553358,38.93699100354582],[-76.9352435893181,38.93750775769326],[-76.93118277555968,38.93619953468232],[-76.92405834658837,38.93812876832391],[-76.92101655398129,38.936303550143684],[-76.91678374946333,38.935643486970754],[-76.91695606304869,38.93499486158696],[-76.91890760412602,38.93428595982804],[-76.92237254398312,38.93617722440972],[-76.92575884680252,38.93670513395625],[-76.93084557855417,38.93580924716201],[-76.93110386047493,38.93483627970347],[-76.93279700621015,38.93510012678979],[-76.93365070390723,38.93354446419718],[-76.93500662059743,38.933418000390766],[-76.93433931898771,38.93094986863595],[-76.93603945055506,38.92952609473685],[-76.9343464226739,38.929262292115645],[-76.93527900287526,38.92906987114139],[-76.93520001883387,38.927706620102704],[-76.9367208942601,38.9286190634587],[-76.93690005785659,38.92628283503399],[-76.93571640194305,38.925760668802035],[-76.93452566402843,38.9269260669179],[-76.9335141589253,38.9257552304203],[-76.9341955987975,38.92484821348163],[-76.93165623472174,38.92445246338378],[-76.93336339275493,38.92134115286454],[-76.93217268944741,38.92250652769448],[-76.93005662800456,38.92217670514194],[-76.92887308789716,38.921654473884395],[-76.92913134597082,38.92068151240592],[-76.92540867016811,38.919763394644114],[-76.92490669721074,38.91833415409427],[-76.92101196031174,38.918064539512166],[-76.91830811941652,38.91662957308629],[-76.92000823007095,38.915206021703845],[-76.91898966326427,38.91572264081895],[-76.91814333911212,38.91559062626976],[-76.91873875122847,38.91500800815628],[-76.91695999145661,38.91506828177461],[-76.91449964303052,38.91603544113985],[-76.91432735242486,38.91668406144834],[-76.91559684848666,38.91688212020294],[-76.91465681381061,38.918761965446805],[-76.9103312619959,38.92011356689022],[-76.90905403525528,38.92160302702445],[-76.9085523705779,38.92017371994193],[-76.90677347622196,38.9202338474756],[-76.9026122606552,38.922624142677904],[-76.89972037001351,38.925212520520226],[-76.90073132418667,38.926383632488594],[-76.89835660778158,38.92702617185724],[-76.8964833190459,38.929098025177446],[-76.89276062485061,38.9281789263339],[-76.89681232740428,38.931175980021536],[-76.89697683862504,38.9322149573377],[-76.90153842452214,38.93495363951001],[-76.89739211747946,38.93396861268805],[-76.89652167865876,38.9388991774322],[-76.89348054428018,38.9370732838426],[-76.89569912646668,38.93370428235236],[-76.89502513960333,38.93292351380893],[-76.89282268320679,38.93291735283468],[-76.89452367230743,38.93149414779825],[-76.894272946042,38.93077946413759],[-76.88874656692471,38.934982890872284],[-76.88637146433234,38.93562520150082],[-76.8852578328308,38.93815341165487],[-76.8861043595678,38.938285651051984],[-76.8864331132285,38.94036363605176],[-76.8840660847794,38.93931832711],[-76.88210575432413,38.9417142568894],[-76.87675897876841,38.94358100114289],[-76.87362327527744,38.943766480505154],[-76.87345055489575,38.94441504641441],[-76.87472042318568,38.944613524390036],[-76.87709592177362,38.94397143606398],[-76.87928194859843,38.94735302978386],[-76.87699270837923,38.947670874776506],[-76.87615454327887,38.945850996253824],[-76.87488464949496,38.94565253292438],[-76.86995210473107,38.94927271784996],[-76.86876855551498,38.94874991110401],[-76.86715305563162,38.949848487541914],[-76.86351608141017,38.948604229512874],[-76.86071700712047,38.94917985393379],[-76.86004325220384,38.948398893654954],[-76.86132195158264,38.94690993300201],[-76.86368890023243,38.94795567705497],[-76.86386171597562,38.947307124416135],[-76.866574299061,38.94705570746027],[-76.86674708696388,38.94640715088496],[-76.86387045490743,38.94561954855653],[-76.86735182038153,38.944137201444825],[-76.86778374973602,38.94251580762764],[-76.87243978920999,38.943243709192416],[-76.87219778460934,38.940841404438764],[-76.874659532949,38.93987508124077],[-76.87727703633274,38.94163528928125],[-76.88109488689268,38.9405429906412],[-76.88050731735149,38.93943785443355],[-76.88178544084913,38.93794868475757],[-76.88060199074549,38.937425991745094],[-76.8793238522188,38.93891514911793],[-76.87848572964347,38.93709528858373],[-76.87542818369712,38.938644102110615],[-76.87509975186777,38.93656608845491],[-76.87764764896282,38.93527542284598],[-76.87731916898925,38.933197416036236],[-76.87841620064054,38.934044425985114],[-76.87943531150913,38.93352813892407],[-76.88146516050341,38.934183113769684],[-76.88214732748045,38.93327638192256],[-76.88451413197755,38.93432172660591],[-76.8851182111648,38.93205169441796],[-76.88428002277723,38.93023187476272],[-76.88529903871306,38.92971553979175],[-76.88537709071556,38.93107882279619],[-76.88698369802113,38.93166758570621],[-76.89055831214512,38.928172725152244],[-76.88684394418486,38.925565875838224],[-76.8860057873221,38.92374606944957],[-76.88464996580423,38.92387199738404],[-76.88414876446934,38.92244259118995],[-76.88110029102019,38.92230396960221],[-76.88127289083796,38.92165539501502],[-76.87856969986724,38.92021956153061],[-76.87635918278745,38.921900679181604],[-76.8754350068275,38.92040508608366],[-76.86900148422866,38.91973688492822],[-76.86687712390547,38.921093554630936],[-76.86569405470513,38.9205707205846],[-76.86348322977378,38.922251608780215],[-76.86516713161767,38.92420394900415],[-76.86388890954728,38.9256929446112],[-76.86532247296468,38.92693053845372],[-76.86404420621105,38.92841953621109],[-76.86277464942108,38.928220949391935],[-76.86259310297,38.930557070634734],[-76.86063230189765,38.9329526580864],[-76.85944908486245,38.93242976362295],[-76.85927626512616,38.9330783087659],[-76.8528327782886,38.934096840080734],[-76.8543796267325,38.92994757830881],[-76.85479386675718,38.93170137556606],[-76.85962190152034,38.931781218296926],[-76.85929395170157,38.92970316478294],[-76.86056352484009,38.929901787272854],[-76.86073632557328,38.929253240618245],[-76.85921638947755,38.92833986567087],[-76.86083153193704,38.927241395882156],[-76.86159149388423,38.92769807570469],[-76.86117711292651,38.92594430211153],[-76.86270578708185,38.925170081733356],[-76.86220500754175,38.9237405866397],[-76.85924292116215,38.92327715355258],[-76.85754143462512,38.924699873034044],[-76.85653119846693,38.92352840938008],[-76.8593293199343,38.92295288145904],[-76.85958851163439,38.92198006490202],[-76.8616178602248,38.92263536351886],[-76.86349197446927,38.92056403877147],[-76.86290483323111,38.919458822214025],[-76.86510687999602,38.91946551445272],[-76.86452844331987,38.91667273649615],[-76.86292234834947,38.91608368391232],[-76.86326783916378,38.91478658625056],[-76.86140265966769,38.91517033736983],[-76.86055644646905,38.9150379298088],[-76.86081559361304,38.914065111710286],[-76.85861371051723,38.91405834327455],[-76.86040130889728,38.91231133871319],[-76.85794917507684,38.911589807718194],[-76.85812195564486,38.91094126629174],[-76.86159299351145,38.91114665491077],[-76.86243039541293,38.91296662319131],[-76.86132507344998,38.9138070422299],[-76.86462352849308,38.914660892241386],[-76.86603951744101,38.91927361442892],[-76.86730892716443,38.91947216758824],[-76.8689237509072,38.918373593723345],[-76.86850924644568,38.91661984682626],[-76.8698563643118,38.9181816650211],[-76.87205837309301,38.91818823381598],[-76.87188569943532,38.91883679527494],[-76.87586661548373,38.91878366939739],[-76.87663502323676,38.91755268632146],[-76.87451935760082,38.91722191637372],[-76.87604770683863,38.91644753244575],[-76.87605615972024,38.91475996286726],[-76.87690239785478,38.91489226464516],[-76.87765391597038,38.91703641504702],[-76.87866440180325,38.918207705584976],[-76.88044326980415,38.91814798129959],[-76.87967492013829,38.91937898807054],[-76.88094436885768,38.91957740164818],[-76.88186864745207,38.921072953519136],[-76.88822430929349,38.92037720778301],[-76.89116215191773,38.92590266543726],[-76.89386580210403,38.927338225504435],[-76.89708698179302,38.9268279363336],[-76.89794929186247,38.923584948384544],[-76.89660147164005,38.922023434321694],[-76.89439934475105,38.922017301351545],[-76.89423489333633,38.920978322051866],[-76.89643698879577,38.920984457941714],[-76.89905433950125,38.922744201840665],[-76.90050421682226,38.92060624322918],[-76.90440681011235,38.919188929582766],[-76.9045007970031,38.91717705425573],[-76.90560567178925,38.916336250053554],[-76.90205591319294,38.914768823712706],[-76.89773036474031,38.91611998488442],[-76.89773831520185,38.91443241394476],[-76.8968920445821,38.914300254375604],[-76.896374705466,38.91624604087459],[-76.89536396205608,38.91507489498],[-76.88833508191746,38.914990203150836],[-76.8923238514355,38.91324897890237],[-76.89284934068549,38.90961564051372],[-76.8938680074574,38.909099236556436],[-76.89665730472771,38.910210436908656],[-76.89740935605757,38.912354466216335],[-76.90088057173169,38.91255875503165],[-76.8987807928774,38.908853259062475],[-76.90014420431304,38.90703960742731],[-76.89650880413939,38.90579632393708],[-76.89336672688196,38.907669870412086],[-76.89302180582227,38.9089670506651],[-76.88946453597258,38.90908683446624],[-76.88439567978867,38.906605883867684],[-76.88373033867445,38.90413748896624],[-76.8801732894133,38.90425700611851],[-76.8810277493197,38.90270171234983],[-76.88263369562044,38.90329052939095],[-76.88365234635634,38.90277420978804],[-76.88608799995906,38.90687036754064],[-76.8892139364735,38.908372142714576],[-76.8920974518529,38.90747158431538],[-76.89279536419313,38.9031896605599],[-76.89701809965388,38.90553810809536],[-76.89854596453327,38.90476344806936],[-76.89871836746109,38.90411485070478],[-76.89727672605015,38.904565215068935],[-76.8958510527562,38.90164042630098],[-76.8978801607768,38.90229512971508],[-76.89686958672831,38.90112399821322],[-76.89739476180962,38.89749064623615],[-76.89646248586972,38.897682781529426],[-76.89680729224114,38.89638559357788],[-76.89554620351159,38.894499776521634],[-76.89376792532056,38.89455971728436],[-76.89437138650429,38.892289651884994],[-76.8931104317195,38.89040381101502],[-76.88989083454828,38.89091399450816],[-76.88743912894398,38.890193048716384],[-76.8843837416371,38.89174207340699],[-76.883201023436,38.89121940836849],[-76.88498747186048,38.88947205449812],[-76.89243687314634,38.88962303282553],[-76.89185762586449,38.886830393140535],[-76.88881062772057,38.88669196170747],[-76.88805092289783,38.8862354511173],[-76.89033818467139,38.885917404665044],[-76.88983713282138,38.884488028427846],[-76.89110600133398,38.88468633709266],[-76.89306450163355,38.88229028297745],[-76.89264962144154,38.880536624861534],[-76.8938402709284,38.87937163584895],[-76.89224283487275,38.877095403083125],[-76.89503088234518,38.87820663556198],[-76.89666031600652,38.87373258164094],[-76.89742789749337,38.872501476716344],[-76.89818751788009,38.87295792907541],[-76.8982816168382,38.870946070140356],[-76.90015335973737,38.868874204939864],[-76.90082680921438,38.8696549392421],[-76.8980151839361,38.873606523205],[-76.89612729198521,38.87905348283277],[-76.8945999404593,38.879828110573214],[-76.89441953490275,38.882164263723006],[-76.89186570914545,38.885142828870855],[-76.89312654066724,38.887028681177725],[-76.89439546237628,38.88722695622945],[-76.89387021170664,38.89086029082882],[-76.8972382829385,38.89476410758776],[-76.89969023932417,38.89548485996936],[-76.90017577631605,38.90028933323787],[-76.90365423655838,38.89880597639349],[-76.89990930526952,38.902949799973115],[-76.90193063425855,38.90529200590315],[-76.90175040074456,38.90762817715789],[-76.90369354510412,38.908607086917165],[-76.90613052076584,38.912702853941106],[-76.90967259260775,38.915957734865025],[-76.91366090489072,38.91421582405111],[-76.91460090659763,38.91233598748486],[-76.91290835597451,38.91207189282215],[-76.91249282840158,38.91031829459357],[-76.9113096069232,38.90979589653664],[-76.91217869703654,38.90486524730018],[-76.91302488576758,38.90499730237521],[-76.91250043621407,38.90863072400992],[-76.91392691486034,38.9115553239098],[-76.91790740185415,38.91150084844424],[-76.91967863210303,38.91312813290254],[-76.9239101543848,38.91378809530147],[-76.92398891201816,38.91515135098187],[-76.925437906243,38.9130131030756],[-76.93001376465999,38.91237558601571],[-76.93144818917125,38.91361241299369],[-76.9311899871127,38.91458537838487],[-76.93220845146973,38.91406865913422],[-76.93177812510417,38.91569027062604],[-76.93262447511864,38.91582219211463],[-76.93263161706184,38.91413461911766],[-76.93483350865415,38.91414007316601],[-76.93484059925095,38.91245250041554],[-76.93712847970244,38.91213358951443],[-76.93704947941143,38.91077034273221],[-76.9338364036645,38.90959409668054],[-76.93187851060627,38.9119908030897],[-76.92993489726605,38.911012334661194],[-76.92926797276657,38.90854418301516],[-76.92495061820831,38.90820872106623],[-76.92512279417163,38.907560086720956],[-76.93029356163657,38.90633990881485],[-76.92928241041413,38.90516904098633],[-76.93047287656788,38.90400369656109],[-76.93326253688846,38.905114072618424],[-76.93605934384578,38.90453681497978],[-76.93715662666743,38.90538330198196],[-76.93613125895241,38.90758763267533],[-76.93841197376528,38.90895626997573],[-76.94223411262837,38.906174522978866],[-76.942750155195,38.90422854793021],[-76.94148080587294,38.90403076750095],[-76.942161943328,38.90312370938442],[-76.93970233301096,38.904091367269906],[-76.9391211588244,38.9012989437278],[-76.9376868465021,38.90006220748669],[-76.93354203681349,38.89907839373787],[-76.93057331224983,38.900304235683976],[-76.9271886665813,38.89977646015378],[-76.92279312146307,38.89807767256394],[-76.92313746085536,38.89678041136148],[-76.921860905028,38.8982699988674],[-76.91907168058398,38.897159367245045],[-76.91789610704929,38.89494946489316],[-76.91358719151533,38.89292604029342],[-76.9083386528294,38.892782257496656],[-76.9101245366329,38.89103454107027],[-76.90590221932615,38.888686544263635],[-76.9079387681709,38.88765351628872],[-76.90845559546119,38.88570768864449],[-76.90718666196273,38.88550955756967],[-76.90719439007607,38.88382199259524],[-76.90533800570556,38.88251883832583],[-76.90543191958903,38.88050697166364],[-76.90661462333973,38.88102942389014],[-76.90814187231042,38.88025464798077],[-76.9088308920328,38.87766021195162],[-76.91035039271537,38.87857297280007],[-76.90941071689713,38.88045276915024],[-76.90677916111002,38.88206838147023],[-76.90955994742725,38.88486685257787],[-76.90903546998318,38.888500250334715],[-76.91233333803412,38.889352828340336],[-76.91294377278275,38.885395108419566],[-76.91455715309498,38.88429594520105],[-76.91670207553636,38.8778757712032],[-76.91577763001546,38.87638048724284],[-76.91670958248575,38.87618820720322],[-76.91663100313473,38.8748249535688],[-76.91477467921162,38.87352194205498],[-76.91452395380455,38.87280730464173],[-76.91511904531207,38.87222470702832],[-76.91747685111596,38.87495697776589],[-76.91687425325107,38.87722715076979],[-76.91839384564582,38.878139812952064],[-76.91566894487819,38.88176748984439],[-76.91667955260189,38.8829384652587],[-76.91607686388775,38.88520863657446],[-76.91404049876333,38.88624179794601],[-76.91410390535312,38.890980187831815],[-76.9157959703326,38.89124426546756],[-76.91984656630076,38.894240552089535],[-76.9221339404514,38.893921918604995],[-76.92229872865414,38.89496085721982],[-76.92390483772184,38.89554913902213],[-76.92695227276275,38.89568670789025],[-76.92770506570781,38.89783054934168],[-76.93168479244653,38.89777563166852],[-76.93372122970062,38.89674217895109],[-76.93439529648954,38.89752273342661],[-76.93871206122954,38.89785786605122],[-76.94200377685863,38.90039722559955],[-76.94573250912515,38.899627272291895],[-76.94343816906378,38.90163391194688],[-76.94961960480224,38.90158368063934],[-76.9531037857269,38.89841136573913],[-76.94879368783442,38.89638916419298],[-76.94778916623336,38.89353087936962],[-76.9412713568732,38.893190762392564],[-76.93805898824287,38.89201462839335],[-76.93671089252692,38.89045355677355],[-76.93222250567871,38.890766997790934],[-76.93205758545439,38.889728072916824],[-76.9335847461488,38.88895298268991],[-76.93612288344781,38.88934869149585],[-76.9362159560948,38.88733679993218],[-76.93386415739403,38.882917315293405],[-76.92870957121542,38.880762506923745],[-76.92888164886865,38.88011386958845],[-76.93192844778379,38.88025131585769],[-76.93217936949065,38.88096591868388],[-76.93277438645782,38.88038323573053],[-76.9374920268901,38.88584706665435],[-76.93731298170492,38.888183283716145],[-76.93883305858694,38.88909569648783],[-76.93815201083292,38.890002734712226],[-76.94043221313406,38.89137133179149],[-76.94931623925439,38.89275559496907],[-76.95118038104945,38.89237052272887],[-76.95176864285827,38.893475316978815],[-76.95244955354384,38.89256820355836],[-76.95371873292528,38.89276587139814],[-76.95313044727403,38.89166108650038],[-76.9503409993129,38.89055115940185],[-76.95017582122395,38.889512258680405],[-76.9483977099901,38.889572983069776],[-76.94789549409155,38.888143841157266],[-76.94493431097939,38.88768245714211],[-76.9435861481172,38.88612146113427],[-76.94418798728424,38.8838511558979],[-76.94502713819844,38.8856705593837],[-76.94857640317261,38.887236749612434],[-76.94950165949598,38.88873179080195],[-76.95389726331854,38.89042962934924],[-76.95456485633886,38.89289764274138],[-76.95804185573365,38.89141276146492],[-76.95913919626902,38.89225905248405],[-76.96194822567605,38.88830607364831],[-76.96246361516921,38.886360020964986],[-76.96169698673981,38.88759153048481],[-76.96068559111463,38.88642092159717],[-76.96247651081151,38.88298488469061],[-76.96137927118068,38.88213862418151],[-76.95697741851414,38.88212861984383],[-76.95512018722506,38.88082621164473],[-76.94953539833858,38.88029395372098],[-76.94970728950308,38.87964528752352],[-76.94691835364306,38.87853528503147],[-76.9461651948032,38.87639156538405],[-76.94709706718642,38.87619905684472],[-76.94751323290193,38.87795253149665],[-76.95055325331238,38.879777086036114],[-76.9530911631005,38.88017244694051],[-76.953348950791,38.8791994401918],[-76.95723516123164,38.88115560478235],[-76.95892715420348,38.88141909331629],[-76.95927077157133,38.88012173451315],[-76.95952196096145,38.880836281942464],[-76.96366608359675,38.88181922484165],[-76.965787495814,38.880460904569354],[-76.96681158468445,38.87825633619108],[-76.96460437726206,38.87993901713789],[-76.96511963664452,38.87799295539401],[-76.96410831925765,38.87682237579998],[-76.96648081933776,38.87617858170027],[-76.9676638902753,38.87670045098338],[-76.9683444463501,38.87579325212481],[-76.96437235098223,38.874161780268146],[-76.96378405400807,38.87305704843826],[-76.96124633401494,38.87266190683444],[-76.96141810293987,38.87201322499196],[-76.96522466076293,38.872605912595944],[-76.96784193425158,38.87436419345067],[-76.96928254172407,38.87391301036723],[-76.96945424206538,38.8732643172922],[-76.96818535965012,38.87306681103515],[-76.96878632467548,38.870796389998155],[-76.97063728698444,38.87378615800944],[-76.97326093057502,38.87385675813843],[-76.97614817055776,38.871266683039636],[-76.98148108576294,38.87108323957098],[-76.98148709202255,38.86939567340076],[-76.9797094977712,38.86945684679703],[-76.97988109480477,38.86880813962087],[-76.97785218321677,38.86815478123711],[-76.97853253267056,38.86724752735368],[-76.98292751679297,38.86894433197029],[-76.98572844978288,38.86667839080159],[-76.98928348965116,38.8665558458742],[-76.9935243914705,38.86383829734457],[-76.99589053683657,38.86488150676934],[-76.9966563485944,38.86364978918606],[-76.9989424261591,38.863329739691046],[-76.99682778112158,38.86300105899216],[-76.99572476768259,38.863842670061345],[-76.99344438873416,38.862475094836725],[-76.99227287571502,38.85857834309206],[-76.9932101322809,38.85669792403946],[-76.99178154674581,38.85377425679011],[-76.98586145529148,38.852853518769926],[-76.98357564886393,38.85317332654707],[-76.9828954935365,38.85408060665347],[-76.98171268068103,38.85355888415042],[-76.98696441632089,38.85201199655827],[-76.99203872462905,38.85280117264115],[-76.99178731312333,38.8520866934894],[-76.99255305979781,38.85085500306032],[-76.99237586521997,38.853191289662036],[-76.99447879751189,38.856895173689104],[-76.99438166518402,38.86059466608421],[-77.00005097041671,38.86080053467983],[-77.00327396509516,38.85859992708304],[-77.00464477371798,38.85341001000838],[-77.00727312453951,38.851792326071724],[-77.00915200491612,38.846343694261726],[-77.01008332668425,38.84615071282299],[-77.01358853125225,38.83453891196139],[-77.02003118734594,38.83013692205747],[-77.02121389433721,38.83065827736511],[-77.0227388695569,38.82988209430419],[-77.02299555005082,38.828908948472225],[-77.02122406091311,38.827283156960455],[-77.0225829009149,38.82546817769181],[-77.02131470646034,38.82527121649591],[-77.01718854966848,38.81922753128011],[-77.01923696637668,38.813130010238524],[-77.02008228410435,38.813261333167276],[-77.02169752422134,38.810473227704826],[-77.01366740805089,38.8092255320701],[-77.00858514899049,38.81181235839931],[-77.00815173964149,38.81512177235767],[-77.00508569635838,38.8217364316262],[-77.0069314878698,38.826413200019445],[-77.00666376175282,38.830761431498715],[-77.00471037980432,38.83315926491275],[-77.00004890665407,38.83581145918307],[-77.0003003429962,38.836525920293],[-76.99724960452414,38.838077716189325],[-76.99513569950415,38.83774900753294],[-76.99437013410689,38.83898071215319],[-76.98573720038758,38.84000173817224],[-76.9795489138676,38.843428891323825],[-76.9752351845082,38.84309518292046],[-76.97455501941157,38.844002416221755],[-76.96973267516749,38.843927048545254],[-76.96269125275636,38.84890925516822],[-76.96470670692919,38.8529379836507],[-76.96377517842633,38.853130624078695],[-76.96175330914059,38.850789441611596],[-76.96081531714083,38.85266962134812],[-76.95878049531079,38.85370351368036],[-76.95624347620075,38.853308270506936],[-76.95581404322681,38.854929953320685],[-76.95157225415291,38.8576462082229],[-76.95012512729971,38.85978474692138],[-76.94733014893966,38.86036231873469],[-76.94545996589025,38.862434894209755],[-76.94190505374918,38.86255618181204],[-76.94062948093148,38.864045956387635],[-76.9372464462108,38.86351845775311],[-76.9330894683419,38.86590975851327],[-76.93308234172595,38.86759732142969],[-76.93063099346969,38.866877232011895],[-76.92944113628091,38.868042572651056],[-76.92208729985984,38.86588194290487],[-76.92243149970783,38.86458468872487],[-76.92107684175966,38.8647110139602],[-76.91803818778386,38.86288573975108],[-76.91575176973777,38.86320429647913],[-76.91086504092448,38.858388263734845],[-76.91382481812624,38.85885046003646],[-76.9144198012759,38.85826786672562],[-76.91550860341393,38.860802101027254],[-76.9222667782905,38.863545754090694],[-76.92168659537454,38.86075326262489],[-76.9208409045986,38.86062126738011],[-76.92220286492162,38.85880738388923],[-76.92094176935011,38.85692183373134],[-76.92205292216028,38.85439332924027],[-76.91858441702585,38.85418963463455],[-76.91935886549497,38.851270837445874],[-76.92307796734782,38.852189129159996],[-76.92469045992911,38.85108983831351],[-76.92756401820857,38.85187602072986],[-76.92603028167787,38.85433859333827],[-76.92357944896249,38.8536183655179],[-76.92281250801615,38.85484962968692],[-76.92261096391171,38.862248499763055],[-76.92463189359157,38.864590323882794],[-76.92699707668515,38.86563484865727],[-76.93199282703894,38.86506323960915],[-76.93394945576041,38.86266654524763],[-76.93716749640603,38.86215521919915],[-76.93700257043605,38.86111630445768],[-76.93894494811694,38.86209465610879],[-76.9486914451817,38.85854814420153],[-76.95607829838148,38.85226938222133],[-76.94575878882009,38.85133653563898],[-76.94340068707224,38.848604810524456],[-76.93546075361107,38.84534015131479],[-76.94416721458072,38.847373419798984],[-76.94424627927192,38.848736651611],[-76.94737092047282,38.85023694973051],[-76.95320441719211,38.85148386117095],[-76.95515336997926,38.85077439653676],[-76.95811311850451,38.85123553443655],[-76.96185208416365,38.84708997909548],[-76.95813929898331,38.84448529173483],[-76.96067602133533,38.84488049570258],[-76.96236073799273,38.84683149671303],[-76.96703062516718,38.842493157524615],[-76.9686359391366,38.84308085609355],[-76.97177329758685,38.841205417164176],[-76.97600111636469,38.841863596037896],[-76.98549180571749,38.83759968692688],[-76.99530708466244,38.837100281315934],[-77.0031961456785,38.83056010622106],[-77.00346957167292,38.824524323521224],[-77.00153286793602,38.821859429330296],[-76.99992218052418,38.822959716514895],[-76.99872294041926,38.82750083391018],[-76.99465571895958,38.8295698246922],[-76.97994030263973,38.82863100508472],[-76.97942578760365,38.83057711759605],[-76.97773490032694,38.830313910429894],[-76.97756337478815,38.830962611854225],[-76.97122260214438,38.82997537060533],[-76.9632834517827,38.826712501260076],[-76.9570225221784,38.82708774989269],[-76.95608471308338,38.82896788898963],[-76.9539712579223,38.828638478174014],[-76.95311922194773,38.83019426079413],[-76.95261732246756,38.82876514770755],[-76.95101245277797,38.82817724246323],[-76.94830458401643,38.82843050202797],[-76.9463493458075,38.83082741399426],[-76.94550395748931,38.83069558751837],[-76.9476310070206,38.82765002941099],[-76.95025296832914,38.82772111624766],[-76.9505106084686,38.8267481211412],[-76.95372030272807,38.82792392370108],[-76.95719422132603,38.826439077193136],[-76.96252390584054,38.82625645036651],[-76.96362673387006,38.82541513836059],[-76.97317080471953,38.82926562419395],[-76.97858641248257,38.82875795850351],[-76.98112870956467,38.82746518480794],[-76.99550686136271,38.828013756580106],[-76.99703769762824,38.825550331580196],[-76.99078282924084,38.82423972834005],[-76.98850962113023,38.821184510554225],[-76.98444839600735,38.82156560715435],[-76.98267794472352,38.81993926566401],[-76.97785718324236,38.81986421442012],[-76.9793823940438,38.81908856613834],[-76.98639624518577,38.82085565333164],[-76.98716175498616,38.819624000339104],[-76.98607107810186,38.81709040765324],[-76.97238130788503,38.813945970702],[-76.97432907101755,38.81323620723345],[-76.97787544008494,38.81480154574158],[-76.98581984815999,38.81637591911086],[-76.98607697371003,38.81540285121553],[-76.9838840057165,38.81371075116758],[-76.984478060854,38.81312782440591],[-76.98692225802277,38.81553440053802],[-76.98649372965124,38.817156183066835],[-76.9903659296982,38.82248640965994],[-76.99568956830352,38.823989913490166],[-76.99925928368377,38.818804409629685],[-77.001035626896,38.818742956151],[-77.0007041564779,38.816665306804126],[-76.99698588990502,38.815749349138116],[-76.99276513632134,38.81340433189648],[-76.99302215873517,38.81243124987214],[-76.99041229547677,38.80898595719083],[-76.98863618094546,38.809047258225895],[-76.9894872122874,38.80749123472566],[-76.99269094526599,38.81035358039753],[-76.99411871677466,38.813277223685766],[-76.99868211280689,38.814324736249624],[-76.99833950652236,38.81562219475922],[-77.00265171651009,38.81595509766394],[-77.00214894451759,38.814526187582445],[-77.00325113800027,38.81368452380866],[-77.00342788824949,38.8113482314328],[-77.00707121995524,38.80921325275983],[-77.00867612394113,38.80980043036189],[-77.01155426525034,38.80889710458464],[-77.0122389323352,38.8063021154187],[-77.01299858121726,38.806757860437045],[-77.01367792082107,38.80585041963037],[-77.04410787867792,38.81057577361037],[-77.04385154439437,38.81154896135287],[-77.04249808286494,38.811676613168125],[-77.04257894670353,38.813039776377614],[-77.03978649309654,38.81361943055939],[-77.04079814839244,38.81478938410242],[-77.0391835429178,38.817577739878146],[-77.04061795334869,38.81881328949706],[-77.04035690374077,38.821474030316644],[-77.04407145250944,38.82407624619582],[-77.04372960802169,38.82537383142963],[-77.04508332161613,38.8252461659743],[-77.04558700876919,38.82667490315047],[-77.04651798284715,38.82648164822243],[-77.04617617061787,38.82777924053283],[-77.04583885974722,38.827389271049924],[-77.04490787228201,38.82758252089119],[-77.04642803118179,38.82849360731647],[-77.04532158682143,38.831023217951746],[-77.04819119331107,38.833494161961276],[-77.04691830133085,38.834985024952154],[-77.04800689619042,38.83920564883834],[-77.04877155772367,38.83797361288705],[-77.05054392080882,38.83959901214708],[-77.05165031412129,38.837069352555346],[-77.05571205047988,38.836686051589844],[-77.0560537347578,38.835388431747944],[-77.05394396929943,38.83337316440779],[-77.05732644698486,38.833897474818464],[-77.05817630229501,38.83234097565168],[-77.05724953396275,38.830846756290484],[-77.05835133794888,38.8300046007972],[-77.05961971466677,38.830201182817845],[-77.05926971248294,38.83487393653896],[-77.06137966856512,38.836889113482506],[-77.06374590960907,38.837931023788464],[-77.0657788015872,38.83689540995093],[-77.065181136659,38.839166291477675],[-77.063152286344,38.83851433213556],[-77.063656419234,38.83994299780595],[-77.0691496042366,38.84248208914195],[-77.07050359093058,38.842354145601966],[-77.07067037670176,38.84339287943823],[-77.07701745206545,38.84268746543483],[-77.07904654247746,38.84333919796634],[-77.08150225110087,38.84236878370628],[-77.08268559585419,38.842889552589945],[-77.08751863353167,38.83789782943454],[-77.08980350374684,38.83757610467013],[-77.09259990854126,38.83530775723061],[-77.09386846976372,38.83550398861332],[-77.0896329583423,38.83822496134748],[-77.08777093409512,38.83861211284405],[-77.08607588764802,38.840037949068574],[-77.08624288998053,38.8410766616627],[-77.08361667857368,38.84269601847081],[-77.08878018578534,38.84146924189368],[-77.09123223831523,38.8421861997247],[-77.09139931903283,38.84322490560816],[-77.0936843390705,38.84290310907343],[-77.09418910060094,38.84433165108908],[-77.09630364192617,38.844658669368556],[-77.09689371728295,38.84576276745414],[-77.09918207235754,38.8437533038194],[-77.10239811435713,38.8432376884141],[-77.10460102809367,38.84155256239181],[-77.1049450111368,38.83856724232268],[-77.10376157757649,38.83804668633367],[-77.10461048986895,38.836489868055075],[-77.10300422664346,38.835903932597496],[-77.1057149600709,38.833959726802235],[-77.1054624998296,38.833245480309884],[-77.10732429306115,38.832858063100005],[-77.10749466848158,38.83220918244763],[-77.1052952416489,38.83220679452004],[-77.10809710403792,38.82656297279741],[-77.10969713125411,38.83052396779118],[-77.10817306888096,38.83130122126686],[-77.10749158163996,38.83389674622133],[-77.10588222825172,38.83499841221869],[-77.10503021648401,38.83824280345885],[-77.10629886221619,38.83843890759493],[-77.10570244677467,38.84070998480621],[-77.10680073684198,38.841554962646896],[-77.11035736609588,38.83974137953892],[-77.10950853866015,38.841298237746784],[-77.11060688170001,38.84214318189487],[-77.10620742860124,38.84213847749846],[-77.10154907624779,38.84479449266836],[-77.09934926993192,38.84479199915452],[-77.09850014861442,38.84634878277693],[-77.10281463098156,38.846678198582424],[-77.10526385765432,38.84908244550072],[-77.10661168761537,38.852329241101785],[-77.10956941394693,38.854474327741194],[-77.1138021836538,38.85344023602111],[-77.11862530046466,38.85350999530918],[-77.11896594361663,38.85221219981173],[-77.12091329962433,38.85150012856747],[-77.12057269446942,38.85279792931525],[-77.12277274304806,38.852800045950815],[-77.12302544061923,38.853514258674466],[-77.12091052261299,38.85318769620931],[-77.11854013778144,38.85383444406673],[-77.11828464518317,38.85480779005936],[-77.11634005810981,38.85383225226949],[-77.11270066624907,38.85428288680809],[-77.11202210836218,38.855190875065645],[-77.11033017297373,38.85492947766804],[-77.11277992477922,38.85733357821098],[-77.113705223966,38.86051495501953],[-77.11218355667013,38.859604691387446],[-77.11125833545124,38.85642330354606],[-77.10457894550697,38.853365526746714],[-77.10525757911171,38.8524575794432],[-77.10271981213366,38.852065336243555],[-77.10059203761051,38.85848869791415],[-77.10160529145382,38.859658160061805],[-77.10253653811944,38.859464483377955],[-77.10337617638677,38.86297037611039],[-77.10100207942845,38.865304358689286],[-77.10074631240605,38.866277669777084],[-77.10243847685786,38.86653919838966],[-77.10209747244224,38.867836950553595],[-77.10074306786242,38.86796523978198],[-77.1001462376557,38.87023629779633],[-77.10192374837742,38.870173396829465],[-77.10090710236348,38.87069150640895],[-77.1009038613467,38.87237907729268],[-77.0982834513851,38.870623608720784],[-77.09938538245278,38.86978108453651],[-77.0987950748843,38.86867699530627],[-77.09506954789623,38.869451548409316],[-77.09549596738795,38.86782938196119],[-77.09405626277332,38.868282031490885],[-77.09211164055894,38.867306111948736],[-77.09414494873106,38.866270029209375],[-77.09803755167648,38.86653420385023],[-77.1019366166952,38.86342311693702],[-77.10134955229903,38.860631471760385],[-77.09881481068375,38.85855157969613],[-77.10196234618132,38.849922572849366],[-77.09984762678748,38.84959565096972],[-77.09942795942688,38.84784269583466],[-77.09714280991723,38.848164598489035],[-77.09503153907336,38.846150028411785],[-77.09283169208463,38.84614741916107],[-77.09181876676337,38.84497788704222],[-77.08995658164768,38.84536507167951],[-77.08860609776467,38.843805662504224],[-77.08310483213214,38.844642563457064],[-77.0834387779887,38.8467199975927],[-77.08529743113132,38.848020476629614],[-77.08461859024989,38.848928314129864],[-77.08284524073805,38.84730340086211],[-77.08106827121807,38.847366028010654],[-77.08183245956785,38.84613378694601],[-77.08073438995149,38.845288587337805],[-77.0815801911575,38.84541949085745],[-77.08251497467117,38.843538399838934],[-77.07667230598723,38.845672709159594],[-77.07591185373646,38.84521735306244],[-77.075147574921,38.846449557477825],[-77.07572969887687,38.85092888823554],[-77.07750675983006,38.85086633763739],[-77.07479464549898,38.85280992958692],[-77.07504303404818,38.85521180687975],[-77.07241216454906,38.8585184961169],[-77.07774012514682,38.86001847824491],[-77.08095703641173,38.85950341857007],[-77.08103867257239,38.86086656353089],[-77.07486078613024,38.86092334718649],[-77.0705495304559,38.85890538960601],[-77.06868289008838,38.86097982281729],[-77.06808111749814,38.86493829290275],[-77.07019613945863,38.86526575757555],[-77.07002931039335,38.86422702054362],[-77.0718920832463,38.86384013463737],[-77.07400709045935,38.86416753422082],[-77.0777212387461,38.868456322187036],[-77.0816992433468,38.86839658890798],[-77.08102016785018,38.86930440880046],[-77.07975105289769,38.869108045085696],[-77.07949498872154,38.87008131271834],[-77.08118346754516,38.872030701906056],[-77.08287569534289,38.8722924978349],[-77.08355477556852,38.87138466745492],[-77.08372181380088,38.87242338713696],[-77.08668325233727,38.87288145421613],[-77.08558112754879,38.8737238657518],[-77.08811955647242,38.87411646098383],[-77.0873551809946,38.87534874478409],[-77.08938527327474,38.87600031040402],[-77.0895524051949,38.87703902279541],[-77.09234345325018,38.87814581414813],[-77.09293373977094,38.87924993535165],[-77.08878802329126,38.87827131586365],[-77.08786004319104,38.87677731789013],[-77.08489843893518,38.876319278718036],[-77.08337315433619,38.87709623101356],[-77.08456431583049,38.87424184146771],[-77.08126512197445,38.87339384870738],[-77.08016292680693,38.874236212107505],[-77.08042271207088,38.87157537213175],[-77.07949125190589,38.871768882877674],[-77.07755051351054,38.86910516447586],[-77.07492694148783,38.86903677230644],[-77.07188817071037,38.86552770333037],[-77.06985456691085,38.866563420744555],[-77.06816251892373,38.86630144718951],[-77.06841872114866,38.86532820341052],[-77.06647452110542,38.86435188191856],[-77.06809311889639,38.8598755885191],[-77.07233459418393,38.85546777875645],[-77.07267996427652,38.852482543872554],[-77.07403413052235,38.852354561602574],[-77.07370429663118,38.848589535000244],[-77.07218337785604,38.847678781429174],[-77.05721553124862,38.84434726115198],[-77.05442199486416,38.84492724729189],[-77.05382391032944,38.8471980759901],[-77.05956516765833,38.852139512817544],[-77.05440904649191,38.849989941754686],[-77.05423383649742,38.85232631610572],[-77.05296508933671,38.852129678455164],[-77.05372980263743,38.85089761014936],[-77.05237562784217,38.85102537046535],[-77.05262327160597,38.85342729215692],[-77.0508461269343,38.85348948584402],[-77.05102144830055,38.85115311598134],[-77.05203817624472,38.85063541688884],[-77.05085492475587,38.8501143548229],[-77.0506928083541,38.84738802872707],[-77.0502655115226,38.84901003704171],[-77.04806558008777,38.84900663285024],[-77.04620756612898,38.84770559517896],[-77.04315733735329,38.84925852345281],[-77.0423069641458,38.85081492240913],[-77.04315276039917,38.850946088364175],[-77.04407493949562,38.85412798200081],[-77.04543371091869,38.852312746799484],[-77.0465314769717,38.85315825991271],[-77.04685992798824,38.856923360636415],[-77.04533464393091,38.85769984296037],[-77.04685543627569,38.85861092713962],[-77.04762032084058,38.857378895646484],[-77.04693643367503,38.85997409434182],[-77.04820530111455,38.86017079390417],[-77.04820084035151,38.86185836108234],[-77.05039674966878,38.86354933045855],[-77.05032009539843,38.86049859764217],[-77.05125148894146,38.86030530641944],[-77.05133257044037,38.861668471011015],[-77.05226397624752,38.861475172151515],[-77.05235380752536,38.859463201558945],[-77.05311860809627,38.858231136005244],[-77.05438746187437,38.8584277722187],[-77.05430632685024,38.8570646101318],[-77.0576044678663,38.85791331895211],[-77.05760022485515,38.85960088602442],[-77.05878367856191,38.86012188422254],[-77.05921085097896,38.85849984450607],[-77.06065057867639,38.85804760035661],[-77.06013801112192,38.859994053731455],[-77.06089851898547,38.86044950740682],[-77.06115479763164,38.85947627930664],[-77.06310291212361,38.85876511629469],[-77.0630216137346,38.85740195986831],[-77.06598231183132,38.85786052081338],[-77.06546988797332,38.85980699620034],[-77.06411556824146,38.85993488496812],[-77.06487202554766,38.86207788202137],[-77.06283017386541,38.86648862072015],[-77.0569081536196,38.865571276536535],[-77.05622879567524,38.86647896024381],[-77.05606216289746,38.86544020427206],[-77.05259276087905,38.86524026124836],[-77.05141365497214,38.8630316357632],[-77.05081532814208,38.86530245457965],[-77.05199882592542,38.865823517923666],[-77.05174240269761,38.86679672779473],[-77.05428040792442,38.86719001580434],[-77.05231888450851,38.87296374830931],[-77.05333590752416,38.87244603726874],[-77.05477163786132,38.873681430390576],[-77.05748081629068,38.87342584190362],[-77.06121526600606,38.86927727938306],[-77.06451404015287,38.87012580548039],[-77.06424958930647,38.87447418183128],[-77.06534790748624,38.87531953037261],[-77.06500212879219,38.87830475272891],[-77.0662713641569,38.87850126770449],[-77.0660150869368,38.879474508561124],[-77.06339115243054,38.87940587208212],[-77.06322438799545,38.87836712415491],[-77.06034832436133,38.87758408665166],[-77.05857904015043,38.874271250325336],[-77.05773294542682,38.8741401893339],[-77.05713472430878,38.876411041624415],[-77.0584893624936,38.876283228911646],[-77.06169053043902,38.88251895305146],[-77.06321615970353,38.88174226712099],[-77.06388737542808,38.88420968748222],[-77.06549438884721,38.88479613339379],[-77.06566120035792,38.88583487907719],[-77.06972558136162,38.8854511164864],[-77.06938390580602,38.8867487814889],[-77.06811451837883,38.8865522981913],[-77.06794366519401,38.887201128651505],[-77.06557576406387,38.88615929261077],[-77.06633253658542,38.88830228743171],[-77.06497768870271,38.888430186059026],[-77.06472135927805,38.88940342541951],[-77.06590534798615,38.889924357446915],[-77.06556358341135,38.89122201263363],[-77.06793565452303,38.89057627556962],[-77.0742830082527,38.89155857174242],[-77.08479502779944,38.88508156674173],[-77.08665468371396,38.88638203123723],[-77.08352198365434,38.88657281459755],[-77.08326590847156,38.88754609206546],[-77.07996240055904,38.88838563692068],[-77.07792449945248,38.89110906373568],[-77.07368903240709,38.89214193421406],[-77.07250105217992,38.89330865074594],[-77.06988057394211,38.89155257720632],[-77.0681879455141,38.891290603213996],[-77.06699989107742,38.89245726689973],[-77.06547814036543,38.89154642631578],[-77.06901435529645,38.89985946767492],[-77.07273781949094,38.90077327096715],[-77.07477233727053,38.8997375019136],[-77.07451609891484,38.90071076290329],[-77.07730782544073,38.901817896099736],[-77.08162549714145,38.90214805209101],[-77.08315132491371,38.901371118894026],[-77.08340380248966,38.902085416531364],[-77.08924377350229,38.90332592896979],[-77.0930495796069,38.9056022695095],[-77.09440469752884,38.90547406377312],[-77.09457196864938,38.9065127731997],[-77.09736422230436,38.907619455560955],[-77.10082927651037,38.91119330370064],[-77.10209918154167,38.911389452560435],[-77.10657254340394,38.919507761375726],[-77.10784260887657,38.919703851627645],[-77.11299931596398,38.92522638128566],[-77.11393137077965,38.92503261738058],[-77.11612782010876,38.92841001808836],[-77.11824490133942,38.92873666522952],[-77.11807439586947,38.92938556824618],[-77.1168893925366,38.92886513192841],[-77.11654835379814,38.93016293408016],[-77.11942146881447,38.93431984151561],[-77.12864457253905,38.94114378982337],[-77.13058654406179,38.945494319966755],[-77.12956905027225,38.94601266972556],[-77.131854600585,38.94737775300248],[-77.13066665139844,38.94854503535439],[-77.13227310517101,38.950818209153205],[-77.1339673478926,38.95107931008002],[-77.13540355200709,38.95400137102651],[-77.13845382606412,38.9541337412916],[-77.13998013667506,38.95335610332631],[-77.13921580717026,38.95458871966086],[-77.13658909686254,38.95452163226571],[-77.14488170932519,38.963225920013436],[-77.14877754586209,38.96517609678242],[-77.15564129237649,38.96589498331809],[-77.15665887839272,38.96537641823493],[-77.16487707932423,38.967653485343774],[-77.16767444406021,38.96707099951729],[-77.1688621020087,38.96590335972602],[-77.17259019639415,38.96681417184437],[-77.1728437786505,38.967528293465676],[-77.18309763327449,38.96876673332063],[-77.18428507144445,38.96759894563138],[-77.18818341915048,38.96786029197357],[-77.18877709480311,38.96727637526958],[-77.19386161587354,38.968057295361525],[-77.197337312583,38.966565691361346],[-77.2015744410401,38.96721618019499],[-77.2086920920387,38.970333789432026],[-77.21165897588575,38.96910128081833],[-77.21335392840908,38.96936129818494],[-77.21403228616386,38.96845274190085],[-77.21487915498568,38.970270331962354],[-77.21826914959921,38.97079025567323],[-77.21852319389389,38.97150428428438],[-77.22250671097166,38.971440030134644],[-77.22648988760221,38.973063243565086],[-77.23004870366866,38.97968417592229],[-77.23123556639453,38.97851593716998],[-77.23242219515045,38.979035284261336],[-77.23505014711952,38.975725149274524],[-77.23810138290912,38.979230263576035],[-77.2401357203914,38.97987936815817],[-77.23988141191786,38.980852980368454],[-77.24522177335285,38.982345782974285],[-77.24844378032562,38.9902643623444],[-77.24835921029569,38.992276506406334],[-77.24997030561687,38.99454816924568],[-77.25327695452978,38.995391683430874],[-77.25302304963856,38.99805292684234],[-77.2542951909894,38.99993512157445],[-77.25607573501813,38.99987000842786],[-77.256753843643,38.998961214430054],[-77.26040002955074,39.00019394236816],[-77.25938355561603,39.00408856730925],[-77.2594674029942,39.00038880900111],[-77.25828023291815,38.99986971879917],[-77.25743270380275,39.001427622074765],[-77.25633025190801,39.00058396278225],[-77.25497463135808,39.00577675061159],[-77.25387214206047,39.004933068904705],[-77.25302445954885,39.00649094334248],[-77.25064980220836,39.00376502345819],[-77.24869982355428,39.00616675215314],[-77.24895447767766,39.008568327125325],[-77.25107424944686,39.00720510552154],[-77.25234623414059,39.00739971805976],[-77.25234650043053,39.009087322974594],[-77.2531945136814,39.009217057463545],[-77.25099020214542,39.01259246806489],[-77.24666548145943,39.01564341866316],[-77.24556326579248,39.019862484083184],[-77.2469205228813,39.02310782646242],[-77.24615727330567,39.024341114196346],[-77.24717517756818,39.02550941173925],[-77.24810815920068,39.025314636657406],[-77.24827790110585,39.026353155752965],[-77.25888112818757,39.02966238322069],[-77.26184714723722,39.019990616698394],[-77.2629499572958,39.020834229646624],[-77.26201707289641,39.021029116086524],[-77.26134024938996,39.027000770196665],[-77.2646485057511,39.027843985917755],[-77.26532676808509,39.02693514095555],[-77.26795621021516,39.02699950333441],[-77.27092440080955,39.02576556694668],[-77.27626869725587,39.027257044340544],[-77.2760969185341,39.022843344767125],[-77.27507858704033,39.02167528485929],[-77.27592597410697,39.02011725603111],[-77.27669283076466,39.02732183080328],[-77.27881350964356,39.027645741399496],[-77.28169501042618,39.023360894819405],[-77.28169311577489,39.01998567787369],[-77.28313465274726,39.01953083950285],[-77.28415107494392,39.017323617503614],[-77.28601767260136,39.018621112660036],[-77.2872899503577,39.018815367539716],[-77.28796784555621,39.01790640030636],[-77.28915552185761,39.01842520808731],[-77.28966307549794,39.01647777004858],[-77.29076615487345,39.01732113543733],[-77.2920372353086,39.01582773462821],[-77.29161197779621,39.01407539418046],[-77.29246011916275,39.01420486057192],[-77.29279841265952,39.01290656059923],[-77.2949174889255,39.01154258961242],[-77.29330948027652,39.01602192774204],[-77.29483668408311,39.01692998505752],[-77.29797443660965,39.01673385768394],[-77.2981448704832,39.017772307002495],[-77.29534660318815,39.01835773820011],[-77.29254709173266,39.0172554990084],[-77.28864794103657,39.02037264467477],[-77.2844069387169,39.01972512395107],[-77.28245764703206,39.022127388950004],[-77.28271347178644,39.02452890079224],[-77.28008501597193,39.02615246040468],[-77.2809342074126,39.02796961579943],[-77.27516643122001,39.02810115887013],[-77.27117915409887,39.02647949385781],[-77.26999215035882,39.02764812344247],[-77.26447907449763,39.028493099209356],[-77.2611707905722,39.027649878882755],[-77.2595599133234,39.03044118030696],[-77.27372696211644,39.033618738922556],[-77.28340035994516,39.03880845805743],[-77.28433341511338,39.03861341039574],[-77.28763812429808,39.03270556520511],[-77.28823262961824,39.033808778589034],[-77.2916261097963,39.03432670343099],[-77.29467878466494,39.03276762241873],[-77.29501712490531,39.03146931240568],[-77.2983246414173,39.03062402049185],[-77.29815284547524,39.02789795889524],[-77.29874612786234,39.0273135109108],[-77.29951123837397,39.02945511957005],[-77.30044413030848,39.029259951193765],[-77.29891929184022,39.03172718232686],[-77.29357664882566,39.03361190111985],[-77.29137230036835,39.035300429541984],[-77.28848758101395,39.03452267094738],[-77.28365528142709,39.039522360941795],[-77.29222664862496,39.04386796546798],[-77.29375319628289,39.043088425637386],[-77.30011827233395,39.04574679231471],[-77.30181532730288,39.04600560446928],[-77.30308668224943,39.044512083349495],[-77.30571679325955,39.04457564640334],[-77.30266385931805,39.04613500185647],[-77.3028344290952,39.047173449887204],[-77.30631318904325,39.04736639079693],[-77.31488511690836,39.05002282098371],[-77.31564920589378,39.050476721885545],[-77.31446252531444,39.05164578119352],[-77.31709290433038,39.051709103454456],[-77.31607525572588,39.05222899073425],[-77.31802782576801,39.05320141915627],[-77.31989411461123,39.05281079563001],[-77.32269540979185,39.05391242485322],[-77.3290645391133,39.05825693153324],[-77.33330818674784,39.0589029311858],[-77.34060234307684,39.05630095155943],[-77.33848281950068,39.05766571244627],[-77.3361965660014,39.06136727096907],[-77.33449903008238,39.06110892784309],[-77.33899843795723,39.06246853423057],[-77.33747869780707,39.06831149444181],[-77.33348997592319,39.0683794402685],[-77.33425654245501,39.07052085003394],[-77.33230541314013,39.071236295779045],[-77.33256092870835,39.07195010227214],[-77.33035424541275,39.07195171097992],[-77.3260313031833,39.07669307991233],[-77.32535137389912,39.075914640005614],[-77.32992980369009,39.07188710729307],[-77.33136786522276,39.06805646110717],[-77.32839694192882,39.06760422942608],[-77.32831043471126,39.066241210604495],[-77.32432181789433,39.06630886209934],[-77.32245331198382,39.06501193221259],[-77.32270870891746,39.06572575815966],[-77.32185991253262,39.0655964972534],[-77.3226223106011,39.064362735839865],[-77.3196515927079,39.06391029535869],[-77.31684643035432,39.05943335651169],[-77.31446935951645,39.05839625211416],[-77.30920812670053,39.0582694406381],[-77.30827801595603,39.061839914505875],[-77.30835944139456,39.05814008767941],[-77.30148548319536,39.05742963887421],[-77.3013163119349,39.0580788056807],[-77.30454187311483,39.059245546523094],[-77.29664866964184,39.05736699622964],[-77.294952623427,39.05879573180806],[-77.29521025168093,39.062884853069846],[-77.29648462002221,39.064766635842155],[-77.29818210612284,39.065025498502955],[-77.29784366621544,39.06632382471994],[-77.30047594589455,39.068075120593285],[-77.30013753276201,39.06937345376993],[-77.30166594292368,39.070281435437614],[-77.29979910753897,39.070671786329235],[-77.29988234469312,39.0686595809802],[-77.29809882606062,39.06703770139618],[-77.29716544295326,39.06723285343479],[-77.2958961243019,39.0721015651092],[-77.29385993826041,39.07314098784855],[-77.29530371739749,39.07437362758892],[-77.29241860210767,39.075283578802164],[-77.2920800114653,39.076581891728075],[-77.29445735756339,39.07761942786363],[-77.29530750978515,39.07943650134767],[-77.29191071160746,39.07723104796061],[-77.29122997333118,39.07476479711535],[-77.28690110455986,39.07444193293093],[-77.28698898687644,39.07918023216793],[-77.29013059234035,39.080671926492776],[-77.29089601074028,39.08281360833359],[-77.29072668578704,39.08346276369697],[-77.28792473628313,39.08236040779622],[-77.28733307561394,39.086320063865784],[-77.28954245687449,39.08969447533531],[-77.28835581875444,39.09255092278307],[-77.28750677017099,39.09242142657322],[-77.28869343955363,39.08956498730052],[-77.28775974181352,39.089760069490815],[-77.28656878664026,39.08586598588453],[-77.28716048525744,39.081906333786435],[-77.2846137280788,39.081517804045745],[-77.28274748504856,39.08359552605552],[-77.27663639107269,39.08502542737674],[-77.27714643041291,39.08645327224235],[-77.27510957404583,39.08749239046459],[-77.27392240451915,39.09034869890997],[-77.27375443800914,39.094373091447025],[-77.27536939267009,39.098332095832596],[-77.2740125391049,39.10183754741494],[-77.27358721290649,39.100085118600276],[-77.27154921074393,39.09943654901908],[-77.27171874427428,39.0987874178534],[-77.27392624354658,39.09878685039919],[-77.27426526207026,39.0974885815935],[-77.27222514160681,39.09177713277496],[-77.27324290581002,39.08956997204708],[-77.27239391900382,39.08944037267818],[-77.27621274166378,39.08664826757567],[-77.2760424596793,39.08560977566906],[-77.27502324946758,39.08444170244072],[-77.2709481333339,39.08314458085305],[-77.2703541715729,39.08372890175762],[-77.2687411092168,39.08314509542362],[-77.26568576164075,39.084703552727575],[-77.26313902132007,39.08431458273008],[-77.26195192284838,39.08885840340716],[-77.26016920347311,39.08892360182129],[-77.25634964478729,39.0917152151184],[-77.25431203128653,39.091066363973646],[-77.25414266858317,39.09340310018697],[-77.25269948454421,39.09385760788654],[-77.250237348672,39.09314382051938],[-77.24896424464039,39.096324444284974],[-77.25100219323657,39.098661015163984],[-77.25448359665894,39.10054304139455],[-77.25414421038596,39.10184125697546],[-77.25652220474922,39.10456715696378],[-77.25779590877534,39.104761717016515],[-77.25660777628718,39.10761786938297],[-77.25864587455483,39.10826668493045],[-77.25635324140086,39.10859153679505],[-77.25694826619221,39.11138255056086],[-77.25609940739643,39.11294047538836],[-77.25491009566575,39.11073370679236],[-77.255674104365,39.10950034611093],[-77.25482491598724,39.10937062624712],[-77.2558438032388,39.1088512353536],[-77.25601279541223,39.10482685601365],[-77.24913416468378,39.09736297533586],[-77.24786077598971,39.098855958307496],[-77.24981368563869,39.099829466919175],[-77.24998362602246,39.100867997499655],[-77.2493044815083,39.101776770672025],[-77.24709689127431,39.10177690088384],[-77.24752158835754,39.10352942083277],[-77.2460781617343,39.10398385252877],[-77.24539904448991,39.10658023888812],[-77.24684280454038,39.109501084163114],[-77.24522935890833,39.10891696984277],[-77.24438003283645,39.10541190980038],[-77.24217233213253,39.10541195256122],[-77.2401344270202,39.10813813575546],[-77.23750207271218,39.10807318332079],[-77.23605860487135,39.10683986445903],[-77.23520921970609,39.11008528037744],[-77.23835115649965,39.10989065653155],[-77.2373320474587,39.11209753994209],[-77.23937006439937,39.114434308583746],[-77.23801130549334,39.114564103005605],[-77.2370772385035,39.11307116871359],[-77.23580344429953,39.11287639607827],[-77.23546391767096,39.11079929135241],[-77.23427496154525,39.111967597250825],[-77.23520935117561,39.10839764525607],[-77.23334117960606,39.10878700039747],[-77.23240688973735,39.11066930276013],[-77.23019902926491,39.11066913289598],[-77.2292646337661,39.11255141233046],[-77.2267167835465,39.113849330312874],[-77.2265458144234,39.11956131489452],[-77.22374304919717,39.12014514307627],[-77.2243369154496,39.12293631904835],[-77.22306256866649,39.12442905533708],[-77.22408150419129,39.12559756346507],[-77.22331678966933,39.126830733825365],[-77.22306215490757,39.12611669572694],[-77.22204279105118,39.126635819686406],[-77.22195733071923,39.12864799436035],[-77.21940928386158,39.12825812504162],[-77.22170314831153,39.12624631222609],[-77.22221326403547,39.12429911235284],[-77.22110935621232,39.123455121850995],[-77.22314799341399,39.122416881587505],[-77.22280878410908,39.120339738445914],[-77.2161843209797,39.12033859986335],[-77.21643886786724,39.12105265122764],[-77.21474036431384,39.12079266915807],[-77.21355091127161,39.12196077912877],[-77.21066358430708,39.12118120086774],[-77.20947405933596,39.1223492719293],[-77.21032260859943,39.124166941550925],[-77.20964202438864,39.12676314262414],[-77.20828298175942,39.126892612476105],[-77.2089621329675,39.12767169989971],[-77.20615810683671,39.12994277424776],[-77.2065819806348,39.13169544354873],[-77.20403305341604,39.13299290156813],[-77.20386369501261,39.131954301771025],[-77.2021649815187,39.1316941473673],[-77.20276076968345,39.12942250514114],[-77.20369520531767,39.12922806005719],[-77.20318630983881,39.12779990243434],[-77.20581934831878,39.12786558169374],[-77.20785832788633,39.12682759120609],[-77.20887853917522,39.12462094311773],[-77.20777478143107,39.12377683419324],[-77.20717997924204,39.1243608575944],[-77.20199926595235,39.12390498148877],[-77.20165883238998,39.12520305947464],[-77.20080955702537,39.125072970288436],[-77.20157554820842,39.12215229928462],[-77.20505762855805,39.122348078477856],[-77.2065859641074,39.12325723829994],[-77.2076912419943,39.12072607896514],[-77.20972999438506,39.11968805925314],[-77.21440078806056,39.12040314220424],[-77.21677901782427,39.11975453385821],[-77.21711915562285,39.118456415889455],[-77.22212955294033,39.11956072778119],[-77.22442268526278,39.11923650635249],[-77.22552799322527,39.11332991653237],[-77.22349004883603,39.11268055746973],[-77.22374464070349,39.11339459280674],[-77.22289546386936,39.11326465476275],[-77.2200938775906,39.11047312787044],[-77.21729195891567,39.10936917419972],[-77.21865014146958,39.11092724169148],[-77.21593267603562,39.11118636264107],[-77.21279127553812,39.10969278450396],[-77.21287566683773,39.111055893799524],[-77.21134750927968,39.11014681345472],[-77.21083720167464,39.11209396334012],[-77.20727052804062,39.11222286884534],[-77.20565652224012,39.11332587678359],[-77.2065064672805,39.1117682964513],[-77.20294068312636,39.110209442130795],[-77.20277139345801,39.109170845506135],[-77.20030922951334,39.10845606716564],[-77.19962939271197,39.109364570152266],[-77.19725236332216,39.10832521424514],[-77.2000548853136,39.10774198454508],[-77.20081979374733,39.10650896187221],[-77.20413096784047,39.107353801681846],[-77.20353540352434,39.10962544062492],[-77.20540375632562,39.109236533317784],[-77.20676168140147,39.11079473062886],[-77.20803536117549,39.11098980071342],[-77.21066849633286,39.109367741736726],[-77.2118571155491,39.10988729718949],[-77.21211225135133,39.10891372073961],[-77.20752805726708,39.106186396817456],[-77.2065955206662,39.10300560274947],[-77.21007526617565,39.10657650789817],[-77.2119435055454,39.106187502541076],[-77.2126218462383,39.1086542014016],[-77.21482964539628,39.10865468340838],[-77.21576436478331,39.10677251389806],[-77.2159338346226,39.10781109234033],[-77.22077346881026,39.10956451280642],[-77.2239996294955,39.11242099130785],[-77.22654714544808,39.112810765362454],[-77.22850071926752,39.110409339315346],[-77.23300155973968,39.10839752515975],[-77.2335112472817,39.106450285745304],[-77.23062432263997,39.10567117333824],[-77.22688870008979,39.10307445007145],[-77.22247344082803,39.103073875156],[-77.2230679457831,39.10248978102857],[-77.22196435942034,39.101645801693046],[-77.22043581144342,39.10242446731223],[-77.21933275691228,39.09989283229315],[-77.22281381817959,39.100088113402535],[-77.22213434112231,39.10099673796706],[-77.22400198062834,39.1022951843859],[-77.23045488968486,39.102944982016105],[-77.23053960457287,39.10430807752804],[-77.23342647413759,39.105087191699184],[-77.23325658375664,39.10573627136921],[-77.23580403259064,39.10443822141244],[-77.23631340562203,39.10586623894767],[-77.23792671180185,39.10645046863077],[-77.2434459526433,39.10391902599674],[-77.24565360797722,39.10391896061894],[-77.24573838290617,39.101906779430536],[-77.24718177038713,39.10145235186031],[-77.24735152633771,39.100803253699524],[-77.24454956651532,39.09969991641991],[-77.24701172598023,39.09872618534141],[-77.24853955487445,39.09457193166318],[-77.24582280787027,39.09483170509296],[-77.24353047950423,39.09346868934198],[-77.24336064866284,39.09243015139584],[-77.24055906515193,39.093014355550224],[-77.23563525906738,39.08989862224589],[-77.2338524906301,39.08996344320722],[-77.23096598737565,39.0908719701172],[-77.2307111675526,39.09184558189532],[-77.22901329569378,39.09158579624547],[-77.22222106348073,39.09392168109855],[-77.2214566507729,39.09515483245913],[-77.22001419634043,39.092233700472015],[-77.22230647566509,39.09190951976422],[-77.22205153616852,39.092883113974715],[-77.2237494134481,39.093142994784294],[-77.22697593002358,39.090936497011675],[-77.23054152373263,39.090807026759926],[-77.23054176357745,39.08911939783072],[-77.23402233880975,39.08931436466248],[-77.23563538060549,39.08821099359583],[-77.23614463656662,39.08963900743572],[-77.23954032157792,39.0918459898046],[-77.24319082267627,39.0913916134202],[-77.24565294107744,39.09379317001272],[-77.24836964985728,39.09353340034686],[-77.24887882127148,39.09158610346028],[-77.24981264679008,39.09139131329693],[-77.25303885933921,39.09255939821254],[-77.25371757254851,39.08996297703408],[-77.25583997719595,39.09028728354096],[-77.2590653923031,39.08807995407407],[-77.26084809197086,39.088014771502465],[-77.26144168738469,39.08574286772978],[-77.26042271001724,39.08457467475196],[-77.262544483789,39.083211239398665],[-77.26373304588371,39.08373029624601],[-77.26534551253178,39.08262654079778],[-77.26704330481664,39.0828858297013],[-77.26763666465389,39.08061389850457],[-77.2698442848137,39.08230102974289],[-77.27570191031127,39.0835327917562],[-77.27807838576176,39.082883015671],[-77.2796915173058,39.08346670078433],[-77.28359443749089,39.08034980199496],[-77.2842739609089,39.08112847092976],[-77.28783897061369,39.08099735725885],[-77.28597073827294,39.079699875376484],[-77.28681750136155,39.07645413167757],[-77.28596759629892,39.07463700111318],[-77.28418524736415,39.074702543815185],[-77.2863062870715,39.07333870530437],[-77.28019429918497,39.07139353185895],[-77.2805330779703,39.070095252551894],[-77.2839291973695,39.07230101405238],[-77.28579615981462,39.07191090147366],[-77.28757952347607,39.07353295906239],[-77.29224811518579,39.07424511128575],[-77.29385870779454,39.07145336466498],[-77.2952165607701,39.07132296101178],[-77.29657052866965,39.066129676384215],[-77.29325894318694,39.063599684670564],[-77.29436029547117,39.06106778435895],[-77.29350915963838,39.05756309143618],[-77.29232081282858,39.05704432183217],[-77.29350793757953,39.05587547295458],[-77.29206455627214,39.05464281643377],[-77.28187950233931,39.04971356025391],[-77.27933211539036,39.04594969271223],[-77.27220476218106,39.04452371289605],[-77.2652465826847,39.04076059452831],[-77.25939258007553,39.03952834921018],[-77.25235076275081,39.036089065180576],[-77.24938163803263,39.03563494693563],[-77.24709096466266,39.032584399332585],[-77.24276475931664,39.03057238866559],[-77.24140754837099,39.02732699683252],[-77.23776039623499,39.02440609599177],[-77.23767571316618,39.021355416095574],[-77.23708198874408,39.02193957162726],[-77.23597946201852,39.021095728822544],[-77.23852389768092,39.01979764270713],[-77.23852395207693,39.0181100348365],[-77.23750621232678,39.01862927536195],[-77.23996578451079,39.01259287736511],[-77.23835454365492,39.01200868387935],[-77.24005059137188,39.012268338323565],[-77.24208584201554,39.011229808347885],[-77.24802104931997,39.00201269143645],[-77.24598602255313,39.001363713870774],[-77.2425944453519,39.002532148053255],[-77.24293357443678,39.00123398656061],[-77.24997115019937,39.00129857781176],[-77.2526838413338,38.99766351294344],[-77.25183570925735,38.99584617339742],[-77.2498008209475,38.99519725899797],[-77.24878348220385,38.995716590035954],[-77.24607030676869,38.99428876299316],[-77.24751124903176,38.9904591388498],[-77.24420458160328,38.98286507544941],[-77.23920326133275,38.98176167962771],[-77.23632132784147,38.97929511871239],[-77.2360669703759,38.980268723019186],[-77.23479550347398,38.980073944528705],[-77.23360850412678,38.98292981559162],[-77.2318283545578,38.982994606322414],[-77.22572576325481,38.97935918580903],[-77.22445510119181,38.9757891078317],[-77.21928485619519,38.975333963461075],[-77.22250500773833,38.97819041454031],[-77.22208077320391,38.979813040690665],[-77.2203006896308,38.9798776660479],[-77.22140195859572,38.98240924034893],[-77.22089235256684,38.98604398709592],[-77.22004466702323,38.98591403246079],[-77.22080842131211,38.9829933144407],[-77.21877468160905,38.98065629495632],[-77.22047040174225,38.97922861814145],[-77.2196232890238,38.97741106379305],[-77.22021679029048,38.9768269958655],[-77.21708110157356,38.97533356061674],[-77.21665788562572,38.97358097513599],[-77.21479307556959,38.97397004252814],[-77.21386003677262,38.975852161837146],[-77.2106382250437,38.978058276151216],[-77.20809551151426,38.97766818526961],[-77.20809627149845,38.97598058872618],[-77.2043681098064,38.97338324632774],[-77.20242009284233,38.97072144967362],[-77.19742024107477,38.96961637222351],[-77.19453805629621,38.97052403467353],[-77.18936837271983,38.97006764429494],[-77.18826718512177,38.969223384854146],[-77.17962153966077,38.97025793892726],[-77.17648696726508,38.96876347956998],[-77.17445196860984,38.96980092714642],[-77.17182467696537,38.96973458562672],[-77.16817814792238,38.97187445139713],[-77.1563144567165,38.97004952403641],[-77.15139842851687,38.970305707045235],[-77.14690823163241,38.968939330346984],[-77.15054476742448,38.975238062640756],[-77.15681353306964,38.97822821595648],[-77.15732047245724,38.97965652566768],[-77.15986298293355,38.98004765692369],[-77.15994623243517,38.98141077136318],[-77.15808091885222,38.98179898693403],[-77.15918194647676,38.982643515812654],[-77.15867113724637,38.98459040820354],[-77.16036626096408,38.984851149908216],[-77.16087331623056,38.98627944655324],[-77.15951681085939,38.98640838022543],[-77.15942789729097,38.99010806085422],[-77.16112315226803,38.99036879244488],[-77.1616339364554,38.988421888226966],[-77.16248154673471,38.98855224181633],[-77.16290173637336,38.991992615572755],[-77.16993505439531,38.995436944806045],[-77.16815116905823,38.9988760252899],[-77.1695913432046,39.000110108924545],[-77.16958968974083,39.001797711408315],[-77.17374197397208,39.004461247678016],[-77.17492708552219,39.00666875036586],[-77.17713178899919,39.006669901776874],[-77.1783170394033,39.00887737288768],[-77.18060687759616,39.00855396591879],[-77.18119817752367,39.011345291747304],[-77.18331796432254,39.01167083203851],[-77.18526895890992,39.010957733847256],[-77.18552410356796,39.00998422909758],[-77.18764387005979,39.010309695460485],[-77.18781271365044,39.0113482944305],[-77.1862019194693,39.01076342436653],[-77.18560786821457,39.01134733268989],[-77.18594550689153,39.01342453646215],[-77.18959121681088,39.014659346680645],[-77.19205123297894,39.01368671893801],[-77.19459511956691,39.01407714073869],[-77.19213512421143,39.0150498189438],[-77.19043918290957,39.01478950988992],[-77.18925107313058,39.015957365061084],[-77.19120097214106,39.01693177998982],[-77.19102859803158,39.02095600716158],[-77.19297754360895,39.023618003698715],[-77.19001047949864,39.02147485858249],[-77.19052187704978,39.0178402183219],[-77.18831683477967,39.01783930468808],[-77.18814919213804,39.015113098523045],[-77.18721618098839,39.015307422773276],[-77.18450479168025,39.01219063993314],[-77.18077282818052,39.01296778499751],[-77.17950236174644,39.011084833469326],[-77.17984265660088,39.00978684282983],[-77.17772294025983,39.00946124330495],[-77.17645261401537,39.00757826163937],[-77.17348512779894,39.007122331311756],[-77.17348669101385,39.0054347273423],[-77.16958803620032,39.00348531434534],[-77.16916580069132,39.001732559471634],[-77.167979253563,39.001212605837196],[-77.16814610829155,39.00393883304951],[-77.1661100066867,39.004976149462244],[-77.16949795822498,39.008872616516044],[-77.1669509587011,39.0118568907542],[-77.17152929465571,39.01289805906185],[-77.17034091218075,39.014065732906275],[-77.17212028152781,39.01568943007962],[-77.17118236956911,39.02094645570635],[-77.17304704351545,39.02224564892968],[-77.1740652938413,39.02172693653257],[-77.1788981897607,39.023481959698636],[-77.18237548480268,39.02367837046352],[-77.18339235494636,39.02484719042511],[-77.1815260524819,39.025235761054745],[-77.18135726642944,39.02419715116958],[-77.17380995460623,39.022700419599076],[-77.17363816460313,39.025037017017],[-77.17668999813225,39.026856058093486],[-77.17617784584922,39.030490646795805],[-77.17855202975652,39.03153039101491],[-77.17651530403865,39.03256788278345],[-77.1763435776557,39.03490448780913],[-77.18117740439774,39.036659426169464],[-77.18202424628464,39.038477260144155],[-77.18473911507787,39.03821888380408],[-77.18372070995142,39.03873768516034],[-77.18380447391456,39.040100796494755],[-77.18227817112222,39.039191370646165],[-77.18151365645099,39.04042426412576],[-77.18524314811555,39.04470993574208],[-77.1837154039874,39.04548814172847],[-77.18303460620206,39.04808415911932],[-77.18091236725438,39.04944622799431],[-77.18040447776531,39.0480179984494],[-77.18227409126719,39.044254212684756],[-77.18151227879453,39.042111877997925],[-77.1797306340988,39.04217592210575],[-77.18091932521247,39.041008152904446],[-77.18092210794354,39.03763292629903],[-77.17803847944423,39.03685260257287],[-77.1782938117644,39.03587910850024],[-77.1754954022304,39.03477422790144],[-77.17643168538642,39.03120476828149],[-77.17566866868037,39.030750013072996],[-77.1758404069381,39.02841341061704],[-77.17499230812072,39.02828314741593],[-77.17584191595478,39.02672580072833],[-77.17177180516236,39.025425441064456],[-77.17355460853551,39.023673902297645],[-77.16965497418356,39.02172448562714],[-77.16957315088274,39.01867376142448],[-77.16813260946932,39.01743967388022],[-77.16474079949437,39.01691837675131],[-77.16371896984441,39.020812227000455],[-77.16287098138139,39.020681881186995],[-77.16312285201874,39.023083636917534],[-77.16176566416519,39.023212595931234],[-77.16252669695632,39.025355044828665],[-77.16184899874034,39.02457571846787],[-77.1604899155998,39.0263922727018],[-77.1579457815018,39.02600115138095],[-77.15649746094444,39.031517366584225],[-77.15742882572101,39.03301088358388],[-77.16048245399944,39.03314271391334],[-77.15895278686875,39.035608225505314],[-77.15962678583593,39.039762794442936],[-77.16217141049344,39.04015388223039],[-77.16344193601834,39.04203702020427],[-77.16310119743653,39.04333497286212],[-77.16878187399452,39.04690835599564],[-77.16691492715634,39.04729670849697],[-77.16691321049228,39.0489843241905],[-77.17115325174616,39.051323476893764],[-77.17149066306861,39.05340073396783],[-77.16699667112469,39.05034744925007],[-77.16496277741939,39.04800952260834],[-77.1649645393338,39.04632190722783],[-77.1632679659197,39.04606122569585],[-77.16403284924756,39.044828443346226],[-77.16242332547552,39.04255564726353],[-77.15869338220092,39.03995690516089],[-77.15853062118968,39.033855425209715],[-77.1557286381091,39.03612532284355],[-77.15411755322314,39.035540034159226],[-77.15504692881586,39.03872118255774],[-77.15267079931334,39.039368600442565],[-77.15326127732834,39.042160073527775],[-77.15173324456117,39.042937885782095],[-77.15401620999496,39.049365426758136],[-77.15715185234262,39.05254808974093],[-77.15748886926339,39.05462538526729],[-77.16045632748504,39.05676931945563],[-77.16283295640571,39.0561217506709],[-77.16155851822734,39.05761383769065],[-77.162575528344,39.058782834892426],[-77.16512083467309,39.059173863558414],[-77.16656042685696,39.062095614419654],[-77.16325355326077,39.05956216186964],[-77.16198089489767,39.05936663491055],[-77.16130103822658,39.06027491997393],[-77.16138809713566,39.05826281328014],[-77.15748693359902,39.056313002986194],[-77.15689617836954,39.05352154312856],[-77.15358800550563,39.052675453790066],[-77.15418466387311,39.05040407821552],[-77.15214912121057,39.049753557502065],[-77.15223847811528,39.04605384584282],[-77.15003679756668,39.04267702369395],[-77.15088710807943,39.041119843986266],[-77.15173531341448,39.04125027208358],[-77.15131328896531,39.0394974455748],[-77.15309693013657,39.037746196397336],[-77.15097651858633,39.03742013874075],[-77.15021149183607,39.03865283911386],[-77.14630948551662,39.038390296830876],[-77.14402529836802,39.03365023723431],[-77.14419581673016,39.0330012882359],[-77.14538271246849,39.03352147188423],[-77.14622642642102,39.03702716071494],[-77.14928020303863,39.03715926656501],[-77.15080814061248,39.03638148525722],[-77.1528432969421,39.03703202644803],[-77.15233810015432,39.033916073660805],[-77.15479726836247,39.034631792306755],[-77.15615664770336,39.0328152978618],[-77.15642009803994,39.02509140997718],[-77.15743850678545,39.02457283368188],[-77.16023624940355,39.025678119218746],[-77.16074730532277,39.02373120759543],[-77.1597308147435,39.02256220245523],[-77.16193599975604,39.02256362372177],[-77.16041407222467,39.01827871676475],[-77.16321161794428,39.01938393411497],[-77.16321341979707,39.01769632692213],[-77.1655053513923,39.015685591381676],[-77.17008390765773,39.01672681364055],[-77.16915415546286,39.01354578947007],[-77.16779715627003,39.01367481419949],[-77.16601793271076,39.012051055609255],[-77.16788736615386,39.008287509090856],[-77.16424412174082,39.00536445909852],[-77.16484005935966,39.00309305034825],[-77.16738342936534,39.00348402897355],[-77.16679100499654,39.00238024350705],[-77.16823459540099,39.00023913815471],[-77.16755707000422,38.999459846125696],[-77.1684081812156,38.996214956186684],[-77.16493223653953,38.996018155206364],[-77.16527272085642,38.99472020763487],[-77.16425656288133,38.99355124501114],[-77.16366247605634,38.99413504671842],[-77.16205225715815,38.99354986496768],[-77.16137670406802,38.99108294005084],[-77.16052906628683,38.99095257886535],[-77.15959440613325,38.9928342947767],[-77.15832292478568,38.99263873251867],[-77.1589983887764,38.995105674654546],[-77.157041728591,39.00088116303102],[-77.15763399282686,39.00198499475195],[-77.15466285324405,39.00490382079258],[-77.14956346930587,39.01424691652484],[-77.14888174503952,39.016842732913794],[-77.15091633742273,39.017493303550445],[-77.15074591538199,39.01814226009708],[-77.14998319633638,39.01768734808658],[-77.14514694149702,39.01930641465583],[-77.14285433301025,39.02131677556263],[-77.14387053490132,39.02248591858867],[-77.1423428150718,39.02326361273424],[-77.14090264486452,39.02202920840285],[-77.14013760926971,39.02326184352979],[-77.14081506256963,39.024041288185025],[-77.13784712825107,39.023584504854774],[-77.1387827462322,39.02170294343454],[-77.1423451012614,39.0215760048042],[-77.14141650030798,39.01839477053514],[-77.14378979228086,39.01943517712494],[-77.14413076351157,39.01813728268866],[-77.14540265244456,39.01833299111614],[-77.14752464840615,39.01697153615026],[-77.14905857126574,39.011130962198294],[-77.15279486586257,39.00697956200865],[-77.15322080418868,39.00535716624263],[-77.15195118386802,39.003473935185255],[-77.15381506645441,39.00477341347436],[-77.15585330989562,39.00204869594194],[-77.1568752969881,38.998154922237596],[-77.15594635964355,38.99497380867373],[-77.15611668102895,38.994324847404634],[-77.15730303104169,38.99484491385093],[-77.1575584933762,38.99387146911196],[-77.15671278195096,38.99205348164186],[-77.15739205844466,38.991145232017914],[-77.16002011003341,38.991211879320126],[-77.1585802743587,38.989977686380485],[-77.15858599971716,38.98491489012088],[-77.15723145547062,38.983356200880124],[-77.15316206907144,38.983742837848354],[-77.1519718063156,38.986597928697705],[-77.14951217047216,38.987569758104975],[-77.14815347056772,38.989386166502406],[-77.14781054743055,38.99237166566002],[-77.14636870407016,38.99282493061906],[-77.1462813080964,38.99483700477813],[-77.14526323606867,38.99535548707905],[-77.14144879597787,38.994768320633895],[-77.14178509688355,38.996845638761215],[-77.1397488180189,38.99788252162991],[-77.13720579246404,38.997490977227564],[-77.13728863740415,38.99885411051784],[-77.13576378158645,38.997944119365236],[-77.13423649046018,38.99872171068708],[-77.13177873841293,38.99800558917433],[-77.13177620785544,38.999693190457755],[-77.13050468146889,38.999497343048056],[-77.12948384799732,39.001703298104644],[-77.13007570075389,39.0028072613979],[-77.13219500969859,39.00313367400945],[-77.13219248861964,39.00482127667757],[-77.12973455061956,39.0041051140003],[-77.12999041436149,39.003131724611166],[-77.1280390881346,39.003843953161315],[-77.1264289410099,39.00325830844765],[-77.12718344955596,39.00877617359582],[-77.12565316626562,39.01124126496712],[-77.12429613304982,39.01136981420881],[-77.12344287666944,39.014614409231555],[-77.12259503271727,39.01448378852108],[-77.12285102851058,39.01351041221878],[-77.12098469389852,39.0138980721938],[-77.12124070917999,39.01292469930458],[-77.12268310750433,39.01247172478649],[-77.12277117741893,39.01045966164731],[-77.1239575521021,39.01098004808862],[-77.12429883755313,39.009682209929004],[-77.12514662859886,39.009812818903576],[-77.12591444368393,39.00689267530447],[-77.12430424618331,39.00630700274866],[-77.12371517035477,39.00351540873274],[-77.12015366731195,39.00364181255409],[-77.11930877712065,39.0018235675778],[-77.12092161768147,39.00072170272427],[-77.12354726008145,39.00247672414174],[-77.12498943688897,39.002023723591506],[-77.12778581914375,39.00312973606365],[-77.12897989702886,38.998587268474814],[-77.13161072573475,38.9969669164011],[-77.12822013216501,38.996444623420594],[-77.12626896796432,38.99715682339134],[-77.12610103590652,38.99611814330172],[-77.12398195866766,38.99579162702497],[-77.12220415048814,38.994167245398735],[-77.1155911807963,38.99416074753322],[-77.11644166146147,38.992603816129744],[-77.11728923939806,38.99273447840145],[-77.11729210572871,38.99104687927801],[-77.11898723142637,38.99130818635938],[-77.11898440440375,38.99299578559047],[-77.122121593498,38.99280410306367],[-77.1266101473393,38.99585898174298],[-77.13271418438808,38.99612408126217],[-77.1358490361493,38.9976196524535],[-77.13703770349504,38.996452311885534],[-77.13830919424593,38.996648092285305],[-77.14102728896121,38.99301547254755],[-77.13984342838319,38.99080765117497],[-77.14111482804073,38.991003402663665],[-77.14416217764877,38.99451083306825],[-77.14696727496124,38.98886601305834],[-77.14832384837779,38.98873721649379],[-77.14756145270977,38.988282291741896],[-77.14841118054431,38.986725142807636],[-77.15197386803425,38.984910330491516],[-77.15248485869522,38.98296346557322],[-77.15596014608779,38.983160614705724],[-77.15587894027138,38.98010990020173],[-77.15664130231274,38.98056477329206],[-77.1588452145925,38.98056624942387],[-77.15681158377585,38.979915812515245],[-77.15588091119865,38.978422303607935],[-77.15291474285898,38.97796588368697],[-77.15130704508795,38.97569296816106],[-77.14961216715665,38.97543210309558],[-77.1469060529052,38.97062692438167],[-77.14343364784345,38.9687419281856],[-77.14106432810681,38.96601392986616],[-77.14013182076091,38.966207898808165],[-77.13894842336829,38.96400007788155],[-77.1373390698795,38.96341457824622],[-77.13759468889022,38.962441179259756],[-77.13666221807088,38.9626351220249],[-77.13505536643231,38.9603620011791],[-77.13344612469592,38.95977645136306],[-77.12981184081941,38.95347723248368],[-77.12862636141159,38.95295690656146],[-77.12778446931006,38.94945114434769],[-77.12626076706331,38.94854104321894],[-77.12567208361172,38.945749482840235],[-77.12660436743208,38.94555562314182],[-77.1266922480357,38.9435435776396],[-77.12212441970577,38.93912559422571],[-77.11983931086303,38.93776033327126],[-77.11806016568148,38.93782349174954],[-77.11840121335392,38.936525684073196],[-77.11400193777261,38.93314608656104],[-77.11172315486083,38.92840550962946],[-77.10698969345356,38.92294828945197],[-77.10132171862452,38.9193721494408],[-77.10005820203597,38.915800831248404],[-77.09642565340891,38.91118825193406],[-77.09160565522679,38.90774247072728],[-77.08094240120342,38.90474345238746],[-77.07856998407398,38.90538943949919],[-77.07916028258644,38.90649363004114],[-77.07679159391289,38.90545200574861],[-77.07593746235793,38.90869622374889],[-77.07407356386774,38.90908317259227],[-77.07500167276652,38.91057727981512],[-77.07711805106253,38.910904628193414],[-77.07677258584513,38.91388989668403],[-77.07525026514305,38.91297917357656],[-77.07296296526916,38.91330063275736],[-77.07398427135179,38.911095171102474],[-77.07297463532895,38.90823789782955],[-77.07416285145094,38.907071174543724],[-77.07594128340045,38.90700864598763],[-77.07645375948834,38.905062116139],[-77.06536424048676,38.903683866723135],[-77.0641759386992,38.90485050517238],[-77.0629062498819,38.90465396809086],[-77.06316265722062,38.903680730614276],[-77.06485555547057,38.90394277363412],[-77.06460325333825,38.9032284380671],[-77.06121750403483,38.9027043220786],[-77.06045237352402,38.903936444254505],[-77.05638691230666,38.904319903637706],[-77.05392011864294,38.90866498078966],[-77.05052978379513,38.9098281498505],[-77.05957653156997,38.91561843907141],[-77.0562629226029,38.91983251432441],[-77.06184737150784,38.922047545554676],[-77.0624375514868,38.92315181811853],[-77.05837525690973,38.921847763055915],[-77.05550182363747,38.919377028844394],[-77.05338095202083,38.92073689083209],[-77.05126439476814,38.92040913687187],[-77.04948117967693,38.92215889143899],[-77.04963455416181,38.928260406276635],[-77.04548662989535,38.92728033233082],[-77.04505874830683,38.92890233866786],[-77.04674766905829,38.93085221151371],[-77.05267050881918,38.93345763130451],[-77.04894117721459,38.93423080396223],[-77.04825661530002,38.936826035106904],[-77.05316639287607,38.93826152331111],[-77.0500992539168,38.94487739474457],[-77.04882890506137,38.944680712440324],[-77.04806312374198,38.945912765114386],[-77.04628371758798,38.945974894103635],[-77.04509441977868,38.94714135630697],[-77.04492321924387,38.947790160224244],[-77.04737842067897,38.948507995659334],[-77.04686486134484,38.95045441671672],[-77.04542322050266,38.950906506028986],[-77.0448239845447,38.95317732177728],[-77.04219280774737,38.954795823210674],[-77.04269733457812,38.956224595121114],[-77.0420979698033,38.95849539944403],[-77.04090840034985,38.95966182361392],[-77.04378749788523,38.960445320747645],[-77.04826630153173,38.965190606045034],[-77.04706773442024,38.96973227232727],[-77.04528774505178,38.969794387249166],[-77.0441791128306,38.97232403315416],[-77.04875320172356,38.97336972128731],[-77.04891997730132,38.97440850203345],[-77.05103809448916,38.97473629850902],[-77.05509890196514,38.97772819713306],[-77.05975905874888,38.978449070016715],[-77.06086306847153,38.97760687622785],[-77.06416674918266,38.978455424005986],[-77.06527070799015,38.97761319100737],[-77.06518108799632,38.97962520261443],[-77.0545040690085,38.978311474604794],[-77.0507812746521,38.975709520552826],[-77.04866313029534,38.975381719645476],[-77.04815835353347,38.97395296795897],[-77.04349859960742,38.973231659966984],[-77.04350317623265,38.97154406808999],[-77.0426559778075,38.97141290245683],[-77.04070464818864,38.972123754507486],[-77.04027174477717,38.97543334705744],[-77.04196161716642,38.977383298129865],[-77.04399414922402,38.97803561625329],[-77.04483688115475,38.97985436649397],[-77.04457996031984,38.98082757645728],[-77.04237604406715,38.980824071207614],[-77.04059113474322,38.982573713087],[-77.04796027710789,38.98472734202875],[-77.05024993258581,38.98440634079007],[-77.05202589548735,38.986031750014554],[-77.05541545588723,38.98655612313176],[-77.059404143972,38.98480950901398],[-77.06194630685941,38.9852026463305],[-77.06397513382439,38.987542234178385],[-77.06345351311857,38.99286393006151],[-77.06514441161647,38.99481357063501],[-77.06844892358744,38.99566200668427],[-77.06921488330184,38.99442981904807],[-77.0741328291872,38.994176890977464],[-77.0751552350724,38.991971394061316],[-77.07532243023495,38.99301014224665],[-77.07659369450032,38.99320655463628],[-77.07973474155588,38.991328345287805],[-77.0804186934486,38.988732919781945],[-77.08279747779702,38.98639929263741],[-77.08246290921045,38.98432181848175],[-77.08475239956212,38.98400018078671],[-77.083726752031,38.98789335098868],[-77.08015848972336,38.99139380245027],[-77.0802402589091,38.99275697226127],[-77.07769394848077,38.99405180759824],[-77.0755751489529,38.993724465122504],[-77.0753185903211,38.99469774075431],[-77.07362354267536,38.99443583720301],[-77.07234835607571,38.9959269930972],[-77.07031507005303,38.99527513757338],[-77.0694635711485,38.99683175340454],[-77.0644639495989,38.99572131552987],[-77.06403608859316,38.9973434035932],[-77.0626792060276,38.997471279068364],[-77.06386493884868,38.99799223852173],[-77.06172946529749,39.00441505973528],[-77.06257708243996,39.00454609581668],[-77.06324528888307,39.008701164247064],[-77.06434562211048,39.00954653759945],[-77.0634938283984,39.011103116024266],[-77.06485096382028,39.01097523136463],[-77.0666359864705,39.009225232827774],[-77.06698232043104,39.00623995104856],[-77.06842492384173,39.0057876074122],[-77.06816822699851,39.00676087012548],[-77.07300146527494,39.006832407207376],[-77.07401634185304,39.00800211879355],[-77.07613555023984,39.0083294886159],[-77.07800198079138,39.00794250316792],[-77.08038147082907,39.00560891526549],[-77.08529652451726,39.00704314643713],[-77.084876299484,39.00529010457186],[-77.08691356749473,39.004254120751014],[-77.08683166033906,39.00289095286484],[-77.09099140626161,39.000494452371036],[-77.09040016545774,38.99939030324662],[-77.09260808536308,38.997705355427534],[-77.09235863044434,38.9953034671788],[-77.09524306996762,38.994398175058805],[-77.0964289858036,38.99491882318575],[-77.09745072622268,38.99271314243223],[-77.09939877193212,38.993688994885886],[-77.10007877903816,38.992781058840286],[-77.10007551336938,38.99446865799591],[-77.09770034036644,38.99511501946731],[-77.09744407281957,38.996088341014534],[-77.09481590299892,38.99602036878806],[-77.09421783723947,38.998291438235206],[-77.09184248739477,38.99893768801091],[-77.0918390303895,39.00062528858031],[-77.08878336426291,39.00217937217981],[-77.08563487996248,39.00743301770514],[-77.08766864307471,39.00808462354143],[-77.08952798389856,39.01107267093095],[-77.09139441356675,39.01068548398554],[-77.09156188364736,39.01172421337611],[-77.09368127940189,39.01205128390207],[-77.09486408440613,39.01425955276576],[-77.0966451193332,39.014196726269546],[-77.09766712399077,39.01199103694647],[-77.09825526871633,39.01478275827572],[-77.10393688256336,39.01498387806001],[-77.10605017281355,39.01868594878001],[-77.10952704086124,39.01888439921521],[-77.10978322702911,39.017911049163565],[-77.11377232832082,39.01616267941694],[-77.11504410097562,39.01635869873213],[-77.11436406025632,39.0172667201784],[-77.11588905339936,39.018176977004885],[-77.11571831723367,39.018825885505926],[-77.11283613463314,39.01804405061265],[-77.11224143509338,39.01862760843004],[-77.11114040792604,39.01778265840723],[-77.1096093914014,39.02024755562591],[-77.10774590228516,39.01894741053788],[-77.10698033721447,39.02017984069067],[-77.10528458176083,39.019918368424825],[-77.1042722055453,39.01706130439141],[-77.1005423922,39.0161484327296],[-77.10172870060337,39.01666903204135],[-77.10155784164417,39.01731792090411],[-77.10037152388016,39.01679731990454],[-77.1001152156839,39.017770650355494],[-77.10214617878907,39.020109626234415],[-77.10264912916944,39.02322577554002],[-77.10476890994501,39.02355265742154],[-77.10518972000679,39.02530563714682],[-77.10849915606663,39.02446540323421],[-77.11197331608554,39.02635139343351],[-77.11171712949731,39.02732474936491],[-77.1100211904105,39.02706334147452],[-77.10909087550476,39.02556947063756],[-77.10637621105134,39.02582619284408],[-77.1053542761141,39.028031958876305],[-77.10611682439699,39.02848714575013],[-77.1068824915532,39.02725471922056],[-77.11434351026747,39.02907997306601],[-77.11578046633127,39.03200229666195],[-77.1148470453695,39.03219607760631],[-77.11458794597455,39.034857051045435],[-77.11653735068256,39.03583264123275],[-77.11628119178482,39.036806008133915],[-77.11373693141486,39.03641398047995],[-77.11442302823993,39.03213073843626],[-77.11272696734163,39.03186936728681],[-77.11357795034087,39.03031244596941],[-77.11001815392903,39.02875095025398],[-77.10552198553823,39.029070672396536],[-77.10290222127836,39.023940046231246],[-77.10120639281307,39.02367851811093],[-77.09729537270097,39.02847726072305],[-77.10034870102098,39.028610569428785],[-77.10212686300561,39.0302352731098],[-77.10287980731414,39.03575331029801],[-77.10516767725545,39.037118904337],[-77.10194307956748,39.03763460551184],[-77.10058876767964,39.0360752850576],[-77.10169640927792,39.03354510991363],[-77.10068073100621,39.03237561971291],[-77.10085488250212,39.030039121041405],[-77.09737750481995,39.029840427408764],[-77.09585249883175,39.028929941488805],[-77.09670380868464,39.02737313658838],[-77.09110325997993,39.0285348559325],[-77.0885558902261,39.029829921598854],[-77.0865143470041,39.03255354594436],[-77.08430886123504,39.032550785326514],[-77.083631934449,39.03177103143754],[-77.08380298731984,39.03112216569351],[-77.08558444478932,39.03105949768093],[-77.08839195980497,39.02710357683316],[-77.09017331487674,39.02704084303852],[-77.08966736408748,39.02561224861591],[-77.091192223066,39.02652280998001],[-77.09492922440838,39.02406074849939],[-77.09772599672928,39.02516744199185],[-77.09629996498877,39.017182094505664],[-77.09341805632657,39.01639980912021],[-77.09164042711313,39.014774984482024],[-77.0917293585111,39.012762942715845],[-77.08833831532112,39.012239559146934],[-77.08563127853664,39.00912062038981],[-77.08003568976943,39.00859423409022],[-77.07477463067747,39.01014509920491],[-77.07392305313705,39.01170174932057],[-77.0773063778815,39.01560073449801],[-77.07653651938459,39.01852058123526],[-77.074922611877,39.01962187249209],[-77.07474765222685,39.0219583306526],[-77.0735614507299,39.02143747313193],[-77.0710917106306,39.025782966987165],[-77.07024383063117,39.02565198858418],[-77.07083103306601,39.02844384599122],[-77.06887844862766,39.02915514748108],[-77.06802652225963,39.030711762035835],[-77.07023195160784,39.03071481179663],[-77.07158551264757,39.03227446176992],[-77.06988166624613,39.03538772422123],[-77.06716246561008,39.03733119971586],[-77.06938003594088,39.032271436044546],[-77.06776973210226,39.03168502791571],[-77.06581703069105,39.032396281660375],[-77.06463072290113,39.031875337923616],[-77.06743135960191,39.03129510640919],[-77.06905361415652,39.02681869479819],[-77.068376904301,39.0260388585214],[-77.06981989177677,39.025586497212885],[-77.07152744064405,39.02078563479167],[-77.07611643917686,39.01676750646063],[-77.07552912813576,39.01397567943701],[-77.0729042295882,39.01221963941876],[-77.07240262956367,39.00910337540845],[-77.06816422038246,39.008448472092354],[-77.06739004577821,39.01305586193193],[-77.06493246814169,39.01233841549061],[-77.06348971309144,39.01279071902297],[-77.06129732630127,39.00772474215731],[-77.05808220217749,39.00486409912536],[-77.0601324180953,38.998765755103534],[-77.06225543819573,38.99740576217309],[-77.06098413927968,38.997209202811504],[-77.06149765090245,38.99526270967325],[-77.0599780146155,38.992664190432656],[-77.05870680470218,38.99246760789448],[-77.05717028375092,38.996619446646804],[-77.05606594276888,38.9974616100593],[-77.05445651673024,38.996875032644354],[-77.05657958775477,38.995515137191255],[-77.0576067952789,38.99162218686366],[-77.05981103931664,38.99162542164893],[-77.06066268379251,38.99006887330511],[-77.05922455685375,38.9888335287372],[-77.0556636612854,38.98895808215949],[-77.0531214011432,38.98856481593241],[-77.05329262451363,38.98791599677662],[-77.04896999216676,38.987584849962495],[-77.04761774722645,38.98602496481622],[-77.04448520981657,38.98452716886428],[-77.04270485633204,38.984589246877974],[-77.04471939964135,38.99199193793547],[-77.04139682475008,38.9978932608198],[-77.03995887030909,38.99665769154597],[-77.04080635784192,38.996788876100126],[-77.04395761811364,38.99153637685356],[-77.04261000559028,38.988288839991775],[-77.0401488535647,38.989258501804116],[-77.04040121391895,38.98997289582422],[-77.03760195234194,38.99055251390846],[-77.04193393750533,38.98750886448476],[-77.04185289185808,38.98614567066114],[-77.04032949664528,38.98523450949755],[-77.03650695705271,38.98801931026898],[-77.03455990703756,38.98704247189694],[-77.03608801738467,38.986266108749064],[-77.03769706066477,38.98685292333163],[-77.03880145321844,38.98601092474132],[-77.03863479549939,38.98497212856875],[-77.04016281889041,38.98419571550096],[-77.0391488185876,38.98302573163917],[-77.03966281417806,38.98107933316129],[-77.04305664229217,38.979916449508615],[-77.04297558406955,38.978553258004034],[-77.04128102897545,38.97829091347437],[-77.03950549498286,38.976665352437735],[-77.03891991206658,38.97387337004536],[-77.04002875068694,38.97134377054197],[-77.04418367361922,38.97063644148142],[-77.04699560309363,38.96499390439134],[-77.04192210346086,38.96083178900848],[-77.04157957838429,38.96212939047253],[-77.0381009063629,38.96361662862042],[-77.0360545837338,38.96802698499089],[-77.03027648584508,38.973209926296114],[-77.02993369486833,38.974507497984256],[-77.02908648641105,38.97437623965347],[-77.02891507909504,38.97502502405444],[-77.03018590379253,38.97522191115711],[-77.02984310172346,38.9765194829883],[-77.02848654743403,38.97664698429877],[-77.02865796239065,38.97599820033096],[-77.0274728400363,38.97547690639699],[-77.027382177648,38.97748888989844],[-77.0226366689173,38.97709118934837],[-77.02527408617436,38.97378550562277],[-77.02594984820999,38.97456557022902],[-77.02815357411211,38.97456936717212],[-77.02934359165484,38.97340306272684],[-77.02883920790111,38.97197423291228],[-77.03053357105604,38.97223674707457],[-77.0317283618397,38.96938282933093],[-77.0361449946027,38.96601499801148],[-77.03733946323462,38.96316102888082],[-77.04081812904064,38.961673812180386],[-77.04107503256577,38.96070061278938],[-77.03989007036076,38.960179438624216],[-77.04176007504897,38.95810541248903],[-77.0419405517588,38.95408143659663],[-77.04406260853484,38.95272176398821],[-77.04644588841028,38.94870125995412],[-77.04381947730131,38.948632208514866],[-77.04356722670741,38.94791782583907],[-77.04560800307513,38.94519494349554],[-77.04772525543284,38.945522795109504],[-77.04891448465149,38.9443563079518],[-77.04917121884607,38.94338309422087],[-77.04713960778832,38.942730864196065],[-77.04968023519302,38.94312425029277],[-77.05147273878393,38.93799931947303],[-77.04766206167926,38.93740927631903],[-77.0468197504292,38.93559055647664],[-77.04529281802397,38.936367045992974],[-77.04131107043503,38.93642561101233],[-77.04063085697172,38.937333217395434],[-77.03537410813152,38.938882396124995],[-77.03502679860354,38.941867559325175],[-77.03188188829778,38.94543220798791],[-77.02991648026196,38.95120564446748],[-77.02805124898124,38.95159190366599],[-77.02702798324682,38.95379699897228],[-77.02584323399816,38.953275691180515],[-77.02558615304706,38.95424885797194],[-77.02346874666485,38.95392062808933],[-77.02219324258752,38.95541125944751],[-77.01880022377274,38.95657356832728],[-77.01810404794705,38.96254381720192],[-77.0191174246109,38.96371396937299],[-77.01775591720556,38.96552894213166],[-77.01851210688571,38.96767225169958],[-77.01613187393812,38.97000463962959],[-77.01487165898074,38.966432429424934],[-77.01631900351296,38.964293105157985],[-77.01504840715475,38.96409607637689],[-77.01572918969995,38.96318860685057],[-77.01437811043508,38.9616283653867],[-77.01573962910464,38.95981343073191],[-77.0144743612905,38.95792880881412],[-77.0169399874016,38.955272073900616],[-77.01592676325727,38.95410190538531],[-77.01363790975864,38.95442227197613],[-77.01228703801529,38.952862009729664],[-77.00983203593965,38.9521434793892],[-77.01347695489534,38.95169586117134],[-77.01415238546049,38.95247598748042],[-77.01804930643122,38.952742677778694],[-77.01974830909144,38.951317752583485],[-77.02220338117978,38.952036086604416],[-77.02373088847646,38.95125987964101],[-77.02508197575526,38.95282001690826],[-77.02551044301192,38.95119807410983],[-77.02746136007725,38.95048746317185],[-77.02679076790696,38.9480198241188],[-77.02857024064396,38.947957974724616],[-77.02925070372757,38.94705043313602],[-77.0300119277322,38.94750608145266],[-77.02950771027575,38.94607725975258],[-77.03214369208582,38.9427714449869],[-77.02951750848615,38.942702090811146],[-77.0288420039657,38.94192204924756],[-77.0281615837182,38.94282958793722],[-77.02646791347651,38.94256704251352],[-77.02596379977346,38.94113820740482],[-77.02758165149801,38.93834998261353],[-77.028514101247,38.93815686040898],[-77.03181076932809,38.94069384791726],[-77.03155381256632,38.94166702533389],[-77.03282406215288,38.94186388446249],[-77.03443688267421,38.94076315352293],[-77.03512197417693,38.93816799725947],[-77.0376670871348,38.93687404603348],[-77.03893726963057,38.93707084242803],[-77.04105888673878,38.935711224459986],[-77.04495500884573,38.93597706896397],[-77.04953569463711,38.93364755687523],[-77.04979238277276,38.93267434330924],[-77.04691431864802,38.93189098861119],[-77.04480201020418,38.92987554193337],[-77.04379325885395,38.927018024028236],[-77.04540558477372,38.92591715272644],[-77.04938231708917,38.92754603745015],[-77.04812120595415,38.92397418665952],[-77.04957116268287,38.92014690770384],[-77.0506744064294,38.91930481154695],[-77.05363754326915,38.91976367101103],[-77.05770812514486,38.91769272146086],[-77.0582211636934,38.915746264295976],[-77.05204735476434,38.912426753844755],[-77.0495977550889,38.91002143681743],[-77.04993989229656,38.908723822569],[-77.0486701743903,38.90852713959925],[-77.04926448419491,38.907943895816075],[-77.04714831719207,38.90761607215108],[-77.04613527070462,38.90644615802972],[-77.04554094806481,38.907029386700145],[-77.03766623981579,38.90682200941042],[-77.036986257384,38.907729592204504],[-77.04274032465811,38.9092966906493],[-77.0420603823486,38.91020430156195],[-77.04358222998249,38.9111154317669],[-77.04256000310251,38.913320642895386],[-77.04323538926953,38.91410060671602],[-77.04077675245702,38.915070270642396],[-77.03882223252646,38.917468665942835],[-77.03611135037876,38.91772384792464],[-77.03636816177108,38.916750664243075],[-77.03179780650694,38.915704528038084],[-77.02865878511777,38.91758150366421],[-77.02450673818362,38.91828830766093],[-77.0238214554319,38.92088339824325],[-77.02534329801331,38.921794753580016],[-77.02508632151029,38.92276791507621],[-77.02635622397203,38.92296483992513],[-77.02761625005955,38.926536911467856],[-77.02616998784133,38.928676356055185],[-77.02481932519376,38.92711623589935],[-77.02457736004709,38.92302665735133],[-77.02296983266957,38.92243967810844],[-77.02373579165406,38.921207784362906],[-77.02136741753668,38.92016509935095],[-77.0217957754061,38.918543176707516],[-77.01917047531559,38.91847360369313],[-77.02197218525374,38.91620682947475],[-77.01748775583062,38.91483578127474],[-77.01765912328796,38.91418701817211],[-77.01342673034169,38.9135302553696],[-77.01807720474622,38.91594026377261],[-77.01942238461679,38.919188033059015],[-77.01830846717725,38.923405008629565],[-77.02151334904019,38.92795422716963],[-77.01803589985923,38.92944089553543],[-77.01727493963908,38.928985174879685],[-77.01778913842881,38.927038882228906],[-77.01558685142635,38.92703490127486],[-77.01566733959467,38.928398100505454],[-77.01397405006041,38.92813538501758],[-77.01363118078159,38.929432903278276],[-77.01599974554638,38.930475737341666],[-77.01472974011685,38.93027870624019],[-77.01285968022832,38.93235231673898],[-77.01091443594349,38.931375115395326],[-77.0121040236952,38.93020898351528],[-77.01202890346512,38.92715820171488],[-77.01542065982242,38.92599608282718],[-77.01161090321926,38.92540493309809],[-77.01305224904755,38.92495323834031],[-77.01221094624296,38.92313428668246],[-77.01348608933348,38.92164376465827],[-77.01720996996602,38.922559238154875],[-77.01823309406416,38.920354233396246],[-77.01544155559826,38.91924576746076],[-77.01620760832618,38.91801392074311],[-77.01519491427072,38.91684375228323],[-77.01349662673339,38.91826860834372],[-77.01121421004068,38.91690135095795],[-77.01003552267832,38.91469231779913],[-77.01113914080618,38.91385057405867],[-77.01064086075992,38.910734106073434],[-77.00429269587305,38.90974854884044],[-77.0042872146665,38.91143612451489],[-77.00250861362012,38.91149762528119],[-77.00198858149164,38.91513142690478],[-77.0008848382073,38.9159730893392],[-77.00070218755049,38.91999698385993],[-77.00154316666358,38.92181601281536],[-77.00281298882956,38.922013178720924],[-77.00280747241096,38.92370075706853],[-77.00373980026069,38.92350782149788],[-77.00339126732591,38.926492889652366],[-77.00245890033591,38.92668582268032],[-77.00363755198508,38.92889493140088],[-77.00456994413665,38.9287019894539],[-77.00456446792865,38.93038956940668],[-77.0061720224159,38.93097678785585],[-77.00506808730866,38.931818489319575],[-77.00489109725778,38.93415481739],[-77.00362105772848,38.933957672437295],[-77.00175058701166,38.93603111647038],[-77.00108655647978,38.93187576300268],[-76.9998165670018,38.93167857915453],[-77.00346602499724,38.929543676396165],[-77.00261938740032,38.92941223822711],[-77.00287668758531,38.92843912244063],[-77.00118344325898,38.928176232318805],[-77.0022928967978,38.92564698669944],[-77.00102857057992,38.9237622367065],[-77.00162338618671,38.92317922018528],[-76.99967853770345,38.92220184383608],[-77.00010739055958,38.920579995714164],[-76.99527425857205,38.922193199622626],[-76.9952571844023,38.927255934916296],[-76.99398156994805,38.928746270599774],[-76.99313495874556,38.92861476770011],[-76.99331231249248,38.926278458191256],[-76.994679400192,38.92277618561209],[-76.9929863171282,38.92251318377623],[-76.9933295216328,38.92121572383293],[-76.99595489579771,38.92128584395224],[-76.99680708230935,38.919729749911106],[-76.99765359685733,38.91986122758642],[-76.99741318116432,38.91577160017408],[-76.99945478200483,38.91304948938816],[-76.9973330485996,38.914408391424814],[-76.99496527364231,38.9133652031417],[-77.00098727193216,38.9105859909851],[-77.0013302777213,38.90928851094723],[-77.00251413603861,38.90981004967211],[-77.00454990424409,38.90877543212896],[-77.00311433416164,38.90753945196423],[-77.003543024198,38.90591759508861],[-77.00227348063652,38.905720437076816],[-77.00312535007765,38.90416430279299],[-77.0008435699732,38.90279685703927],[-77.0005005860823,38.90409433464276],[-76.9986364052262,38.90448014909342],[-76.99237473080701,38.90316961443978],[-76.99178000456904,38.903752585066286],[-76.99320957021685,38.906676269985795],[-76.99040733191612,38.90894239139857],[-76.98913777120302,38.90874509880562],[-76.9875249752723,38.90984523587606],[-76.98700420741126,38.9134789738253],[-76.98573457684307,38.9132816462692],[-76.9859920456255,38.91230856762532],[-76.98277213227192,38.912821164768765],[-76.98439695026642,38.908345939824926],[-76.98812564091453,38.907574710744605],[-76.98923523405524,38.90504558885511],[-76.99059052353584,38.90491851789121],[-76.9895784230737,38.90374814226749],[-76.990173166894,38.9031651822024],[-76.97960060122233,38.89983308912225],[-76.97943498483225,38.89879422623084],[-76.97740524212841,38.8981408581486],[-76.97766276865431,38.89716779870013],[-76.97292276402123,38.89676820156617],[-76.97140210020856,38.89585620602938],[-76.96902270572144,38.89818766701882],[-76.96857436941133,38.9048721193628],[-76.96475970172918,38.90596710484956],[-76.96347740968206,38.909144695778956],[-76.96423782592584,38.9096007452443],[-76.96245923604583,38.90966167150205],[-76.96228738761029,38.91031035782272],[-76.96744505785846,38.91246377755135],[-76.96625504505697,38.913629478180276],[-76.96929073151394,38.91714115642471],[-76.973105916312,38.916046029923265],[-76.97657751909384,38.91624819963034],[-76.97683512070192,38.91527513962533],[-76.97835625798474,38.91618707079583],[-76.97853405551616,38.913850786332375],[-76.98022688501652,38.91411398517685],[-76.97945420780805,38.9170331846516],[-76.98242279113161,38.915806169671065],[-76.98487629788112,38.91652523878652],[-76.98055218314185,38.917879288880314],[-76.97894512436758,38.91729173941731],[-76.9764855244617,38.91826012876136],[-76.9716582614049,38.91818483546299],[-76.97265784484341,38.92273051258834],[-76.97104449026497,38.92383043730669],[-76.97273131114201,38.92578131614592],[-76.97086642809197,38.926166714132805],[-76.9675725414082,38.923628112483165],[-76.96767111962163,38.919928612335426],[-76.96555497245792,38.91959939565018],[-76.96581273318473,38.91862635811812],[-76.97064001946113,38.91870187897822],[-76.97123503697082,38.918119008637156],[-76.96344527271386,38.917582567414826],[-76.96472131642324,38.91609254812043],[-76.96632823397644,38.91668028182403],[-76.96675779692627,38.91505855032478],[-76.96396724524716,38.913948926563435],[-76.96286308060672,38.91479025036005],[-76.96413908730648,38.9133002376059],[-76.95865076422963,38.90906889619723],[-76.95568205513781,38.91029534094796],[-76.95371155565262,38.916067540550536],[-76.95489518302792,38.91658953434453],[-76.95193279906076,38.91612831586125],[-76.95218404064022,38.91684288141724],[-76.95006805316778,38.916513400587185],[-76.94938688895586,38.917420503719185],[-76.94565728436407,38.91819056870567],[-76.94684088851199,38.91871263952587],[-76.946582874013,38.91968563761388],[-76.94496919314385,38.92078522261291],[-76.94336235743009,38.92019721181219],[-76.94259504982695,38.92142860850987],[-76.94445309255258,38.922731211127584],[-76.94486946051947,38.92448470503307],[-76.94833460812995,38.92637524174258],[-76.94721646433989,38.93059158164898],[-76.94974938030305,38.93267459122919],[-76.95203783079566,38.93235540436929],[-76.95220313263752,38.93339430842514],[-76.95398231077786,38.93333352909202],[-76.95381033095832,38.93398220571754],[-76.95584086097914,38.934635963187624],[-76.95533818819624,38.93320684302196],[-76.95652210583292,38.933728822494515],[-76.95779857414995,38.932238871200205],[-76.9583872584571,38.933343639813984],[-76.96270625704128,38.933677938534636],[-76.96134390540156,38.935492284211094],[-76.95795740120835,38.934965346310015],[-76.95726958978258,38.93756007436054],[-76.95345970099588,38.93696713740448],[-76.95490826384747,38.934828538919135],[-76.95219644240214,38.935081886895055],[-76.95287773682992,38.934174766163935],[-76.94949135519624,38.93364759720641],[-76.94738169339045,38.93163049187807],[-76.94509324527426,38.93194959279458],[-76.94736808944687,38.935005647865815],[-76.94650784533029,38.938248984072935],[-76.9486176746989,38.940266106110954],[-76.9485248770905,38.94227802099656],[-76.9542930536209,38.94047407057448],[-76.95683309944698,38.940869358002836],[-76.95817600760924,38.944117802060624],[-76.96156293910813,38.944644734660336],[-76.96452013873018,38.946793306738975],[-76.96749018718684,38.94556664428194],[-76.96774801398453,38.94459359926167],[-76.96893220575038,38.9451154610988],[-76.9734299838455,38.94311310668543],[-76.97471860858494,38.93824781751906],[-76.9736203938936,38.93740165929768],[-76.97600706112287,38.9333825182596],[-76.97939362224764,38.93390896321659],[-76.9793996820674,38.93222138362123],[-76.98160212380138,38.93222600718111],[-76.98159611502514,38.93391358688473],[-76.97930774523287,38.93423331918378],[-76.97955326156918,38.936635411229624],[-76.97828324742301,38.936438006762465],[-76.97649175890025,38.93987429601003],[-76.98216119027646,38.941768566664614],[-76.98554818595711,38.942294844192176],[-76.99225954385184,38.93692115965531],[-76.99200207179858,38.937894254543636],[-76.99360969064993,38.93848163642416],[-76.99377559955988,38.939520485854665],[-76.99301468586626,38.93906461572656],[-76.99224801928274,38.94029632266022],[-76.98995949567062,38.94061625176844],[-76.98689828855747,38.943855395183434],[-76.98300195761693,38.943587726753655],[-76.98275032129476,38.94287322106858],[-76.98028990778235,38.943841689266456],[-76.97970080625805,38.942737023027135],[-76.97901976593396,38.943644292142615],[-76.97571865854506,38.94279348243467],[-76.97520322386585,38.94473960470556],[-76.97393308014647,38.94454215547312],[-76.97265672633094,38.9460322753545],[-76.9666370716586,38.94712254230845],[-76.96662435754938,38.950497707658656],[-76.97137407327727,38.94920996522655],[-76.97484108594641,38.951099767756446],[-76.97305528272929,38.952848430225195],[-76.97491467237374,38.954150582064116],[-76.97457098437621,38.9554479969629],[-76.97660842594588,38.95441383177687],[-76.97931481902292,38.95584753417542],[-76.98594792888731,38.94911095396327],[-76.98942114404713,38.94931276502634],[-76.9906171701299,38.94645925291957],[-76.99417609753438,38.94633656642002],[-76.99383278969215,38.94763403320057],[-76.99145820293609,38.94827835689144],[-76.99196168881306,38.949707333581046],[-76.99298021296445,38.949190112788145],[-76.99534912466953,38.95023334408882],[-76.9966137635852,38.95211815891418],[-76.9990686343189,38.95283695081841],[-77.0001617974798,38.95537047120614],[-76.9953377412402,38.95360851372831],[-76.9955952242835,38.95263540975554],[-76.99246519445603,38.95113630851856],[-76.98670301150818,38.9512544521381],[-76.9837330547902,38.95248157556468],[-76.98262254743024,38.95501066458117],[-76.99142929212569,38.95671628079292],[-76.99040484502375,38.95892107550254],[-76.98990132598001,38.95749209059938],[-76.98194142869268,38.95591795132497],[-76.97981811886527,38.957276561692574],[-76.97634455037056,38.95707448153561],[-76.977694729778,38.95863513598846],[-76.9776027124554,38.96064707781614],[-76.98013754377082,38.96272947557918],[-76.98113826855548,38.96727511278447],[-76.98053689221216,38.969545622925814],[-76.98180148308732,38.971430594045266],[-76.98315802177498,38.97130360316409],[-76.98484626769532,38.973254330393765],[-76.99494881103568,38.96840668257489],[-76.9957958883856,38.96853817383581],[-76.99545250469353,38.96983564928584],[-76.9987550692687,38.97068593712931],[-77.0035055336794,38.96939696077992],[-77.0034142162862,38.971408924870516],[-77.00138223320516,38.97075594285569],[-76.99892112503936,38.971724784507266],[-76.99223011286234,38.970348496199755],[-76.98798295604347,38.97306603878525],[-76.98671228329394,38.9728687195918],[-76.98552159140482,38.974034615014304],[-76.98433681013479,38.97351290934964],[-76.98407910268764,38.97448599293719],[-76.98542977099629,38.976046567233844],[-76.98873250031421,38.976897122609444],[-76.98847483966044,38.97787021582127],[-76.99042102542805,38.97884777564004],[-76.99032933440787,38.9808597329487],[-76.9938899447238,38.980737054062075],[-76.99414754311644,38.979763949185354],[-76.99550421559132,38.97963682318191],[-76.99829776700291,38.98074574745014],[-77.00227090730502,38.98406374834768],[-77.00430875633694,38.983029123896685],[-77.0060032883543,38.98329197342482],[-77.01033616272582,38.980249430375196],[-77.01304946442636,38.97999480959472],[-77.01262054987063,38.98161671625322],[-77.00897412692272,38.98206431127131],[-77.00710257214381,38.98413785054991],[-77.00387962907133,38.984651001093404],[-77.007000487644,38.989525010536596],[-77.00477988257185,38.99458362410338],[-77.0081695004831,38.99510928810428],[-77.00944598781852,38.99361879202767],[-77.01394038539628,38.993302550231434],[-77.00876484216653,38.99452623127193],[-77.01054012511267,38.99615223651039],[-77.0109531728136,38.999593124334794],[-77.0129860472414,39.00024595251633],[-77.01408040749153,39.00277936844613],[-77.01729889538858,39.00395355041911],[-77.01839346161593,39.00648692982596],[-77.02059815415606,39.00649086096574],[-77.02245469867617,39.00947991129034],[-77.02610241293546,39.009031918261975],[-77.0261981302506,39.00533232572639],[-77.02925526519105,39.003779782137],[-77.02942183205836,39.00481859396575],[-77.02686923066571,39.00779998942313],[-77.02669275597533,39.01013637506848],[-77.0305070729415,39.01072706883923],[-77.03109749661839,39.011831505004125],[-77.03474527555358,39.011383257881334],[-77.03584531807535,39.01222888414469],[-77.03262133321839,39.01274278330887],[-77.03194029762707,39.013650352468964],[-77.03481187383476,39.01780927045485],[-77.03344974544194,39.01962443070878],[-77.03369733823716,39.02202644630187],[-77.03437363885698,39.022806470982495],[-77.03878401524601,39.02281372656057],[-77.03903179508208,39.025215732782975],[-77.04157526022571,39.02560928989529],[-77.04216597281234,39.02671367612258],[-77.0438616594154,39.0269760105863],[-77.04742892561774,39.025164188612685],[-77.05191195287156,39.02990939062071],[-77.05174061830655,39.03055821227197],[-77.05055444135368,39.03003713424571],[-77.0496164336856,39.03191803271636],[-77.04801077275724,39.02964376074811],[-77.04894433883,39.02945048225909],[-77.04843918124395,39.02802171942344],[-77.04496204380185,39.027821558247346],[-77.04436671980322,39.02840479178991],[-77.0462248007159,39.031393497364554],[-77.04477700052688,39.033533193073794],[-77.04393821822359,39.03002681916857],[-77.04266639856371,39.02983007117357],[-77.0413992147865,39.02794570324953],[-77.04037993210581,39.0284633278231],[-77.03733616694714,39.02495333244825],[-77.03479274768831,39.024559688557126],[-77.0315779219883,39.02169835139564],[-77.02960552610126,39.029159457311316],[-77.03078666331797,39.03136834233178],[-77.03018630722804,39.03363911588185],[-77.03162482691755,39.034874805822305],[-77.03119600298245,39.03649679099359],[-77.03348254942043,39.03786370527877],[-77.03390172355603,39.0396169303073],[-77.03754616009967,39.04085620867766],[-77.03889920872226,39.04241621748725],[-77.04432567070872,39.04359327350362],[-77.04457370444611,39.04599527712235],[-77.0419437804176,39.04592618494879],[-77.03669342588336,39.04241261130657],[-77.03414939936278,39.0420189530824],[-77.03034318396928,39.03805314886318],[-77.02975745849274,39.03526109574611],[-77.02823318589192,39.0343497788838],[-77.02942908749014,39.03149585506876],[-77.02782406725589,39.02922132232038],[-77.02868176060645,39.02597737820495],[-77.02791972356103,39.025521716205525],[-77.02902481652248,39.024679799392295],[-77.02937276786847,39.02169461522132],[-77.03073016084316,39.02156710330967],[-77.03209239349208,39.019751972307624],[-77.03058305451397,39.01377787744381],[-77.02736887093121,39.010916436376625],[-77.02634972704872,39.011433944338236],[-77.02397837773148,39.01039129531786],[-77.02211159724501,39.01077746871184],[-77.02184918169827,39.01343823796866],[-77.02057771187637,39.013241264312136],[-77.02101683696677,39.008244120337956],[-77.01686473767103,39.00726307757937],[-77.01543224465269,39.00433962298446],[-77.01398934067038,39.00479135068358],[-77.01357084709981,39.00303806858834],[-77.01153788940096,39.00238524969281],[-77.00875945830832,38.996213827708054],[-77.0052839505487,38.99601255662183],[-77.00350878848349,38.99438647625157],[-77.0060618764459,38.991405567513354],[-77.00472143487134,38.98647002541144],[-77.0030268334742,38.98620715825308],[-77.00184727203067,38.98399802538623],[-77.00015273858608,38.98373511908708],[-76.99533249648971,38.98028556167447],[-76.99456543484675,38.981517290347846],[-76.99185201175986,38.981771507074214],[-76.99285948225521,38.98462946966882],[-76.997594035449,38.98840349661947],[-76.9992774616789,38.99204162742826],[-76.9988481691002,38.993663489490736],[-76.99994752640548,38.99450943134709],[-76.99815563121145,38.99794606298553],[-76.99984489752124,38.99989659415303],[-76.9991635733356,39.0008039816063],[-76.9999195819004,39.00294741605198],[-76.99906648710375,39.0045035504663],[-76.99873984338694,39.00073824786663],[-76.99687883664653,38.999436443963084],[-76.9976460480528,38.998204697562],[-76.99646078623525,38.997683105711275],[-76.99825275500895,38.994246498680305],[-76.9978403382825,38.990805571518585],[-76.99260184941218,38.98560257259684],[-76.991428399243,38.981705748573695],[-76.9889726300958,38.98098680240629],[-76.98906435878587,38.978974846061206],[-76.98694639785346,38.97864599167393],[-76.98771355818673,38.977414310631936],[-76.98280243145558,38.97597622371881],[-76.98111417717806,38.97402546788627],[-76.98188138750851,38.972793823757655],[-76.97976363892003,38.972464847096575],[-76.97722847923112,38.97038243869058],[-76.97824739741357,38.969865337305286],[-76.97681106909683,38.968629042124405],[-76.97842532956848,38.96752903541068],[-76.97800790696567,38.965775643613526],[-76.97707496950896,38.965968386871616],[-76.97538710086785,38.96401755603944],[-76.97293208699367,38.96329829438612],[-76.9747855720319,38.966288037208585],[-76.97196799490278,38.97192893733971],[-76.97104121939259,38.97043404692801],[-76.9695987122498,38.97088525628479],[-76.97061142504424,38.9720558059063],[-76.97025502546227,38.97672839099624],[-76.96880607959173,38.97886718167491],[-76.96795893081288,38.97873550597071],[-76.96897172647914,38.97990607035969],[-76.9677009858698,38.97970855630073],[-76.96744303402839,38.98068160623861],[-76.9697266285738,38.98204968157895],[-76.96802592907223,38.98347392800949],[-76.969124774052,38.984320141460906],[-76.96758965251425,38.98678327176379],[-76.97081294574421,38.98627106344259],[-76.97148823976838,38.9870514259701],[-76.9701251077731,38.988865882269515],[-76.97105209923625,38.99036078372126],[-76.97317032931143,38.99068990994383],[-76.97495705852141,38.988941235926625],[-76.97784270437086,38.988038673414245],[-76.97537454050469,38.99069464414811],[-76.97800240434064,38.99076514507258],[-76.9794391898921,38.99200143063075],[-76.97266070817636,38.99094844165301],[-76.9716414550414,38.991465498825505],[-76.97765249325838,38.993750169999295],[-76.97756043035542,38.99576212249068],[-76.98203708740832,39.00050982280089],[-76.98068000216473,39.000636801997096],[-76.97932897921272,38.999076170070126],[-76.97754210617715,39.00082490979898],[-76.97770792781697,39.00186379036719],[-76.97329262143354,39.00354196239793],[-76.97065176352444,39.00684655615375],[-76.97073149789512,39.008209800537244],[-76.96946025806743,39.00801230361835],[-76.96679998798446,39.016379616554566],[-76.96561465126109,39.01585772868863],[-76.96665337608248,39.01027792154291],[-76.96801699592206,39.00846349722502],[-76.96751357376041,39.007034410657454],[-76.96920853189846,39.00729776352671],[-76.97142574792194,39.003927373230674],[-76.97694646274188,39.00140781743407],[-76.9790771870382,38.99836165101042],[-76.97628938949035,38.995564695887],[-76.97562011751168,38.993096763929934],[-76.97172119109975,38.99282873924929],[-76.97062218741989,38.99198254767004],[-76.96781596003427,38.99424818609801],[-76.96729360360676,38.99788188535937],[-76.9656848847202,38.997294157233924],[-76.9661213109448,38.993984814764985],[-76.96986087016606,38.99152653198652],[-76.9611364420399,38.989495029790525],[-76.9601236389568,38.98832439974021],[-76.96098386817101,38.98508094534234],[-76.96191709328399,38.98488832251367],[-76.95836277812316,38.98332249310822],[-76.95870688675329,38.982025117750204],[-76.96057326571388,38.98163989950385],[-76.96151292637717,38.979759689543414],[-76.96474235478094,38.977560049663595],[-76.96315342618863,38.97190952383291],[-76.96520427494036,38.96750036843122],[-76.96740778331785,38.967505244085196],[-76.96622960613871,38.96529577910369],[-76.96674542631511,38.96334968836391],[-76.96869724243417,38.96264000043243],[-76.96845199664183,38.96023787802393],[-76.97176004942862,38.95940129751175],[-76.97125689309075,38.957972236870326],[-76.96972868562025,38.95874779836651],[-76.96964902420866,38.95738456366572],[-76.97295693357032,38.9565479515875],[-76.97152095787453,38.955311597590295],[-76.96956936578076,38.95602132918353],[-76.96966159928249,38.95400939467137],[-76.96711467907087,38.95530195326553],[-76.96483197268361,38.95393383530789],[-76.96270840144423,38.95529215244878],[-76.96143810750411,38.95509457498318],[-76.96069022413165,38.95126333876616],[-76.95713757702633,38.949697482056344],[-76.95348575051018,38.95183102730725],[-76.95500073210431,38.95443083269676],[-76.95373047411887,38.95423317633856],[-76.95109723502836,38.95584974531369],[-76.94947606519365,38.95863697853327],[-76.94940354036838,38.9555861472708],[-76.95271828072039,38.953062492035784],[-76.9496683952032,38.952925555490204],[-76.9478955263678,38.95129869061873],[-76.9493512954735,38.94747257116506],[-76.94774383534885,38.94688461498167],[-76.94706235801186,38.9477917091244],[-76.94460817125133,38.94707188877294],[-76.94478026398247,38.946423223723855],[-76.94376143624226,38.94694004851413],[-76.94003723329298,38.94602236662069],[-76.93756911487085,38.94867756881325],[-76.93900438302227,38.94991431452326],[-76.93916254474026,38.95264082041458],[-76.93694539718629,38.95601060801151],[-76.93499344937746,38.956719795745116],[-76.93481414967184,38.95905603140503],[-76.92726414630906,38.960919502557864],[-76.9317497135397,38.962293821885716],[-76.93319228493192,38.96184305311423],[-76.93429039831722,38.9626895721642],[-76.93276169803379,38.96346467880897],[-76.93445551573043,38.96372850433648],[-76.93428329006964,38.964377156680484],[-76.93597713451581,38.96464096147187],[-76.9370033106197,38.962436614683824],[-76.9378502136575,38.96256850136537],[-76.93928576050047,38.96380524630867],[-76.93775006193037,38.9662679998086],[-76.94080048410179,38.966405229608974],[-76.94553115157481,38.97018123146102],[-76.95333308081949,38.96903121468284],[-76.95213522203333,38.97188437647942],[-76.95272414105673,38.972989178262196],[-76.95010368606785,38.97123055483534],[-76.94654346744649,38.97135197733687],[-76.94755581588758,38.97252271515914],[-76.94644374555199,38.97505148761459],[-76.94559668167584,38.97491965934413],[-76.9435789073764,38.970890555746685],[-76.94129615456373,38.96952200165788],[-76.9394299843656,38.969906929303704],[-76.93613521483195,38.96736747706457],[-76.93308476113376,38.967230132555926],[-76.93165642158894,38.96430573048094],[-76.92971141426935,38.96332725144919],[-76.92910846637287,38.96559751069403],[-76.92817540183236,38.96578988626458],[-76.92859162395187,38.96754344546336],[-76.92579233659464,38.96812053964814],[-76.92595734502017,38.9691594839592],[-76.92375378955657,38.96915387223237],[-76.92316534135308,38.968048933649314],[-76.9214714640487,38.96778495383207],[-76.92214605742424,38.96856558252366],[-76.92035112778889,38.97200107625464],[-76.92238241787747,38.97265538502506],[-76.92178656329627,38.97323802536738],[-76.92348056866409,38.97350200109737],[-76.92440640617487,38.974997247216464],[-76.92406171930692,38.976294526003],[-76.92296351962104,38.97544791471739],[-76.92185794794469,38.97628888060596],[-76.92685405300412,38.97740505751372],[-76.92795958390084,38.97656404697582],[-76.92854817375132,38.97766896423334],[-76.93017777368006,38.97319440976085],[-76.93289823323164,38.971253955221336],[-76.93459223270779,38.97151777918855],[-76.93516670497696,38.9759978386924],[-76.93846884418969,38.97684973160897],[-76.94050739783435,38.975816156102816],[-76.9395672453987,38.97769620585078],[-76.94024212475459,38.978476737312064],[-76.94320697271372,38.97893823914152],[-76.94379581327114,38.980043084467376],[-76.94938821560001,38.980575608105774],[-76.9520950452842,38.982009909803004],[-76.94743573013893,38.98128499418233],[-76.94539712169963,38.98231868435296],[-76.94260431651165,38.98120856925328],[-76.94277650783515,38.98055990372554],[-76.93820349281023,38.97951030887674],[-76.93846183145801,38.97853731993083],[-76.93592057070377,38.97814165412754],[-76.93650223578139,38.980934122713265],[-76.9351312555587,38.98443578260221],[-76.93360923345156,38.98352331237468],[-76.9326041054748,38.98066486987245],[-76.92879216104815,38.980071171550094],[-76.92861984622675,38.98071981762018],[-76.92938079190768,38.98117608544737],[-76.92869876453469,38.982083083278425],[-76.93014174713102,38.98163234864086],[-76.92979713108278,38.9829296446628],[-76.93191495805287,38.98325947450694],[-76.93266880320826,38.98540331206759],[-76.9347005781785,38.98605742053386],[-76.93477961620262,38.987420683440014],[-76.93638786708017,38.98800881113813],[-76.93612239890942,38.9906693885117],[-76.93773073244944,38.991257499107064],[-76.93875022359036,38.99074072043852],[-76.93840571789342,38.99203804218295],[-76.94196002925736,38.99360444518819],[-76.94382679389552,38.993219478095504],[-76.94840075170787,38.99426886794382],[-76.95154515107522,38.99239390385719],[-76.95281606936427,38.99259158371982],[-76.9533191028966,38.994020726590044],[-76.9555234136653,38.994025813312795],[-76.95738354186682,38.995328235948975],[-76.95508650512691,38.99733511852181],[-76.95229966928736,38.9945376251772],[-76.94890371010507,38.99569802908133],[-76.94009324486511,38.99398938422998],[-76.93814030881123,38.994698625542306],[-76.93999316394326,38.9976889021871],[-76.9391318498174,39.000932217416036],[-76.94176004815702,39.00100348574159],[-76.94140165355894,39.00567600872821],[-76.9430103615653,39.00626405231063],[-76.94326873092942,39.005291049294364],[-76.94606930993224,39.00471355754109],[-76.95022030786878,39.00569696726086],[-76.95319300233959,39.004470636257125],[-76.95513942551197,39.00544875334745],[-76.95327240692502,39.005833891309976],[-76.95301416944126,39.00680691522437],[-76.94470521299294,39.006527739660775],[-76.94181842273314,39.007429534339444],[-76.94096403259299,39.008985270327805],[-76.94154613793714,39.01177772879218],[-76.94770972908695,39.01847798589865],[-76.94676921135935,39.02035810287337],[-76.94847118955065,39.01893413940028],[-76.94906043389159,39.020038966746974],[-76.95143773894087,39.01939544757032],[-76.95262303158033,39.01991747106978],[-76.95254362379089,39.01855421248291],[-76.95415935929269,39.01745451290652],[-76.95661601547788,39.01817415202868],[-76.95678816935036,39.01752546327005],[-76.95763574970344,39.01765721603153],[-76.95542409949505,39.01933976692561],[-76.95558964740826,39.02037868012428],[-76.95321234695767,39.02102227889259],[-76.95211313262088,39.02017591962238],[-76.95092111166728,39.02134149167957],[-76.94982191916958,39.020495112082855],[-76.94854373843596,39.021985001171544],[-76.94870241452671,39.024711525261736],[-76.95040445674579,39.02328753426543],[-76.95115926185329,39.02543127320702],[-76.95243075644505,39.02562895807202],[-76.95515258356794,39.023687999639996],[-76.95693396818346,39.023627177147844],[-76.95531813750046,39.02472691394842],[-76.95582144248202,39.02615605409701],[-76.95149698341423,39.02582151082735],[-76.95106642588505,39.0274432162926],[-76.95166248998049,39.02686043037773],[-76.95360949183049,39.02783857504363],[-76.95198681340983,39.03062587247097],[-76.95418558065425,39.032318586584786],[-76.95554992486363,39.030504292613735],[-76.95792094833517,39.03154825176552],[-76.96140450858059,39.030063246111226],[-76.96537865983693,39.03338245411943],[-76.96706151544277,39.03702104825136],[-76.96875717093644,39.03728440859513],[-76.96747273770488,39.04046210350198],[-76.9678903350233,39.04221555166155],[-76.97340787175152,39.041383744362825],[-76.97221584450533,39.042549524974106],[-76.97348148941671,39.04443460300688],[-76.97330321017711,39.046770926708454],[-76.97753688441684,39.0491166820074],[-76.97736484087628,39.04976540298506],[-76.97566886310557,39.04950215958772],[-76.97516500636705,39.04807309422657],[-76.97304509537688,39.04774399892001],[-76.9727994188646,39.045341852430084],[-76.97052005369524,39.04228621161082],[-76.96754610539378,39.043512965174145],[-76.96662487369586,39.04033041738304],[-76.96773724052848,39.03780143761873],[-76.96418663503613,39.03454815608132],[-76.9648687117998,39.03364095562942],[-76.96233184593552,39.031558222648854],[-76.95978860249697,39.031163042263685],[-76.96248459915417,39.03597233865567],[-76.96110084584754,39.04284953032794],[-76.95947811960342,39.04563693274996],[-76.9607239795997,39.05258496986541],[-76.95927324137679,39.05472367577897],[-76.95971030422572,39.05141432425637],[-76.95794137653611,39.04809996844013],[-76.96068340862254,39.04109605915591],[-76.96147112701944,39.03480171076644],[-76.95910648559962,39.032070214435336],[-76.95766268173567,39.03252128946726],[-76.95664933532153,39.031350622917124],[-76.95580159715237,39.03121886312186],[-76.95486112385518,39.03309904537348],[-76.95291396432297,39.032120919464674],[-76.9485030339142,39.03211061409345],[-76.94843047663501,39.02905974715035],[-76.94987426903353,39.02860877970988],[-76.95030486004794,39.026987078061865],[-76.94801342406917,39.02730623751611],[-76.94904011956201,39.02510176951658],[-76.94455035183094,39.023728061720554],[-76.94489489803152,39.022430716311085],[-76.94370961990718,39.02190861882855],[-76.94515329961528,39.02145770680965],[-76.94312044170309,39.020803765751594],[-76.94398181328975,39.017560412442634],[-76.94296198338928,39.01807723629535],[-76.94041931664052,39.01768166015565],[-76.94025399155721,39.01664272720626],[-76.93838660683292,39.01702764200775],[-76.93881738541246,39.01540598331075],[-76.93729466900164,39.01449355380662],[-76.93710825279828,39.018517412527494],[-76.93472374614771,39.02084825667305],[-76.93599511592632,39.021046109664944],[-76.93649801571952,39.02247532722554],[-76.93325860062754,39.02636184856705],[-76.93019846856468,39.02791203315876],[-76.93214520982248,39.028890514486044],[-76.93103174158573,39.03141917149489],[-76.93221708369443,39.0319413908121],[-76.93118978164324,39.03414572222305],[-76.93254757849506,39.0340192833578],[-76.9315130773778,39.037911222326294],[-76.93303621164372,39.03882372629756],[-76.93251179683044,39.042457305582936],[-76.93369732952195,39.04297951175502],[-76.93249748183904,39.04583251788855],[-76.93394170612187,39.04538173439607],[-76.9350552869805,39.04285304528456],[-76.93962524842235,39.04559037358692],[-76.94022155299852,39.04500764079219],[-76.94276517432165,39.04540322279377],[-76.94157258989638,39.04656871008023],[-76.93928049843481,39.046887709467],[-76.93547211619962,39.04460660305223],[-76.93453094401218,39.04648663561297],[-76.93190110859042,39.04641521368503],[-76.93223882425025,39.04680550506249],[-76.9314699920056,39.048036856861046],[-76.93367593893932,39.04804233161306]],[[-76.92950829249837,39.050433576399755],[-76.93019095098573,39.049526563977565],[-76.92976699953861,39.049460594298296],[-76.92950829249837,39.050433576399755]],[[-76.93396162672958,39.00046518617052],[-76.93362411694395,39.00007490247931],[-76.93353795776827,39.000399229899024],[-76.93396162672958,39.00046518617052]],[[-76.91272583835982,39.0089787566077],[-76.91323579872846,39.00872047028488],[-76.91281210048878,39.008654443194935],[-76.91272583835982,39.0089787566077]],[[-76.91323579872846,39.00872047028488],[-76.91383201244479,39.00813786778384],[-76.91340831705739,39.00807184273475],[-76.91323579872846,39.00872047028488]],[[-76.90549971391967,39.01291885491231],[-76.9051622990792,39.01252849307699],[-76.90507599824817,39.01285280137722],[-76.90549971391967,39.01291885491231]],[[-76.9079647859262,39.03019112882148],[-76.90847491195817,39.0299328611518],[-76.90805109445036,39.02986681758384],[-76.9079647859262,39.03019112882148]],[[-76.90461376239078,39.039464026987844],[-76.904276229125,39.03907366101639],[-76.90418989283552,39.03939797013655],[-76.90461376239078,39.039464026987844]],[[-76.90003759405417,39.03841301597113],[-76.90054780592293,39.03815478050403],[-76.90012394769396,39.03808870979209],[-76.90003759405417,39.03841301597113]],[[-76.81733257372846,39.022450609216456],[-76.81766956303699,39.02284121020134],[-76.81775626544638,39.02251696225945],[-76.81733257372846,39.022450609216456]],[[-76.85899773108864,39.01849648911031],[-76.85822795834206,39.01972738134244],[-76.85865167146548,39.01979359481678],[-76.85899773108864,39.01849648911031]],[[-76.89773212855809,39.005627899965795],[-76.89806947151834,39.006018281556656],[-76.89815579547724,39.00569397848526],[-76.89773212855809,39.005627899965795]],[[-76.93449726483608,38.93367637322133],[-76.93483447153714,38.93406665069895],[-76.93492054645067,38.93374232556751],[-76.93449726483608,38.93367637322133]],[[-76.93483447153714,38.93406665069895],[-76.93517168185295,38.93445692728081],[-76.93525775572587,38.934132601897865],[-76.93483447153714,38.93406665069895]],[[-76.91449964303052,38.91603544113985],[-76.91416262878148,38.91564510933522],[-76.91407648282328,38.915969419261586],[-76.91449964303052,38.91603544113985]],[[-76.91500139591597,38.917464723373556],[-76.91449208076784,38.91772301348543],[-76.91491525154042,38.91778903396075],[-76.91500139591597,38.917464723373556]],[[-76.9085523705779,38.92017371994193],[-76.90906172392869,38.919915454142576],[-76.90863854610784,38.91984941367296],[-76.9085523705779,38.92017371994193]],[[-76.8860057873221,38.92374606944957],[-76.88651524560214,38.923487896143435],[-76.88609206748039,38.92342177870282],[-76.8860057873221,38.92374606944957]],[[-76.942161943328,38.90312370938442],[-76.94309416825578,38.902931230308106],[-76.9422479490564,38.90279938050213],[-76.942161943328,38.90312370938442]],[[-77.00327396509516,38.85859992708304],[-77.00335414741474,38.85996312263023],[-77.00369687285314,38.85866564407363],[-77.00327396509516,38.85859992708304]],[[-76.95616418219439,38.85194504566778],[-76.95785549329486,38.8522085479296],[-76.9579413691289,38.851884210146316],[-76.95616418219439,38.85194504566778]],[[-77.00112127128376,38.818418589629594],[-77.00213789695455,38.817901301928956],[-77.00120691490973,38.818094223059624],[-77.00112127128376,38.818418589629594]],[[-77.00256056768758,38.81796702250958],[-77.00391421574325,38.81783980716423],[-77.00450814440221,38.8172567840793],[-77.00248044637188,38.81660383261334],[-77.00256056768758,38.81796702250958]],[[-77.00417110503143,38.816866701571335],[-77.00476502371225,38.81628367731166],[-77.00434236074847,38.81621796426654],[-77.00417110503143,38.816866701571335]],[[-77.03952543174564,38.81628016822799],[-77.03935915155755,38.81524139546796],[-77.0387655179483,38.81582458554784],[-77.03952543174564,38.81628016822799]],[[-77.10074306786242,38.86796523978198],[-77.10040527908288,38.86757541724455],[-77.10032001885442,38.86789985399552],[-77.10074306786242,38.86796523978198]],[[-77.09668316416148,38.86666244868485],[-77.09702092880099,38.86705228132654],[-77.09710620272384,38.86672784687778],[-77.09668316416148,38.86666244868485]],[[-77.07222579745782,38.865917603492186],[-77.0731572021305,38.86572414748932],[-77.07231118042365,38.86559318616022],[-77.07222579745782,38.865917603492186]],[[-77.04449785805308,38.85419355968923],[-77.04474979343523,38.8549079319356],[-77.04492077737149,38.85425913593444],[-77.04449785805308,38.85419355968923]],[[-77.06169053043902,38.88251895305146],[-77.06109652747158,38.88310225452929],[-77.06151962950986,38.88316777433528],[-77.06169053043902,38.88251895305146]],[[-77.06371649009525,38.88485851192875],[-77.06219493912403,38.88394763189252],[-77.06269936758942,38.88537630892979],[-77.06371649009525,38.88485851192875]],[[-77.06312660089347,38.883754250871185],[-77.06278894018999,38.88336432509051],[-77.0627034940048,38.883688736546134],[-77.06312660089347,38.883754250871185]],[[-77.06312248427379,38.88544182328245],[-77.0634601563897,38.885831748253445],[-77.06354560171907,38.88550733619126],[-77.06312248427379,38.88544182328245]],[[-77.0634601563897,38.885831748253445],[-77.06379783211969,38.88622167232316],[-77.06388327640286,38.885897260012655],[-77.0634601563897,38.885831748253445]],[[-77.33449903008238,39.06110892784309],[-77.3341590911663,39.06071973260139],[-77.33407464798802,39.06104433843951],[-77.33449903008238,39.06110892784309]],[[-77.3341590911663,39.06071973260139],[-77.33381915589034,39.060330536456505],[-77.33373471164619,39.06065514204114],[-77.3341590911663,39.06071973260139]],[[-77.3240664030699,39.06559503939344],[-77.32457529417833,39.06533506344408],[-77.3241508962301,39.06527044009548],[-77.3240664030699,39.06559503939344]],[[-77.24735152633771,39.100803253699524],[-77.24786093842091,39.10054359034112],[-77.24743640317548,39.100478704562285],[-77.24735152633771,39.100803253699524]],[[-77.24776676900746,39.00298632316026],[-77.2481059758102,39.00337575082368],[-77.2481907356111,39.00305120670507],[-77.24776676900746,39.00298632316026]],[[-77.22030116659725,38.97819006887834],[-77.22080981688327,38.977930521824376],[-77.22038602106143,38.977865545029],[-77.22030116659725,38.97819006887834]],[[-77.14693023599062,39.01755525996106],[-77.14726897064513,39.017944963841785],[-77.1473541973259,39.017620487985845],[-77.14693023599062,39.01755525996106]],[[-77.1473541973259,39.017620487985845],[-77.14786338352698,39.01736123837213],[-77.14743942324623,39.017296012088636],[-77.1473541973259,39.017620487985845]],[[-77.04492321924387,38.947790160224244],[-77.044414153361,38.9480489848024],[-77.04483761783216,38.948114562116736],[-77.04492321924387,38.947790160224244]],[[-77.06816822699851,39.00676087012548],[-77.06765883115318,39.00701979239598],[-77.06808265985768,39.007085290945774],[-77.06816822699851,39.00676087012548]],[[-77.09969457151769,39.01601765561822],[-77.10020391630847,39.01575860154253],[-77.09986544404516,39.01536876945758],[-77.09969457151769,39.01601765561822]],[[-77.1084137480145,39.02478985276129],[-77.10875230994493,39.02517966214825],[-77.10883771694442,39.024855212367264],[-77.1084137480145,39.02478985276129]],[[-77.08405592179288,39.03183647572459],[-77.08498942014312,39.0316429262203],[-77.08414144679524,39.031512042577525],[-77.08405592179288,39.03183647572459]],[[-77.04968771988112,38.90800945621647],[-77.05307363279644,38.908533887428725],[-77.05587819094389,38.9045787737346],[-77.05647668254608,38.9023079195956],[-77.05571576533809,38.9018524364695],[-77.05503605418204,38.90276011765896],[-77.05504035910762,38.901072541870825],[-77.05360408438366,38.899837147700396],[-77.05589104692004,38.89951604619612],[-77.05445478845692,38.898280662125416],[-77.05538665406858,38.89808733894029],[-77.05462578775862,38.89763184936844],[-77.05573292065064,38.89510213616938],[-77.05438224743916,38.89354234488783],[-77.05318958789707,38.89639645093389],[-77.05268962853735,38.893280159206675],[-77.04718870124947,38.89242789618901],[-77.04396553685123,38.89462965477143],[-77.03541228704292,38.89532975051926],[-77.03235983421472,38.89688242171311],[-77.0239774791029,38.89693294648203],[-77.02347373000852,38.8955041099289],[-77.01551988027147,38.893932138037584],[-77.01796781370126,38.896338123219095],[-77.01771082847219,38.89731126620654],[-77.02024971289704,38.897705252660856],[-77.02058210948661,38.899782868827806],[-77.01846630872167,38.899454555978075],[-77.018209319158,38.900427700382764],[-77.01635052702827,38.8991262070324],[-77.01457223671862,38.899187880744954],[-77.01380635430507,38.90041971434636],[-77.01041576301859,38.90158178519465],[-77.01286906688844,38.90230029907339],[-77.01269768473449,38.90294905455459],[-77.0069339269317,38.904755711557655],[-77.00760885218052,38.90553586850604],[-77.00607669244617,38.90799944712774],[-77.00683736336606,38.90845523521865],[-77.00989084507869,38.90690319022324],[-77.01225862370308,38.90794609260189],[-77.01352823307401,38.90814314842385],[-77.01369962005144,38.90749439136089],[-77.01699957105556,38.90834418621017],[-77.01623363341713,38.90957603625544],[-77.01852106630014,38.90925562375917],[-77.01919615734545,38.91003571807778],[-77.01945316762323,38.9090625704255],[-77.02156925192233,38.909390866835444],[-77.02182622822046,38.90841771434601],[-77.0220781287925,38.90913213737253],[-77.02318152350533,38.908290287067565],[-77.02554953748418,38.90933293580508],[-77.02775128980589,38.9093367398396],[-77.02843140230345,38.9084292075087],[-77.02927294030867,38.91024804556098],[-77.02858790301904,38.91284315972643],[-77.02994326881593,38.91271565846258],[-77.03069926880423,38.91485887792754],[-77.0318834279055,38.915380136587515],[-77.0337525103987,38.91330624402173],[-77.03620643931518,38.91402429716186],[-77.03637763812948,38.91337550827141],[-77.0340949453179,38.91200867295843],[-77.03579268391833,38.910583536002115],[-77.03266363407445,38.9090854577088],[-77.03351489359318,38.907529114020214],[-77.0353789676096,38.90714277500543],[-77.03529813404542,38.905779592434214],[-77.03437090070508,38.90428518907551],[-77.03234051259817,38.90363272009906],[-77.03327250533906,38.903439563017784],[-77.03395728731877,38.90084442612777],[-77.03768506878991,38.900071707457144],[-77.03971540551075,38.900724088609216],[-77.04064270316039,38.902218451313004],[-77.04953438357991,38.901907957730835],[-77.05164601197367,38.90392331635159],[-77.05070525090856,38.90749176451766],[-77.04968771988112,38.90800945621647]],[[-77.01919615734545,38.91003571807778],[-77.01953370829068,38.91042576388836],[-77.01961937810184,38.910101381133366],[-77.01919615734545,38.91003571807778]],[[-77.04689617598864,38.90690170022373],[-77.0474049454927,38.906642866905884],[-77.04698171980141,38.90657729872465],[-77.04689617598864,38.90690170022373]],[[-77.03210692544585,39.01468916235079],[-77.03151160585935,39.01527233299767],[-77.03193545007035,39.015337955028414],[-77.03210692544585,39.01468916235079]],[[-76.93499344937746,38.956719795745116],[-76.9336442211135,38.95515867719619],[-76.93253908098055,38.955999735711],[-76.93499344937746,38.956719795745116]],[[-76.9391318498174,39.000932217416036],[-76.93777468194872,39.00105872757968],[-76.9390457141809,39.00125654870198],[-76.9391318498174,39.000932217416036]],[[-76.94398181328975,39.017560412442634],[-76.94449172280498,39.01730199739169],[-76.94406794622326,39.01723607687825],[-76.94398181328975,39.017560412442634]],[[-76.931814886812,39.04673954240342],[-76.93130472578241,39.04699790667714],[-76.93172866426433,39.04706387108026],[-76.931814886812,39.04673954240342]],[[-76.88679148521851,39.05830295309866],[-76.8871290138711,39.058693367884864],[-76.88721544919136,39.05836906953989],[-76.88679148521851,39.05830295309866]],[[-76.88721544919136,39.05836906953989],[-76.88772584667169,39.05811088584978],[-76.88730188374039,39.05804477115332],[-76.88721544919136,39.05836906953989]],[[-76.88679148521851,39.05830295309866],[-76.88645396019145,39.057912537422446],[-76.88636752201688,39.05823683521148],[-76.88679148521851,39.05830295309866]],[[-76.89991167251131,39.04717534126997],[-76.89668518050097,39.04768571323213],[-76.89659880012296,39.04801001755606],[-76.89854562721821,39.048989028876946],[-76.89991167251131,39.04717534126997]],[[-76.85641714651487,39.04140127788853],[-76.85565602863524,39.040944558377376],[-76.85556947327305,39.04126883376312],[-76.85641714651487,39.04140127788853]],[[-76.9001707640264,39.04620242140326],[-76.90050830834431,39.04659279900993],[-76.9005946695998,39.046268492047446],[-76.9001707640264,39.04620242140326]],[[-76.9001707640264,39.04620242140326],[-76.89983322333326,39.04581204290573],[-76.89974685922346,39.046136349313215],[-76.9001707640264,39.04620242140326]],[[-76.84820942811025,39.03741616739198],[-76.8487972984671,39.03852147332548],[-76.85007781297597,39.03703260762333],[-76.84923020221142,39.03690012033478],[-76.84820942811025,39.03741616739198]],[[-76.84634102353385,39.03779969907958],[-76.84600381089805,39.0374091749368],[-76.84591721669918,39.037733443398714],[-76.84634102353385,39.03779969907958]],[[-76.93070113371746,39.049268204164434],[-76.93053587568251,39.04822925273537],[-76.93027718331398,39.04920223622931],[-76.93070113371746,39.049268204164434]],[[-76.89981019192297,39.032635526983924],[-76.8994727161395,39.0322451484123],[-76.8993863665347,39.03256945381685],[-76.89981019192297,39.032635526983924]],[[-76.85805492028082,39.02037593334046],[-76.85754468230978,39.02063399345935],[-76.8583921186476,39.020766423645604],[-76.85805492028082,39.02037593334046]],[[-76.94778224557524,39.021528847885186],[-76.94811993089486,39.021919094436214],[-76.94820605053629,39.02159475576874],[-76.94778224557524,39.021528847885186]],[[-76.94778224557524,39.021528847885186],[-76.94744456387949,39.021138600441],[-76.94735844138232,39.021462938555906],[-76.94778224557524,39.021528847885186]],[[-76.90447967575385,39.01343536227266],[-76.90414226399167,39.01304499763259],[-76.90405595799987,39.013369305251054],[-76.90447967575385,39.01343536227266]],[[-76.9018667955684,39.009988114296874],[-76.90364788896451,39.00992805633927],[-76.90373419269267,39.009603749185494],[-76.90246311072818,39.009405566276364],[-76.9018667955684,39.009988114296874]],[[-76.91594296270655,39.01015556670507],[-76.91543300188965,39.010413864207116],[-76.91628042439248,39.01054589909087],[-76.91594296270655,39.01015556670507]],[[-76.94003044286933,39.00917773633577],[-76.93986514266734,39.00813880430576],[-76.93960671766135,39.00911180068387],[-76.94003044286933,39.00917773633577]],[[-76.91683548928768,39.000162032306505],[-76.91819267681005,39.00003575107756],[-76.91802770923987,38.998996791518984],[-76.91403485358609,39.00073886415343],[-76.91343110639244,39.00300906020536],[-76.91495328305666,39.003921780642585],[-76.91639678399129,39.003471204281915],[-76.91683548928768,39.000162032306505]],[[-77.300127900983,39.05756011070707],[-77.29978816270392,39.057170821694484],[-77.29970357017386,39.05749540394668],[-77.300127900983,39.05756011070707]],[[-77.29885491082187,39.057365986080285],[-77.29851518026717,39.05697669360005],[-77.29843058227907,39.05730127497427],[-77.29885491082187,39.057365986080285]],[[-77.29681788092806,39.05671783586135],[-77.29647816431114,39.056328537855414],[-77.29639355798204,39.05665311780543],[-77.29681788092806,39.05671783586135]],[[-76.92015339015911,38.99763923032639],[-76.91692923708113,38.99815012386667],[-76.91955731310354,38.99822186220658],[-76.92015339015911,38.99763923032639]],[[-76.92176174867157,38.99822754847131],[-76.92057703090951,38.99770523224707],[-76.92049081637754,38.998029550486926],[-76.92176174867157,38.99822754847131]],[[-77.33331033288029,39.06059055003208],[-77.33212165263215,39.060072160896226],[-77.33203720110784,39.06039676531215],[-77.33331033288029,39.06059055003208]],[[-77.33127290552842,39.05994296442332],[-77.33161282535883,39.060332167507916],[-77.33169727870316,39.06000756338411],[-77.33127290552842,39.05994296442332]],[[-77.33127290552842,39.05994296442332],[-77.330932989338,39.05955376043558],[-77.33084853310795,39.05987836401364],[-77.33127290552842,39.05994296442332]],[[-77.32405867697332,39.05884456042784],[-77.32371880454589,39.05845533677958],[-77.32363431737772,39.058779935389474],[-77.32405867697332,39.05884456042784]],[[-77.32320995853665,39.05871530890234],[-77.32244573574573,39.05826145384901],[-77.32236124311818,39.05858605158202],[-77.32320995853665,39.05871530890234]],[[-77.32159702698513,39.05813219131847],[-77.32125717106892,39.057742960985266],[-77.32117267373673,39.058067557880186],[-77.32159702698513,39.05813219131847]],[[-77.32431213075486,39.05787076360487],[-77.32312355915386,39.0573522886324],[-77.32303907060974,39.057676886774146],[-77.32431213075486,39.05787076360487]],[[-77.322190367619,39.057547628310225],[-77.32142616346952,39.05709376707902],[-77.32134166764652,39.05741836405154],[-77.322190367619,39.057547628310225]],[[-77.30173640828943,39.053080652743674],[-77.29104319324479,39.05009964705969],[-77.28425179592851,39.044000823327025],[-77.27822699999727,39.04173099229415],[-77.27848188092973,39.042444906152916],[-77.28102723673005,39.04283355885574],[-77.28128214902308,39.04354746710357],[-77.27992478979534,39.04367771785194],[-77.28247116212161,39.04575395616689],[-77.28875142775637,39.048737476465014],[-77.29087394579913,39.050748798807355],[-77.2995302972012,39.05308171406361],[-77.2968998838703,39.05301801992166],[-77.29800360164741,39.05386132624506],[-77.30148266880742,39.05405440266125],[-77.30173640828943,39.053080652743674]],[[-77.32100181643486,39.05702913306898],[-77.32023762515679,39.056575264568465],[-77.32015312462937,39.05689986070294],[-77.32100181643486,39.05702913306898]],[[-77.30445287082031,39.054507276755835],[-77.30368880938403,39.05405330667032],[-77.30360423789763,39.05437789139991],[-77.30445287082031,39.054507276755835]],[[-77.30326449587477,39.05398861211213],[-77.3025004473108,39.053534634759345],[-77.3024158711219,39.053859218650295],[-77.30326449587477,39.05398861211213]],[[-77.3195579460786,39.05579679577612],[-77.31921811199834,39.05540756002563],[-77.31913360827595,39.05573215539975],[-77.3195579460786,39.05579679577612]],[[-77.31913179139127,39.0540445377762],[-77.31862295985272,39.054304490909544],[-77.31904728886786,39.05436913301385],[-77.31913179139127,39.0540445377762]],[[-77.31913179139127,39.0540445377762],[-77.31964061929084,39.05378458257062],[-77.31921629316007,39.0537199424996],[-77.31913179139127,39.0540445377762]],[[-77.31336033305523,39.05249023818165],[-77.31437971120855,39.05365799019445],[-77.31497307335793,39.053073462117105],[-77.31336033305523,39.05249023818165]],[[-77.30775822015016,39.05028649635993],[-77.30631622743749,39.050741622942276],[-77.3069111636801,39.05184475031682],[-77.31089900307965,39.05177765790341],[-77.30775822015016,39.05028649635993]],[[-77.28450876989464,39.04808995613609],[-77.28374490045115,39.04763586390927],[-77.28366024739158,39.04796043469092],[-77.28450876989464,39.04808995613609]],[[-77.2965563058815,39.0475658729226],[-77.29621663342876,39.047176574825016],[-77.29613203658238,39.04750115407706],[-77.2965563058815,39.0475658729226]],[[-77.09748958667335,39.01601512906757],[-77.09715112776422,39.01562528956741],[-77.0970656794727,39.01594973081429],[-77.09748958667335,39.01601512906757]],[[-77.09664177303438,39.01588433111451],[-77.09630331927798,39.015494489311735],[-77.09621786735838,39.01581892996827],[-77.09664177303438,39.01588433111451]],[[-77.0955409686263,39.01503924316237],[-77.09587941617833,39.01542908701414],[-77.0959648691496,39.01510464661126],[-77.0955409686263,39.01503924316237]],[[-77.0955409686263,39.01503924316237],[-77.09520252470224,39.014649398412885],[-77.09511706886533,39.014973838267025],[-77.0955409686263,39.01503924316237]],[[-77.27423968173828,39.041797035798254],[-77.2722033075214,39.04114848376679],[-77.27211861049447,39.04147304631724],[-77.27423968173828,39.041797035798254]],[[-77.27491795434126,39.040888136308496],[-77.27457842894671,39.04049877950135],[-77.2744937432787,39.04082334363506],[-77.27491795434126,39.040888136308496]],[[-76.9223233254566,38.98615608766332],[-76.92198594446845,38.98576577320706],[-76.92189975036261,38.98609009182123],[-76.9223233254566,38.98615608766332]],[[-77.27406876238246,39.03907093580666],[-77.26702629524338,39.03563248413618],[-77.2598154508388,39.034530354578855],[-77.25082322519388,39.03180525858836],[-77.2549801968722,39.0344660899337],[-77.26286983733971,39.03634727997872],[-77.26668803511842,39.038618331883924],[-77.27423890718842,39.04010942179212],[-77.27406876238246,39.03907093580666]],[[-77.26303981582942,39.03738578081499],[-77.2627003703945,39.03699639177535],[-77.26261563578727,39.03732094761386],[-77.26303981582942,39.03738578081499]],[[-77.27780106661294,39.03829098351056],[-77.27237050579603,39.0354365190783],[-77.27220112578509,39.03608564373429],[-77.27780106661294,39.03829098351056]],[[-76.92615013433411,38.98337480620198],[-76.92564039743596,38.98363314453698],[-76.92606396162023,38.983699127588444],[-76.92615013433411,38.98337480620198]],[[-76.92826795772892,38.98370469829991],[-76.9285264441165,38.98273172941811],[-76.9265809863816,38.98175319861392],[-76.92615013433411,38.98337480620198],[-76.92826795772892,38.98370469829991]],[[-77.2714374593118,39.03563147676602],[-77.27109797709839,39.03524211079452],[-77.27101328201748,39.03556667226399],[-77.2714374593118,39.03563147676602]],[[-77.2702496284136,39.03511249803226],[-77.26948598434907,39.03465831914023],[-77.26940128275314,39.034982879478235],[-77.2702496284136,39.03511249803226]],[[-77.2500597372063,39.03135096051697],[-77.2503990885991,39.0317403837273],[-77.250483871227,39.03141583653271],[-77.2500597372063,39.03135096051697]],[[-77.2500597372063,39.03135096051697],[-77.24972038944802,39.030961536405],[-77.24963560394237,39.0312860830535],[-77.2500597372063,39.03135096051697]],[[-76.92827520736797,38.98201710923516],[-76.92802397555396,38.98130248862172],[-76.9278516509693,38.98195113374707],[-76.92827520736797,38.98201710923516]],[[-77.24632723843426,39.02875485606874],[-77.24734520720843,39.02992315308018],[-77.24861757929305,39.03011780454858],[-77.24632723843426,39.02875485606874]],[[-77.2459031236417,39.028689965886855],[-77.24556381055932,39.028300530591814],[-77.24547900960603,39.02862507425726],[-77.2459031236417,39.028689965886855]],[[-76.96276430276059,38.985020039583105],[-76.96242671014467,38.984629835158465],[-76.96234069763888,38.98495418177093],[-76.96276430276059,38.985020039583105]],[[-76.92143443070408,38.97622288327522],[-76.92109710053363,38.975832566994384],[-76.92101091423164,38.97615688449975],[-76.92143443070408,38.97622288327522]],[[-76.92067358663859,38.97576656707164],[-76.92033626266398,38.97537624874961],[-76.92025007351175,38.975700565704216],[-76.92067358663859,38.97576656707164]],[[-76.9191519271318,38.9748539207651],[-76.9188146155486,38.97446359836063],[-76.91872842069616,38.97478791421382],[-76.9191519271318,38.9748539207651]],[[-77.24047455952216,39.02077128435232],[-77.24098344094996,39.023886870421585],[-77.24140751082928,39.02226416832303],[-77.24047455952216,39.02077128435232]],[[-77.23954158494833,39.022653610602816],[-77.23920233409308,39.02226415831934],[-77.2391175117908,39.022588697313765],[-77.23954158494833,39.022653610602816]],[[-76.91704191184867,38.97283628751661],[-76.91628113072991,38.97237994461631],[-76.9161949270554,38.97270425860815],[-76.91704191184867,38.97283628751661]],[[-76.91543415262777,38.97224791052438],[-76.91518308062702,38.97153326497987],[-76.91501066472915,38.97218189131157],[-76.91543415262777,38.97224791052438]],[[-76.96753535757314,38.97866966595113],[-76.96719776883484,38.978279474882775],[-76.96711178509985,38.97860382448654],[-76.96753535757314,38.97866966595113]],[[-76.92404166963458,38.96143057794728],[-76.9237043940363,38.96104026961209],[-76.9236182368664,38.961364588214884],[-76.92404166963458,38.96143057794728]],[[-77.24818988636969,38.99461319476877],[-77.24912246909034,38.99441841303831],[-77.24895278963358,38.99337990045994],[-77.24810496853563,38.99325013732661],[-77.24818988636969,38.99461319476877]],[[-77.24768105912074,38.993185253589445],[-77.24674848834775,38.993380024453195],[-77.2469181363407,38.99441854004449],[-77.2473420522609,38.9944834263996],[-77.24768105912074,38.993185253589445]],[[-76.88483457061541,38.93808728979079],[-76.88449761334417,38.93769687621259],[-76.88441130916878,38.9380211664829],[-76.88483457061541,38.93808728979079]],[[-76.94588511732358,38.94558205732932],[-76.94554779805074,38.945191809271165],[-76.94546175694315,38.94551614229397],[-76.94588511732358,38.94558205732932]],[[-76.94835282751971,38.942926690860524],[-76.94801550732242,38.94253644965885],[-76.9479294803458,38.942860784271744],[-76.94835282751971,38.942926690860524]],[[-76.93735308513276,38.93952507111047],[-76.93650645102787,38.939393181471594],[-76.93624822513854,38.94036616079469],[-76.9370948700896,38.940498052213975],[-76.93735308513276,38.93952507111047]],[[-76.93769736112198,38.9382277623417],[-76.93667859778664,38.93874452836427],[-76.9375252246609,38.93887641681623],[-76.93769736112198,38.9382277623417]],[[-77.23369363755214,38.97923008703531],[-77.23064190264057,38.98078765537188],[-77.23047227761704,38.981436717338106],[-77.23293043994657,38.98215088263826],[-77.23394770216112,38.98163168262358],[-77.23445647652188,38.979684481915875],[-77.23369363755214,38.97923008703531]],[[-77.14335298315503,38.96569121213257],[-77.14199683048238,38.96581995392179],[-77.1452987048974,38.968353933526096],[-77.14555423480192,38.96738051743517],[-77.14335298315503,38.96569121213257]],[[-76.93609726297169,38.93595207774365],[-76.93576004077065,38.93556180359772],[-76.93567396744551,38.93588612939322],[-76.93609726297169,38.93595207774365]],[[-77.1573320960234,38.96953095311278],[-77.15529878707491,38.96888049249395],[-77.15521365288781,38.96920497132662],[-77.1573320960234,38.96953095311278]],[[-76.93584611332899,38.93523747775704],[-76.93550889578356,38.934847202966786],[-76.93542282218452,38.93517152855602],[-76.93584611332899,38.93523747775704]],[[-77.2110633956436,38.97474809331185],[-77.20902946100198,38.97409851271856],[-77.2062337636738,38.97130674028396],[-77.20411505008356,38.97098159329706],[-77.20530053766936,38.97318879447822],[-77.20894381999261,38.976110624767685],[-77.20868910739439,38.977084172453175],[-77.21038423523589,38.977344230696005],[-77.21148648364762,38.97650069817721],[-77.2110633956436,38.97474809331185]],[[-77.1685184614004,38.970576499727606],[-77.16817983343671,38.97018685671705],[-77.16809475515089,38.97051134444728],[-77.1685184614004,38.970576499727606]],[[-76.94186524624264,38.93414870683348],[-76.94568857550205,38.931366844015564],[-76.94476285573775,38.92987176607652],[-76.94595347797936,38.92870626921013],[-76.94570909668602,38.92630411341502],[-76.94418815699456,38.92539178057273],[-76.94139061353856,38.92596922316213],[-76.94020693052501,38.92544709981221],[-76.9405162888775,38.93258766799324],[-76.94186524624264,38.93414870683348]],[[-77.23547369337068,38.97916526958863],[-77.23513466702235,38.978775808882205],[-77.23504987726967,38.97910034285672],[-77.23547369337068,38.97916526958863]],[[-77.213012482505,38.975722159376296],[-77.2126735924094,38.975332637525476],[-77.21258870650675,38.975657155976144],[-77.213012482505,38.975722159376296]],[[-77.14072819022645,38.96393661954654],[-77.14038974193629,38.96354690110039],[-77.1403045475245,38.963871369444256],[-77.14072819022645,38.96393661954654]],[[-77.22089559511001,38.974230804888734],[-77.22369236550574,38.97533465174721],[-77.22445548179515,38.97410151169187],[-77.22199767452555,38.97338717941234],[-77.22089559511001,38.974230804888734]],[[-77.21759028317659,38.973386430939996],[-77.21903079105894,38.97461993599888],[-77.21979397883973,38.97338682474274],[-77.21759028317659,38.973386430939996]],[[-77.21292954131701,38.970983890889244],[-77.20733596875176,38.97046324539536],[-77.20716615994806,38.971112274477],[-77.20894530055124,38.97273543289311],[-77.2114878462925,38.9731255060752],[-77.21292954131701,38.970983890889244]],[[-77.21818376793787,38.97280237308941],[-77.21945506332325,38.97299732154855],[-77.22004852994597,38.97241325481395],[-77.2192858571572,38.971958771877375],[-77.21818376793787,38.97280237308941]],[[-76.93683513734564,38.92154443536113],[-76.93497017296887,38.92192929331511],[-76.93462592544714,38.9232265916228],[-76.93683513734564,38.92154443536113]],[[-76.93167056484177,38.9210773140055],[-76.93218699525072,38.91913137913613],[-76.93176380102868,38.91906541759165],[-76.93167056484177,38.9210773140055]],[[-76.9352354326732,38.91926874481019],[-76.9332055161052,38.91861465138545],[-76.9326891165745,38.92056059036245],[-76.93311232032273,38.92062654876213],[-76.9352354326732,38.91926874481019]],[[-76.93337764314994,38.917966004693895],[-76.93413796298107,38.91842223926642],[-76.9343100812666,38.9177735912972],[-76.93202916742938,38.91640487696089],[-76.93126170817091,38.91763620290309],[-76.93193594197892,38.918416772862585],[-76.9332055161052,38.91861465138545],[-76.93337764314994,38.917966004693895]],[[-76.90435180687298,38.912762946674825],[-76.90273764198834,38.913861981008125],[-76.90519807316372,38.91289505530443],[-76.90435180687298,38.912762946674825]],[[-76.92483524165944,38.91528332562562],[-76.92432597664168,38.915541656052284],[-76.924749143652,38.915607642949034],[-76.92483524165944,38.91528332562562]],[[-76.92483524165944,38.91528332562562],[-76.92619083369384,38.9151569585054],[-76.92492133890013,38.9149590082563],[-76.92483524165944,38.91528332562562]],[[-76.9447248708934,38.918383067437084],[-76.9443876838094,38.917992817679085],[-76.94430166966781,38.918317148688104],[-76.9447248708934,38.918383067437084]],[[-76.93017150830491,38.91510208930525],[-76.92983441439132,38.91471180014805],[-76.92974833931993,38.91503612091772],[-76.93017150830491,38.91510208930525]],[[-77.01474546126616,38.92521596630112],[-77.0144935769957,38.92450152685837],[-77.01432215706616,38.92515028647736],[-77.01474546126616,38.92521596630112]],[[-76.95229676338255,38.90976825025816],[-76.94857435343062,38.90885082927184],[-76.94705374227904,38.90793853368054],[-76.94941390192247,38.91067020879758],[-76.95195288193906,38.91106559455608],[-76.95229676338255,38.90976825025816]],[[-77.02459239509385,38.91796392113489],[-77.02434043931302,38.91724950238881],[-77.0241691241656,38.91789827498614],[-77.02459239509385,38.91796392113489]],[[-76.95774473977005,38.90251120285801],[-76.95613820402708,38.90192335900853],[-76.95537130487669,38.903154831805956],[-76.9546110114307,38.902698728344106],[-76.95476965477371,38.9054251968236],[-76.95705722720787,38.90510591849944],[-76.95774473977005,38.90251120285801]],[[-76.94462148829945,38.90215600282364],[-76.94428437687887,38.90176575360931],[-76.94419838143736,38.90209008386138],[-76.94462148829945,38.90215600282364]],[[-76.99253478862683,38.905896034545684],[-76.99219740325256,38.90550591547783],[-76.99211161673568,38.905830279079176],[-76.99253478862683,38.905896034545684]],[[-76.95718260152317,38.894656153058435],[-76.95404920961079,38.89484366415322],[-76.95590677909854,38.89614609065163],[-76.95505399491962,38.8977018987137],[-76.95734132359371,38.897382615459854],[-76.95718260152317,38.894656153058435]],[[-77.00422340635008,38.90501019597799],[-77.0040574270441,38.90397136532886],[-77.00380022905696,38.9049444804146],[-77.00422340635008,38.90501019597799]],[[-76.91258409889157,38.890067471618785],[-76.9115658308837,38.8905840280873],[-76.91241185264003,38.89071608710756],[-76.91258409889157,38.890067471618785]],[[-76.98958424444436,38.902060568939504],[-76.98924689263474,38.90167044203468],[-76.98916109749706,38.90199480343472],[-76.98958424444436,38.902060568939504]],[[-77.00414315817946,38.90364699354205],[-77.00380572105671,38.90325690617901],[-77.00371998887788,38.90358127771627],[-77.00414315817946,38.90364699354205]],[[-76.95345424471151,38.895426450268054],[-76.95311711711805,38.895036225405676],[-76.9530311689418,38.89536056150685],[-76.95345424471151,38.895426450268054]],[[-77.00474872463512,38.899688816243774],[-77.00525213538708,38.901117729617496],[-77.0047432547497,38.90137638975163],[-77.00473778461085,38.90306396362229],[-77.00635560313758,38.900276029931476],[-77.00474872463512,38.899688816243774]],[[-76.98840838125321,38.87486214485847],[-76.98179425769548,38.87822365457213],[-76.98018806344324,38.87763612415603],[-76.97942182634937,38.87886774197396],[-76.97755817929456,38.87925323826499],[-76.97823255380028,38.88003355261162],[-76.97272107925885,38.882553122904554],[-76.97229184066177,38.88417486836759],[-76.9747441823266,38.88489413505213],[-76.97440081796815,38.88619153749164],[-76.97185635242991,38.88748418168943],[-76.97295379424291,38.88833034999497],[-76.97285552702257,38.8920298392634],[-76.97514259956819,38.891710227790334],[-76.97860089875913,38.89528748149189],[-76.98080222389989,38.89529211922385],[-76.98181406589491,38.89646256522968],[-76.98249463036477,38.89555528647764],[-76.98578776769817,38.8980934824705],[-76.98874963243343,38.89855389105514],[-76.99349557036204,38.89726531063432],[-77.0010317254905,38.89708539852334],[-77.0030671591784,38.8960508070077],[-77.00610932560993,38.897874002605704],[-77.00975155224198,38.897426497077305],[-77.01027107080185,38.89379267117422],[-77.01146005521434,38.89262655120195],[-77.01122427338056,38.88684939382244],[-77.0102977747108,38.885354814025455],[-77.00826812973749,38.88470195238292],[-77.00641534628176,38.881712742731004],[-77.0048088766532,38.88112553117353],[-77.00582635100415,38.88060820958886],[-77.00734712735046,38.881519781074566],[-77.0075185067403,38.880871034722],[-77.0060834360376,38.879635093251885],[-77.0048143434988,38.87943796190199],[-77.00413420747515,38.880345361361215],[-77.0017729791161,38.87761473867644],[-76.99940074422739,38.87825920845833],[-76.99694838255324,38.87754043021803],[-76.99610802908447,38.875721380308974],[-76.99162657776724,38.8743494038078],[-76.99103786615265,38.87324480137587],[-76.98984305816806,38.876098290257275],[-76.98857407117522,38.87590099269737],[-76.98840838125321,38.87486214485847]],[[-76.99061488520933,38.87317904106624],[-76.99027766157775,38.87278891835319],[-76.99019190502935,38.87311327931337],[-76.99061488520933,38.87317904106624]],[[-77.01314196073582,38.89626444500906],[-77.01289019228679,38.895550005005376],[-77.01271882620058,38.896198759960335],[-77.01314196073582,38.89626444500906]],[[-77.01501631779439,38.892503267659855],[-77.01366130190777,38.89263060542989],[-77.0131472356937,38.89457687222788],[-77.01467363476777,38.89380078276816],[-77.01501631779439,38.892503267659855]],[[-77.06453413207556,38.896802548633794],[-77.0627600652512,38.89517733869596],[-77.06124247149408,38.89257887156501],[-77.06165732657874,38.896019539740095],[-77.06284140090101,38.896540501464095],[-77.06351274027821,38.89900792838336],[-77.06453004732379,38.898490123828076],[-77.06453413207556,38.896802548633794]],[[-77.02357949764675,38.88842943526147],[-77.0306818234425,38.891557215575084],[-77.03119539994863,38.8896108768278],[-77.0325503290062,38.8894833474417],[-77.03450430468249,38.88708505958627],[-77.03425235849453,38.88637066380171],[-77.0323888099269,38.88675698487033],[-77.03222247064852,38.88571819435479],[-77.02976953429086,38.885000064960224],[-77.0300263150494,38.88402689847008],[-77.02791092924652,38.88369874745132],[-77.0283389270945,38.88207680974472],[-77.02461697548975,38.881161675202996],[-77.02672731342368,38.883177452952424],[-77.02596180479199,38.88440935918207],[-77.02773972477219,38.88434752220987],[-77.02528188573689,38.88531687521833],[-77.02527689250175,38.88700444656176],[-77.02443070987263,38.886873158013714],[-77.02357949764675,38.88842943526147]],[[-77.02460194974492,38.886224387625624],[-77.02367015422324,38.8864174791099],[-77.02317152582836,38.8833010723328],[-77.02021006376988,38.882841487056204],[-77.02029058961445,38.88420467552346],[-77.02265777946509,38.88524737631637],[-77.02214400565524,38.88719367863422],[-77.02392199681547,38.887131896404036],[-77.02460194974492,38.886224387625624]],[[-77.03381967150614,38.88968019501427],[-77.03584968403833,38.89033263862177],[-77.03619197363558,38.88903506556587],[-77.03500821188034,38.88851384980739],[-77.03381967150614,38.88968019501427]],[[-77.05413008401266,38.8928279889519],[-77.05379242940671,38.89243803822763],[-77.05370693252101,38.892762443842656],[-77.05413008401266,38.8928279889519]],[[-77.06183655055573,38.89199556870686],[-77.06149885856185,38.89160563901582],[-77.061413396967,38.89193004991137],[-77.06183655055573,38.89199556870686]],[[-77.04922778802269,38.88970497437695],[-77.05176657767238,38.89009831496535],[-77.05210858269953,38.888800698012844],[-77.04956983641806,38.88840736449275],[-77.04922778802269,38.88970497437695]],[[-77.02503003608463,38.884602460846295],[-77.02452134100885,38.88486120162434],[-77.02485880383573,38.88525123169677],[-77.02503003608463,38.884602460846295]],[[-76.97401486026513,38.87600031238383],[-76.9733405682457,38.87521997546656],[-76.9731688978915,38.87586867407657],[-76.97401486026513,38.87600031238383]],[[-76.97478115858914,38.874768728419355],[-76.97579261890941,38.87593922062633],[-76.9757129345838,38.87457600475747],[-76.97478115858914,38.874768728419355]],[[-76.97029390184792,38.875083547330206],[-76.9708885659853,38.87450068185403],[-76.9690249854806,38.87488604962742],[-76.97029390184792,38.875083547330206]],[[-77.0213130819578,38.88199965615879],[-77.02055259667222,38.881543958396854],[-77.02046696459026,38.881868340631286],[-77.0213130819578,38.88199965615879]],[[-77.02004390705011,38.88180268070225],[-77.01970648596662,38.881412637685045],[-77.01962085027237,38.881737019329655],[-77.02004390705011,38.88180268070225]],[[-77.00354525782664,38.87924081756166],[-77.00439131417842,38.879372248565275],[-77.00498574054122,38.87878921921499],[-77.0042253908748,38.87833342145524],[-77.00354525782664,38.87924081756166]],[[-77.02351400815684,38.88200353541725],[-77.02283913059318,38.88122346735822],[-77.02266788677805,38.881872234914844],[-77.02351400815684,38.88200353541725]],[[-77.00583179424768,38.87892064037802],[-77.00524283038281,38.87781610483504],[-77.005408767013,38.878854930518216],[-77.00583179424768,38.87892064037802]],[[-77.02072385854888,38.880895193788824],[-77.020386438028,38.8805051526656],[-77.02030080642713,38.8808295347444],[-77.02072385854888,38.880895193788824]],[[-77.0597333769255,38.8866052405717],[-77.06100274266994,38.88680180970223],[-77.06100690846084,38.88511423708079],[-77.05939992414564,38.88452773296526],[-77.0597333769255,38.8866052405717]],[[-77.01059748198028,38.870881135949574],[-77.00711712062665,38.87405505542893],[-77.00626025544513,38.87729877989447],[-77.00846103884008,38.87730292645526],[-77.00888943200987,38.875681057197475],[-77.00947843389052,38.876785575127485],[-77.01170043017986,38.87003939180773],[-77.0103458261645,38.87016669298712],[-77.01059748198028,38.870881135949574]],[[-77.00992284567268,38.87010099860342],[-77.0101798389439,38.86912787498848],[-77.01001385645513,38.86808905689425],[-77.00992284567268,38.87010099860342]],[[-77.05771598032533,38.88089047246435],[-77.05703648961952,38.881798162251876],[-77.05745958043464,38.88186369590701],[-77.05771598032533,38.88089047246435]],[[-76.98918608072181,38.870255338322885],[-76.98893463697087,38.86954085195026],[-76.9887631188,38.87018957171609],[-76.98918608072181,38.870255338322885]],[[-77.05679286693011,38.8777086704849],[-77.05645099737625,38.879006298604615],[-77.05712621417834,38.87978618338381],[-77.05789114735467,38.87855408543549],[-77.05679286693011,38.8777086704849]],[[-76.98817448418802,38.86908495622523],[-76.98783729256351,38.86869482706003],[-76.98775152997146,38.869019186174796],[-76.98817448418802,38.86908495622523]],[[-76.99012356709895,38.868374940082774],[-76.98978636832612,38.867984816253625],[-76.98970061524403,38.86830917669021],[-76.99012356709895,38.868374940082774]],[[-77.05620741687635,38.87491680705989],[-77.0558698341437,38.87452686284582],[-77.05578436751931,38.87485126918515],[-77.05620741687635,38.87491680705989]],[[-77.06391196559281,38.87408425954577],[-77.06306586345039,38.87395323496676],[-77.06289499485402,38.87460205747823],[-77.06331804915786,38.87466757107791],[-77.06391196559281,38.87408425954577]],[[-77.00367490668728,38.865415906435246],[-77.00333764907197,38.86502581961951],[-77.00325195978066,38.8653501893186],[-77.00367490668728,38.865415906435246]],[[-77.0453839304846,38.870875985964524],[-77.0472470040605,38.87048947026408],[-77.04555494623884,38.87022718789373],[-77.0453839304846,38.870875985964524]],[[-77.04352540685437,38.869574904819565],[-77.0425083542203,38.8700925351703],[-77.0427603250625,38.87080691277135],[-77.04318333922642,38.87087249507315],[-77.04352540685437,38.869574904819565]],[[-77.06019415954705,38.87148262437768],[-77.06086934669742,38.87226248806293],[-77.0611256672742,38.87128925868553],[-77.06019415954705,38.87148262437768]],[[-77.0002969230161,38.863202563266185],[-77.00173710888586,38.86275100353011],[-77.0019941855292,38.8617778977269],[-76.99962246803673,38.86242237054718],[-77.0002969230161,38.863202563266185]],[[-77.0019941855292,38.8617778977269],[-77.0026741749371,38.86087051199711],[-77.00225125530825,38.86080479149927],[-77.0019941855292,38.8617778977269]],[[-77.04970847724648,38.867832114718965],[-77.05106296899577,38.8677043833092],[-77.0511528411056,38.86569241213846],[-77.04971290346651,38.86614454631982],[-77.04987944736081,38.867183310912615],[-77.04759347291785,38.86750430026189],[-77.04572595894818,38.86957838963646],[-77.04733250357178,38.870165069981255],[-77.04970847724648,38.867832114718965]],[[-77.05004157736936,38.86990964422874],[-77.05097309192378,38.86971635488797],[-77.0511440552003,38.869067549193666],[-77.05004157736936,38.86990964422874]],[[-77.04513646601903,38.868474044998614],[-77.0449699867761,38.86743527387605],[-77.04471346401873,38.86840846938237],[-77.04513646601903,38.868474044998614]],[[-77.05156706681102,38.869133102863806],[-77.0529215794816,38.869005351119064],[-77.0530925237442,38.86835654279091],[-77.05173802343158,38.86848429639448],[-77.05156706681102,38.869133102863806]],[[-76.9622619891332,38.850530959528555],[-76.96192502201697,38.85014076069717],[-76.96183916596077,38.85046510117827],[-76.9622619891332,38.850530959528555]],[[-77.05200757185808,38.862448382081304],[-77.05167006934354,38.862058426997045],[-77.05158459864724,38.862382829965895],[-77.05200757185808,38.862448382081304]],[[-77.00981036718706,38.852186524168346],[-77.00896461658891,38.85205513057437],[-77.0087076672848,38.853028249761294],[-77.00913054761632,38.85309394816392],[-77.00981036718706,38.852186524168346]],[[-77.04559112070896,38.85672664736976],[-77.04525367901383,38.85633667506441],[-77.04516818647106,38.856661073394434],[-77.04559112070896,38.85672664736976]],[[-77.01624441152708,38.85115984977604],[-77.01751304266467,38.851356863438674],[-77.01819274168979,38.85044939362721],[-77.01650125363736,38.850186715164675],[-77.01624441152708,38.85115984977604]],[[-77.04798457376022,38.847643468068924],[-77.04764716130543,38.847253502678974],[-77.04756169006527,38.8475779023305],[-77.04798457376022,38.847643468068924]],[[-77.05163279445689,38.843819606269086],[-77.05138082994901,38.84310524890028],[-77.05120992966147,38.843754053011715],[-77.05163279445689,38.843819606269086]],[[-77.05087251795521,38.84336409657339],[-77.05053510985846,38.84297413923264],[-77.05044965648544,38.843298540724014],[-77.05087251795521,38.84336409657339]],[[-77.10399186091864,38.850573897278274],[-77.1043295900969,38.850963709281494],[-77.10441481267242,38.850639270399995],[-77.10399186091864,38.850573897278274]],[[-77.10399186091864,38.850573897278274],[-77.10365413535227,38.85018408437127],[-77.10356890992345,38.85050852271307],[-77.10399186091864,38.850573897278274]],[[-77.10365413535227,38.85018408437127],[-77.10331641339774,38.84979427056058],[-77.10323118692159,38.85011870865594],[-77.10365413535227,38.85018408437127]],[[-77.04775051329356,38.84017884753902],[-77.04707576358722,38.8393989152186],[-77.04690483367746,38.84004771312869],[-77.04775051329356,38.84017884753902]],[[-77.00272081930487,38.82069340271211],[-77.0037319780181,38.82186365982731],[-77.00433141443924,38.819593079384596],[-77.00272081930487,38.82069340271211]],[[-77.00483972587843,38.81933442336655],[-77.00450267513243,38.818944341678936],[-77.00441704516669,38.81926871055601],[-77.00483972587843,38.81933442336655]]],[[[-77.0917328186377,39.0110753388633],[-77.09385901771934,39.00802719981946],[-77.09708569594956,39.005824108503326],[-77.09760162592607,39.00218986190332],[-77.09938564508761,39.000439395087625],[-77.10125174948067,39.000052060621655],[-77.09878768565986,39.002710488138035],[-77.09861353319255,39.005046973430446],[-77.09979964675173,39.00556759023499],[-77.09674394309486,39.00712187099867],[-77.0947033437872,39.009845619743984],[-77.094952926003,39.012247508860746],[-77.0917328186377,39.0110753388633]]],[[[-77.09809100866157,39.012056433104284],[-77.10046998874014,39.00972245868596],[-77.10301004562959,39.01180236027057],[-77.10530031002924,39.01148034215337],[-77.10436395748015,39.013361648027214],[-77.10224447551984,39.0130347597832],[-77.10046673138713,39.0114100624047],[-77.10012501261076,39.012707835377064],[-77.0987679069695,39.01283610562926],[-77.09809100866157,39.012056433104284]]],[[[-77.05645120509104,39.01271555626224],[-77.06018028867878,39.01362975174312],[-77.06162308094991,39.013177486604306],[-77.06145603506842,39.01213871663832],[-77.06281319339487,39.01201085423129],[-77.06187573519821,39.01389183966387],[-77.05932835800907,39.01518630262232],[-77.05805675622864,39.01498971272155],[-77.05873747846582,39.01408200014977],[-77.05543224296036,39.01323330306859],[-77.05645120509104,39.01271555626224]]],[[[-77.05992510238468,39.04803074839255],[-77.06179679507942,39.04595639124846],[-77.06331761030026,39.048554911077915],[-77.05992510238468,39.04803074839255]]],[[[-77.06176353629995,39.05945730770333],[-77.06440216237782,39.05615074808489],[-77.0638965154537,39.05472204158696],[-77.06118060308587,39.05497777708213],[-77.0610134674765,39.053938999174406],[-77.05813048160965,39.05315588996428],[-77.05651552637308,39.054256948452554],[-77.05711523030064,39.05198603965862],[-77.0602551275124,39.051795918936484],[-77.06152321575718,39.053680102126734],[-77.06483036133218,39.05452864284986],[-77.06678366688993,39.053817401902926],[-77.06806399452682,39.050638674425294],[-77.06348476645417,39.049593684907],[-77.06331761030026,39.048554911077915],[-77.0655235807229,39.048558044464805],[-77.06738707356723,39.04985882958445],[-77.06951144995124,39.04849870103707],[-77.07366661402759,39.04947798969109],[-77.07494271286048,39.04798680703272],[-77.07561969743361,39.04876661044516],[-77.07579086179923,39.04811775385056],[-77.07969313452874,39.048382511884185],[-77.08079797526123,39.04754013119575],[-77.0809765133796,39.043516041691596],[-77.07843220875067,39.043123290406704],[-77.07699273054389,39.04188814101245],[-77.0825053148196,39.042739100000574],[-77.0843762270477,39.0406644045882],[-77.08624344374877,39.0402772931718],[-77.08658553984976,39.038979552451906],[-77.0844690210682,39.03696474841326],[-77.0813298276899,39.037155480659486],[-77.08073843550768,39.03605127887245],[-77.08260555311628,39.035664222448005],[-77.08091323657641,39.03371480676448],[-77.07887881718008,39.033063087507],[-77.08354640686885,39.03209546424781],[-77.08540980019372,39.033395975310825],[-77.08540619225825,39.035083585231654],[-77.08904423151984,39.03969657346562],[-77.09074038981595,39.039958268375834],[-77.08955026807175,39.041125173829776],[-77.0915780784869,39.04515194468506],[-77.0949706800655,39.045675242638744],[-77.0982811613957,39.04483527814792],[-77.0981923720853,39.046847335443395],[-77.09955011360171,39.04671907074551],[-77.1012432325359,39.04866823679382],[-77.10378785436683,39.04906052119786],[-77.10353147816458,39.050033864011624],[-77.10471836090802,39.05055443774604],[-77.10285097865676,39.05094182757261],[-77.10098682364908,39.049641574289076],[-77.1003917705293,39.05022507847372],[-77.10030955886383,39.04886190902982],[-77.09734086607425,39.04840415571806],[-77.09649602625137,39.04658574198472],[-77.09250828411253,39.046645951664765],[-77.09301100496502,39.04976215401733],[-77.09122909561356,39.049824928755754],[-77.09088703136965,39.05112268469603],[-77.09316830231585,39.055863735149266],[-77.09528899217646,39.056190780687224],[-77.09426969734501,39.0567088499959],[-77.09451942613411,39.05911075906109],[-77.09689337594646,39.06015206910151],[-77.09672237161584,39.060800956129846],[-77.0985045452827,39.06073810247152],[-77.09833355395602,39.06138699178491],[-77.10164471197005,39.060546935347915],[-77.10401563346718,39.063275728204324],[-77.10656389984358,39.06198033793904],[-77.10859937671445,39.062631606935355],[-77.10393015979987,39.06360017681962],[-77.10367373421965,39.06457352242555],[-77.10901132114788,39.06944744604047],[-77.10934704045523,39.07152487815458],[-77.11435549944576,39.07094590052694],[-77.11469723793454,39.06964807543376],[-77.11325661822568,39.06841334061981],[-77.11725127785438,39.06497722401446],[-77.11877730816154,39.06588745283266],[-77.11537776459055,39.06874004397197],[-77.11681842680923,39.069974754265935],[-77.11656215134285,39.07094812757793],[-77.11477974296345,39.07101124037069],[-77.11409918756982,39.071919268930095],[-77.1133361336093,39.07146412762277],[-77.11214585877524,39.07263125603155],[-77.11723692555104,39.07341532937701],[-77.11851255058853,39.07192369294886],[-77.12266971357879,39.07290134647122],[-77.12453755436937,39.07251365721705],[-77.12368631201906,39.07407066512372],[-77.12470294317228,39.07523997570826],[-77.11944365251169,39.07341750525925],[-77.1185922904451,39.074974478524844],[-77.11562241590154,39.07451716000261],[-77.11494476230628,39.07373757109038],[-77.11188951136201,39.073604620174315],[-77.11053431580913,39.072045398312795],[-77.10942944726554,39.07288804710518],[-77.11018945727275,39.07503083494963],[-77.10874573947191,39.07548366920358],[-77.10637111905469,39.074442582762956],[-77.10611468791049,39.075415935311874],[-77.10865720244259,39.077495744939085],[-77.1075522292708,39.0783383778783],[-77.10839463848221,39.081844351207955],[-77.10958207561515,39.08236488144787],[-77.10966449912733,39.083728052948835],[-77.11136476698643,39.08230184307804],[-77.11127629416815,39.08431392320114],[-77.11382221837877,39.084706004581406],[-77.1139872328962,39.087432343429334],[-77.1159351384153,39.090095579424585],[-77.11763256997975,39.0903569094595],[-77.11797434122829,39.08905907072166],[-77.11984262241414,39.088671450888754],[-77.12009891644432,39.08769806764287],[-77.1233256068685,39.08718189047893],[-77.12316024256097,39.084455564169346],[-77.12435053416053,39.08328832773568],[-77.12408888845023,39.08763697175521],[-77.12731291049224,39.08880831811786],[-77.13062498285373,39.087967485193616],[-77.1334297490677,39.085698133028195],[-77.13495641716911,39.086608166571246],[-77.13606119826561,39.08576528871641],[-77.13563440547716,39.08738764818352],[-77.13733184459147,39.08764870905456],[-77.13724889760607,39.08628555496891],[-77.13903166108113,39.086222119698064],[-77.13843899286147,39.08511818322168],[-77.14005339203223,39.084016054041115],[-77.14455057093576,39.08538270494313],[-77.14574053410212,39.08421526347847],[-77.14786012760327,39.08622903991766],[-77.14760421064416,39.0872024801015],[-77.14522865072283,39.08616213403759],[-77.14497269874714,39.087135568790536],[-77.14140944417083,39.08557495731867],[-77.14055841034532,39.08713208451685],[-77.13826591789505,39.087454757213905],[-77.13894158232222,39.0899218485845],[-77.13724408432198,39.0896608095869],[-77.13707578158994,39.088622127811206],[-77.13436133414585,39.08719183732524],[-77.13104934037506,39.088032769694166],[-77.12934932481654,39.08945925035581],[-77.12765187209361,39.08919808037832],[-77.12688590450178,39.0904306484573],[-77.1251911246533,39.08848181730169],[-77.12417159009456,39.08900013495387],[-77.12179630697499,39.087959340697516],[-77.12035240464485,39.0884123108728],[-77.12001067891397,39.08971015599248],[-77.11873760901298,39.089514185019894],[-77.11797148687691,39.09074669823071],[-77.11661295519615,39.090875165289965],[-77.11830756078307,39.092824114279765],[-77.11754139645106,39.09405662560513],[-77.1194924291733,39.09503217976793],[-77.1201619189636,39.10087463768479],[-77.12304746648539,39.10165631399005],[-77.125086892312,39.10061968633747],[-77.12626676950418,39.106202955183555],[-77.12872812783112,39.10691919936356],[-77.13255338664834,39.10413150228852],[-77.13416581891578,39.10471707793005],[-77.13093587286518,39.10692117118553],[-77.12855729778312,39.10756813579006],[-77.12652038291812,39.106917188335615],[-77.1263495331529,39.10756612172806],[-77.1304183007853,39.11224325793317],[-77.13593684930244,39.1130918565446],[-77.13330441027085,39.113024697864304],[-77.13219918258457,39.11386755558131],[-77.12965213712538,39.11347584847527],[-77.12990838722159,39.112502440408974],[-77.12804216813433,39.11120257844791],[-77.126942200792,39.108670120535436],[-77.12380274018172,39.10717429526914],[-77.12533510707527,39.10470918485336],[-77.12465976718956,39.10224201264688],[-77.12338646514752,39.10204608882803],[-77.11905389394937,39.103405008166746],[-77.11786604505605,39.10288456636906],[-77.1177777272363,39.10489665891001],[-77.11684337499155,39.10509045740839],[-77.11811671274461,39.10528644835952],[-77.11862377789853,39.106714947240015],[-77.11565260554642,39.106257626736515],[-77.11428789848482,39.109761335321544],[-77.11590030844984,39.11034714849627],[-77.11589740507608,39.112034782798055],[-77.11488040071663,39.11086539208815],[-77.11012570152003,39.110471028260726],[-77.10978064375882,39.1134564853232],[-77.10740786784702,39.11072777698067],[-77.10528553127901,39.11040093500277],[-77.10536475783958,39.113451751096235],[-77.10144917850447,39.118250702586266],[-77.1048452655528,39.11877373794743],[-77.10577668696732,39.120267665877705],[-77.10543140389285,39.12325311658723],[-77.107978661533,39.12364532060902],[-77.10823215600139,39.12435959348602],[-77.10390115293633,39.124030351992],[-77.10066942963441,39.12623366711099],[-77.09905019890506,39.12902293305047],[-77.09981049012953,39.13116580732196],[-77.10193340890865,39.131492744092704],[-77.10074196690896,39.13265977663727],[-77.10252268552738,39.13428450583531],[-77.10124563657565,39.13577599589934],[-77.10412918938842,39.13824575938836],[-77.10387250287059,39.1392191192595],[-77.1055710393525,39.13948061652409],[-77.1048041665342,39.1407130605746],[-77.10539677712765,39.14181716931269],[-77.10675628176644,39.14168882356369],[-77.10632850548957,39.14331109999876],[-77.10802405883689,39.14526020921406],[-77.10785295353405,39.1459091221174],[-77.10530491549193,39.14551691375547],[-77.10402772612818,39.14700843579014],[-77.10572644539411,39.147269931349136],[-77.10367905498484,39.15168154511028],[-77.10478202600468,39.152526582274874],[-77.10750143373699,39.15226988879096],[-77.10664889084883,39.153826804108505],[-77.10426856260545,39.15447331007203],[-77.10511169672945,39.15797935797517],[-77.10392305481662,39.15745877728035],[-77.10350150930053,39.15570574988561],[-77.10393260504446,39.152395830802945],[-77.10180906603014,39.15206892676337],[-77.1016411255985,39.15103018432665],[-77.1036854327881,39.14830625091709],[-77.10309279525467,39.14720213256111],[-77.10462671002907,39.14473725788268],[-77.10377738047407,39.144606505559935],[-77.10353024347516,39.14051693189576],[-77.10072568266129,39.141097989165225],[-77.09834240631318,39.14343202450001],[-77.09647595747877,39.142131680796396],[-77.09664380343591,39.14317042830812],[-77.09188362513801,39.14446300906064],[-77.09051705294891,39.1479664832274],[-77.08915740207634,39.14809465163975],[-77.08864001251452,39.15172896013701],[-77.08737307601687,39.1481573722553],[-77.08499276205906,39.148803508620034],[-77.08321207965838,39.14717852365713],[-77.08218773284646,39.149384148863525],[-77.07972539433811,39.148666977270736],[-77.07870469015334,39.14918492802848],[-77.07811242535969,39.148080690495426],[-77.07828380158074,39.14743181824555],[-77.08083176076502,39.14782458026795],[-77.08219510952779,39.14600885745397],[-77.08542104740836,39.14718130378041],[-77.08916092843478,39.14640700588756],[-77.0905275367075,39.14290354773802],[-77.08848997169156,39.142251972681876],[-77.08772277968566,39.14348431208963],[-77.08593856568439,39.14354701206775],[-77.08619910284003,39.14088604460653],[-77.09044540529977,39.141540347903565],[-77.09146591826658,39.14102230162195],[-77.09180146650645,39.14309980968825],[-77.09265075686503,39.143230643744],[-77.0945205670519,39.14284340046797],[-77.09537324102845,39.14128657179258],[-77.09936617842857,39.1412262689827],[-77.10302323921739,39.139088361933986],[-77.10217720201932,39.13726995585008],[-77.10047872947011,39.13700841235538],[-77.0984445506171,39.13466935911962],[-77.09913247767828,39.130386123756466],[-77.09743417709392,39.13012453904516],[-77.09760200900546,39.13116328274589],[-77.09293167702435,39.13044381142806],[-77.09114430849633,39.132194226330476],[-77.0835876357848,39.13069198258615],[-77.08384091494004,39.13140630616382],[-77.08163242709277,39.13140349799299],[-77.0808615148451,39.134323433189316],[-77.07822457770594,39.13594274939483],[-77.07695081017395,39.13574634867733],[-77.07873860823965,39.13399613653548],[-77.0782321372253,39.132567467444375],[-77.08061197915407,39.131921462584394],[-77.0803624599697,39.129519492634834],[-77.08511824448391,39.12991499614661],[-77.08571407328193,39.12933155643527],[-77.09097656657126,39.131155473702876],[-77.09259615492853,39.12836631171119],[-77.0970096038595,39.130059139245624],[-77.09896792322066,39.12765974266075],[-77.09693405486979,39.12532066909363],[-77.09260649092454,39.12330339604869],[-77.08954919588886,39.123169894635645],[-77.08750862975221,39.124205943720746],[-77.08538598892751,39.12387876119413],[-77.08326702934937,39.121863905213544],[-77.08776548251204,39.12323262056049],[-77.08844684793182,39.12232472743786],[-77.09243874862113,39.12226464723014],[-77.09260993593632,39.12161575862212],[-77.09430802018457,39.121877408773614],[-77.09439020185543,39.12324060068159],[-77.09643064269912,39.12220443887211],[-77.0964272864401,39.12389207659929],[-77.0996491901278,39.12675178736445],[-77.09990916469823,39.12409080019423],[-77.10347980196812,39.12227733641334],[-77.10433204246227,39.12072045274195],[-77.10407859904942,39.12000617242783],[-77.10220942774512,39.12039355761842],[-77.10170258993374,39.118964988013325],[-77.09924109001649,39.118248207120644],[-77.09966887698137,39.1166259631869],[-77.10179137016395,39.116952901438026],[-77.10137011116826,39.1151998811486],[-77.10281466434029,39.11474712918663],[-77.10137335218701,39.113512246167936],[-77.10162998135246,39.112538896420645],[-77.10468685111435,39.11267210053729],[-77.10460448817115,39.11130891826205],[-77.10341661356928,39.11078833761208],[-77.0961152390654,39.11000114153541],[-77.09534851703846,39.11123352007499],[-77.09347952492394,39.111620773368934],[-77.09051180350913,39.109475218154905],[-77.08983058442418,39.110383120312704],[-77.09059389990858,39.1108384092667],[-77.08838603712441,39.110835721034725],[-77.0877868249961,39.11310680534786],[-77.08498319659456,39.11368750446331],[-77.08226883863692,39.11225606967467],[-77.08328899850203,39.111738093497806],[-77.0857501203747,39.11245518926616],[-77.0873694924735,39.10966610560612],[-77.09102531750128,39.10752856468561],[-77.0929729200066,39.1101921706312],[-77.09467073852142,39.11045381524384],[-77.09586191384642,39.10928684596928],[-77.09883308545054,39.10974463971281],[-77.10002418227968,39.10857763072017],[-77.10172198845065,39.108839178958156],[-77.10299855408886,39.10734769192325],[-77.10367320573344,39.109814984161765],[-77.1045252958767,39.10825810295042],[-77.10681548031145,39.109623684635594],[-77.10749647998395,39.108715689561286],[-77.10622311078312,39.10851958970362],[-77.10571627688647,39.10709103976094],[-77.11055622701049,39.107161116209134],[-77.1104737601783,39.10579793927583],[-77.10920043408444,39.105601870022895],[-77.10980500412006,39.09995542373687],[-77.11141415318109,39.10222892496352],[-77.11098671327055,39.10385120477587],[-77.11242799715234,39.10508597404289],[-77.11472409107914,39.103076144946534],[-77.11481249125762,39.10106405527629],[-77.11922479909629,39.10275608532036],[-77.11711701588894,39.09399129491171],[-77.11525150110903,39.09269124556432],[-77.11483005803741,39.09093827903966],[-77.11355698059363,39.09074225495955],[-77.11305309510857,39.087626112799896],[-77.1111023476937,39.086650458922904],[-77.11144421814062,39.085352639040934],[-77.10889828410713,39.08496050890088],[-77.10881587357045,39.08359733658082],[-77.10737197701525,39.08405015558843],[-77.10643162073919,39.08761912708253],[-77.10422446290293,39.08761672011941],[-77.10311608507011,39.09014694217727],[-77.10116215865564,39.09085875901418],[-77.10031672958505,39.08904035734857],[-77.09658327122682,39.08812735530294],[-77.09454039092303,39.090851139796584],[-77.0943658906096,39.09318765490982],[-77.0926684766515,39.09292600699882],[-77.09164518178379,39.09513168650252],[-77.090710885448,39.09532528822683],[-77.09113872790296,39.09370308079211],[-77.09029001918631,39.093572237684775],[-77.0896089464332,39.09448013587202],[-77.08638169257986,39.09499543837364],[-77.08749072710387,39.09246536328279],[-77.08944131352645,39.09344138878577],[-77.09326394150037,39.0923425352977],[-77.0938662254599,39.08838380689899],[-77.09522475074068,39.088255588523914],[-77.09599123241452,39.087023216127584],[-77.10065880391193,39.08774256656499],[-77.10150422644315,39.089560965462894],[-77.1027772506654,39.08975711294793],[-77.10346130595802,39.087161516863624],[-77.10541511043228,39.08644966437598],[-77.10703936425881,39.08028508888264],[-77.10331266001073,39.075997043589126],[-77.10127361462867,39.077033309231616],[-77.10059609150021,39.076253641723284],[-77.10178661113424,39.075086623184525],[-77.10407887525113,39.07476462410596],[-77.10527246319182,39.071909950651516],[-77.10645971565364,39.07243050977669],[-77.10773554458257,39.070938984256635],[-77.10163178164139,39.06729741170713],[-77.09866232755006,39.0668396884923],[-77.09815924630645,39.06372349962089],[-77.09434159946663,39.06313487900011],[-77.09434500134323,39.061447260597475],[-77.09307249567219,39.06125102776498],[-77.0918034576572,39.05936716419869],[-77.09044546623427,39.05949534450717],[-77.08874532143348,39.06092126225716],[-77.08899488214585,39.06332318421942],[-77.08601488421888,39.06792801665557],[-77.08872766049095,39.069359357792784],[-77.0891483488601,39.07111240578757],[-77.08838545964521,39.070657111347714],[-77.08728035544392,39.071499562970956],[-77.08719836562696,39.07013637971193],[-77.08431809023007,39.067666255925346],[-77.08006869166569,39.07038699264639],[-77.0812520324363,39.07259541331515],[-77.08082409356447,39.07421758037127],[-77.08319834059014,39.075259154911485],[-77.0813227991881,39.07902146817389],[-77.08310543298288,39.0789588352012],[-77.08361162618495,39.08038746971756],[-77.08301618180124,39.08097089387754],[-77.07962201857785,39.08044726610902],[-77.08014308394219,39.07512542343228],[-77.07878854119583,39.073565855010514],[-77.07922027514944,39.070256074518504],[-77.07786205809587,39.070384117536776],[-77.07785827306456,39.07207173817293],[-77.07522352765977,39.073690971420106],[-77.07147543969471,39.07952770605578],[-77.06884028175092,39.08114680616799],[-77.0709615998863,39.08147426845955],[-77.06993780744149,39.083679764491144],[-77.07154928098436,39.08426614989522],[-77.07171270842403,39.086992544377345],[-77.07264694821978,39.086799085756276],[-77.07383033069736,39.089007583757166],[-77.0715414160697,39.08764139989374],[-77.07128447180226,39.088614682872766],[-77.06967290395798,39.08802829356064],[-77.06941593329456,39.08900157274697],[-77.06856731863124,39.088870581436545],[-77.07069676570981,39.085822797932906],[-77.06848966378493,39.08581975638179],[-77.06942787869961,39.08393869746514],[-77.0679020876719,39.08302785967735],[-77.06807741444773,39.080691386224295],[-77.06638038709058,39.080429379939865],[-77.06706161833843,39.079521611428916],[-77.0693541760645,39.07920025265271],[-77.07046356232303,39.07667033694782],[-77.0733553938118,39.07407791945076],[-77.07369787913834,39.072780206498635],[-77.07200101624518,39.07251827734318],[-77.0721722688539,39.0718694229972],[-77.07446456260291,39.07154797039424],[-77.07565542470185,39.07038120324125],[-77.07675683607367,39.07122647552375],[-77.07676064663559,39.06953885517941],[-77.07964822649157,39.06863391415006],[-77.0804110397359,39.06908926206334],[-77.08185849905408,39.06694913783046],[-77.0849989778171,39.06675839121151],[-77.08669933264369,39.06533252324027],[-77.0867956169951,39.05994523164273],[-77.0890874700224,39.05962350997523],[-77.0910441533878,39.05722426997275],[-77.0889305070455,39.053521919647366],[-77.0897822531013,39.051965155639],[-77.08749420498305,39.05059927471261],[-77.08902308571572,39.049822251850394],[-77.08877710079953,39.04573272206999],[-77.08606520509232,39.04430138799243],[-77.0856447461872,39.042548337859046],[-77.08224867600153,39.04371239780058],[-77.08198465448358,39.04806092189111],[-77.08020277732176,39.04812353844667],[-77.07943643814104,39.049355804824486],[-77.07502444790006,39.04934999300827],[-77.07578702984843,39.04980536774996],[-77.07459650690349,39.05097213189802],[-77.07467438080573,39.05402293391988],[-77.07374056761651,39.05421640663511],[-77.07314915191967,39.05311216545884],[-77.07144881717124,39.0545378448928],[-77.07290014978378,39.05071021603449],[-77.07044124490425,39.0499928740914],[-77.06823122329104,39.051677442243864],[-77.06779909935737,39.05498717356379],[-77.06550729834832,39.05530850226033],[-77.0654175891161,39.05732053969169],[-77.06397394431345,39.05777285230784],[-77.06337440691614,39.06004379652247],[-77.06176353629995,39.05945730770333]],[[-77.10995773833604,39.10943230569755],[-77.1104677015202,39.10917320520438],[-77.10927981982634,39.10865268078946],[-77.10995773833604,39.10943230569755]],[[-77.1080712343129,39.07301642037861],[-77.10798885283153,39.07165325049568],[-77.10764698512268,39.072951057607476],[-77.1080712343129,39.07301642037861]]],[[[-77.05135147972832,39.14732879085387],[-77.05297295088066,39.14454013602283],[-77.05433259896999,39.144412363225946],[-77.053646248032,39.14700771764041],[-77.05568363368556,39.14765986408294],[-77.05542626443248,39.14863312571402],[-77.05372769468255,39.148370943196525],[-77.05414799573448,39.150124136348325],[-77.05287404457198,39.14992748848175],[-77.05253957867849,39.14784987267139],[-77.05135147972832,39.14732879085387]]],[[[-77.07834629052533,38.815882859280364],[-77.07809039447656,38.81685611835604],[-77.07867996914551,38.81796029993891],[-77.07690750493514,38.8163353070018],[-77.07707811236503,38.8156864693299],[-77.07834629052533,38.815882859280364]]],[[[-77.08593399277001,38.82718629394651],[-77.07994074364994,38.82153179492726],[-77.07867996914551,38.81796029993891],[-77.07986289770074,38.81848109444721],[-77.08112373914115,38.8220525775813],[-77.08391255480028,38.82315955199108],[-77.08407948766626,38.824198265647716],[-77.08501032804122,38.82400472143669],[-77.08467644143425,38.821927296560375],[-77.08738359229145,38.82167105582862],[-77.08805507279071,38.82413832859003],[-77.0868684302487,38.82530517373946],[-77.0874582061416,38.82640931448041],[-77.08914939777445,38.826671023405886],[-77.08889360805577,38.827644305876035],[-77.08593399277001,38.82718629394651]]],[[[-77.08186190526249,38.83263327318189],[-77.07780430621438,38.831329868667815],[-77.078909628327,38.8287999679211],[-77.07562785244494,38.82120158340681],[-77.07368473226423,38.82022537973655],[-77.07326586277837,38.818472341517186],[-77.07030671789353,38.81801395657946],[-77.0681970612203,38.8159989356685],[-77.06523804855414,38.81554042972382],[-77.06599407837395,38.81768340966559],[-77.06386407232968,38.82410611635523],[-77.06284367849123,38.82631147215376],[-77.06055904238693,38.82663269922171],[-77.05802241486191,38.826239541582204],[-77.05777044850447,38.825525198549435],[-77.0590471610516,38.82234666491767],[-77.05641675195216,38.82565300268495],[-77.05566092095377,38.82350996253793],[-77.05269732793235,38.82473871719532],[-77.05397424782178,38.82156023612349],[-77.05237308231659,38.81928608517903],[-77.05280015812505,38.81766407471246],[-77.0601571793049,38.81812937405207],[-77.06058407522005,38.81650733693589],[-77.06193759471516,38.81637948737057],[-77.06075482826934,38.81585852175176],[-77.06185636535304,38.815016336375905],[-77.06016972302554,38.81306669602431],[-77.06777834790879,38.81424587963946],[-77.07047738797421,38.81736512789331],[-77.07385924201793,38.81788898592793],[-77.07689612260556,38.82139798831916],[-77.07680701532753,38.82340996831562],[-77.08060084471879,38.829061793644186],[-77.08034493251276,38.83003505869803],[-77.08271122207563,38.831076605928736],[-77.08398331393491,38.82958537583027],[-77.09150879085648,38.83108752745675],[-77.09125301713779,38.832060815250344],[-77.09412761689072,38.83284313152593],[-77.08955819107899,38.83348669812518],[-77.08583795211011,38.832573407251445],[-77.08566738311835,38.83322225812178],[-77.08397605203696,38.83296050146744],[-77.08330098169887,38.83218076713283],[-77.08186190526249,38.83263327318189]],[[-77.0566857548433,38.81961710650726],[-77.05693769016361,38.82033145131269],[-77.05710848460663,38.81968264090559],[-77.0566857548433,38.81961710650726]],[[-77.05626302583968,38.819551570666334],[-77.05618189900868,38.81818841551463],[-77.0553364592291,38.818057338969346],[-77.05626302583968,38.819551570666334]]],[[[-77.0787220031949,38.91317848336338],[-77.07973940002157,38.912660553060306],[-77.0797431331858,38.91097297431243],[-77.07788297284807,38.90967240207552],[-77.07916028258644,38.90649363004114],[-77.08000679163824,38.90662454526325],[-77.07881492198831,38.90947890250586],[-77.08033721410361,38.91038958143191],[-77.08016269052358,38.91272600946898],[-77.08109467267805,38.9125324926868],[-77.0820229695545,38.91402654802253],[-77.08201928905827,38.91571412751492],[-77.08109097074885,38.91422007182],[-77.0787220031949,38.91317848336338]]],[[[-77.0611028766969,38.91484177590259],[-77.06338616505008,38.91620811445536],[-77.05957653156997,38.91561843907141],[-77.0611028766969,38.91484177590259]]],[[[-77.0552151452573,38.9321633208659],[-77.05733206194593,38.93249100791269],[-77.05826435771937,38.9322976622256],[-77.05809330943063,38.93294648296702],[-77.05589084174085,38.93294321772219],[-77.0552151452573,38.9321633208659]]],[[[-77.02640212038577,38.93614109865069],[-77.02589805246194,38.93471226455301],[-77.02818623243915,38.93439167267524],[-77.03199659373695,38.93498231391791],[-77.03580226410593,38.937260420983606],[-77.03385178285495,38.937971161764395],[-77.02640212038577,38.93614109865069]]],[[[-77.04536027861234,38.94279297991086],[-77.04553146350202,38.94214417584822],[-77.04722519261347,38.94240646096199],[-77.04713960778832,38.942730864196065],[-77.04536027861234,38.94279297991086]]],[[[-77.06331211196586,38.94658460256201],[-77.05585653938566,38.94644389243256],[-77.06094234570914,38.94554266984442],[-77.06348314578675,38.94593577339002],[-77.06474947368119,38.94781989201913],[-77.06331211196586,38.94658460256201]]],[[[-77.06814135051849,38.946656328116646],[-77.06932629480487,38.94717723143325],[-77.06720487154993,38.9485373350494],[-77.06517295512721,38.94788539991389],[-77.06814135051849,38.946656328116646]]],[[[-77.0500992539168,38.94487739474457],[-77.05136960963571,38.94507406404485],[-77.05306342793679,38.94533626955002],[-77.05170749538281,38.945464024098754],[-77.05145078775433,38.946437243364564],[-77.0500992539168,38.94487739474457]]],[[[-77.05585653938566,38.94644389243256],[-77.0548385005725,38.946961629139665],[-77.05297786568191,38.945660676945515],[-77.05373922362958,38.9461161795603],[-77.05585653938566,38.94644389243256]]],[[[-77.05145078775433,38.946437243364564],[-77.0519510591442,38.94955356225193],[-77.05093735190718,38.94838368070526],[-77.05145078775433,38.946437243364564]]],[[[-77.0552490599898,38.95208993084867],[-77.05499237634332,38.95306315836204],[-77.05262251828157,38.952021065750706],[-77.0519510591442,38.94955356225193],[-77.05347385314381,38.95046457594599],[-77.05321715149593,38.9514377995595],[-77.0552490599898,38.95208993084867]]],[[[-77.05743935023875,38.95715597138928],[-77.05719119468357,38.95475402734779],[-77.0557538243167,38.95351864909345],[-77.05778581361547,38.95417073902993],[-77.05744360266573,38.95546838301319],[-77.05862861383709,38.9559893891689],[-77.05828640936183,38.95728703581811],[-77.05743935023875,38.95715597138928]]],[[[-77.05879549051933,38.95702815397296],[-77.06125114031236,38.95774571579603],[-77.0637109457202,38.95677564018243],[-77.06438696169,38.9575554934598],[-77.06786079600549,38.957755108608595],[-77.0675187478135,38.959052781048776],[-77.06836584715303,38.95918377669756],[-77.06988508388847,38.96178218007461],[-77.0730210565813,38.96159173940498],[-77.07285007099448,38.962240583187764],[-77.0687814185828,38.96262445213173],[-77.06887091812627,38.96061244302794],[-77.06717668742559,38.96035045279123],[-77.06658613394785,38.95924619702996],[-77.06252175072828,38.957942271251596],[-77.05930035869726,38.95845685880655],[-77.05820085633664,38.9576114473711],[-77.05879549051933,38.95702815397296]]],[[[-77.05972389712193,38.958522385403086],[-77.06005769812485,38.96059991276184],[-77.05921059726013,38.9604688603628],[-77.05972389712193,38.958522385403086]]],[[[-77.00701579568481,39.01113940224657],[-77.00218787491873,39.009377696172045],[-76.99898061447034,39.004827923457796],[-77.00135142406376,39.00587104894976],[-77.00109382958968,39.00684417275118],[-77.00363094315385,39.00892610530358],[-77.00515984323752,39.00815012029987],[-77.00524022575091,39.00951334271786],[-77.00863054269666,39.01003899538913],[-77.0087914450042,39.012765436810966],[-77.00785798647017,39.012958412914315],[-77.00701579568481,39.01113940224657]]],[[[-77.05414768936386,39.018099484361855],[-77.05423766197585,39.01608746851232],[-77.05559490666852,39.01595968492404],[-77.05585180421566,39.014986446765235],[-77.05712339997929,39.01518305924707],[-77.05779988817378,39.015962955442525],[-77.05583892509686,39.02004925959001],[-77.0561857537524,39.01706400268997],[-77.05414768936386,39.018099484361855]]],[[[-76.99461152273697,39.017995685004465],[-76.99199420816379,39.01455033273343],[-76.98987519808283,39.01422152649517],[-76.98852958008322,39.01097339128451],[-76.98725235961706,39.01246367635701],[-76.98888497359911,39.00630072885281],[-76.98550089790969,39.0040869393945],[-76.98329628028061,39.00408238500026],[-76.9836400424331,39.002784936345314],[-76.98169330741841,39.00180726654685],[-76.98195114356042,39.00083418380158],[-76.9850030981406,39.00097032767475],[-76.98423564350875,39.002201996467875],[-76.98524902777196,39.00337243228563],[-76.99032806336541,39.00584929283154],[-76.98937714153429,39.01110492723364],[-76.99385551418553,39.01585221302653],[-76.99461152273697,39.017995685004465]]],[[[-76.99595185925936,39.02293136116583],[-76.99562529402623,39.01916603911051],[-76.99461152273697,39.017995685004465],[-76.99613503123327,39.018907411954544],[-76.99789371320514,39.025596414690085],[-76.99595185925936,39.02293136116583]]],[[[-76.99924562720842,39.02715685127678],[-77.00034549546163,39.02800279420089],[-77.00314097864657,39.029111618051836],[-76.99907382927461,39.02780559987053],[-76.99924562720842,39.02715685127678]]],[[[-77.00305509512918,39.029435995169955],[-77.00704196592044,39.02937865735356],[-77.00652675583729,39.0313249357089],[-77.00373113594395,39.03021618765837],[-77.00305509512918,39.029435995169955]]],[[[-76.99439395337163,39.03214525820307],[-76.99728672515553,39.02955463196104],[-76.99575160266872,39.03201812843222],[-76.99439395337163,39.03214525820307]]],[[[-77.01175890026268,39.03990260217287],[-77.01447442301807,39.03964794780679],[-77.0182901888498,39.04023901981856],[-77.01676075416282,39.04101517064692],[-77.01175890026268,39.03990260217287]]],[[[-77.00360120390363,39.04404142763555],[-77.00742253050323,39.04294522427896],[-77.00342940493765,39.04469018411551],[-77.00360120390363,39.04404142763555]]],[[[-76.97906083092839,39.05002862323997],[-76.9788027816269,39.051001707965085],[-76.97736484087628,39.04976540298506],[-76.97906083092839,39.05002862323997]]],[[[-77.0236457599122,39.121774045538245],[-77.02245321979754,39.12294032540933],[-77.02075537005514,39.12267769402524],[-77.0199872357111,39.12390961048781],[-77.02108881077349,39.124755384629886],[-77.02150308971503,39.1281963162121],[-77.01979998334224,39.12962130860974],[-77.0199667035905,39.130660156631286],[-77.02098245627867,39.131830327714496],[-77.02276643808949,39.131768559661],[-77.02123512353218,39.13254477880388],[-77.02105816440734,39.134881209236255],[-77.02207399372779,39.13605137239629],[-77.02640534123265,39.13638346451432],[-77.0278359297816,39.14099450366697],[-77.03233936932261,39.140677587466186],[-77.03114665838186,39.14184395512369],[-77.03292604447424,39.14346968340564],[-77.03266838503055,39.14444289708688],[-77.0280027911154,39.142033343293576],[-77.02655722905997,39.14248522838578],[-77.02690087339832,39.14118762746772],[-77.02528849733976,39.14060065671505],[-77.02546533428698,39.13826421756852],[-77.02402487123491,39.137028432540376],[-77.02062851386442,39.13650318803553],[-77.0200321034187,39.13708631661248],[-77.01996156996391,39.13234779458667],[-77.01877395846707,39.13182640327665],[-77.01835461731686,39.130073097237144],[-77.01750561494308,39.12994175627381],[-77.01392190728673,39.13512803003305],[-77.01331487736948,39.139086405643056],[-77.01212720339018,39.138564950153494],[-77.01239042735119,39.135904140791396],[-77.01120281205753,39.135382676809805],[-77.0050765581757,39.13848687363893],[-77.00244332208261,39.13841694399876],[-77.00721012455877,39.13544014923264],[-77.01333074236845,39.134023487469044],[-77.0153831224445,39.12961337852284],[-77.01929470238579,39.12819240102366],[-77.01947170194447,39.12585597622457],[-77.01803158697984,39.12462012485444],[-77.01513576860647,39.127211279372936],[-77.01190653286245,39.12772465138213],[-77.01207313584327,39.12876350958913],[-77.00910173432665,39.12830364090582],[-77.00697389246842,39.129662756330596],[-77.00357800295488,39.12913704698829],[-77.00332552126756,39.128422560524676],[-77.01063308913012,39.127527571826874],[-77.01140142040677,39.126295712269126],[-77.0135237979416,39.126624157760745],[-77.01744044509145,39.1235156041422],[-77.01846639304921,39.121310524118655],[-77.01600563605115,39.12059209540609],[-77.01226630555517,39.12136418957996],[-77.00895673136273,39.1205142390835],[-77.00233227296218,39.12050170749447],[-77.0002905385476,39.12153632436898],[-76.9993612711338,39.12004160682335],[-76.99782995373651,39.12081753594412],[-76.99757755751386,39.12010303898908],[-76.99358569923253,39.120160073833965],[-76.99359144483957,39.11847244111118],[-76.99774958712602,39.1194542815744],[-76.9994528876645,39.11802959406176],[-76.9999577075609,39.119458579364284],[-77.0056472346323,39.11966420064298],[-77.00439043311346,39.11440416003498],[-77.00693139821679,39.11648606505992],[-77.00666804464407,39.119146852583306],[-77.01711231361115,39.119750270083294],[-77.01932559177209,39.11806659030751],[-77.02127594924707,39.11904369006971],[-77.02043219237424,39.117224735854776],[-77.02443392559134,39.113791573601574],[-77.02384781654321,39.110999454099755],[-77.02598478038963,39.10626479418633],[-77.0238629413381,39.10593656268157],[-77.02369117694816,39.106585354495195],[-77.02131165929939,39.10723026679225],[-77.01867954060316,39.10716068132067],[-77.01893209940269,39.10787513362474],[-77.0163858766485,39.10748110690823],[-77.01655770839957,39.1068323250779],[-77.02760135444345,39.10516412210844],[-77.02938958858218,39.10341463010805],[-77.03125871079993,39.10302834095115],[-77.03422921869071,39.103487677947996],[-77.03388588358234,39.10478528944639],[-77.03507316145972,39.10530653367586],[-77.03465358002714,39.10355329172795],[-77.03669431953338,39.102518114304836],[-77.03567872361472,39.10134807827268],[-77.03594571027357,39.096999611053306],[-77.03213166836322,39.09472144870786],[-77.02398409125259,39.093798773184304],[-77.02424671884631,39.0911379619712],[-77.02145362340839,39.08834197681115],[-77.01532129637931,39.09482190063469],[-77.0159980773053,39.095602035441026],[-77.0147199326005,39.09709262517032],[-77.01531081814088,39.09819715316292],[-77.01437101807143,39.1000778082753],[-77.01250188200336,39.10046384329645],[-77.01430088974793,39.09533931731087],[-77.01371004280178,39.094234785114466],[-77.01626622066259,39.09125361530726],[-77.01389241107006,39.090210759143865],[-77.01788260795628,39.09015307274391],[-77.0216304564835,39.08600556686224],[-77.02095370446737,39.08522546412521],[-77.02343351205539,39.0791933012569],[-77.02259016384947,39.07737437543296],[-77.02336281301696,39.0744548338529],[-77.01664626074412,39.07814269911163],[-77.01468655848863,39.08054077569107],[-77.0122219096044,39.081509898912095],[-77.0112822454071,39.0833905247926],[-77.00949944151436,39.083452127540326],[-77.00958536010462,39.08312774287578],[-77.01579786812934,39.07801134779399],[-77.01580309460503,39.07632372758314],[-77.01894415111799,39.07613465021163],[-77.0224336731072,39.07296030210265],[-77.0232820187503,39.07309160799743],[-77.02363043773391,39.07010641483883],[-77.02490792513551,39.068615740931826],[-77.02423129985884,39.067835658523215],[-77.02780106065848,39.06602438761785],[-77.02585703022356,39.06335978327639],[-77.02305988346063,39.06225146420582],[-77.02246917237137,39.06114698034914],[-77.01652659492377,39.061915296020686],[-77.00830239479762,39.05962837103508],[-77.00693882082834,39.06144325339782],[-77.00617654829836,39.06098745520204],[-77.00456063233969,39.06208783966581],[-77.00499020155978,39.06046593930126],[-77.00677244551711,39.06040440149847],[-77.00660607496131,39.05936554956809],[-77.00983231141157,39.0588523218387],[-77.00949949470429,39.05677462671346],[-77.01051939418376,39.05625725309789],[-77.00840448126232,39.05424114747575],[-77.00960148845364,39.05138740487876],[-77.00264521221875,39.0509848087202],[-77.00324105577063,39.05040177298175],[-77.01019727951596,39.05080433573579],[-77.01036903253562,39.05015556920856],[-77.0101221146927,39.04775349571433],[-77.0070681492869,39.0476179682995],[-77.00741711190275,39.04463283412035],[-77.00869448412166,39.043142333624544],[-77.00742253050323,39.04294522427896],[-77.00852812560278,39.04210348740256],[-77.00624191505177,39.04073611277458],[-77.00930096458765,39.039184051512564],[-77.00964442866068,39.037886523375064],[-77.0085443027279,39.037040661398116],[-77.00974102129067,39.03418692592553],[-77.00762135877372,39.033858421482805],[-77.00652675583729,39.0313249357089],[-77.0093224609788,39.0324336210349],[-77.01058889165972,39.034318317578524],[-77.00990201867131,39.036913376837155],[-77.01117387349754,39.037110460589524],[-77.01193061359773,39.039253834709],[-77.00717573448728,39.04054314792427],[-77.0092097199156,39.041196042365854],[-77.00962832795182,39.042949350255704],[-77.00741169305073,39.04632044445332],[-77.01173762788164,39.0466530416958],[-77.01495802018981,39.04782729296186],[-77.01606360228315,39.04698548830605],[-77.01767382773005,39.047572568303515],[-77.02013725347751,39.046603342857665],[-77.02056638372727,39.04498139306822],[-77.0222573440994,39.046931634405446],[-77.02199988397489,39.047904808236076],[-77.02047544353695,39.046993394191745],[-77.01970810408054,39.04822529162056],[-77.01809784775044,39.04763823792606],[-77.01792616964681,39.04828701485245],[-77.01521033630235,39.04854174505905],[-77.0102938611759,39.047104729635564],[-77.01130829080289,39.048274961447596],[-77.01087893456757,39.04989688017281],[-77.012403315574,39.05080841244172],[-77.01018656972008,39.054179560764695],[-77.01179158912217,39.05645433118735],[-77.01170039170816,39.05846632991638],[-77.01407313321293,39.05950922191948],[-77.01568884784562,39.058408714248046],[-77.01908152078123,39.05893408591967],[-77.01891497768396,39.05789525075158],[-77.02476636463044,39.05913882994178],[-77.02560955572314,39.060957735011826],[-77.02671521416306,39.060115833619314],[-77.02874992271984,39.06076841030508],[-77.03435874465058,39.05792188128495],[-77.0377609603212,39.05507151327727],[-77.03742736274211,39.052993894441954],[-77.04006219968892,39.0513754686806],[-77.03962879508501,39.05468510169475],[-77.038780634726,39.054553907832805],[-77.03894745404953,39.05559271573538],[-77.03486383326369,39.05935070874402],[-77.03868549297289,39.05825354074477],[-77.04003888987444,39.05981354187733],[-77.03935750588951,39.06072115899004],[-77.03834245106096,39.05955115372699],[-77.03545471807875,39.060455133308984],[-77.03299585328882,39.05973704900294],[-77.0302747557901,39.061679725005625],[-77.02798257808242,39.06200036182583],[-77.0277251412367,39.06297355010121],[-77.02925000771828,39.06388487773676],[-77.02856845085378,39.0647924363325],[-77.02975503734169,39.06531372748036],[-77.02856352159755,39.06648005353934],[-77.02983594436628,39.06667694720819],[-77.02957360977504,39.06933775825253],[-77.03304786551676,39.0712259705327],[-77.03287626515068,39.071874770828614],[-77.03389621008635,39.07135720392289],[-77.03473977142123,39.07317605101133],[-77.03686070313277,39.07350409487151],[-77.04009201549017,39.071302460584654],[-77.03941520223857,39.07052246049057],[-77.04120693565825,39.06708519146739],[-77.04205524662599,39.06721636905637],[-77.04238904177234,39.069293980719124],[-77.04043042756366,39.07169245929064],[-77.04382389930623,39.07221715655467],[-77.0468699572854,39.075727021828556],[-77.04814259152405,39.075923728354184],[-77.05265065153523,39.07223083970254],[-77.05376051281857,39.06970107635883],[-77.05401328627623,39.07041545235195],[-77.05537154588974,39.070287670014984],[-77.05111209820389,39.076382659590465],[-77.05187042510376,39.078525805072665],[-77.05433011206199,39.07924351824737],[-77.05363133177038,39.08690171149066],[-77.05405127494485,39.08865488383388],[-77.05532415504263,39.08885151728339],[-77.05303123078993,39.089172617808494],[-77.05378105708742,39.09469100991574],[-77.05649419746145,39.09612306176813],[-77.05725288916604,39.09826618228135],[-77.06115778781874,39.09853152503148],[-77.0682086250975,39.09691879325072],[-77.06633580256494,39.09899326618121],[-77.0672661784419,39.100487476744746],[-77.06836794862821,39.10133282810982],[-77.06930636702707,39.09945176462809],[-77.07193825453345,39.09952027813054],[-77.0714242857219,39.101466849733825],[-77.0729505081669,39.10237764743284],[-77.07277919059257,39.10302650653839],[-77.0708285707012,39.10205021780069],[-77.06997583128972,39.103606866107185],[-77.06844962031566,39.1026960316739],[-77.06734379758694,39.1035383110011],[-77.06624606233574,39.10100532032303],[-77.06327957892294,39.09885911951658],[-77.06208805128634,39.100025774216284],[-77.05928894034759,39.09891826338283],[-77.05742007298085,39.09930497366596],[-77.05902334388695,39.10326678219615],[-77.06106372802904,39.10223120481548],[-77.06572786198282,39.104639499429915],[-77.06597681182146,39.107041486998746],[-77.06478928390905,39.10652053776127],[-77.06453218240125,39.10749381026042],[-77.06274883240113,39.107556177140445],[-77.06232857006573,39.105803027916224],[-77.05800313000226,39.103784558404776],[-77.05733008544539,39.101317021481854],[-77.05571834848314,39.1007304498351],[-77.05530260574264,39.09728965081983],[-77.0529280388193,39.09624753908228],[-77.05293240417275,39.09455991171778],[-77.0517451738008,39.094038839123634],[-77.05251245386627,39.09280673365529],[-77.05090094457505,39.09222010049329],[-77.05192543516026,39.09001475781974],[-77.05074270207827,39.08780605090512],[-77.05184847780342,39.08696392176352],[-77.05228151837599,39.08365422686701],[-77.05143299705985,39.083523118701855],[-77.05152752293002,39.07982345919387],[-77.0492393169077,39.07845686697115],[-77.04958225349101,39.07715921948923],[-77.0461027618837,39.07695908856224],[-77.0455882606378,39.07890554507036],[-77.04363407335914,39.07961645594235],[-77.04508737167033,39.075789134986245],[-77.04220830379134,39.0733180327947],[-77.03966316558801,39.07292448536088],[-77.03821905060651,39.07337649995626],[-77.03728016432675,39.0752573195246],[-77.03397239731594,39.07440804227419],[-77.03278080015336,39.07557441069253],[-77.03117957067636,39.07161228430851],[-77.02812456353229,39.071477274006554],[-77.02650874668826,39.07257794597005],[-77.02607459842034,39.075887544205415],[-77.02734222077311,39.07777208430688],[-77.02460523027598,39.084777509253506],[-77.02460020761936,39.086465132457285],[-77.0273933519876,39.0892610459256],[-77.0278077271152,39.09270193292438],[-77.02950490188609,39.092964466502956],[-77.03205553712279,39.091670597772264],[-77.03527825299581,39.092844331789905],[-77.03689438767525,39.09174354167922],[-77.0364653457395,39.09336556154044],[-77.03807205348902,39.09564000860843],[-77.03772410544411,39.09862525634895],[-77.0387396962405,39.09979527506413],[-77.03797210879877,39.10102729713064],[-77.04442322941273,39.10168674984443],[-77.04492882024576,39.103115547887604],[-77.04671207650884,39.10305343668218],[-77.0480664803813,39.10461336325057],[-77.04772338711992,39.10591101323102],[-77.04687461406628,39.105779873394646],[-77.04365571837226,39.102918807447814],[-77.04068517415102,39.10245969574838],[-77.04042776409895,39.103432917609645],[-77.03770994816541,39.10368814230123],[-77.03744776832727,39.10634898827408],[-77.0343054536028,39.10653853439966],[-77.03377599337581,39.113547847962124],[-77.03615085104687,39.11459032899638],[-77.03895490433383,39.114010730993606],[-77.0438718978443,39.117134263413796],[-77.04395312754662,39.118497487191895],[-77.04870799181431,39.11889438219535],[-77.04896088677944,39.11960877509134],[-77.05660144292995,39.12078870005183],[-77.05779339930893,39.11962209325895],[-77.0604260068301,39.11969085077554],[-77.06145059567513,39.11748541798433],[-77.06043439173222,39.11631558085655],[-77.06162204855147,39.11683657268095],[-77.06230368072008,39.115928823985286],[-77.06137320914684,39.11443457183828],[-77.06366277682508,39.11580094992914],[-77.06264241996234,39.11631876546559],[-77.06229538272937,39.119304093773984],[-77.06399330364636,39.11956615777165],[-77.06467493179545,39.11865839559153],[-77.06645855273176,39.118596000945885],[-77.06535246483797,39.11943826515518],[-77.06577287906119,39.121191408806],[-77.06297289624509,39.120083976402434],[-77.05974431588844,39.120598589846665],[-77.05982584738078,39.121961804164094],[-77.06355234229423,39.12625119067517],[-77.06227048412923,39.12942991660805],[-77.06227878443406,39.12605464007316],[-77.05914412762316,39.122869540350926],[-77.0551564816971,39.12124091557756],[-77.05082590592559,39.12090982577591],[-77.05149011007208,39.126752681292885],[-77.05556374278375,39.12805700620391],[-77.05428583907933,39.12954801203563],[-77.05589820403655,39.13013460554982],[-77.05368540615476,39.13181894022429],[-77.05435860956733,39.134286511621134],[-77.05291336578446,39.13473870229697],[-77.05537065607152,39.13714404350178],[-77.05273304814763,39.138762820093184],[-77.05112933673378,39.134800902838826],[-77.05274616486116,39.13369989765723],[-77.05224459079172,39.13058348368875],[-77.05335100044921,39.1297413342288],[-77.05275927974584,39.128636980370516],[-77.04995920834439,39.127529253304324],[-77.0501352197919,39.12519278528955],[-77.04860880406747,39.12428170346427],[-77.04929512025205,39.12168638871314],[-77.0458180284525,39.11979861270216],[-77.04114894093115,39.1190771984237],[-77.03877856034731,39.11634717802488],[-77.03529722129649,39.11614674309264],[-77.03622242343599,39.11932882507414],[-77.0346056647661,39.120429612279004],[-77.03417159942848,39.123739268826625],[-77.03493470624063,39.12419490061501],[-77.03373749452845,39.12704892602528],[-77.0361127931431,39.128091410561176],[-77.03475341858226,39.12821898377678],[-77.03329852638969,39.13204622227367],[-77.03524466868542,39.13471074492099],[-77.03235875411754,39.13392702577939],[-77.03193907285552,39.132173764826284],[-77.03339403924585,39.12834654213605],[-77.03152914144462,39.12704522810138],[-77.03332264250285,39.123608036012236],[-77.03222094238656,39.122762370443155],[-77.03265509077191,39.11945272134267],[-77.03401430495096,39.11932517128628],[-77.0344435549628,39.117703151801365],[-77.030886056893,39.11445173046412],[-77.03021383468217,39.111984041756855],[-77.03200217378863,39.11023450987824],[-77.03158749997937,39.106793625394076],[-77.02937976275139,39.10678988931],[-77.02767235985395,39.109902614417784],[-77.02723307806703,39.11489987237568],[-77.02476240970091,39.1175568839271],[-77.02238254212986,39.118201818098136],[-77.0235699567566,39.11872317354029],[-77.02314045788839,39.12034515580107],[-77.0214426663259,39.120082533935324],[-77.02058865684987,39.12163884870744],[-77.0236457599122,39.121774045538245]],[[-77.02598478038963,39.10626479418633],[-77.02649502064087,39.10600603839515],[-77.02607065234714,39.10594039673469],[-77.02598478038963,39.10626479418633]],[[-77.03219467864197,39.072782350621694],[-77.033214641168,39.07226478922516],[-77.03279046381871,39.072199170916306],[-77.03219467864197,39.072782350621694]],[[-77.02229663920414,39.11852621377415],[-77.02178629604359,39.11878495296269],[-77.0222107355111,39.118850609411425],[-77.02229663920414,39.11852621377415]],[[-77.05914835014066,39.121181904100524],[-77.05796064001179,39.12066088820345],[-77.05787489308824,39.120985308593276],[-77.05914835014066,39.121181904100524]]],[[[-76.9538792075852,39.10994890129223],[-76.95202291757094,39.10695877313197],[-76.9542506307402,39.10190100528051],[-76.95008732679587,39.10260533842893],[-76.95272590761562,39.1009887510765],[-76.95544392006623,39.10073538455226],[-76.95537100278963,39.0976844841723],[-76.95725354630491,39.09392406201495],[-76.96099854911057,39.09146600404327],[-76.96134312282729,39.09016859749686],[-76.9596462600828,39.08990513343779],[-76.95753177965636,39.08788814975547],[-76.9593147361868,39.08782729243386],[-76.96151540507128,39.08951989398363],[-76.96305290296308,39.0870567957161],[-76.96432550824461,39.087254360945124],[-76.96653901938303,39.08557163147883],[-76.9682358059186,39.08583500122423],[-76.97095946592117,39.083893675825976],[-76.97079355357565,39.08285477159026],[-76.97486945316886,39.0824741082818],[-76.97597602666539,39.081632655269175],[-76.97649241159428,39.07968648650629],[-76.97421800601171,39.074943276904186],[-76.9749987458812,39.0703364212458],[-76.97084372109654,39.06935382914275],[-76.97049941565541,39.070651257051274],[-76.96888906016402,39.070063563219136],[-76.96693436105728,39.070773266638156],[-76.96821302276875,39.06928317569851],[-76.97050569339147,39.06896364119579],[-76.97033982161236,39.067924739186566],[-76.9726262117972,39.06929278107008],[-76.97619118421234,39.06917060821694],[-76.97578554150616,39.064041949894836],[-76.97773997316571,39.06333210810453],[-76.97936239412674,39.06054445851671],[-76.976996243076,39.05781329067897],[-76.97776440747062,39.056581655143006],[-76.9768364335493,39.05508678741171],[-76.97922678650043,39.05106751030472],[-76.98007479855013,39.051199110644646],[-76.97964472823895,39.05282092215626],[-76.98287086447394,39.05230839516152],[-76.98252685441244,39.05360585244846],[-76.97955871187405,39.053145284335194],[-76.97912861853571,39.05476709461349],[-76.9797985774126,39.05723503299695],[-76.9835230052135,39.05983915048214],[-76.98360303910454,39.06120239882009],[-76.9872476998688,39.06244315751511],[-76.98842809059647,39.064652457918214],[-76.99080070006553,39.065695795494825],[-76.99648599289618,39.06590183378305],[-76.99656627659435,39.06726507523464],[-76.99274926873221,39.06667333304004],[-76.99121900512385,39.067449172942915],[-76.99434257002507,39.07232356828465],[-76.99637732956668,39.072976676525855],[-76.99916886965616,39.07577321718955],[-76.99729462181911,39.07784664123081],[-76.99713400673194,39.07512015432548],[-76.9941706215588,39.072972315205256],[-76.99238805875348,39.07303367237288],[-76.99307014464509,39.072126310957],[-76.99104123960491,39.06978553155937],[-76.99104704030921,39.068097914969215],[-76.98665162933517,39.06302611777297],[-76.98334501094236,39.06217549489664],[-76.98148872892365,39.05918583330781],[-76.97945448920048,39.05853248290128],[-76.97953444535197,39.05989573354257],[-76.98139668932768,39.06119781066407],[-76.98088056705332,39.063143993283624],[-76.97943628112327,39.06359532386608],[-76.97883405468195,39.065865861583895],[-76.97756178445594,39.065668445685816],[-76.97848381619936,39.06885092651768],[-76.97576092089865,39.07079241146645],[-76.97668907323032,39.072287291426676],[-76.97633257287093,39.07695997186231],[-76.97861936012184,39.07832790571561],[-76.97732851248172,39.083193345785666],[-76.98250489974026,39.08365857734461],[-76.98343335514312,39.08515341045134],[-76.9880136713824,39.0862013571581],[-76.98885625645458,39.08802052047543],[-76.99055318101429,39.0882835856507],[-76.99029514976262,39.089256700964825],[-76.99224434346615,39.090234250653936],[-76.9922385688037,39.09192187416986],[-76.99656147471963,39.093942626862045],[-76.99816694591917,39.09621758978229],[-77.00071267509315,39.09661198878584],[-77.00206042394079,39.09986004090953],[-76.99918186594861,39.097387931043606],[-76.9966361178973,39.0969935006312],[-76.99401586160975,39.093548143042554],[-76.99147027614347,39.09315360711935],[-76.99046135555531,39.09029558038135],[-76.9873313902315,39.08710869316398],[-76.98317523966047,39.08612651041457],[-76.98267098135501,39.084697466092585],[-76.97630799870325,39.08371044940908],[-76.97486327560938,39.084161728524],[-76.97426073582841,39.08643225258707],[-76.97569319064006,39.089356223579564],[-76.97789428732521,39.091048535589934],[-76.97906877756218,39.09494556026709],[-76.98093191156522,39.09624765272643],[-76.98075978673377,39.096896383960406],[-76.97906269648394,39.09663318465064],[-76.97324015473153,39.086949331330224],[-76.97308042205962,39.084222808851074],[-76.97223203729868,39.08409115998204],[-76.96491554767188,39.08835912629084],[-76.96243703663504,39.092702507783706],[-76.96885514050861,39.101804001388494],[-76.97038008325444,39.102716057890525],[-76.9747953035124,39.10272558631913],[-76.97623424879869,39.103961933011675],[-76.98293726433825,39.105339114851134],[-76.9837739716085,39.10884594771181],[-76.9820765912719,39.108582788951054],[-76.98139402575066,39.109490096211786],[-76.98038527470587,39.10663197881984],[-76.97716283465653,39.10545681868089],[-76.97688616523077,39.1114927949206],[-76.97297465537955,39.11291243369474],[-76.97400180326667,39.110707725352995],[-76.97281487558213,39.11018589743976],[-76.97545322588732,39.10856882538265],[-76.97435861915916,39.106035022031016],[-76.97521343548338,39.10447902967051],[-76.97283978328805,39.10343538695284],[-76.96876269702989,39.10381598517711],[-76.96538109170913,39.09991398400701],[-76.96402212055348,39.10004078331167],[-76.96344488822704,39.095560763171115],[-76.96140979237327,39.09490711297985],[-76.9616682305464,39.09393405664578],[-76.96048166546244,39.09341211266387],[-76.95886433651084,39.09451190922086],[-76.95722719363512,39.10067455703194],[-76.95569583460605,39.10144996428099],[-76.9542373140511,39.10527625650949],[-76.9556759599533,39.10651284173726],[-76.95448257944687,39.10767846598253],[-76.9568429096412,39.11209771597684],[-76.9538792075852,39.10994890129223]]],[[[-76.9788609929461,39.129022518294164],[-76.97715090216687,39.13213456273336],[-76.97672642584632,39.132068752307006],[-76.97775984505412,39.128176369440865],[-76.9788609929461,39.129022518294164]]],[[[-76.96271913896513,39.12989619596395],[-76.9659615953938,39.12600883273479],[-76.96527226056614,39.12860368876088],[-76.96262648972343,39.131908186240196],[-76.96271913896513,39.12989619596395]]],[[[-76.97093104117478,39.1372490786077],[-76.97443179030006,39.132388405410985],[-76.97519461302784,39.132844404504404],[-76.97630195029515,39.13200294043266],[-76.9764680537346,39.13304184715539],[-76.97867658601673,39.13304652287906],[-76.98241687497797,39.132275437064315],[-76.98335791917717,39.13039501182358],[-76.9845452529128,39.130916741154074],[-76.9826691643383,39.1329899665117],[-76.98470551875371,39.13364327345889],[-76.98410884337481,39.13422622939326],[-76.98130960441337,39.13311695562768],[-76.97841823655868,39.13401962196976],[-76.97502235019867,39.13349313242115],[-76.97271519844823,39.13718802847759],[-76.97093104117478,39.1372490786077]]],[[[-76.91621295045036,38.816667336270044],[-76.9256178821612,38.812732334064364],[-76.92715075772695,38.81026977740684],[-76.91879319267538,38.80693808502221],[-76.9165085316568,38.807256653796756],[-76.91617952115273,38.80517878139118],[-76.91845665951102,38.80654776978087],[-76.92791715669547,38.80903849218739],[-76.93190633515329,38.805608464164514],[-76.93495002770813,38.80574583499893],[-76.9360458115284,38.80659232236717],[-76.93545848854292,38.80548746419499],[-76.93741340538867,38.80309073031071],[-76.935214865659,38.80308532217367],[-76.92390029336967,38.79929229437973],[-76.92026244130878,38.79973727261472],[-76.92178784341351,38.798962335366774],[-76.92221770329138,38.797340780020996],[-76.93344596079456,38.8014582800354],[-76.9381795557015,38.801859382439964],[-76.93834436445817,38.80289828910697],[-76.93961194544315,38.80309609940713],[-76.94241169531354,38.800831153453075],[-76.9435074918896,38.80167757437837],[-76.94808975466049,38.79766429529895],[-76.95146981381407,38.79819149426864],[-76.95325234854776,38.79644317478895],[-76.95578737387589,38.79683847690553],[-76.95747085029755,38.7987895347952],[-76.95779445953504,38.8025548485983],[-76.95905556769522,38.80444001272798],[-76.96226441805821,38.80561559120089],[-76.96209281301624,38.806264269567066],[-76.95955742593901,38.80586909620663],[-76.95903600716841,38.80950267331383],[-76.95759005436156,38.811641288216656],[-76.95581384769488,38.81170211844702],[-76.95453944837668,38.81319202804516],[-76.9550412783527,38.81462113106181],[-76.95352255088793,38.81370892467297],[-76.95378009791276,38.81273592415647],[-76.95649394468047,38.81079499111953],[-76.95854066610076,38.806386033669476],[-76.95484992181794,38.798718600979704],[-76.95358237559233,38.798520946774744],[-76.94951549010935,38.800588448944836],[-76.94806943489014,38.802726950798146],[-76.94637930641655,38.80246331631104],[-76.94696677046049,38.80356812234735],[-76.9412092389027,38.80537170305153],[-76.93764307029272,38.808867972793195],[-76.93584574322712,38.81399117588481],[-76.93372570688742,38.81534897361711],[-76.93321005241786,38.81729489125183],[-76.93482162078148,38.8161954726259],[-76.93583162736671,38.81736628331265],[-76.94479244612448,38.81842653745374],[-76.94631116262966,38.819338851346124],[-76.94250753885588,38.818745586319935],[-76.93793766434953,38.819383557604226],[-76.93396932168878,38.817751121483035],[-76.9307532179431,38.81826236203848],[-76.93127610836773,38.81462890102831],[-76.93460632815263,38.80704311578143],[-76.93189918705626,38.807296016108815],[-76.93028777127233,38.80839539572847],[-76.92900569289847,38.81157259455582],[-76.92765203093096,38.81169899094643],[-76.92569656259066,38.81409557271579],[-76.92061084622163,38.81667878835701],[-76.91621295045036,38.816667336270044]]],[[[-76.92640481883535,38.826364726794175],[-76.92965011891759,38.819103380645636],[-76.93379743642828,38.818399761386274],[-76.93048097969347,38.82261042378122],[-76.93012993031975,38.825595249298665],[-76.92792347059493,38.82727726692005],[-76.92640481883535,38.826364726794175]]],[[[-76.96212899486227,38.84105427757334],[-76.963060373418,38.84086164978007],[-76.96584811384874,38.84197128423919],[-76.96601340755254,38.843010158310356],[-76.96313978431624,38.84222486853328],[-76.96212899486227,38.84105427757334]]],[[[-76.99213020740117,38.850789248091885],[-76.9891819148223,38.84695379817368],[-76.99129605990304,38.847282608763486],[-76.99213020740117,38.850789248091885]]],[[[-76.91389294993515,38.84366243088105],[-76.91492563543899,38.83977074406102],[-76.91357900103664,38.83820943037989],[-76.91510527906378,38.837434572450825],[-76.9149482668195,38.83470807526608],[-76.91757044992661,38.834779854055064],[-76.91577107365364,38.83990277937289],[-76.91651545406565,38.84373423207722],[-76.91143497059649,38.8446295210768],[-76.91389294993515,38.84366243088105]]],[[[-76.97828120373767,38.86653301962077],[-76.97684079785262,38.86698430691575],[-76.97676110371233,38.86562109315989],[-76.97811568182293,38.865494159173934],[-76.97828120373767,38.86653301962077]]],[[[-76.96030155026565,38.87622965360533],[-76.958702107567,38.873954278873335],[-76.96115397114228,38.874673813548135],[-76.96165635422197,38.8761028993901],[-76.96030155026565,38.87622965360533]]],[[[-76.96317648385683,38.87701501226165],[-76.96174224129715,38.875778558075474],[-76.9618281276078,38.87545421671395],[-76.96428007251305,38.876173689669706],[-76.96317648385683,38.87701501226165]]],[[[-76.92767405389701,38.94443398599305],[-76.92514867847227,38.940662943588926],[-76.91947336839158,38.940453645652944],[-76.91717701814814,38.9424598101921],[-76.91404904146953,38.94095873316813],[-76.91955951927966,38.940129330898735],[-76.92261618849538,38.93857942937388],[-76.92549317729288,38.939365668498816],[-76.92835574135066,38.94352699880838],[-76.93055852154261,38.943532528800766],[-76.93217292420142,38.9424331279074],[-76.93293349199324,38.94288937139103],[-76.93072354225498,38.94457146307348],[-76.92767405389701,38.94443398599305]]],[[[-76.96906627581096,38.95459226035904],[-76.96863653099764,38.95621400872008],[-76.96821308819327,38.9561481712333],[-76.96762407034893,38.955043445710245],[-76.96906627581096,38.95459226035904]]],[[[-76.98427395951106,39.015378424898415],[-76.98665080051428,39.01473423210381],[-76.98665669869207,39.01304663167002],[-76.98809993612363,39.012595221056664],[-76.98613514853301,39.01668042109379],[-76.98427395951106,39.015378424898415]]],[[[-76.98315653097497,39.0195951448446],[-76.9848637188457,39.01648308162527],[-76.98571133787067,39.016614642716796],[-76.98553351967638,39.01895097299337],[-76.9841760964467,39.01907799078832],[-76.9839182253971,39.020051081028214],[-76.9851837820909,39.02193603265197],[-76.98357438659697,39.02134853409129],[-76.98238285069877,39.02251440832339],[-76.98153516893602,39.02238282438245],[-76.98154118643562,39.02069522207495],[-76.98052157955712,39.02121235463407],[-76.97806458428076,39.02049318812958],[-76.98315653097497,39.0195951448446]]],[[[-76.97142423337132,39.027229421087185],[-76.96887478011675,39.028522030588114],[-76.9656368262472,39.03240940023399],[-76.96436517720873,39.03221185035953],[-76.96666305952907,39.03020478468741],[-76.96658337730973,39.02884153276175],[-76.96734506466122,39.029297571300525],[-76.96955674187662,39.027614805311856],[-76.96947700825172,39.02625155583487],[-76.97108639834943,39.026839237576176],[-76.9727880520261,39.02541493932092],[-76.9729538618217,39.02645383039916],[-76.9777023193811,39.026853433776324],[-76.97795419669566,39.02756795893638],[-76.97778220785663,39.02821667810432],[-76.97142423337132,39.027229421087185]]],[[[-76.97619731529947,39.04418078530674],[-76.97848915927042,39.0438611049113],[-76.98019106630326,39.04243670111154],[-76.9820528748612,39.04373876441685],[-76.97695922364659,39.04463676606833],[-76.97441544324732,39.044241884340735],[-76.97552144012376,39.04340044111527],[-76.97619731529947,39.04418078530674]]],[[[-76.89479872619195,39.06968457776432],[-76.89421795316622,39.066891872814104],[-76.89718611513925,39.067354480840464],[-76.89855253951436,39.065540802296425],[-76.90016222566744,39.06612940702454],[-76.8993926456453,39.06736056442362],[-76.90006792606822,39.068141325892796],[-76.89752374165766,39.06774486801536],[-76.89735093993505,39.068393480089725],[-76.90038185445997,39.073594542006546],[-76.89716217399462,39.07241731585919],[-76.8964948814043,39.0699489260902],[-76.89479872619195,39.06968457776432]],[[-76.89699734277197,39.07137831560409],[-76.8975942006469,39.070795784842645],[-76.89717015474675,39.0707297036719],[-76.89699734277197,39.07137831560409]]],[[[-76.93343272304853,39.085494147973336],[-76.932764078389,39.08302594724411],[-76.93141973929256,39.07977715491145],[-76.93369863610705,39.082833533412185],[-76.93343272304853,39.085494147973336]]],[[[-76.93452559315182,39.08802830158028],[-76.93308767318112,39.086791475957334],[-76.93343272304853,39.085494147973336],[-76.93520854220242,39.08712125543731],[-76.93452559315182,39.08802830158028]]],[[[-76.93494977394117,39.08809425547776],[-76.93680487939524,39.091084627804584],[-76.93510808429345,39.09082082871051],[-76.93442509921546,39.09172787492851],[-76.93494977394117,39.08809425547776]]],[[[-76.89351625467022,39.08941336998116],[-76.89522892121859,39.086302502458395],[-76.8970118906493,39.08624253891504],[-76.89657176281602,39.0895516899757],[-76.90318553455755,39.091257474350584],[-76.90445023662873,39.093143271791554],[-76.90216438017198,39.09177396978084],[-76.89503999123859,39.090326348240566],[-76.89350818700002,39.09110098774001],[-76.89162241786075,39.094860441613996],[-76.89077405679947,39.09472823647967],[-76.89198445343443,39.0901879905696],[-76.89351625467022,39.08941336998116]]],[[[-76.93303762795593,39.09860482264536],[-76.92897509443353,39.09560887077089],[-76.93287222428788,39.09756586500544],[-76.93303762795593,39.09860482264536]]],[[[-76.92768061524605,39.100473810222304],[-76.92582564561096,39.09748329643678],[-76.92727822210894,39.095344964565086],[-76.92692572331005,39.0983298999753],[-76.92911871396987,39.101710701586214],[-76.92875900943146,39.10638327065003],[-76.92714819969608,39.105795032013226],[-76.92768061524605,39.100473810222304]]],[[[-76.87168754589801,39.10830399524501],[-76.86719410019359,39.10692747062849],[-76.86540187599331,39.10867462813698],[-76.8670296192907,39.10588842397526],[-76.87262259040439,39.10811203981275],[-76.87457921466708,39.107403815381716],[-76.87603349775235,39.10526607861748],[-76.88257002803073,39.10560963673154],[-76.8851237211951,39.10431878159535],[-76.88682064983222,39.104583263685264],[-76.88810154939392,39.103093988285174],[-76.8910711515196,39.103556745509316],[-76.89133056250394,39.10258383408716],[-76.8937975370173,39.101617105294814],[-76.8916602091765,39.10466186169446],[-76.88936606595381,39.1049799434143],[-76.8894443825928,39.10634326311437],[-76.88588568827035,39.10477532576965],[-76.88231048891565,39.10658253043292],[-76.8767088794539,39.106046972517134],[-76.87483035679102,39.10811855963625],[-76.87253603075088,39.10843633098536],[-76.87312484598795,39.109541536013275],[-76.87414645656445,39.10902527743448],[-76.87838897625724,39.10968681444486],[-76.87864016375958,39.110401551317835],[-76.87719430383042,39.11085169712454],[-76.87371367914216,39.11064673848852],[-76.87168754589801,39.10830399524501]]],[[[-76.88388778032184,39.11392184463908],[-76.8785536282423,39.11072584682292],[-76.87983480559755,39.109236654846455],[-76.88425040839527,39.10924939913645],[-76.88161000433918,39.11086453519813],[-76.8860174623175,39.11256484061121],[-76.88763629567914,39.111465988424364],[-76.8917142349558,39.111088050402614],[-76.89402467688637,39.107394677309514],[-76.89784301824875,39.1079894564321],[-76.89946157075981,39.10689045125369],[-76.90234497474346,39.10767724930801],[-76.8980079446405,39.10902846268356],[-76.89410308355865,39.10875799470658],[-76.89256278879287,39.111220249532984],[-76.89366268678967,39.11206714961881],[-76.89154127825076,39.11173665965302],[-76.89136831845698,39.11238526874441],[-76.88873613995798,39.11231293213255],[-76.8885631537444,39.112961537393936],[-76.88406081056961,39.11327324576245],[-76.88388778032184,39.11392184463908]]],[[[-76.94168402506241,39.12257749577496],[-76.93889289997475,39.119779639461534],[-76.94228094520236,39.12199474479144],[-76.94237414539086,39.119982773677044],[-76.94486854149515,39.11226451267335],[-76.94554472809155,39.1130450334653],[-76.94364036505957,39.12186818262682],[-76.94098688704358,39.1268598476377],[-76.9403106208084,39.126079299939875],[-76.94168402506241,39.12257749577496]]],[[[-76.9144383431639,39.118679292191906],[-76.91616589195891,39.112192865470185],[-76.9165901971806,39.112258882328476],[-76.91726607983777,39.11303955688025],[-76.91503544983934,39.118096672469385],[-76.91851654777699,39.11830047455108],[-76.91834381324816,39.11894912197336],[-76.9144383431639,39.118679292191906]]],[[[-76.92166708784085,39.11642622655658],[-76.92276740396652,39.11727286998393],[-76.92208401605096,39.11817985298114],[-76.91851654777699,39.11830047455108],[-76.92132168088345,39.11772352952017],[-76.92166708784085,39.11642622655658]]],[[[-76.87335036630463,39.11531915449669],[-76.87445010234003,39.11616622520693],[-76.87563642044456,39.11668899251912],[-76.87393924972774,39.11642435714478],[-76.87335036630463,39.11531915449669]]],[[[-76.95769225065571,39.13384433783469],[-76.94980672921638,39.13025610278663],[-76.94818841805775,39.131355768299855],[-76.94861965593044,39.12973404189739],[-76.94734634899629,39.12953631423255],[-76.94538983862707,39.130245686764354],[-76.94376455639893,39.133032929296284],[-76.93824674975562,39.132175799333204],[-76.93977894299543,39.13140060238703],[-76.94098688704358,39.1268598476377],[-76.94096597996382,39.13192274783662],[-76.94223931136672,39.1321205409232],[-76.94539670501442,39.12855805311602],[-76.94845395844627,39.12869509871224],[-76.94880571980269,39.12571008474159],[-76.94999272865425,39.1262321434368],[-76.95340145404015,39.123384050391714],[-76.95450224545169,39.12423041409863],[-76.94939583556821,39.12681493192719],[-76.94921657923761,39.12915125679376],[-76.95252584723868,39.13000279863017],[-76.95667748986861,39.13267364960869],[-76.9576988314841,39.13215670230563],[-76.95795087721277,39.132871281855664],[-76.96177108082843,39.133464100412915],[-76.96305095232314,39.13197404478935],[-76.96432434474144,39.132171611749584],[-76.96210936184171,39.13385431691874],[-76.95939013304147,39.13410783080973],[-76.9598942762899,39.135536983206066],[-76.95692292852254,39.1350758672085],[-76.95769225065571,39.13384433783469]]],[[[-76.91219206838988,39.12711162339178],[-76.91193284927273,39.12808458297897],[-76.90794822312715,39.12645123765112],[-76.90692660776561,39.12696777571776],[-76.90370445505093,39.12579070716998],[-76.90344512694111,39.126763648805365],[-76.89580644087832,39.12557431304355],[-76.8964902265064,39.12466747318378],[-76.89861203526655,39.124997879540736],[-76.89895788245535,39.12370063784266],[-76.89954722349893,39.1248057209881],[-76.90124468331844,39.1250700072462],[-76.90074176690418,39.12364062036799],[-76.90217986551355,39.1248778288921],[-76.90447458112412,39.12455950947141],[-76.90465526534402,39.122223251485075],[-76.90703630827655,39.121580570589295],[-76.9074684069136,39.11995899018179],[-76.90874143727856,39.12015712576065],[-76.91002216198603,39.11866762004049],[-76.91120877688708,39.119190048173664],[-76.9118923101033,39.118283124774244],[-76.91367605079138,39.11822292181191],[-76.91392761503619,39.11893758853014],[-76.9097629439376,39.1196405734804],[-76.90941730906988,39.12093784418236],[-76.90754707949567,39.12132230242326],[-76.90779859416699,39.122036981975555],[-76.90575547096822,39.12307004640806],[-76.90846674951709,39.12450533536903],[-76.90829391047443,39.125153969619866],[-76.91058860800597,39.124835537357356],[-76.91084016477407,39.125550211253476],[-76.91262408481758,39.125490023297296],[-76.91245128056156,39.12613866345253],[-76.91576753457507,39.12530355222541],[-76.91618437129492,39.127057201497806],[-76.9178819442535,39.127321260764454],[-76.91702563085485,39.128876865572714],[-76.91490362502502,39.12854677315634],[-76.91491119967736,39.126859141849415],[-76.91219206838988,39.12711162339178]]],[[[-76.87663272551126,39.121235590102316],[-76.87628649131834,39.12253276904108],[-76.87501350792895,39.12233430110744],[-76.87553288726414,39.12038853785504],[-76.87393072419086,39.118111982323384],[-76.87784444779896,39.116695458830804],[-76.87785288223917,39.115007833852566],[-76.87870145663159,39.115140127687226],[-76.87877958405656,39.11650345677939],[-76.88183620369769,39.11664213975281],[-76.88013063000862,39.11806521459102],[-76.87800910788219,39.11773449334696],[-76.87766291496004,39.1190316752251],[-76.87968954020299,39.121374325978785],[-76.88258163015117,39.1204739577005],[-76.8833437507303,39.12093051888787],[-76.88181117629973,39.12170501878641],[-76.88180283305836,39.1233926462506],[-76.87840814576029,39.12286351998786],[-76.87663272551126,39.121235590102316]]],[[[-76.90405994745376,38.81105290653985],[-76.90269842769023,38.81286658131325],[-76.90083606220072,38.813250921002876],[-76.89669668319084,38.81226588505595],[-76.89999884690145,38.81143123315034],[-76.9004292646607,38.809809751539554],[-76.89865305525538,38.8098697617962],[-76.89848879609882,38.80883080167819],[-76.89722122710054,38.808632570258695],[-76.89552315585395,38.810055791697486],[-76.89409137713723,38.80881856394459],[-76.89255741599543,38.811280710832456],[-76.8936527908632,38.8121275737638],[-76.8903505230147,38.81296205648587],[-76.89058459619902,38.81705183989229],[-76.88710976948471,38.81853481622819],[-76.88626463090512,38.81840258560194],[-76.8860225851858,38.816000344032574],[-76.88315088848236,38.815213201187014],[-76.88077963696757,38.815855395519755],[-76.88180538777415,38.81365154615412],[-76.880960315398,38.813519279392395],[-76.88070179420752,38.81449212824],[-76.87715752763773,38.81292400761665],[-76.87485556008805,38.81661690780867],[-76.87457151915403,38.822652396107046],[-76.87093220131659,38.82309592580269],[-76.8705181900932,38.82134220526918],[-76.87008703922457,38.82296358470927],[-76.86695650513347,38.82314889275637],[-76.86806901492317,38.82062088202984],[-76.86758612335947,38.815816326882896],[-76.86556837714522,38.8134735851509],[-76.8664220849416,38.81191840814077],[-76.86490452275609,38.811005115502],[-76.86609448031435,38.809840401978754],[-76.8640682297138,38.809185185244424],[-76.8650856976167,38.80866902369796],[-76.86382694559627,38.80678290256181],[-76.86286075872195,38.81372497610481],[-76.86151571993616,38.81216310087255],[-76.86048937699609,38.814366781785345],[-76.85947179707878,38.81488290585325],[-76.85744546589052,38.81422758041432],[-76.85608272782872,38.816040742983795],[-76.85380646436522,38.81467060645071],[-76.855332884532,38.813896487074125],[-76.85509187254064,38.81149418625976],[-76.85798969634168,38.80721933634976],[-76.85341980665217,38.8078541877212],[-76.85376495381502,38.80655713267435],[-76.85224766166023,38.80564368540314],[-76.85336041421303,38.80311581125692],[-76.855722582828,38.80416168930552],[-76.85674003971167,38.80364559659375],[-76.85666265925073,38.80228231588569],[-76.85404170481705,38.80220924794029],[-76.85379181954444,38.80149449327707],[-76.85413693000251,38.800197437992885],[-76.85549050552304,38.80007184546229],[-76.85516326548564,38.79799381278567],[-76.85998245162709,38.798073640070456],[-76.85846525806897,38.79716026974059],[-76.85881026493206,38.79586320196636],[-76.85981876978303,38.79703462992428],[-76.86117227683467,38.79690897531147],[-76.8620346476982,38.793666285589374],[-76.85966391071415,38.7943080742075],[-76.85984521191624,38.791971993825165],[-76.8604488800086,38.78970211906659],[-76.86274198183517,38.78769704066219],[-76.86071637629799,38.787041770452774],[-76.85794119195627,38.78424223310726],[-76.85489854244327,38.784102969513334],[-76.85337274095741,38.784877081337406],[-76.85397655170055,38.7826072396242],[-76.86048407353509,38.78295194253374],[-76.86081139764838,38.78502995823522],[-76.86401780978429,38.786208080154836],[-76.86518999912714,38.78841846695866],[-76.8662071694928,38.78790229721611],[-76.86823284823055,38.78855747762311],[-76.86755186144799,38.78946411785314],[-76.8688190167466,38.78966265263635],[-76.86914660836976,38.79174064756691],[-76.87430162384902,38.792210366060615],[-76.87446550112865,38.793249356574094],[-76.87640523283116,38.794228681429466],[-76.87376756470559,38.79753112459319],[-76.87680238837851,38.79935747170592],[-76.87695789875828,38.80208400724861],[-76.87415606912644,38.80434747275738],[-76.87769985443936,38.80591567797024],[-76.87735513593697,38.807212799615584],[-76.87955379539186,38.807219235196925],[-76.87769145219951,38.8076032265612],[-76.87734672557222,38.80890034839764],[-76.87936472357335,38.811242897118795],[-76.87817495505564,38.81240773832421],[-76.88011524608694,38.81338700686516],[-76.88003741837952,38.81202373950447],[-76.8847878821907,38.80905178480768],[-76.88952170176236,38.80945474783434],[-76.89155627036308,38.80842199809885],[-76.89334853090492,38.80498699042295],[-76.8925115972391,38.803167253429145],[-76.8949604280043,38.80388809199385],[-76.8962199350349,38.80577389598151],[-76.90011646795057,38.804356736022584],[-76.90071898535547,38.8020866624196],[-76.89886479667109,38.800783422788236],[-76.89869263925709,38.80143201283505],[-76.89742519826994,38.80123378364569],[-76.89682258540638,38.803503841030846],[-76.8922613317617,38.80245257640358],[-76.8889594859882,38.8032870212307],[-76.88521862404345,38.80743035647255],[-76.88114930509694,38.809495614128664],[-76.88166629322674,38.80754991508359],[-76.8825112977237,38.8076821769493],[-76.88218325377598,38.80560421425117],[-76.88320054352414,38.80508790403774],[-76.88142443495643,38.80514766711982],[-76.88143275055272,38.80346011868052],[-76.87898406786248,38.802739012590955],[-76.88061279999401,38.79826520606948],[-76.88669938988929,38.79854239458948],[-76.88686345797015,38.79958136930263],[-76.88982069702087,38.800044136114686],[-76.89295018140679,38.79985825054482],[-76.89346678648775,38.79791250405834],[-76.89574327173365,38.79928190918038],[-76.8969325456337,38.798116900679325],[-76.89811385276181,38.798639429362865],[-76.89810592360774,38.80032697811333],[-76.8991230270521,38.79981053734483],[-76.90072685425142,38.800399113217935],[-76.90082865572685,38.796699719342726],[-76.90269842139357,38.79462783198614],[-76.90364496512089,38.79106055592695],[-76.89764500665456,38.79045990685114],[-76.89721464117191,38.79208137577173],[-76.89594736664516,38.791883131627934],[-76.89467209118023,38.79337242193564],[-76.89399941172354,38.79259166046874],[-76.89298237265321,38.79310805879151],[-76.89220748635113,38.796026673488086],[-76.89078413730114,38.79310186167983],[-76.88748269783643,38.79393626637497],[-76.8871382098814,38.79523341376104],[-76.88629334118835,38.795101183631175],[-76.88706027030585,38.79387015321416],[-76.88300003817888,38.79424792165664],[-76.88149094895525,38.79164728722126],[-76.8849481441378,38.79353956579426],[-76.88512040511706,38.79289099535169],[-76.88867201650231,38.79277133781959],[-76.88825775094742,38.79101768182742],[-76.89003350992556,38.790957820803484],[-76.88893849490563,38.7901109275789],[-76.8924819063908,38.79167870755122],[-76.89223168061329,38.790964031243725],[-76.89409352251657,38.79057982179561],[-76.89317064647058,38.78908438310274],[-76.8933428238373,38.788435801489115],[-76.89494635436006,38.789024451614154],[-76.89495435536479,38.78733690485503],[-76.89579116836326,38.78915662261464],[-76.89892017052524,38.78897058632135],[-76.89917835835847,38.78799770184187],[-76.89976499110267,38.789102730200405],[-76.90804901365253,38.78938490645546],[-76.90668799742089,38.79119862131825],[-76.90491224627101,38.79125872125256],[-76.90515483189279,38.79366092007542],[-76.9025967176276,38.79832722667075],[-76.9047873368607,38.80002076314752],[-76.90267495230795,38.79969047799305],[-76.90207251556399,38.80196056059054],[-76.90308961370219,38.801444087154216],[-76.90367641383203,38.80254909837508],[-76.90172824916102,38.80325774955255],[-76.9017125567239,38.806632849290516],[-76.90061717079973,38.80578605811913],[-76.90002250550337,38.80636858190927],[-76.9020490006768,38.807023210040114],[-76.9030661695747,38.80650673654308],[-76.90441199364282,38.808068159413075],[-76.90610210014408,38.80833236692191],[-76.9053275770974,38.81125106799585],[-76.90405994745376,38.81105290653985]],[[-76.89078413730114,38.79310186167983],[-76.89129266637252,38.79284367259009],[-76.89087024171594,38.792777572437025],[-76.89078413730114,38.79310186167983]],[[-76.88994740393923,38.79128210940929],[-76.89028371414868,38.79167250155377],[-76.8903698191009,38.79134821270222],[-76.88994740393923,38.79128210940929]],[[-76.90533534035549,38.80956351699532],[-76.9049988670972,38.809173165078576],[-76.90491280614476,38.80949746465572],[-76.90533534035549,38.80956351699532]],[[-76.9049988670972,38.809173165078576],[-76.90466239744035,38.808782812262464],[-76.90457633545248,38.809107111593285],[-76.9049988670972,38.809173165078576]],[[-76.86253324744432,38.81164696014891],[-76.86194699749572,38.81054175304706],[-76.86168823326088,38.81151456189129],[-76.86253324744432,38.81164696014891]],[[-76.86661187247051,38.807894765750824],[-76.8661031511193,38.80815285381684],[-76.8665256423613,38.80821903857977],[-76.86661187247051,38.807894765750824]],[[-76.86644807415597,38.80685576338807],[-76.8656031083721,38.80672339190938],[-76.8659480335412,38.80542630305498],[-76.86392190687211,38.80477108420844],[-76.86393062733562,38.80308353703493],[-76.86307696982131,38.80463869551727],[-76.8612233889324,38.80333489192485],[-76.86576689435327,38.80776239537647],[-76.86644807415597,38.80685576338807]],[[-76.89697089672617,38.80791790237345],[-76.89747950719158,38.80765968750281],[-76.89705699112481,38.80759360836785],[-76.89697089672617,38.80791790237345]],[[-76.90432593138485,38.80839245854707],[-76.90381734004812,38.80865070155912],[-76.90423986836159,38.80871675763154],[-76.90432593138485,38.80839245854707]],[[-76.90390340487204,38.80832640277042],[-76.9035669449838,38.807936047010024],[-76.90348087912453,38.8082603455524],[-76.90390340487204,38.80832640277042]],[[-76.88404552228191,38.80522015540101],[-76.88497664918086,38.80502811547752],[-76.88413167095948,38.804895870471285],[-76.88404552228191,38.80522015540101]],[[-76.85955120411619,38.799694979086624],[-76.86014613813374,38.799112650102806],[-76.85972370542088,38.79904644363031],[-76.85955120411619,38.799694979086624]],[[-76.88295864289104,38.80268565964655],[-76.88346726647035,38.80242750246904],[-76.88304479340715,38.80236137555276],[-76.88295864289104,38.80268565964655]],[[-76.87148300193994,38.79784886222789],[-76.87066382293527,38.79265388652301],[-76.86777595098931,38.79524148085536],[-76.86837939938236,38.792971566737556],[-76.86686220680656,38.7920582997562],[-76.86712083304454,38.79108548191964],[-76.86459519257177,38.78900081959589],[-76.86273323571731,38.789384585298166],[-76.86255203341989,38.79172066934628],[-76.86584498313123,38.79257447507988],[-76.86581895715139,38.79763711273737],[-76.87055193116413,38.798040800538836],[-76.87148300193994,38.79784886222789]],[[-76.86271574226778,38.792759675358795],[-76.86220711267164,38.793017747042654],[-76.86262951273011,38.79308394500375],[-76.86271574226778,38.792759675358795]],[[-76.8622933440085,38.792693477693916],[-76.86204341048828,38.791978740332574],[-76.8618709465158,38.79262727858826],[-76.8622933440085,38.792693477693916]],[[-76.8947741898591,38.78967303549331],[-76.89528268091077,38.789414830095275],[-76.8948602724922,38.789348743578834],[-76.8947741898591,38.78967303549331]]],[[[-76.91181505606967,38.81665572799176],[-76.91182266979456,38.814968175678366],[-76.91325487000543,38.816205199130756],[-76.91587638620105,38.81627701363846],[-76.91579036523451,38.81660132100371],[-76.91621295045036,38.816667336270044],[-76.91654951830219,38.8170576580022],[-76.91646349940817,38.81738196586057],[-76.91730868087001,38.81751399036772],[-76.91755924347325,38.81822861780239],[-76.91366987968802,38.81795877569594],[-76.91384194291675,38.81731016377364],[-76.91257418482937,38.81711208936309],[-76.91189348272474,38.8180189759368],[-76.9095300601628,38.81697416830884],[-76.91181505606967,38.81665572799176]]],[[[-76.84945878933647,38.82108271446719],[-76.84707793797193,38.82341181305993],[-76.84631915368568,38.82295504999344],[-76.8464918276817,38.822306531485076],[-76.84573305856665,38.82184976487946],[-76.84616474428573,38.82022847046456],[-76.84852736399172,38.82127448757289],[-76.84878633841048,38.82030170528562],[-76.85014029628583,38.820176171002714],[-76.85021757380555,38.82153945820913],[-76.84945878933647,38.82108271446719]]],[[[-76.8771848129145,38.824412580988756],[-76.87727942864159,38.822400748854704],[-76.87609788592579,38.82187802015288],[-76.87745182599492,38.821752187249686],[-76.8772878421205,38.82071319779178],[-76.87821918462348,38.82052120839218],[-76.87829698740997,38.82188447806534],[-76.87947854599284,38.82240718578619],[-76.8799094847718,38.82078577375051],[-76.88270347964188,38.82020972539762],[-76.88056559836718,38.824941717087206],[-76.88267861418794,38.825272380296994],[-76.88174722274655,38.82546440332768],[-76.88079082803006,38.83071907673527],[-76.88205873628564,38.83091747679947],[-76.88298191389887,38.832413004520944],[-76.88644928347783,38.8326176953484],[-76.887639249569,38.83145277222773],[-76.88771724014138,38.83281603752636],[-76.8927029916719,38.83393356837614],[-76.89667925702041,38.833879774821725],[-76.89913706966894,38.832912978541074],[-76.90336375080571,38.8335736357292],[-76.90514830371345,38.83182600291067],[-76.90162622235476,38.82519591804202],[-76.90069488180077,38.8253880835634],[-76.89850359559134,38.82369447039841],[-76.89232872784658,38.82374215277632],[-76.8941133046087,38.821994680754585],[-76.89115514821083,38.821532015461656],[-76.89234485824672,38.82036704847489],[-76.89074065957368,38.81977836285474],[-76.89421547170178,38.81829528444881],[-76.89632835681721,38.81862571454235],[-76.89437969129673,38.81933425121899],[-76.89412132850728,38.82030712864463],[-76.89571757925911,38.822583322817955],[-76.89783059541783,38.82291372742599],[-76.89859762226445,38.82168262217638],[-76.90103927105959,38.8240908946051],[-76.90391151039073,38.82487762330017],[-76.90348108112524,38.82649911949108],[-76.90550040564338,38.82884124636981],[-76.90666680315768,38.83273880418758],[-76.91317904707317,38.833080738387956],[-76.9157226539268,38.831789307015825],[-76.91792205763315,38.831795061294585],[-76.92581019174537,38.82694737562685],[-76.92817417076986,38.82799187358968],[-76.9262110004915,38.83207602345554],[-76.92798772806952,38.83201561774083],[-76.92806647361404,38.83337885759105],[-76.93398425308196,38.834302355182615],[-76.93482257912217,38.83612181742116],[-76.93059546542727,38.83546223360538],[-76.92443426997035,38.83213640368366],[-76.92375357512124,38.833043356854986],[-76.91596573054655,38.8341914943417],[-76.91257666148498,38.835350879753165],[-76.90572762305757,38.83461856283758],[-76.90073375297017,38.835189111052216],[-76.8996300516533,38.836029863690364],[-76.89540326197006,38.83536907891676],[-76.89345413997636,38.83607760226932],[-76.8901589023778,38.8352245272588],[-76.89022882849895,38.83827534625489],[-76.88887460365805,38.8384013190641],[-76.88818524482463,38.84099563244983],[-76.88902250475995,38.842815405768135],[-76.8882550938901,38.844046454462706],[-76.88690075843924,38.844172405771864],[-76.8876763688891,38.84125381002955],[-76.88632208431497,38.84137975497351],[-76.88751219544714,38.84021483198119],[-76.88693352931361,38.8374221852379],[-76.8892274035106,38.83541660674525],[-76.88855439447156,38.834635812407605],[-76.88525927936395,38.83378260717981],[-76.88415542092118,38.834623221793336],[-76.88170566475956,38.8339021672607],[-76.88068796241342,38.834418466705365],[-76.88111894528646,38.83279704842945],[-76.88002340549619,38.831950072831305],[-76.87495176421264,38.83115631129351],[-76.87367537307505,38.8326453910866],[-76.87391706725116,38.83504766091567],[-76.87501258264895,38.835894690802256],[-76.87466767460116,38.83719180894825],[-76.87280454009976,38.83757572799479],[-76.87295998249046,38.840302279174246],[-76.87085513956742,38.83828389587981],[-76.87187296549138,38.83776767701483],[-76.87069978018918,38.83555734265164],[-76.87104475109233,38.83426023578204],[-76.87239892980412,38.83413445796053],[-76.87257992202892,38.831798349665966],[-76.87113954900748,38.832248406271646],[-76.8684398720421,38.830812367296566],[-76.86623183187282,38.83249328641038],[-76.86445504188129,38.83255280623371],[-76.86641301760031,38.83015718753782],[-76.86320463424038,38.828979122562075],[-76.86422238444446,38.82846296707316],[-76.87478779481215,38.83011731751126],[-76.87648673789472,38.82869437756204],[-76.87791860815382,38.82993181136521],[-76.87969532327064,38.82987209842072],[-76.88029868720827,38.82760211841593],[-76.87920323499102,38.826755136025],[-76.87997061669996,38.825524145680426],[-76.8771848129145,38.824412580988756]],[[-76.88002340549619,38.831950072831305],[-76.88053224359781,38.83169192694842],[-76.8801096036417,38.831625789821096],[-76.88002340549619,38.831950072831305]],[[-76.8801096036417,38.831625789821096],[-76.87977316363249,38.83123536848938],[-76.87968696445228,38.831559651252036],[-76.8801096036417,38.831625789821096]],[[-76.87962584589582,38.8268212762114],[-76.88013464961695,38.8265631321007],[-76.87971203974674,38.82649699365223],[-76.87962584589582,38.8268212762114]],[[-76.87266615309802,38.831474071842216],[-76.87359764521288,38.83128211698577],[-76.8737700963112,38.83063355990753],[-76.87266615309802,38.831474071842216]],[[-76.87981494369637,38.822797607559316],[-76.87837479310534,38.82324774788021],[-76.8796425648881,38.82344617252347],[-76.87981494369637,38.822797607559316]],[[-76.88083249005193,38.822281315915724],[-76.88049608928242,38.82189089692731],[-76.88040990436201,38.822215179877816],[-76.88083249005193,38.822281315915724]]],[[[-76.85084492461576,38.830758210079765],[-76.84341082241167,38.82891718331438],[-76.84204746085436,38.83073019414565],[-76.84365150715027,38.831319511132214],[-76.84381503558083,38.832358546211296],[-76.8410295220663,38.83124616752122],[-76.84429271641862,38.82229950879276],[-76.84606927301672,38.82224027827026],[-76.84411084160271,38.824635573328656],[-76.84324730745809,38.82787814807751],[-76.84442871183786,38.8284011904941],[-76.84561928028903,38.8272366717134],[-76.84552378479533,38.82924848055682],[-76.84815479105848,38.827634178798256],[-76.84840471065343,38.82834894671258],[-76.85111292189168,38.828097871478164],[-76.85086297661168,38.82738310904772],[-76.85323486633709,38.82674148686483],[-76.85307121628612,38.82570246483921],[-76.85416634912983,38.82654967824478],[-76.85296695146184,38.82940182967956],[-76.84992242711424,38.829262443172155],[-76.85110390179858,38.829785421989705],[-76.85084492461576,38.830758210079765]],[[-76.85254434979859,38.829335598509644],[-76.85220806795799,38.82894510241143],[-76.85212174890303,38.82926936589816],[-76.85254434979859,38.829335598509644]]],[[[-76.84346958929224,38.83365557692709],[-76.8444967180825,38.831452032744416],[-76.84669610539619,38.831459051818435],[-76.84601445017232,38.832365577390696],[-76.84702325431407,38.833537113864885],[-76.85479424231166,38.835768414937434],[-76.85275839007248,38.836800563419324],[-76.85023157675764,38.8347155985644],[-76.84811843455493,38.834384381445645],[-76.84532362348745,38.83495965030753],[-76.8456598961963,38.83535016534555],[-76.84506455080758,38.83593242684269],[-76.84346958929224,38.83365557692709]]],[[[-76.89457993296762,38.84841305781274],[-76.89426740813764,38.842960005647996],[-76.89511284590391,38.84309218199797],[-76.89588811612214,38.84017353519351],[-76.89800957878784,38.838816381854286],[-76.8982758847667,38.83615593925022],[-76.90047541878295,38.83616200334214],[-76.89519098867918,38.84445544429326],[-76.89847877679098,38.84699594314963],[-76.89830650681071,38.84764453575474],[-76.89661551717614,38.847380220746366],[-76.8974530608781,38.84919993835276],[-76.89457993296762,38.84841305781274]]],[[[-76.88087156813361,38.848633608917126],[-76.88257911783724,38.84552302680372],[-76.88282943625231,38.84623772657707],[-76.88360523165922,38.84331915566876],[-76.88538226836526,38.84325936106048],[-76.88681457566702,38.84449669394535],[-76.88910053335357,38.84417867186125],[-76.89306930944898,38.84581255019124],[-76.88906796010279,38.85092889796194],[-76.88618664389529,38.85182937978614],[-76.88500456032506,38.85130673441658],[-76.88543554703216,38.849685298141424],[-76.88154462411111,38.8494144461864],[-76.88087156813361,38.848633608917126]],[[-76.88247632208069,38.84922242418436],[-76.88298527205643,38.84896426774096],[-76.88256252973791,38.84889813886028],[-76.88247632208069,38.84922242418436]]],[[[-76.83558661758092,38.851674185601894],[-76.83946819753243,38.853634035012014],[-76.83575007671854,38.85271323362744],[-76.83515451037135,38.85329544859748],[-76.83558661758092,38.851674185601894]]],[[[-76.8329936859785,38.861401745424146],[-76.83450248882839,38.86400298967264],[-76.8335704756455,38.864194651181066],[-76.83364748989597,38.86555795525472],[-76.83204277097208,38.864968506470774],[-76.8329936859785,38.861401745424146]]],[[[-76.85283626850898,38.91754540525218],[-76.85096192890168,38.91961656811399],[-76.85095289397472,38.92130413701079],[-76.84943324648238,38.9203906431488],[-76.84502910038006,38.92037666291073],[-76.84392346516739,38.92121692763903],[-76.84407800477663,38.923943542534175],[-76.84204877759713,38.92328795678542],[-76.84155766938832,38.92017081034484],[-76.84215373142096,38.919588559812674],[-76.84333661563889,38.92011161835693],[-76.84359601084294,38.919138835609004],[-76.8460574050063,38.918173082956024],[-76.8465761019975,38.916227506162684],[-76.84724941489536,38.917008536125124],[-76.85114382115428,38.91728046735421],[-76.84818206791358,38.916816770472465],[-76.84971975167521,38.91435514360113],[-76.84913286947368,38.913249862756025],[-76.84744053540406,38.912984874463],[-76.84762252403475,38.91064878091223],[-76.84677638842486,38.9105162793901],[-76.84625773745519,38.91246185555934],[-76.8462668800654,38.91077428897801],[-76.8445746139408,38.91050926165506],[-76.8451614048902,38.911614563677],[-76.8408349891665,38.912963739331225],[-76.84219992013018,38.91115072425577],[-76.84068059424946,38.910237124361295],[-76.84339187677129,38.9099862155827],[-76.8430644880994,38.90790812522141],[-76.84848684465473,38.90740614428388],[-76.84874612583522,38.906433352386344],[-76.84671734443091,38.90577784453911],[-76.84689021121059,38.90512931925739],[-76.84858236077567,38.905394314792225],[-76.84944657632713,38.90215167367259],[-76.84700401716277,38.89974236275426],[-76.84684941938042,38.897015760108694],[-76.8442342543802,38.895254920541944],[-76.84126418425875,38.89647862270894],[-76.84311977779701,38.89778273861654],[-76.8423510123011,38.8990135107764],[-76.83776589016028,38.90133535490268],[-76.83726576386572,38.89990576361368],[-76.83854407758152,38.89841704749373],[-76.83591968272226,38.8983435951638],[-76.83609262798113,38.89769508555651],[-76.83923574739549,38.895822993268084],[-76.84075475455359,38.896736609181254],[-76.84067757434647,38.89537330438879],[-76.84390690787802,38.89317683631001],[-76.84314741688281,38.8927200501835],[-76.84366601037448,38.8907744919255],[-76.84036888240114,38.88992008706509],[-76.84097396875659,38.88765028328264],[-76.83919581314416,38.88770944113625],[-76.8386957523215,38.88627985805316],[-76.83658116713165,38.88594844216001],[-76.83523535850843,38.8843862689948],[-76.83269794342247,38.88398849484731],[-76.83192914743152,38.885219200259726],[-76.83060245558049,38.88028185853259],[-76.82950678921296,38.87943443167242],[-76.82924734726231,38.88040718003305],[-76.8280652087106,38.87988398974097],[-76.82910299062371,38.87599300386648],[-76.83087137398365,38.877621548947666],[-76.8330721534455,38.8776288099989],[-76.83231289241694,38.87717195836224],[-76.83360033984657,38.873995739608816],[-76.83478242261782,38.87451887673643],[-76.83877025594182,38.87277938429562],[-76.84022090743854,38.8706421443911],[-76.84393999944581,38.871562813488666],[-76.84335354950139,38.87045751118748],[-76.8459952349311,38.86715569068381],[-76.84709090840686,38.86800297053082],[-76.84581330274631,38.8694917692531],[-76.8491095703365,38.87034602719824],[-76.84969610668163,38.871451302243194],[-76.85029170522148,38.87086901615973],[-76.85392457422367,38.87211364933114],[-76.85400197761126,38.87347694198898],[-76.85171494789087,38.87379431742233],[-76.84966893061977,38.87651397896361],[-76.84679524217167,38.87572598784164],[-76.84493097571321,38.876109489298535],[-76.84440333890952,38.8797426088741],[-76.84407605726845,38.87766452904747],[-76.84222095889568,38.876360430684514],[-76.84368077817403,38.87253559113635],[-76.84114372961305,38.87213799045501],[-76.83868382517524,38.87310364000093],[-76.8335814767695,38.87737085570477],[-76.8354364462459,38.878675083541275],[-76.83474480394962,38.88126911107518],[-76.84243407967831,38.88382545320545],[-76.8456262341716,38.88837918592278],[-76.84893243201437,38.88754588898148],[-76.84902790979774,38.88553406417896],[-76.85072864799224,38.88411146867264],[-76.84988281489427,38.883978988792144],[-76.84990092463777,38.8806038675781],[-76.8511696167214,38.88080258496852],[-76.85168791121471,38.878856995998895],[-76.85201541528798,38.88093505601659],[-76.85286121692975,38.881067521294774],[-76.85242032341503,38.88437641112351],[-76.85724521982394,38.884456345821526],[-76.85996430779569,38.882517514103554],[-76.8604823796664,38.8805718879608],[-76.85904981046168,38.879334245523715],[-76.8581353930227,38.876150971418255],[-76.8589899936949,38.8745958349847],[-76.85772138834469,38.874397197795474],[-76.85873981167893,38.87388108474225],[-76.85866231923212,38.872517794979984],[-76.85739375094863,38.872319154485666],[-76.85613409864207,38.87043294217767],[-76.85444273337664,38.87016805085945],[-76.85470180257855,38.869195250978386],[-76.856056658604,38.86906965134168],[-76.8567474265837,38.86647550870546],[-76.8550561509278,38.86621062588171],[-76.85068238142057,38.86113417468296],[-76.850855107042,38.86048564739872],[-76.85212345154991,38.86068435455248],[-76.85329647793485,38.86289487099007],[-76.85675632054766,38.864787950944006],[-76.8564972944343,38.865760754619096],[-76.85836123531004,38.86537707964718],[-76.86220167759774,38.85922270176856],[-76.85984645306364,38.85648938487476],[-76.86255567038152,38.85623805866865],[-76.86315978628319,38.85396815568462],[-76.86207290625806,38.85143346372564],[-76.86071838838303,38.851559128887246],[-76.86013184497487,38.85045390854254],[-76.8585183932988,38.85155235879356],[-76.85615464894086,38.850506528905015],[-76.8533592831937,38.85108198009842],[-76.84947746570712,38.849122566474804],[-76.8563273006985,38.84985799477295],[-76.85693155765945,38.84758812378405],[-76.85971793820303,38.848700146783706],[-76.86065848595382,38.84682073434975],[-76.8606408826632,38.85019584386605],[-76.86233180705815,38.8504606499847],[-76.86489432768556,38.845795150833645],[-76.86573106132619,38.84761508247795],[-76.86317727386226,38.85059304439231],[-76.86425546102859,38.85481528246738],[-76.86271952418268,38.85727707160465],[-76.86474709953896,38.85793231374536],[-76.8632198571891,38.85870655281158],[-76.86295218926622,38.86136692652212],[-76.85912053671399,38.86583377104998],[-76.85766166200021,38.86965878940078],[-76.86026741963299,38.87310689952968],[-76.86280460620348,38.87350410874096],[-76.86416825153624,38.871690860794985],[-76.86738717943737,38.871181346622336],[-76.8686643739651,38.86969232521955],[-76.8689146389344,38.870407055068654],[-76.8707786332531,38.870023193107244],[-76.8707872027562,38.868335633657736],[-76.87137405166385,38.86944080581043],[-76.87272888349902,38.86931502388988],[-76.87298770558321,38.86834218589563],[-76.87357458791263,38.869447347627855],[-76.8753522699293,38.86938769673011],[-76.88002042445885,38.86674018756411],[-76.87951970679771,38.86531077289987],[-76.88206503470292,38.864020028218526],[-76.88190920113294,38.86129348126004],[-76.87634332481382,38.85738281013645],[-76.8746521889546,38.857118195052585],[-76.87162356277234,38.85360422755845],[-76.87298661647999,38.85179088674402],[-76.87383211805772,38.851923208457805],[-76.87356486235295,38.85458360303032],[-76.87483316603425,38.85478207758057],[-76.87457441672763,38.855754917910396],[-76.87575649764186,38.85627766305596],[-76.87635176400227,38.855695252766424],[-76.87988973567658,38.85895096148954],[-76.88183960114648,38.858242649797766],[-76.88414252939056,38.85454960335147],[-76.88566123913029,38.855462664403944],[-76.88887930008444,38.85495259293272],[-76.8881979498353,38.85585935290304],[-76.88497984408217,38.8563694067288],[-76.88208995599214,38.85895735208404],[-76.88275482913579,38.86142574222285],[-76.88851823384461,38.859624869307886],[-76.8929187170262,38.85963730498424],[-76.88385084370724,38.86227269641607],[-76.88264372546828,38.86681270602224],[-76.88128895726729,38.866938596304905],[-76.88043492222525,38.86849388505969],[-76.87874351368816,38.86822932548193],[-76.87483467455358,38.87133338240538],[-76.87280663567371,38.87067830432548],[-76.87034720017589,38.87164458215596],[-76.86958776788278,38.871187959237915],[-76.86780139845256,38.87293508727618],[-76.86619624093831,38.87234608032016],[-76.86339137567079,38.87460931936779],[-76.86110435131305,38.87492686811908],[-76.86319249016442,38.88032054713055],[-76.86387438026755,38.879413922110786],[-76.86750790723026,38.880658158350826],[-76.86869896061144,38.87949341089045],[-76.87132270945548,38.87956616912782],[-76.87158158672253,38.87859333288497],[-76.87327320981566,38.8788579905415],[-76.87190965693058,38.8806713402218],[-76.87072720789917,38.88014855688025],[-76.8667397343562,38.8818890790975],[-76.86420223437834,38.88149195004834],[-76.8639519775602,38.880777209737374],[-76.8636842552922,38.88343759195608],[-76.86207012680653,38.884536092699584],[-76.86553991793711,38.88474137012467],[-76.86993332293825,38.88644218460607],[-76.87154737509611,38.885343581209085],[-76.870779221067,38.88657452769402],[-76.8718754747224,38.887421590343784],[-76.86992473152851,38.888129747669886],[-76.86434872827293,38.88590608796877],[-76.85910079319453,38.885760220552726],[-76.85765039453113,38.88789768531804],[-76.85349838713788,38.88859875954695],[-76.85128825102211,38.89027942339119],[-76.85323025442116,38.89125912172118],[-76.85288469647463,38.89255618749565],[-76.85685529548789,38.894191235221044],[-76.8538080562262,38.89405194322422],[-76.85354888669997,38.895024744173064],[-76.85591403806221,38.89607062928941],[-76.85970333353409,38.90004168833516],[-76.86308750179624,38.90057130621244],[-76.86605737210735,38.89934708058537],[-76.86631638997838,38.8983742529637],[-76.8677494570472,38.899611814318085],[-76.87046025077227,38.899360313982996],[-76.87062431430512,38.90039932184913],[-76.86384719966055,38.90102797060993],[-76.86036782307067,38.90251021080457],[-76.85986724517844,38.90108071052034],[-76.85598258846647,38.899121489091925],[-76.85599150413293,38.89743392469788],[-76.85345352132607,38.897036574829585],[-76.85043330199437,38.89183450967912],[-76.84881878769961,38.892932838981324],[-76.84679038157768,38.8922773334488],[-76.84635828287249,38.893898643310585],[-76.8495601886018,38.89676471686771],[-76.8495420590544,38.900139844797316],[-76.85097487586845,38.901377600317986],[-76.85163006452294,38.90553373544161],[-76.85281278854731,38.90605670262637],[-76.85213051136375,38.90696326979702],[-76.85052473074703,38.906374057385285],[-76.8500926315392,38.907995383167886],[-76.85022927285227,38.91409711970363],[-76.85234473734808,38.91442830393268],[-76.85140310199881,38.91630766864432],[-76.85283626850898,38.91754540525218]],[[-76.85683750455398,38.897566363111615],[-76.85632812239847,38.89782441361311],[-76.8567511247978,38.89789063239606],[-76.85683750455398,38.897566363111615]],[[-76.85148952740785,38.915983402314964],[-76.85115285115832,38.91559289934569],[-76.85106642471374,38.9159171654236],[-76.85148952740785,38.915983402314964]],[[-76.85115285115832,38.91559289934569],[-76.85090260522954,38.9148781296095],[-76.85072975103888,38.91552666130897],[-76.85115285115832,38.91559289934569]],[[-76.85296210212233,38.89391948419519],[-76.85347146889787,38.8936614476515],[-76.85304849403451,38.893595217713084],[-76.85296210212233,38.89391948419519]],[[-76.84687679901097,38.89195307133509],[-76.84713604669558,38.890980284710885],[-76.84561707953297,38.89006674764982],[-76.84518496782856,38.89168805297524],[-76.84687679901097,38.89195307133509]],[[-76.84570349956613,38.889742486443076],[-76.84629927953635,38.88916021826157],[-76.84587633732478,38.889093963888],[-76.84570349956613,38.889742486443076]],[[-76.85630679778852,38.86978440659405],[-76.8568159840378,38.869526357062846],[-76.85639314620914,38.8694601387305],[-76.85630679778852,38.86978440659405]]],[[[-76.82609507434633,38.898830373249204],[-76.82861387056984,38.90260340914229],[-76.82767177586177,38.90448259069337],[-76.83029638356857,38.90455621768362],[-76.83095042092732,38.90871246369115],[-76.82874870252714,38.90870516492647],[-76.82806610105564,38.90961159995422],[-76.82307616247327,38.9084914574415],[-76.82164367985713,38.907253378407866],[-76.82121093260228,38.90887460364559],[-76.82036486567968,38.908741921921205],[-76.8231342307431,38.898366079217816],[-76.82609507434633,38.898830373249204]]],[[[-76.81880675108948,38.91457831237187],[-76.82677778275243,38.91278777534432],[-76.82490282464197,38.91485854294283],[-76.81846046949106,38.91587528597519],[-76.81880675108948,38.91457831237187]]],[[[-76.83149300481658,38.96284734673365],[-76.82760581562235,38.960887219688004],[-76.82768282046183,38.96225054476467],[-76.82641277289562,38.96205158478611],[-76.8274230589422,38.9632233000836],[-76.82648014884892,38.96510248827085],[-76.83012683769901,38.96466025695411],[-76.82800044175558,38.96601626912724],[-76.82858742850532,38.96712165811541],[-76.82731729346644,38.96692270725307],[-76.82688431780838,38.96854396573601],[-76.82798129513675,38.96939142594942],[-76.82577774140255,38.96938407438163],[-76.82550829773649,38.97204440583657],[-76.83220577937745,38.97174210207575],[-76.83298494254653,38.96882380119406],[-76.83509251041268,38.97084286167804],[-76.83313917343479,38.9715504480918],[-76.83439997992235,38.9734369196303],[-76.83879801150748,38.975138858312484],[-76.83939454583232,38.974556616500564],[-76.84354237963366,38.97554358773657],[-76.84464884460397,38.97470331991275],[-76.84540920061914,38.9751601019959],[-76.8443027374831,38.97600037665693],[-76.84480352497549,38.977429954699005],[-76.84277279982733,38.97677437579846],[-76.84200319398937,38.97800515931694],[-76.84030937998456,38.97774007127858],[-76.84081010099946,38.979169665810694],[-76.83708554917831,38.978248889333386],[-76.83606551167047,38.97876483170433],[-76.8365077206437,38.975455957474495],[-76.83228288187325,38.97310542648853],[-76.82990603721936,38.973746659282156],[-76.82753873535485,38.97270026676553],[-76.82634549789977,38.97386463325728],[-76.82465183732091,38.97359933168737],[-76.82506560938177,38.975353239147196],[-76.82861666381888,38.97692288244209],[-76.83021430069377,38.97919996568607],[-76.83140756372899,38.97803556105694],[-76.83199469918283,38.97914093591838],[-76.8362292631239,38.979803896531905],[-76.83672991818283,38.98123350797351],[-76.83512262338301,38.980644089932255],[-76.8346897399848,38.982265378994406],[-76.83714402476849,38.98298737717897],[-76.83509439255668,38.98570683861373],[-76.8338239153172,38.985507953796606],[-76.8342568372966,38.98388666694878],[-76.83289980584884,38.98401203017606],[-76.83240867973261,38.98089482036127],[-76.82935785661886,38.98075492569572],[-76.83055115885571,38.979590529025764],[-76.8286841459399,38.979973791508996],[-76.82818365761018,38.978544147890204],[-76.82606643930319,38.97821254844103],[-76.82444964087135,38.97931057343898],[-76.82383360536359,38.98326790705434],[-76.82291942249472,38.98008432819858],[-76.81884846829954,38.98046000127468],[-76.8181748731655,38.9796788100787],[-76.8155475682945,38.979604925674366],[-76.81460413926648,38.98148402821395],[-76.81292026876056,38.97953098565159],[-76.81436391681065,38.97908159762876],[-76.81471057218342,38.97778462384149],[-76.82182234292765,38.979236821874],[-76.82471915014108,38.976650241373896],[-76.822948498116,38.97502158666549],[-76.8229581890908,38.97333400701324],[-76.82033110841795,38.97326022394354],[-76.82321804637587,38.972361259582996],[-76.8231411144747,38.97099792969622],[-76.82068737294414,38.97027565592964],[-76.82009072406065,38.970857807432104],[-76.81721363085961,38.970069120461815],[-76.81619356714411,38.97058489885598],[-76.81434648990752,38.96759278935508],[-76.81231631367314,38.96693671308215],[-76.81444302868603,38.96558096951817],[-76.8179165487048,38.965787582410336],[-76.81816664571566,38.966502423764375],[-76.82316048597114,38.96762277281934],[-76.82477704422101,38.96652476654306],[-76.82386303037724,38.96334120264096],[-76.82224652904581,38.9644391964937],[-76.82055310273117,38.964173839355475],[-76.82191949916478,38.96236103468306],[-76.81963930315128,38.960990245444144],[-76.81906228101766,38.95819723956383],[-76.8169456960808,38.9578654855141],[-76.81729220441851,38.95656850860003],[-76.81915867700425,38.95618541883069],[-76.81951490603504,38.953200861672954],[-76.81655189301553,38.95273640704558],[-76.8187647271106,38.95105634863037],[-76.81868790112074,38.949693020233084],[-76.8174180972175,38.94949396854678],[-76.81890024819586,38.942294240945486],[-76.81866001328582,38.93989183244053],[-76.81680378475906,38.93858734315472],[-76.81647702632912,38.93650917468276],[-76.814697657699,38.93656798147957],[-76.8127251958236,38.940650383825144],[-76.81196540528879,38.9401934038054],[-76.81386117753623,38.934747685281046],[-76.81750642279674,38.93430582676725],[-76.81869915334231,38.933141551902544],[-76.81840173741865,38.92600068520332],[-76.81721893668175,38.925477388411714],[-76.81866148666812,38.925027953878825],[-76.8191809643505,38.923082489980445],[-76.81842131659073,38.9226255506059],[-76.81952726738659,38.92178551312191],[-76.81716180365152,38.92073893035844],[-76.81768129080136,38.918793473860056],[-76.81912370554778,38.918344034352245],[-76.82164281549124,38.92211722146859],[-76.8245373571621,38.919530666255305],[-76.83012423670765,38.920068558831474],[-76.83097995079187,38.91851360700067],[-76.83224925160513,38.918712519023],[-76.83123001368206,38.919228417272244],[-76.83113400007166,38.92124023701502],[-76.82554702318451,38.92070238984572],[-76.8240949439056,38.92283947142912],[-76.82248904012894,38.92224989470604],[-76.82195994941488,38.925882939985755],[-76.82313311035341,38.92809375992729],[-76.82482570704371,38.928359080504],[-76.83135560585318,38.92701775227299],[-76.82965348715398,38.928440089787514],[-76.82660486690088,38.92830012848048],[-76.82507574333192,38.92907390413141],[-76.82743201023108,38.93180790663408],[-76.82997106288236,38.93220579103424],[-76.8305578069945,38.93331116536752],[-76.83334706499751,38.93442379333089],[-76.83351067794061,38.93546285506217],[-76.83775205846193,38.9344381884728],[-76.83623230249016,38.9335245312215],[-76.8382804234356,38.93080507164258],[-76.84268519895842,38.93081929157109],[-76.842425749978,38.93179207394846],[-76.84056002510492,38.93217551242343],[-76.83953135637132,38.93437905096176],[-76.83706932783667,38.93534467618861],[-76.83756969369256,38.93677427499936],[-76.8358768549605,38.93650912804406],[-76.83897508341502,38.94307489284213],[-76.84058158001143,38.94366425774927],[-76.84211084519872,38.94289028936475],[-76.84345788279879,38.94445239989257],[-76.84065880961435,38.945027571385154],[-76.84082255074115,38.94606662500766],[-76.83836014408377,38.94703227743962],[-76.84115931250372,38.946457157651174],[-76.84276590141609,38.94704649455155],[-76.84429521442652,38.946272498868304],[-76.8459018246476,38.946861795139654],[-76.8456423614763,38.94783458642146],[-76.84284317551163,38.94840980747979],[-76.84216037725281,38.949316324994484],[-76.84205538090701,38.95301573720302],[-76.84382592510798,38.95464411397932],[-76.84729900647034,38.9548499040099],[-76.85053077863735,38.952653245823015],[-76.8506946778232,38.953692287539035],[-76.84737637374768,38.95621321563751],[-76.85186014119324,38.95759042164401],[-76.8494839756487,38.958232027927586],[-76.84828222465461,38.961084180996856],[-76.85309422034359,38.96453943566753],[-76.8555480899262,38.96526106797536],[-76.85367259868448,38.96733228569509],[-76.85527080889769,38.969609043023745],[-76.85381862671602,38.9717464873549],[-76.8571793951934,38.97733901821498],[-76.85572711481508,38.97947648736768],[-76.85369623416014,38.97882108701264],[-76.85316829022838,38.98245429474548],[-76.85426578332483,38.98330152434626],[-76.8574897177857,38.98279225961786],[-76.85763600841172,38.987206467114284],[-76.85627895536818,38.98733208602382],[-76.8551038323414,38.98512156078121],[-76.85307279974732,38.984466149659845],[-76.85186173389047,38.98900593414318],[-76.8512832527778,38.98621306651993],[-76.8485691571347,38.986464150550354],[-76.84608717377479,38.99080513303747],[-76.84532665000933,38.99034835401341],[-76.84703904484813,38.98723820352444],[-76.8402629297735,38.98617798613185],[-76.84196619167948,38.984755491107904],[-76.84484413375772,38.98554360590054],[-76.84603726669692,38.98437905949178],[-76.85069576725834,38.985107781738286],[-76.85197530297577,38.9836189093585],[-76.85174286395488,38.979528967104585],[-76.85022199066356,38.97861547532097],[-76.8503949992336,38.9779669385283],[-76.85259881526505,38.97797385295454],[-76.8529627747132,38.97330160845693],[-76.85119157218813,38.971673357613966],[-76.8525573462035,38.969860213624514],[-76.84899703381845,38.96997883743287],[-76.85171953659315,38.968040164196026],[-76.8517285595461,38.96635258413375],[-76.84774502422569,38.96640493541152],[-76.85080432531129,38.96485679816869],[-76.8497936402284,38.963685273001886],[-76.84674350507589,38.96354580606118],[-76.8463292777952,38.961791974003894],[-76.84225946759854,38.96216841394233],[-76.84327922862165,38.96165242194199],[-76.84320193230054,38.96028910668245],[-76.84625192419988,38.96042866061732],[-76.84668442020788,38.95880733652518],[-76.84609722570167,38.957702034513304],[-76.84169082278936,38.957687935681925],[-76.84110371313717,38.95658261021804],[-76.83941040088301,38.95631751074836],[-76.83975650159161,38.955020471421],[-76.83738966711286,38.95397426970899],[-76.83697571964875,38.952220408872435],[-76.83485922688519,38.95188896071081],[-76.83801405647372,38.948329311386466],[-76.83683075201799,38.9478062000362],[-76.83606135195829,38.94903694146787],[-76.83470497322845,38.949162323782055],[-76.83429111780093,38.947408455195564],[-76.83649400723517,38.94741565556757],[-76.83590705932237,38.94631030714236],[-76.83727273817458,38.94449733808426],[-76.83845599202665,38.94502044497361],[-76.83862902557199,38.94437192777856],[-76.83702252916709,38.9437825375255],[-76.83660864849189,38.94202867800538],[-76.83542545653397,38.94150555371541],[-76.83560790195021,38.93916946880562],[-76.83105803103273,38.93474079004197],[-76.8260663243664,38.93362076413813],[-76.82464294281336,38.93069514605306],[-76.82143080590735,38.929515984792566],[-76.82009426822127,38.92626607027747],[-76.82091134243764,38.931461459812546],[-76.81816979438591,38.936774586404916],[-76.82052605117215,38.9395087230056],[-76.81975646319731,38.94073936185485],[-76.82051630832694,38.94119629418492],[-76.81966010417933,38.94275117862004],[-76.820756608794,38.94359869953354],[-76.82057367574077,38.945934764023654],[-76.8197271792962,38.94580207728217],[-76.81946737016683,38.946774813634605],[-76.81995771196762,38.94989205892763],[-76.82045784176987,38.95132172967236],[-76.822997536903,38.95171975792819],[-76.82138128057855,38.95281773865227],[-76.82239135748722,38.95398949334456],[-76.82195834904644,38.955610731568434],[-76.82365158127745,38.955876069197835],[-76.82262206578164,38.958079474839785],[-76.82396896620423,38.95964180036573],[-76.82362256220576,38.96093879650422],[-76.82573926693472,38.96127043679635],[-76.82804830053465,38.95757838440121],[-76.83042463362547,38.95693718872483],[-76.83108864959311,38.95940588716964],[-76.83227210135051,38.959929054164206],[-76.83133885403298,38.960120701297654],[-76.83149300481658,38.96284734673365]]],[[[-76.80509903645502,38.96918336240344],[-76.80783271913418,38.96555807621798],[-76.80572606055803,38.96353855442227],[-76.8061594777035,38.96191737100401],[-76.80776612437211,38.96250716246201],[-76.80842942261121,38.96497598411642],[-76.8101228233766,38.96524150674506],[-76.80833271841118,38.966987799090504],[-76.80831265944607,38.97036295329263],[-76.80737921527442,38.97055442049799],[-76.80645583924709,38.96905830342965],[-76.80509903645502,38.96918336240344]]],[[[-76.87507901554284,38.991283405246875],[-76.87355760361224,38.99037019781265],[-76.87407607992041,38.98842448586146],[-76.87297827890963,38.987577430786885],[-76.87017778022656,38.98815327202118],[-76.86865649525964,38.98724000495796],[-76.87086059384004,38.98724659510657],[-76.87247686805682,38.98614796428294],[-76.87552799985204,38.986286799100085],[-76.8757872005803,38.985313939821395],[-76.8777320701735,38.986293267224696],[-76.87858754558863,38.984737972278474],[-76.87943460215229,38.98487025809918],[-76.88002252226806,38.9859754067586],[-76.88086959584551,38.98610768281103],[-76.88008380035038,38.99071387951593],[-76.87677327139573,38.99154801926671],[-76.8758312689846,38.993427590302986],[-76.8746469592518,38.99290483619498],[-76.87507901554284,38.991283405246875]],[[-76.87441321619069,38.98881493065941],[-76.8770409128694,38.988887568979315],[-76.874499625174,38.9884906449264],[-76.87441321619069,38.98881493065941]]],[[[-76.81659538405017,38.98889039675575],[-76.81905949605763,38.98792517036944],[-76.81924258328881,38.985589093616895],[-76.82161990872962,38.98494806390794],[-76.82187982538028,38.98397531756468],[-76.82374697680052,38.98359215720833],[-76.82443032605818,38.982685736463125],[-76.82595096058638,38.983599544850016],[-76.82424741268149,38.985021819820616],[-76.82635520726036,38.987041033652616],[-76.83219759361823,38.98829366486074],[-76.82863634616695,38.988411704836125],[-76.82760652126277,38.99061516260039],[-76.82675949217558,38.99048252296818],[-76.82870383976893,38.9914626192759],[-76.82742368993247,38.992951253503854],[-76.82860766098135,38.99347445810598],[-76.8286847190846,38.9948377892955],[-76.82478624545143,38.99456514959703],[-76.82443968974252,38.995862154881934],[-76.82283217135172,38.99527257634167],[-76.8236022841354,38.994041908456694],[-76.82275522245494,38.99390924142862],[-76.82113802523249,38.9950072259462],[-76.81996384598227,38.99279636551434],[-76.81673920583806,38.99330465621273],[-76.81649887385768,38.99090222538106],[-76.8152283567559,38.990703150061115],[-76.81343774788301,38.99244952281007],[-76.81401482574995,38.99524256931117],[-76.81230083082852,38.99835226788841],[-76.81060665141722,38.998086773635485],[-76.8107900356323,38.99575070565753],[-76.8118104904919,38.99523496969299],[-76.8110501356698,38.99477798036717],[-76.80798873074914,38.99632514435639],[-76.80738171142698,38.99859482166832],[-76.80560081694988,38.998653498514706],[-76.80512086911075,38.99384859016489],[-76.80757525109493,38.994571174328506],[-76.80792210128372,38.99327421640851],[-76.80961615883577,38.99353974709876],[-76.80920265577878,38.99178578325742],[-76.8120037763067,38.99121131757487],[-76.81176360759493,38.98880887836111],[-76.81354425614272,38.98875011319579],[-76.8138042943357,38.987777383197106],[-76.81194693128337,38.9864728120584],[-76.8095694708239,38.98711365663694],[-76.8098395530145,38.98445335374511],[-76.80874255992846,38.98360573123945],[-76.80942609620651,38.98269939311564],[-76.81595130075094,38.98304644623326],[-76.81737535691039,38.98597218632635],[-76.81457448047927,38.98654677276237],[-76.81685538195507,38.98791766034417],[-76.81659538405017,38.98889039675575]],[[-76.81466115343396,38.98622252886478],[-76.8143243498642,38.985831922004216],[-76.81423767587397,38.98615616564709],[-76.81466115343396,38.98622252886478]],[[-76.82465158668272,38.98846331492585],[-76.82472856535279,38.98982664750475],[-76.82650922831816,38.98976769633615],[-76.82600871535516,38.988338041796425],[-76.82465158668272,38.98846331492585]],[[-76.81254377335873,38.98589069833465],[-76.81220698269127,38.985500085748484],[-76.81212029966116,38.985824327896125],[-76.81254377335873,38.98589069833465]]],[[[-76.79895675260519,39.003692888273704],[-76.79531825387045,39.002446621073936],[-76.7961756808288,39.00089189081194],[-76.79828315597024,39.00291158630148],[-76.80040096638733,39.00324366098938],[-76.8017685987844,39.00143106742638],[-76.80303926639965,39.001630280850456],[-76.80235547267768,39.00253658647758],[-76.80352927397666,39.00474761684133],[-76.80107458884238,39.004024951511916],[-76.79945683954477,39.005122655299665],[-76.79895675260519,39.003692888273704]]],[[[-76.79304466226831,39.0274282796896],[-76.79448938392858,39.02697911943681],[-76.79416286601071,39.02490086416466],[-76.79561786254361,39.02276410044646],[-76.79494412514433,39.021982777934696],[-76.79994141712248,39.02310407124353],[-76.79995164835519,39.02141648061525],[-76.80258044778076,39.02149069565658],[-76.80216695548532,39.01973670050511],[-76.80361146801813,39.01928743470549],[-76.80242725662625,39.018763989533326],[-76.80328472398091,39.01720920607372],[-76.80168709536967,39.01493176260001],[-76.80380527131351,39.01526377986116],[-76.80491279947408,39.01442386116338],[-76.8042187776887,39.01701776826721],[-76.80540297354217,39.01754119620377],[-76.80581653139555,39.019295179944095],[-76.80708752219692,39.019494352509916],[-76.80854203085848,39.017357439289114],[-76.81220139481144,39.015228141631276],[-76.81040012154362,39.01866206779594],[-76.8120080561037,39.01925180954134],[-76.81098726567438,39.01976754912225],[-76.81148769964439,39.02119727141042],[-76.80860870839227,39.02040837871486],[-76.80563292806332,39.021631249444646],[-76.80537265953504,39.022603967596346],[-76.8125654149444,39.02542005886344],[-76.81348963229112,39.026916143781456],[-76.81119760052465,39.027232778448735],[-76.8073942685248,39.024947754950354],[-76.80594966693252,39.02539706517555],[-76.80485210159178,39.02454940273391],[-76.8028970279762,39.025256519083705],[-76.80338718865144,39.02837386766448],[-76.80211605279608,39.02817465692924],[-76.80170253369776,39.02642065828341],[-76.79737877371029,39.02608074861193],[-76.7965975682464,39.02899885215092],[-76.79973714237688,39.028815317484096],[-76.7994767692749,39.02978802444167],[-76.79778190434193,39.02952235380844],[-76.79488203288437,39.03210832727652],[-76.7918291336151,39.03196750896368],[-76.79190554296262,39.033330871427246],[-76.78978689509844,39.03299865016785],[-76.7866365736014,39.03486952625441],[-76.78889455517175,39.02643961258983],[-76.79304466226831,39.0274282796896]]],[[[-76.78626804406117,39.039541621286176],[-76.78770253048494,39.04078013357799],[-76.78710503898242,39.04136213303034],[-76.78524678624527,39.0400571510035],[-76.78626804406117,39.039541621286176]]],[[[-76.81605748871183,39.05197977717942],[-76.81776276583385,39.050557598977385],[-76.81988205315147,39.050889343984196],[-76.81962187053455,39.05186209683415],[-76.81630786396323,39.052694632231116],[-76.81460250825003,39.05411679099319],[-76.81341765036787,39.053593447539946],[-76.81342757306099,39.05190584704867],[-76.81605748871183,39.05197977717942]]],[[[-76.84992432275699,39.097137937563424],[-76.84170139290859,39.09483997320457],[-76.84204811256778,39.09354289757552],[-76.8411998572106,39.093410354145234],[-76.83991816716353,39.09489914336768],[-76.83746007452095,39.09417718620529],[-76.83660243019385,39.09573222668016],[-76.84110388948817,39.09542223798445],[-76.84363950807429,39.09750746935769],[-76.84090264735299,39.10113362501696],[-76.84098005038108,39.1024969740664],[-76.84276346175517,39.10243778858278],[-76.84190583342873,39.10399286808727],[-76.84309171848996,39.1045159446471],[-76.84274496509263,39.10581302589323],[-76.84384420029404,39.10666036570134],[-76.84571438912593,39.106276866770365],[-76.8454543540561,39.10724968358052],[-76.84851052054043,39.107389185541074],[-76.8532545752416,39.10948117355652],[-76.85749693121913,39.110143423532215],[-76.86199919424791,39.10983267730448],[-76.86403381262969,39.11048795658283],[-76.86386936886858,39.10944890503564],[-76.86446680516805,39.108866529282],[-76.86445806045148,39.11055415132168],[-76.87022446316026,39.11212930537586],[-76.87148867283261,39.11401544560256],[-76.87318577833723,39.11428011430248],[-76.87335036630463,39.11531915449669],[-76.8705535493368,39.11420739272583],[-76.87005131209361,39.11277788484573],[-76.86352296293882,39.11074604543773],[-76.85766128540071,39.11118248364543],[-76.85189523034174,39.10960674721935],[-76.85121102984532,39.110513339086246],[-76.8518861934666,39.11129436860167],[-76.85042200771805,39.11511944783882],[-76.85009349335056,39.11304130688265],[-76.85147099950463,39.109540509624615],[-76.84231150593276,39.10743437654527],[-76.84111629211112,39.10859891195953],[-76.84154978489542,39.10697756511134],[-76.84019977467526,39.10541539158092],[-76.83671951511174,39.105209397500666],[-76.837403846492,39.10430288632023],[-76.83468529103159,39.10455367191916],[-76.8352923426506,39.102283819210726],[-76.83427999587352,39.10111214048687],[-76.83258333985214,39.10084694143642],[-76.82858283913332,39.102586295958346],[-76.8291900649719,39.100316473906354],[-76.82783085000052,39.10044178423095],[-76.82953703413014,39.09901943184267],[-76.82631737580445,39.09784036487045],[-76.82539199211537,39.096344356534566],[-76.82377255463344,39.09744239485087],[-76.82207602267513,39.09717705257784],[-76.82031226109953,39.09386071284945],[-76.82354133905768,39.09335232046527],[-76.82455340453657,39.09452408491016],[-76.82670286523495,39.08979287572911],[-76.82551733845925,39.089269644300074],[-76.82552698501003,39.087582031963755],[-76.82773412314492,39.08758938809834],[-76.82825452006385,39.08564383551078],[-76.82145976254444,39.08627018570749],[-76.82077540209366,39.08717660602042],[-76.81772013911184,39.087036422811124],[-76.81754657922671,39.08768492596559],[-76.81713234901,39.08593096028636],[-76.81492526233794,39.08592341588696],[-76.81620730608016,39.08443488692054],[-76.81891537318118,39.085872117110775],[-76.81959974454789,39.084965707259556],[-76.82138274303553,39.08490682869712],[-76.821218967032,39.0838677258745],[-76.8246114156234,39.08439840935925],[-76.82758944685123,39.08317507037517],[-76.83055784906301,39.08363927127162],[-76.82937239492233,39.083116077211685],[-76.82980599771108,39.08149477911943],[-76.82854343573261,39.07960822686153],[-76.82924674555638,39.07532654691637],[-76.82959359439872,39.0740295107289],[-76.83172312084588,39.072673447103476],[-76.83333242334686,39.07326291822236],[-76.83300458681445,39.071184748505615],[-76.83190601452823,39.07033731847204],[-76.82968985249605,39.07201764375653],[-76.83046066234404,39.07078691736304],[-76.83029678837447,39.06974782919326],[-76.82952598677157,39.07097855433876],[-76.82460200939924,39.07122179357904],[-76.82359995635824,39.06836242833831],[-76.82055523798512,39.066534709615205],[-76.8185124358264,39.067566329347024],[-76.81696061080555,39.071715234158766],[-76.81611265598343,39.07158252006393],[-76.81481105056301,39.076446259028806],[-76.81675753692913,39.07742655674461],[-76.81539872864198,39.07755173059766],[-76.81505160964706,39.07884872798515],[-76.81395313087498,39.0780011380635],[-76.81242072266886,39.07877477619349],[-76.81132227569923,39.07792716302888],[-76.81201662560545,39.07533318886484],[-76.81320182783142,39.07585654771581],[-76.81431017077904,39.075016536405805],[-76.81441675562981,39.07131707452484],[-76.8172307368381,39.069054877501365],[-76.81699013814074,39.066652417036686],[-76.81613238067153,39.0682073083517],[-76.81401260551607,39.06787549835298],[-76.81348203095004,39.071508590835485],[-76.8109282189477,39.072797966074994],[-76.81142901691065,39.07422770175071],[-76.80837431633216,39.07408728912982],[-76.8086246921718,39.07480216248711],[-76.80659157276197,39.07414598095642],[-76.80403754584472,39.075435215198],[-76.80317940759713,39.076990019558515],[-76.80285241649008,39.07491176898643],[-76.80506928717658,39.073231921517674],[-76.80956948716087,39.072923076083875],[-76.81324154804147,39.06910612205046],[-76.81154571595661,39.068840637446456],[-76.81265397105886,39.06800064197642],[-76.8104474293237,39.06799301807925],[-76.80952275228424,39.06649689986619],[-76.80485944863489,39.06576662232188],[-76.8023260500147,39.06368061227648],[-76.80034944368465,39.0677629004675],[-76.79839316387326,39.068469951214176],[-76.79761154351168,39.071388082655],[-76.796339671191,39.07118881130549],[-76.7951443169712,39.07235289672948],[-76.79439362731759,39.070208194918465],[-76.79634999282185,39.069501206918524],[-76.79618660941509,39.06846207407207],[-76.79797950536529,39.066715927904326],[-76.80044650292935,39.065751058521286],[-76.80011964051981,39.06367280498284],[-76.80147821565296,39.06354779851054],[-76.80225959648362,39.06062964685644],[-76.80031375543457,39.05964912504108],[-76.79802063419066,39.05996551830162],[-76.79776012654003,39.06093822689499],[-76.79309729771448,39.06020750862989],[-76.79283672331476,39.06118020694076],[-76.78877156830478,39.0598672973375],[-76.78772900219518,39.06375805178219],[-76.78568581230748,39.06478913125581],[-76.7839901816628,39.06452327079737],[-76.78434838561044,39.06153876263945],[-76.78570694796336,39.06141392866482],[-76.78420639575093,39.05712441574274],[-76.78607562444913,39.05674181753682],[-76.78812909290737,39.0540231340907],[-76.78874767145281,39.05006593209624],[-76.78782366899736,39.04856965718766],[-76.78324861945306,39.04751434241682],[-76.78446494370533,39.04297518511272],[-76.78726823170106,39.04240127285389],[-76.78761567227745,39.04110436151857],[-76.79151650157257,39.04137817062498],[-76.79220079567565,39.040471918882574],[-76.79456979536909,39.04151899684348],[-76.79542769908515,39.03996426170885],[-76.79712279881447,39.04022996493936],[-76.79882817068764,39.0388080495713],[-76.798501475645,39.03672980156303],[-76.79952259274577,39.036214163162114],[-76.80037010483201,39.03634698964068],[-76.7991753879097,39.03751110670872],[-76.80376018413794,39.03687823775315],[-76.80587900885756,39.037210220858974],[-76.80689000826983,39.038382117292784],[-76.81079076400728,39.038655320957936],[-76.81249583165278,39.03723321832821],[-76.81234223552748,39.03450651726492],[-76.81318975111968,39.03463925622715],[-76.81546226197852,39.03769777595244],[-76.81375724145738,39.039119919417196],[-76.80899886765066,39.04040164337172],[-76.80459758634095,39.03869863076401],[-76.80103382553696,39.038815879771626],[-76.79899152521223,39.03984717352978],[-76.79898126910143,39.04153476932075],[-76.7959279660993,39.04139405154255],[-76.7948199233302,39.0422338938867],[-76.79668871335568,39.04185113699209],[-76.79854721729119,39.04315594823147],[-76.7991241255809,39.04594908724323],[-76.79835304864613,39.047179613767526],[-76.79936406537828,39.048351573468096],[-76.80073257214852,39.04653897771411],[-76.80505756447714,39.0468787717774],[-76.80097256704488,39.0489414610777],[-76.80392925884851,39.05109389383424],[-76.80510389203887,39.05330492728682],[-76.80688612573265,39.053246257024924],[-76.80885194203876,39.050851474673216],[-76.81291695543777,39.05216372514718],[-76.8130805413533,39.05320283296751],[-76.80815771304181,39.053445419789774],[-76.80950606952874,39.05500792625091],[-76.80897536365086,39.05864099113755],[-76.81041061382678,39.059879245265165],[-76.81151874542141,39.059039261265774],[-76.81388862843713,39.06008597414606],[-76.81254008355768,39.058523513851],[-76.81559413815322,39.05866382368496],[-76.81323420467479,39.05592954193081],[-76.81831104325089,39.058413457710444],[-76.82899552761096,39.05974751899976],[-76.8296023827232,39.05747771281512],[-76.83129801563884,39.057742950444975],[-76.83018059794153,39.06027071444003],[-76.83525831871216,39.062753939577036],[-76.83542224784028,39.0637930198961],[-76.83568226171015,39.06282023191653],[-76.83865922255583,39.06159663247301],[-76.83859124600231,39.058545687839676],[-76.84266647105103,39.0581693622646],[-76.839584436921,39.063092532473384],[-76.83762866461434,39.06380020028447],[-76.83847656791129,39.06393276736667],[-76.84048180118613,39.06965124665704],[-76.84217775779678,39.06991633637489],[-76.84439356703368,39.06823578902826],[-76.8471973555081,39.06766052182783],[-76.84609867102536,39.066813217818556],[-76.84720649582393,39.06597291453157],[-76.8479085743835,39.06169113961325],[-76.84951776497093,39.06228039994772],[-76.84992356507529,39.06572185693589],[-76.8483917987174,39.066495936839374],[-76.84966373142991,39.06669467521303],[-76.85459628662811,39.06476283562262],[-76.85495159268358,39.06177812460829],[-76.85605030425099,39.06262534957061],[-76.86003910675731,39.0625727307544],[-76.86039417862528,39.05958800534591],[-76.86285132931103,39.06030950439823],[-76.86300687466236,39.06303615485428],[-76.8583343750858,39.06399549216912],[-76.85296898773997,39.06754885566001],[-76.84676422320209,39.06928187647879],[-76.85430959348781,39.07079848827179],[-76.85507997349093,39.0695676094733],[-76.85677598137134,39.06983249993932],[-76.85848088045194,39.06840975841459],[-76.86179512014166,39.06757609574007],[-76.85829884580839,39.0707459252548],[-76.85532184090448,39.071969997253646],[-76.855071015543,39.07125521843665],[-76.85379898823486,39.07105653525159],[-76.85353918739075,39.072029362568244],[-76.85244036293432,39.07118211396771],[-76.84650433454273,39.0702546887723],[-76.84412443831184,39.07089620423309],[-76.84437515477693,39.07161100509485],[-76.84174450006961,39.07153767418667],[-76.84316209340089,39.076150771212276],[-76.84254625599003,39.08010826200883],[-76.84126482813785,39.08159706142654],[-76.84601616040386,39.08200170363058],[-76.84814561397874,39.08064535661326],[-76.84866541471567,39.078699721105956],[-76.85571902633505,39.07709905209578],[-76.8576660818092,39.07807870908136],[-76.85970862348675,39.077046443764516],[-76.86276354715712,39.07718559454214],[-76.8633694932046,39.07491561644148],[-76.86540314641132,39.07557086900304],[-76.86659742787107,39.074406107358186],[-76.86676183134394,39.0754451484572],[-76.86990323385588,39.07525983852742],[-76.87057827083541,39.076040761341545],[-76.87381472835696,39.07384345331037],[-76.87508685913149,39.07404193169523],[-76.87415225947001,39.07423390443699],[-76.87397071400588,39.076570096673606],[-76.87210143882422,39.07695401852231],[-76.87064760664175,39.079091697927154],[-76.86895133212678,39.0788269963498],[-76.8664156391201,39.076742288623706],[-76.8624172752771,39.078482723981935],[-76.86249505779973,39.079846053818734],[-76.86072104496179,39.07821791009602],[-76.85783036589248,39.079117762689606],[-76.85163376866677,39.07916341822132],[-76.85043916920513,39.08032803705524],[-76.85025684618003,39.082664197186816],[-76.84796321642379,39.08298151351605],[-76.84727921756206,39.083888079176916],[-76.84464811547882,39.083814809578996],[-76.84564203079205,39.0883616266727],[-76.84164253009571,39.09010139733432],[-76.84171993525413,39.09146474307933],[-76.8435030752442,39.09140554710689],[-76.84680023037558,39.09394751071941],[-76.84977827930757,39.09272363790378],[-76.848852477773,39.09122780570853],[-76.85089551428231,39.09019568273948],[-76.85132867906867,39.08857430746501],[-76.85191701077154,39.089679608736795],[-76.85539656953834,39.089885176770935],[-76.85607158647264,39.09066618048856],[-76.85633142004735,39.08969334453859],[-76.8593002720177,39.09015685948423],[-76.85947346514142,39.089508297787425],[-76.86711644530716,39.08901224128145],[-76.87585019008093,39.091050385323435],[-76.87619628204926,39.0897532154483],[-76.88035119145887,39.090738975626586],[-76.88383917363953,39.08925613060575],[-76.88638403656034,39.08965287023493],[-76.89199255639238,39.088500373197995],[-76.89317854899984,39.08902297036603],[-76.88816709549502,39.089593033539224],[-76.88612460550931,39.09062576895398],[-76.88959614742718,39.09251799732227],[-76.8894232160187,39.093166601326516],[-76.88696469041251,39.0924456234744],[-76.88485215424606,39.090427402956806],[-76.87677654511891,39.09254601631815],[-76.87592823810407,39.092413709919434],[-76.87618781206409,39.09144083216223],[-76.87516646323293,39.09195710578776],[-76.86541123190969,39.09043510666932],[-76.85996648655461,39.09262545799918],[-76.85870294814531,39.090739208337794],[-76.85835653918264,39.092036329720436],[-76.856660007262,39.0917714597409],[-76.8558894186034,39.09300235337157],[-76.85232307754254,39.0931210751588],[-76.85103256569118,39.096297595467405],[-76.8523050273493,39.09649630789762],[-76.8521317535778,39.09714486045642],[-76.85526517480292,39.09864753714606],[-76.85959352343681,39.098985435618616],[-76.8608748823636,39.09749644240179],[-76.8634199084533,39.09789365282459],[-76.86563607952829,39.09621271802481],[-76.87276900986602,39.09597440803603],[-76.87404152527786,39.096172897938885],[-76.87284700536165,39.09733773583079],[-76.87403300449304,39.09786051654534],[-76.87385992143173,39.09850909954253],[-76.8725873655977,39.09831060769253],[-76.87266536019277,39.09967393620498],[-76.87122826314041,39.09843639246441],[-76.87148792155286,39.0974635234183],[-76.8663112653164,39.09699366705807],[-76.86545420530125,39.098548907356815],[-76.8631601404684,39.098866505093554],[-76.86043304038695,39.100805472261264],[-76.85873629612068,39.10054063018367],[-76.85847645595364,39.10151347315356],[-76.8573771279804,39.100666263567405],[-76.8542345949817,39.10085125770753],[-76.85364613755233,39.09974596507767],[-76.85220033487434,39.100195819283094],[-76.84992432275699,39.097137937563424]],[[-76.83072076764118,39.0698141385451],[-76.83123144608756,39.06955618646238],[-76.83080746785967,39.06948987885612],[-76.83072076764118,39.0698141385451]],[[-76.78877156830478,39.0598672973375],[-76.78843456264454,39.059476615467105],[-76.78834768536187,39.05980084497724],[-76.78877156830478,39.0598672973375]],[[-76.83499829940575,39.06372672665794],[-76.83422764126055,39.06495747963343],[-76.8346515961707,39.065023775515776],[-76.83499829940575,39.06372672665794]],[[-76.86676183134394,39.0754451484572],[-76.86574064035428,39.07596134309864],[-76.86667528444653,39.075769433560374],[-76.86676183134394,39.0754451484572]],[[-76.84670441702205,39.09595939908281],[-76.84721522248195,39.09570138006739],[-76.84679107710393,39.09563512667959],[-76.84670441702205,39.09595939908281]],[[-76.83833893002823,39.104111188897164],[-76.83782803391306,39.10436917184807],[-76.83825222210815,39.10443545592943],[-76.83833893002823,39.104111188897164]],[[-76.83833893002823,39.104111188897164],[-76.8388498225149,39.10385320385942],[-76.83842563717427,39.10378692182459],[-76.83833893002823,39.104111188897164]],[[-76.83140710177577,39.09863614870293],[-76.8308962195484,39.09889410289662],[-76.83132036945167,39.098960410560885],[-76.83140710177577,39.09863614870293]],[[-76.83140710177577,39.09863614870293],[-76.83191798037535,39.0983781924222],[-76.83149383332565,39.09831188680439],[-76.83140710177577,39.09863614870293]],[[-76.83242885534716,39.09812023405458],[-76.83209143752484,39.0977296679034],[-76.83200470933717,39.09805393018314],[-76.83242885534716,39.09812023405458]],[[-76.83336387243558,39.09792857427864],[-76.833026450477,39.0975380106797],[-76.83293972669121,39.09786227359992],[-76.83336387243558,39.09792857427864]],[[-76.8343856021609,39.097412643615854],[-76.83404817710598,39.09702208282851],[-76.83396145849609,39.09734634642988],[-76.8343856021609,39.097412643615854]],[[-76.8365251165146,39.09436887665645],[-76.83339226744737,39.09286572883246],[-76.83203319910436,39.09299108492807],[-76.83168630329438,39.094288132479534],[-76.83524331377036,39.095857617943],[-76.8365251165146,39.09436887665645]],[[-76.84789933335402,39.09479481275727],[-76.84756184781823,39.09440428884986],[-76.84747519264441,39.09472856171515],[-76.84789933335402,39.09479481275727]],[[-76.83759360817814,39.08541485215688],[-76.8372562215928,39.08502430095626],[-76.83716953161638,39.08534856606626],[-76.83759360817814,39.08541485215688]],[[-76.83208889645371,39.06800119055825],[-76.83149153666425,39.068583406247335],[-76.83191551022847,39.06864971150864],[-76.83208889645371,39.06800119055825]],[[-76.83208889645371,39.06800119055825],[-76.83277293526614,39.067094711138196],[-76.8323489699902,39.067028408821],[-76.83208889645371,39.06800119055825]],[[-76.83328358732274,39.066836750747996],[-76.83303299640431,39.066121928127785],[-76.83285962308567,39.06677045017629],[-76.83328358732274,39.066836750747996]],[[-76.83396760027722,39.06593026494087],[-76.83371700575714,39.065215443816484],[-76.83354364070364,39.06586396671388],[-76.83396760027722,39.06593026494087]],[[-76.79123845565456,39.058902611959454],[-76.7909014412086,39.05851193684742],[-76.79081457608193,39.058836168027014],[-76.79123845565456,39.058902611959454]],[[-76.79150947539904,39.05624231741046],[-76.79184648259064,39.056632990716395],[-76.79193334048219,39.05630875894162],[-76.79150947539904,39.05624231741046]],[[-76.7915963343269,39.05591808589371],[-76.79041161274606,39.05539452286999],[-76.79007461900692,39.05500384575713],[-76.79023788479857,39.05604298414492],[-76.7915963343269,39.05591808589371]]],[[[-76.7783066248418,39.07748411125088],[-76.78619905720292,39.07770796607365],[-76.78509034832692,39.0785477270371],[-76.77982866282781,39.078398499214714],[-76.7771001085282,39.08033563008471],[-76.77726324570197,39.08137479025594],[-76.77386043920598,39.08253042068627],[-76.77490401711309,39.07863976942501],[-76.77659994388499,39.0789057545589],[-76.7783066248418,39.07748411125088]]],[[[-76.78391794485476,39.0895131244565],[-76.78885379584389,39.08758388718292],[-76.7931811756379,39.08792409729942],[-76.79472434325645,39.08546308592578],[-76.79649705381244,39.087092173546175],[-76.79402927925395,39.08805696827181],[-76.79376861745922,39.089029673472524],[-76.79774862205805,39.09066666443335],[-76.79986898781937,39.09099875327223],[-76.80582632400603,39.08855318700797],[-76.80513162677521,39.09114713291911],[-76.80258715613039,39.09074872969531],[-76.80257697634829,39.09243634120175],[-76.79740112535356,39.091963615651295],[-76.79207239157584,39.088763922138284],[-76.78646226982539,39.08991190976492],[-76.79161703491776,39.093760312141484],[-76.78678885963114,39.09199020920123],[-76.78544030542523,39.0904274457281],[-76.78060181221437,39.09034471297899],[-76.77982995047473,39.09157513435346],[-76.77440421122938,39.090386517777695],[-76.77660064601871,39.09208239096368],[-76.77691618721312,39.095848327574316],[-76.77776435357133,39.09598130972831],[-76.77699238389714,39.09721171478716],[-76.77825391299018,39.09909879670051],[-76.78053766258269,39.10047037821157],[-76.7831693026275,39.10054500525943],[-76.78654114432915,39.104451956449076],[-76.79028199292092,39.10368665498277],[-76.78822720118528,39.10640539884169],[-76.79163089741324,39.10524936984903],[-76.79058783312519,39.109140181006126],[-76.78634614682943,39.108475648213606],[-76.78720501728014,39.106920950928874],[-76.7850736560745,39.10827626017285],[-76.78337701260108,39.10801038920384],[-76.78101668883451,39.10527547072672],[-76.779059210722,39.10598222200872],[-76.77991820763698,39.10442757581445],[-76.77661213339947,39.103571446543334],[-76.77501344182383,39.10129362508298],[-76.77365411535108,39.101418343040656],[-76.77426304742053,39.099148790177956],[-76.77012003390205,39.09647187215255],[-76.77238184587056,39.08804216642761],[-76.77407798285788,39.0883081864419],[-76.7748499072915,39.0870778015399],[-76.77654603080298,39.087343787825695],[-76.77611120480363,39.08896490160084],[-76.77848155364511,39.09001229550539],[-76.78112349077047,39.088399356974094],[-76.78137364781345,39.08911428709479],[-76.78391794485476,39.0895131244565]],[[-76.7848529790237,39.08932182990814],[-76.7851901038491,39.08971252361745],[-76.78527703098493,39.08938829454858],[-76.7848529790237,39.08932182990814]]],[[[-76.82670303385645,39.10465715423398],[-76.83292077479678,39.10123750648375],[-76.83444399756218,39.10215122945721],[-76.83383692054471,39.10442107796529],[-76.83017369787272,39.10655104691654],[-76.82762855043539,39.10615315518001],[-76.82670303385645,39.10465715423398]]],[[[-76.8064099806275,39.10452298135103],[-76.80079886848368,39.10567161952131],[-76.80172386449814,39.10716781355387],[-76.79985342070589,39.10755065074664],[-76.79814645507957,39.10897259796662],[-76.7982230639945,39.11033597555293],[-76.79737469259601,39.11020313263427],[-76.79790635532454,39.10657008272399],[-76.79917885140213,39.106769339351125],[-76.80021118510312,39.10456607309679],[-76.80284299366038,39.104640283713564],[-76.80276630405056,39.10327691046961],[-76.80608277317931,39.10244472858164],[-76.80693106989712,39.10257751188057],[-76.80582222115093,39.10341746169675],[-76.8064099806275,39.10452298135103]]]]},"properties":{"lid":"GFLV2_moderate","stage_ft":13.0,"site_id":"01646000","level":"moderate"}}]}