{"type":"FeatureCollection","features":[{"type":"Feature","geometry":{"type":"MultiPolygon","coordinates":[[[[-77.34245294562588,38.86255067036976],[-77.34414349413962,38.86112132750214],[-77.34617547820125,38.86176868326431],[-77.34532659679994,38.859952016967384],[-77.34659381498743,38.85845809058506],[-77.34532417837362,38.858264447708926],[-77.34549249395849,38.85761523989743],[-77.34667796772416,38.858133485832354],[-77.34650721572373,38.85709512628243],[-77.34946967145711,38.857546911082736],[-77.34854160138093,38.859430012078185],[-77.34930390196,38.85988369345764],[-77.35082598575012,38.859103472907194],[-77.3544667645776,38.86033341382005],[-77.35379116431734,38.86124272388328],[-77.35150672618568,38.861569317801944],[-77.35125431834203,38.86254314214569],[-77.34820749835683,38.86241600575127],[-77.34888568008817,38.8631942958273],[-77.34549976120003,38.86267794826541],[-77.34558634825738,38.86404091414472],[-77.34245294562588,38.86255067036976]]],[[[-77.37716691783852,38.87121484242086],[-77.379448334265,38.86920020443392],[-77.38384942012355,38.869195204552106],[-77.38324821687038,38.86471733579417],[-77.38562330074885,38.86744066440066],[-77.38960097641095,38.867371047320425],[-77.38892917770283,38.86996811982035],[-77.38740388186164,38.869061238983335],[-77.38672861168868,38.86997072950435],[-77.38613395221238,38.86886801407066],[-77.38452804551814,38.86997330011133],[-77.38334211010283,38.86945541565075],[-77.38385273100533,38.87088277505832],[-77.38038219101436,38.87069201069881],[-77.38013013743507,38.87166589485442],[-77.37852089045641,38.87108353243046],[-77.37674675017121,38.8728379716574],[-77.37776463082415,38.87400517247283],[-77.37514683261772,38.877318280260084],[-77.37657553530403,38.87179965182595],[-77.37589697781185,38.871021512552204],[-77.37716691783852,38.87121484242086]]],[[[-77.33467078989703,38.86541269719772],[-77.33314840142545,38.86619271984631],[-77.33348528312166,38.86489433594975],[-77.3345001919063,38.86437432024034],[-77.33467078989703,38.86541269719772]]],[[[-77.33782885259055,38.885466438789614],[-77.33596474364364,38.88416974742683],[-77.33587831264025,38.88280677157437],[-77.33858909555957,38.88423261290411],[-77.3436694208628,38.8850073847735],[-77.34341682708062,38.885981195860715],[-77.3420625144609,38.88611212253346],[-77.33782885259055,38.885466438789614]]],[[[-77.34191750662407,38.90363709419125],[-77.34310133551348,38.90246779887577],[-77.3453028845472,38.90246596389573],[-77.34648419339324,38.8996090587728],[-77.34487218897299,38.89733868026853],[-77.34817055151072,38.894804500940815],[-77.34690764606341,38.89967360420204],[-77.3529150445837,38.89687732350827],[-77.35841985543514,38.89771601546143],[-77.35977160000904,38.89589733328811],[-77.36061293893984,38.89265117975169],[-77.3598502250984,38.89219756617436],[-77.36162244669852,38.88875578970539],[-77.36111213604566,38.88732833566359],[-77.3621271600999,38.886808092303426],[-77.36297394510251,38.88693707464447],[-77.36212996865858,38.88849566692492],[-77.3634001767137,38.8886891382792],[-77.36128874530556,38.89174182907656],[-77.36095501655822,38.89472786865904],[-77.36688028544506,38.89394310452359],[-77.36865517724424,38.89218880205039],[-77.37043298458589,38.89212204973256],[-77.3707693217104,38.89082356052184],[-77.37263422021195,38.892119729409174],[-77.3700966354725,38.89342053824071],[-77.36840289253817,38.893162664887406],[-77.36713551794625,38.8946568204872],[-77.36493420549431,38.894659043166044],[-77.36341152997115,38.895439440342095],[-77.36366673373223,38.89615316358123],[-77.36171776376827,38.89518147558208],[-77.3612971136787,38.89680455716322],[-77.3599426320102,38.89693567937593],[-77.3579991172342,38.899339086369864],[-77.3543563294352,38.89810924344009],[-77.35147893283437,38.89902054079098],[-77.34784122702523,38.90116566116786],[-77.34352955833475,38.90590751293875],[-77.34191750662407,38.90363709419125]]],[[[-77.32467504531081,38.93104072016288],[-77.327295067801,38.92604107230022],[-77.32975024871453,38.92506573025847],[-77.33161108815283,38.922987355329276],[-77.34228259764929,38.9225896449007],[-77.34473746145328,38.92161400661379],[-77.34702627329976,38.92297511746817],[-77.3588028741136,38.92510641216887],[-77.35897396090238,38.92614476355192],[-77.3643098866232,38.92594484571393],[-77.36321017503332,38.926789728374935],[-77.36363664559194,38.92854180023894],[-77.36211043792579,38.92763460138081],[-77.35906087561298,38.92750773085963],[-77.35770311129605,38.925951245899334],[-77.34711296061877,38.92433809255517],[-77.34524769138893,38.92304153434763],[-77.34109842852048,38.92375893548323],[-77.33728616745593,38.92317779413992],[-77.33610190854225,38.9243470371026],[-77.33262894622251,38.92415493414745],[-77.32467504531081,38.93104072016288]]],[[[-77.35017250104733,38.931215591467215],[-77.3543273582117,38.93387305515116],[-77.35729298614038,38.93432465729174],[-77.35814303315614,38.936141258672684],[-77.35585359966319,38.93478035056061],[-77.35365107388223,38.934782372897914],[-77.34856217772744,38.93063283562136],[-77.3441573765604,38.93063658222604],[-77.34297310667642,38.931805891985974],[-77.34509612921642,38.93550383628722],[-77.34840119705171,38.93634480877359],[-77.3482327254074,38.93699402698726],[-77.34569071134935,38.9366067579482],[-77.34365426086268,38.93427180260799],[-77.34221479009226,38.93472733758991],[-77.34237860490492,38.930702958027084],[-77.33619281104144,38.92908518772472],[-77.33627930286069,38.930448171503926],[-77.33509272585098,38.929929821381094],[-77.33492415039824,38.93057902093895],[-77.3322981313506,38.93051607746735],[-77.33196092489518,38.93181446891795],[-77.33085866379348,38.930971480414584],[-77.32882692329143,38.932011452644545],[-77.33128857151372,38.936098835490725],[-77.32968034973227,38.93720342009101],[-77.3276423848821,38.93318061622351],[-77.32577920372431,38.933571348859935],[-77.32518494797874,38.9324683322353],[-77.32907782758011,38.92935008089388],[-77.33221171396656,38.9291530909003],[-77.33534339397642,38.92726843771625],[-77.33915585368547,38.927849639100465],[-77.34297074040565,38.93011830746381],[-77.34584947226107,38.9292072038539],[-77.35008574827532,38.92985261724859],[-77.35017250104733,38.931215591467215]],[[-77.34525736728177,38.929791868088394],[-77.3455967543134,38.93018102495542],[-77.34568099438032,38.929856417964395],[-77.34525736728177,38.929791868088394]]],[[[-77.33087117879873,38.941096995931574],[-77.33221806495357,38.93421584555228],[-77.33391263455695,38.93447421468639],[-77.33391479103115,38.93616180038436],[-77.33527004921002,38.93603096187717],[-77.33501716608717,38.937004762328534],[-77.33645672690753,38.936549310737895],[-77.33696689915071,38.937976875445905],[-77.34018540884156,38.93745508226953],[-77.34035625914134,38.93849346107428],[-77.33883240353252,38.93927356084873],[-77.3409531136479,38.941283992685975],[-77.33781872876962,38.941481203888],[-77.33739280371056,38.93972904018395],[-77.33561380376187,38.939795319048],[-77.33493505041524,38.93901694874175],[-77.33468215244095,38.93999074891434],[-77.333156065629,38.939083192349706],[-77.33239515786538,38.94031699376725],[-77.33332896256233,38.94180916810297],[-77.33265234227525,38.94271837233512],[-77.33087117879873,38.941096995931574]]],[[[-77.32299010431366,38.939220153966275],[-77.32027389889099,38.93441878903251],[-77.32451606727226,38.940127835618384],[-77.32265269155971,38.940518521665325],[-77.32299010431366,38.939220153966275]]],[[[-77.36536870257838,38.95073835936866],[-77.36375782578924,38.950155799241834],[-77.36426290773224,38.94820807725379],[-77.36782420610422,38.94976226029384],[-77.3674063101429,38.953072963528186],[-77.36638749002431,38.95190566553404],[-77.36545576637867,38.95210132686358],[-77.36536870257838,38.95073835936866]]],[[[-77.34681778564557,38.954325494866175],[-77.3478338460181,38.95380536390982],[-77.350379010791,38.95588018004949],[-77.34495416624657,38.95471651671243],[-77.33978696167868,38.95595398466094],[-77.34079382872959,38.94868355295263],[-77.3451178746047,38.95069212223027],[-77.34130649934275,38.9517986915327],[-77.34164830412774,38.95387545018137],[-77.34613877702556,38.95354718427084],[-77.34681778564557,38.954325494866175]],[[-77.34164830412774,38.95387545018137],[-77.3411402531703,38.95413549136767],[-77.34156401828328,38.954200055526755],[-77.34164830412774,38.95387545018137]]],[[[-77.36125433924562,38.97339512829063],[-77.35964023975463,38.971124918710046],[-77.36031678695599,38.97021556356261],[-77.35938481258859,38.970411179822406],[-77.35946628771497,38.96839896819457],[-77.36166702966779,38.96670924963585],[-77.35937931658142,38.96703599325988],[-77.3592081278901,38.965997636425165],[-77.36030847833216,38.965152784561674],[-77.36055834576358,38.96249133675064],[-77.361829840944,38.96268482613797],[-77.36199825077203,38.962035587083136],[-77.36217228243054,38.96476153148044],[-77.36403892230292,38.96605784272477],[-77.36200667658062,38.967098363636225],[-77.36108032132378,38.97066917911362],[-77.36243899214155,38.97222563701317],[-77.36134414682556,38.976445698181735],[-77.35880068495358,38.97605869563058],[-77.36117290796524,38.975407342597165],[-77.36125433924562,38.97339512829063]]],[[[-77.35568082547536,38.98638193820013],[-77.35864860192461,38.986833511416286],[-77.35839585513052,38.987807366754026],[-77.35542804052936,38.98735578742608],[-77.35568082547536,38.98638193820013]]],[[[-77.29761646683755,38.9927181146348],[-77.29914729060822,38.998688919676034],[-77.29745134886512,38.998430073107166],[-77.29753325389822,38.99473029270152],[-77.29693892687074,38.993627130866706],[-77.29558252700812,38.99375755163754],[-77.29676727020173,38.99090108369031],[-77.29583358534327,38.98940862340004],[-77.29312093407651,38.989669425796144],[-77.29235643000116,38.98752779151464],[-77.28913424341165,38.98636074823957],[-77.28828533278124,38.98454366106394],[-77.28557283583497,38.98480429830206],[-77.28548722920259,38.98344126861266],[-77.28379169143916,38.98318223604492],[-77.28557594646166,38.989867095812684],[-77.28667857502874,38.9907104939267],[-77.28464453507763,38.99174975137204],[-77.28277476332988,38.98370184465519],[-77.28124934393479,38.98448124202512],[-77.2803160597368,38.982988666507936],[-77.2781966756158,38.9826647838982],[-77.28022964086291,38.97993803606075],[-77.27870339567168,38.97902980441044],[-77.27895717835614,38.97805611300215],[-77.28175402778226,38.9774710548966],[-77.27997314798621,38.97584893965201],[-77.284296121378,38.976172039968624],[-77.28395784696338,38.97747030928058],[-77.28065257947416,38.97831521141334],[-77.28073901415134,38.981365840811115],[-77.28336682326648,38.98142987641141],[-77.28599568356715,38.98318145424196],[-77.28777143810306,38.97636549785214],[-77.29133130946828,38.97623428623168],[-77.29514724125944,38.97850444116685],[-77.29717945513774,38.97577741744652],[-77.30057029294741,38.976295093055946],[-77.30294304441719,38.975644853213],[-77.30786044686283,38.977070262749415],[-77.3094730626317,38.97934114753988],[-77.31176138633629,38.97901532345649],[-77.31413752475345,38.98174006331961],[-77.3153230705817,38.98057102049759],[-77.31795088124078,38.98063432382835],[-77.31820235092444,38.97797295541406],[-77.31921894594677,38.97745305701749],[-77.32532604501365,38.981083877445],[-77.32448017030784,38.98264223350428],[-77.32651735920665,38.98497752007875],[-77.33380865907135,38.98575116651701],[-77.3357596821781,38.98672330556542],[-77.33982596222792,38.98464308423984],[-77.33974392577703,38.98665528788048],[-77.3356753320141,38.98704790850096],[-77.33491614667038,38.98996933307526],[-77.33763090333065,38.99139521660517],[-77.33720915964449,38.99301823840897],[-77.33585064032216,38.991461499380904],[-77.3333933006827,38.99243697159877],[-77.33381081465373,38.98743876487333],[-77.32499238176209,38.98575745513764],[-77.32252940732309,38.98166991777035],[-77.31862803774743,38.979725194753044],[-77.31930699636209,38.98050365890389],[-77.31820952514767,38.9847233443986],[-77.32160467430958,38.988615643364966],[-77.32143771125392,38.99095242961403],[-77.32296473983197,38.991860137293244],[-77.32220310729609,38.99309388581268],[-77.32288222891805,38.99387233201115],[-77.3208467627074,38.993224582635406],[-77.3203328330788,38.98842174102541],[-77.31778738694118,38.98634629850168],[-77.31702042569508,38.982517219535524],[-77.31566426894324,38.982647859514856],[-77.31524208600868,38.98427080444281],[-77.31592453228478,38.98842448500654],[-77.31431151386788,38.9861536808907],[-77.3143925478502,38.98245389648481],[-77.31218857815436,38.9824551825589],[-77.31117023259749,38.981287426216205],[-77.30972962851686,38.98174258727281],[-77.31006746298944,38.98044424691833],[-77.30718471843687,38.979666929446005],[-77.3062509640725,38.97817455010302],[-77.30252061841121,38.977267753123144],[-77.30133492074394,38.97843667305191],[-77.29896071668271,38.97739928573089],[-77.29464009923996,38.98045188992857],[-77.29040022146684,38.97811698103531],[-77.28658869901416,38.98259706852878],[-77.28947133957635,38.98337486473267],[-77.2902357151037,38.98551651541112],[-77.2924397778594,38.9855156191743],[-77.29464633506194,38.98888988190104],[-77.29820680677435,38.98875847281224],[-77.29761515060167,38.99103051438977],[-77.29897284367583,38.99258767166005],[-77.30219546383111,38.99375446063816],[-77.30236590412113,38.99479290033443],[-77.30499421715913,38.99485647814786],[-77.30601265351166,38.996024287618994],[-77.3043182212343,38.99745313637455],[-77.30346880195798,38.99563614993421],[-77.30134894639811,38.995312662059995],[-77.29761646683755,38.9927181146348]],[[-77.29761646683755,38.9927181146348],[-77.29693762633367,38.991939530374964],[-77.29685309692836,38.992264107163095],[-77.29761646683755,38.9927181146348]]],[[[-77.3558680150353,38.99754589993984],[-77.3554466425569,38.99916898524603],[-77.35375048960063,38.99891090784469],[-77.35468284420898,38.99871533304312],[-77.35451164800584,38.99767696469714],[-77.3558680150353,38.99754589993984]]],[[[-77.33161932317999,38.99756599544319],[-77.33169948973953,38.993866193236165],[-77.33254534030482,38.992307785273624],[-77.3333933006827,38.99243697159877],[-77.33449652235171,38.99327994516861],[-77.33280484596906,38.99639678277693],[-77.33407685984353,38.99659055755812],[-77.33280697858184,38.99808438395367],[-77.3334884087391,39.00055037456663],[-77.33161932317999,38.99756599544319]]],[[[-77.31587314467772,39.02081354077434],[-77.31849880717722,39.01750161809993],[-77.31925712051765,39.01289267531447],[-77.31738652647269,39.00822047144958],[-77.31467153879231,39.00679414138425],[-77.31636598527699,39.00536514919316],[-77.31653665505736,39.00640357133292],[-77.31814839907575,39.00698674952515],[-77.31815019197042,39.00867435378204],[-77.3190827673715,39.00847904606706],[-77.31967389493818,39.00620689595044],[-77.3206064346156,39.006011576868104],[-77.3205182988355,39.00296096376718],[-77.32136822947646,39.0047778356234],[-77.3231488315459,39.0047117604182],[-77.31899831756166,39.008803638779014],[-77.31883122443648,39.011140429000456],[-77.3205293867652,39.013086589428035],[-77.31951412778525,39.01529410751674],[-77.32612902138581,39.01528974151726],[-77.32866756974936,39.010614599391765],[-77.32748375829104,39.01347138062523],[-77.3287560565874,39.01366521045991],[-77.32392598405049,39.016978842452254],[-77.32282252543834,39.0161357717407],[-77.31976932129717,39.01600793342254],[-77.31858507255164,39.018864632316415],[-77.31714377057547,39.01931988214978],[-77.31485935342829,39.02470863231901],[-77.31579388192486,39.026200957945015],[-77.31503348915662,39.02912227927798],[-77.32012368557322,39.02989803272184],[-77.3224980111094,39.02924741346378],[-77.32216017185073,39.03054579780257],[-77.31613705452148,39.02996542102153],[-77.31554908961472,39.035612786320684],[-77.31419364174535,39.03743102368642],[-77.31334519078936,39.0373017052531],[-77.31512142655046,39.03217290936677],[-77.314185133646,39.02899296676372],[-77.31494555914031,39.02607165068839],[-77.31443520119349,39.02464397623889],[-77.3131627490142,39.02444999931043],[-77.31451968976323,39.02431938578886],[-77.31485763650063,39.023021023589],[-77.31451627176901,39.020944169009624],[-77.31298873799811,39.02003635315965],[-77.31358183703193,39.01945183507029],[-77.31587314467772,39.02081354077434]]],[[[-77.33379111051563,39.03839153149119],[-77.33573253698955,39.030925621130685],[-77.33488194187747,39.029108839845144],[-77.33657651112237,39.02767956661786],[-77.33555714071701,39.026512001967795],[-77.33605688164477,39.01950154824181],[-77.33733378493689,39.023070505774626],[-77.33682968867052,39.02670574948994],[-77.33767805773972,39.026834907263755],[-77.33590133784377,39.03027641054543],[-77.33683636968964,39.03176857917624],[-77.33463961053089,39.03852071027723],[-77.33158755122513,39.040080774889475],[-77.3320096933637,39.03845775969533],[-77.33379111051563,39.03839153149119]]],[[[-77.32055896967564,39.040088340304884],[-77.31495931369473,39.03957254081074],[-77.31784272985188,39.03866207205696],[-77.32115217141332,39.039503784090115],[-77.32208701922427,39.040996066086414],[-77.32412383383341,39.041643800191096],[-77.33158755122513,39.040080774889475],[-77.33040129659537,39.0412499843302],[-77.32912851122516,39.04105617045763],[-77.32879073550166,39.0423545754353],[-77.32683831281041,39.041382318015394],[-77.32480342949408,39.04242224208514],[-77.3222578543491,39.04203448650416],[-77.32055896967564,39.040088340304884]]],[[[-77.30842831153677,39.04093933802336],[-77.31122734252718,39.04035360979982],[-77.31241223031675,39.037496970802714],[-77.31334519078936,39.0373017052531],[-77.31224485958812,39.0398337633029],[-77.31495931369473,39.03957254081074],[-77.31470579843803,39.04054631544588],[-77.31156706347039,39.04074286638885],[-77.30919385061965,39.043080891971776],[-77.30571679325955,39.04457564640334],[-77.30842831153677,39.04093933802336]]],[[[-77.32814958870529,39.073640903388174],[-77.32713371525995,39.07584850685402],[-77.32526687372572,39.07623924074519],[-77.32730069020445,39.07351167946504],[-77.32814958870529,39.073640903388174]]],[[[-77.29191663879105,39.08566917810687],[-77.29437893056095,39.086382138815736],[-77.29420962840737,39.08703129935361],[-77.29191663879105,39.08566917810687]]],[[[-77.31909813881063,39.101622623996555],[-77.32239909930587,39.09233852802933],[-77.32367084182083,39.090844783796086],[-77.32587809903902,39.09084329376352],[-77.32604712713686,39.09019408966185],[-77.32213983657412,39.08824944133241],[-77.31475896379236,39.092862575522105],[-77.318489988222,39.088706135993604],[-77.31492293581661,39.08715050128445],[-77.31475209944495,39.08611206240254],[-77.31899906113871,39.088446181784306],[-77.32239341863573,39.0872756432212],[-77.32562061422978,39.08844184299171],[-77.32681170828026,39.09064792520046],[-77.3289344585308,39.09097098350935],[-77.32901486484585,39.08727112359843],[-77.33079748142774,39.08720493776237],[-77.33198236380304,39.08434808826848],[-77.33350933521912,39.083568054277336],[-77.33249561382792,39.08746333268562],[-77.33105303833534,39.08791874945063],[-77.33139729299954,39.09168321148643],[-77.32443541496885,39.09129863400743],[-77.31909813881063,39.101622623996555]]],[[[-77.28835581875444,39.09255092278307],[-77.28775865274507,39.08807244108727],[-77.28954245687449,39.08969447533531],[-77.28835581875444,39.09255092278307]]],[[[-77.30916162671838,39.099097030892786],[-77.31009377893848,39.0972141565261],[-77.30669722987214,39.096696730409946],[-77.30576198147931,39.095204317628344],[-77.30890466519018,39.09669554179709],[-77.31068753128721,39.09662964427659],[-77.31229791155299,39.09383764714254],[-77.31475896379236,39.092862575522105],[-77.31043375968254,39.097603420208145],[-77.31111536384104,39.10006957629373],[-77.31001400424427,39.10260164330547],[-77.31043699161468,39.10097868311828],[-77.30916162671838,39.099097030892786]]],[[[-77.31621574012227,39.105908398164715],[-77.31816436779565,39.10181793502473],[-77.3185889739181,39.10188257925786],[-77.31867353375446,39.10155798150572],[-77.31909813881063,39.101622623996555],[-77.31799703390541,39.10415476247568],[-77.31876171168688,39.10460864873209],[-77.31748784732574,39.10441471335287],[-77.31621574012227,39.105908398164715]]],[[[-77.29991113405066,39.10409975876906],[-77.30339261219716,39.104292783512264],[-77.30432498059935,39.10240995054561],[-77.30899559208687,39.10312147743559],[-77.30958940155112,39.10253696977482],[-77.30916638617231,39.10415992756109],[-77.3080617746523,39.10331671263342],[-77.30449570624903,39.1034484069454],[-77.3024601954646,39.10617561016507],[-77.29991113405066,39.10409975876906]]],[[[-77.27095581952979,39.10170850690932],[-77.27010669495304,39.101578891620804],[-77.27061534011881,39.099631502779005],[-77.27188899534075,39.09982591825457],[-77.27095581952979,39.10170850690932]]],[[[-77.27308088910151,39.107095420296474],[-77.27426758949973,39.10255147770525],[-77.27520148785806,39.10235649639938],[-77.27401484906044,39.10690044773548],[-77.27308088910151,39.107095420296474]]],[[[-77.31396419360703,39.14673768018052],[-77.31481220576329,39.14517935007085],[-77.31761520374496,39.14459346646625],[-77.31617315020628,39.14673636249203],[-77.31311614504837,39.14829600500669],[-77.3131144657173,39.146608357521984],[-77.31396419360703,39.14673768018052]]],[[[-77.23070077673557,39.16610181998935],[-77.22883109582482,39.16649111191095],[-77.228320569369,39.17012601141565],[-77.22713052642511,39.17129426308242],[-77.22687537279764,39.172267882676955],[-77.2283199858356,39.173501324531856],[-77.22696010137318,39.173630999752696],[-77.22551479485881,39.17577285681415],[-77.22067016158135,39.175707254839864],[-77.22186082284976,39.172851406645464],[-77.22466526177705,39.173955271577256],[-77.22483576147238,39.171618537889024],[-77.22339124511896,39.170385056080015],[-77.22475144988312,39.16856776426554],[-77.2238169606839,39.16707471398619],[-77.22126755490548,39.166684879680275],[-77.2197376298064,39.167463546913105],[-77.21650862412015,39.166294580196656],[-77.21480845576782,39.16772225141371],[-77.21310886597365,39.167462244587014],[-77.21327908099222,39.16681318438146],[-77.21183418161891,39.167267224241094],[-77.20962532609558,39.165579034466674],[-77.2072455310094,39.16622751203135],[-77.20699012847247,39.16720108978191],[-77.20495083745976,39.16655141976122],[-77.20707604909865,39.1651889095048],[-77.20776016429197,39.15584209414276],[-77.20894952362394,39.15636168224265],[-77.20903389703913,39.15772480692769],[-77.20750247820298,39.16187862691365],[-77.20826631468387,39.164020851174286],[-77.21005092476555,39.163956396243236],[-77.21438417295275,39.16596959716625],[-77.21531904792792,39.16577506328385],[-77.2152345471273,39.16441194056391],[-77.21888833863632,39.16564592545193],[-77.22058790660016,39.165905853232736],[-77.22126801061992,39.164997225281496],[-77.22628168361659,39.166101380392625],[-77.22653715672855,39.16344010942744],[-77.2293413031592,39.16454386676486],[-77.22951163022415,39.16220713133186],[-77.23078627319205,39.16240197036619],[-77.23061646340774,39.161363400774036],[-77.23274104135358,39.160000453670335],[-77.22755793364496,39.15785798726684],[-77.22084684616141,39.15143103434671],[-77.21744785383021,39.15259881365519],[-77.2177030647583,39.15162521741695],[-77.21549454866316,39.14993713735353],[-77.2145598780977,39.15013167191257],[-77.21379600204571,39.14798949248444],[-77.21668442876752,39.14876900220488],[-77.21642921421972,39.149742595779465],[-77.21855319971452,39.15006754279511],[-77.21838307110698,39.15071660794431],[-77.22339571403504,39.151820876035245],[-77.22696333463875,39.15675445783285],[-77.22951242225987,39.15714417462315],[-77.23078674196377,39.15902666515528],[-77.23639501233217,39.15954627078625],[-77.23936915882989,39.158313058030835],[-77.23962409584581,39.15733941569012],[-77.24191834334204,39.15701486913971],[-77.2431929284296,39.15720958085321],[-77.24446760402998,39.15909193125914],[-77.2476965806571,39.158572518412576],[-77.24540220436343,39.15720951995361],[-77.24489229229958,39.15578152499824],[-77.2465917223642,39.15604109702389],[-77.24710137987113,39.154093783343455],[-77.2489708318532,39.15539186833456],[-77.24871566217448,39.15299022846027],[-77.25423837556376,39.15214593259907],[-77.25415315990973,39.15078284030375],[-77.25219882149092,39.14980939002903],[-77.25287837908326,39.14890059238813],[-77.25568236428904,39.15000375266239],[-77.25772125240894,39.148964940093194],[-77.25950458186502,39.14552448029795],[-77.2627328475046,39.14500467864807],[-77.2636667929638,39.14312213563989],[-77.26196760425145,39.14286279756501],[-77.26120335140635,39.14409620509578],[-77.2589095983535,39.144421106423806],[-77.25780495813086,39.143577438337864],[-77.25585146119407,39.14597934059434],[-77.25466193643594,39.145460202071725],[-77.25491662325051,39.14448653099078],[-77.25313253173245,39.14455162919498],[-77.25287754162466,39.14383764963472],[-77.24964925734177,39.14435719537724],[-77.24947921995414,39.14331865543074],[-77.24735529358168,39.14299423693284],[-77.24531642483105,39.144032878319756],[-77.24582603225304,39.14208557467711],[-77.24276766856647,39.141955840051146],[-77.24140841327515,39.14377331872267],[-77.24055884955595,39.14364350053541],[-77.24200307275872,39.14150148314694],[-77.24004914705206,39.14052784384615],[-77.24030401250793,39.13955420367543],[-77.24183315141954,39.1404629333554],[-77.24336227063858,39.13968399881749],[-77.24591084696367,39.140073378224955],[-77.24557090404952,39.137996289909346],[-77.24667518225512,39.13715242096413],[-77.24820469133306,39.14143636249901],[-77.25279208412613,39.14078691278073],[-77.25270690895246,39.13942382266546],[-77.25355644501278,39.13955355776685],[-77.25398151895686,39.141306068690284],[-77.25695499349581,39.14176008587452],[-77.25873942836436,39.14338257912784],[-77.25924867123393,39.14143522076804],[-77.26332632786185,39.14104509460404],[-77.2619666234804,39.13948750603168],[-77.26324043466614,39.13799436667875],[-77.2622206951364,39.13682617661477],[-77.26357982728557,39.136696117053965],[-77.26544798338183,39.134618661596335],[-77.26255959641006,39.133840286530805],[-77.26137069901353,39.135008856815475],[-77.2582277371965,39.13520406335182],[-77.26145507473264,39.13299665266905],[-77.25933139676451,39.13267243934949],[-77.25882138309603,39.13124450865971],[-77.25695275043593,39.131634220344566],[-77.25678263839356,39.13059569305609],[-77.25363985524639,39.130790783475675],[-77.25550848398154,39.13040112163526],[-77.25635755954366,39.128843195486226],[-77.25363896491257,39.125727859256514],[-77.25363866816222,39.124040218982366],[-77.25865124524424,39.13020598400849],[-77.2616242944804,39.130659888544905],[-77.26340856091157,39.13228231117187],[-77.26595698489733,39.13267127922853],[-77.26621147541806,39.13169758754885],[-77.2636625545187,39.12962098266801],[-77.26374632883855,39.12592113826714],[-77.26493559849963,39.126440187868496],[-77.26655078549683,39.13039933146126],[-77.26875924572622,39.13039885576998],[-77.27003275783636,39.12890564958358],[-77.26994862454316,39.13091785789177],[-77.27113731693272,39.129749206570665],[-77.27606452991272,39.1311759146891],[-77.27368493079379,39.12845037438656],[-77.27614849404743,39.12916370214383],[-77.27759223289644,39.128708919086264],[-77.2747887371265,39.12760625747989],[-77.27317391385526,39.12533486315487],[-77.274532811332,39.12520468419902],[-77.27436324128709,39.12585382253154],[-77.27801609683671,39.127086061050825],[-77.27877988514065,39.12585255446211],[-77.27767529654238,39.12500906601267],[-77.28064825186527,39.12546251527215],[-77.28098727474658,39.12416422142234],[-77.27843819579012,39.12208792251957],[-77.27699459385138,39.12254271480177],[-77.27724890090953,39.12156900250334],[-77.27427534994139,39.11942783367679],[-77.27376589986403,39.11968760621727],[-77.27087801752093,39.11890942664997],[-77.27079252859583,39.117546354893854],[-77.27257667766914,39.11916864175971],[-77.27461445856716,39.11812955874902],[-77.27512469062371,39.119557420938],[-77.27750320114907,39.120595289871694],[-77.27920192436508,39.12085441455829],[-77.27860684373017,39.11975114038729],[-77.28039030316592,39.119685677129425],[-77.280306467507,39.121697888754554],[-77.28378873704767,39.12189146317076],[-77.2843839139341,39.12299471300585],[-77.2865074206774,39.12331849789136],[-77.28472183953572,39.120008770839966],[-77.28693105395595,39.12169561121068],[-77.28845818844192,39.11922848677444],[-77.28480453007059,39.116308919368315],[-77.28896646517542,39.11728101623881],[-77.28845487138057,39.114165574698276],[-77.28624585058834,39.112478763888156],[-77.2891336418596,39.11325658554754],[-77.28913139923117,39.10988131421326],[-77.29049228475782,39.11312623249944],[-77.2897288291732,39.114359807931045],[-77.29074869565835,39.11552776719511],[-77.29338136730276,39.115591592295125],[-77.29312729743955,39.11656533643044],[-77.293976638266,39.11669479484553],[-77.2917685949419,39.116695718359765],[-77.29041103866778,39.118513723106865],[-77.29253444126651,39.118837404781786],[-77.29041218982236,39.12020136132717],[-77.29143214932267,39.121369316322166],[-77.29015920934525,39.12286273938145],[-77.29330276947374,39.124354365971826],[-77.29568042314033,39.1237042482487],[-77.2950003790909,39.1229256353586],[-77.29644258452248,39.12078299509951],[-77.29763332262723,39.122989370523776],[-77.29720992095127,39.124612294070396],[-77.29992759772708,39.12435139603881],[-77.29941684439176,39.122923634327094],[-77.3018804728075,39.12363645152161],[-77.3014543465666,39.12188411071915],[-77.30417337696747,39.12331075917679],[-77.30400407627558,39.12395993765297],[-77.30544753719158,39.12350483169811],[-77.30604002750329,39.12123269971361],[-77.30408578907074,39.12026007055998],[-77.30425508040817,39.11961089244614],[-77.30748342146076,39.12077757037076],[-77.30739724338048,39.11941452338329],[-77.3055276735552,39.11811732606143],[-77.30569694701143,39.11746814625748],[-77.30807582583839,39.11850542990656],[-77.30739260623817,39.114351611728694],[-77.30994224123351,39.11642731382766],[-77.31078998581212,39.114869020587314],[-77.31214861996865,39.11473843085126],[-77.31011308014085,39.11746576532624],[-77.30994384616046,39.118114951141145],[-77.31121793065364,39.118308964336315],[-77.31028553684523,39.12019185479747],[-77.31147504513447,39.12071045866667],[-77.30960696628951,39.1211009606345],[-77.30952553381547,39.12480083196361],[-77.31122446954862,39.12505951937918],[-77.31249701484025,39.123565880065485],[-77.31309264151591,39.12466899280505],[-77.3159812048973,39.12544619272572],[-77.31691351849798,39.12356325760783],[-77.31869703686468,39.123497244870684],[-77.31954650430113,39.12362652879232],[-77.31818951387365,39.12544483922974],[-77.31920817324901,39.124924927522855],[-77.32116273970014,39.12589731989005],[-77.3219238991283,39.12297590939414],[-77.32319810088562,39.12316980001612],[-77.3207454154243,39.132583248726235],[-77.31964023712175,39.131740131992444],[-77.31836769551394,39.133233846835],[-77.31666854309861,39.13297525659022],[-77.31624726044606,39.13628589146844],[-77.31531130591014,39.134793539010936],[-77.31327532268264,39.1375209361169],[-77.31420786147257,39.135638016740465],[-77.31437538984298,39.13330117995825],[-77.30877174622283,39.1361603787659],[-77.311317274409,39.13317313113783],[-77.31471384632609,39.13200279221095],[-77.31326859202699,39.130770364434916],[-77.31632660971819,39.13089836521268],[-77.31708978734117,39.12966462248482],[-77.31598469589511,39.1288214737579],[-77.31394720709422,39.129861236872856],[-77.31394550887715,39.12817359569567],[-77.3109722348389,39.12772094227066],[-77.3086807977666,39.12973440146799],[-77.30935786900089,39.127137658240244],[-77.30731878838438,39.12648967173272],[-77.30596143832018,39.128307849750634],[-77.30426244534732,39.12804909026287],[-77.30434857483698,39.12941214175246],[-77.30264956177673,39.12915336017239],[-77.30188756223309,39.13207465621712],[-77.30001913950916,39.13246501502565],[-77.29925564244833,39.133698653665455],[-77.2980660086855,39.13317993156682],[-77.29730378249627,39.136101201882255],[-77.29628352163958,39.134933291624314],[-77.29534926095158,39.13512843254829],[-77.29763991848878,39.13142757436653],[-77.29330886225783,39.13279257232872],[-77.29160980946226,39.13253363974892],[-77.29127093742342,39.13383196471847],[-77.28957186757647,39.13357300424275],[-77.29467536587975,39.142788039306076],[-77.29331617546805,39.142918438832005],[-77.29271949440222,39.14012758185989],[-77.28974472730903,39.13798677507445],[-77.28957639545477,39.14032358081013],[-77.28711339650066,39.14129816282439],[-77.28456658775231,39.144284919860596],[-77.28286729721731,39.14402586724215],[-77.2826139571673,39.14668724267313],[-77.28065934749144,39.14571424040054],[-77.28167761135026,39.14350698730205],[-77.28541520214809,39.14272679102321],[-77.28753712113208,39.139675268236395],[-77.2883867223062,39.13980476543249],[-77.28863982676977,39.13714338197757],[-77.28549684598548,39.13733927771503],[-77.28736439156214,39.13526149283323],[-77.28396622496076,39.134743441793624],[-77.28549477165134,39.133963990244744],[-77.28447473074985,39.13279598362439],[-77.2865985245048,39.13311976758855],[-77.28778698497572,39.131950956624806],[-77.28396422184139,39.13136815606065],[-77.28269095301985,39.132861505633635],[-77.28107670013686,39.13227785388854],[-77.28175763272633,39.13474418753671],[-77.28022902950092,39.13552359327552],[-77.28175858302649,39.13643183127987],[-77.28057087492127,39.139288230411395],[-77.27844605426702,39.13727669847873],[-77.27870039346207,39.13630298034862],[-77.27496306117473,39.13708297383837],[-77.27428233742293,39.13461660183452],[-77.2734328221104,39.13448700843086],[-77.27139456527779,39.135526075450294],[-77.27198966560702,39.1366293876011],[-77.27377354554035,39.136564019031226],[-77.27343433579072,39.13786229643107],[-77.27589821590153,39.138575630498195],[-77.2774286292727,39.141171567716384],[-77.27615423398348,39.14097720741484],[-77.27454063583916,39.14208111559095],[-77.27352217501907,39.14428830961379],[-77.27224773548413,39.14409390916296],[-77.27292847897726,39.14656029705029],[-77.26995470800246,39.146106661292706],[-77.2687657287723,39.14727530517881],[-77.26732156545002,39.147729987469255],[-77.2662167771425,39.14688639352016],[-77.2655374053668,39.14779526364372],[-77.26927671097512,39.15039084834767],[-77.27225065319503,39.15084450071194],[-77.27395083445457,39.152791348164506],[-77.27913494886985,39.15493187922437],[-77.28049531085495,39.156489285025046],[-77.27990082584607,39.15707365998018],[-77.27743542850745,39.15467275183162],[-77.27310110706419,39.15266175201506],[-77.27080713664574,39.152986873315676],[-77.26978706478187,39.151818741712404],[-77.26842766064806,39.151948869506114],[-77.2685131456824,39.1533119523361],[-77.26723856115734,39.153117500201446],[-77.26638943520082,39.15467550832714],[-77.27370018989843,39.162203317625305],[-77.27234059830693,39.16233348846184],[-77.2715748888991,39.1601916588169],[-77.26605000877133,39.15597377040228],[-77.26587970955714,39.15493525040624],[-77.26460510358649,39.15474077122421],[-77.26367156309902,39.15831097720545],[-77.26095248489351,39.158571084628704],[-77.26078271547188,39.159220208846826],[-77.26137832557784,39.162011229874295],[-77.26401319522516,39.16376333078967],[-77.2640986112759,39.165126420014914],[-77.26044362261742,39.16220610966048],[-77.25976315659337,39.159739645475135],[-77.25670439241233,39.16129790556514],[-77.2574685168696,39.158376869229535],[-77.25831828323814,39.15850657231226],[-77.26103643073664,39.154871220241425],[-77.2600164896153,39.15370300806853],[-77.26103596190477,39.1531835700172],[-77.26095061740673,39.15182048208948],[-77.26180031325494,39.151950161211396],[-77.2624792683359,39.149353661839335],[-77.26026978051107,39.14766637770013],[-77.25704250677848,39.15324906295464],[-77.25517329818936,39.15363874965312],[-77.25483367603127,39.15493698083687],[-77.25415377756306,39.154158139707036],[-77.2523694476823,39.15422322709744],[-77.2514353121088,39.15779334084554],[-77.24939588783566,39.15714440063448],[-77.24803651409997,39.158961957428616],[-77.24854651035551,39.16038994044334],[-77.246592121553,39.16110405259221],[-77.24676215929613,39.162142600308215],[-77.24395791260922,39.162726889205516],[-77.24064374943448,39.161883100777295],[-77.24013386400162,39.16383039116655],[-77.24115362741529,39.16499876880226],[-77.23945400708315,39.16473912200122],[-77.23936908912535,39.161688362755896],[-77.23410050280573,39.16155836825834],[-77.23418535455671,39.16292147731963],[-77.23146599813508,39.163180940525685],[-77.23070077673557,39.16610181998935]],[[-77.27224773548413,39.14409390916296],[-77.27190774180269,39.14370453750957],[-77.27182292382237,39.14402910611265],[-77.27224773548413,39.14409390916296]],[[-77.27190774180269,39.14370453750957],[-77.27156775176773,39.143315164957784],[-77.27148293272248,39.14363973330321],[-77.27190774180269,39.14370453750957]],[[-77.23410050280573,39.16155836825834],[-77.232910878346,39.16103902006554],[-77.23282586575569,39.16136356321323],[-77.23410050280573,39.16155836825834]],[[-77.26757422818717,39.141693349650566],[-77.26774327128,39.13935657310563],[-77.26561937923319,39.139032466747366],[-77.26485634379515,39.143641187797655],[-77.26757422818717,39.141693349650566]],[[-77.27369103273328,39.14195152375558],[-77.27403102776914,39.1423408903952],[-77.27411583390713,39.142016320398234],[-77.27369103273328,39.14195152375558]],[[-77.27369103273328,39.14195152375558],[-77.2733510413438,39.141562156217404],[-77.27326623231761,39.14188672566291],[-77.27369103273328,39.14195152375558]],[[-77.29338868888982,39.125717424041945],[-77.2924545389769,39.12591254286079],[-77.29236983360187,39.126237124304524],[-77.29321928618765,39.12636658814016],[-77.29338868888982,39.125717424041945]],[[-77.29466286251049,39.12591160716112],[-77.29389811106576,39.12545757080044],[-77.29381341267298,39.125782153198166],[-77.29466286251049,39.12591160716112]]],[[[-77.29969955941448,39.157390421064186],[-77.30343767123499,39.15660968101296],[-77.30335152658081,39.15524662134176],[-77.30734659470322,39.15686729232828],[-77.3085351098625,39.15569827744568],[-77.31227469947176,39.1566049225812],[-77.31346313097741,39.15543586068321],[-77.31473787986468,39.155629839275555],[-77.31287059384951,39.157708043788745],[-77.30513732968883,39.15686845326999],[-77.30403343136538,39.15771284454566],[-77.29902050857945,39.15829947597909],[-77.29969955941448,39.157390421064186]]],[[[-77.29554407852129,39.16823224591661],[-77.29537332856532,39.16719376367475],[-77.2929930356152,39.16615622670792],[-77.29333202775646,39.16485788840443],[-77.29435266173836,39.16602583008185],[-77.29707189932847,39.16576499226832],[-77.2985175753854,39.166997617125915],[-77.29758422667703,39.168880431040286],[-77.29554407852129,39.16823224591661]]],[[[-77.29817866600693,39.168295970143255],[-77.30497988284091,39.17101886544159],[-77.30803489642078,39.1660841060667],[-77.31058474600123,39.16647216230408],[-77.31253698301151,39.16406939063128],[-77.31169034794367,39.16731536553706],[-77.31084038321042,39.167186026790084],[-77.31084363715031,39.17056133691119],[-77.30684927134715,39.17062842898705],[-77.30591760463308,39.174198963577865],[-77.30404958830326,39.17627704383656],[-77.2997146077302,39.17595461963281],[-77.30065077236848,39.177447102225464],[-77.29912418202113,39.181602065460886],[-77.29682941345865,39.1819276686128],[-77.29682811209379,39.180240008976426],[-77.29818666225523,39.17842191108856],[-77.29809925949506,39.175371183641644],[-77.29979796797225,39.17394237253654],[-77.29707843380399,39.174203270378634],[-77.29537966568252,39.1756320444373],[-77.29274481435327,39.17556826084188],[-77.29206550632908,39.17647728128766],[-77.29146977408433,39.175374056075576],[-77.28594677486154,39.17790766715942],[-77.29010996765726,39.1755044214568],[-77.28585988721085,39.17485693147764],[-77.28636862323144,39.172909449368575],[-77.28738925837993,39.17407745016108],[-77.2946143858453,39.17517800782617],[-77.29775765775912,39.173294223011226],[-77.30260219795072,39.17335682374637],[-77.30192303408853,39.174265897568816],[-77.30319808285172,39.17445999517897],[-77.30438547597886,39.17160335916792],[-77.29987995144477,39.170242470264064],[-77.29817866600693,39.168295970143255]]],[[[-77.25517595899507,39.16713996953128],[-77.2506723186048,39.17084026619362],[-77.25033209533846,39.16876317763241],[-77.25296638082614,39.167140203996325],[-77.2537307172057,39.16421918703426],[-77.25288089216001,39.16408945246085],[-77.25525987458073,39.161752449141055],[-77.2545799077055,39.16097360923284],[-77.25814929391298,39.16253099819212],[-77.25772477884328,39.16415380025184],[-77.25636512209138,39.164283796561996],[-77.25662095082541,39.16837308142706],[-77.25517595899507,39.16713996953128]]],[[[-77.26877545899437,39.17259008937987],[-77.26605469284738,39.16947499657327],[-77.2640986112759,39.165126420014914],[-77.27005038959797,39.1727845265618],[-77.26877545899437,39.17259008937987]]],[[[-77.25696097804854,39.16876249685969],[-77.25806599175331,39.16960617686338],[-77.25874607690719,39.170384999137305],[-77.2567911490929,39.169411617023336],[-77.25696097804854,39.16876249685969]]],[[[-77.28585988721085,39.17485693147764],[-77.28356527243595,39.17518228956724],[-77.28373487542687,39.174533132087355],[-77.28585988721085,39.17485693147764]]],[[[-77.25908612495725,39.17077440892866],[-77.26061615674496,39.171682913568404],[-77.26044635364603,39.172332039123674],[-77.25925636412906,39.171812941682546],[-77.25908612495725,39.17077440892866]]],[[[-77.31646152665873,38.85250873642361],[-77.31561695443256,38.854067005497186],[-77.31400861174387,38.853483806645635],[-77.31434577560469,38.85218547669468],[-77.31646152665873,38.85250873642361]]],[[[-77.3277284964279,38.863340746317206],[-77.32925088333138,38.86256079051528],[-77.3299247400033,38.859964044284666],[-77.33119436529526,38.86015784499529],[-77.3317038997742,38.861585417522136],[-77.33483486545232,38.861388362885045],[-77.3340769553125,38.86430973270842],[-77.33094586208978,38.86450676825907],[-77.32984669082062,38.86535134849492],[-77.32857697864237,38.86515753385853],[-77.32925292973984,38.86424836089629],[-77.3277284964279,38.863340746317206]]],[[[-77.29210652929082,38.87342112406562],[-77.29329066639194,38.8722523088944],[-77.29362828616857,38.87095403254901],[-77.29566009539536,38.871602217372775],[-77.30031445367256,38.870626472312516],[-77.3008262332454,38.875429319129665],[-77.29921888872198,38.87653350006076],[-77.29650787428518,38.87341922615792],[-77.29583142964192,38.874328221417734],[-77.29456165160786,38.874134058043325],[-77.29210652929082,38.87342112406562]],[[-77.29608461886738,38.873354508795494],[-77.2957457609164,38.87296521931475],[-77.29566136420132,38.87328978998801],[-77.29608461886738,38.873354508795494]]],[[[-77.27729823506182,38.88128007167457],[-77.27585858629445,38.88004725882625],[-77.277634478656,38.87660668962125],[-77.28093516804205,38.8757618795805],[-77.28127302419115,38.874463636366215],[-77.28296602350888,38.87472269952376],[-77.28550451139303,38.87342367783535],[-77.28474145057221,38.87128203067601],[-77.28220110942819,38.869205891551665],[-77.28219919534732,38.86583074803541],[-77.28135279882198,38.86570121424474],[-77.2820293439638,38.864792298945886],[-77.27864382535928,38.86427412453002],[-77.27500334005406,38.86135438473818],[-77.27365012149076,38.86317213428747],[-77.27060410012582,38.86473066083012],[-77.27221234352672,38.865314423829545],[-77.2718743683952,38.866612640937554],[-77.27314395491408,38.8668070365893],[-77.2755165956168,38.87290761951789],[-77.26916554666445,38.865185343864695],[-77.27043441651082,38.86369219598739],[-77.26425590847342,38.86207085170763],[-77.26188650935836,38.86272034202827],[-77.26222563331353,38.86479729477556],[-77.26349516246967,38.864991789241785],[-77.26442659120417,38.866484467476845],[-77.26400394026945,38.86810721241977],[-77.26569788039265,38.8717416560161],[-77.26476746524477,38.87362413189929],[-77.26891527327484,38.87459686257433],[-77.26840815338014,38.876544176605336],[-77.27120189396967,38.87764693801675],[-77.26942501118221,38.879399841075575],[-77.27221887664437,38.8805025799422],[-77.27196534367768,38.881476244609914],[-77.27061098679451,38.88160639046828],[-77.26934246807467,38.88478711847943],[-77.27416780208672,38.88485082278261],[-77.27323893785645,38.89010851733884],[-77.27450893743854,38.89030289955714],[-77.27467874110445,38.89134136213514],[-77.27349399518825,38.89251000215237],[-77.27205418889342,38.89127714341577],[-77.2713751534952,38.88712327816332],[-77.27018974404739,38.8866043101225],[-77.268835936436,38.88842201256597],[-77.26900435148593,38.88608533077807],[-77.2645171425125,38.884723226323494],[-77.26671755797224,38.8830352116777],[-77.26603948651461,38.88056889569264],[-77.2666318269244,38.879984613560055],[-77.2678171033447,38.880503615208795],[-77.26815521518566,38.8792054070301],[-77.26739321798371,38.87875122553347],[-77.26586983106942,38.87953042265462],[-77.26502274507125,38.87771320304563],[-77.26713901822981,38.87803730599444],[-77.26790038035868,38.87680391514104],[-77.26510672205151,38.875701079419116],[-77.26536089374596,38.87641500292636],[-77.2640066191362,38.87654507653609],[-77.26485255533711,38.87498715545145],[-77.26307301359763,38.86830210258511],[-77.26104111921512,38.86596581202943],[-77.260447941199,38.8631749237496],[-77.25714720752966,38.862331615847715],[-77.25545560109813,38.86713491434569],[-77.25621740244993,38.867589168608916],[-77.25511764899187,38.87012065825139],[-77.25545729013542,38.875572777642816],[-77.25418821502018,38.878753348199865],[-77.25274928232497,38.879207841401445],[-77.25588121764659,38.879012781485],[-77.25816703068442,38.88037552436693],[-77.25325741301187,38.88063573923376],[-77.25317310314007,38.88264785601204],[-77.2552048783924,38.883296704973965],[-77.25334316273074,38.88706149783121],[-77.25486748952228,38.88965760606043],[-77.25402086483265,38.889527885214854],[-77.25292070389634,38.892059362065574],[-77.25232735908291,38.88758085003853],[-77.25325798688384,38.884010888995746],[-77.25105675822223,38.88232351440836],[-77.24944870638188,38.88511462589949],[-77.2484334277637,38.89069667435815],[-77.24623235733475,38.89238436595949],[-77.24826382838287,38.887970599718486],[-77.2480097839045,38.88725664015747],[-77.24665527683116,38.887386524330616],[-77.24784036985746,38.88621814161186],[-77.24784004691081,38.882842990922526],[-77.24877120008523,38.88264821485676],[-77.24927888722208,38.88070097978919],[-77.25097168363098,38.87927290576269],[-77.25224143493467,38.87946751585973],[-77.25207197869014,38.87842902408314],[-77.25300306414974,38.87823421632847],[-77.253595195369,38.87596242291343],[-77.25266386735875,38.874469661605765],[-77.2513942020082,38.87427505595352],[-77.25359460594319,38.87258727641928],[-77.2531705388724,38.867459695326886],[-77.25528546008174,38.862721285906616],[-77.25308482743259,38.86103395158664],[-77.2536771129291,38.86044973271796],[-77.25249199418936,38.85824302681521],[-77.24919157591155,38.85739950746487],[-77.24665340094843,38.86376049487768],[-77.24479156091114,38.86415000732749],[-77.2430991496244,38.87064071048827],[-77.24445343481885,38.87219843811605],[-77.24276067501296,38.87362642190219],[-77.24360715834419,38.8754437927321],[-77.24106785348972,38.876741956396465],[-77.2398827831675,38.87959784718238],[-77.23903630204204,38.87946802415145],[-77.2388669876401,38.88011708860167],[-77.24191435501936,38.88024691376411],[-77.24039066444215,38.88102579782022],[-77.24132182480933,38.88251865252554],[-77.2403059857967,38.884725481138055],[-77.23869756967909,38.88414130271475],[-77.23835891010522,38.885439431246624],[-77.23598852033129,38.88608842813266],[-77.23564968257304,38.88907412568492],[-77.23344853692114,38.88907401347111],[-77.23454932928338,38.886542710427705],[-77.23353356880932,38.88537433287929],[-77.23488820035747,38.88355701681138],[-77.23615798334323,38.883751791783226],[-77.2366660152279,38.881804608136974],[-77.23556561360098,38.8809607785905],[-77.23835908444772,38.880376706201474],[-77.2380205682422,38.878299684379755],[-77.24140642438894,38.875443821828796],[-77.24301442175305,38.867590100638964],[-77.24056002449043,38.866876146130096],[-77.23912120086904,38.86901805250876],[-77.23615885590712,38.87025120127655],[-77.23471983629904,38.87239305739908],[-77.23218047944609,38.87369103848917],[-77.23099556770748,38.87317169649612],[-77.23141898297777,38.871549063266805],[-77.23226535855159,38.87167893820027],[-77.2331965883446,38.8697967068762],[-77.23565101182479,38.87051080747285],[-77.23565113263227,38.86882323513292],[-77.23802096387513,38.86817424604754],[-77.24039076396747,38.86583763993877],[-77.24216804441653,38.86577272744252],[-77.24394525045308,38.864020218060624],[-77.24741450588122,38.857464520636725],[-77.2469912449933,38.8557120659485],[-77.24496031172927,38.8550630844534],[-77.24394496550177,38.857269935761565],[-77.23802129348525,38.85973638995224],[-77.2366671827673,38.86155373513708],[-77.23489000029879,38.86161856870476],[-77.23658263542778,38.860190694432895],[-77.23607497392815,38.8587627316908],[-77.24309873643226,38.85714014081523],[-77.24411410647127,38.854933296474265],[-77.24250631719855,38.85434916951705],[-77.24242166903262,38.85298613391564],[-77.24022161307518,38.85298614196675],[-77.23759854804106,38.85123362506747],[-77.23683722027836,38.84740412045548],[-77.23277603361672,38.846105792554624],[-77.23302996694673,38.84513221211352],[-77.23057666177061,38.84273049433572],[-77.22761554720763,38.842275867929274],[-77.22566912913206,38.84467718255501],[-77.22363869313044,38.84402785236412],[-77.22059193359293,38.847272713774444],[-77.22177723412344,38.84441701813203],[-77.22059287228552,38.8438975784112],[-77.22110149969811,38.840262900687264],[-77.21611088414431,38.83747102834525],[-77.21391004851358,38.84084570212354],[-77.21475724521541,38.837600563189234],[-77.21315007341997,38.83701605641732],[-77.22211730048123,38.83805624079407],[-77.22253901247818,38.8431839108418],[-77.22321608176122,38.842275319130984],[-77.22516178941731,38.843249177586806],[-77.22643117855796,38.8417564841491],[-77.22973088306786,38.84091304129546],[-77.23074596315332,38.84208144400019],[-77.23556831394335,38.843834217856916],[-77.23641427205933,38.84565163161682],[-77.23996785266232,38.8455218955118],[-77.24132160432075,38.847079652895566],[-77.24284457546601,38.84630076045672],[-77.24563677028227,38.84740409426368],[-77.2466520617766,38.84688479932655],[-77.24665192789351,38.84519723152515],[-77.25172830228597,38.84428820027843],[-77.25663584265662,38.845715614686604],[-77.26162761298382,38.8451307207015],[-77.2632353521265,38.845714598912195],[-77.2634888773191,38.84474095612718],[-77.26433499874716,38.84487061162845],[-77.26450455167121,38.84590908261568],[-77.26653540385716,38.846557743064366],[-77.26628191303482,38.847531392278526],[-77.26348940094829,38.84642852379918],[-77.26196664773974,38.847207670032525],[-77.26086647551284,38.84636406852569],[-77.25629768100863,38.84701378641009],[-77.25130549738643,38.84591089781516],[-77.24800581634308,38.84675491580662],[-77.24614453997575,38.848832015996216],[-77.2420831080222,38.847533993009954],[-77.243437061176,38.8524668650052],[-77.24546780206464,38.851428302309756],[-77.2522372222675,38.852466370000236],[-77.2542684581833,38.854802801295726],[-77.25486133146539,38.85759371647393],[-77.2568924233801,38.858242535852256],[-77.25782363065048,38.8597352625543],[-77.26078564275589,38.86018916772012],[-77.26188553611178,38.85934520081095],[-77.27068721765447,38.861030965769785],[-77.27094069657889,38.86005730606326],[-77.2745793932862,38.85960202359353],[-77.27525517014463,38.85700557599173],[-77.27686244701663,38.85590170840536],[-77.27677715463571,38.85453869612732],[-77.27872215216487,38.85213657620028],[-77.28210710762258,38.85265474776683],[-77.28337549426787,38.85116146951522],[-77.28557549491349,38.851160695152046],[-77.28574432616404,38.85051156915462],[-77.2864217301149,38.851290199885376],[-77.29039861718175,38.85122376728674],[-77.290229825727,38.85187289967766],[-77.28346090607239,38.852524476729904],[-77.2822769318325,38.85369319530961],[-77.28007685472237,38.853693911097515],[-77.2801622078145,38.85505692097325],[-77.27872390489074,38.85551171446647],[-77.27627202361901,38.8598611777448],[-77.27957376275077,38.862391546547265],[-77.28262046123588,38.862520370553504],[-77.28245157434708,38.86316949317821],[-77.28566820776169,38.86433669058927],[-77.28617687967099,38.865764450857704],[-77.28753091435595,38.865634135153286],[-77.28939031671014,38.86186883865414],[-77.29116745650076,38.86180322340892],[-77.29285899314705,38.86037458058221],[-77.29582124919459,38.86082764820906],[-77.3001319823741,38.85439991287271],[-77.29717517491837,38.860697227194755],[-77.29514491284691,38.86173663838363],[-77.29302898852767,38.86141301429067],[-77.2911686211148,38.86349079413576],[-77.28879941574993,38.864140799165824],[-77.28880052557062,38.865828370370814],[-77.29218500033724,38.86465869610072],[-77.2944685596296,38.86264562496145],[-77.299714283508,38.86108548677606],[-77.30064363599236,38.85920275140063],[-77.30275952994918,38.85952624537842],[-77.30868099283022,38.857056696793556],[-77.30961324539126,38.85854903384637],[-77.31096710409699,38.85841846216255],[-77.31156217770804,38.86120910667625],[-77.30809073218056,38.859328747999264],[-77.30309980370313,38.86160308530563],[-77.30022183362935,38.8608256183879],[-77.30191599691956,38.862771992745394],[-77.3049627507012,38.8629002673986],[-77.30538744714057,38.864652525160594],[-77.30725051279948,38.86594967331558],[-77.30606670198655,38.86711862099818],[-77.30750660627653,38.86835108099888],[-77.30649144954994,38.86887087583621],[-77.30700056104028,38.870298551344895],[-77.3051388768748,38.87068897076391],[-77.30319136860552,38.869716365804535],[-77.30471415123546,38.868936710916316],[-77.30369751158501,38.86776891114816],[-77.30513590050971,38.867313827114124],[-77.3050500660247,38.86595083257465],[-77.30242497618335,38.864199686035505],[-77.30064778810524,38.86426546275799],[-77.30013884319378,38.86283776215733],[-77.29421538601497,38.86361933306033],[-77.293793414958,38.865242178985866],[-77.29100096887873,38.865827499666246],[-77.29066332604901,38.86712576807242],[-77.2918485644376,38.86764453908987],[-77.29015569797384,38.86738559749474],[-77.28973361471225,38.86900843030569],[-77.29312064199884,38.87121387423385],[-77.29286742060866,38.87218758055314],[-77.28998914173002,38.871409875011146],[-77.28897158966946,38.868554382040585],[-77.28363768022228,38.86537591365926],[-77.28423276827336,38.86985426359398],[-77.28770518407664,38.87342286565766],[-77.28592775781435,38.87348843133261],[-77.28609768501786,38.874526876138816],[-77.28330482136022,38.87511202402646],[-77.2841533354026,38.87861669187093],[-77.28195250582947,38.878617440974914],[-77.28034480502586,38.8797213775201],[-77.28068453421893,38.881798283888834],[-77.27729823506182,38.88128007167457]],[[-77.28034480502586,38.8797213775201],[-77.28000600155879,38.87933204471035],[-77.27992152736375,38.87965660490728],[-77.28034480502586,38.8797213775201]],[[-77.28000600155879,38.87933204471035],[-77.27966720171204,38.87894271099273],[-77.27958272645935,38.87926727094348],[-77.28000600155879,38.87933204471035]],[[-77.28947810453349,38.86660698574997],[-77.28863168605899,38.86647750166632],[-77.28846284353976,38.86712663278094],[-77.28888605602046,38.86719137612672],[-77.28947810453349,38.86660698574997]],[[-77.27348039810556,38.862133673803456],[-77.27314171305936,38.861744323037065],[-77.27305722868215,38.86206887788179],[-77.27348039810556,38.862133673803456]]],[[[-77.29142885889046,38.872642522435434],[-77.28965258469326,38.87439571440563],[-77.2905858207194,38.87757577114336],[-77.28813062134874,38.87686275810809],[-77.2871152078611,38.87738239472852],[-77.28668981548556,38.873942498579346],[-77.28804400120279,38.87381217714386],[-77.28931263443091,38.87231883447057],[-77.29142885889046,38.872642522435434]]],[[[-77.2993317048932,38.91164804423835],[-77.30043192858032,38.91080372990387],[-77.300859575252,38.91593117628348],[-77.29958769796073,38.91404948187772],[-77.2993317048932,38.91164804423835]]],[[[-77.30170659017557,38.916060577635996],[-77.3012844822069,38.91768345963034],[-77.30086096530702,38.91761875822149],[-77.29984370790937,38.91645091974679],[-77.30170659017557,38.916060577635996]]],[[[-77.31557244576258,38.893205760593645],[-77.31277743725634,38.89210399740084],[-77.30972625858934,38.88860076223062],[-77.30693151514258,38.88749886785448],[-77.30684562328979,38.88613587126457],[-77.30964031315759,38.88723776739306],[-77.31336949655986,38.89151949113868],[-77.31557071541674,38.891518184134746],[-77.31650355006262,38.89301047547291],[-77.31836574368782,38.89261988426456],[-77.31700773545305,38.8893753849897],[-77.317343240681,38.886389466022415],[-77.31624183588507,38.88554635259079],[-77.31776302876607,38.883078961188424],[-77.31462937664882,38.88158801052493],[-77.3157289692008,38.88074356365698],[-77.31750832044673,38.88236514468679],[-77.31886080121811,38.88054691223081],[-77.32072266369632,38.88015628621131],[-77.32029566873499,38.876716504487945],[-77.32182216402953,38.879311785432606],[-77.32097739578217,38.88087009591569],[-77.3202150520544,38.88041623916149],[-77.31860789136174,38.881520672198],[-77.3177665906895,38.88645411087926],[-77.31954977151179,38.89145081550008],[-77.31912820359042,38.89307375307396],[-77.31650530205175,38.89469805223324],[-77.31599931435801,38.896645565555225],[-77.31769473216075,38.898591732568796],[-77.32175286167538,38.89313697510294],[-77.32420700796085,38.89216174696329],[-77.32462845747355,38.89053879230385],[-77.32835261127491,38.88975733806578],[-77.32995567909377,38.88527762733714],[-77.33122574554926,38.88547142830969],[-77.33173124867862,38.883523855561364],[-77.33367735735527,38.88280843919615],[-77.33418061544191,38.87917328347141],[-77.33773565475296,38.879040742426504],[-77.33755826364565,38.872939650128295],[-77.33450886452748,38.871124604820025],[-77.33492996297224,38.869501619277536],[-77.33391283132997,38.86833406738134],[-77.3317965434898,38.868011105089984],[-77.33230191026483,38.866063534075714],[-77.33594492560842,38.868981591455764],[-77.3358629121971,38.87099376091911],[-77.33908074585744,38.872159572683714],[-77.340855776245,38.870405672963464],[-77.34407127400252,38.86988378344177],[-77.3439005316111,38.86884541888952],[-77.34533869061146,38.86838986817919],[-77.3451655186646,38.86566393485291],[-77.34245529771403,38.864238240514446],[-77.34541801866936,38.864690122562855],[-77.34600959348613,38.864105462362495],[-77.34626695753543,38.86650678922749],[-77.34753674023865,38.866700422626096],[-77.35083616980434,38.86585375211391],[-77.35413814538352,38.86669456422548],[-77.35430640192531,38.866045343813056],[-77.3577766522865,38.86623683833246],[-77.35608625250158,38.86766636803856],[-77.34787584564604,38.867089570148295],[-77.34745504943601,38.868712599207996],[-77.34500200393461,38.869688284821365],[-77.34415784290553,38.87124675146503],[-77.34720502501528,38.871373987563516],[-77.34856154827656,38.872930576676296],[-77.35067551044904,38.87156568107292],[-77.35880232919988,38.87246690732136],[-77.35711180502307,38.873896452066056],[-77.35541856182472,38.873638401914434],[-77.35482434621515,38.872535535816674],[-77.35414863729565,38.873444849123636],[-77.35084635574518,38.872604036620544],[-77.34890068814644,38.87331972167911],[-77.35288650147338,38.87831400050481],[-77.35432479115929,38.87785834499623],[-77.35584985937633,38.87876563388598],[-77.35457984434868,38.87857208539574],[-77.35339658786275,38.879741486838206],[-77.35136147960458,38.877406675200056],[-77.34949985170886,38.87779776133906],[-77.34924234125384,38.875396437992386],[-77.34720748743095,38.87306155935715],[-77.34322709080561,38.87144224378103],[-77.33883040377944,38.8748209452168],[-77.33917405350391,38.87858526271104],[-77.33832966476436,38.88014369130342],[-77.3360445648221,38.88047000088051],[-77.33587831264025,38.88280677157437],[-77.33258006572498,38.88534062005466],[-77.33199032121168,38.88761279265016],[-77.33072021539601,38.8874189994609],[-77.33080863855757,38.890469555329844],[-77.32573200045071,38.89306940800645],[-77.32294064560091,38.895343027158475],[-77.32175848269245,38.89819970630681],[-77.31921977811048,38.89949947445942],[-77.31888248213319,38.900797825024135],[-77.31752785001291,38.90092848386135],[-77.31710618219786,38.9025514164984],[-77.3211720171051,38.903846987974454],[-77.32134438192826,38.90657296751608],[-77.31965233121136,38.90800200720877],[-77.31982464899278,38.91072799032791],[-77.31838729055428,38.912870827956276],[-77.32000064660593,38.916829136827424],[-77.31669854947025,38.9176749915868],[-77.31813963319944,38.918907335812285],[-77.31805707162451,38.92091950606139],[-77.32220828438271,38.92189045876443],[-77.32195151788827,38.91948906540199],[-77.32364379036382,38.918059992177476],[-77.32542227028188,38.91799388518974],[-77.32855161448741,38.91442182505958],[-77.33041429091338,38.914031051786324],[-77.33337253262859,38.90942048327831],[-77.33582927200234,38.9101326028498],[-77.33786030225448,38.90909251895717],[-77.33794230338596,38.9070803386959],[-77.33921277123528,38.907274058360215],[-77.33946549505593,38.906300253231784],[-77.34344533637643,38.906232117436396],[-77.34276917283216,38.907141372486954],[-77.3401439919549,38.9070785953265],[-77.33904428493418,38.90792326156106],[-77.33803105288169,38.9101308970017],[-77.3397273732055,38.91207676601643],[-77.34548099624651,38.908567067453276],[-77.35022377560787,38.908952416978835],[-77.3514075575402,38.90778304155274],[-77.35598197978115,38.90881739061768],[-77.35640817124366,38.91056948314695],[-77.35844164376057,38.91121664168745],[-77.35894659784722,38.9092689516929],[-77.36249742494066,38.905760542073146],[-77.3651225775003,38.905822845921854],[-77.36639018764967,38.90432870878405],[-77.36816829334525,38.90426198884583],[-77.36985930521872,38.90283228792571],[-77.37003049729253,38.90387062100457],[-77.37536476104395,38.90367022807359],[-77.37562011075455,38.904383927445366],[-77.3737579237182,38.90477537926948],[-77.37384508955186,38.90613833235101],[-77.3693546875333,38.90478002072993],[-77.36140078948098,38.908292985266534],[-77.36123528726617,38.91062979806014],[-77.36377647735422,38.9110167471731],[-77.3685283861604,38.91646413732649],[-77.36708942296491,38.916919959882314],[-77.36480042651003,38.91555922045216],[-77.36267698496339,38.911861623427434],[-77.36064345681066,38.91121453429302],[-77.35937286326414,38.911021034133775],[-77.35912038922241,38.911994880416835],[-77.3513259275936,38.909795230882985],[-77.34980278986994,38.91057546240533],[-77.34768520430467,38.91025276979027],[-77.34785609771437,38.91129113445581],[-77.34497568696477,38.91051470241031],[-77.34192921276025,38.91207499094569],[-77.34142378416652,38.91402261231837],[-77.34082945100526,38.91291967356365],[-77.33828831651581,38.91253225406687],[-77.33659202402869,38.91058636524907],[-77.33625498638159,38.91188476491246],[-77.33413742279704,38.91156184086716],[-77.33371606352297,38.91318483220382],[-77.33236122764913,38.913315653330656],[-77.33177124979113,38.915587832970225],[-77.32804581188395,38.91636939248336],[-77.32753998222931,38.91831695834531],[-77.32356138182139,38.92007216586074],[-77.32297107467903,38.9223443056568],[-77.31805886028404,38.92260708889959],[-77.31636462307956,38.922348503585944],[-77.31619415273033,38.92131009405597],[-77.31433121385456,38.921700654084894],[-77.31077728955256,38.92520769114611],[-77.3114556559603,38.925986192146],[-77.31010214637641,38.92780435438971],[-77.31086654532722,38.92994586071603],[-77.30807175527102,38.93053157089874],[-77.30824213137929,38.93156999288691],[-77.31917173367546,38.93357569636736],[-77.32425142995376,38.930976098527545],[-77.32467504531081,38.93104072016288],[-77.32442203783138,38.932014498337296],[-77.32289814712678,38.93279440164366],[-77.3239160025714,38.933962053528035],[-77.3225607625088,38.93409276793637],[-77.32154292696914,38.932925104909266],[-77.32027389889099,38.93441878903251],[-77.31425874789852,38.933838329498634],[-77.31332879486196,38.93572118471653],[-77.313327115505,38.934033598802884],[-77.31205624967863,38.933839613200725],[-77.31154659480704,38.93241194689825],[-77.30866730724802,38.933322254624876],[-77.30714168448876,38.93241437886769],[-77.30747933625076,38.93111605483412],[-77.30637736916869,38.93027284886347],[-77.30468447404013,38.931701688780734],[-77.3011268038374,38.93183328262597],[-77.29841765009868,38.93378178417357],[-77.29494433750506,38.93358862564249],[-77.2947766450391,38.93592535707756],[-77.29884394613696,38.93722166655537],[-77.29740806819,38.94273944367848],[-77.29825538885926,38.94286886907935],[-77.29800198692244,38.94384259491977],[-77.30477926634012,38.943190215655136],[-77.30723686545689,38.943902904998],[-77.30571254185013,38.94468259842864],[-77.30367860365084,38.94403457227295],[-77.30342527018982,38.94500830935037],[-77.30274681241386,38.94422976238137],[-77.29876485629488,38.94429659206148],[-77.29851145620265,38.945270319138544],[-77.2973235980036,38.943064018418426],[-77.29562895844846,38.942805149094376],[-77.29503759527297,38.945077162917286],[-77.29368209652169,38.94520756197395],[-77.29334413335759,38.94650585097949],[-77.29461517040674,38.946700028653744],[-77.29444992132017,38.952411943723966],[-77.29250156655063,38.95312675068392],[-77.29224805194256,38.95410046619001],[-77.29352165995955,38.957669837665335],[-77.29242303823781,38.96188928058749],[-77.29157550652573,38.96175981499323],[-77.29022083514052,38.96357776940246],[-77.29166355708955,38.96649802279238],[-77.29691812551486,38.966625575473714],[-77.29810370170611,38.965456699812165],[-77.3007309516653,38.96552036759801],[-77.30250918282172,38.963766995576876],[-77.30581504168129,38.96460910616789],[-77.30708796349093,38.966490749982775],[-77.30844383458124,38.9663602040355],[-77.30886606521156,38.964737286612085],[-77.31047682511065,38.965320560642745],[-77.31132279831826,38.9637623040918],[-77.31352620200893,38.96376103340079],[-77.31445480207582,38.96019057700864],[-77.31377439455233,38.9577244970966],[-77.31513181206302,38.95928146978076],[-77.31462704875331,38.9629165870117],[-77.32234170497941,38.96544315230068],[-77.32352493712521,38.96258644134006],[-77.32292857609633,38.95979581741623],[-77.3256380418073,38.95784677336142],[-77.3252947178751,38.9540823789268],[-77.32622657474025,38.95388701917833],[-77.32614617404067,38.95758679552177],[-77.32784126615714,38.957845248464274],[-77.32826301492791,38.95622226709244],[-77.33080353622537,38.95492230373641],[-77.33131372636889,38.95634989541038],[-77.33521199472796,38.95660662191906],[-77.33529412258646,38.954594430303764],[-77.33978696167868,38.95595398466094],[-77.33961836782422,38.956603192975244],[-77.33411148223469,38.95745125014387],[-77.32995808278459,38.95648069106274],[-77.32716442826518,38.95875442484392],[-77.32546931738005,38.9584959626199],[-77.32419992406807,38.95998969232548],[-77.32428816211716,38.963040282725956],[-77.32759423984581,38.96388181294862],[-77.33360767948257,38.96108644354581],[-77.33335254281464,38.96037265215933],[-77.33487689885726,38.95959261735802],[-77.34343715386457,38.96055944763861],[-77.3388619301754,38.96121221992935],[-77.33547152291261,38.96069559177901],[-77.33157513765119,38.962126465240694],[-77.33030580632975,38.96362025820594],[-77.33352764602331,38.96478622854363],[-77.33606837220339,38.96348615575836],[-77.3421727908248,38.965428546381446],[-77.34141176048769,38.966662407776866],[-77.3451420467916,38.9675680342392],[-77.34599217878214,38.96938472754062],[-77.34149839469804,38.96802539520504],[-77.34158736756909,38.971075976873394],[-77.34277466168008,38.97159426790549],[-77.34167401032212,38.97243896507513],[-77.34014715591802,38.971531490272454],[-77.34039547473661,38.967182487112304],[-77.33674958893832,38.965952115422574],[-77.33488561776234,38.966342986689476],[-77.33505427639182,38.96569378388203],[-77.32971329655328,38.96420485107529],[-77.32734115726316,38.964855601623775],[-77.32445884567649,38.96407868721382],[-77.32403696655454,38.965701657517464],[-77.326158038015,38.96771234993082],[-77.32225731963665,38.965767745070714],[-77.32149594815094,38.9670014843544],[-77.31886862661823,38.96693825621992],[-77.3206520050633,38.9702474051724],[-77.31810718544592,38.96817197492383],[-77.31767979774453,38.964732143581834],[-77.31462875891678,38.96460417985774],[-77.30937589385637,38.96616497050855],[-77.3074288608525,38.968567607229666],[-77.30454513841993,38.96610263609378],[-77.30284993677265,38.96584386456401],[-77.29920745830658,38.9679875773906],[-77.29547772252828,38.967080570091746],[-77.29513968982697,38.96837886810509],[-77.29310518357406,38.96773066636771],[-77.29276710553111,38.969028958042735],[-77.29098618686065,38.96740700290045],[-77.2882743382451,38.967667698497074],[-77.28624201715324,38.97039457306178],[-77.28361460395267,38.9703305984495],[-77.28302068714773,38.96922737410214],[-77.28132548929635,38.96896830839711],[-77.28047881335601,38.97052636155165],[-77.28115727804477,38.971305033264535],[-77.27886905988478,38.971630292661175],[-77.27861529842892,38.972603982945785],[-77.27997314798621,38.97584893965201],[-77.2765816494038,38.97364310538105],[-77.27437872311795,38.97533131595519],[-77.27183576375263,38.97494253127303],[-77.27183504565788,38.97325493541265],[-77.27327571861666,38.9728002148369],[-77.27319035641032,38.97143717915884],[-77.27166509144895,38.97221645727996],[-77.26827464944728,38.971697992232954],[-77.26666468495539,38.972801765210335],[-77.26556255967381,38.971958191635906],[-77.26420704870178,38.97377586471695],[-77.26208800459912,38.97345170748455],[-77.26174934665876,38.97474991569351],[-77.26056257854509,38.97423084937309],[-77.25810481236047,38.975204828237736],[-77.25615513602729,38.97423147056797],[-77.25395202154046,38.97760691525927],[-77.2497140256362,38.97864581091522],[-77.24640805046043,38.97611460733717],[-77.24395003124619,38.97708830613534],[-77.24683172101332,38.974491898990586],[-77.24555989105755,38.967546850374546],[-77.24691589190351,38.967416976750776],[-77.2464075366464,38.96936422492313],[-77.24793317603412,38.97027285237247],[-77.2470013261631,38.975530411453846],[-77.24996798382286,38.97598458225201],[-77.25106975272891,38.975140698407735],[-77.25259557142324,38.976049269321834],[-77.2544602325036,38.975659633779564],[-77.25581602199452,38.973842066657724],[-77.2580197314728,38.973841781649156],[-77.25835845171609,38.97254358379633],[-77.25979963376896,38.97377661534905],[-77.26691800293798,38.970140504243695],[-77.2664936171704,38.96838809032476],[-77.26835673279841,38.96462305857396],[-77.26742396761071,38.96313039058073],[-77.26928887727352,38.96442812622856],[-77.26751044753337,38.96786861632366],[-77.26835864496675,38.96968584096426],[-77.27107134039684,38.97111317543847],[-77.27471558870805,38.97065788238145],[-77.27463176782393,38.97267003824092],[-77.27581861081708,38.97318896988782],[-77.27700463277658,38.972020294709104],[-77.27564779344195,38.970462902091626],[-77.27963120231796,38.97039681420516],[-77.27886729763112,38.9682551031312],[-77.2795448271003,38.96734618907163],[-77.28081619126776,38.96754050871827],[-77.28081526502325,38.96585291478157],[-77.2853077807726,38.96721444402725],[-77.28615431481428,38.96565635869312],[-77.28742566710685,38.96585061057114],[-77.28632340648761,38.9650072222737],[-77.2870853532425,38.963773699251675],[-77.28555832529855,38.96117796137443],[-77.28589649545265,38.95987969084544],[-77.28470979762551,38.95936085660803],[-77.28597685286383,38.95280475791517],[-77.28428102052122,38.95085814299682],[-77.28080693075505,38.95066458811134],[-77.28105965474091,38.948003306911666],[-77.27919584444862,38.94839334053144],[-77.27783939857842,38.946835977239274],[-77.27546736191358,38.94748573435376],[-77.27512747503313,38.9454087957684],[-77.27334828000565,38.94547418164702],[-77.27029676220833,38.94196995146098],[-77.26733136376167,38.941516268900784],[-77.26529842204685,38.94255520172689],[-77.26555225686093,38.94158154292702],[-77.26199354383778,38.94002442666186],[-77.26233104099553,38.93535105058818],[-77.26072086982485,38.9330795679934],[-77.25817945895025,38.93269050583156],[-77.25894154427114,38.931457161356896],[-77.25817905775972,38.93100292015894],[-77.26148291617224,38.93184620783769],[-77.26343100594336,38.93113189019121],[-77.26393756983781,38.92580941362609],[-77.26300539236276,38.92431672058863],[-77.26469893339953,38.922888451140295],[-77.26410515158933,38.92009756053366],[-77.25792120912574,38.915100724679576],[-77.2530092498056,38.91536093090431],[-77.25377124135284,38.91412762107339],[-77.25241597727923,38.91256998713374],[-77.25097636545368,38.91302446168819],[-77.24682660877791,38.91205112592166],[-77.24648796431624,38.913349281249026],[-77.24462476875497,38.91205121217902],[-77.24657236224101,38.90964958035356],[-77.25360138763808,38.91140154560415],[-77.25614238514349,38.913478281802675],[-77.25631126534215,38.91114160984722],[-77.25478675996553,38.910233092920336],[-77.25639516177542,38.90744190334969],[-77.25503996598276,38.90588429944642],[-77.25241463966923,38.90413208512966],[-77.24978964632726,38.90406739490625],[-77.24606403982943,38.9065340697289],[-77.24174536914312,38.90620964088486],[-77.23988244071249,38.90491150175806],[-77.23556377088023,38.90627443743526],[-77.23031390902253,38.90445670807729],[-77.22718049430783,38.90633870226484],[-77.2283664976357,38.90348292345897],[-77.23116088986583,38.90289901168383],[-77.23590257712887,38.90497631314509],[-77.23861233118781,38.90302918498785],[-77.2454712119198,38.9054306755304],[-77.24868857522216,38.90153610043168],[-77.25266823943556,38.90147087863845],[-77.25630947656339,38.90270370945255],[-77.25580182401823,38.90465097865879],[-77.25935867653597,38.90620826518614],[-77.25741236324497,38.91198525838871],[-77.25809043504721,38.91445163134632],[-77.26257935536894,38.91581397357841],[-77.26639240800993,38.92146015883917],[-77.26453029509118,38.925225138155625],[-77.26613982576946,38.925808984411226],[-77.26427704609311,38.92788637721493],[-77.26495494025751,38.928665132762355],[-77.26393917374259,38.930872168156846],[-77.26546422539985,38.93178057505018],[-77.26521042357417,38.93275423234575],[-77.26283873296471,38.93340374669758],[-77.26216081731833,38.932624979078646],[-77.26080549157585,38.93275501865306],[-77.26411053722715,38.93697340946649],[-77.26301001019432,38.939504991660854],[-77.2644506170544,38.94073796329225],[-77.26605990612252,38.93963422416745],[-77.26758516776763,38.94054260608292],[-77.27080428728397,38.94002261318088],[-77.27063511527523,38.94067172611272],[-77.27385498328465,38.94183924178661],[-77.27394032323154,38.94320227115324],[-77.27673753690048,38.94599250611075],[-77.27995683200048,38.94547227528631],[-77.27995773808694,38.94715986424713],[-77.28199155239791,38.94780827960909],[-77.28241619124887,38.94956063524927],[-77.28538097947421,38.948326368090214],[-77.2869911880673,38.948909945587715],[-77.28555210938046,38.951052413651766],[-77.28817992526515,38.952803937319956],[-77.28750480125824,38.95708807878176],[-77.2863191911819,38.95825685173378],[-77.2909803771652,38.95896903800458],[-77.2912339256865,38.95799532440294],[-77.2899627004286,38.95780111176848],[-77.29080670989546,38.95286781511205],[-77.29004380033571,38.9524137684767],[-77.29215997833161,38.949362267341236],[-77.29088658240383,38.945792886139714],[-77.29258127464011,38.94605182036023],[-77.29198505028494,38.94157346655945],[-77.28884940861319,38.94008185277495],[-77.28723723089,38.9361231263463],[-77.28554278874478,38.93586411948085],[-77.28384935481304,38.93729267607497],[-77.28071314069241,38.93411327125291],[-77.28206845613188,38.933983014113956],[-77.28300114813064,38.93547556579765],[-77.2874907499143,38.935149423550875],[-77.28969555141262,38.938523749356776],[-77.29215284535091,38.93923673706659],[-77.29460894180961,38.93826208904138],[-77.29486236970041,38.937288370892695],[-77.2932523550292,38.93670489651819],[-77.29240392054338,38.93488785069934],[-77.29291080503191,38.93294042393526],[-77.29528221218654,38.932290334616496],[-77.29553561029107,38.931316615894794],[-77.29350213600242,38.930668424084374],[-77.29231466776096,38.928462079867884],[-77.2880789854991,38.92781469341634],[-77.28833136444018,38.925153405862595],[-77.2868906615986,38.923920714257946],[-77.28638051486034,38.920805363346076],[-77.28273592356567,38.916198248144525],[-77.27917808345174,38.9146416302824],[-77.27858556183794,38.91522597492954],[-77.2769761652735,38.914642291030525],[-77.27443375550773,38.9108784004577],[-77.2718084995448,38.91081417638399],[-77.2707065613073,38.90828307532523],[-77.26825052156671,38.90756966574625],[-77.26816532983165,38.90620663901639],[-77.26537053988397,38.905103805226275],[-77.26274448642877,38.90166423074837],[-77.26460718922148,38.90127444676824],[-77.26494489692398,38.89828866564089],[-77.26587620177087,38.89809376070018],[-77.2674012060341,38.90068971835965],[-77.2663013415169,38.90322131749997],[-77.27240030908389,38.90854228391463],[-77.272401039637,38.91022986446031],[-77.27544972640976,38.91035886556345],[-77.27570492754536,38.91276035202827],[-77.2775686950508,38.91405795411889],[-77.27926260153535,38.91431706916026],[-77.2803630981573,38.91347293262907],[-77.28434439329628,38.91509427549355],[-77.28552933246698,38.91392552839899],[-77.28713878172903,38.9145091012265],[-77.28739222683788,38.91353540147087],[-77.28671423361014,38.912756770160755],[-77.28764458139447,38.910874120374544],[-77.2865431501832,38.91003074047061],[-77.28738791546323,38.906785079041576],[-77.28509970243287,38.90373529123888],[-77.28636891713047,38.90224197319446],[-77.28603102296498,38.903540234756676],[-77.28891275519968,38.907693194663885],[-77.28789691751135,38.90821283968877],[-77.28772905738049,38.91054955364304],[-77.28933844966956,38.91113309766066],[-77.287901276145,38.91496316335786],[-77.28519136913332,38.91522378964178],[-77.28493788872626,38.91619748511513],[-77.28663293157507,38.918144081754185],[-77.2866339920177,38.919831664328285],[-77.28926070739975,38.92158315751857],[-77.28892500224877,38.92625659788223],[-77.29316060140503,38.926903955304105],[-77.29358538712437,38.92865626760509],[-77.29875278072397,38.929108313362235],[-77.3015475911016,38.92852281329292],[-77.30247632912011,38.92495246432017],[-77.30077792781287,38.91963091658801],[-77.3012844822069,38.91768345963034],[-77.30213151826403,38.91781285811033],[-77.30280972337584,38.9185914056287],[-77.30162498561963,38.91976031856163],[-77.30272673861413,38.92060356556028],[-77.30264518079417,38.924303309399434],[-77.30349229626509,38.92443269869902],[-77.30231032208826,38.92897678766641],[-77.30383435336239,38.92819713774168],[-77.30917216292397,38.929687176883455],[-77.3101881483308,38.92916735607521],[-77.30705113431628,38.925988620890585],[-77.30984415982853,38.923715350486],[-77.31272305285698,38.922805016632005],[-77.31458261232089,38.91903931539692],[-77.31602194579756,38.91858410209497],[-77.31661243925069,38.916311996521486],[-77.31881440734632,38.9163106319192],[-77.31898309336513,38.915661455511696],[-77.31601672194759,38.91352135733715],[-77.31669152188088,38.91092466683938],[-77.31228791117755,38.91092728155013],[-77.30974699812991,38.91053927724314],[-77.30991575159483,38.90989011366515],[-77.31330361267831,38.91040743651983],[-77.3144036556599,38.90956299835379],[-77.31770719191567,38.91040478573661],[-77.31880176702708,38.90449756983537],[-77.31617495756367,38.902746706380675],[-77.3157480449248,38.899306899370615],[-77.31159820514407,38.898335733291475],[-77.31007488166483,38.89911547556562],[-77.307618765668,38.89840284673245],[-77.30617977841806,38.89885796130556],[-77.30304568466943,38.897366714869975],[-77.30042089049081,38.89730309671467],[-77.29804934348942,38.89626570361728],[-77.29711554228908,38.893085695811635],[-77.29474293174447,38.89036066356651],[-77.29093278842022,38.88977809982171],[-77.29110166142537,38.88912896357466],[-77.29372615298347,38.889192778985255],[-77.29440276189501,38.88828379357922],[-77.29414949831344,38.88925750452674],[-77.29838432517373,38.8915922567789],[-77.29923375655109,38.8950968284019],[-77.3031300763779,38.89704213821235],[-77.30854995770943,38.89820762122683],[-77.31159656673672,38.89664815569241],[-77.31634013893198,38.89872237839136],[-77.31498210715519,38.895477854446966],[-77.31557244576258,38.893205760593645]],[[-77.25614238514349,38.913478281802675],[-77.25648121987543,38.91386768151021],[-77.25656583819715,38.913543135900795],[-77.25614238514349,38.913478281802675]],[[-77.31634013893198,38.89872237839136],[-77.3166792267333,38.899111612780686],[-77.3167635597196,38.89878702677365],[-77.31634013893198,38.89872237839136]],[[-77.28445009452643,38.95020901052612],[-77.28411094106086,38.94981968532427],[-77.2840264033752,38.9501442513317],[-77.28445009452643,38.95020901052612]],[[-77.29283114331656,38.94001534142751],[-77.29325599760288,38.94176765802442],[-77.29452695170029,38.94196183647242],[-77.29478039356545,38.940988117988596],[-77.29376290719661,38.93982022591821],[-77.29283114331656,38.94001534142751]]],[[[-77.2567405888731,38.938207808229116],[-77.2526739827073,38.93691011806821],[-77.25343620544378,38.93567680670653],[-77.25258904822779,38.93554707530106],[-77.25267343548818,38.933534945124684],[-77.25377453075062,38.93269104242921],[-77.25064028101299,38.93288605042933],[-77.25013183703838,38.93145813224516],[-77.24877651154438,38.93158804034965],[-77.2493692084639,38.929316251584154],[-77.24801375587927,38.927758566368965],[-77.24555728168959,38.92704470543971],[-77.24631952169133,38.92581143948159],[-77.24072918034675,38.92529230251819],[-77.23827292090527,38.92289071370233],[-77.23624019192576,38.92224158389403],[-77.23657906039851,38.92094345503299],[-77.23751073081914,38.92074876262071],[-77.23835763085283,38.92256618013592],[-77.24089858247918,38.9229556479203],[-77.24310080392503,38.92464321168451],[-77.24589588991994,38.924058966181136],[-77.24826759874189,38.925097360604454],[-77.24953794090288,38.92360441554416],[-77.2496228043469,38.924967458176546],[-77.25190994272062,38.92633032447882],[-77.25182579664694,38.930030037228356],[-77.25453700746212,38.93314531081015],[-77.25377512900315,38.936066214974545],[-77.2552155114414,38.93729929326562],[-77.25699452296708,38.93723416753635],[-77.25750314186097,38.938662058722045],[-77.26097659690215,38.93885626587482],[-77.26190891893376,38.940348977139685],[-77.25606304589665,38.93911659394001],[-77.2567405888731,38.938207808229116]]],[[[-77.24327046244406,38.93243206208258],[-77.24420233923294,38.93392490508027],[-77.24733665092424,38.933730059742295],[-77.24750601449128,38.93308097923014],[-77.2485226646539,38.93424924951182],[-77.24598139665945,38.935547523703086],[-77.24267754988604,38.934703822668304],[-77.23996674665048,38.93496346126454],[-77.24072916745419,38.93204264239318],[-77.24327046244406,38.93243206208258]]],[[[-77.2385263430054,38.943855730241324],[-77.2405597172923,38.939442060287426],[-77.23920422611046,38.93957186393158],[-77.23962784457721,38.93794918878266],[-77.24166100553147,38.9352230906926],[-77.24301641137777,38.93509326027985],[-77.24360944359319,38.936196670588224],[-77.24098330746212,38.93950696782861],[-77.24183051237053,38.941324366290736],[-77.24081386827818,38.943531216090435],[-77.24140694833028,38.946322227132775],[-77.2385263430054,38.943855730241324]]],[[[-77.24471219867239,38.964041876893106],[-77.24589833772251,38.95949831522875],[-77.24327129782512,38.95774589444698],[-77.24437286830891,38.95690207233693],[-77.24462685876387,38.95255327236276],[-77.24149171492617,38.95106045928009],[-77.24174585710313,38.94671166884849],[-77.24360988839007,38.94800978731376],[-77.24250848163618,38.95054119148645],[-77.24505043189926,38.95093057572038],[-77.24581293058027,38.94969730877803],[-77.24767695299896,38.949307776660504],[-77.24555880346804,38.95067092828196],[-77.24471184220715,38.95729150654013],[-77.2475930329194,38.95807027237854],[-77.24564439900051,38.96384712219669],[-77.2462377053348,38.96495052446986],[-77.24471219867239,38.964041876893106]]],[[[-77.26784709406016,38.961507613661254],[-77.26666109637063,38.96267619949099],[-77.26716886308682,38.96072887031216],[-77.26784709406016,38.961507613661254]]],[[[-77.24615298119467,38.96527506535597],[-77.24979709296495,38.9648205044957],[-77.25225435567056,38.96215909852331],[-77.25420365646718,38.963132515731864],[-77.25301628661919,38.95755060085677],[-77.25437177488338,38.95573305437518],[-77.25716796414721,38.955148552294894],[-77.25488047158558,38.95716096006363],[-77.25428771994777,38.95943278408433],[-77.25471175963835,38.961185237419315],[-77.2558982733264,38.9617043586867],[-77.25488144621102,38.962223737055936],[-77.25530551645627,38.96397618907821],[-77.252424009452,38.9631976016686],[-77.25157678201003,38.96475545622066],[-77.24878017878136,38.96533983310151],[-77.24767868960011,38.96787128954826],[-77.24615298119467,38.96527506535597]]],[[[-77.26234398207684,38.9792284363035],[-77.26234298605503,38.97585324273568],[-77.26174934665876,38.97474991569351],[-77.26259697655145,38.97487958526504],[-77.26437853567828,38.97987714348133],[-77.26234398207684,38.9792284363035]]],[[[-77.23488071206185,38.974686620455635],[-77.23759301308415,38.974427091515345],[-77.23776248624337,38.975465616590064],[-77.23505014711952,38.975725149274524],[-77.23488071206185,38.974686620455635]]],[[[-77.24030528170461,38.9758550994871],[-77.24395003124619,38.97708830613534],[-77.24386528277266,38.9774128460481],[-77.24200052005573,38.977802322496885],[-77.238355767792,38.97656905846017],[-77.2381015112338,38.97585506992255],[-77.24030528170461,38.9758550994871]]],[[[-77.23750784973647,38.983189612922516],[-77.23818597259442,38.98396852099083],[-77.23962706785439,38.98351419034724],[-77.23937273987173,38.98448780205657],[-77.24064429614961,38.98468253378467],[-77.24115292584807,38.98611050191926],[-77.23844025833137,38.98468251023793],[-77.23326929398996,38.98422794789079],[-77.23445617912081,38.983059677528935],[-77.23750784973647,38.983189612922516]]],[[[-77.2539544492951,38.991107703817804],[-77.25056280355867,38.98721355387552],[-77.24700217961436,38.98565599710381],[-77.24649343830724,38.98422805304178],[-77.2513255890211,38.98598024640281],[-77.25531087425074,38.99097773799191],[-77.2539544492951,38.991107703817804]]],[[[-77.22241759508384,38.98864052995597],[-77.22419750450231,38.99026347402251],[-77.22173915382461,38.989549134863616],[-77.22241759508384,38.98864052995597]]],[[[-77.26659018251658,39.00181550933408],[-77.26421516951153,38.99908985098274],[-77.26158722004257,39.00071301232483],[-77.26040002955074,39.00019394236816],[-77.2610780871758,38.999285124703526],[-77.26285860921972,38.999219914277425],[-77.26336621089602,38.99558498812231],[-77.26370599642631,38.9976619745067],[-77.26650431683709,38.998764860418994],[-77.26964136216615,38.99856944959112],[-77.271083251011,38.999802355045695],[-77.27693258170018,38.997658836553335],[-77.28057996533933,39.000578574011044],[-77.28202112472239,39.00012374999282],[-77.28269988194641,39.000902416823074],[-77.28787233959088,39.001354920844044],[-77.28753401189879,39.002653204978415],[-77.28465062815087,39.001875361426535],[-77.2822768576888,39.00252525414889],[-77.27574614061338,38.99882751565505],[-77.27506827049784,38.99973641336051],[-77.27133791494215,39.00051627861473],[-77.27286526120893,39.0031122070903],[-77.27473050735438,39.00272226535361],[-77.27668119576823,39.00369533546413],[-77.2770213993446,39.005772288056455],[-77.27566393011779,39.004214887480245],[-77.27252665751972,39.00441045067352],[-77.27048997077202,39.000386668231805],[-77.26514776669785,38.99889494872217],[-77.26820205836674,39.004086938928445],[-77.26735469260802,39.00564491098088],[-77.26659018251658,39.00181550933408]]],[[[-77.24598602255313,39.001363713870774],[-77.24344236479438,39.0026619490138],[-77.2425944453519,39.002532148053255],[-77.24335752651703,39.00129888659294],[-77.24598602255313,39.001363713870774]]],[[[-77.23937239294783,39.00136381034766],[-77.2425944453519,39.002532148053255],[-77.24242487627069,39.00318122855285],[-77.23911799915416,39.002337424252076],[-77.23937239294783,39.00136381034766]]],[[[-77.23318163724493,39.01155411595815],[-77.2338601408084,39.01064544534211],[-77.23284265840904,39.00947704152183],[-77.23453862742022,39.00973677115198],[-77.23504731244712,39.011164769954775],[-77.23818491464674,39.012657759577166],[-77.23318163724493,39.01155411595815]]],[[[-77.23555540112434,39.021030803385585],[-77.23580979061956,39.02174480224215],[-77.232077885589,39.02252349049589],[-77.23224759211017,39.02187442209232],[-77.23555540112434,39.021030803385585]]],[[[-77.22961810602271,39.02349691259627],[-77.232077885589,39.02252349049589],[-77.2318233201276,39.02349709279737],[-77.22961810602271,39.02349691259627]]],[[[-77.22724345463661,39.02245814613847],[-77.22970297177397,39.02317238004334],[-77.22707370209336,39.02310720776513],[-77.22724345463661,39.02245814613847]]],[[[-77.26380770753204,39.051340920522506],[-77.26584429234615,39.051989611336964],[-77.26584603183085,39.05705246542422],[-77.26737375452139,39.057960866829305],[-77.26644040552685,39.05815578773928],[-77.2657624437513,39.06075226330375],[-77.26516580272708,39.052898463023425],[-77.26151641331776,39.04997824723708],[-77.26202492756754,39.04803091186582],[-77.26380770753204,39.051340920522506]]],[[[-77.22469009013531,39.06257114115774],[-77.22545410533677,39.061337977281134],[-77.22468971451578,39.06425876188033],[-77.22384111002629,39.064128831484844],[-77.22341640372876,39.06575148528399],[-77.2219735766654,39.06620563390362],[-77.2233322745038,39.06270077390181],[-77.22469009013531,39.06257114115774]]],[[[-77.22087473180223,39.050173079339],[-77.22605099704782,39.04725293006378],[-77.22800282576046,39.04485154071912],[-77.22409981788677,39.04627905748391],[-77.2187551942889,39.04478533040803],[-77.21637829751006,39.04880919929196],[-77.21264479517262,39.04958730711243],[-77.21289841030558,39.051988973361595],[-77.21103156885515,39.052377989206555],[-77.20865474414445,39.054714097318104],[-77.20797627781111,39.05393501886513],[-77.20577014052589,39.05393441517453],[-77.20076265275574,39.05620469353646],[-77.1983003260741,39.058865119838615],[-77.19753487020311,39.061785735974226],[-77.19413861043496,39.064640478846854],[-77.19439274569037,39.065354567845986],[-77.19575066244893,39.0652252513081],[-77.1954103921317,39.06652329780998],[-77.19795514962486,39.06860127619149],[-77.19888686664703,39.07178211468184],[-77.19693539304347,39.0708078112242],[-77.19507117301501,39.06613372205415],[-77.19328895146043,39.06619796091111],[-77.19006251063011,39.068403574062614],[-77.18785593437379,39.068402652249674],[-77.1850522393797,39.072360848008515],[-77.18555782162225,39.07716431300511],[-77.18750931336858,39.07813879626392],[-77.18861092900835,39.080670703217834],[-77.19124224668866,39.080736690507116],[-77.19073160690861,39.08268374699751],[-77.18759195659887,39.081189540226326],[-77.1864052450814,39.07898213013248],[-77.18479296311648,39.078397234964534],[-77.18454018462916,39.07599550010059],[-77.1813995696362,39.07618876280966],[-77.17961282210462,39.08131568096267],[-77.18215764584212,39.083393988455164],[-77.18266581704374,39.08482221990528],[-77.18512700661078,39.085537344459496],[-77.18572038746947,39.086641058250564],[-77.1879275175364,39.086642017985326],[-77.18767213590782,39.08761554065979],[-77.1855501140996,39.08729007038185],[-77.18461747566566,39.085796749952486],[-77.1819859807789,39.08573062233357],[-77.18164811932618,39.08365338167157],[-77.17961139952858,39.08300330710414],[-77.17765694710896,39.085403952161556],[-77.17714591051298,39.087350954494426],[-77.17943680009228,39.088715192620235],[-77.17909612834053,39.09001320001022],[-77.18147091934223,39.09274052864599],[-77.18240494017874,39.09254624492095],[-77.18282802281753,39.094298982407054],[-77.1841013491259,39.09449429705993],[-77.1837607336102,39.09579231864204],[-77.18248738546916,39.095597000451995],[-77.18223189947045,39.0965705135818],[-77.18384456410345,39.09715544395442],[-77.18273881403667,39.09968637970028],[-77.18511535312075,39.10072601137067],[-77.18562370370333,39.102154235378606],[-77.18112471435556,39.1007890664847],[-77.18222917533245,39.099945776091936],[-77.18206157166763,39.09721952214289],[-77.18078680750052,39.09871181760792],[-77.18036374840781,39.09695907171378],[-77.18129782643685,39.09676479615377],[-77.18206430348934,39.09384426137792],[-77.17833102493834,39.09124608513045],[-77.1768903819451,39.08832445513739],[-77.17417361317605,39.088582662210705],[-77.17451436615194,39.08728466866108],[-77.17595790820428,39.08683106944561],[-77.1803820131792,39.075019916063376],[-77.18140095055584,39.074501138758386],[-77.17970366039134,39.07424068040873],[-77.17834409478563,39.076057445755595],[-77.17571295826463,39.07599118543363],[-77.17486277171714,39.07754854466899],[-77.1742696299961,39.0764447808986],[-77.17197762448362,39.076768074744024],[-77.17087502217986,39.075923646040245],[-77.16926127027506,39.07702617388615],[-77.16960205680063,39.07572819657465],[-77.17146971964678,39.07533980171708],[-77.17435480472471,39.07612028323081],[-77.17503464647378,39.07521192415443],[-77.17673194258666,39.0754724463214],[-77.17876986759138,39.074434943178105],[-77.17953478657364,39.0732020591832],[-77.18216582560163,39.073268238553524],[-77.18445898525516,39.071257133921065],[-77.1846292308071,39.07060812519473],[-77.18284689031775,39.0706722143279],[-77.18293201998638,39.07034771112308],[-77.18522377428776,39.070024215620116],[-77.18607365081314,39.06846678764022],[-77.1890449238569,39.06723479990572],[-77.18921511903899,39.066585785368055],[-77.18709370427993,39.06626034269116],[-77.18692474340632,39.06522173300874],[-77.19065815824706,39.06613201713652],[-77.19167689767923,39.06561315640937],[-77.19388557099694,39.06223876897858],[-77.19235867724355,39.061329463495724],[-77.18845530175909,39.06106824426252],[-77.18709869803548,39.059509861418405],[-77.1949892981841,39.0613953712106],[-77.1960940392595,39.0588643443186],[-77.1945682636448,39.056267447864805],[-77.19753688224282,39.058410496824614],[-77.2010186738317,39.053543531615276],[-77.20051036072377,39.05211538328454],[-77.20313977980636,39.05386873581139],[-77.20653438588025,39.052701369547755],[-77.20899472270085,39.05341601728072],[-77.20992888293252,39.051533910767816],[-77.21196566301754,39.05049586771993],[-77.21196633392617,39.048808251149545],[-77.21323894171508,39.04900326569761],[-77.21586971579335,39.04738111500639],[-77.21663372097244,39.04614800866609],[-77.21188405030092,39.04238231127176],[-77.21179975729726,39.04101921840014],[-77.20891566326262,39.04023961114143],[-77.20721829335618,39.0416671441573],[-77.2071325226349,39.04367927689827],[-77.20331504845873,39.04309400703714],[-77.20314590970843,39.04205542365559],[-77.2056058529802,39.04277013717791],[-77.20908561788974,39.0395905724749],[-77.20764399158843,39.03835693909915],[-77.20221528440305,39.03718702062626],[-77.20705067199326,39.03725333950196],[-77.20857724388215,39.038162460605555],[-77.20798467490458,39.03537125285951],[-77.20908783074225,39.03452773379546],[-77.2098510960395,39.034982283945226],[-77.20959473773408,39.039331068818655],[-77.2123938406141,39.040435181892036],[-77.21417417463276,39.0437458980292],[-77.21671923166335,39.04413586851788],[-77.21773693997481,39.04530441122598],[-77.21901000927612,39.043811751397584],[-77.22130076646378,39.04348759204923],[-77.22401529134449,39.04491597199779],[-77.22630606100226,39.04459172028096],[-77.22664567708472,39.043293594248595],[-77.22859681022629,39.04426742633691],[-77.23122751780735,39.03926972354845],[-77.22910671216893,39.03894499975451],[-77.22613727420267,39.040177939259294],[-77.22435609963671,39.03855500978496],[-77.22147196873668,39.03777569441386],[-77.21969144862959,39.03446508626313],[-77.22181208155543,39.03478997057246],[-77.22240517657549,39.037581112041615],[-77.22401685592997,39.038165514978694],[-77.22461081779792,39.037581420327534],[-77.22511950264649,39.039009466409304],[-77.22673123547598,39.039593834267315],[-77.22978552224795,39.038036347265084],[-77.23555404471071,39.03959452510304],[-77.23742050670764,39.037517528266186],[-77.23971098348049,39.03719302975179],[-77.23979579527959,39.038556102730524],[-77.24225598021629,39.039270089944054],[-77.24217118194586,39.04128224591438],[-77.24615874649197,39.04459246119896],[-77.24938223082354,39.04069778683346],[-77.25226677664435,39.04147645446121],[-77.2540486456994,39.04309898442558],[-77.2596481401177,39.043617530154066],[-77.26380504530955,39.04290284123062],[-77.26202296335283,39.04128045128683],[-77.25913832083782,39.04050201025668],[-77.25973201961628,39.03991774745804],[-77.26261664530759,39.0406961746224],[-77.26541717523175,39.04348670743872],[-77.2647387596218,39.04439555544942],[-77.26278713909582,39.043422291113636],[-77.26083603428536,39.0441366110302],[-77.26126072583935,39.04588906564501],[-77.26109122228681,39.0465381763094],[-77.26032751542981,39.046083940219084],[-77.25990417077702,39.04939432974534],[-77.25701922901197,39.048615838413824],[-77.25532260830131,39.05004403066964],[-77.25133481343777,39.050109339003704],[-77.25141985824499,39.05147240707366],[-77.2535411289395,39.05179675056578],[-77.25320195340493,39.05309495200019],[-77.25116568949824,39.054133671521505],[-77.25362651326063,39.05484743544545],[-77.25532395054982,39.05679450163651],[-77.2539666015953,39.058612088057096],[-77.25634317509133,39.061337969727056],[-77.25608915210319,39.06399924888727],[-77.25490129304264,39.065167741807294],[-77.25617465770438,39.067049938617544],[-77.2544775900933,39.068478123997856],[-77.2532045307867,39.0682835312635],[-77.25116808054597,39.07100987641555],[-77.24955545461988,39.070425822437976],[-77.24624556006222,39.071269821257786],[-77.24777349693186,39.07386608964123],[-77.24565171891051,39.07522927046576],[-77.24531229308613,39.07652745579685],[-77.2461610807161,39.07665723983447],[-77.24463331762331,39.077436199316224],[-77.2440393382378,39.08139564528011],[-77.24242653914126,39.08081149767998],[-77.24208702962781,39.08210967553056],[-77.24089864868242,39.08159041184276],[-77.23979514771656,39.08243422043664],[-77.2408986479766,39.07990278579031],[-77.24319044512428,39.07957822068645],[-77.24319033727483,39.07620297035284],[-77.24548190037882,39.07419073892453],[-77.24539694035336,39.07282766127263],[-77.2424263944028,39.074060997570335],[-77.24098352386811,39.07620299199445],[-77.24098352119147,39.07451536760831],[-77.24616058912935,39.06990674485016],[-77.24743365800568,39.07010140980903],[-77.24811252993598,39.06919265220189],[-77.2505738335782,39.06990647851358],[-77.2524406447351,39.067829244941194],[-77.2542228536544,39.06776415763421],[-77.2542225435838,39.066076535843756],[-77.25303433808679,39.06555738971746],[-77.25507056557056,39.062831016654194],[-77.25252410717353,39.05906659082741],[-77.25354201155396,39.05685960461124],[-77.25142034814911,39.054847642420356],[-77.24734746262574,39.055237371962484],[-77.24599006221821,39.05874248981969],[-77.24174722220273,39.05978112736048],[-77.24115322987765,39.06374054688177],[-77.23945597719643,39.063480905212074],[-77.23716449893224,39.0671806432523],[-77.23461838022735,39.06847871210751],[-77.23487292658756,39.069192718739096],[-77.23351500542267,39.06932246291786],[-77.23376954389852,39.0700364719185],[-77.23164761504604,39.0713994126706],[-77.22986529682255,39.071464176218534],[-77.22952560660944,39.07276231752319],[-77.2328352036732,39.076981636152155],[-77.22680797452581,39.081459799082594],[-77.22375219632067,39.08132959839221],[-77.22494119022024,39.07847377431046],[-77.2238383422653,39.07594219059936],[-77.22553654220151,39.07282679797953],[-77.22842239665059,39.07191840018968],[-77.22825283204772,39.07087984574555],[-77.23224198748336,39.06912765538844],[-77.23376987354071,39.06666122744551],[-77.23555207050858,39.06659640795026],[-77.23724955003561,39.063480860541354],[-77.23852248249774,39.06367561657123],[-77.24013488703007,39.06257219227337],[-77.24047434929936,39.05958640450379],[-77.2421714844298,39.05815841266119],[-77.24055921589043,39.0575742432758],[-77.2408986380987,39.05627607534739],[-77.24302005196854,39.058288217722776],[-77.24480203539869,39.058223265648905],[-77.24488678060986,39.056211101952066],[-77.24862009782763,39.0537444061522],[-77.2502323461967,39.05432847053374],[-77.25023212881896,39.05264085276229],[-77.25150490624135,39.05283547541036],[-77.25014710491396,39.051277783600824],[-77.25057113002889,39.049655042651],[-77.25506792815433,39.049330068370786],[-77.25684931026576,39.047577327334096],[-77.2592252049971,39.04861553201494],[-77.26024230992861,39.044720879529585],[-77.25693333675444,39.043877544003756],[-77.25574582000655,39.04504604086201],[-77.25362473643506,39.04472173539858],[-77.25235182882554,39.04283951985416],[-77.24895823141165,39.04232052120876],[-77.24861901825523,39.043618707992806],[-77.25048543354127,39.04322912793248],[-77.25099466609653,39.04465706937433],[-77.24488622094472,39.04608539941297],[-77.24403771892885,39.04426799205759],[-77.24140766102745,39.04251550824218],[-77.24149248186555,39.04050335236745],[-77.23784459524056,39.039270060892804],[-77.23784452506068,39.040957674759355],[-77.23682646065112,39.041476911707804],[-77.23283930549084,39.039854012172505],[-77.23071824003225,39.041216929799575],[-77.23029357560162,39.044527215469415],[-77.22952981913791,39.045760405465586],[-77.22766322663217,39.046149670811296],[-77.22766292011123,39.047837286663395],[-77.22545696773697,39.04783703257395],[-77.22426888048003,39.04900522924995],[-77.2245228775879,39.051406871505606],[-77.22604996515012,39.052315780065946],[-77.22443719290182,39.05510663754995],[-77.22562431553315,39.05900129395222],[-77.22502981907876,39.061273015451725],[-77.22367242753319,39.0597150320181],[-77.22443642998003,39.05848187502539],[-77.22350336240062,39.05698885432099],[-77.22511657792275,39.052510390317984],[-77.22358949794231,39.05160147025307],[-77.22358989903587,39.049913853306954],[-77.22087473180223,39.050173079339]],[[-77.18309825288529,39.07476157393789],[-77.18377664693172,39.075540791135424],[-77.18394690861157,39.07489178283879],[-77.18309825288529,39.07476157393789]],[[-77.1822496002,39.07463135924444],[-77.18191041378915,39.07424174699127],[-77.18182527499776,39.07456624972546],[-77.1822496002,39.07463135924444]]],[[[-77.20329149929493,39.08865978497792],[-77.20889562696382,39.085805366787575],[-77.21135984917294,39.07976946514288],[-77.21220861398034,39.079899481150626],[-77.21170057396328,39.07678374685384],[-77.21356867269724,39.07470709487632],[-77.21322995983945,39.072629944388986],[-77.21195693837005,39.07243492892756],[-77.21263627563707,39.071526364821516],[-77.21102394802833,39.070941810781456],[-77.21153396169915,39.06899467513344],[-77.20898880224763,39.0669169747174],[-77.20966812504362,39.06600842774326],[-77.20737893892178,39.06126951156014],[-77.20797398695036,39.05899787455882],[-77.21136943973771,39.05614275640591],[-77.21416983672891,39.05555921412482],[-77.21552812357075,39.053742063630395],[-77.21841334547427,39.05283390137869],[-77.22002629854717,39.0500431232118],[-77.22087473180223,39.050173079339],[-77.22011027439163,39.05309383000004],[-77.21620666903306,39.054521100811776],[-77.21620609651156,39.05620871909243],[-77.21306642070464,39.05640278139384],[-77.20984101477094,39.05860890420663],[-77.20907602530018,39.06152959129101],[-77.20992313614673,39.06503486374278],[-77.21145032744572,39.065943953954566],[-77.2109403329411,39.06789108818873],[-77.21289191594394,39.06886517117982],[-77.21246693752325,39.07048778892421],[-77.21433362032593,39.07178637321808],[-77.21492673005167,39.07457756855157],[-77.21636919846246,39.075811125282605],[-77.21416239704136,39.0758106706274],[-77.21475613941715,39.076914243764115],[-77.21314238755026,39.07970496692551],[-77.21424553825808,39.080549021105305],[-77.21144349553975,39.08282019406384],[-77.21101770991017,39.08613043837963],[-77.2087255625484,39.08645441054878],[-77.20770588248371,39.088661041184885],[-77.20660268458953,39.08781692768875],[-77.20413950046527,39.09047748501258],[-77.20329062653647,39.09034741364018],[-77.20329149929493,39.08865978497792]]],[[[-77.23937006439937,39.114434308583746],[-77.24038912204301,39.11560268077534],[-77.23903034310193,39.115732486363264],[-77.23775642468982,39.11722537110132],[-77.237841433917,39.11521319013038],[-77.23937006439937,39.114434308583746]]],[[[-77.23869060966105,39.117030663543495],[-77.24081373938697,39.11566759081043],[-77.24183283755546,39.11683595145059],[-77.2412383746886,39.11910777501367],[-77.24038909977752,39.11897795630704],[-77.24072881196965,39.1176797739913],[-77.23869060966105,39.117030663543495]]],[[[-77.22866811214409,39.12494900556365],[-77.2282440380941,39.121508774509955],[-77.2263758286971,39.12021038698482],[-77.22722540996332,39.11865266295604],[-77.22900861292499,39.12027557514926],[-77.22883836801202,39.122612289934054],[-77.23130129251507,39.12332650520945],[-77.23019679794149,39.1258578756324],[-77.22866811214409,39.12494900556365]]],[[[-77.18577225367964,39.130195050758644],[-77.188659671731,39.13097520836618],[-77.18967933507103,39.13045635763868],[-77.19078647555398,39.126237704212606],[-77.19248502065183,39.12649801375425],[-77.19274047449093,39.125524473911504],[-77.18934344017701,39.12500383872119],[-77.18645751651484,39.1225360584086],[-77.18883485651409,39.12357562358351],[-77.19138257484789,39.12396611898135],[-77.19248726916592,39.12312273366169],[-77.192656444288,39.12416134711709],[-77.19528934132164,39.12422724928151],[-77.19545961425716,39.12357821920898],[-77.19257241723929,39.12279822063361],[-77.19274271110334,39.12214919446488],[-77.19384736199231,39.121305797364855],[-77.19503605623295,39.121825514838605],[-77.19546172444814,39.12020294101215],[-77.1988585780654,39.120723408572424],[-77.19801035593004,39.11890566196901],[-77.19911489632183,39.118062218612785],[-77.19682168819291,39.118385973227],[-77.19410603895474,39.115269342531285],[-77.19512544291406,39.11475044875946],[-77.1983518130383,39.11591995816002],[-77.19911683650037,39.1146869440113],[-77.19987992939335,39.11682919925257],[-77.20149318591129,39.11741390293426],[-77.19996408667745,39.11819231919329],[-77.2015773741492,39.11877702193896],[-77.20200107224646,39.12052970297141],[-77.1961396362621,39.1226697365019],[-77.19868736208328,39.12306008216612],[-77.19928222190762,39.12247609953985],[-77.20140349923199,39.12617661757163],[-77.20063839356118,39.12740964857914],[-77.19927932278969,39.12753902004878],[-77.19928028920724,39.12585137931446],[-77.19800637232069,39.1256562189695],[-77.19486257661723,39.12753746450538],[-77.19452199846558,39.12883552388593],[-77.19273823767064,39.12889975561775],[-77.19069781794617,39.13162514064023],[-77.18712890053881,39.13344111149726],[-77.1875548135103,39.13181856099851],[-77.18577097328698,39.13188269283268],[-77.18577225367964,39.130195050758644]],[[-77.1875548135103,39.13181856099851],[-77.18806465686926,39.13155914115878],[-77.18763999382072,39.13149405078708],[-77.1875548135103,39.13181856099851]],[[-77.19469443504885,39.12481121300816],[-77.1939303205764,39.12435656221053],[-77.19384517674342,39.124681076268466],[-77.19469443504885,39.12481121300816]]],[[[-77.21643091835892,39.144679652278676],[-77.21261002939109,39.139031719377726],[-77.21447847687072,39.1403303185949],[-77.21991509312207,39.14149972342773],[-77.22042441365123,39.142927816511865],[-77.22390754106657,39.1431230686784],[-77.22560695451811,39.14169528043125],[-77.22730598592295,39.14195511514968],[-77.22781545501121,39.14338317809712],[-77.23087385207273,39.14351328041478],[-77.23427250972895,39.138969845205715],[-77.23223376754757,39.13832062616908],[-77.22781727507366,39.133257309195265],[-77.23121497101414,39.13377689416949],[-77.23096000397206,39.134750514574584],[-77.23240394002698,39.13598389941282],[-77.23180923595268,39.13656804202746],[-77.23359298131396,39.13819089427133],[-77.23953945740475,39.139099831848434],[-77.24055888550949,39.13520527448704],[-77.23894491932036,39.1346210756525],[-77.23919977885059,39.133647438906365],[-77.24081372545042,39.13423163431926],[-77.2414932797436,39.133322901761346],[-77.24030401250793,39.13955420367543],[-77.238180174775,39.14091727418496],[-77.23546178236545,39.13948917801697],[-77.23010906422284,39.14474649699104],[-77.22526685960489,39.14299342764651],[-77.22492675253066,39.14429157427544],[-77.22135852231003,39.144420884774334],[-77.21957489736356,39.14279785502556],[-77.21872486944368,39.14435553430609],[-77.21643091835892,39.144679652278676]]],[[[-77.2128633048875,39.14312107237225],[-77.21040059851708,39.14071884321852],[-77.20802238855147,39.13967968679512],[-77.20496419400224,39.13954902270191],[-77.20470885471542,39.14052259038788],[-77.20216048382213,39.14013236672518],[-77.20097143890133,39.13961271545501],[-77.20139707875789,39.137990115548774],[-77.20505013804858,39.13753685533473],[-77.20530463573397,39.138250931937506],[-77.21142092771875,39.13851216812397],[-77.2128633048875,39.14312107237225]]],[[[-77.21812892967256,39.148314907775394],[-77.21693963647071,39.147795408301654],[-77.21829905492433,39.147665843294725],[-77.21812892967256,39.148314907775394]]],[[[-77.20886664124129,39.15162325805491],[-77.20827161969342,39.15220728996818],[-77.2109055479702,39.1522728618702],[-77.2097999018606,39.15480406592114],[-77.206570821985,39.15532249472842],[-77.20767658857221,39.15279131910585],[-77.20597737386393,39.15253121567649],[-77.20640297757711,39.150908594352124],[-77.20886664124129,39.15162325805491]]],[[[-77.20282466149037,39.16960154944976],[-77.20359104149695,39.16668083939623],[-77.2018072668867,39.16505754739144],[-77.19908771487638,39.1653163030112],[-77.19721991442326,39.16232981258135],[-77.19518084771295,39.161679983098814],[-77.19603158367724,39.16012245918109],[-77.19407777358799,39.159148094066936],[-77.19390849659672,39.158109475157765],[-77.1894058837134,39.15674459079563],[-77.18515650707309,39.157781315282705],[-77.18532694930131,39.157132294664486],[-77.18243852670085,39.15635205550127],[-77.18141982990134,39.155183198965894],[-77.17470846116623,39.15381670817097],[-77.17496271746582,39.15453084920546],[-77.17241242352007,39.155827665127156],[-77.16986368913142,39.15543677853432],[-77.16986533972498,39.15374912854513],[-77.17275352361524,39.15452965920368],[-77.17504951076248,39.1525186964939],[-77.17734241736784,39.153882990736975],[-77.1804864042336,39.1536898275941],[-77.18108027159109,39.1547935783302],[-77.1824398849931,39.154664405039085],[-77.18507258193705,39.15641817443087],[-77.18813145126269,39.15654932806593],[-77.18592602754745,39.15148542198961],[-77.18354781529591,39.15044579533395],[-77.18329482715302,39.14804402429155],[-77.1819367090831,39.146485559145084],[-77.17862400876201,39.145640121645215],[-77.1791354159777,39.14369309108484],[-77.18074910228917,39.144278067045434],[-77.18091815879175,39.14531670088131],[-77.18312707244564,39.14531774589163],[-77.18499255673295,39.14999208557346],[-77.18694599848348,39.15096659151186],[-77.18787829020991,39.154147563315924],[-77.1907655188348,39.15661532646036],[-77.19161514520218,39.156745485075696],[-77.1920433646665,39.15174761182449],[-77.19357325555036,39.15096928771509],[-77.19246477461613,39.156875637892085],[-77.19399367935381,39.157784958850726],[-77.19509885796325,39.15694154454013],[-77.19467296621275,39.15856412920981],[-77.19679711237659,39.15888944829154],[-77.19815478850626,39.16213540781999],[-77.20163877758836,39.16233128437237],[-77.20316791214903,39.16324049361895],[-77.20486653046112,39.16518828978441],[-77.20367446148715,39.16973162606092],[-77.20282466149037,39.16960154944976]]],[[[-77.23800924630152,39.166881120113885],[-77.23647949668705,39.167659993226565],[-77.23571478930258,39.165517940625485],[-77.2374994900627,39.163765437969154],[-77.23877418182964,39.16396019522997],[-77.23860420147687,39.16460928989949],[-77.24013384692695,39.165518045185756],[-77.23868914136955,39.16597239676315],[-77.2388590307258,39.16869861149448],[-77.23800924630152,39.166881120113885]]],[[[-77.24982242150342,39.170710510548076],[-77.2506723186048,39.17084026619362],[-77.25016263931218,39.17278760136331],[-77.24803801424117,39.17415084963881],[-77.2480378475278,39.17246319253343],[-77.24948262375284,39.17200873177996],[-77.24982242150342,39.170710510548076]]],[[[-77.1735068615205,39.166798008695565],[-77.17580170306456,39.16647468088171],[-77.17732912389478,39.16907186335151],[-77.17410072999017,39.16790179577958],[-77.1735068615205,39.166798008695565]]],[[[-77.20798745633955,38.84162314870037],[-77.21145683669998,38.84013117334801],[-77.21357178054569,38.840456189534244],[-77.21323287653567,38.84175424282437],[-77.21179509186075,38.84052069169898],[-77.2093404522133,38.843181254808364],[-77.20671769192364,38.843115653088134],[-77.20798745633955,38.84162314870037]]],[[[-77.21439447794708,38.904713958451225],[-77.21634230364266,38.90400038308947],[-77.21634173544645,38.905687962680844],[-77.21439447794708,38.904713958451225]]],[[[-77.17186307839214,38.92923243871712],[-77.16398205231111,38.93240825391235],[-77.16432048212684,38.93279790626895],[-77.16372689148118,38.933381703067745],[-77.16339025774522,38.93130446385067],[-77.16415215574101,38.93175928758947],[-77.16491582349613,38.930526521624685],[-77.16618623801709,38.93072201457639],[-77.17076271126203,38.9283880288662],[-77.16949397922305,38.926504998665735],[-77.17237473390067,38.925597923626405],[-77.17161445385561,38.923455567260696],[-77.16907385601063,38.9230646799427],[-77.17127764102982,38.92137835225645],[-77.17356943774226,38.915992332587116],[-77.1695072088548,38.91300433890434],[-77.16739035530355,38.9126785675649],[-77.16874714460099,38.9108619685435],[-77.16824382511115,38.906058559807114],[-77.16976716310458,38.906968139946486],[-77.16967721774051,38.91235536669351],[-77.17543298340662,38.91560388788987],[-77.17814474886906,38.91365807907122],[-77.17746939173361,38.91119127006337],[-77.17840109523367,38.9109970220303],[-77.17890799000756,38.91242522995419],[-77.18060150664094,38.91268569259986],[-77.1848379476067,38.90996158637061],[-77.18661635389414,38.90989747030931],[-77.18577089224401,38.90807970274655],[-77.18755172222649,38.90464041391052],[-77.18679121457782,38.90249815651858],[-77.18890665525343,38.90451117534875],[-77.19288764634665,38.902760293408654],[-77.1889903619106,38.90587425576709],[-77.18907167169192,38.91061249694245],[-77.18805508156657,38.91113132385929],[-77.18695480019088,38.91028705972007],[-77.18678495007428,38.91093605543426],[-77.18771539397662,38.912429318267556],[-77.1906791112973,38.91288490220978],[-77.19178174972475,38.91035397158947],[-77.19720387134025,38.906461582827845],[-77.19754436571021,38.90347598407912],[-77.1985607814132,38.90295707987722],[-77.20406512017388,38.9021150464124],[-77.20618263413411,38.90075261233187],[-77.20652193823334,38.899454569310244],[-77.20838488502993,38.899065630240045],[-77.21253338808557,38.90004025086438],[-77.21337942420158,38.901857833982284],[-77.21473425960033,38.901728313210675],[-77.21558037023549,38.903545881699976],[-77.20897709937825,38.90016920078719],[-77.20525031066087,38.902634647727474],[-77.19864466693264,38.90432015349836],[-77.19788084887377,38.907240702592574],[-77.1961863619006,38.90866805624891],[-77.19745647904136,38.90886322830992],[-77.19762622924299,38.90821421815634],[-77.202113633452,38.9095787479251],[-77.20219759308422,38.91094182030788],[-77.19855686062387,38.9097073990961],[-77.1950000752366,38.90983594823845],[-77.19466051744993,38.911133961450275],[-77.1933054714372,38.911263263003896],[-77.19135607873643,38.91366405825097],[-77.1900858942284,38.913468823575535],[-77.19076286074886,38.914247982915185],[-77.19355796724751,38.913664917928436],[-77.19313235763381,38.91697501212691],[-77.18932283136355,38.914701741658504],[-77.18881571652999,38.91327357589368],[-77.1877990874399,38.91379240089253],[-77.18415845656872,38.912557556450764],[-77.17916001509933,38.914826914536214],[-77.1763632541886,38.9170972368154],[-77.17449506149691,38.922548443340006],[-77.17330976642761,38.92202854668195],[-77.17220790036525,38.92287173350256],[-77.1730531951919,38.92468959708764],[-77.17093274487353,38.92773905360142],[-77.17186307839214,38.92923243871712]]],[[[-77.21268862213518,38.9365180356884],[-77.20752123924201,38.93606240375496],[-77.20938584697248,38.933985861472706],[-77.20896231711005,38.93392084608045],[-77.20667653680694,38.93086960089691],[-77.20896379595351,38.93054567469018],[-77.20506820102356,38.92859739758792],[-77.2079493580079,38.92600191156253],[-77.21007034859227,38.917889074083895],[-77.21176410362247,38.91814911128292],[-77.21049237853437,38.921329251213024],[-77.2124406868422,38.92061573559974],[-77.21337178042653,38.92210880776558],[-77.21277867018871,38.92269283839616],[-77.21252485248397,38.92197880296766],[-77.20989925155466,38.92191326801081],[-77.20939022420906,38.92386035185588],[-77.21040613410682,38.92502893300868],[-77.20904864542386,38.930221160823294],[-77.21099651351271,38.93119525230598],[-77.20964112321289,38.931324732731966],[-77.20972524882727,38.93268780397659],[-77.21150418817797,38.93262333075331],[-77.21235189899215,38.93106575707005],[-77.21379148093078,38.932299315437106],[-77.21557099346695,38.93054719835959],[-77.21734987534347,38.93048264130965],[-77.21802729173342,38.93126165354321],[-77.21836652685029,38.92996357289041],[-77.21921355808718,38.93009353793217],[-77.22056843799669,38.931651538339956],[-77.21811157425643,38.932624719082376],[-77.22531133484652,38.93541683912122],[-77.22285440744989,38.93639011431947],[-77.22022875593163,38.934637211427436],[-77.2172639684978,38.93418233246359],[-77.21667079113435,38.93476638266798],[-77.21607817880424,38.933662843822056],[-77.21387568536325,38.933662384047615],[-77.21158835016826,38.93398640097702],[-77.21268862213518,38.9365180356884]],[[-77.20904717051994,38.933596332064425],[-77.20955554941246,38.93333683281173],[-77.20913202317352,38.93327181800481],[-77.20904717051994,38.933596332064425]],[[-77.21472335754673,38.93210479393387],[-77.2150620574257,38.932494307762056],[-77.21514688198936,38.93216978963728],[-77.21472335754673,38.93210479393387]],[[-77.21828119575052,38.9319756786067],[-77.2179424810644,38.93158617359739],[-77.21785766963946,38.93191069360805],[-77.21828119575052,38.9319756786067]],[[-77.21158835016826,38.93398640097702],[-77.21124966193099,38.933596877582964],[-77.21116481833621,38.93392139310577],[-77.21158835016826,38.93398640097702]],[[-77.21116481833621,38.93392139310577],[-77.2106564410976,38.934180898975455],[-77.2110799739852,38.93424590858504],[-77.21116481833621,38.93392139310577]],[[-77.21285959933613,38.932493829943844],[-77.2122664004015,38.9330778589479],[-77.21268992831061,38.933142863049945],[-77.21285959933613,38.932493829943844]]],[[[-77.17194649443009,38.93059553508845],[-77.17474237902964,38.93001289298459],[-77.17728619674236,38.927028495334454],[-77.18321606233434,38.92625250841582],[-77.18440149687058,38.92677231068131],[-77.18711343856403,38.92482630283203],[-77.18973912394739,38.92489232024646],[-77.1856718981791,38.926967603931786],[-77.18668747078172,38.928136379839415],[-77.1860940974635,38.92872028329721],[-77.1827912549713,38.927874988009364],[-77.17965702334497,38.928068202041906],[-77.17948706671588,38.928717189294126],[-77.17830163560103,38.92819733991696],[-77.17745322991954,38.92975468015616],[-77.17558933289419,38.93014315595043],[-77.17533281637218,38.932804214001585],[-77.17363885068832,38.93254367868969],[-77.17347039198131,38.931505072697966],[-77.17135298287809,38.93117936820679],[-77.17076108657311,38.93007561350448],[-77.17194649443009,38.93059553508845]]],[[[-77.2050615626259,38.94209808877197],[-77.21200853846852,38.94248934300926],[-77.21183883656231,38.94313837585251],[-77.20489179970377,38.94274711207383],[-77.2050615626259,38.94209808877197]]],[[[-77.22378354041508,38.94800864115056],[-77.2226814442943,38.95053986923967],[-77.22183416897052,38.95040992751023],[-77.22242785984353,38.94813826161903],[-77.22378354041508,38.94800864115056]]],[[[-77.20353272190057,38.949626881827136],[-77.20539614628832,38.95092557492836],[-77.20412357041407,38.95410566397029],[-77.20683363612426,38.95722199050969],[-77.2043723412689,38.96494527342249],[-77.20598631132574,38.95709194042108],[-77.2043765717504,38.956507311020175],[-77.204377417729,38.95481971978339],[-77.2024290060753,38.95384552111002],[-77.20386972807907,38.953391607711275],[-77.20454889734336,38.9507955151407],[-77.20166845531692,38.95001575062234],[-77.20209386997922,38.94670561214582],[-77.20116177273675,38.9469000391507],[-77.20065420139109,38.94547191553634],[-77.20158628170516,38.945277492384605],[-77.20464050857271,38.93697029644516],[-77.20675902539838,38.93560784621253],[-77.20718178236534,38.93736045582434],[-77.20378998590058,38.94359058186422],[-77.20489179970377,38.94274711207383],[-77.20455142297895,38.94573274679809],[-77.20285705199602,38.945472610093994],[-77.20268726155267,38.94612163068736],[-77.20387315860827,38.94664124825196],[-77.20353272190057,38.949626881827136]],[[-77.20268726155267,38.94612163068736],[-77.20217876890523,38.94638110225],[-77.20260236519577,38.94644614091928],[-77.20268726155267,38.94612163068736]],[[-77.20370509741012,38.94391509273476],[-77.20302683941217,38.944823589327775],[-77.2034504273983,38.94488862508686],[-77.20370509741012,38.94391509273476]]],[[[-77.17946572215081,38.95403100315629],[-77.18209381652692,38.95240959229782],[-77.18090937095066,38.950202176209714],[-77.18108213687448,38.94617800678321],[-77.18243785443231,38.94604883819661],[-77.18277779297163,38.94475085231104],[-77.18218561313498,38.94364715006046],[-77.18379489013657,38.94423206629285],[-77.18489694527007,38.94338877404741],[-77.1857479058327,38.93845620524551],[-77.18439364446603,38.93689782309434],[-77.18642758188696,38.935860217399984],[-77.18727338250758,38.937677987263584],[-77.19134001298812,38.937290234545394],[-77.18727214029329,38.93936557425185],[-77.18693230701949,38.9406635714701],[-77.18803304718678,38.94150783927449],[-77.1865074983878,38.94228606701502],[-77.18591273449414,38.94455755895482],[-77.1829464151045,38.94578944757119],[-77.18184156454038,38.95000790129007],[-77.18506042009491,38.95117772290514],[-77.18845052764685,38.95001086981802],[-77.18836434618237,38.9520229604974],[-77.18633124906917,38.951373010067826],[-77.18294104411619,38.952539805467765],[-77.18081880463637,38.95727703410233],[-77.17920783366105,38.95837966963227],[-77.17836054478005,38.95824943085771],[-77.17946287508715,38.95740618520138],[-77.17946572215081,38.95403100315629]]],[[[-77.21835713639149,38.960340171267895],[-77.21835818016282,38.9569649871763],[-77.21979886455615,38.956510888596654],[-77.21988466892256,38.9528111840607],[-77.22115607671643,38.95131852405053],[-77.22056326165618,38.95021500407076],[-77.22183416897052,38.95040992751023],[-77.22073150190054,38.95462873001512],[-77.2219176663246,38.955148175702035],[-77.2210703387271,38.955018228670035],[-77.2197140323673,38.95683541101702],[-77.21818692361519,38.962676807284595],[-77.21734006054399,38.960859241837255],[-77.21835713639149,38.960340171267895]]],[[[-77.21937320103456,38.963196277907834],[-77.22318784362479,38.958718268736526],[-77.2265773595663,38.959237964585554],[-77.22674729497015,38.95690131824004],[-77.22912034538403,38.95456490063319],[-77.22869696033743,38.9528123615833],[-77.2309848108642,38.952488028280825],[-77.22954401334981,38.95462984737819],[-77.22996742936056,38.95638238399681],[-77.22861160385266,38.956512072198734],[-77.22784874236939,38.95774523460448],[-77.22750923716004,38.96073093865432],[-77.22378076772638,38.95982177752882],[-77.22174625002961,38.96254759201918],[-77.21937320103456,38.963196277907834]]],[[[-77.17242643406298,38.960712780987706],[-77.17496989180913,38.95941600959021],[-77.17353043160378,38.95818199599213],[-77.17404065809873,38.95623505014371],[-77.17226269918349,38.95461139535678],[-77.17387369196113,38.95350885060896],[-77.17514300794235,38.95539184311548],[-77.17539353962658,38.959481141288954],[-77.1767510015556,38.95766444295048],[-77.17836054478005,38.95824943085771],[-77.17759681387993,38.95948228442107],[-77.17573215639972,38.9598707639978],[-77.17598574529171,38.96058487846825],[-77.1741210509682,38.960973333894934],[-77.17360767448777,38.96629546770413],[-77.17377932682814,38.96395889185617],[-77.17174602658169,38.96330870128545],[-77.17242643406298,38.960712780987706]]],[[[-77.21674554782714,38.96481848090722],[-77.21471123348097,38.96585658800833],[-77.21318481775596,38.968322740760726],[-77.21496582623787,38.96488302959809],[-77.21674554782714,38.96481848090722]]],[[[-77.20394863573499,38.96488024062306],[-77.20310035125429,38.966437764362766],[-77.20301631069907,38.96507468207463],[-77.20394863573499,38.96488024062306]]],[[[-77.19716539705978,38.970589895300726],[-77.19869044716272,38.97149912821046],[-77.1987744141151,38.97286221473],[-77.19784297069735,38.9713690222345],[-77.19657176168081,38.97117385242333],[-77.19716539705978,38.970589895300726]]],[[[-77.18995851547012,38.97454650727194],[-77.18648354752848,38.97435031040486],[-77.18300725659282,38.9758416121042],[-77.1791935350488,38.975255607301726],[-77.18055119635078,38.97343886314666],[-77.17936502918293,38.97291902061139],[-77.17996022920877,38.97064755071621],[-77.18207882509826,38.970973110088906],[-77.1801288711338,38.971686153716526],[-77.18300994000063,38.97246642080141],[-77.18216111899385,38.974023803115436],[-77.18478857488685,38.97408992582769],[-77.1849585901992,38.97344092709611],[-77.18995851547012,38.97454650727194]],[[-77.18182240195082,38.97363419713652],[-77.18131364269259,38.973893584207275],[-77.18173738046411,38.9739586943845],[-77.18182240195082,38.97363419713652]]],[[[-77.21919999977239,38.97565848643326],[-77.22250500773833,38.97819041454031],[-77.22208077320391,38.979813040690665],[-77.22089420557757,38.97929359466216],[-77.2202158324398,38.98020218993814],[-77.22131710336394,38.982733765117594],[-77.22089235256684,38.98604398709592],[-77.22004466702323,38.98591403246079],[-77.22080842131211,38.9829933144407],[-77.21911362915473,38.98104580046005],[-77.22064011082637,38.97857957006698],[-77.21987736971809,38.97812509034342],[-77.21919999977239,38.97565848643326]],[[-77.22030116659725,38.97819006887834],[-77.22080981688327,38.977930521824376],[-77.22038602106143,38.977865545029],[-77.22030116659725,38.97819006887834]]],[[[-77.18546219413966,38.97993191025855],[-77.18317327817027,38.98025540533152],[-77.1822420602554,38.97876209408919],[-77.18300725659282,38.9758416121042],[-77.18376974345425,38.97629631823919],[-77.18308959491546,38.97889230675267],[-77.18647976388445,38.979413099552495],[-77.18690228691233,38.98116578941165],[-77.18512213913453,38.98122991020783],[-77.18546219413966,38.97993191025855]]],[[[-77.22174004113825,38.9861739359442],[-77.22233316701141,38.98727745620108],[-77.22216345274282,38.987926507456066],[-77.22080749082347,38.98636851169736],[-77.22174004113825,38.9861739359442]]],[[[-77.17732111383691,38.9840820970121],[-77.18046056629407,38.98051374505027],[-77.18224070065868,38.98044969112391],[-77.18122308619738,38.9809684671545],[-77.18122170292776,38.982656064745754],[-77.17995034133384,38.98246072433448],[-77.1799489285182,38.98414832229687],[-77.17732111383691,38.9840820970121]]],[[[-77.17875394776449,38.993754069273],[-77.17705707064717,38.99518117915971],[-77.17595564581686,38.994336807229615],[-77.17705855075396,38.9934935783441],[-77.17875394776449,38.993754069273]]],[[[-77.17019034979471,38.99446347398879],[-77.17502439581659,38.99284343858949],[-77.17587057397101,38.99466130148914],[-77.1710380457855,38.994593769269464],[-77.16993505439531,38.995436944806045],[-77.17019034979471,38.99446347398879]]],[[[-77.17697200272649,38.99550567421711],[-77.18197468910579,38.994923978646824],[-77.18341501948396,38.99615790112873],[-77.17697200272649,38.99550567421711]]],[[[-77.20900877496786,39.021351370124165],[-77.21155506119216,39.016678621391556],[-77.21096185909123,39.01557504447633],[-77.20926583819492,39.015314992552135],[-77.21096255296762,39.01388743785667],[-77.20943718997655,39.01129074385422],[-77.2130014968594,39.004411359657894],[-77.21351162579644,39.00077663487377],[-77.20978272118153,38.996491843294216],[-77.20969852071447,38.99512875928737],[-77.20885074932305,38.99499872801854],[-77.20537228360274,38.99986586516503],[-77.20325274213702,38.999540702032576],[-77.20520404327972,38.99713968995653],[-77.20766325830037,38.996166755638534],[-77.20910699589759,38.990649976167205],[-77.20749726281802,38.988377784558686],[-77.20317390677036,38.98805200848988],[-77.19961425666465,38.98649309226194],[-77.19757909195758,38.98753092187253],[-77.19537602322171,38.985842534579454],[-77.19342580110083,38.986555788756675],[-77.19478011121463,38.989801683216406],[-77.19342470074771,38.98824338791949],[-77.19215320877603,38.98804817234495],[-77.191898229733,38.98902168733204],[-77.1905417282832,38.989150960128164],[-77.19088172362721,38.98785294375119],[-77.19317084431391,38.98752930613313],[-77.1931719505438,38.98584170715879],[-77.18935762303231,38.98525601382939],[-77.19037641047802,38.983049572538334],[-77.18825742586947,38.98272415423216],[-77.18859743193195,38.98142614539689],[-77.19181778586533,38.98259579713571],[-77.1907140539754,38.98512675405216],[-77.19435950566839,38.98467382005493],[-77.19732620710903,38.9851292498379],[-77.19876660391338,38.98636299229805],[-77.20071676851103,38.98564965422529],[-77.20334379071689,38.98740298320029],[-77.20648051516358,38.98720916885895],[-77.21071822817466,38.9895469471162],[-77.21419398711242,38.989742465805406],[-77.21224384496371,38.99045601608058],[-77.2093617503942,38.989676425598915],[-77.21003963237045,38.99045548819693],[-77.20919044534457,38.993700660330575],[-77.21037716436592,38.994220219408426],[-77.2108003490754,38.99597283186715],[-77.21249592455828,38.99623286202742],[-77.21215627569057,38.99753093927704],[-77.21351226038504,38.99908903225876],[-77.21478400260088,38.99928402936289],[-77.21503751298955,39.00168567110703],[-77.21817482208165,39.001491560803935],[-77.21825918873512,39.00285464042832],[-77.2199549512723,39.003114568988366],[-77.22122586979019,39.006684708236705],[-77.22029305515778,39.00687928075417],[-77.2185133449066,39.00356867259776],[-77.21478279239464,39.002659235162525],[-77.21342416740335,39.00785157052361],[-77.21147353221444,39.008565110745806],[-77.21113311765386,39.01155079326811],[-77.212404410982,39.01343342117238],[-77.21206468016084,39.01473150175088],[-77.21384562403577,39.0146669941632],[-77.21342098356378,39.01628960003987],[-77.214947195074,39.017198639661565],[-77.21316619018623,39.01726316307562],[-77.21240242963586,39.01849624207697],[-77.21248604926424,39.02154693765819],[-77.21002675621756,39.020832362959005],[-77.20900877496786,39.021351370124165]]],[[[-77.16198089489767,39.05936663491055],[-77.16104909891929,39.057873145240166],[-77.1593522699566,39.05761240970276],[-77.15918372554057,39.056573763940364],[-77.15757215965321,39.05598851799906],[-77.15655722633977,39.053131863157994],[-77.15358800550563,39.052675453790066],[-77.15418466387311,39.05040407821552],[-77.15214912121057,39.049753557502065],[-77.15223847811528,39.04605384584282],[-77.15003679756668,39.04267702369395],[-77.15088710807943,39.041119843986266],[-77.15173531341448,39.04125027208358],[-77.15131328896531,39.0394974455748],[-77.15309693013657,39.037746196397336],[-77.14630948551662,39.038390296830876],[-77.14402529836802,39.03365023723431],[-77.14504391536391,39.033131761846164],[-77.14622642642102,39.03702716071494],[-77.14919496205123,39.03748374480345],[-77.15080814061248,39.03638148525722],[-77.1528432969421,39.03703202644803],[-77.15267694000389,39.03430576385157],[-77.15479726836247,39.034631792306755],[-77.15615664770336,39.0328152978618],[-77.15642009803994,39.02509140997718],[-77.15743850678545,39.02457283368188],[-77.16023624940355,39.025678119218746],[-77.16015481674286,39.02262738682762],[-77.16193599975604,39.02256362372177],[-77.16219149744262,39.0215901651002],[-77.1604122054027,39.01996632407797],[-77.16075288249262,39.0186683839043],[-77.16321161794428,39.01938393411497],[-77.16389285459776,39.01678803799948],[-77.1655053513923,39.015685591381676],[-77.17008390765773,39.01672681364055],[-77.16915415546286,39.01354578947007],[-77.16779715627003,39.01367481419949],[-77.16610306884806,39.01172656720324],[-77.16788736615386,39.008287509090856],[-77.16424412174082,39.00536445909852],[-77.16484005935966,39.00309305034825],[-77.16738342936534,39.00348402897355],[-77.16679100499654,39.00238024350705],[-77.1687469315488,38.9966046001291],[-77.16552632855229,38.99543434724958],[-77.1646803998689,38.99361641362625],[-77.16281479862157,38.994004701079824],[-77.16137670406802,38.99108294005084],[-77.16052906628683,38.99095257886535],[-77.16010337525297,38.9925749960017],[-77.15832292478568,38.99263873251867],[-77.1589983887764,38.995105674654546],[-77.157041728591,39.00088116303102],[-77.15763399282686,39.00198499475195],[-77.15466285324405,39.00490382079258],[-77.15236685531161,39.01028956125939],[-77.1502451449151,39.01165109749211],[-77.14879652608475,39.01716720977673],[-77.15083112678249,39.017817781844315],[-77.14514694149702,39.01930641465583],[-77.14285433301025,39.02131677556263],[-77.14395578206538,39.0221614448225],[-77.14336129858843,39.0227451520477],[-77.14047866361648,39.02196395830294],[-77.14064686069091,39.023002623268425],[-77.13784712825107,39.023584504854774],[-77.14022520936796,39.021249764485326],[-77.1423451012614,39.0215760048042],[-77.14251788841368,39.019239452141484],[-77.14378979228086,39.01943517712494],[-77.14404552184475,39.01846175635952],[-77.14599708347585,39.0177492745435],[-77.14820212227767,39.01775093969483],[-77.14752464840615,39.01697153615026],[-77.14888814755706,39.011779915521196],[-77.15270967591741,39.007304041037266],[-77.15254339196932,39.00457779164707],[-77.15372988364341,39.00509789308805],[-77.15576813936629,39.00237317681287],[-77.1568752969881,38.998154922237596],[-77.15594635964355,38.99497380867373],[-77.15730303104169,38.99484491385093],[-77.1575584933762,38.99387146911196],[-77.15671278195096,38.99205348164186],[-77.15739205844466,38.991145232017914],[-77.1599349707722,38.99153636249543],[-77.15900408544513,38.99004287434053],[-77.16163209869302,38.99010948750128],[-77.1616339364554,38.988421888226966],[-77.16248154673471,38.98855224181633],[-77.16197078431262,38.99049914956168],[-77.16290173637336,38.991992615572755],[-77.16781580049,38.99511117688111],[-77.16993505439531,38.995436944806045],[-77.16815116905823,38.9988760252899],[-77.16925091071245,39.001408069445446],[-77.17374197397208,39.004461247678016],[-77.17492708552219,39.00666875036586],[-77.17713178899919,39.006669901776874],[-77.17789310128323,39.008812250676776],[-77.18052180987215,39.00887846409954],[-77.18196102524611,39.011800011524834],[-77.18467489857903,39.01154163772512],[-77.18552410356796,39.00998422909758],[-77.18764387005979,39.010309695460485],[-77.18789775173717,39.011023791125595],[-77.1862019194693,39.01076342436653],[-77.18492875540882,39.01225573960349],[-77.18865821533431,39.01485368175206],[-77.19205123297894,39.01368671893801],[-77.19417113657246,39.01401207405626],[-77.19306811891353,39.014855457740275],[-77.19043918290957,39.01478950988992],[-77.18925107313058,39.015957365061084],[-77.1913698818987,39.01797037524314],[-77.19094356230096,39.02128051313824],[-77.19297754360895,39.023618003698715],[-77.19001047949864,39.02147485858249],[-77.19052187704978,39.0178402183219],[-77.1887408348463,39.01790439140168],[-77.18806292519764,39.01712520908646],[-77.18814919213804,39.015113098523045],[-77.18577540692648,39.0140735406097],[-77.18450479168025,39.01219063993314],[-77.18280894435507,39.011930226782134],[-77.18119679309844,39.01303289741925],[-77.17984265660088,39.00978684282983],[-77.17738408197509,39.00907162305983],[-77.17687654365426,39.007643388755945],[-77.17424788301865,39.0075770981671],[-77.17348669101385,39.0054347273423],[-77.16958803620032,39.00348531434534],[-77.16916580069132,39.001732559471634],[-77.167979253563,39.001212605837196],[-77.1682312254423,39.00361434360834],[-77.1661100066867,39.004976149462244],[-77.16924426468714,39.00815848348873],[-77.16932772215979,39.00952159764213],[-77.1669509587011,39.0118568907542],[-77.17152929465571,39.01289805906185],[-77.17034091218075,39.014065732906275],[-77.17178142423961,39.01529979414961],[-77.17118236956911,39.02094645570635],[-77.17304704351545,39.02224564892968],[-77.17448930381369,39.021792071951026],[-77.17847416598777,39.02341683931631],[-77.18237548480268,39.02367837046352],[-77.1829683191898,39.0247820853737],[-77.18195008959252,39.02530087103585],[-77.18135726642944,39.02419715116958],[-77.17380995460623,39.022700419599076],[-77.17363816460313,39.025037017017],[-77.17668999813225,39.026856058093486],[-77.17617784584922,39.030490646795805],[-77.1781279593634,39.031465269362855],[-77.17651530403865,39.03256788278345],[-77.1763435776557,39.03490448780913],[-77.18117740439774,39.036659426169464],[-77.18202424628464,39.038477260144155],[-77.18473911507787,39.03821888380408],[-77.18388956351686,39.03977629438038],[-77.18185405271167,39.03912626163254],[-77.18151365645099,39.04042426412576],[-77.18481899485847,39.04464483679093],[-77.18311970858404,39.04775965708557],[-77.18167698699396,39.0482133362956],[-77.18184583337062,39.04925194999131],[-77.1809974807033,39.04912172733766],[-77.18048959180909,39.04769349822136],[-77.18235919256057,39.04392971138718],[-77.18117324803681,39.04172226597477],[-77.18023987679248,39.041916538671],[-77.1811760190084,39.03834703895125],[-77.1805831012314,39.037243312963696],[-77.17803847944423,39.03685260257287],[-77.1782938117644,39.03587910850024],[-77.1754954022304,39.03477422790144],[-77.17643168538642,39.03120476828149],[-77.17566866868037,39.030750013072996],[-77.1758404069381,39.02841341061704],[-77.17499230812072,39.02828314741593],[-77.17584191595478,39.02672580072833],[-77.17185693128346,39.02510094800002],[-77.17355460853551,39.023673902297645],[-77.16965497418356,39.02172448562714],[-77.1699120120601,39.01906340359649],[-77.16855658913467,39.017504829509996],[-77.16474079949437,39.01691837675131],[-77.16371896984441,39.020812227000455],[-77.16236182543395,39.02094119248095],[-77.16320801398784,39.02275914990943],[-77.16168049522977,39.02353708197462],[-77.16261186424516,39.02503055810692],[-77.16133981188804,39.0248350257387],[-77.1604899155998,39.0263922727018],[-77.15803096998647,39.02567666776631],[-77.15641225877474,39.031841849464655],[-77.15742882572101,39.03301088358388],[-77.16048245399944,39.03314271391334],[-77.15895278686875,39.035608225505314],[-77.15962678583593,39.039762794442936],[-77.16208622352464,39.04047836947905],[-77.16344193601834,39.04203702020427],[-77.16310119743653,39.04333497286212],[-77.16793357208137,39.04677804417989],[-77.16700010056292,39.046972217555535],[-77.16691321049228,39.0489843241905],[-77.17072907252516,39.05125832975661],[-77.17149066306861,39.05340073396783],[-77.16699667112469,39.05034744925007],[-77.1650479603739,39.04768503296539],[-77.16564247364992,39.0471012194648],[-77.16335315415562,39.04573673732467],[-77.16377908392938,39.04411429486591],[-77.16106762514747,39.040996985281915],[-77.15869338220092,39.03995690516089],[-77.15853062118968,39.033855425209715],[-77.15768248992511,39.03372504368079],[-77.1557286381091,39.03612532284355],[-77.15411755322314,39.035540034159226],[-77.15504692881586,39.03872118255774],[-77.15267079931334,39.039368600442565],[-77.15326127732834,39.042160073527775],[-77.15173324456117,39.042937885782095],[-77.15376454914656,39.046963641858845],[-77.15367729277858,39.04897573921319],[-77.15715185234262,39.05254808974093],[-77.15748886926339,39.05462538526729],[-77.16045632748504,39.05676931945563],[-77.16283295640571,39.0561217506709],[-77.16155851822734,39.05761383769065],[-77.162575528344,39.058782834892426],[-77.16512083467309,39.059173863558414],[-77.16622138303873,39.06170596022827],[-77.16367777423656,39.05962733462715],[-77.16198089489767,39.05936663491055]]],[[[-77.14838268041295,39.07584403328512],[-77.14999672276812,39.07474177682783],[-77.15085158975764,39.06980934367202],[-77.14924192499485,39.06753636679977],[-77.14915451872534,39.069548468302024],[-77.14728688550451,39.06993652736032],[-77.14753841183422,39.072338335168126],[-77.14567069829323,39.07272637013144],[-77.14371540124878,39.07512647675562],[-77.14235720710988,39.07525522482026],[-77.14286909058886,39.07330836999155],[-77.14482213649691,39.072595899894075],[-77.14771331572219,39.06831413307959],[-77.14856183271877,39.06844458347289],[-77.14873239220557,39.06779562430373],[-77.14669641128825,39.06714501224294],[-77.1492440523922,39.0658487458461],[-77.15094103736371,39.06610961982012],[-77.15162522215005,39.06182615044063],[-77.14916516516516,39.06111036559754],[-77.15060834556316,39.060657062977675],[-77.15094938840633,39.05935914067039],[-77.14840415185486,39.05896782166738],[-77.15010308038869,39.057541088325664],[-77.1499346682895,39.056502430033646],[-77.14798426121112,39.05552736060233],[-77.15019044596632,39.05552899046549],[-77.14976837587473,39.05377615436284],[-77.15129665747322,39.052998364813746],[-77.14926106801535,39.05234779648272],[-77.15155240458459,39.0520249230411],[-77.15206387826109,39.050078038413716],[-77.15307859237427,39.05293472843148],[-77.1513777524098,39.05604911884597],[-77.15264827612992,39.05793237242538],[-77.15154203659169,39.060463012316184],[-77.15315365312787,39.06104833694141],[-77.15289789571253,39.06202178356165],[-77.15467804934225,39.06364574397672],[-77.15136528550987,39.06617483469414],[-77.15331602365866,39.067149852890395],[-77.15314550661273,39.06779881827506],[-77.15280650811137,39.06740912708272],[-77.1518727312291,39.06760318748749],[-77.15144016866489,39.07428846343499],[-77.15220349084545,39.07474337095363],[-77.15067476168046,39.07552117468163],[-77.14888799907561,39.07896002520852],[-77.14838268041295,39.07584403328512]]],[[[-77.16270601900854,39.09526159130772],[-77.16576227317248,39.095393293321074],[-77.16873499170553,39.094161785183296],[-77.17060476503968,39.09208577260951],[-77.17018199014144,39.09033299426201],[-77.17238923212285,39.09033422993203],[-77.17239082258064,39.088646601580194],[-77.17341157479271,39.08644026082676],[-77.17374921374129,39.08851752494778],[-77.1748520405508,39.08936193011308],[-77.17434090095732,39.09130892234929],[-77.17204842688217,39.09163221839479],[-77.16941341284293,39.09494108358616],[-77.1681401182049,39.09474561845687],[-77.16746000748343,39.09565394310535],[-77.16151614754656,39.09642919760491],[-77.16270601900854,39.09526159130772]]],[[[-77.12052326293264,39.08776338807856],[-77.1233256068685,39.08718189047893],[-77.12316024256097,39.084455564169346],[-77.12426512774783,39.083612791513076],[-77.12408888845023,39.08763697175521],[-77.12731291049224,39.08880831811786],[-77.13062498285373,39.087967485193616],[-77.13334438036335,39.08602260318831],[-77.13495641716911,39.086608166571246],[-77.13597584123252,39.08608976068794],[-77.13563440547716,39.08738764818352],[-77.1368221282796,39.08790791867146],[-77.13724889760607,39.08628555496891],[-77.13945601596075,39.08628737547455],[-77.13869265232535,39.08583238869085],[-77.13954371090938,39.084275274644206],[-77.14455057093576,39.08538270494313],[-77.14574053410212,39.08421526347847],[-77.14752107146643,39.08583933299243],[-77.14726515133773,39.08681277240762],[-77.14531396652416,39.08583765570865],[-77.14454833396057,39.087070331839655],[-77.14140944417083,39.08557495731867],[-77.14055841034532,39.08713208451685],[-77.13826591789505,39.087454757213905],[-77.13894158232222,39.0899218485845],[-77.13436133414585,39.08719183732524],[-77.13104934037506,39.088032769694166],[-77.12934932481654,39.08945925035581],[-77.12663234503826,39.089716418284766],[-77.1251911246533,39.08848181730169],[-77.12417159009456,39.08900013495387],[-77.12179630697499,39.087959340697516],[-77.11916196488365,39.089579510125475],[-77.12052326293264,39.08776338807856]]],[[[-77.18112471435556,39.1007890664847],[-77.18095436677153,39.10143807404861],[-77.18154781411077,39.10254181106542],[-77.18002022773861,39.10163234719997],[-77.18112471435556,39.1007890664847]]],[[[-77.17899802551074,39.10552638183435],[-77.17891139772694,39.1075385184095],[-77.17644802739454,39.10851090201294],[-77.17551530363204,39.10701750728877],[-77.17636582106995,39.105460134980945],[-77.17509385134886,39.10357710752307],[-77.17373518098876,39.103706199217136],[-77.17390715389523,39.10136956883914],[-77.16991811823007,39.099744632300514],[-77.17127348805528,39.102990846623904],[-77.16931656016746,39.107079003253176],[-77.16990987676141,39.10818279701268],[-77.16897562146642,39.10837698742028],[-77.1691444260824,39.10941562983857],[-77.16770209250193,39.108181517304274],[-77.16540905642243,39.10850469193637],[-77.16490105884142,39.10707638355888],[-77.16846755465458,39.106948693652136],[-77.16982794537554,39.1051320258573],[-77.16914942462265,39.10435272820673],[-77.17025571912234,39.10182191111656],[-77.16881351742164,39.10058781327328],[-77.16915442246622,39.09928983148642],[-77.16805151118017,39.09844537418904],[-77.16898731092355,39.09656356027399],[-77.16771398899776,39.09636809071986],[-77.16788444296442,39.09571910193033],[-77.16983784591135,39.09500623573238],[-77.17034585614918,39.09643452064645],[-77.16932487042068,39.09864084036248],[-77.17153075416745,39.10032972277363],[-77.17492650706359,39.10085084207675],[-77.17696220077805,39.103188628101535],[-77.17730001909548,39.105265889148065],[-77.17899802551074,39.10552638183435]],[[-77.17543465821291,39.102279107776184],[-77.17492497524233,39.102538474349835],[-77.1753494576386,39.10260360777031],[-77.17543465821291,39.102279107776184]]],[[[-77.14342099911754,39.10478958619805],[-77.14435976044939,39.10122032356577],[-77.1430864232126,39.10102460156966],[-77.14257891680114,39.09959620406609],[-77.13926881274772,39.09874972632883],[-77.13918581674675,39.09738657069323],[-77.13765886918947,39.09647658726143],[-77.13910518759532,39.09433578572866],[-77.14241508865075,39.095182267118496],[-77.14233203769659,39.09381911450369],[-77.14556105559859,39.09161473068034],[-77.1483611989968,39.09272029689868],[-77.14513221691648,39.09492475392253],[-77.14648858162813,39.096483604964014],[-77.14453490992713,39.09719610440405],[-77.1437668889193,39.10011640938429],[-77.14597442760572,39.10011811414228],[-77.14588689163912,39.10213022550114],[-77.14698960119964,39.10297488002295],[-77.15182931640159,39.10304334961102],[-77.15233702877448,39.1044717102818],[-77.15029788373319,39.105508785716594],[-77.1492804170597,39.10433967794635],[-77.14809018113709,39.10550715773282],[-77.14418459156697,39.10524454556766],[-77.14223066166038,39.10595700998391],[-77.13900563806864,39.10478604678243],[-77.14138402899596,39.104138882627986],[-77.14342099911754,39.10478958619805]]],[[[-77.13637592459035,39.10303132082494],[-77.13917873053283,39.10244946412118],[-77.13815671376706,39.104655530249346],[-77.13892027183809,39.10511052194116],[-77.1361197945607,39.10400474044079],[-77.13637592459035,39.10303132082494]]],[[[-77.1361197945607,39.10400474044079],[-77.1359490373943,39.10465368665897],[-77.13450489151225,39.10510682267395],[-77.13425120591938,39.104392606060955],[-77.1361197945607,39.10400474044079]]],[[[-77.16488693764299,39.12057747227549],[-77.16497396949295,39.118565340394674],[-77.16896559890529,39.11850280352248],[-77.16888202300774,39.11713966259079],[-77.1715982692535,39.11856920722354],[-77.17176713506112,39.11960784814132],[-77.17083273777303,39.119802052936976],[-77.17125569991305,39.12155483899446],[-77.17057701041871,39.12077554664886],[-77.16879342645515,39.12083943481825],[-77.16972618950567,39.12233288399203],[-77.16488693764299,39.12057747227549]]],[[[-77.15444133376698,39.119986467807024],[-77.1519792791368,39.11927073090928],[-77.15181069707742,39.11823206320953],[-77.14917805710428,39.11816524055306],[-77.14748203206982,39.116216703068595],[-77.14408575787272,39.11569483254286],[-77.14188004573127,39.11400545819046],[-77.13797163104294,39.11543028637555],[-77.13602223823956,39.112767382934656],[-77.13780565272458,39.11270396493508],[-77.13916219219213,39.11426290123019],[-77.14009894408383,39.11238129917057],[-77.14230685541854,39.112383069065984],[-77.14434182236944,39.114721394319496],[-77.14875778760202,39.11472474420714],[-77.15036848296367,39.11699774748605],[-77.15664947660912,39.11998798300507],[-77.157411372524,39.12213050089915],[-77.15647690440672,39.12232459790994],[-77.15444133376698,39.119986467807024]]],[[[-77.15707015040482,39.123428456218434],[-77.15817715635474,39.12089773726322],[-77.15928218951291,39.12005464749342],[-77.16114919504521,39.12135404270599],[-77.16030190935389,39.11953603878448],[-77.16268059345718,39.118888465358594],[-77.1638690250627,39.11940848049882],[-77.16378375272336,39.119732973640645],[-77.16454762980888,39.12018780924596],[-77.16446235958637,39.12051230290289],[-77.16488693764299,39.12057747227549],[-77.16480166847894,39.12090196618994],[-77.16522624911786,39.12096713440899],[-77.1650557121448,39.12161612271534],[-77.16581961700153,39.122070950675166],[-77.16556381446453,39.1230444345107],[-77.16344085665679,39.12271858455565],[-77.1623358312428,39.1235617117251],[-77.1610639082702,39.121678534106664],[-77.16072089120895,39.12466413866598],[-77.15919120247159,39.125442054554],[-77.15876850885796,39.12368922612822],[-77.15707015040482,39.123428456218434]]],[[[-77.14881959623877,39.132964291837496],[-77.14474401517275,39.131663021104316],[-77.14304324724965,39.13308970110821],[-77.14160088709431,39.131855280060684],[-77.13913619249959,39.1328269289435],[-77.13795011020814,39.1306190345338],[-77.13395778835843,39.13068057587204],[-77.13301813491269,39.13424978052457],[-77.13029949228745,39.13450703086973],[-77.12910845675914,39.135674335826344],[-77.13054811645648,39.138596546197356],[-77.12714827428677,39.13976185461732],[-77.12621083356515,39.1416433693253],[-77.12884430358247,39.141710678567726],[-77.12926378566995,39.14515126069388],[-77.12450676317053,39.14475744420604],[-77.12407936543113,39.14637978267802],[-77.12577814216546,39.146641004362586],[-77.1267103517843,39.14813478381177],[-77.12560183373165,39.15066523638152],[-77.13129415701889,39.15086510960376],[-77.1323094625429,39.1537220241531],[-77.13528022777284,39.155866600441904],[-77.14055055345987,39.15431312977367],[-77.14224957507194,39.15457412693193],[-77.13952784823292,39.15651923001409],[-77.13307099412766,39.15586470573663],[-77.13205056950534,39.15638309491441],[-77.13127887234096,39.16099100845612],[-77.13025836285955,39.16150938348866],[-77.13001225366312,39.15573219831949],[-77.13086431785783,39.15417512231976],[-77.12865774429905,39.15248550035408],[-77.12721260143873,39.15293855598297],[-77.12695882044804,39.15222431768116],[-77.12305079423606,39.151961039171404],[-77.12254332596794,39.150532545465126],[-77.12432767988979,39.15046932032346],[-77.12466961442975,39.14917144784738],[-77.12280803507953,39.144496205259294],[-77.12399931660434,39.14332895855273],[-77.12688659263519,39.14411055231242],[-77.12714298792233,39.143137144005415],[-77.1256152291936,39.14222700445969],[-77.12493953085027,39.13975981551167],[-77.12800021249562,39.13820480333637],[-77.12825657200206,39.13723139390181],[-77.12536955474756,39.13644983303763],[-77.12562594332167,39.13547642937067],[-77.12868382257304,39.135609044095204],[-77.13013118494975,39.133468330660584],[-77.12851814682564,39.13288269938167],[-77.12801070433034,39.13145423352701],[-77.13030463131537,39.131131747234285],[-77.1306463679887,39.12983386342612],[-77.12818421411032,39.12911765400058],[-77.1289531683859,39.12619742886774],[-77.12767943476734,39.12600154810907],[-77.12750855046303,39.12665048551628],[-77.12470741637874,39.12554444229869],[-77.12317732346285,39.12632191525248],[-77.12411464500958,39.124440429195914],[-77.1283603271473,39.125093435861956],[-77.12819468753032,39.1223670964353],[-77.12377553791127,39.12405065464687],[-77.12216276020071,39.12346494203665],[-77.12607191734897,39.12204060856048],[-77.12632824564517,39.121067206242046],[-77.12463006507906,39.12080599341672],[-77.12446187056777,39.119767288366944],[-77.12649912735897,39.12041827117318],[-77.12718262368,39.11782252937705],[-77.12590904170101,39.11762663080735],[-77.12778064288774,39.115551253306556],[-77.12693161294575,39.11542065985038],[-77.12752962022805,39.113149386051774],[-77.12651241300937,39.11198009024764],[-77.12660049749992,39.10996798876489],[-77.1274494631163,39.11009858434398],[-77.127022335023,39.11172092172608],[-77.12829320101424,39.11360444375843],[-77.13033031929106,39.114255363007686],[-77.13041316837575,39.115618528971886],[-77.13194042755902,39.116528604754734],[-77.13057631324482,39.12003249908081],[-77.1309128831955,39.12210989272751],[-77.13261111684012,39.12237101981464],[-77.13217645493141,39.12905629802929],[-77.13387485555621,39.12931740821827],[-77.13600031049334,39.12795612277939],[-77.13752789914754,39.128866132145525],[-77.13914564847111,39.126076365517825],[-77.13820630956981,39.129645606080175],[-77.1394777793097,39.13152902043217],[-77.14092241959449,39.1310758243004],[-77.14380939054396,39.131857023285455],[-77.14584936808089,39.1308200489193],[-77.14754785909638,39.131080972462726],[-77.14848031674792,39.132574584010264],[-77.15145277238918,39.133031122274105],[-77.15162138368501,39.134069793510925],[-77.16156087557127,39.13323270706363],[-77.16376762953861,39.134921738661035],[-77.16512690165632,39.134792755110944],[-77.16393642136957,39.13596039358804],[-77.1626624222193,39.13576487078636],[-77.16249364906497,39.1347262141713],[-77.15680250524338,39.13452776932478],[-77.15747923744547,39.13699478242043],[-77.15289327881754,39.135953072358205],[-77.15145069435474,39.13471876484464],[-77.14873209951364,39.134976418139914],[-77.14881959623877,39.132964291837496]]],[[[-77.1567966437334,39.13959070054631],[-77.16206349611879,39.139723968041416],[-77.16138288809528,39.14063226744],[-77.15934475155377,39.139981853581354],[-77.1577294009084,39.141084245303205],[-77.15917221856716,39.14231848157556],[-77.15891625557478,39.143291955688035],[-77.16019037670755,39.14348751716171],[-77.16044258468712,39.14588933287825],[-77.16239558648547,39.146864223486624],[-77.16213965068611,39.14783770513702],[-77.15942249572869,39.14640794548238],[-77.15840622571163,39.143551256632605],[-77.15704677769511,39.143680166957466],[-77.15823749534239,39.14251259260379],[-77.15730470936792,39.14101905122355],[-77.15543726700909,39.13971959317574],[-77.15229381851702,39.13991212269801],[-77.15263520347156,39.13861417620598],[-77.15033482692523,39.144000010303444],[-77.14888998824975,39.14445331695444],[-77.1487235336332,39.14172699433644],[-77.1502557836136,39.139261559998765],[-77.14957927569623,39.13679450647663],[-77.14796600687316,39.13620912706037],[-77.14643593830614,39.13698688783378],[-77.1472020651257,39.13575418814495],[-77.14524956612634,39.1347790612028],[-77.14711887791042,39.13439102794942],[-77.14992069451371,39.1354965682542],[-77.15042649430174,39.13861258970989],[-77.15170051045854,39.13880823796235],[-77.15229793559683,39.136536834567664],[-77.15391124661964,39.13712215783069],[-77.1545065816695,39.1365383878297],[-77.15476057878719,39.13725256761176],[-77.1577332653962,39.137708956197095],[-77.1567966437334,39.13959070054631]]],[[[-77.14649718254431,39.15522651836883],[-77.14530606755142,39.156393983378145],[-77.14318222547043,39.15606778536328],[-77.14216645928293,39.15321095818283],[-77.14318676708176,39.152692486374534],[-77.14326990143533,39.1540556542954],[-77.14726350080605,39.15399381369999],[-77.14862101490671,39.15555265973342],[-77.15108426691081,39.15626846836632],[-77.1515923368714,39.157696847275126],[-77.14751531760122,39.15639566080648],[-77.14649718254431,39.15522651836883]]],[[[-77.17203901151673,38.832716212532425],[-77.16612009385256,38.830116527057136],[-77.16544242614805,38.83102480534913],[-77.16417552551644,38.82914174280631],[-77.16958813345559,38.830313290602966],[-77.17187080622492,38.831677616959304],[-77.17203901151673,38.832716212532425]]],[[[-77.14945380334714,38.83159819405015],[-77.14598575705517,38.83140086670374],[-77.14573511293133,38.82899913853246],[-77.14429872192882,38.82776480596431],[-77.14556949630737,38.82627294414919],[-77.15351876172973,38.82783655822765],[-77.15241809013915,38.828679559712334],[-77.15377167391868,38.828550706269965],[-77.15664485620651,38.831019135363675],[-77.15647492097129,38.83166808345715],[-77.15453044020931,38.83069314761872],[-77.15444346377595,38.832705184752356],[-77.15275189822638,38.832444367331625],[-77.15207404237184,38.833352572694075],[-77.14945380334714,38.83159819405015]]],[[[-77.1925883492676,38.84330567141112],[-77.1900480793573,38.846290352221715],[-77.18920207383027,38.8461601893456],[-77.19013526371435,38.84259072020043],[-77.1925883492676,38.84330567141112]]],[[[-77.14428083982571,38.84126532460788],[-77.13768412526677,38.839572437560584],[-77.1383622181891,38.83866431035667],[-77.13607995385193,38.837299365509125],[-77.13625250508446,38.83496288011623],[-77.1366729836159,38.83671570791492],[-77.13929309900006,38.83847035788124],[-77.13895288188687,38.83976820727538],[-77.14199838326786,38.83990048842831],[-77.1418305893366,38.83886185131316],[-77.143269416231,38.83840864829537],[-77.14233626618228,38.84029019633524],[-77.14428083982571,38.84126532460788]]],[[[-77.12913823815903,38.84027899505721],[-77.13345498574563,38.838919778020085],[-77.13464110416456,38.83775248496065],[-77.13370773984956,38.839633967859186],[-77.12981387362198,38.84105848014819],[-77.12871013225403,38.84358883814624],[-77.12913823815903,38.84027899505721]]],[[[-77.14409957119416,38.85035209118593],[-77.14232258034151,38.85041559696595],[-77.14367883544463,38.84859928599657],[-77.14410181129408,38.848664523608846],[-77.14409957119416,38.85035209118593]]],[[[-77.20569158332229,38.86557302151016],[-77.20399736434189,38.86868804645511],[-77.20120406633589,38.86927134351956],[-77.20128979547768,38.86725926560093],[-77.20272881296486,38.86680537056304],[-77.20323761979213,38.864858327984514],[-77.20509969982778,38.86446943990852],[-77.20535406681832,38.86349591422212],[-77.2076392175704,38.86317201517625],[-77.20907737874755,38.86440561766818],[-77.21102417927844,38.863692129363066],[-77.2117876876346,38.85908394449192],[-77.20569565532296,38.85713516852023],[-77.2040889769851,38.85486297341447],[-77.19977355485437,38.85453708459041],[-77.20002606727662,38.85693870970852],[-77.19867301515062,38.85538049949159],[-77.19486547002266,38.85479498551988],[-77.19613568054065,38.8533026006997],[-77.19419009241527,38.85232828529609],[-77.19368331612637,38.850900150276594],[-77.19283725061076,38.85077001215933],[-77.19148218014647,38.8525868614932],[-77.19131135751539,38.85492342795109],[-77.18987250351107,38.85537718977929],[-77.19038157395812,38.85343020255565],[-77.18962033101806,38.85297554440499],[-77.19207602013421,38.85031536923272],[-77.18903119317764,38.84849675098436],[-77.18522408504786,38.847910941164876],[-77.18412347706041,38.84875422619175],[-77.17921715345844,38.84732393914142],[-77.1750705727842,38.84803577748011],[-77.17067238581085,38.84634579496497],[-77.16821773124282,38.84731797693262],[-77.1649187840059,38.8464722141169],[-77.16432590104027,38.847056007536764],[-77.15992802228821,38.84536564375664],[-77.15874218493136,38.846533179882016],[-77.15408948416082,38.845816036763864],[-77.15417648600473,38.8438039970386],[-77.15333057343568,38.84367358923574],[-77.15155168596156,38.84542479416244],[-77.15019778496008,38.84555362357393],[-77.15180257818635,38.84782651480747],[-77.15315651856307,38.84769766782456],[-77.15290150967844,38.848671084470176],[-77.15459345228732,38.848931900304],[-77.15289743680202,38.85204622024808],[-77.15535047515226,38.8527619095626],[-77.15433445185927,38.85328045633055],[-77.15881766352794,38.85464654376971],[-77.16422853057514,38.8591934677714],[-77.16718993642581,38.859649610134795],[-77.16820427469261,38.86081852752395],[-77.17099751269217,38.86023597491827],[-77.17226354161744,38.86380654469539],[-77.17488548754108,38.86556044699408],[-77.17674773671664,38.86517198495936],[-77.17598495388076,38.86640481357199],[-77.17699952721931,38.86757365986869],[-77.17784575951418,38.86770390639243],[-77.17725428038057,38.8666001915574],[-77.17835523733649,38.86575696584779],[-77.18182500583866,38.865953387548636],[-77.18157031598858,38.86692686518205],[-77.17869199483363,38.86783414713922],[-77.17945190268152,38.869976445092995],[-77.18097462634256,38.87088588346982],[-77.17927922738818,38.87400057231153],[-77.18368060733621,38.87400268151468],[-77.18520475691638,38.8732244954312],[-77.18909805955964,38.873485809666384],[-77.18977464409936,38.87426497050193],[-77.17902447540642,38.87497404563477],[-77.17809032657385,38.87854344430785],[-77.1802911536933,38.878544539560586],[-77.18189624632407,38.88250462392871],[-77.1835890782423,38.88276504478092],[-77.18638051065008,38.88555729371235],[-77.1879885383374,38.88614215105509],[-77.18815831993751,38.885493155727794],[-77.19162905468235,38.88568930337807],[-77.1914593035394,38.886338303474716],[-77.19831407252188,38.89042997362163],[-77.19848279040231,38.89146854025922],[-77.19907576104482,38.89088458036505],[-77.20068400820313,38.891469273385795],[-77.20034463728229,38.892767299122525],[-77.19780495553327,38.89237700197187],[-77.1979746642196,38.89172799270172],[-77.19323492094057,38.88964924433378],[-77.19001983008836,38.88679206869814],[-77.18866522853666,38.88692131913925],[-77.18790241965985,38.8881542243131],[-77.18527934738917,38.886400592716626],[-77.18553149247816,38.888802256389354],[-77.18400833750692,38.88789287203969],[-77.18248386830462,38.888671044788694],[-77.18324810883897,38.88575059741875],[-77.18130182665112,38.88477607592484],[-77.17918431183796,38.886138082269916],[-77.18045678906309,38.88295827787817],[-77.17884889209651,38.882373323053564],[-77.17927352197461,38.88075086644621],[-77.1772424944892,38.88010077317711],[-77.17724396796444,38.87841319928642],[-77.17546632181235,38.87847718067028],[-77.17750169066055,38.87406458285462],[-77.17750462529482,38.87068943784064],[-77.1750507660209,38.86997418571094],[-77.17556033437887,38.86802725614148],[-77.17302164756,38.867636452403765],[-77.17175391470205,38.86575345974831],[-77.16997493101243,38.86750493357247],[-77.16997328943928,38.869192505184394],[-77.16819586181704,38.86925638221448],[-77.16785601571516,38.87055431543867],[-77.16904043469756,38.87107426085571],[-77.16649995463496,38.87237089560202],[-77.16625022140471,38.868281626307315],[-77.16802762695973,38.86821777719155],[-77.16930027805411,38.86503809416199],[-77.17056956282946,38.86523354059021],[-77.17040293498331,38.862507368640806],[-77.1649879232225,38.86133585224936],[-77.16295576027908,38.86237309655839],[-77.16397362933786,38.860166908461416],[-77.16152025711611,38.859451389282825],[-77.15788662811038,38.85484064331491],[-77.15298040987143,38.85340931626683],[-77.15137545701978,38.85113643887932],[-77.15315448810244,38.8493852353766],[-77.15070158493505,38.84866950285313],[-77.15095662318869,38.84769609073627],[-77.14909468307634,38.84808416438667],[-77.14901178872158,38.84672106657519],[-77.14545798949165,38.84684819351493],[-77.14410181129408,38.848664523608846],[-77.14571309138668,38.84587479239016],[-77.14360054498405,38.84386105082718],[-77.14453147821158,38.84366705887608],[-77.14444867419512,38.842303958674215],[-77.14529455498231,38.842434427108124],[-77.14445090596726,38.84061639258391],[-77.14605760595067,38.84120179080538],[-77.1449544262085,38.84373229354179],[-77.14884387917382,38.8456824381903],[-77.1500319638561,38.84282743033521],[-77.15206171025643,38.84347796670428],[-77.15214876527116,38.84146592891795],[-77.15485441284245,38.84289577914836],[-77.15485242181796,38.84458334583537],[-77.15823614336186,38.845104900881836],[-77.16018292579255,38.844392213004944],[-77.16415777254691,38.8460173998836],[-77.16568154541736,38.845239456413815],[-77.16847253088413,38.84634452891808],[-77.1701661118183,38.84491756473867],[-77.18759368508596,38.847262918082016],[-77.18920207383027,38.8461601893456],[-77.18852454458646,38.84706859547352],[-77.19114627968641,38.84882215034621],[-77.19376923123994,38.848888081788544],[-77.1941911729983,38.85064071667582],[-77.19698279731062,38.85174514747543],[-77.19833476115768,38.85499094467159],[-77.20079020014295,38.8523305961795],[-77.20324371794504,38.85304533715529],[-77.20468244267408,38.85259142016735],[-77.20992721358799,38.85609779296152],[-77.21255044387514,38.856163326818276],[-77.21381906371607,38.85804589984673],[-77.21923511596484,38.85752771153096],[-77.21898095519964,38.858501265035315],[-77.21644236760801,38.85811135131727],[-77.21449576917058,38.85882492429139],[-77.21305569466617,38.86265409668543],[-77.21457868454492,38.863563121314314],[-77.21144662166562,38.865444708400425],[-77.21356230002128,38.86576972567852],[-77.2127147226577,38.86901486671256],[-77.21339151815778,38.86979389817733],[-77.21753896211864,38.86908077545676],[-77.2194853095582,38.870054726033494],[-77.21813107142262,38.87018429822546],[-77.21728419229659,38.87174189931777],[-77.21965329945665,38.874468407109894],[-77.21838320166937,38.87596103665798],[-77.22007601184089,38.876220958942625],[-77.22033164650483,38.87018468244732],[-77.22177060313052,38.86973056613476],[-77.22287067545395,38.87057451701972],[-77.22219333895038,38.87148310976066],[-77.22092380706454,38.871288192015044],[-77.22050015963096,38.87291078932532],[-77.22168365955973,38.87849295235207],[-77.22278386315689,38.87933690488869],[-77.22134472314848,38.87979103348564],[-77.22134381881916,38.88316618285904],[-77.22261355877744,38.883361096578476],[-77.21897183011387,38.88887758119734],[-77.21871755647031,38.889851137787026],[-77.221426756932,38.88959196516403],[-77.22108776431106,38.890890047356216],[-77.21854803693275,38.890500175288956],[-77.22007167741872,38.891409135438884],[-77.21854700290908,38.893875329083485],[-77.2171928687284,38.89231731429764],[-77.21795575621238,38.889396651805995],[-77.21626264748495,38.88913670014196],[-77.21880282618608,38.887839042804366],[-77.21973461027507,38.88595690900016],[-77.21761831823072,38.88563199631836],[-77.22024309641063,38.884009792176116],[-77.21998982385216,38.881608200682386],[-77.2180436896692,38.878946682355895],[-77.21635082342782,38.87868673222618],[-77.214742127653,38.879789817533755],[-77.2166904035741,38.87570109125926],[-77.21804474679207,38.875571534725815],[-77.2149140604349,38.872390492087604],[-77.21144185222089,38.877257716596354],[-77.21161004912669,38.87998383785],[-77.21321815625855,38.880568367463525],[-77.21372552174113,38.881996427480885],[-77.21050926210638,38.88082736039329],[-77.21025490348995,38.881800898659726],[-77.20940844960056,38.88167087324575],[-77.20915627666291,38.87758168630324],[-77.2058546736806,38.878424584587606],[-77.20568669567679,38.87569845603887],[-77.20737945444996,38.875958551737],[-77.20822659427458,38.874401017561254],[-77.21127366789905,38.87453159600564],[-77.21305183038665,38.8727795280052],[-77.21339088189909,38.871481470642024],[-77.212036606419,38.87161097625458],[-77.21322199784248,38.87044292682161],[-77.20907590650617,38.86778076075385],[-77.20933023194108,38.86680722653108],[-77.21009174229125,38.86726176428703],[-77.21009245490269,38.86557419267467],[-77.20569158332229,38.86557302151016]],[[-77.1649879232225,38.86133585224936],[-77.16481975235722,38.860297243826096],[-77.16456485515583,38.861270685855466],[-77.1649879232225,38.86133585224936]],[[-77.21009245490269,38.86557419267467],[-77.21110825269444,38.8650551880082],[-77.21017722370983,38.86524968070082],[-77.21009245490269,38.86557419267467]],[[-77.16584969382505,38.84627806190982],[-77.16551165747612,38.845888417897164],[-77.16542671237126,38.846212898568865],[-77.16584969382505,38.84627806190982]]],[[[-77.11936641600113,38.865778072922254],[-77.11826761524408,38.86493320419737],[-77.11835562877592,38.86292118543691],[-77.11632564189419,38.862270095404114],[-77.11573224128561,38.862853657227454],[-77.11404305115268,38.86090474097999],[-77.11818811876252,38.8618825136585],[-77.11886666213236,38.86097449094072],[-77.12157514286261,38.86071750172423],[-77.1228469568056,38.85922586773191],[-77.1254702203087,38.859293245283546],[-77.12826634811493,38.85702408734345],[-77.1308044251053,38.85741580745724],[-77.13139766077238,38.85683217382434],[-77.13418857019052,38.85793802009206],[-77.13605084135037,38.85755017004837],[-77.13680938863708,38.85969272672787],[-77.13934760445147,38.86008427195509],[-77.1406994753593,38.86164313058267],[-77.14492999822144,38.86229554441174],[-77.14923926925172,38.86768605572963],[-77.14822299442389,38.86820455326583],[-77.14805504662216,38.867165921278485],[-77.14678578860764,38.86697024418901],[-77.14349071010727,38.862748767923115],[-77.13875204169547,38.862355513635485],[-77.1362161730218,38.8602763864617],[-77.13528500553223,38.860470316282886],[-77.13520235534436,38.85910720734635],[-77.13114232936096,38.85780554665273],[-77.13054908372743,38.858389179127705],[-77.12851911415771,38.85773828920174],[-77.12716231126224,38.85955443605357],[-77.12309967738153,38.859940080824344],[-77.12140482615706,38.86136640377948],[-77.11869632071327,38.86162338929187],[-77.11801776918034,38.86253141114456],[-77.11953957043836,38.86344160343101],[-77.11953676116438,38.86512917333842],[-77.12224539392564,38.86487216934931],[-77.12368214272001,38.86610676270662],[-77.12038286223613,38.86525981221337],[-77.11936641600113,38.865778072922254]]],[[[-77.14624916760613,38.889167935880494],[-77.14684471582126,38.88689665091994],[-77.14566019806018,38.886376492386404],[-77.1465960358689,38.882807334974736],[-77.14363381785219,38.88235069915449],[-77.14193655606847,38.88546488118479],[-77.14218498357337,38.889554207807464],[-77.1413385613067,38.88942371742263],[-77.1399884978068,38.886177285692675],[-77.14227921675307,38.88247944257688],[-77.14067163696492,38.88189399256379],[-77.13915154210216,38.879296484360445],[-77.13568125366167,38.87909886745085],[-77.13534567014311,38.87702156671666],[-77.13365314427749,38.8767604871665],[-77.13204827998439,38.87448735330948],[-77.13255902867931,38.87254059972906],[-77.1307014580772,38.86955325491864],[-77.1257096357051,38.868445303200225],[-77.1235969878291,38.866431215407594],[-77.12554200819001,38.86740664070035],[-77.13197323941657,38.86806152572966],[-77.13442168166115,38.872152773517726],[-77.13441675157755,38.87552791775038],[-77.13729113042014,38.87799680881096],[-77.14076137074217,38.878194380617884],[-77.14236658847564,38.88046740264282],[-77.1457518869539,38.88098930086969],[-77.14600490750713,38.88170346905379],[-77.15125310039484,38.88183718834279],[-77.1524355362105,38.88404486748375],[-77.14778050228965,38.88332748433821],[-77.14802710017008,38.889104373483455],[-77.14921167917704,38.889624509572414],[-77.14836310090757,38.89118164292448],[-77.14624916760613,38.889167935880494]]],[[[-77.11942346921457,38.882329341290145],[-77.12492984755652,38.87980325054077],[-77.12619927037869,38.87999915178897],[-77.12052254570308,38.883174201511856],[-77.12009659358756,38.88479645700106],[-77.12178925752738,38.88505772193987],[-77.12212449156067,38.88713506138762],[-77.12508676921956,38.88759221153208],[-77.12516926247096,38.888955331825144],[-77.12254493129043,38.88888794765272],[-77.11916225107618,38.886677840474775],[-77.11891230096298,38.88427604300685],[-77.116711302126,38.884273857802384],[-77.11772802525529,38.88375561773],[-77.11773087713702,38.882068044130804],[-77.11375215596624,38.88212893416604],[-77.11460136836189,38.88057203958242],[-77.11578556999795,38.881092494532574],[-77.11688745699433,38.880249813679065],[-77.11731345397534,38.87862757011401],[-77.11545925738154,38.87395242276009],[-77.11707505950534,38.86947548507986],[-77.12004218333196,38.86655761354178],[-77.12080313388479,38.86701269979015],[-77.12029210991363,38.868959403636644],[-77.11792120662315,38.869606140829774],[-77.11630545358383,38.87408308961184],[-77.1185856677308,38.877135976731374],[-77.11841245016697,38.87947244866803],[-77.11968184970274,38.879668416661566],[-77.118494809372,38.88083557204825],[-77.11942346921457,38.882329341290145]],[[-77.11950303972651,38.88538003844486],[-77.12001140088843,38.88512090796184],[-77.11958823499226,38.885055587823175],[-77.11950303972651,38.88538003844486]],[[-77.1173077310144,38.882002716230645],[-77.11705499069096,38.88128848946935],[-77.11688458565052,38.88193738688632],[-77.1173077310144,38.882002716230645]],[[-77.11984661913066,38.88239466196961],[-77.12018458060906,38.882784432192274],[-77.12026976980538,38.88245998120491],[-77.11984661913066,38.88239466196961]]],[[[-77.16825391876161,38.89593308985193],[-77.1656292966307,38.89586661780735],[-77.16664755266996,38.8936603988688],[-77.16554778324105,38.89281594666836],[-77.16580451635495,38.89015492277397],[-77.1586153203404,38.88398421581596],[-77.1571756889492,38.88443759945175],[-77.15675054554055,38.886059981034805],[-77.15835834641237,38.88664522278633],[-77.15683168302914,38.88911065538532],[-77.15767620250804,38.890928615824826],[-77.15556004326866,38.890602643430846],[-77.15615727500429,38.886643738053145],[-77.15454949184513,38.88605846775098],[-77.15598917160223,38.88560511452841],[-77.15235048839324,38.88436934062359],[-77.15379014845801,38.88391601303668],[-77.15540183711737,38.88112614440838],[-77.15861913015921,38.880609067300334],[-77.15836407907103,38.881582498903406],[-77.1607331569886,38.88262256125695],[-77.16234273264901,38.88152017677489],[-77.1614945293756,38.88307739845637],[-77.1631855025144,38.885025672683774],[-77.16521654184199,38.885675996690836],[-77.16572300201891,38.88710425391753],[-77.16699266160015,38.88729973750254],[-77.16631447291994,38.88820802650017],[-77.16792239800388,38.88879314434494],[-77.16953200120008,38.887690665670114],[-77.17113994070404,38.88827574173917],[-77.16885384053698,38.888598968604995],[-77.16647928353267,38.89262178867528],[-77.17130182106845,38.896064651436234],[-77.17087692439665,38.89768708379862],[-77.16825391876161,38.89593308985193]]],[[[-77.13759089689297,38.90538774565821],[-77.13691458155574,38.904608297043104],[-77.13488326712813,38.903957507754214],[-77.13598527904065,38.903114654728306],[-77.13514360881192,38.89960896611224],[-77.1369193978794,38.9012331405997],[-77.13666157056697,38.90389410826334],[-77.13902870488569,38.9066221671974],[-77.13758850420659,38.907075324610716],[-77.13759089689297,38.90538774565821]]],[[[-77.11979895227952,38.91108346341101],[-77.11852900493926,38.91088749584099],[-77.11683575244905,38.91062618552217],[-77.12005462203643,38.910110107637706],[-77.11979895227952,38.91108346341101]]],[[[-77.1146339574413,38.9106239634285],[-77.11141202739272,38.912827480266046],[-77.11573920354573,38.908093710607886],[-77.11471920392185,38.91029951511891],[-77.11675051501408,38.9109506353007],[-77.1146339574413,38.9106239634285]]],[[[-77.13949956971656,38.93336426831174],[-77.14213696045688,38.92499337297576],[-77.14425629776395,38.9236319928295],[-77.1460416656558,38.91850571155472],[-77.1442674903376,38.91519408285539],[-77.14223581498477,38.91454341314138],[-77.14316991892947,38.91266184913549],[-77.14029164265708,38.91188066374932],[-77.14105550580281,38.910648048017606],[-77.13834998764261,38.90753030536792],[-77.13852026133063,38.90688137637411],[-77.13979019257997,38.90707713908251],[-77.14207013482557,38.9118171866166],[-77.14384862389358,38.91175368397459],[-77.14470422228665,38.905133839256465],[-77.14571883306347,38.90630294716067],[-77.14792049828394,38.90630461725586],[-77.14758011806077,38.90760250078081],[-77.14529330686274,38.90792529389859],[-77.14520376664717,38.911624922921376],[-77.14333790197581,38.91370049360434],[-77.1459609473662,38.91545501870234],[-77.14714159682043,38.919350339591375],[-77.1461201951881,38.92324398829155],[-77.14315180671151,38.92616250495225],[-77.14059964944312,38.934208956073526],[-77.13949956971656,38.93336426831174]]],[[[-77.11141202739272,38.912827480266046],[-77.1107298927552,38.9154230481543],[-77.11055633211481,38.91775952039781],[-77.1102243141332,38.9139945613187],[-77.11141202739272,38.912827480266046]]],[[[-77.1252887469983,38.920370410409404],[-77.12334231556007,38.91939497467325],[-77.12639111829115,38.919527640860835],[-77.1252887469983,38.920370410409404]]],[[[-77.12215743713851,38.918874589390846],[-77.11825910834865,38.92029875214847],[-77.11953203065484,38.91880714118234],[-77.12029352393941,38.91926223353009],[-77.12317460454047,38.91835630235694],[-77.12334231556007,38.91939497467325],[-77.12215743713851,38.918874589390846]]],[[[-77.15636540165336,38.926172212414684],[-77.1581461457829,38.92442092105448],[-77.15670376173313,38.92656188522211],[-77.15687002328829,38.92928809752833],[-77.15576982918633,38.92844355465755],[-77.15636540165336,38.926172212414684]]],[[[-77.11825910834865,38.92029875214847],[-77.11740951091072,38.921855679674145],[-77.1164775060082,38.92204946963701],[-77.11825910834865,38.92029875214847]]],[[[-77.11503394407116,38.9241899482735],[-77.11537498182622,38.922892151335965],[-77.1164775060082,38.92204946963701],[-77.11613649184685,38.92334726945959],[-77.11503394407116,38.9241899482735]]],[[[-77.13179972622115,38.92745118353998],[-77.13120845976414,38.92634724072979],[-77.13214048045779,38.92615333994518],[-77.13179972622115,38.92745118353998]]],[[[-77.1494096855688,38.934215765401014],[-77.15195056687874,38.93460705615697],[-77.15279957449702,38.933049889395825],[-77.15644265463713,38.93259807249705],[-77.15746170263272,38.93039191839484],[-77.15687002328829,38.92928809752833],[-77.1583937051515,38.930197820210395],[-77.15822163870253,38.93253436352188],[-77.16101770753939,38.93195203066924],[-77.16186282840489,38.93376997276146],[-77.16398027038277,38.93409583938631],[-77.16415037777085,38.93344687291529],[-77.16482725248034,38.93422617591853],[-77.16406354442408,38.93545894196472],[-77.16304823286418,38.9342899796556],[-77.15957525873944,38.93409303043101],[-77.15805148060745,38.93318332177883],[-77.15796447904538,38.93519538648108],[-77.15999499678075,38.93753338649857],[-77.15770922799958,38.93616882362854],[-77.1571194389639,38.933377417470844],[-77.15440838116851,38.93363518596979],[-77.1522038345445,38.9353212166486],[-77.14796900373017,38.93466904506502],[-77.14762849177689,38.935966933645446],[-77.1448343874895,38.93486137922861],[-77.14220381027415,38.93816958272368],[-77.13822442307334,38.936543672767975],[-77.13704156561782,38.93433584301149],[-77.12975752087249,38.93355064513077],[-77.12577866404195,38.93192433692485],[-77.12561088941396,38.9308856661475],[-77.124764016437,38.93075506188419],[-77.12442310919495,38.932052886020635],[-77.1234084815656,38.93088359986973],[-77.12417282981633,38.92965108503762],[-77.1271342141026,38.93179577301577],[-77.1285749687549,38.931342735548554],[-77.12959742207151,38.92744922716444],[-77.13086768800957,38.92764508179779],[-77.12831933834134,38.932316111651055],[-77.13763537796662,38.933752173872655],[-77.14076532549574,38.936935192787566],[-77.14245927562398,38.93719617722814],[-77.14305760178094,38.93323731087828],[-77.14610701993267,38.933369492581704],[-77.14720717638409,38.9342141217369],[-77.14797115674675,38.93298145971197],[-77.1494096855688,38.934215765401014]],[[-77.14720717638409,38.9342141217369],[-77.14746039616006,38.93492829187478],[-77.1476306527236,38.93427934799624],[-77.14720717638409,38.9342141217369]]],[[[-77.11875073965156,38.93016512217888],[-77.1215442676343,38.9312712634394],[-77.11866548787788,38.93048957412028],[-77.11875073965156,38.93016512217888]]],[[[-77.13983553141259,38.93544157289674],[-77.14102311983278,38.934274204892716],[-77.14110596431014,38.9356373228784],[-77.13983553141259,38.93544157289674]]],[[[-77.12323529089677,38.933220094705064],[-77.1219649482377,38.93302416174779],[-77.12213542755721,38.93237525305991],[-77.12399966660455,38.93198758054583],[-77.12323529089677,38.933220094705064]]],[[[-77.14142123807856,38.95290291526372],[-77.14023568505209,38.95238270032184],[-77.14159159051566,38.95225397803413],[-77.14142123807856,38.95290291526372]]],[[[-77.15811162668714,38.95479748513164],[-77.15658938724923,38.952200165781136],[-77.15853714120085,38.95317508402127],[-77.15938244650964,38.954993048445104],[-77.1626898723378,38.95246378947905],[-77.16251789115549,38.95480034605506],[-77.16031475887802,38.95479893515487],[-77.15742882958638,38.959080916003735],[-77.15811162668714,38.95479748513164]]],[[[-77.15606692683164,38.96427258805557],[-77.15810587070345,38.959860258518376],[-77.15742882958638,38.959080916003735],[-77.15895314207586,38.9599906356413],[-77.15665887839272,38.96537641823493],[-77.15606692683164,38.96427258805557]]],[[[-77.0936401625956,38.948571525177435],[-77.09322007415875,38.946818527068835],[-77.09457595896018,38.946690318749866],[-77.09551170696459,38.94480910576504],[-77.09466472606758,38.94467829572936],[-77.09475348826882,38.94266627321664],[-77.09636204050481,38.94325232339688],[-77.09644405900637,38.94461547276983],[-77.09889966098655,38.945332288101014],[-77.105846370864,38.94572948779634],[-77.10839049045603,38.94443408435983],[-77.10805846283128,38.94066910579844],[-77.10433251531347,38.93975635850985],[-77.10103336373696,38.93722129949796],[-77.10010111858202,38.93741496678643],[-77.10035714411018,38.93644164820278],[-77.10475914017249,38.938134145566785],[-77.1048413101183,38.93949728840487],[-77.11034646736884,38.94034699804012],[-77.10992602417015,38.93859405856133],[-77.11179048743556,38.93820656923459],[-77.11153760614108,38.93749232599993],[-77.1144165862404,38.93827418151735],[-77.11424602431727,38.9389230801225],[-77.11602519967519,38.93885997634352],[-77.11576647548749,38.94152091388465],[-77.11288735251127,38.94073908934349],[-77.11212866484533,38.93859636425867],[-77.11246386975378,38.94067374440593],[-77.11110512082689,38.942489734549945],[-77.11178151171846,38.94326932790144],[-77.1144077931268,38.94333694042015],[-77.11609890560476,38.94528587225199],[-77.11567249151548,38.94690812581609],[-77.11397841151074,38.94664677520099],[-77.11371663733351,38.95099529990628],[-77.11031923439003,38.955535289192454],[-77.10887788732435,38.95598811612119],[-77.10845124961465,38.957610347345685],[-77.11023088674476,38.957547326515],[-77.1131929951478,38.959692355804286],[-77.11056612476263,38.959624717401276],[-77.10836591979078,38.95793479346033],[-77.10615957101336,38.959620011360904],[-77.10488881360651,38.959423902775676],[-77.10378241090208,38.96195407678668],[-77.10539146207446,38.96254001150166],[-77.10564123477964,38.96494186155219],[-77.10691209055231,38.96513796258932],[-77.10767090131107,38.967280727751934],[-77.10902714183453,38.967152361103636],[-77.10927705035077,38.96955420547166],[-77.10716192235442,38.96753981049904],[-77.10546739269708,38.96727834287673],[-77.10580253957158,38.96935574960396],[-77.10444941550635,38.96779648821586],[-77.1027548896187,38.96753498354151],[-77.10147753915656,38.97071402556524],[-77.09927392680332,38.97071153070655],[-77.0991031538496,38.97136041151865],[-77.10291602510505,38.97194887704453],[-77.10375697945543,38.97545481947797],[-77.10646665751786,38.97688575135703],[-77.10629281340474,38.97922223801746],[-77.10747856097176,38.97974277935571],[-77.10781382266875,38.981820184548525],[-77.10544227200134,38.98077909666051],[-77.10460117493268,38.97727316282683],[-77.10231519703926,38.9759075714985],[-77.101303549612,38.97305050306082],[-77.09994718555517,38.97317878540317],[-77.09968775147794,38.97583970262212],[-77.10078801109051,38.9766847486028],[-77.09985198960472,38.97856601016898],[-77.09832472155954,38.97934315727342],[-77.0968007619386,38.97843269034244],[-77.09832802715047,38.97765556209966],[-77.0987550080339,38.97603336087876],[-77.0979930554203,38.97557813260689],[-77.0986762081424,38.972982612796265],[-77.09732316932956,38.97142327285964],[-77.09817377507146,38.969866472060765],[-77.09944469671196,38.97006264972235],[-77.1002131236198,38.96714268316109],[-77.1019962209369,38.96539218823871],[-77.10513226495395,38.9652009358842],[-77.10309954377936,38.96454962044666],[-77.10479715634055,38.96312352862357],[-77.10284985629092,38.9621477654193],[-77.1037855891696,38.960266485844286],[-77.10149692947107,38.960588473493445],[-77.100144060615,38.95902916717107],[-77.09861720560588,38.959806315612205],[-77.09751057908365,38.96233643383296],[-77.0930150302833,38.96434329113531],[-77.09284078430692,38.966679754542945],[-77.09191159383552,38.965185769226096],[-77.09378024452438,38.963110957826984],[-77.08971515848839,38.96180792219157],[-77.09030957437959,38.961224477428516],[-77.09615440799553,38.96246467451521],[-77.09658469338045,38.959154893962946],[-77.09844975429375,38.95876760404169],[-77.09887662167341,38.95714540694581],[-77.09675880117494,38.95681842787561],[-77.09701493963719,38.95584511351452],[-77.09854172866656,38.95506798523838],[-77.10006195658437,38.95766601743266],[-77.1017562430577,38.957927558504224],[-77.10268554292654,38.959421468501226],[-77.10692451306161,38.95838759785349],[-77.10947514817293,38.95371699058172],[-77.11151062274783,38.95268061126857],[-77.11169022505709,38.94696895023651],[-77.11296374825132,38.94547740123453],[-77.1137254794349,38.94593253558134],[-77.11482837162386,38.94508986587124],[-77.11330492262411,38.94417960618262],[-77.11254023786381,38.94541205651413],[-77.1095756864388,38.94495460300391],[-77.10677559895703,38.94722336454006],[-77.1032200111135,38.94566169399248],[-77.10254048329186,38.94656964087226],[-77.09966130272227,38.945787508794815],[-77.09644071124514,38.94630305972002],[-77.09516683510846,38.94779443924381],[-77.09609587040757,38.94928839641414],[-77.09499269780254,38.950130900062796],[-77.09270431786734,38.9504527250493],[-77.09160454854707,38.9496076106629],[-77.09075403903636,38.951164361820275],[-77.08863642902706,38.9508372443844],[-77.0869387864191,38.95226311253809],[-77.08796021569657,38.95005752401462],[-77.0905902034316,38.9484380532322],[-77.0936401625956,38.948571525177435]],[[-77.09994718555517,38.97317878540317],[-77.09969429897536,38.97246451441905],[-77.09952352565625,38.97311339597992],[-77.09994718555517,38.97317878540317]],[[-77.08940157542257,38.949604940494226],[-77.089739685894,38.94999479717544],[-77.08982508942056,38.94967036424823],[-77.08940157542257,38.949604940494226]]],[[[-77.13707622452115,38.969450756251966],[-77.13877328554526,38.968024198634666],[-77.13885612630187,38.969387324719015],[-77.1368205739569,38.97042415518006],[-77.13478742342465,38.969773358391954],[-77.13707622452115,38.969450756251966]]],[[[-77.14469798191554,38.97400042550711],[-77.14215347517207,38.97529657907004],[-77.14198078065478,38.97763311499421],[-77.14020067991851,38.97769659142338],[-77.14478539664123,38.971988358891835],[-77.14469798191554,38.97400042550711]]],[[[-77.11986005929745,38.976250457452146],[-77.12062773241097,38.97333036183274],[-77.12198406280535,38.97320185345283],[-77.1219015337198,38.971838715350025],[-77.12453155311262,38.97021851995937],[-77.12876824233567,38.97087149505603],[-77.12953291977732,38.96963894015053],[-77.1331779757513,38.96918780428675],[-77.1334336706895,38.96821441304297],[-77.13512832253187,38.96847549877982],[-77.13487264934128,38.96944889355322],[-77.1312275907951,38.96990007921446],[-77.12851247566351,38.97184487707066],[-77.12614095400805,38.97080418629692],[-77.12537620687803,38.972036720513884],[-77.12266359670697,38.97229379655767],[-77.12308454140175,38.974046701397974],[-77.12172819720509,38.97417522182209],[-77.12079274933754,38.976056640567926],[-77.12189325727378,38.9769014994409],[-77.12146678709973,38.97852378043638],[-77.11986005929745,38.976250457452146]]],[[[-76.93300809450612,39.06550113325046],[-76.93995838604242,39.06759524303384],[-76.94530579739829,39.06741335133237],[-76.94555749677335,39.06812794718948],[-76.94139604315585,39.06883198481706],[-76.9397859633733,39.068243914039776],[-76.93952732359898,39.06921692024225],[-76.94248894036899,39.071366060649154],[-76.9420579120251,39.072987747741664],[-76.93741400337227,39.06719960200085],[-76.93070816710352,39.06750758840506],[-76.92906924513218,39.07366983429131],[-76.93152755302275,39.07438997677346],[-76.9310100016695,39.07633595659342],[-76.93042057529833,39.075231032809924],[-76.92830007499143,39.07490117235328],[-76.92581251839384,39.08093142912273],[-76.9266461877096,39.08443862967352],[-76.92433813392533,39.08813259273212],[-76.92662429362042,39.08950148598809],[-76.92619280362143,39.09112312344754],[-76.9275371189277,39.09437197917734],[-76.92914767856085,39.09496021149742],[-76.92897509443353,39.09560887077089],[-76.9286371694609,39.095218567071704],[-76.92685400595391,39.09527898439626],[-76.92669599562842,39.09255239838037],[-76.92559600807802,39.091705793732025],[-76.92611381390063,39.089759830933865],[-76.92315193181243,39.087610293005085],[-76.92468334637086,39.08683528872062],[-76.92574086494074,39.077880522799425],[-76.92840085743767,39.07120161544153],[-76.92747371226191,39.069706375291446],[-76.92832910492997,39.06815071601924],[-76.92638866528074,39.06548455580195],[-76.92758180351319,39.06431921042155],[-76.92597193547363,39.06373096112793],[-76.92555522577338,39.06197736560591],[-76.92780520547046,39.05185728753792],[-76.92924957853324,39.051406558127645],[-76.93027718331398,39.04920223622931],[-76.92891909895255,39.04932865060156],[-76.92926404540528,39.04803134293563],[-76.928078462181,39.04750909399496],[-76.92962342880608,39.043358822107685],[-76.93157775494718,39.04264970910598],[-76.92837344606967,39.03809808845567],[-76.92863937092035,39.03543750713209],[-76.9274539975164,39.034915253359735],[-76.92898425646814,39.03414020333849],[-76.9270374172048,39.03316167159608],[-76.92696575943151,39.03011079165011],[-76.92510528641219,39.028807905906376],[-76.92731064957312,39.02881349367021],[-76.92654921841469,39.02835720966932],[-76.92784248968073,39.0234923445223],[-76.93047869470007,39.0218762521861],[-76.93006211614504,39.02012268439341],[-76.93108206638409,39.01960596631893],[-76.93438613768303,39.020457973765886],[-76.93210200213063,39.01908923991079],[-76.93202297988047,39.01772596841858],[-76.93228153694363,39.01675298646527],[-76.9338904162082,39.01734114927606],[-76.93508973926458,39.01448814335587],[-76.9327986303177,39.014807021408714],[-76.9339908345668,39.01364162458716],[-76.93425646454254,39.010981042064685],[-76.93103900745773,39.0098047063616],[-76.93351656861459,39.0054620138931],[-76.93302098658127,39.00234519351261],[-76.9343852964591,39.000531140996884],[-76.9343062515806,38.99916787504315],[-76.9323602765905,38.99818943233412],[-76.93288437989466,38.99455588013767],[-76.93178580190998,38.99370934454998],[-76.93399721960257,38.99202722164934],[-76.93187912798489,38.99169742688712],[-76.93281965998362,38.989817431347134],[-76.92968210728785,38.99000432906518],[-76.92816003703643,38.9890917912309],[-76.9284185440047,38.988118821766],[-76.92672418042422,38.987854912852804],[-76.92664529285113,38.986491644730485],[-76.92528837262738,38.986618018101694],[-76.92538186925623,38.98460610754215],[-76.92435502843595,38.986810365555954],[-76.92350786771351,38.98667838628074],[-76.9242688436522,38.987134685867545],[-76.92366552865315,38.98940492682835],[-76.92452005872299,38.98784931472243],[-76.92570464431327,38.98837159251125],[-76.92544610015639,38.98934455636168],[-76.92756409411936,38.98967446077539],[-76.92730557019807,38.990647428695645],[-76.92645835944793,38.99051546948047],[-76.92644377385595,38.99389065227313],[-76.92508671528903,38.994017023585805],[-76.92540951682227,38.99778251484351],[-76.92049081637754,38.998029550486926],[-76.92481348068706,38.99836517197468],[-76.9261633207598,38.99992639676673],[-76.92336276809903,39.00050343902576],[-76.92284552399431,39.00244936028731],[-76.92089961538578,39.001470737420355],[-76.91903251774953,39.00185536020317],[-76.9175740657313,39.00568115511695],[-76.91875889182774,39.00620350066274],[-76.91722911162567,39.006978421121985],[-76.91662541233472,39.00924863497598],[-76.91924642737793,39.01100797565732],[-76.91856399392321,39.01191492205131],[-76.91957645652917,39.01308589549256],[-76.92084764941302,39.01328390331505],[-76.9202440107294,39.01555413708359],[-76.92227651618806,39.016208452063516],[-76.92184536406484,39.017830053563095],[-76.92040161190886,39.018280694322385],[-76.91803155966348,39.01723602127035],[-76.91922404032078,39.01607076578883],[-76.91813278448339,39.01353650952182],[-76.91686159457613,39.01333847389631],[-76.91602921188748,39.009831250995624],[-76.91568421054913,39.01112851357614],[-76.91296180046164,39.01306860276382],[-76.91041947208734,39.01267241265504],[-76.91272583835982,39.0089787566077],[-76.91043480497315,39.00929722170862],[-76.910269927204,39.00825825030574],[-76.90415007628705,39.01135740221802],[-76.90838717211281,39.01201790397116],[-76.90719458430107,39.01318305460014],[-76.90600972757014,39.01266059810602],[-76.90507599824817,39.01285280137722],[-76.90701425251191,39.01551927032619],[-76.90530375681695,39.01863026166314],[-76.90640240295087,39.019477034977726],[-76.90611241977304,39.02720035849211],[-76.90627728109035,39.02823933864948],[-76.91042908346525,39.02922408252912],[-76.91084524071664,39.0309777188084],[-76.91024881581056,39.03156030915932],[-76.90770585573478,39.03116406228056],[-76.90847491195817,39.0299328611518],[-76.90669333258664,39.029992988549736],[-76.9060183352715,39.02921226827124],[-76.90285548185707,39.03446129221259],[-76.90497468739139,39.034791584504205],[-76.90428404110772,39.03738605827748],[-76.90615212907437,39.03700165505601],[-76.90682720013523,39.0377823756359],[-76.9107282969518,39.03805244053871],[-76.91055568358293,39.03870106759203],[-76.91115216460231,39.03811847506186],[-76.9136953866721,39.038514651839215],[-76.91292632807838,39.039745887085616],[-76.91411167587458,39.04026827993476],[-76.91553325068409,39.044880524526064],[-76.91350000439158,39.04422609600633],[-76.91317000755144,39.0421481491976],[-76.91038306713446,39.03934969447732],[-76.90741596439834,39.03888740398466],[-76.9066467955323,39.04011860042591],[-76.90342849594916,39.03894154357309],[-76.903930879346,39.04037089724491],[-76.90257291418547,39.04049702338889],[-76.9018821280025,39.043091486335086],[-76.90509279247686,39.045956188877035],[-76.90618408037264,39.04849057355948],[-76.90846865163051,39.049859790931386],[-76.90812332542247,39.051157041233886],[-76.90592506117619,39.049463506353284],[-76.90430788488312,39.050562584104775],[-76.90641980269369,39.052580459337264],[-76.90767618091006,39.05615381857325],[-76.90631792741709,39.0562799860087],[-76.90488111540303,39.05504284122396],[-76.9029497300064,39.05068871459177],[-76.9015915704173,39.050814830233044],[-76.90320879338562,39.04971578779455],[-76.90296541768694,39.04731350301381],[-76.90067313354865,39.04763179003861],[-76.89999012463149,39.048538639907136],[-76.89914228888097,39.04840649299459],[-76.89999803712014,39.046851034689546],[-76.89668518050097,39.04768571323213],[-76.89828650402389,39.049961945825046],[-76.89989584308644,39.050550552379384],[-76.89895367398796,39.05243031719426],[-76.90029605637278,39.05567944454425],[-76.8998641798269,39.05730098057037],[-76.90096334704822,39.058147807599504],[-76.89951866471753,39.05859820864474],[-76.89925952029272,39.05957112926545],[-76.90010748647518,39.05970327563659],[-76.89840360650187,39.061126585957766],[-76.89804212832145,39.065799030804634],[-76.89642446937982,39.06689800910578],[-76.89583564533294,39.065792923241],[-76.8973748666065,39.06333064870273],[-76.89618926302879,39.06280809403019],[-76.89423404980027,39.06351665269267],[-76.89799553695784,39.057685290566845],[-76.89749315060796,39.05625590858843],[-76.89842745746881,39.05606376092688],[-76.89641004547873,39.05203383761397],[-76.8939447882851,39.05300060949344],[-76.88857377484779,39.05824311090471],[-76.88949997358004,39.059738638108975],[-76.88763121326545,39.060122792382],[-76.88779588508899,39.0611618029564],[-76.88617817444552,39.06226064694295],[-76.88753657462063,39.062134699561],[-76.88717439285188,39.06680711360285],[-76.89362110029028,39.06747438694784],[-76.89200333721651,39.068573308020525],[-76.89241927519,39.070327018039904],[-76.89012621905606,39.070645111742536],[-76.88944286227658,39.07155190731719],[-76.8872980259494,39.07628418451295],[-76.88568821908359,39.07569541205154],[-76.88594760268005,39.07472251692691],[-76.88842188710638,39.07206828796272],[-76.88996964006745,39.06791849162843],[-76.88631813522791,39.06836248903898],[-76.88700150100466,39.067455711171036],[-76.88530543851095,39.06719123337971],[-76.88616170400755,39.0656358652497],[-76.88514904779957,39.0644646088892],[-76.88293429602541,39.06614588171772],[-76.8813247490474,39.06555705381071],[-76.88191335055511,39.0666622083822],[-76.87919635678801,39.06691396553964],[-76.87936092342022,39.06795298855145],[-76.87826185963524,39.067105968941384],[-76.87493933386133,39.06962768061101],[-76.87315675385524,39.06968732732938],[-76.87392680288947,39.06845633195515],[-76.87852131198099,39.066133090833304],[-76.87852972483891,39.0644454817871],[-76.88057158707451,39.06341287613215],[-76.8806664201603,39.06140097380575],[-76.8827081665228,39.060368333598966],[-76.88490621957774,39.062062282524984],[-76.88389363338352,39.06089101668005],[-76.88542490346582,39.06011649994809],[-76.88458523072612,39.05829664575531],[-76.88806337945068,39.058501298084245],[-76.88060504451403,39.05666244571092],[-76.8792383392652,39.05847592398171],[-76.8766081248936,39.058403331316306],[-76.8780613680484,39.05626559014898],[-76.87696249610363,39.05541856080801],[-76.87950613693219,39.055815438809866],[-76.88154774290123,39.05478281869234],[-76.88536321873157,39.055377975287456],[-76.88628931490837,39.056873525668045],[-76.8881661868164,39.05480178500251],[-76.89028591854843,39.0551323290893],[-76.88987011897456,39.053378616676554],[-76.88563078083857,39.05271747837097],[-76.88325180417802,39.05335974115016],[-76.88207479376662,39.05114944733021],[-76.88453187433527,39.05187051651264],[-76.88691079095412,39.05122822938865],[-76.89140116714461,39.052604027315816],[-76.89361531056025,39.050922607611625],[-76.89319945475152,39.04916890763563],[-76.89515429220488,39.04846036704906],[-76.89558622128091,39.046838849906926],[-76.89228140608756,39.04598580631993],[-76.88990270845044,39.046628195703896],[-76.89024833824321,39.04533099709605],[-76.88914948959214,39.04448407717304],[-76.88295586404395,39.044531294123274],[-76.88398477503162,39.042327358052894],[-76.88348277023465,39.04089792325805],[-76.88542923027912,39.04187713892416],[-76.88516995692098,39.0428500273053],[-76.89017821216851,39.0422800898221],[-76.89076675980799,39.04338519792651],[-76.89584536947868,39.04586593911967],[-76.89840467757145,39.04288722143032],[-76.8982557999354,39.038473022416774],[-76.90088531490643,39.03854515654589],[-76.89902509346918,39.03724187828799],[-76.89989653971608,39.03231122128104],[-76.89539923857073,39.032623335574804],[-76.89114482786385,39.035337589498106],[-76.8898733303905,39.03513927685725],[-76.89192230695767,39.032418889549476],[-76.89379033265432,39.03203467258188],[-76.8961765178917,39.02970461033478],[-76.90041461030144,39.03036538617571],[-76.90161546137044,39.02751269760852],[-76.90060308713481,39.02634157494364],[-76.90146642032894,39.02309851391587],[-76.90061887846825,39.02296637765138],[-76.90046200876564,39.020239793259265],[-76.89936342027343,39.01939296728144],[-76.89452952638544,39.019314670450704],[-76.89350126050773,39.02151868530095],[-76.88993848635064,39.02163848476961],[-76.88907465643014,39.024881464841435],[-76.88678301857665,39.025199494326074],[-76.88508794234637,39.02493501549476],[-76.88492339123606,39.02389600780693],[-76.88356570076283,39.024021925793264],[-76.88424040885468,39.024802767406975],[-76.88338458304023,39.026358111302805],[-76.8860054104032,39.02811815855521],[-76.88633456735269,39.030196172491124],[-76.88378349864095,39.031487035297765],[-76.88157805798697,39.031480674575086],[-76.88311703574014,39.029018591353584],[-76.88228610099647,39.0255111333936],[-76.87871470892864,39.02731820888492],[-76.87643140609741,39.025948449661506],[-76.8709225191059,39.02508834959205],[-76.86990206474621,39.02560457388922],[-76.87081028885487,39.03047542753141],[-76.86978975810318,39.030991651371664],[-76.87029142534291,39.03242113908346],[-76.86927086360147,39.03293735882929],[-76.87028282499648,39.034108738152945],[-76.868665451586,39.035207348931635],[-76.869504459255,39.03702730339655],[-76.8688211612614,39.037933980186494],[-76.86831948489169,39.0365044852004],[-76.8670480293036,39.036305938852685],[-76.86903729422323,39.02884741664943],[-76.86837999983132,39.02469129794852],[-76.86422028603053,39.025392745354935],[-76.8643932810467,39.02474418422771],[-76.86092563003969,39.02285127475651],[-76.85744926276314,39.022645863981566],[-76.85737163599852,39.021282544602194],[-76.85710315577833,39.023942966261934],[-76.85549475200143,39.02335380806564],[-76.85472486855477,39.024584679569855],[-76.85209590445609,39.02451156838347],[-76.8514900264985,39.02678147151401],[-76.85385943339281,39.02782741604825],[-76.85199130497267,39.028211032108636],[-76.8512213108053,39.02944188288938],[-76.85016438778598,39.03670833629971],[-76.85161797471213,39.034570912567844],[-76.8524655626765,39.03470338350898],[-76.85398763726418,39.03561685603088],[-76.85321759846647,39.03684772072802],[-76.85389209963732,39.03762872887613],[-76.86184056889216,39.042586303596366],[-76.86166750865323,39.04323486312662],[-76.86599258826087,39.04357253534034],[-76.86684898872599,39.04201730679203],[-76.86769669123389,39.042149673956736],[-76.86870875548696,39.043321067947524],[-76.86751501845495,39.04448584346316],[-76.86937486030328,39.04578959520106],[-76.86851846943513,39.047344842177],[-76.86767070485699,39.04721248050166],[-76.86740250576622,39.049872936128764],[-76.86646819651872,39.050064850250735],[-76.86460829742829,39.04876105402577],[-76.86589737237746,39.04558442014766],[-76.86453924397384,39.04571013057783],[-76.86234215984273,39.04401582623799],[-76.86013634108623,39.04400908474239],[-76.85540530701482,39.04022978414526],[-76.85480836210445,39.040812109068135],[-76.8562440407201,39.04204982972933],[-76.8537785882081,39.043015802778044],[-76.85151333644184,39.038270382161045],[-76.84981808391285,39.038005421339534],[-76.84913453126458,39.03891198995784],[-76.84954926556391,39.040665834150204],[-76.84817297177761,39.04416656602254],[-76.84993679855826,39.04748248046818],[-76.84823222303758,39.04890509948532],[-76.84747107802197,39.048448329229224],[-76.8481638566367,39.04585416690326],[-76.84579394421313,39.04480811049146],[-76.84776737483193,39.0407251163302],[-76.8465916476705,39.038514491308064],[-76.84234432072044,39.039539476549145],[-76.84114094577018,39.042391597247075],[-76.84207522323523,39.04219987387504],[-76.84223920344257,39.043238941452614],[-76.83850201234176,39.0440057978847],[-76.83679729460289,39.045428259125885],[-76.83714386611855,39.04413120875049],[-76.83544852932452,39.04386605153903],[-76.8356218249352,39.04321752849235],[-76.83884854666636,39.0427087430716],[-76.83868461610982,39.04166967111326],[-76.8400427136958,39.04154424345473],[-76.84030258618647,39.04057144959654],[-76.83955089276337,39.03842703283703],[-76.84115950075616,39.03901639902645],[-76.84150596389806,39.037719337909905],[-76.83888586788969,39.03595834889537],[-76.84532939649284,39.03662812398276],[-76.84872891811989,39.03547054650082],[-76.8491115969219,39.027423077622494],[-76.84733916249917,39.025794757841474],[-76.84513389782752,39.02578774994904],[-76.84171624640479,39.03032041854773],[-76.84206265818693,39.02902335778824],[-76.84045426391933,39.02843400429389],[-76.84189871255631,39.02798429248628],[-76.84310181939429,39.025132171403165],[-76.84064605320549,39.02441028615934],[-76.83911505822243,39.02518424616228],[-76.8339437563114,39.024713047840315],[-76.82993794030614,39.02814001697244],[-76.83136344224236,39.03106561776226],[-76.82924468028426,39.03073406976006],[-76.82939890223437,39.033460748135454],[-76.82812760624364,39.03326180347969],[-76.82682749047,39.03812563547149],[-76.82555611995552,39.0379266643365],[-76.82445813694736,39.03707917340945],[-76.82455448821607,39.03506732348918],[-76.825575397187,39.03455147106243],[-76.82533463696176,39.03214904123646],[-76.82677925287898,39.03169950501042],[-76.8265480772248,39.02760948417933],[-76.82850298406414,39.026901995225366],[-76.82893627107728,39.025280716182245],[-76.82969705719246,39.025737598195164],[-76.83080444578636,39.024897447130314],[-76.82877252142596,39.02424163421122],[-76.82341831025644,39.02610610276844],[-76.82087601509072,39.02570807851023],[-76.81775626544638,39.02251696225945],[-76.81776608322822,39.02082937035707],[-76.81895043862927,39.021352669417034],[-76.81947059658039,39.01940717623191],[-76.82082831157318,39.019281959128534],[-76.82353404405518,39.02071907224904],[-76.82267696822723,39.022273996406184],[-76.82402505871829,39.023836336948044],[-76.82571988693839,39.024101649173],[-76.82852212161262,39.023526807757754],[-76.82835838182731,39.022487725543456],[-76.82971613901977,39.022362411197655],[-76.82997608109274,39.021389642095016],[-76.83081396111494,39.02320985354611],[-76.832845875056,39.0238656329498],[-76.83352948931882,39.022959156283534],[-76.83700580391779,39.0231652366903],[-76.83726565135746,39.0221924522018],[-76.83853677884507,39.022391302951256],[-76.83618654984552,39.017969881504115],[-76.8316127238935,39.01691635352277],[-76.8287241211949,39.01781551944429],[-76.83009132169053,39.01600260967523],[-76.82891653137894,39.01379182651616],[-76.83077489638049,39.01509614934743],[-76.83349012180061,39.01484545327717],[-76.83450125516991,39.01601712053689],[-76.83983583032854,39.01752736124076],[-76.8428697467033,39.021042185498615],[-76.84371716106678,39.02117471584107],[-76.84355320949115,39.020135654080036],[-76.8444098137901,39.018580586422466],[-76.846163689722,39.02358413433673],[-76.84938946660068,39.023075076772805],[-76.85033253632398,39.02119569750563],[-76.84881080944541,39.020282182398866],[-76.84898392971382,39.01963364329564],[-76.85482932377765,39.020885215775365],[-76.8572074891069,39.02024350086148],[-76.85687920939353,39.01816541326311],[-76.85442354170975,39.017443801312226],[-76.85349860283684,39.0159480235134],[-76.8425015024107,39.01085036494678],[-76.8401235144799,39.0114917972258],[-76.83572325391079,39.00978989581622],[-76.83191057599176,39.00919321939385],[-76.83080343925197,39.010033378158376],[-76.83012944187932,39.009252248227526],[-76.82885856697985,39.00905331184784],[-76.82910892027647,39.00976813592788],[-76.82580656971122,39.00891332928087],[-76.82494968156568,39.0104682661217],[-76.82232125772776,39.01039452476993],[-76.82444905681916,39.0090386006056],[-76.82488232778317,39.007417340458026],[-76.82666342122349,39.00735838691654],[-76.82649974438141,39.006319304995095],[-76.82819417350481,39.00658458268895],[-76.82835787514753,39.00762366242069],[-76.82937837199177,39.00710778107213],[-76.83098620497739,39.00769727594593],[-76.8321799231166,39.00653285870552],[-76.83327753501794,39.007380277082994],[-76.83920826398577,39.00830832427372],[-76.83980506703726,39.007726077478736],[-76.83854352608154,39.0058396508094],[-76.840998644479,39.00656157544619],[-76.8414315318468,39.004940258215555],[-76.83999683763702,39.003702373983316],[-76.84271160599677,39.00345147671885],[-76.84298053688198,39.000791095062304],[-76.8445883404636,39.00138041318207],[-76.84390506677856,39.002286947541954],[-76.84474307529094,39.00410705933526],[-76.8427023692614,39.00513906576445],[-76.84269313209748,39.00682665526557],[-76.84167273363231,39.007342646028626],[-76.84251074453138,39.00916277436594],[-76.85528882817587,39.01420106646637],[-76.85462349067164,39.01173247678116],[-76.85555733879738,39.01154065298501],[-76.85724309499948,39.01349312669057],[-76.8563868249951,39.01504828156798],[-76.858920079728,39.01713317163172],[-76.85822795834206,39.01972738134244],[-76.85975863503899,39.018953186422266],[-76.86026002208109,39.02038271177727],[-76.86229212243904,39.02103800902871],[-76.86426398194598,39.01695476916691],[-76.86293269253102,39.01201768121309],[-76.86288128281087,39.005591593002286],[-76.86169686811719,39.0050687143368],[-76.861437408562,39.00604154720026],[-76.85965637565828,39.00610099958943],[-76.85966521921016,39.00441340904949],[-76.85611215310794,39.00284464753975],[-76.85857621323385,39.00187863461638],[-76.857054786906,39.00096522339763],[-76.85791976010361,38.99772247881969],[-76.8607895713632,39.000197814296136],[-76.8601841671652,39.002467750846066],[-76.8632271994573,39.00429447850121],[-76.86399672431281,39.00306355836129],[-76.86307177144403,39.001567855356164],[-76.8641784066312,39.00072741003925],[-76.86265693404306,38.99981406764586],[-76.86308929858555,38.9981926766835],[-76.86648674160979,38.997034620440544],[-76.86741170705139,38.99853029692578],[-76.86834535198604,38.998338377354145],[-76.86578638047986,39.0013164535989],[-76.8652675905725,39.00326213485989],[-76.86661624331104,39.004824008044494],[-76.86534534608404,39.00462544530214],[-76.86380628292598,39.00708729838905],[-76.86448062182723,39.00786824518006],[-76.86668534506464,39.007874909499336],[-76.86464484468223,39.00890727720509],[-76.8641259701015,39.010852956065925],[-76.86461865775992,39.013970054927256],[-76.86698783607838,39.01501574675535],[-76.86432425941507,39.02169327309602],[-76.86678016880107,39.02241468974477],[-76.86882101783824,39.021382284664],[-76.87178716087341,39.02184549573606],[-76.87467539091998,39.02094532752901],[-76.87552286206358,39.02107764081178],[-76.87526353033903,39.02205050509625],[-76.87848062650865,39.023228288334224],[-76.87848903534768,39.021540691776636],[-76.88120433653266,39.02128895207499],[-76.88350416776926,39.01928342947999],[-76.88494816833936,39.01883321768833],[-76.88731779730277,39.01987852241818],[-76.88842443088127,39.01903785850372],[-76.89156334179549,39.01885200281573],[-76.89471830015314,39.01529087552993],[-76.89624849497018,39.014516231420785],[-76.89743331180917,39.015038781219495],[-76.89515806297035,39.01198177394903],[-76.89752761543733,39.01302688266477],[-76.89744924777109,39.01166359061094],[-76.89829665217505,39.01179574826388],[-76.9018746603256,39.00830051986144],[-76.89315012159469,39.00626423420543],[-76.89289915111596,39.005549539824564],[-76.89246740730671,39.007171036434585],[-76.89111004205293,39.00729703655729],[-76.89188722285753,39.00437835031941],[-76.89087532718219,39.00320715278582],[-76.89019261322886,39.004113942061494],[-76.88900802633583,39.003591324095396],[-76.88781526630417,39.00475628697862],[-76.88518698567452,39.00468387656733],[-76.88450418695629,39.0055906347739],[-76.8812794313359,39.006100603019604],[-76.8780714637159,39.00323530408688],[-76.87951517935927,39.00278515664494],[-76.88213506383829,39.004545278782935],[-76.88595614305562,39.003452820267526],[-76.8877452813779,39.001705398882834],[-76.88614534985001,38.999429048706936],[-76.89079709475662,39.00184385869101],[-76.89351161815277,39.001591850673115],[-76.89443719712884,39.00308732681017],[-76.89340915783008,39.005291335086056],[-76.89595913709366,39.00400028012806],[-76.89764580278884,39.00595220273917],[-76.90061939355009,39.0047271307291],[-76.90027414161784,39.00602434940621],[-76.90493457084973,39.006751038263346],[-76.9050130735085,39.0081143245054],[-76.90646447722817,39.005976269329025],[-76.90968905065293,39.00546564694553],[-76.91021433871738,39.001832186376255],[-76.91293640159348,38.99989216093649],[-76.9126066219435,38.99781422785173],[-76.91371262765611,38.9969733415884],[-76.91532091936138,38.99756174311874],[-76.91702297968969,38.9961382159956],[-76.9200107279029,38.99153749924847],[-76.91916352002181,38.99140549022475],[-76.91841748943891,38.987573978745125],[-76.91647956169831,38.98490769964669],[-76.91733419257507,38.9833521380967],[-76.9155613054493,38.981724803910105],[-76.91719179470552,38.9772504172603],[-76.91474447277444,38.97484241646605],[-76.91526173727452,38.97289653727435],[-76.91330912531828,38.973605385601566],[-76.91236829884605,38.9754852285983],[-76.91185093857784,38.97743109648766],[-76.91337256040661,38.97834383266931],[-76.91378849761719,38.98009744480406],[-76.91251028880586,38.98158695332339],[-76.91081613503489,38.981322827518305],[-76.90724762035633,38.98313071067255],[-76.90470636905941,38.98273440544691],[-76.90300438132357,38.984157760716],[-76.8982591216777,38.98375530407957],[-76.89631404369854,38.982776298730585],[-76.89436098209552,38.983484849965954],[-76.89434490905374,38.986860025116194],[-76.89518400150862,38.98867979176065],[-76.89645470158175,38.98887804854195],[-76.89568587590549,38.99010916705177],[-76.8978741529594,38.99349045629043],[-76.8968463533851,38.995694489676254],[-76.895575533192,38.99549623669293],[-76.89651705229846,38.993616515252505],[-76.89449344381372,38.991274191613364],[-76.89467411752825,38.98893800311405],[-76.8930742499712,38.9866617467981],[-76.89360023190689,38.983028367293215],[-76.88832888199103,38.986258910347274],[-76.88816437206594,38.9852199133915],[-76.89097273031334,38.98295607960615],[-76.89029833798502,38.98217527979087],[-76.88673748483882,38.98229498664229],[-76.88435255205484,38.98462484976633],[-76.88265842984073,38.984360339484475],[-76.88095597283986,38.985783392719824],[-76.87977175070739,38.98526068812754],[-76.88003089104251,38.9842878201411],[-76.88376457708881,38.98351972184812],[-76.88530246655104,38.981057630498825],[-76.88251062709328,38.97994616356028],[-76.87860434902204,38.981362800315125],[-76.87913101510486,38.97772948511687],[-76.88666756669927,38.979244108633075],[-76.88658943886146,38.97788081697111],[-76.88760910562796,38.977364459479666],[-76.88836158437645,38.97950856398543],[-76.89132614493656,38.9799713052377],[-76.89091074974263,38.97821761790468],[-76.89226757294475,38.97809162053635],[-76.89233772476003,38.98114249484976],[-76.89368654851084,38.982704068498734],[-76.8957259020154,38.98167122779978],[-76.90250240421699,38.982728416332705],[-76.90505143148081,38.98143717917713],[-76.90852596400522,38.98164125600422],[-76.91124731662869,38.97970127369079],[-76.91117637345936,38.97665041079423],[-76.91032935491825,38.976518341776114],[-76.90998440990415,38.977815581747365],[-76.90447877026007,38.976956976808445],[-76.90465129133996,38.9763083646477],[-76.90076141380426,38.97435052619059],[-76.90262790232701,38.97396617984897],[-76.90516105142899,38.976050112809766],[-76.90897259234328,38.976644536580636],[-76.9121172457832,38.97477057650371],[-76.91161515444918,38.97334127102149],[-76.91340293638686,38.97159348806071],[-76.90604687690205,38.96774429241595],[-76.90197704348243,38.96812269139008],[-76.90223582598016,38.967149779587096],[-76.90334148553293,38.96630898967222],[-76.90639184436436,38.96644706534712],[-76.9112931750084,38.96957575805385],[-76.91612378330906,38.96965340175844],[-76.91850720833413,38.96732293353838],[-76.91977759903212,38.967520950902646],[-76.91911796128825,38.96336514144989],[-76.92242672280743,38.96252987600622],[-76.92277137363338,38.96123260441676],[-76.9245512567233,38.96117224703824],[-76.9173530217815,38.96005025475717],[-76.91752538807124,38.95940162633412],[-76.91380087847459,38.95848315517913],[-76.91050752021629,38.95594302681354],[-76.90881397052797,38.9556788746811],[-76.90806113572607,38.95353490179398],[-76.9027298357687,38.95202760748237],[-76.90298855099164,38.951054696393065],[-76.90155387231117,38.949817533886744],[-76.89588591367287,38.947919577553535],[-76.90071506855024,38.94799782081743],[-76.905442460269,38.95177534046771],[-76.90840599996075,38.952237671816086],[-76.90865693888135,38.95295232904816],[-76.90933894302314,38.952045445288825],[-76.90958221054167,38.95444768122011],[-76.91490627279651,38.957642263290495],[-76.92531928851834,38.95994095516349],[-76.92566387553539,38.9586436760308],[-76.92422866193624,38.9574067744352],[-76.9249105138046,38.95649980450262],[-76.92372645256512,38.95597752163079],[-76.92466673360235,38.954097597948],[-76.92212640103095,38.95370165111046],[-76.92187532729814,38.95298702105313],[-76.92492516299335,38.95312464084812],[-76.92535586329417,38.951503044787756],[-76.9279822636151,38.951574604245565],[-76.92986965270788,38.9461271079118],[-76.9321657688501,38.944120707383604],[-76.93403131649663,38.9437358904273],[-76.93472001440297,38.94114128908205],[-76.9370948700896,38.940498052213975],[-76.93769736112198,38.9382277623417],[-76.93677171821871,38.936732623348206],[-76.93575296923339,38.93724938166084],[-76.93118277555968,38.93619953468232],[-76.92414447430339,38.93780445049072],[-76.91686990663975,38.9353191743015],[-76.91797491387119,38.93447825783187],[-76.92093782911877,38.934940288684835],[-76.92397956280159,38.93676550845166],[-76.92796142041816,38.93671071006025],[-76.92864303198661,38.93580372227511],[-76.93084557855417,38.93580924716201],[-76.93110386047493,38.93483627970347],[-76.93228763084147,38.93535849060583],[-76.93356462357167,38.93386878843849],[-76.93500662059743,38.933418000390766],[-76.93603945055506,38.92952609473685],[-76.93476967849418,38.92932824493676],[-76.93553720165775,38.928096895351054],[-76.9367208942601,38.9286190634587],[-76.93690005785659,38.92628283503399],[-76.9352931660003,38.92569471924383],[-76.93452566402843,38.9269260669179],[-76.93428166566058,38.92452388920099],[-76.93174231242601,38.92412814088283],[-76.9329330491336,38.922962769931516],[-76.93311232032273,38.92062654876213],[-76.9352354326732,38.91926874481019],[-76.93405190268861,38.91874656318244],[-76.93363582796844,38.91699303431325],[-76.93202916742938,38.91640487696089],[-76.93083852347472,38.91757023821396],[-76.9332055161052,38.91861465138545],[-76.93294018462677,38.92127519531535],[-76.9309030502817,38.92230863849413],[-76.92930351418639,38.92003287119171],[-76.92549477015147,38.91943907668407],[-76.92499279773978,38.91800983654442],[-76.92067490177236,38.91767422530323],[-76.91924058022393,38.916437273041346],[-76.92000823007095,38.915206021703845],[-76.91560438506454,38.91519454797779],[-76.91534596574655,38.9161674805659],[-76.91449964303052,38.91603544113985],[-76.91432735242486,38.91668406144834],[-76.91559684848666,38.91688212020294],[-76.91457822694962,38.917398703195104],[-76.91465681381061,38.918761965446805],[-76.91134995162685,38.9195970185991],[-76.90905403525528,38.92160302702445],[-76.90812919171825,38.920107677731856],[-76.90388963704615,38.92113474869049],[-76.904140424478,38.92184941197361],[-76.89972037001351,38.925212520520226],[-76.89946170293621,38.926185421293326],[-76.8999711305724,38.92592719262628],[-76.90073132418667,38.926383632488594],[-76.89895227168721,38.92644364787679],[-76.8964833190459,38.929098025177446],[-76.89276062485061,38.9281789263339],[-76.89504116921202,38.92954836503846],[-76.89478242421671,38.93052125662359],[-76.89681232740428,38.931175980021536],[-76.89731383743418,38.932605336715795],[-76.90120139219597,38.93456327148484],[-76.90102893929298,38.93521187493351],[-76.89739211747946,38.93396861268805],[-76.8966079299363,38.93857487869854],[-76.89567512587338,38.938767009120625],[-76.89593388824285,38.93779411456758],[-76.89390380845077,38.93713937619366],[-76.89569912646668,38.93370428235236],[-76.8946881515917,38.9325331281952],[-76.89290894387271,38.93259305694171],[-76.89452367230743,38.93149414779825],[-76.894272946042,38.93077946413759],[-76.889342372798,38.934400412418455],[-76.88696729446076,38.9350427344047],[-76.88261535216132,38.94145609896802],[-76.87675897876841,38.94358100114289],[-76.87370963431431,38.943442197482575],[-76.87345055489575,38.94441504641441],[-76.87709592177362,38.94397143606398],[-76.87928194859843,38.94735302978386],[-76.87741601918879,38.94773702348898],[-76.87691479559113,38.94630758335128],[-76.87454771056824,38.94526209190439],[-76.87046179857069,38.94901460958495],[-76.86876855551498,38.94874991110401],[-76.8680860769175,38.94965657132317],[-76.8644490963368,38.94841234068182],[-76.86038012785525,38.94878937424088],[-76.86021610147604,38.94775034605436],[-76.86699759682502,38.947121891717686],[-76.86641018818716,38.94601668772168],[-76.86395685958261,38.94529527224063],[-76.86777510188388,38.94420338302188],[-76.86778374973602,38.94251580762764],[-76.8688808108575,38.94336290301053],[-76.87243978920999,38.943243709192416],[-76.87354542975898,38.94240318771632],[-76.87262105135554,38.94090756944941],[-76.87414991797073,38.94013320641962],[-76.87584298019803,38.940397831128664],[-76.87583451939872,38.94208540657695],[-76.87710435355456,38.94228386008311],[-76.8788058687074,38.94086086878632],[-76.88109488689268,38.9405429906412],[-76.88195807164934,38.93730010783239],[-76.87848572964347,38.93709528858373],[-76.87636103959181,38.938452123959614],[-76.87526396543913,38.937605095316485],[-76.87620526031506,38.93572554405373],[-76.87807088830561,38.935341569208795],[-76.87723283817748,38.93352170110911],[-76.87875310840246,38.93443485588594],[-76.87943531150913,38.93352813892407],[-76.88146516050341,38.934183113769684],[-76.88257055929095,38.93334251291267],[-76.88493737201343,38.93438784952901],[-76.88520450511699,38.931727403923034],[-76.88419372648023,38.93055616454803],[-76.88698369802113,38.93166758570621],[-76.89064457727467,38.927848431044445],[-76.88693022276682,38.92524158442884],[-76.88651524560214,38.923487896143435],[-76.88152345811427,38.92237010406671],[-76.87856969986724,38.92021956153061],[-76.87644550371375,38.921576395228364],[-76.87585815774308,38.920471239863296],[-76.86900148422866,38.91973688492822],[-76.86696348609539,38.92076927731465],[-76.86527091244659,38.92050453212142],[-76.8635696084488,38.921927333777475],[-76.86474396872764,38.92413775871069],[-76.86388890954728,38.9256929446112],[-76.86498567193038,38.92654007247525],[-76.8646401559516,38.92783717696241],[-76.86277464942108,38.928220949391935],[-76.86191950023759,38.929776122574346],[-76.86259310297,38.930557070634734],[-76.86174670880126,38.93042467092367],[-76.86020909228854,38.93288645224018],[-76.85944908486245,38.93242976362295],[-76.85563133510306,38.933521394776804],[-76.85444814474016,38.93299845256435],[-76.85291921844498,38.933772571976625],[-76.8545435297313,38.93098661163099],[-76.85513063701099,38.932091869495416],[-76.85962190152034,38.931781218296926],[-76.85929395170157,38.92970316478294],[-76.86056352484009,38.929901787272854],[-76.86073632557328,38.929253240618245],[-76.85972597485211,38.928081802268665],[-76.86159149388423,38.92769807570469],[-76.8628785575095,38.924521532510354],[-76.85890616962038,38.922886671256826],[-76.85950211517043,38.92230433713381],[-76.86204101154368,38.922701564465996],[-76.86332796726366,38.91952501874163],[-76.86502051108552,38.919789790419635],[-76.86360457663815,38.915177056281024],[-76.86055644646905,38.9150379298088],[-76.86072921200089,38.9143893844561],[-76.86132507344998,38.9138070422299],[-76.86428678794249,38.914270425004645],[-76.86621224419447,38.9186250610742],[-76.86561638240467,38.919207427155946],[-76.86679942890166,38.919730261848265],[-76.86883740028611,38.91869787230129],[-76.8688460204958,38.9170103027167],[-76.86943323215111,38.91811549078186],[-76.87163523889349,38.9181220670905],[-76.87188569943532,38.91883679527494],[-76.87586661548373,38.91878366939739],[-76.87672133778163,38.917228402363996],[-76.87494248919064,38.91728807324981],[-76.87690239785478,38.91489226464516],[-76.87824126149005,38.918141561401185],[-76.8803569707416,38.918472267887104],[-76.87925177210224,38.919312847324655],[-76.88128122324856,38.91996782391592],[-76.88144548758157,38.921006820243996],[-76.88449390739108,38.921145433322586],[-76.88559907333465,38.920304806960175],[-76.88627284236239,38.921085625387086],[-76.88889810713678,38.92115801195349],[-76.88821613772254,38.922064779436546],[-76.8906608087875,38.92447328517489],[-76.89107589139792,38.92622695981956],[-76.89504918345916,38.92786079123571],[-76.89708698179302,38.9268279363336],[-76.89803551864553,38.923260649337834],[-76.89448558548573,38.921693004841586],[-76.89465806465097,38.92104441168399],[-76.89905433950125,38.922744201840665],[-76.90050421682226,38.92060624322918],[-76.90440681011235,38.919188929582766],[-76.9045007970031,38.91717705425573],[-76.90560567178925,38.916336250053554],[-76.90374848712842,38.91503306660697],[-76.90205591319294,38.914768823712706],[-76.89866287333358,38.915927839597806],[-76.8968920445821,38.914300254375604],[-76.89654715490934,38.91559744555929],[-76.89460392011098,38.91461842290729],[-76.89400831813902,38.91520092508153],[-76.88884447069603,38.9147320205768],[-76.89274697610928,38.91331507498829],[-76.89301374668251,38.91065462009199],[-76.89368750592622,38.91143539723547],[-76.89394619774764,38.91046251041375],[-76.8926768724773,38.91026423017716],[-76.89284934068549,38.90961564051372],[-76.89429110942667,38.90916532733723],[-76.89623419454084,38.910144354193434],[-76.8980831781438,38.91313521964695],[-76.90088057173169,38.91255875503165],[-76.8987807928774,38.908853259062475],[-76.90014420431304,38.90703960742731],[-76.89650880413939,38.90579632393708],[-76.89336672688196,38.907669870412086],[-76.89302180582227,38.9089670506651],[-76.89006012428675,38.908504354583854],[-76.88946453597258,38.90908683446624],[-76.88439567978867,38.906605883867684],[-76.88373033867445,38.90413748896624],[-76.88068263206313,38.90399885743496],[-76.8810277493197,38.90270171234983],[-76.88398913755952,38.90316462384261],[-76.88608799995906,38.90687036754064],[-76.88963702999615,38.908438249370825],[-76.89201121732354,38.907795878557046],[-76.89270913783966,38.90351395510813],[-76.89786426870707,38.90567026665381],[-76.8991414448799,38.90418092489139],[-76.89736293331374,38.90424091730059],[-76.8958510527562,38.90164042630098],[-76.8978801607768,38.90229512971508],[-76.89695579173211,38.90079970087074],[-76.89773160222954,38.897881022692346],[-76.89654868861373,38.89735848461155],[-76.89554620351159,38.894499776521634],[-76.89427715199932,38.89430151307066],[-76.8931104317195,38.89040381101502],[-76.88989083454828,38.89091399450816],[-76.88743912894398,38.890193048716384],[-76.883201023436,38.89121940836849],[-76.88464248776796,38.89076920844209],[-76.88498747186048,38.88947205449812],[-76.89243687314634,38.88962303282553],[-76.89228059669801,38.88689649059578],[-76.88838766122245,38.88662585241297],[-76.88856011165836,38.88597727065542],[-76.89033818467139,38.885917404665044],[-76.88983713282138,38.884488028427846],[-76.89110600133398,38.88468633709266],[-76.89306450163355,38.88229028297745],[-76.89264962144154,38.880536624861534],[-76.8938402709284,38.87937163584895],[-76.89224283487275,38.877095403083125],[-76.89409884688382,38.87839875262239],[-76.89562617377777,38.877624131190615],[-76.89666031600652,38.87373258164094],[-76.89818751788009,38.87295792907541],[-76.8982816168382,38.870946070140356],[-76.90015335973737,38.868874204939864],[-76.90082680921438,38.8696549392421],[-76.89716142773733,38.87516192843614],[-76.89706729240895,38.877173787529],[-76.89553199288169,38.87963598971132],[-76.89409081606789,38.88008631565336],[-76.89441953490275,38.882164263723006],[-76.89186570914545,38.885142828870855],[-76.89312654066724,38.887028681177725],[-76.89439546237628,38.88722695622945],[-76.89387021170664,38.89086029082882],[-76.8972382829385,38.89476410758776],[-76.89969023932417,38.89548485996936],[-76.89925138559929,38.898793921891816],[-76.90017577631605,38.90028933323787],[-76.90356806373258,38.8991302783108],[-76.89990930526952,38.902949799973115],[-76.90193063425855,38.90529200590315],[-76.90166420900574,38.907952478118304],[-76.90259660266187,38.90776030345403],[-76.90613052076584,38.912702853941106],[-76.9100957487547,38.91602377177186],[-76.91366090489072,38.91421582405111],[-76.91460090659763,38.91233598748486],[-76.9125713685921,38.91168155689601],[-76.91257897472734,38.909993986007805],[-76.9113096069232,38.90979589653664],[-76.91260179101856,38.90493127555936],[-76.91266512028601,38.90966967737594],[-76.91392691486034,38.9115553239098],[-76.91790740185415,38.91150084844424],[-76.91925548409259,38.91306212872348],[-76.9239101543848,38.91378809530147],[-76.92347964492141,38.91540967792813],[-76.92484256402271,38.91359575320275],[-76.92874430795445,38.91217767497862],[-76.93077400506334,38.91283184087728],[-76.93262447511864,38.91582219211463],[-76.93305478342037,38.914200577657475],[-76.93381506192199,38.914656813982674],[-76.93534272660109,38.913881699633976],[-76.93484059925095,38.91245250041554],[-76.93797479807809,38.91226547442267],[-76.9384049662526,38.910643842158066],[-76.93662632936427,38.91070439785494],[-76.93595211668244,38.90992385419095],[-76.93493373683788,38.910440603910295],[-76.93392245410288,38.909269773304324],[-76.93187851060627,38.9119908030897],[-76.93002096675177,38.9106880139331],[-76.9289309140428,38.90815389173624],[-76.92706625075323,38.90853863014114],[-76.92554591553564,38.90762607082969],[-76.92774760985009,38.9076316507009],[-76.92809190617035,38.90633437415509],[-76.93080274115832,38.90608155418994],[-76.92979158533774,38.90491069055308],[-76.9313190884385,38.904135626758396],[-76.93233025805254,38.905306477820425],[-76.93681954030407,38.90499303230916],[-76.93562208780277,38.90784600923354],[-76.93697752270485,38.90771952431224],[-76.9388351152736,38.90902220874405],[-76.9432523810398,38.905657713586166],[-76.94309416825578,38.902931230308106],[-76.94021146344386,38.90383297408073],[-76.9381099356933,38.900128148654446],[-76.93311895785412,38.89901243698983],[-76.93015022885935,38.90023826879425],[-76.92803482340071,38.899908412696085],[-76.92541759320338,38.8981492857807],[-76.92321618564281,38.89814366454308],[-76.92313746085536,38.89678041136148],[-76.92194699540298,38.89794568427603],[-76.91991779230197,38.897291375144725],[-76.9183191486273,38.895015473558054],[-76.91443324413129,38.89305808555593],[-76.9087616731623,38.892848298759276],[-76.9101245366329,38.89103454107027],[-76.90641136195127,38.88842829039452],[-76.9079387681709,38.88765351628872],[-76.90845559546119,38.88570768864449],[-76.90718666196273,38.88550955756967],[-76.90728052865825,38.883497688774746],[-76.90533800570556,38.88251883832583],[-76.9056825823198,38.88122162812783],[-76.90865094808356,38.87999638517837],[-76.90908157830538,38.878374861295704],[-76.91035039271537,38.87857297280007],[-76.90941071689713,38.88045276915024],[-76.90677916111002,38.88206838147023],[-76.90947381737176,38.88519115803661],[-76.90903546998318,38.888500250334715],[-76.91275634207635,38.88941885594272],[-76.91285765716381,38.88571941625055],[-76.91455715309498,38.88429594520105],[-76.91670207553636,38.8778757712032],[-76.91577763001546,38.87638048724284],[-76.91670958248575,38.87618820720322],[-76.91663100313473,38.8748249535688],[-76.91477467921162,38.87352194205498],[-76.91452395380455,38.87280730464173],[-76.91511904531207,38.87222470702832],[-76.91747685111596,38.87495697776589],[-76.91678816477685,38.87755146101011],[-76.91797090196908,38.87807380467904],[-76.91566894487819,38.88176748984439],[-76.91616296457477,38.88488432652737],[-76.91404049876333,38.88624179794601],[-76.91410390535312,38.890980187831815],[-76.9165559011953,38.891700606266795],[-76.91984656630076,38.894240552089535],[-76.9221339404514,38.893921918604995],[-76.92305873901412,38.895417158364175],[-76.92695227276275,38.89568670789025],[-76.92770506570781,38.89783054934168],[-76.93075260335392,38.897968024826916],[-76.93321212580364,38.89700054525402],[-76.93871206122954,38.89785786605122],[-76.94158068258041,38.90033129771833],[-76.94530941594448,38.89956135714256],[-76.94343816906378,38.90163391194688],[-76.94953363332922,38.901908014584194],[-76.9503006180359,38.900676578095606],[-76.9537780756209,38.89919181497099],[-76.95022811638098,38.89762577134888],[-76.95048600406813,38.896652768459624],[-76.94879368783442,38.89638916419298],[-76.94821222663673,38.89359678600596],[-76.94169440940453,38.89325669127016],[-76.93848203103776,38.89208056822439],[-76.93713392503757,38.8905195011925],[-76.93273156952782,38.890508635753704],[-76.93248060954065,38.88979403321038],[-76.9340077671174,38.889018937765414],[-76.9356138397291,38.88960706742324],[-76.93671793733529,38.888765989013294],[-76.93521205268989,38.88447841642468],[-76.93243029611904,38.88168052106383],[-76.92870957121542,38.880762506923745],[-76.92981361449955,38.87992149092414],[-76.93175639692717,38.880899957433634],[-76.93277438645782,38.88038323573053],[-76.93589308540679,38.883571394969685],[-76.93848903498007,38.89039300002321],[-76.94305646058555,38.89144257152399],[-76.94330752998053,38.89215715279732],[-76.95118038104945,38.89237052272887],[-76.95159673741712,38.8941239871379],[-76.95303783619468,38.893672991812466],[-76.95370542982126,38.89614101083319],[-76.95590677909854,38.89614609065163],[-76.95505399491962,38.8977018987137],[-76.95725539145555,38.89770695458527],[-76.95819405518833,38.895826791726265],[-76.95726853038697,38.89433181410795],[-76.95404920961079,38.89484366415322],[-76.95346090217063,38.89373888053704],[-76.9560918439814,38.89212227493499],[-76.96058021146469,38.89180796958218],[-76.96246361516921,38.886360020964986],[-76.96169698673981,38.88759153048481],[-76.96119452365022,38.88616244281861],[-76.96298541299522,38.88272639866724],[-76.94953539833858,38.88029395372098],[-76.94970728950308,38.87964528752352],[-76.94691835364306,38.87853528503147],[-76.9461651948032,38.87639156538405],[-76.94852429937646,38.87912324665043],[-76.95055325331238,38.879777086036114],[-76.9530911631005,38.88017244694051],[-76.95368600635786,38.87958966366324],[-76.95892715420348,38.88141909331629],[-76.95927077157133,38.88012173451315],[-76.95952196096145,38.880836281942464],[-76.96366608359675,38.88181922484165],[-76.96782928864151,38.87773932676057],[-76.96460437726206,38.87993901713789],[-76.96520551053266,38.87766861160606],[-76.96410831925765,38.87682237579998],[-76.96580023646385,38.87708577036657],[-76.96690379589961,38.87624442440425],[-76.96808687093515,38.87676628965365],[-76.96885327749719,38.87553474223289],[-76.96437235098223,38.874161780268146],[-76.9642070100157,38.87312290032174],[-76.96166928543602,38.872727767375906],[-76.96141810293987,38.87201322499196],[-76.96522466076293,38.872605912595944],[-76.96826490151214,38.87443003149491],[-76.96945424206538,38.8732643172922],[-76.96810582076388,38.87170359074474],[-76.96878632467548,38.870796389998155],[-76.97097441008236,38.87417633420487],[-76.97368389978539,38.87392257768372],[-76.97563939508795,38.87152522275086],[-76.98190404629871,38.871149031038975],[-76.98191004276985,38.869461464835226],[-76.97861226172355,38.86861074022886],[-76.97853253267056,38.86724752735368],[-76.98284173205593,38.869268687696135],[-76.9861513885895,38.86674416773902],[-76.98970643095475,38.86662161067694],[-76.99301572950048,38.86409690816581],[-76.99589053683657,38.86488150676934],[-76.9966563485944,38.86364978918606],[-76.9989424261591,38.863329739691046],[-76.99445597814926,38.86364543301211],[-76.99429594124616,38.86091902942271],[-76.99285574547947,38.86137050257469],[-76.9932101322809,38.85669792403946],[-76.99144440663935,38.85338413812638],[-76.99093581023921,38.85364274010082],[-76.9872157802979,38.852726485490116],[-76.98162690864443,38.85388323846167],[-76.98281570027619,38.85271739880742],[-76.98696441632089,38.85201199655827],[-76.99110727014141,38.852994018562356],[-76.99203872462905,38.85280117264115],[-76.99178731312333,38.8520866934894],[-76.99255305979781,38.85085500306032],[-76.99237586521997,38.853191289662036],[-76.99447879751189,38.856895173689104],[-76.99438166518402,38.86059466608421],[-76.9995423528041,38.86105917220185],[-77.0022567798445,38.859117226376405],[-77.00335414741474,38.85996312263023],[-77.00455910389766,38.85373438018074],[-77.00727312453951,38.851792326071724],[-77.0088950782439,38.84731681321892],[-77.0105061683615,38.84621640647996],[-77.01358853125225,38.83453891196139],[-77.01994561331453,38.83046130204334],[-77.02316162829337,38.82994774464901],[-77.02341830337649,38.82897459793419],[-77.021309625528,38.8269587761992],[-77.0230861487429,38.826897006370764],[-77.02309118855952,38.82520944660577],[-77.02114866517724,38.82423241834885],[-77.01727412278139,38.81890315357609],[-77.01923696637668,38.813130010238524],[-77.02008228410435,38.813261333167276],[-77.02178306701073,38.81014884717019],[-77.01417561412978,38.80896683800071],[-77.00858514899049,38.81181235839931],[-77.00815173964149,38.81512177235767],[-77.0071351953708,38.815639109283374],[-77.0050000657074,38.8220608009989],[-77.00709733158615,38.82745201745123],[-77.00666376175282,38.830761431498715],[-77.00420197152972,38.833417920771446],[-77.00072867810927,38.83490408674091],[-76.99979189560219,38.83678455814227],[-76.99852356592163,38.83658736333545],[-76.99682682199531,38.83801197734317],[-76.99471292078745,38.837683261474],[-76.99394734893835,38.8389149634725],[-76.98819403737589,38.83903317447483],[-76.9800574794017,38.84317033638827],[-76.96973267516749,38.843927048545254],[-76.96277710318918,38.84858491415275],[-76.96302178636084,38.85098701322088],[-76.96454140933625,38.85189910669578],[-76.96419801880883,38.85319647584116],[-76.96192502201697,38.85014076069717],[-76.96030661709462,38.852928097553004],[-76.95878049531079,38.85370351368036],[-76.9557347554873,38.85356672795819],[-76.95301263190332,38.85719521515075],[-76.9450370888504,38.862368978427526],[-76.94190505374918,38.86255618181204],[-76.94020659891346,38.863980024107704],[-76.9372464462108,38.86351845775311],[-76.93478810718072,38.86448601345736],[-76.9327454519438,38.867207042490364],[-76.92927630712627,38.867003646919976],[-76.92952715721867,38.867718253989835],[-76.9245385302202,38.8666022012499],[-76.91888389975838,38.86301775415942],[-76.91575176973777,38.86320429647913],[-76.91381724617256,38.86053802043423],[-76.91178915747166,38.85988358118931],[-76.91171068772334,38.85852032703309],[-76.91331590837252,38.85910874344865],[-76.91433372427335,38.858592174541656],[-76.9154225282631,38.86112640969367],[-76.92311250558147,38.86367773964789],[-76.9208409045986,38.86062126738011],[-76.92228890716625,38.858483070599554],[-76.92136459298618,38.856987831703016],[-76.92205292216028,38.85439332924027],[-76.91867046991844,38.8538653240276],[-76.91927281872766,38.851595148436516],[-76.92172354086996,38.85231546128547],[-76.92460443709513,38.85141415300006],[-76.92671841977793,38.85174406573324],[-76.92561476754248,38.85258505140263],[-76.92611630161926,38.85401427755536],[-76.9230706103015,38.85387668884101],[-76.92254702930622,38.857510130443956],[-76.92338533676559,38.85932967473829],[-76.922274154924,38.861858192600195],[-76.92530556567785,38.86537092473901],[-76.9286885999425,38.86589874949327],[-76.93148393829695,38.865321597823254],[-76.93386346046259,38.862990866787996],[-76.9361497926078,38.86267197587347],[-76.937339454861,38.86150657154761],[-76.93894494811694,38.86209465610879],[-76.94318057442317,38.86106639436166],[-76.94920022563467,38.85828971552564],[-76.95607829838148,38.85226938222133],[-76.94626752933694,38.851078119215956],[-76.9426410374356,38.84814863662962],[-76.93613436375686,38.84612069159519],[-76.93588352321464,38.84540609965254],[-76.94416721458072,38.847373419798984],[-76.94424627927192,38.848736651611],[-76.94652530521964,38.85010512994941],[-76.95320441719211,38.85148386117095],[-76.95515336997926,38.85077439653676],[-76.95811311850451,38.85123553443655],[-76.96185208416365,38.84708997909548],[-76.95847621969729,38.84487550061876],[-76.96101295745315,38.84527069770406],[-76.96236073799273,38.84683149671303],[-76.96601340755254,38.843010158310356],[-76.9667731498667,38.84346618861691],[-76.96745340679489,38.842558998098966],[-76.96897290953889,38.84347103636681],[-76.97033335181239,38.84165662752559],[-76.97506975920805,38.842056321149535],[-76.97879515828973,38.841285378712826],[-76.98150940169532,38.83934389172779],[-76.98226920271897,38.839799826808765],[-76.98362924559433,38.83798527268571],[-76.99632401206335,38.836583040339136],[-77.00311049625996,38.83088447458461],[-77.0038011566049,38.826601967137634],[-77.0033037862921,38.82348550154752],[-77.00195556106442,38.82192515200248],[-77.0000078348166,38.82263535062387],[-76.999408238768,38.82490591084481],[-76.99856282331002,38.82477444662875],[-76.99880860538012,38.8271764686961],[-76.99465571895958,38.8295698246922],[-76.97994030263973,38.82863100508472],[-76.97900306464008,38.83051131796796],[-76.9746043261879,38.830501939655306],[-76.97122260214438,38.82997537060533],[-76.96978914836417,38.82873901607258],[-76.96801253541426,38.82880002139775],[-76.9632834517827,38.826712501260076],[-76.9570225221784,38.82708774989269],[-76.95617056942376,38.82864355325059],[-76.95498836042722,38.82812157707159],[-76.95329096313284,38.82954559329578],[-76.94974440488907,38.82797954838419],[-76.94558986292587,38.830371259057216],[-76.9476310070206,38.82765002941099],[-76.95025296832914,38.82772111624766],[-76.9505106084686,38.8267481211412],[-76.95372030272807,38.82792392370108],[-76.95905662625188,38.82605388941607],[-76.9629465892634,38.826322306208375],[-76.96362673387006,38.82541513836059],[-76.9663280841287,38.82684910102586],[-76.96734507407673,38.826332098547255],[-76.96742454925227,38.82769531244442],[-76.9735935151981,38.829331443719056],[-76.97858641248257,38.82875795850351],[-76.98112870956467,38.82746518480794],[-76.99499845631985,38.82827237451966],[-76.99746040809893,38.82561606962019],[-76.9916282244719,38.824371245657495],[-76.98850962113023,38.821184510554225],[-76.98639624518577,38.82085565333164],[-76.98724746211427,38.819299643387254],[-76.98607107810186,38.81709040765324],[-76.97280392886235,38.81401179281846],[-76.97432907101755,38.81323620723345],[-76.97458017757573,38.81395071885781],[-76.98624249534225,38.816441695377215],[-76.9838840057165,38.81371075116758],[-76.984478060854,38.81312782440591],[-76.98692225802277,38.81553440053802],[-76.98649372965124,38.817156183066835],[-76.98926927672039,38.821640401825015],[-76.99230799405917,38.82346392052176],[-76.99568956830352,38.823989913490166],[-76.9967119601907,38.82178511205758],[-76.99925369283926,38.82049196726025],[-76.99968195705661,38.81887014004159],[-77.00086433583492,38.81939168904811],[-77.00264620438185,38.81764265495909],[-77.0043368877205,38.81790552168151],[-77.00518768743767,38.816349388914624],[-77.00248044637188,38.81660383261334],[-77.00162958592186,38.818159946819165],[-77.0007041564779,38.816665306804126],[-76.99580359791162,38.81522776329334],[-76.99276513632134,38.81340433189648],[-76.99302215873517,38.81243124987214],[-76.99041229547677,38.80898595719083],[-76.98905878820138,38.809113024831866],[-76.98990981129529,38.80755699841691],[-76.99411871677466,38.813277223685766],[-76.99825946667697,38.814259002455245],[-76.99833950652236,38.81562219475922],[-77.00265171651009,38.81595509766394],[-77.00334226242195,38.81167259931916],[-77.00656298696373,38.80947191767526],[-77.0095213840617,38.80993182534182],[-77.0114686784393,38.80922147801069],[-77.01206777013107,38.80695086300328],[-77.01410053211872,38.80591610074351],[-77.04410787867792,38.81057577361037],[-77.04249808286494,38.811676613168125],[-77.04257894670353,38.813039776377614],[-77.03995742439025,38.81297064425674],[-77.03868004403579,38.816148977993535],[-77.03934982593147,38.81861651311897],[-77.04061795334869,38.81881328949706],[-77.03993417865361,38.82140843872417],[-77.04120235619625,38.82160520917399],[-77.04128320682382,38.822968374597906],[-77.04373417002198,38.823686271130654],[-77.04406689829005,38.82576380657531],[-77.04542061853329,38.825636137428],[-77.04448510769076,38.82751694479194],[-77.0452361242597,38.83134761543012],[-77.04650448896994,38.83154433178769],[-77.04683733202944,38.83362186149702],[-77.04810574062006,38.83381856150441],[-77.04674738036742,38.83563382233729],[-77.04766952266473,38.83881568386865],[-77.047498599406,38.839464482557126],[-77.0467383941475,38.83900894770475],[-77.04690483367746,38.84004771312869],[-77.04859619595172,38.840309976177686],[-77.04910893324714,38.83836357481984],[-77.05079586499946,38.840313370945715],[-77.05207314054348,38.837134904262015],[-77.05613487833055,38.836751589428744],[-77.05470416081397,38.8338286547625],[-77.05732644698486,38.833897474818464],[-77.0582659345482,38.83032900722849],[-77.05961551990833,38.83188874482605],[-77.05926971248294,38.83487393653896],[-77.06095683520316,38.8368235935463],[-77.06374590960907,38.837931023788464],[-77.0644249079743,38.83702330177275],[-77.06569342316251,38.83721982174021],[-77.065181136659,38.839166291477675],[-77.063152286344,38.83851433213556],[-77.0632335661152,38.839877485620185],[-77.07067037670176,38.84339287943823],[-77.08310848391322,38.84295499839316],[-77.08353501455834,38.841332877975624],[-77.08853491741415,38.837379831612104],[-77.089718231424,38.83790053303249],[-77.08666933990115,38.83945453078453],[-77.08564942111099,38.84166007800619],[-77.08361667857368,38.84269601847081],[-77.08954067930624,38.841924518806515],[-77.09114696695814,38.842510629232486],[-77.09131404720436,38.84354933526772],[-77.09292038491168,38.844135422801955],[-77.09359907778678,38.84322754029438],[-77.09334328938256,38.844200833674286],[-77.09731663475853,38.84582816477363],[-77.09918207235754,38.8437533038194],[-77.10341436694318,38.842719568218044],[-77.10460102809367,38.84155256239181],[-77.1049450111368,38.83856724232268],[-77.10621366228509,38.838763347338244],[-77.10570244677467,38.84070998480621],[-77.10680073684198,38.841554962646896],[-77.11035736609588,38.83974137953892],[-77.11009878678847,38.842402272517155],[-77.10671553550277,38.84187940284482],[-77.09824771615611,38.84563452062396],[-77.09959844015023,38.84719382499404],[-77.10070000187677,38.84635129136923],[-77.10349004426517,38.84745782776647],[-77.10652647284176,38.8526536815558],[-77.10914643531903,38.85440897218901],[-77.11591707713825,38.853766919837035],[-77.11033017297373,38.85492947766804],[-77.11125833545124,38.85642330354606],[-77.10804484945663,38.85525158167358],[-77.10491983805001,38.85206776990455],[-77.10271981213366,38.852065336243555],[-77.10118552388865,38.85790520889617],[-77.1002542935546,38.858098875391555],[-77.10177578042932,38.8590092853631],[-77.10118228988655,38.859592777281854],[-77.10253653811944,38.859464483377955],[-77.10337617638677,38.86297037611039],[-77.10100207942845,38.865304358689286],[-77.10074631240605,38.866277669777084],[-77.10243847685786,38.86653919838966],[-77.10218272468464,38.86751251258217],[-77.10006749391681,38.86718559380415],[-77.1001462376557,38.87023629779633],[-77.10192374837742,38.870173396829465],[-77.1005660512487,38.87198925499119],[-77.0982834513851,38.870623608720784],[-77.09947064904276,38.86945664835711],[-77.09845729322535,38.86828716742644],[-77.09659454779856,38.86867445287451],[-77.09558124900843,38.867504948532456],[-77.09346604807844,38.86717791707067],[-77.09456798273798,38.86633543606452],[-77.09702092880099,38.86705228132654],[-77.09846059070972,38.86659959741845],[-77.10185136814056,38.86374755458492],[-77.10134955229903,38.860631471760385],[-77.09890006667723,38.85822714433105],[-77.10128369513416,38.850830501844904],[-77.10230006148956,38.85031239035681],[-77.10111645614772,38.84979180842775],[-77.1013721603883,38.84881849840082],[-77.0999328677105,38.84927121522106],[-77.09985089124189,38.84790808451745],[-77.09765099103139,38.84790556084611],[-77.09384805321523,38.8456293772827],[-77.09207113396042,38.84569216224235],[-77.0910582271654,38.844522623963314],[-77.08961895526068,38.84497522074091],[-77.08987479610221,38.844001934969405],[-77.08327545064958,38.843993715317204],[-77.08284889866148,38.845615835312785],[-77.08529743113132,38.848020476629614],[-77.08461859024989,38.848928314129864],[-77.08343513366495,38.84840756336521],[-77.0836910691099,38.84743428999879],[-77.08106827121807,38.847366028010654],[-77.08217004968044,38.84652365915463],[-77.08098664962178,38.8460028851384],[-77.08251497467117,38.843538399838934],[-77.08005924013035,38.844508834298885],[-77.07887588785495,38.84398804023448],[-77.07768877531205,38.84515479989202],[-77.07515141098521,38.84476199231998],[-77.07446862227624,38.84735733919799],[-77.07581886952507,38.84891690308936],[-77.07539212280865,38.85053899828684],[-77.07699848650628,38.851125292727076],[-77.07479464549898,38.85280992958692],[-77.07453472167198,38.85547075198787],[-77.07241216454906,38.8585184961169],[-77.07816310814385,38.860083941056104],[-77.08095703641173,38.85950341857007],[-77.08070102208083,38.86047668761034],[-77.07528377179224,38.860988819833835],[-77.07072029412076,38.85825655772953],[-77.06876828303899,38.86065540811187],[-77.06808111749814,38.86493829290275],[-77.07019613945863,38.86526575757555],[-77.07045231088755,38.86429250970926],[-77.07358408749666,38.864102057191154],[-77.0780589102663,38.868846206588145],[-77.0816992433468,38.86839658890798],[-77.07915730379612,38.86969143217388],[-77.08152117414956,38.87242057703668],[-77.08380715321286,38.87209896163844],[-77.08363647362908,38.872747812589104],[-77.08583712324237,38.87275058512656],[-77.0854957941314,38.87404829253435],[-77.08811955647242,38.87411646098383],[-77.0873551809946,38.87534874478409],[-77.08938527327474,38.87600031040402],[-77.089890179783,38.87742887535104],[-77.09158256420876,38.87769055255419],[-77.09208752550465,38.879119108838694],[-77.08997200313283,38.87879201728789],[-77.08828313255242,38.876842746282236],[-77.08625302665847,38.87619116254272],[-77.08345850077266,38.87677180557465],[-77.08498738751244,38.874307281091085],[-77.0813504734594,38.873069424863424],[-77.08016292680693,38.874236212107505],[-77.08042271207088,38.87157537213175],[-77.07805514026026,38.870533776458636],[-77.07678981127226,38.86864981255678],[-77.07349096103071,38.86780161339211],[-77.07214041373189,38.86624202077757],[-77.0731572021305,38.86572414748932],[-77.0710421535642,38.86539673333999],[-77.0712943878407,38.86611105249848],[-77.06985456691085,38.866563420744555],[-77.06681211344477,38.86474179677699],[-77.06724315431374,38.86143216045129],[-77.07224922318264,38.85579219572772],[-77.07259459830838,38.85280696097273],[-77.07454242294742,38.852095618639],[-77.07378965272245,38.848265117288044],[-77.0714229327191,38.84722339767607],[-77.06583987288396,38.8466963829007],[-77.06152970825717,38.84467811468938],[-77.05721553124862,38.84434726115198],[-77.05442199486416,38.84492724729189],[-77.05297813836519,38.84706698294257],[-77.05677987475275,38.849344421296024],[-77.05838183795629,38.851618522554986],[-77.05440904649191,38.849989941754686],[-77.05389636893747,38.851936367533916],[-77.05372980263743,38.85089761014936],[-77.05246108170209,38.85070096736863],[-77.0522003501859,38.85336174221067],[-77.05050867211197,38.85309952799381],[-77.05203817624472,38.85063541688884],[-77.05085492475587,38.8501143548229],[-77.05111569376344,38.84745358377582],[-77.05026992370532,38.847322472235234],[-77.04992808054142,38.848620077805215],[-77.04848847252381,38.84907219687893],[-77.04620756612898,38.84770559517896],[-77.04256345712011,38.8498417338404],[-77.04222606349083,38.84945175359098],[-77.0412947846915,38.84964497673275],[-77.04315276039917,38.850946088364175],[-77.04407493949562,38.85412798200081],[-77.04534822389634,38.85263714510655],[-77.04644599384307,38.853482659007994],[-77.04652247859438,38.856533391778015],[-77.04524915014964,38.85802424139655],[-77.04676994819413,38.85893532665874],[-77.04711189595486,38.85763772830016],[-77.04795778002212,38.857768861552294],[-77.04685094435514,38.860298493967434],[-77.04820530111455,38.86017079390417],[-77.04777787398866,38.861792795976925],[-77.05039674966878,38.86354933045855],[-77.05032009539843,38.86049859764217],[-77.05125148894146,38.86030530641944],[-77.0521785088785,38.861799575508336],[-77.05311860809627,38.858231136005244],[-77.0551479174624,38.858883261107614],[-77.05430632685024,38.8570646101318],[-77.05718151593886,38.857847785976325],[-77.05836071275867,38.86005635525558],[-77.05988590734748,38.85927971237268],[-77.06030468953537,38.861032803567795],[-77.0611506367301,38.86116384680089],[-77.06115479763164,38.85947627930664],[-77.06378211257109,38.857857395709665],[-77.0658115069195,38.85850934612981],[-77.06546988797332,38.85980699620034],[-77.06420098029594,38.859610473449564],[-77.06402606105421,38.86194686418152],[-77.06487202554766,38.86207788202137],[-77.06240716747564,38.866423105518244],[-77.05809169932482,38.86609228170334],[-77.05741659905607,38.86531240344933],[-77.05622879567524,38.86647896024381],[-77.05648515787817,38.86550574112603],[-77.05419926514826,38.865826852271816],[-77.05149474253699,38.86439480067684],[-77.05141365497214,38.8630316357632],[-77.05081532814208,38.86530245457965],[-77.05166130782841,38.86543356266319],[-77.05174240269761,38.86679672779473],[-77.05419494282906,38.867514420766774],[-77.05283610620896,38.86932975521322],[-77.05334025002767,38.8707584678271],[-77.05257968182538,38.87030296721625],[-77.05266079929116,38.87166613252446],[-77.05181474545755,38.87153503116863],[-77.05231888450851,38.87296374830931],[-77.05333590752416,38.87244603726874],[-77.05434859696705,38.873615887624275],[-77.05748081629068,38.87342584190362],[-77.06121526600606,38.86927727938306],[-77.06409101113836,38.870060295998684],[-77.0645912987368,38.87317653290733],[-77.0625573777958,38.874212131496535],[-77.06467264408569,38.87453969080583],[-77.0652624821256,38.87564394327744],[-77.06407054167265,38.87849814772065],[-77.06500212879219,38.87830475272891],[-77.06559200230105,38.879409004130494],[-77.0634765905323,38.87908146032083],[-77.06373290027334,38.8781082247597],[-77.06034832436133,38.87758408665166],[-77.05824144771813,38.87388131260155],[-77.05713472430878,38.876411041624415],[-77.05840390547068,38.876607637125446],[-77.05907491095321,38.879075082012996],[-77.06186142832472,38.881870131583156],[-77.06109652747158,38.88310225452929],[-77.06346837384162,38.882456603595095],[-77.06566120035792,38.88583487907719],[-77.06972558136162,38.8854511164864],[-77.06938390580602,38.8867487814889],[-77.06811451837883,38.8865522981913],[-77.06794366519401,38.887201128651505],[-77.06557576406387,38.88615929261077],[-77.06633253658542,38.88830228743171],[-77.06497768870271,38.888430186059026],[-77.06472135927805,38.88940342541951],[-77.06556764381695,38.88953443894084],[-77.06556358341135,38.89122201263363],[-77.06793565452303,38.89057627556962],[-77.0742830082527,38.89155857174242],[-77.0749623751125,38.89065078633095],[-77.0777575010311,38.89007033388969],[-77.07869295609451,38.888189261920154],[-77.08352198365434,38.88657281459755],[-77.08326590847156,38.88754609206546],[-77.07996240055904,38.88838563692068],[-77.0774159468702,38.89136802176814],[-77.07614645730618,38.89117162061574],[-77.07250105217992,38.89330865074594],[-77.06988057394211,38.89155257720632],[-77.0681879455141,38.891290603213996],[-77.06699989107742,38.89245726689973],[-77.06547814036543,38.89154642631578],[-77.06901435529645,38.89985946767492],[-77.07273781949094,38.90077327096715],[-77.07477233727053,38.8997375019136],[-77.07451609891484,38.90071076290329],[-77.07688460088714,38.90175243003758],[-77.08204872825345,38.90221350197196],[-77.08315132491371,38.901371118894026],[-77.08340380248966,38.902085416531364],[-77.08924377350229,38.90332592896979],[-77.09025746882786,38.904495490268836],[-77.09440469752884,38.90547406377312],[-77.09457196864938,38.9065127731997],[-77.09736422230436,38.907619455560955],[-77.10082927651037,38.91119330370064],[-77.10209918154167,38.911389452560435],[-77.10657254340394,38.919507761375726],[-77.10784260887657,38.919703851627645],[-77.10902434343849,38.92191195535568],[-77.11283173903334,38.924187694176005],[-77.11299931596398,38.92522638128566],[-77.11393137077965,38.92503261738058],[-77.11612782010876,38.92841001808836],[-77.11782148357388,38.92867133869128],[-77.11654835379814,38.93016293408016],[-77.11942146881447,38.93431984151561],[-77.12923592028321,38.942247747108304],[-77.1299951494683,38.94439036861637],[-77.12889244343539,38.94523317307747],[-77.131854600585,38.94737775300248],[-77.13066665139844,38.94854503535439],[-77.13227310517101,38.950818209153205],[-77.13354378607285,38.951014037016634],[-77.13540355200709,38.95400137102651],[-77.14056710503226,38.95783518955809],[-77.14488170932519,38.963225920013436],[-77.14877754586209,38.96517609678242],[-77.15606496060055,38.96596018107523],[-77.15665887839272,38.96537641823493],[-77.16487707932423,38.967653485343774],[-77.16877703177165,38.96622784771756],[-77.17259019639415,38.96681417184437],[-77.1724200862746,38.967463152983555],[-77.18309763327449,38.96876673332063],[-77.18428507144445,38.96759894563138],[-77.18818341915048,38.96786029197357],[-77.18877709480311,38.96727637526958],[-77.19428533088758,38.968122362635576],[-77.19776102202044,38.96663074675268],[-77.2015744410401,38.96721618019499],[-77.20657339578966,38.97000868446529],[-77.20911583355985,38.97039880608633],[-77.21335392840908,38.96936129818494],[-77.21403228616386,38.96845274190085],[-77.21411653693481,38.96981581740165],[-77.21648928332901,38.970854826273545],[-77.22454069158414,38.97208938957309],[-77.22776090584698,38.974945702873676],[-77.22776060189109,38.976633299237506],[-77.23047251870727,38.97974911973862],[-77.23123556639453,38.97851593716998],[-77.23242219515045,38.979035284261336],[-77.23505014711952,38.975725149274524],[-77.23810138290912,38.979230263576035],[-77.2401357203914,38.97987936815817],[-77.23988141191786,38.980852980368454],[-77.24522177335285,38.982345782974285],[-77.24835921029569,38.992276506406334],[-77.24997030561687,38.99454816924568],[-77.25327695452978,38.995391683430874],[-77.25293831721781,38.99837747400211],[-77.2542951909894,38.99993512157445],[-77.25666912680775,38.999285764182716],[-77.26040002955074,39.00019394236816],[-77.25946826593425,39.003764015456376],[-77.2594674029942,39.00038880900111],[-77.257856275859,38.99980486974374],[-77.25743270380275,39.001427622074765],[-77.25633025190801,39.00058396278225],[-77.2553135546395,39.00447855463826],[-77.25471978826589,39.0033751890679],[-77.25438085952892,39.00467338319103],[-77.25293943726214,39.00512788664268],[-77.25107377592148,39.00382989716533],[-77.24963234970713,39.00428436215887],[-77.24895447767766,39.008568327125325],[-77.25107424944686,39.00720510552154],[-77.25234623414059,39.00739971805976],[-77.25234650043053,39.009087322974594],[-77.2531945136814,39.009217057463545],[-77.25099020214542,39.01259246806489],[-77.2473438547116,39.01473467376593],[-77.24564794524794,39.0178503330359],[-77.24641177846472,39.02505509172132],[-77.24904132549325,39.02680746439739],[-77.2524341995922,39.02732645941715],[-77.25709985721484,39.02972753691648],[-77.25930526022776,39.029727229091876],[-77.26176242863514,39.02031517102953],[-77.2629499572958,39.020834229646624],[-77.26201707289641,39.021029116086524],[-77.26074620769676,39.025897429392046],[-77.26210376216986,39.027454998585824],[-77.2646485057511,39.027843985917755],[-77.26532676808509,39.02693514095555],[-77.26795621021516,39.02699950333441],[-77.27092440080955,39.02576556694668],[-77.27626869725587,39.027257044340544],[-77.27592678759085,39.02180486434599],[-77.27669283076466,39.02732183080328],[-77.27881350964356,39.027645741399496],[-77.2840664589769,39.017648186900324],[-77.2872899503577,39.018815367539716],[-77.28966420768262,39.01816537724466],[-77.29000256950732,39.016867084049416],[-77.29127482722289,39.0170612980437],[-77.2920372353086,39.01582773462821],[-77.29279841265952,39.01290656059923],[-77.29483292772514,39.01186716603761],[-77.29330948027652,39.01602192774204],[-77.293988506709,39.01680053484207],[-77.29788988301564,39.01705843646572],[-77.29763621770566,39.0180321725695],[-77.29534660318815,39.01835773820011],[-77.29212300280786,39.0171907668013],[-77.2882238374065,39.02030789911733],[-77.2844069387169,39.01972512395107],[-77.28339049072302,39.02193234891806],[-77.2825422753901,39.021802820410045],[-77.28271347178644,39.02452890079224],[-77.28008501597193,39.02615246040468],[-77.28051006634767,39.02790484381512],[-77.27864420528932,39.02829487398782],[-77.27117915409887,39.02647949385781],[-77.26956802091755,39.0275833140917],[-77.26447907449763,39.028493099209356],[-77.26074666898403,39.027585039405245],[-77.2600687889224,39.03018147019974],[-77.2591357768921,39.030376335297625],[-77.27372696211644,39.033618738922556],[-77.28340035994516,39.03880845805743],[-77.28433341511338,39.03861341039574],[-77.28763812429808,39.03270556520511],[-77.287808447995,39.03374403146761],[-77.28942056754242,39.03432758521255],[-77.29255908538964,39.03413159412615],[-77.29493254097785,39.03179388996867],[-77.2983246414173,39.03062402049185],[-77.29823874183627,39.02926098956732],[-77.29908572108,39.02770280077392],[-77.29993540539624,39.029519826674914],[-77.29891929184022,39.03172718232686],[-77.29612049378328,39.032312632330665],[-77.29137230036835,39.035300429541984],[-77.28806339499933,39.03445792468887],[-77.28399485086588,39.0399116928706],[-77.29188701663072,39.043478655780724],[-77.2920574262519,39.04451711812591],[-77.2928201089608,39.043283544210446],[-77.30181532730288,39.04600560446928],[-77.30308668224943,39.044512083349495],[-77.30571679325955,39.04457564640334],[-77.30223959293292,39.046070303887056],[-77.30274986179734,39.04749803364517],[-77.30071446281977,39.04853756414987],[-77.30181815682317,39.049380835922264],[-77.30266672823728,39.04951023336583],[-77.30376753945909,39.04697825595698],[-77.31488511690836,39.05002282098371],[-77.31548017728804,39.051125907177905],[-77.31251004474434,39.050673297000436],[-77.31191668238141,39.05125781306784],[-77.3176035044752,39.05313677358318],[-77.32031843603814,39.05287543337562],[-77.3290645391133,39.05825693153324],[-77.33330818674784,39.0589029311858],[-77.34009357253501,39.0565609927287],[-77.33628100007913,39.06104266367021],[-77.33449903008238,39.06110892784309],[-77.33381915589034,39.060330536456505],[-77.33365026664785,39.06097974758714],[-77.33899843795723,39.06246853423057],[-77.33747869780707,39.06831149444181],[-77.33357443023453,39.06805483440149],[-77.33425654245501,39.07052085003394],[-77.33035424541275,39.07195171097992],[-77.32942294211655,39.07383472840516],[-77.32823407298262,39.0733163008423],[-77.32992980369009,39.07188710729307],[-77.3300122080542,39.069874881419615],[-77.33221670723972,39.068185657118555],[-77.32016048781092,39.06365033756958],[-77.31829212448923,39.06235334572375],[-77.31684643035432,39.05943335651169],[-77.31446935951645,39.05839625211416],[-77.30929267769208,39.05794485187147],[-77.30827801595603,39.061839914505875],[-77.30878378367,39.05820476488307],[-77.30097656486748,39.05768951988218],[-77.29520520546413,39.05613437587457],[-77.29681788092806,39.05671783586135],[-77.294952623427,39.05879573180806],[-77.29521025168093,39.062884853069846],[-77.29648462002221,39.064766635842155],[-77.2978423433716,39.06463620365251],[-77.29784366621544,39.06632382471994],[-77.29903220415578,39.06684254235303],[-77.30158134352018,39.07060601972919],[-77.29979910753897,39.070671786329235],[-77.29988234469312,39.0686595809802],[-77.2976744417277,39.06697298759616],[-77.2958961243019,39.0721015651092],[-77.29385993826041,39.07314098784855],[-77.29538834922302,39.07404904735009],[-77.29471002315752,39.07495806393281],[-77.29241860210767,39.075283578802164],[-77.2920800114653,39.076581891728075],[-77.29122997333118,39.07476479711535],[-77.28690110455986,39.07444193293093],[-77.28698898687644,39.07918023216793],[-77.29013059234035,39.080671926492776],[-77.29089601074028,39.08281360833359],[-77.29072668578704,39.08346276369697],[-77.28792473628313,39.08236040779622],[-77.28775865274507,39.08807244108727],[-77.28673921966208,39.08690446341225],[-77.28733091744822,39.082944809740866],[-77.28639624378258,39.08145225511498],[-77.2846137280788,39.081517804045745],[-77.28274748504856,39.08359552605552],[-77.27663639107269,39.08502542737674],[-77.27714643041291,39.08645327224235],[-77.27510957404583,39.08749239046459],[-77.27392240451915,39.09034869890997],[-77.27409498251558,39.096450084907474],[-77.27536939267009,39.098332095832596],[-77.27443710600997,39.10190234244742],[-77.27324741799609,39.09969575398748],[-77.27154921074393,39.09943654901908],[-77.27392624354658,39.09878685039919],[-77.27281841202837,39.089505173087154],[-77.27476982986443,39.08710303093604],[-77.27621274166378,39.08664826757567],[-77.2760424596793,39.08560977566906],[-77.27502324946758,39.08444170244072],[-77.2709481333339,39.08314458085305],[-77.2703541715729,39.08372890175762],[-77.2687411092168,39.08314509542362],[-77.26661945364546,39.08450863654822],[-77.26313902132007,39.08431458273008],[-77.26195192284838,39.08885840340716],[-77.26016920347311,39.08892360182129],[-77.25634964478729,39.0917152151184],[-77.25431203128653,39.091066363973646],[-77.25414266858317,39.09340310018697],[-77.25269948454421,39.09385760788654],[-77.250237348672,39.09314382051938],[-77.24896424464039,39.096324444284974],[-77.2513418640802,39.0990504404961],[-77.25448359665894,39.10054304139455],[-77.2540593619225,39.102165810776185],[-77.25737134000859,39.10469686511478],[-77.25609940739643,39.11294047538836],[-77.25491009566575,39.11073370679236],[-77.25601279541223,39.10482685601365],[-77.24913416468378,39.09736297533586],[-77.24777590294346,39.099180507634316],[-77.24981368563869,39.099829466919175],[-77.24998362602246,39.100867997499655],[-77.24709689127431,39.10177690088384],[-77.24752158835754,39.10352942083277],[-77.2460781617343,39.10398385252877],[-77.24539904448991,39.10658023888812],[-77.2469276938137,39.10917653483178],[-77.24522935890833,39.10891696984277],[-77.24438003283645,39.10541190980038],[-77.24217233213253,39.10541195256122],[-77.2401344270202,39.10813813575546],[-77.23750207271218,39.10807318332079],[-77.2369077301392,39.10696971243768],[-77.2354641687725,39.10742402119333],[-77.23614342945045,39.108202957169325],[-77.23512427701527,39.110409821762],[-77.2379265751245,39.109825738159515],[-77.2373320474587,39.11209753994209],[-77.23937006439937,39.114434308583746],[-77.23580344429953,39.11287639607827],[-77.23546391767096,39.11079929135241],[-77.23427496154525,39.111967597250825],[-77.2347847813347,39.10833271617338],[-77.23334117960606,39.10878700039747],[-77.23240688973735,39.11066930276013],[-77.23019902926491,39.11066913289598],[-77.2292646337661,39.11255141233046],[-77.2267167835465,39.113849330312874],[-77.22629185077237,39.115472009027805],[-77.22714105948735,39.11560192393051],[-77.22586689901203,39.1170946868043],[-77.22705575337405,39.11761409772565],[-77.2265458144234,39.11956131489452],[-77.22382805412755,39.11982060885366],[-77.2243369154496,39.12293631904835],[-77.22340261604819,39.12313091898694],[-77.22374185537328,39.125208061653346],[-77.22340180432968,39.1265061994654],[-77.22204279105118,39.126635819686406],[-77.22195733071923,39.12864799436035],[-77.22127803097915,39.12786897776358],[-77.21940928386158,39.12825812504162],[-77.22246788407871,39.125013151932066],[-77.22153400222567,39.12352009782677],[-77.22348802984817,39.12111874551959],[-77.22280878410908,39.120339738445914],[-77.21669398147489,39.12007906325669],[-77.21643886786724,39.12105265122764],[-77.21474036431384,39.12079266915807],[-77.21406059256,39.12170125323314],[-77.20964420111102,39.1217002226817],[-77.20964202438864,39.12676314262414],[-77.20836806367132,39.12656808839397],[-77.2089621329675,39.12767169989971],[-77.20615810683671,39.12994277424776],[-77.2065819806348,39.13169544354873],[-77.20522284024607,39.131824880085084],[-77.20496753158588,39.132798446785145],[-77.2021649815187,39.1316941473673],[-77.20352586052543,39.128189460581865],[-77.2062440064357,39.127930609939945],[-77.20887853917522,39.12462094311773],[-77.20828449610313,39.12351733188058],[-77.20717997924204,39.1243608575944],[-77.20208437244155,39.12358046189874],[-77.20131930568002,39.12481349646056],[-77.20140533326952,39.122801337547536],[-77.20420838049007,39.12221801257768],[-77.2065859641074,39.12325723829994],[-77.2076912419943,39.12072607896514],[-77.20972999438506,39.11968805925314],[-77.21440078806056,39.12040314220424],[-77.21677901782427,39.11975453385821],[-77.21711915562285,39.118456415889455],[-77.2207706673475,39.119690333921206],[-77.22442268526278,39.11923650635249],[-77.22552799322527,39.11332991653237],[-77.22349004883603,39.11268055746973],[-77.22289546386936,39.11326465476275],[-77.22085800974685,39.11092761664512],[-77.21729195891567,39.10936917419972],[-77.21865014146958,39.11092724169148],[-77.21279127553812,39.10969278450396],[-77.21245110143455,39.11099088841507],[-77.21134750927968,39.11014681345472],[-77.210922254842,39.11176943845366],[-77.20778016343986,39.11196336918719],[-77.20565652224012,39.11332587678359],[-77.2065064672805,39.1117682964513],[-77.20294068312636,39.110209442130795],[-77.20277139345801,39.109170845506135],[-77.20039432545302,39.10813154971158],[-77.19962939271197,39.109364570152266],[-77.19793122263353,39.109104359071665],[-77.19818654231938,39.10813081135732],[-77.20073470160898,39.10683347951602],[-77.20370643190094,39.10728876648226],[-77.20353540352434,39.10962544062492],[-77.2057432321331,39.10962608399196],[-77.20795029602368,39.11131432357582],[-77.20820548919897,39.11034075487528],[-77.21066849633286,39.109367741736726],[-77.2118571155491,39.10988729718949],[-77.21211225135133,39.10891372073961],[-77.20752805726708,39.106186396817456],[-77.20786829684116,39.104888307580254],[-77.20642539543667,39.103654645468204],[-77.20744454841844,39.10313565186176],[-77.20965072945776,39.10651149300697],[-77.21143392553866,39.10644701897531],[-77.21219729509903,39.108589195180606],[-77.2176320389211,39.10807105745213],[-77.2182260976873,39.10917462069788],[-77.22077346881026,39.10956451280642],[-77.22340545646892,39.1113174549583],[-77.22357504616146,39.11235602389347],[-77.22697173409811,39.11287572263286],[-77.22850071926752,39.110409339315346],[-77.23189755982206,39.109241267898696],[-77.2339358049826,39.1065152191536],[-77.22688870008979,39.10307445007145],[-77.22289796892885,39.103138846216154],[-77.2228133987809,39.10177574580602],[-77.22094533107642,39.10216491418129],[-77.21933275691228,39.09989283229315],[-77.22281381817959,39.100088113402535],[-77.22213434112231,39.10099673796706],[-77.22400198062834,39.1022951843859],[-77.23045488968486,39.102944982016105],[-77.23053960457287,39.10430807752804],[-77.23325658375664,39.10573627136921],[-77.23580403259064,39.10443822141244],[-77.23631340562203,39.10586623894767],[-77.23792671180185,39.10645046863077],[-77.2434459526433,39.10391902599674],[-77.24565360797722,39.10391896061894],[-77.24573838290617,39.101906779430536],[-77.24786093842091,39.10054359034112],[-77.24607791968936,39.10060858678719],[-77.24505898087651,39.09944026459823],[-77.24752112471441,39.09846652347806],[-77.24853955487445,39.09457193166318],[-77.24582280787027,39.09483170509296],[-77.24353047950423,39.09346868934198],[-77.24336064866284,39.09243015139584],[-77.24191741651397,39.09288453382355],[-77.23818198538467,39.09197578552868],[-77.23521079693748,39.08983369484605],[-77.23249417947207,39.09009317672752],[-77.23028669844969,39.091780637655994],[-77.22621162942025,39.09216967691991],[-77.22400393940511,39.09385702692185],[-77.22179658983971,39.0938567078405],[-77.2215416366784,39.09483030136187],[-77.22043865890596,39.09229867979695],[-77.2237494134481,39.093142994784294],[-77.22697593002358,39.090936497011675],[-77.23003211802622,39.091066618663575],[-77.23088128015381,39.08950887836201],[-77.23495617494886,39.08911968620026],[-77.23563538060549,39.08821099359583],[-77.23648418560285,39.09002847269929],[-77.23818204777598,39.09028815622084],[-77.23954032157792,39.0918459898046],[-77.24319082267627,39.0913916134202],[-77.24522844724623,39.09372827677634],[-77.24692642712054,39.09398784102843],[-77.24896386855171,39.09294918345613],[-77.24887882127148,39.09158610346028],[-77.25303885933921,39.09255939821254],[-77.25371757254851,39.08996297703408],[-77.25583997719595,39.09028728354096],[-77.25855610764002,39.08833966273542],[-77.26084809197086,39.088014771502465],[-77.26161176101111,39.086781379654255],[-77.26084716393962,39.0846395159869],[-77.262544483789,39.083211239398665],[-77.26373304588371,39.08373029624601],[-77.26534551253178,39.08262654079778],[-77.26704330481664,39.0828858297013],[-77.26763666465389,39.08061389850457],[-77.26823125824875,39.081717216945314],[-77.27476825521063,39.08372777613229],[-77.27629582746758,39.08294844531626],[-77.2796915173058,39.08346670078433],[-77.28359443749089,39.08034980199496],[-77.2842739609089,39.08112847092976],[-77.28783897061369,39.08099735725885],[-77.28597073827294,39.079699875376484],[-77.28681750136155,39.07645413167757],[-77.28571357027829,39.07561072256552],[-77.2860522701265,39.07431242721875],[-77.28418524736415,39.074702543815185],[-77.2863062870715,39.07333870530437],[-77.28019429918497,39.07139353185895],[-77.28095746526505,39.070160024932825],[-77.28350479492482,39.07223625179575],[-77.28613589204745,39.072300229771834],[-77.28757952347607,39.07353295906239],[-77.2913146238058,39.07444021962816],[-77.29343552206383,39.07307625949937],[-77.29385870779454,39.07145336466498],[-77.2952165607701,39.07132296101178],[-77.29665514523926,39.06580509576639],[-77.29325894318694,39.063599684670564],[-77.29436029547117,39.06106778435895],[-77.29317067101333,39.05886140319693],[-77.29384886612448,39.05795239764539],[-77.29240543779768,39.056719744633696],[-77.29350793757953,39.05587547295458],[-77.29172487480687,39.054253505572966],[-77.28187950233931,39.04971356025391],[-77.27975636067488,39.046014468918386],[-77.27220476218106,39.04452371289605],[-77.2652465826847,39.04076059452831],[-77.26142879463558,39.0401771110819],[-77.25455667641496,39.037776454622076],[-77.25277492645212,39.036153933424195],[-77.24938163803263,39.03563494693563],[-77.24785444705309,39.0330387157489],[-77.24276475931664,39.03057238866559],[-77.24140754837099,39.02732699683252],[-77.23776039623499,39.02440609599177],[-77.23776054046381,39.021030878152246],[-77.23708198874408,39.02193957162726],[-77.23597946201852,39.021095728822544],[-77.23665801964043,39.02018704149885],[-77.2378453670044,39.020706340168324],[-77.2403897668436,39.0177206081405],[-77.24072900609525,39.01642244948487],[-77.2398809310785,39.016292629702846],[-77.24140744827137,39.01382613022057],[-77.24022017275156,39.01499447274099],[-77.23894808769867,39.01479973572939],[-77.23996578451079,39.01259287736511],[-77.23835454365492,39.01200868387935],[-77.24234026133546,39.01194379267828],[-77.24691883806899,39.00285655172899],[-77.24768200739072,39.003310866986034],[-77.24988660958822,39.00331072641242],[-77.2481907356111,39.00305120670507],[-77.24802104931997,39.00201269143645],[-77.24607078946718,39.00103917130364],[-77.25039510893309,39.00136345381107],[-77.25166648868331,38.998182867810776],[-77.25251437361696,38.998312606718805],[-77.25225963788105,38.995911042973276],[-77.2467486247433,38.99506762561592],[-77.24607030676869,38.99428876299316],[-77.24751124903176,38.9904591388498],[-77.24420458160328,38.98286507544941],[-77.24038999987815,38.98228095079074],[-77.24022047334786,38.9812424282305],[-77.23928803566305,38.981437142684285],[-77.23632132784147,38.97929511871239],[-77.2360669703759,38.980268723019186],[-77.23479550347398,38.980073944528705],[-77.23360850412678,38.98292981559162],[-77.23225219046549,38.98305954409419],[-77.22572576325481,38.97935918580903],[-77.22445510119181,38.9757891078317],[-77.21750487969963,38.975398548673034],[-77.21665788562572,38.97358097513599],[-77.21487794967486,38.97364552265217],[-77.21386003677262,38.975852161837146],[-77.2106382250437,38.978058276151216],[-77.20809551151426,38.97766818526961],[-77.20809627149845,38.97598058872618],[-77.2043681098064,38.97338324632774],[-77.20242009284233,38.97072144967362],[-77.19742024107477,38.96961637222351],[-77.19453805629621,38.97052403467353],[-77.18936837271983,38.97006764429494],[-77.18741975379419,38.96909320773901],[-77.17962153966077,38.97025793892726],[-77.17606326443814,38.96869835151566],[-77.17445196860984,38.96980092714642],[-77.17182467696537,38.96973458562672],[-77.167754434421,38.971809294942126],[-77.15461969226106,38.969788727580834],[-77.15097473917741,38.97024049331278],[-77.14690823163241,38.968939330346984],[-77.14978249929077,38.974783152469506],[-77.15181592385161,38.975433704050616],[-77.15350878390299,38.97738213487634],[-77.15605119442948,38.97777334408581],[-77.15732047245724,38.97965652566768],[-77.15986298293355,38.98004765692369],[-77.15994623243517,38.98141077136318],[-77.15808091885222,38.98179898693403],[-77.1590968135032,38.982967997983444],[-77.15867113724637,38.98459040820354],[-77.16036626096408,38.984851149908216],[-77.16087331623056,38.98627944655324],[-77.15951681085939,38.98640838022543],[-77.15959817623413,38.98945909530159],[-77.1585802743587,38.989977686380485],[-77.15883950761179,38.98562904230643],[-77.15723145547062,38.983356200880124],[-77.15316206907144,38.983742837848354],[-77.1519718063156,38.986597928697705],[-77.14900319862394,38.98782901324908],[-77.14781054743055,38.99237166566002],[-77.14636870407016,38.99282493061906],[-77.14526323606867,38.99535548707905],[-77.14144879597787,38.994768320633895],[-77.14076696470654,38.997364084349655],[-77.13720579246404,38.997490977227564],[-77.13686479445731,38.998788848323784],[-77.13618761862438,38.99800938530976],[-77.13177873841293,38.99800558917433],[-77.13177620785544,38.999693190457755],[-77.12991027527532,39.00008098372887],[-77.12939856025943,39.00202776085426],[-77.13219500969859,39.00313367400945],[-77.13227776717108,39.004496811864044],[-77.12973455061956,39.0041051140003],[-77.12999041436149,39.003131724611166],[-77.1264289410099,39.00325830844765],[-77.12633300972571,39.010333182592085],[-77.12429613304982,39.01136981420881],[-77.12344287666944,39.014614409231555],[-77.12285102851058,39.01351041221878],[-77.12107003308701,39.01357361460557],[-77.12268310750433,39.01247172478649],[-77.12268584947178,39.01078412024064],[-77.1239575521021,39.01098004808862],[-77.12429883755313,39.009682209929004],[-77.12514662859886,39.009812818903576],[-77.12591444368393,39.00689267530447],[-77.12430424618331,39.00630700274866],[-77.12447757652086,39.00397048103262],[-77.12210506531333,39.002929707970814],[-77.12023899817532,39.00331735607387],[-77.11922344386066,39.00214802334139],[-77.12041245195485,39.00098084115127],[-77.12354726008145,39.00247672414174],[-77.12498943688897,39.002023723591506],[-77.12778581914375,39.00312973606365],[-77.12940373172675,38.998652557587675],[-77.13161072573475,38.9969669164011],[-77.12822013216501,38.996444623420594],[-77.12626896796432,38.99715682339134],[-77.12610103590652,38.99611814330172],[-77.12220415048814,38.994167245398735],[-77.11601497768916,38.99422608231175],[-77.11576186021504,38.99351184177637],[-77.1177983585395,38.992475353121044],[-77.11771588601164,38.99111220821763],[-77.11932569420524,38.991697964813916],[-77.11898440440375,38.99299578559047],[-77.122121593498,38.99280410306367],[-77.1266101473393,38.99585898174298],[-77.13271418438808,38.99612408126217],[-77.1358490361493,38.9976196524535],[-77.13703770349504,38.996452311885534],[-77.13830919424593,38.996648092285305],[-77.14085683605158,38.99366441297117],[-77.13984342838319,38.99080765117497],[-77.14111482804073,38.991003402663665],[-77.14416217764877,38.99451083306825],[-77.14688208023573,38.98919048715915],[-77.14832384837779,38.98873721649379],[-77.14756145270977,38.988282291741896],[-77.14841118054431,38.986725142807636],[-77.15248280888278,38.984651063282634],[-77.15239969548388,38.98328794316532],[-77.1534175478256,38.98276940330799],[-77.15596014608779,38.983160614705724],[-77.1558769692527,38.981797497229266],[-77.15680963439164,38.98160340950756],[-77.15587894027138,38.98010990020173],[-77.15664130231274,38.98056477329206],[-77.1588452145925,38.98056624942387],[-77.15681158377585,38.979915812515245],[-77.15554231439461,38.97803262565464],[-77.15291474285898,38.97796588368697],[-77.15130704508795,38.97569296816106],[-77.14961216715665,38.97543210309558],[-77.1469060529052,38.97062692438167],[-77.14419581302015,38.96919687694199],[-77.14182644990672,38.96646889299098],[-77.14013182076091,38.966207898808165],[-77.14038741223226,38.96523449366809],[-77.1380183208387,38.96250643860046],[-77.13632379760271,38.96224539256306],[-77.13344612469592,38.95977645136306],[-77.12837326369872,38.95224269617362],[-77.12812278458657,38.94984089637736],[-77.12626076706331,38.94854104321894],[-77.12643920201924,38.942829364261804],[-77.12102448004957,38.938280742039176],[-77.11806016568148,38.93782349174954],[-77.11882467731367,38.93659100870254],[-77.11467827288438,38.933925663103444],[-77.11206128639441,38.928795304311514],[-77.10698969345356,38.92294828945197],[-77.10132171862452,38.9193721494408],[-77.10191569518852,38.91878865253952],[-77.10039621262011,38.91619065707231],[-77.09608768728903,38.91079841554323],[-77.09160565522679,38.90774247072728],[-77.08390513621892,38.90520158769927],[-77.08094240120342,38.90474345238746],[-77.07848458233585,38.90571386272526],[-77.07687700288399,38.90512758369967],[-77.07602287893717,38.908371802152324],[-77.07415898920225,38.90875875226355],[-77.07390271091585,38.90973201311413],[-77.07711805106253,38.910904628193414],[-77.07685800479537,38.9135654742922],[-77.07440369078812,38.912848225770496],[-77.07423283194531,38.913497067066295],[-77.07296296526916,38.91330063275736],[-77.0727959867245,38.912261893287294],[-77.07483082457756,38.91122612174216],[-77.07364642578075,38.91070527355826],[-77.07297463532895,38.90823789782955],[-77.07441526064021,38.90778549100624],[-77.07416285145094,38.907071174543724],[-77.07594128340045,38.90700864598763],[-77.07645375948834,38.905062116139],[-77.06536424048676,38.903683866723135],[-77.06375270833217,38.9047849942561],[-77.06307718886897,38.90400514315189],[-77.06434686683846,38.90420167846649],[-77.06460325333825,38.9032284380671],[-77.06121750403483,38.9027043220786],[-77.06053785348443,38.903612033529384],[-77.05638691230666,38.904319903637706],[-77.05392011864294,38.90866498078966],[-77.05061531486196,38.90950374572156],[-77.05188067650352,38.911387986352615],[-77.05475798388744,38.91217122366148],[-77.05957653156997,38.91561843907141],[-77.05736608421093,38.91899035867054],[-77.05338095202083,38.92073689083209],[-77.05084108560371,38.92034358174653],[-77.04888230680048,38.92442971771812],[-77.05006233005979,38.9266383842961],[-77.04963455416181,38.928260406276635],[-77.04557220392577,38.92695593092914],[-77.04505874830683,38.92890233866786],[-77.04674766905829,38.93085221151371],[-77.05267050881918,38.93345763130451],[-77.04894117721459,38.93423080396223],[-77.04825661530002,38.936826035106904],[-77.05316639287607,38.93826152331111],[-77.0500992539168,38.94487739474457],[-77.04882890506137,38.944680712440324],[-77.04806312374198,38.945912765114386],[-77.04518001890182,38.946816954282085],[-77.04492321924387,38.947790160224244],[-77.04737842067897,38.948507995659334],[-77.04686486134484,38.95045441671672],[-77.0422784288019,38.95447142283293],[-77.04269733457812,38.956224595121114],[-77.0420979698033,38.95849539944403],[-77.04090840034985,38.95966182361392],[-77.04302605233968,38.9599897561177],[-77.04826630153173,38.965190606045034],[-77.04672976086754,38.96934229826234],[-77.0440124096967,38.97128524636288],[-77.04451708656268,38.972714014339694],[-77.04875320172356,38.97336972128731],[-77.04891997730132,38.97440850203345],[-77.05103809448916,38.97473629850902],[-77.05509890196514,38.97772819713306],[-77.05975905874888,38.978449070016715],[-77.06086306847153,38.97760687622785],[-77.06416674918266,38.978455424005986],[-77.06518516220461,38.9779376083538],[-77.06467187147368,38.979884111529735],[-77.06255354305422,38.979556547502725],[-77.06272466113256,38.978907716235554],[-77.0545040690085,38.978311474604794],[-77.04832512195703,38.97499174959563],[-77.04739673930021,38.97349742924145],[-77.04349859960742,38.973231659966984],[-77.04350317623265,38.97154406808999],[-77.0426559778075,38.97141290245683],[-77.04070464818864,38.972123754507486],[-77.04027174477717,38.97543334705744],[-77.04196161716642,38.977383298129865],[-77.04399414922402,38.97803561625329],[-77.04483688115475,38.97985436649397],[-77.04407066209772,38.98108640088635],[-77.04237604406715,38.980824071207614],[-77.04059113474322,38.982573713087],[-77.04753659675129,38.98466177501825],[-77.05024993258581,38.98440634079007],[-77.05202589548735,38.986031750014554],[-77.05541545588723,38.98655612313176],[-77.059404143972,38.98480950901398],[-77.06194630685941,38.9852026463305],[-77.06355142265207,38.98747672180872],[-77.06345351311857,38.99286393006151],[-77.0654826021908,38.99520349605715],[-77.06844892358744,38.99566200668427],[-77.07014794117649,38.994236382276505],[-77.07269049148391,38.994629300105515],[-77.07498419712354,38.9926202437684],[-77.0760844235392,38.99346551091885],[-77.07973474155588,38.991328345287805],[-77.08033320213042,38.989057348119026],[-77.08330667541006,38.986140309098104],[-77.08246290921045,38.98432181848175],[-77.08466693312637,38.98432461187147],[-77.08321754364515,38.988152336321455],[-77.08015848972336,38.99139380245027],[-77.0802402589091,38.99275697226127],[-77.07362354267536,38.99443583720301],[-77.07234835607571,38.9959269930972],[-77.06938199930102,38.99546857563273],[-77.0694635711485,38.99683175340454],[-77.0644639495989,38.99572131552987],[-77.06403608859316,38.9973434035932],[-77.0626792060276,38.997471279068364],[-77.06386493884868,38.99799223852173],[-77.06172946529749,39.00441505973528],[-77.06257708243996,39.00454609581668],[-77.06426003464415,39.009870955930595],[-77.0634938283984,39.011103116024266],[-77.06485096382028,39.01097523136463],[-77.0666359864705,39.009225232827774],[-77.06698232043104,39.00623995104856],[-77.06842492384173,39.0057876074122],[-77.06816822699851,39.00676087012548],[-77.07300146527494,39.006832407207376],[-77.07401634185304,39.00800211879355],[-77.07613555023984,39.0083294886159],[-77.07800198079138,39.00794250316792],[-77.07944829430181,39.005802429306684],[-77.08529652451726,39.00704314643713],[-77.084876299484,39.00529010457186],[-77.08691356749473,39.004254120751014],[-77.08683166033906,39.00289095286484],[-77.09090594827177,39.00081888858708],[-77.08750835268567,39.003670685616825],[-77.08563487996248,39.00743301770514],[-77.08724479092089,39.00801919184439],[-77.08952798389856,39.01107267093095],[-77.09368127940189,39.01205128390207],[-77.09469316986674,39.01490843192521],[-77.0955409686263,39.01503924316237],[-77.09537343408903,39.014000518579735],[-77.0966451193332,39.014196726269546],[-77.09715779654765,39.01225008045696],[-77.09842945600163,39.01244626981573],[-77.09816982633971,39.015107200237765],[-77.10385146529397,39.0153083239418],[-77.10605017281355,39.01868594878001],[-77.10732196877426,39.01888204726834],[-77.10791670986444,39.0182985129881],[-77.10952704086124,39.01888439921521],[-77.10978322702911,39.017911049163565],[-77.1146201759957,39.016293360407026],[-77.11427868681986,39.017591173352656],[-77.1155504858173,39.01778718752733],[-77.11571831723367,39.018825885505926],[-77.11283613463314,39.01804405061265],[-77.11181749940688,39.01856226051206],[-77.11114040792604,39.01778265840723],[-77.10927084783633,39.01985774889423],[-77.10774590228516,39.01894741053788],[-77.10570851948115,39.01998373866126],[-77.10562624235065,39.018620579723965],[-77.10317129467052,39.01621628392645],[-77.10215261618842,39.016734414382796],[-77.09986544404516,39.01536876945758],[-77.09969457151769,39.01601765561822],[-77.10172870060337,39.01666903204135],[-77.10155784164417,39.01731792090411],[-77.09994760952965,39.0167319314818],[-77.09986217241229,39.01705637471182],[-77.10214617878907,39.020109626234415],[-77.10256369647514,39.023550220976254],[-77.10434495226549,39.02348728393858],[-77.10518972000679,39.02530563714682],[-77.10875230994493,39.02517966214825],[-77.10849915606663,39.02446540323421],[-77.11197331608554,39.02635139343351],[-77.11180252578869,39.02700029742893],[-77.10909087550476,39.02556947063756],[-77.10637621105134,39.02582619284408],[-77.1053542761141,39.028031958876305],[-77.10654081281761,39.028552513238274],[-77.1077304561625,39.02738544749502],[-77.11391951175935,39.02901463221114],[-77.11578046633127,39.03200229666195],[-77.1148470453695,39.03219607760631],[-77.11458794597455,39.034857051045435],[-77.11636657884607,39.03648155254098],[-77.11416097290468,39.03647932203981],[-77.11357795034087,39.03031244596941],[-77.11044214739408,39.028816304425604],[-77.10789819803529,39.028424157693536],[-77.1059459768263,39.0291360419219],[-77.10450630823817,39.027901214362906],[-77.10459489973177,39.02588915904232],[-77.10290222127836,39.023940046231246],[-77.10120639281307,39.02367851811093],[-77.10035522259449,39.02523535291526],[-77.09899788358659,39.025363625946916],[-77.09729537270097,39.02847726072305],[-77.10034870102098,39.028610569428785],[-77.10085488250212,39.030039121041405],[-77.09737750481995,39.029840427408764],[-77.09559945859901,39.02821565583705],[-77.09670380868464,39.02737313658838],[-77.0954318928715,39.02717692907157],[-77.08864139279271,39.029505485462934],[-77.0865143470041,39.03255354594436],[-77.08430886123504,39.032550785326514],[-77.08839195980497,39.02710357683316],[-77.09008782204215,39.02736528009513],[-77.09034429825748,39.02639196880151],[-77.09492922440838,39.02406074849939],[-77.09772599672928,39.02516744199185],[-77.09798236296983,39.02419411528346],[-77.09765051002239,39.02042906292891],[-77.09595814474537,39.018479857232045],[-77.09663842658026,39.01757193642535],[-77.09231728157334,39.01555469251755],[-77.0917293585111,39.012762942715845],[-77.08876219305105,39.01230498715543],[-77.0852929152609,39.00873074900599],[-77.08249328983489,39.009311381145714],[-77.08012120537555,39.00826980495557],[-77.0742652346495,39.01040404872211],[-77.07392305313705,39.01170174932057],[-77.0768007593893,39.01417209036555],[-77.07662206227002,39.018196153986615],[-77.07500816325675,39.01929744629653],[-77.0744092875703,39.0215684287921],[-77.0730519712902,39.021696418149965],[-77.07117728634759,39.025458543100065],[-77.06981989177677,39.025586497212885],[-77.07144187198725,39.021110058668505],[-77.0758598065059,39.0177407868082],[-77.07552912813576,39.01397567943701],[-77.0729042295882,39.01221963941876],[-77.07240262956367,39.00910337540845],[-77.07045453329899,39.00812709693538],[-77.06816422038246,39.008448472092354],[-77.06747562303185,39.01273144127576],[-77.06348971309144,39.01279071902297],[-77.06129732630127,39.00772474215731],[-77.05808220217749,39.00486409912536],[-77.0601324180953,38.998765755103534],[-77.06225543819573,38.99740576217309],[-77.06098413927968,38.997209202811504],[-77.06158323350155,38.994938294001685],[-77.06040175277975,38.99272971505371],[-77.05870680470218,38.99246760789448],[-77.0566609197755,38.99687832337351],[-77.05445651673024,38.996875032644354],[-77.0570889424758,38.995256260853786],[-77.05752119885028,38.991946599625074],[-77.05981103931664,38.99162542164893],[-77.06117198585946,38.9898099804342],[-77.05964827203097,38.98889905589128],[-77.04939369083539,38.98765041210946],[-77.04490888663973,38.984592746289614],[-77.04270485633204,38.984589246877974],[-77.04471939964135,38.99199193793547],[-77.04429112037779,38.99361395695978],[-77.04276294324025,38.994390421985756],[-77.04190625013942,38.99763444668783],[-77.03987318926403,38.996982092388095],[-77.04344366354435,38.99348279626207],[-77.0440432745351,38.99121197346942],[-77.04328608816964,38.98906881191047],[-77.04176261380881,38.98815766792582],[-77.03997750983088,38.989907302957086],[-77.03760195234194,38.99055251390846],[-77.04210525814659,38.986860060872296],[-77.04117685180127,38.98536569128849],[-77.038463448359,38.9856209272016],[-77.03999148720266,38.984844516165765],[-77.03966281417806,38.98107933316129],[-77.04373722353994,38.97900882420276],[-77.04051941239526,38.97783533225173],[-77.03891991206658,38.97387337004536],[-77.04002875068694,38.97134377054197],[-77.04418367361922,38.97063644148142],[-77.04699560309363,38.96499390439134],[-77.04310709083497,38.961352943816365],[-77.04192210346086,38.96083178900848],[-77.04157957838429,38.96212939047253],[-77.0375060525259,38.96419982338142],[-77.0367351411212,38.967119399706775],[-77.02908648641105,38.97437623965347],[-77.03001450428604,38.97587069715928],[-77.02933378124469,38.97677824677019],[-77.0274728400363,38.97547690639699],[-77.02695855798409,38.97742325271665],[-77.02306028274974,38.97715684127939],[-77.02467904643554,38.97436863976727],[-77.02603556492616,38.97424118012061],[-77.02704923200231,38.97541126954466],[-77.02730636814543,38.974438096687415],[-77.02866288332844,38.97431060832014],[-77.0292627975439,38.97203986362077],[-77.03053357105604,38.97223674707457],[-77.03240898585257,38.9684752675921],[-77.03546444018306,38.96692257991037],[-77.03733946323462,38.96316102888082],[-77.04124166953784,38.96173940189879],[-77.04149856763168,38.96076620162151],[-77.03989007036076,38.960179438624216],[-77.04176007504897,38.95810541248903],[-77.0419405517588,38.95408143659663],[-77.04406260853484,38.95272176398821],[-77.04644588841028,38.94870125995412],[-77.04381947730131,38.948632208514866],[-77.04424750245812,38.947010202004805],[-77.04560800307513,38.94519494349554],[-77.04772525543284,38.945522795109504],[-77.04950908497054,38.94377306016958],[-77.04713960778832,38.942730864196065],[-77.04968023519302,38.94312425029277],[-77.05027481931576,38.9425409989413],[-77.05147273878393,38.93799931947303],[-77.04766206167926,38.93740927631903],[-77.04724314461224,38.935656125464874],[-77.04588738211208,38.93578381622213],[-77.04979238277276,38.93267434330924],[-77.04691431864802,38.93189098861119],[-77.04378869174955,38.928705605182415],[-77.04370767682592,38.927342424205044],[-77.04540558477372,38.92591715272644],[-77.04938231708917,38.92754603745015],[-77.04812120595415,38.92397418665952],[-77.0494856144656,38.920471311567496],[-77.05109770940618,38.91937036723221],[-77.05363754326915,38.91976367101103],[-77.05821693160242,38.91743384341208],[-77.05788338093629,38.915356323568496],[-77.05204735476434,38.912426753844755],[-77.0495977550889,38.91002143681743],[-77.0496021864378,38.90833385964254],[-77.05358239174865,38.908275028707536],[-77.05681439726915,38.9026978634941],[-77.05571576533809,38.9018524364695],[-77.05503605418204,38.90276011765896],[-77.05478385243651,38.90204576222086],[-77.05597654200577,38.89919163879913],[-77.05504896836044,38.89769739138117],[-77.05581841126073,38.894777729062135],[-77.05395909157161,38.89347680063347],[-77.05421125556715,38.894191156975175],[-77.05318958789707,38.89639645093389],[-77.05311278212069,38.893345707792875],[-77.0489667988411,38.892365754670664],[-77.04269608071037,38.894432910975304],[-77.03498913786888,38.895264141495495],[-77.03329174054883,38.896689264652714],[-77.02761954885308,38.89648491604614],[-77.02702515925786,38.89706805520796],[-77.02541818494493,38.89648110968192],[-77.02440062805033,38.89699859310709],[-77.02389687020305,38.895569758261615],[-77.01907619970459,38.893808738003166],[-77.01560554855911,38.893607758739456],[-77.01712153583668,38.89620678462105],[-77.01677887288405,38.89750430615186],[-77.01041576301859,38.90158178519465],[-77.01066752804641,38.90229623076967],[-77.01244589753982,38.90223461304289],[-77.01227451177175,38.90288336793363],[-77.00651074867184,38.90469000524814],[-77.00760885218052,38.90553586850604],[-77.00582495273416,38.907284991706845],[-77.00641416370051,38.90838952854807],[-77.00989084507869,38.90690319022324],[-77.0109890212016,38.90774902378424],[-77.01496922544737,38.90769143241561],[-77.01623363341713,38.90957603625544],[-77.01911048572676,38.910360100537545],[-77.01945316762323,38.9090625704255],[-77.0213979305755,38.9100396349342],[-77.02165491145132,38.909066482717805],[-77.02241569098273,38.9095221752911],[-77.02351908770248,38.908680321939464],[-77.02851211029788,38.90979239502103],[-77.02841663606925,38.913491937814136],[-77.02977201423872,38.913364438411485],[-77.03086565291021,38.91589767434099],[-77.02645678350419,38.91757771573849],[-77.02467805124108,38.917639534563676],[-77.02442609574223,38.916925116022334],[-77.0241641029123,38.91958585331334],[-77.02323187939672,38.919778942328996],[-77.02534329801331,38.921794753580016],[-77.02676960385688,38.926405638218206],[-77.02761625005955,38.926536911467856],[-77.02625564956159,38.92835196792738],[-77.02481932519376,38.92711623589935],[-77.02466302221589,38.92270227057132],[-77.02296983266957,38.92243967810844],[-77.02373579165406,38.921207784362906],[-77.02136741753668,38.92016509935095],[-77.02221904794301,38.91860883096305],[-77.01925615621104,38.91814922084568],[-77.01993645685215,38.91724173406697],[-77.0216295146202,38.91750436776499],[-77.0220578510044,38.91588244478898],[-77.01833425080973,38.91496711768711],[-77.01783048769249,38.913538254888046],[-77.01308919771331,38.913140192775806],[-77.01866667153942,38.91704474362948],[-77.01942238461679,38.919188033059015],[-77.01822277587706,38.923729391050045],[-77.02109002281985,38.927888570422716],[-77.01761256813212,38.92937522690538],[-77.01812676065231,38.9274289327516],[-77.01702820485261,38.926583160207926],[-77.01558685142635,38.92703490127486],[-77.01575304777181,38.92807371964612],[-77.01414548011797,38.92748662561764],[-77.0138026169483,38.92878414423775],[-77.01253264696561,38.92858709068333],[-77.01202890346512,38.92715820171488],[-77.01321312890228,38.92767963952104],[-77.01355599737491,38.92638212272518],[-77.01431690712108,38.92683786603786],[-77.01542065982242,38.92599608282718],[-77.01245751045245,38.92553630981466],[-77.0137326905549,38.92404578477346],[-77.01203950919718,38.92378304302669],[-77.01297709451711,38.92190245928321],[-77.01720996996602,38.922559238154875],[-77.01823309406416,38.920354233396246],[-77.01544155559826,38.91924576746076],[-77.01620760832618,38.91801392074311],[-77.01528061095505,38.916519372253106],[-77.01358233265815,38.9179442294261],[-77.0112999245218,38.916576973676726],[-77.0104587622323,38.914758012163006],[-77.01114978582967,38.91047542141962],[-77.00480163660075,38.90948989027674],[-77.0042872146665,38.91143612451489],[-77.00250861362012,38.91149762528119],[-77.00054179300153,38.917270569283],[-77.00053065537162,38.920645724016666],[-77.00281298882956,38.922013178720924],[-77.00280747241096,38.92370075706853],[-77.00373980026069,38.92350782149788],[-77.00347702794194,38.92616851736338],[-77.00245890033591,38.92668582268032],[-77.00296245278552,38.92811475042182],[-77.00118344325898,38.928176232318805],[-77.00221266202387,38.92428377930998],[-77.00102857057992,38.9237622367065],[-77.00162338618671,38.92317922018528],[-76.99976430980274,38.92187747430219],[-76.99968412651153,38.92051426596757],[-76.99807122927054,38.92161454192122],[-76.99536005027745,38.92186883313573],[-76.9947480856121,38.927514554911454],[-76.9932207675453,38.92829040241205],[-76.9947651952336,38.92245181951134],[-76.99340958674772,38.922578936401344],[-76.99324372165309,38.9215400888867],[-76.99595489579771,38.92128584395224],[-76.99833418264642,38.91895385913967],[-76.99741318116432,38.91577160017408],[-77.00013528170726,38.91214211187276],[-76.99750459456983,38.913759656227526],[-76.99589748996402,38.91317232679489],[-76.99988358595635,38.91142764400478],[-77.0013302777213,38.90928851094723],[-77.00293734043902,38.90987576966663],[-77.00454990424409,38.90877543212896],[-77.00446964581516,38.90741222924211],[-77.00320007369609,38.90721508068047],[-77.003543024198,38.90591759508861],[-77.00227348063652,38.905720437076816],[-77.00312535007765,38.90416430279299],[-77.00135247437984,38.9025382128655],[-77.00058633320045,38.90376996531064],[-76.99872216109942,38.904155781034525],[-76.99152841975378,38.90303810101645],[-76.99254054168024,38.90420846061459],[-76.99211161673568,38.905830279079176],[-76.99329535284093,38.90635190558947],[-76.99202582945482,38.90615464263461],[-76.99049312968745,38.908618028846064],[-76.98922357439534,38.9084207371399],[-76.98761078694244,38.90952087528013],[-76.9870900256816,38.91315461343584],[-76.98565466559208,38.911918430429175],[-76.98336700465053,38.91223823667047],[-76.98482012980682,38.90841172164404],[-76.98753084470421,38.90815766131826],[-76.98923523405524,38.90504558885511],[-76.99059052353584,38.90491851789121],[-76.9895784230737,38.90374814226749],[-76.99025895890367,38.902840820053505],[-76.9840833937279,38.9012055047695],[-76.98222519155621,38.899903499707186],[-76.97960060122233,38.89983308912225],[-76.97909770250081,38.898404071873074],[-76.97740524212841,38.8981408581486],[-76.97774860930086,38.896843445458295],[-76.97334586594631,38.896834022450086],[-76.97191106063136,38.895597682947695],[-76.96910858603712,38.897863319719356],[-76.96857436941133,38.9048721193628],[-76.96475970172918,38.90596710484956],[-76.96347740968206,38.909144695778956],[-76.96423782592584,38.9096007452443],[-76.96296832467054,38.90940318468129],[-76.96228738761029,38.91031035782272],[-76.9655009542428,38.911485866644355],[-76.96929073151394,38.91714115642471],[-76.97395234523506,38.91617766932429],[-76.97649165036154,38.91657255287415],[-76.97674925426402,38.91559949300585],[-76.97869361869587,38.91657722806862],[-76.97895119319654,38.91560416362552],[-76.97979762754741,38.91573576311836],[-76.97945420780805,38.9170331846516],[-76.98242279113161,38.915806169671065],[-76.98411568013069,38.91606931549258],[-76.98394400946447,38.91671803235761],[-76.98055218314185,38.917879288880314],[-76.97894512436758,38.91729173941731],[-76.97741785235915,38.918067391227424],[-76.9716582614049,38.91818483546299],[-76.97122878913706,38.919806584608615],[-76.97224081786176,38.920977112468314],[-76.97104449026497,38.92383043730669],[-76.97273131114201,38.92578131614592],[-76.97086642809197,38.926166714132805],[-76.96790987881451,38.92401829947945],[-76.96767111962163,38.919928612335426],[-76.96555497245792,38.91959939565018],[-76.96581273318473,38.91862635811812],[-76.97123503697082,38.918119008637156],[-76.96386848698879,38.91764842082235],[-76.9668373579282,38.91642177887961],[-76.96709509027713,38.91544873909201],[-76.96548819370675,38.91486101542184],[-76.9653227444347,38.91382213167157],[-76.96345812839468,38.91420741763923],[-76.96422500718829,38.91297589305855],[-76.96355047775323,38.912195499266815],[-76.95738128739978,38.90887127844319],[-76.95397610942092,38.91340695407737],[-76.95404878378032,38.91645776485383],[-76.95193279906076,38.91612831586125],[-76.95218404064022,38.91684288141724],[-76.95006805316778,38.916513400587185],[-76.94794529768579,38.917871457978144],[-76.9443876838094,38.917992817679085],[-76.94641768345623,38.918646727995615],[-76.946582874013,38.91968563761388],[-76.94496919314385,38.92078522261291],[-76.94293914689605,38.920131288397286],[-76.94250902364416,38.92175293842395],[-76.94445309255258,38.922731211127584],[-76.94486946051947,38.92448470503307],[-76.94833460812995,38.92637524174258],[-76.9468792073721,38.93020133802435],[-76.94974938030305,38.93267459122919],[-76.95195183376298,38.93267974131287],[-76.95254043292607,38.93378453774272],[-76.95355901428302,38.93326764180399],[-76.95584086097914,38.934635963187624],[-76.9572893075223,38.932497337582355],[-76.96177369033865,38.93387056586162],[-76.96134390540156,38.935492284211094],[-76.95753409163062,38.934899472573804],[-76.95726958978258,38.93756007436054],[-76.95396901247983,38.936708686587785],[-76.95533157063717,38.93489442161643],[-76.95261974821085,38.93514777884981],[-76.95287773682992,38.934174766163935],[-76.94949135519624,38.93364759720641],[-76.94738169339045,38.93163049187807],[-76.94509324527426,38.93194959279458],[-76.94744730922287,38.93636889250843],[-76.94642181670353,38.93857331744582],[-76.94819434275507,38.940200200450725],[-76.94843885268833,38.94260235595093],[-76.94954360577867,38.941761157425255],[-76.95216967835921,38.94183220471927],[-76.95336037761633,38.94066663482373],[-76.9559864144405,38.94073760130361],[-76.95809002402778,38.9444421437904],[-76.96054425540777,38.94516169714853],[-76.96156293910813,38.944644734660336],[-76.96401079415615,38.94705180124471],[-76.96587624847578,38.946666505230766],[-76.9656247695903,38.94595196450604],[-76.9676620724844,38.94491794764647],[-76.97130688864115,38.94447156889862],[-76.97207395344553,38.94323999070624],[-76.9734299838455,38.94311310668543],[-76.97514195316928,38.938313632635285],[-76.9736203938936,38.93740165929768],[-76.97387810985772,38.936428602650345],[-76.97514811189608,38.93662605222234],[-76.97643037858548,38.93344832893403],[-76.97939362224764,38.93390896321659],[-76.9793996820674,38.93222138362123],[-76.98109294177067,38.93248457129458],[-76.98117279018955,38.933847793837174],[-76.97930774523287,38.93423331918378],[-76.97963914032334,38.93631105498482],[-76.9777740241525,38.93669655740042],[-76.97674332343946,38.940588814089246],[-76.98554818595711,38.942294844192176],[-76.99124118620372,38.93743837363919],[-76.99352387157225,38.938806002436216],[-76.99131544601013,38.940489172277005],[-76.99004533276124,38.9402918881408],[-76.98596565552765,38.94404820467507],[-76.98300195761693,38.943587726753655],[-76.98275032129476,38.94287322106858],[-76.98097093412515,38.94293441315253],[-76.98028990778235,38.943841689266456],[-76.97970080625805,38.942737023027135],[-76.97885405817284,38.9426054223882],[-76.9785963868484,38.94357849021248],[-76.97792141985552,38.942798171365475],[-76.97478600951874,38.94298620784311],[-76.97546094464988,38.94376654377111],[-76.97350970043766,38.94447633617346],[-76.97325195106187,38.94544939315119],[-76.96612773229769,38.947381045518156],[-76.96611499452892,38.95075621094044],[-76.97095066873611,38.94914413714935],[-76.97475516836843,38.95142412135452],[-76.97296935513066,38.95317278266784],[-76.97449123589485,38.954084766024444],[-76.97414754066115,38.95538217973783],[-76.97660842594588,38.95441383177687],[-76.97931481902292,38.95584753417542],[-76.9853527758758,38.94969389738361],[-76.98993041419637,38.94905416611424],[-76.99002207618368,38.94704221852004],[-76.99112641607012,38.946200649202495],[-76.994090271721,38.946660933181846],[-76.99128652174686,38.94892708678849],[-76.99196168881306,38.949707333581046],[-76.99416466033033,38.94971173407353],[-76.9966137635852,38.95211815891418],[-76.9994062758782,38.95322705370327],[-77.0001617974798,38.95537047120614],[-76.9957611937861,38.95367425861158],[-76.9955952242835,38.95263540975554],[-76.99246519445603,38.95113630851856],[-76.9892436093036,38.951649076466346],[-76.98721230489595,38.95099586431277],[-76.9837330547902,38.95248157556468],[-76.98262254743024,38.95501066458117],[-76.98855090608225,38.95593156925392],[-76.99125759077793,38.957365011436536],[-76.99023894000143,38.95788221869424],[-76.98194142869268,38.95591795132497],[-76.97981811886527,38.957276561692574],[-76.97761491930467,38.957271906429455],[-76.97693983586238,38.95649158071572],[-76.97634455037056,38.95707448153561],[-76.97760881602154,38.958959491915586],[-76.97726515333899,38.96025691518241],[-76.98038922309144,38.9634439886043],[-76.98053689221216,38.969545622925814],[-76.98484626769532,38.973254330393765],[-76.9907018690496,38.971124317423666],[-76.99146888654283,38.96989261456219],[-76.99375832409332,38.969572656245],[-76.99494881103568,38.96840668257489],[-76.9957958883856,38.96853817383581],[-76.99502895839564,38.96976990319311],[-76.99579020573077,38.970225762982906],[-76.9987550692687,38.97068593712931],[-77.0030819826612,38.96933124217845],[-77.0034142162862,38.971408924870516],[-77.00138223320516,38.97075594285569],[-76.99892112503936,38.971724784507266],[-76.9982456791093,38.970944573083415],[-76.99765044605896,38.97152757735582],[-76.99223011286234,38.970348496199755],[-76.98798295604347,38.97306603878525],[-76.98671228329394,38.9728687195918],[-76.98509802964355,38.9739688349843],[-76.98391325248078,38.97344712528089],[-76.98466852767613,38.975590643491344],[-76.98873250031421,38.976897122609444],[-76.98847483966044,38.97787021582127],[-76.99008331316351,38.97845764682565],[-76.99032933440787,38.9808597329487],[-76.9938899447238,38.980737054062075],[-76.99414754311644,38.979763949185354],[-76.99550421559132,38.97963682318191],[-77.00311818014947,38.9841951899347],[-77.00430875633694,38.983029123896685],[-77.00651273737431,38.983033305143564],[-77.0093173272253,38.980766796024696],[-77.01304946442636,38.97999480959472],[-77.01270633431135,38.98129233500799],[-77.01143545091769,38.98109526872914],[-77.01075444730117,38.98200271713197],[-77.00795525632797,38.98258166588273],[-77.00667893207454,38.984072144079526],[-77.00387962907133,38.984651001093404],[-77.007000487644,38.989525010536596],[-77.00477988257185,38.99458362410338],[-77.00723626683045,38.99530225898804],[-77.01037919401662,38.9934258045823],[-77.01394038539628,38.993302550231434],[-77.00876484216653,38.99452623127193],[-77.00893109527725,38.9955650690448],[-77.01054012511267,38.99615223651039],[-77.01061525415211,38.9992030501457],[-77.01162902100778,39.00037327002583],[-77.0129860472414,39.00024595251633],[-77.01441836134549,39.00316943342427],[-77.01687513071492,39.00388787854814],[-77.01763169319247,39.00603120615109],[-77.02127416987186,39.007270955002255],[-77.0232165334312,39.00993560562463],[-77.02610241293546,39.009031918261975],[-77.0261981302506,39.00533232572639],[-77.02925526519105,39.003779782137],[-77.02635470393533,39.009746343070645],[-77.0305070729415,39.01072706883923],[-77.03143558378025,39.01222152421975],[-77.03474527555358,39.011383257881334],[-77.03584531807535,39.01222888414469],[-77.0321117689809,39.01300155996317],[-77.03151160585935,39.01527233299767],[-77.03304034182499,39.014496003895395],[-77.03472614491587,39.018133668848115],[-77.03310679231733,39.020922020656435],[-77.033949748921,39.022740857193824],[-77.03878401524601,39.02281372656057],[-77.03869360677623,39.024825733419384],[-77.04115134745679,39.02554370065904],[-77.04174205307312,39.02664808889074],[-77.0438616594154,39.0269760105863],[-77.04734324430935,39.02548859610869],[-77.04988233205374,39.02756958964438],[-77.04996357438182,39.02893278730948],[-77.05157367366542,39.02951942603106],[-77.05021174434022,39.03133477366477],[-77.04936383723816,39.03120365258309],[-77.04843918124395,39.02802171942344],[-77.04402848805721,39.02801480674781],[-77.04605793294913,39.03035470356479],[-77.0459677163627,39.03236671825182],[-77.04486270276254,39.03320878691046],[-77.04393821822359,39.03002681916857],[-77.04232816930708,39.029440081407415],[-77.04182314178068,39.028011291665884],[-77.04037993210581,39.0284633278231],[-77.03699798895451,39.02456332848409],[-77.03521664898605,39.02462529948802],[-77.03242568619316,39.021829593696836],[-77.03106829129216,39.02195712414782],[-77.03131581337374,39.02435914541612],[-77.03105855437616,39.025332334282545],[-77.03021075180698,39.025201082571556],[-77.03097279984692,39.025656730488],[-77.02951976057732,39.02948385272095],[-77.03053425376292,39.03065392398142],[-77.03010053901149,39.033963511937486],[-77.03119600298245,39.03649679099359],[-77.03348254942043,39.03786370527877],[-77.03390172355603,39.0396169303073],[-77.03712216207326,39.040790605518524],[-77.03847520037792,39.04235061892929],[-77.04423995383634,39.04391767987169],[-77.04423538975716,39.04560529147577],[-77.0420295099033,39.0456017800528],[-77.03669342588336,39.04241261130657],[-77.03414939936278,39.0420189530824],[-77.02975255883399,39.03694870429498],[-77.03009564740255,39.03565112012808],[-77.02865713834166,39.03441541231364],[-77.02942908749014,39.03149585506876],[-77.02782406725589,39.02922132232038],[-77.02937276786847,39.02169461522132],[-77.03123979000944,39.02130833196189],[-77.03209239349208,39.019751972307624],[-77.0302449646894,39.013387855808105],[-77.02736887093121,39.010916436376625],[-77.02634972704872,39.011433944338236],[-77.02397837773148,39.01039129531786],[-77.02211159724501,39.01077746871184],[-77.02184918169827,39.01343823796866],[-77.02066349812789,39.012916875950104],[-77.02101683696677,39.008244120337956],[-77.01695053342983,39.00693869209666],[-77.01543224465269,39.00433962298446],[-77.01407514633584,39.004466967316695],[-77.01323289840039,39.00264800131131],[-77.01229958147047,39.002841010491444],[-77.01027199002465,39.000500572703935],[-77.00875945830832,38.996213827708054],[-77.0052839505487,38.99601255662183],[-77.0038466466723,38.99477656948787],[-77.0060618764459,38.991405567513354],[-77.00615314572293,38.98939359534406],[-77.00496796645643,38.98887208544061],[-77.00438361056167,38.986079935060246],[-77.0030268334742,38.98620715825308],[-77.00184727203067,38.98399802538623],[-76.99617971280937,38.980417050550756],[-76.99482302696842,38.98054418395336],[-76.99456543484675,38.981517290347846],[-76.9889726300958,38.98098680240629],[-76.98915024511214,38.97865048123848],[-76.98736998850855,38.97871176544167],[-76.98771355818673,38.977414310631936],[-76.98246477335937,38.97558607434379],[-76.98111417717806,38.97402546788627],[-76.98213311875503,38.97350833431346],[-76.98154374911489,38.972403672063464],[-76.97722847923112,38.97038243869058],[-76.97833332119792,38.9695409804149],[-76.97689699782272,38.96830468628832],[-76.97842532956848,38.96752903541068],[-76.97860325030058,38.9651927340706],[-76.97724681756054,38.96531967504584],[-76.97674351258507,38.96389063541854],[-76.97259454061845,38.962908118894376],[-76.9730915487288,38.966024762151434],[-76.9742761274931,38.96654657459188],[-76.97273533790994,38.970697350148534],[-76.97053800089638,38.96900498104926],[-76.97053173253154,38.970692569097416],[-76.96824215771555,38.97101209893114],[-76.97061142504424,38.9720558059063],[-76.97043950194151,38.97270450919104],[-76.96823583594096,38.97269968736882],[-76.97026757577387,38.973353212300644],[-76.96940789895919,38.9765967252254],[-76.96847480000521,38.9767894041336],[-76.96974549174138,38.97698691018221],[-76.96957354927,38.9776356127491],[-76.96804491092767,38.978411155773564],[-76.96736973400544,38.977630775544405],[-76.96668821339304,38.978537981576906],[-76.96787294993165,38.979059856124266],[-76.96727106230158,38.981330305979526],[-76.96896542085146,38.981593661102366],[-76.96870747923568,38.98256671394826],[-76.96735070537834,38.982693547074675],[-76.96793361299613,38.98548587014],[-76.9664047922554,38.98626139389425],[-76.96750366047722,38.987107622061345],[-76.96911847159139,38.986007733352565],[-76.9703893260562,38.986205233087844],[-76.97062845552088,38.990294954141],[-76.97359397762601,38.99075573085256],[-76.97546665743859,38.98868269487012],[-76.97775675655566,38.98836303087643],[-76.97537454050469,38.99069464414811],[-76.97757875198361,38.99069933921011],[-76.97901552903706,38.99193562965942],[-76.97266070817636,38.99094844165301],[-76.97155547553317,38.99178985216565],[-76.97612974317833,38.99283821998376],[-76.97722882383643,38.99368436291182],[-76.97756043035542,38.99576212249068],[-76.98195114356042,39.00083418380158],[-76.97890527725822,38.99901036864944],[-76.97562011751168,38.993096763929934],[-76.97172119109975,38.99282873924929],[-76.97104584095581,38.992048377289],[-76.96849761374374,38.99334097167529],[-76.96755161843153,38.996908833137105],[-76.96610856471861,38.997360003758864],[-76.96603530385013,38.9943091644087],[-76.96986087016606,38.99152653198652],[-76.96189768335525,38.98995109883827],[-76.96079883739117,38.98910482066838],[-76.96055376315016,38.98670267308354],[-76.96191709328399,38.98488832251367],[-76.95870034288099,38.983712708508094],[-76.959130471535,38.98209098793491],[-76.959977643399,38.982222723969294],[-76.96151292637717,38.979759689543414],[-76.96474235478094,38.977560049663595],[-76.96339853642154,38.974311660867336],[-76.96392091815004,38.970677991156066],[-76.96520427494036,38.96750036843122],[-76.96783129146846,38.967571084429984],[-76.9666467422388,38.96704921038558],[-76.96742046406946,38.964130070325005],[-76.96657348932109,38.96399838545346],[-76.96869724243417,38.96264000043243],[-76.96845199664183,38.96023787802393],[-76.97176004942862,38.95940129751175],[-76.97261319935974,38.95784536151264],[-76.97193816421779,38.95706500851966],[-76.97295693357032,38.9565479515875],[-76.97152095787453,38.955311597590295],[-76.969741257236,38.95537262869773],[-76.97008503095591,38.95407522719406],[-76.96550690261095,38.954714226608765],[-76.96551328608612,38.95302664276822],[-76.9647460071638,38.95425818210427],[-76.96143810750411,38.95509457498318],[-76.96069022413165,38.95126333876616],[-76.95713757702633,38.949697482056344],[-76.95348575051018,38.95183102730725],[-76.9546633229621,38.95404060893493],[-76.95169271265144,38.95526696575505],[-76.9496481418875,38.95798830565467],[-76.95008506150003,38.954679039254664],[-76.95271828072039,38.953062492035784],[-76.94823288652299,38.95168893263178],[-76.9493512954735,38.94747257116506],[-76.94774383534885,38.94688461498167],[-76.94706235801186,38.9477917091244],[-76.94460817125133,38.94707188877294],[-76.94528967242813,38.94616480820514],[-76.94376143624226,38.94694004851413],[-76.94003723329298,38.94602236662069],[-76.93791343029186,38.94738025777376],[-76.9374830340982,38.94900189646126],[-76.93933469915926,38.95199216240567],[-76.9370314886423,38.95568628041029],[-76.93635685500139,38.95490573412461],[-76.93550296461915,38.956461420035545],[-76.93322081612492,38.955092720294836],[-76.93245296913823,38.95632406020919],[-76.93490734761868,38.957044121980545],[-76.93405340117314,38.95859979839694],[-76.93057270316362,38.9600840201879],[-76.92803212954666,38.95968819393621],[-76.92650342565948,38.960463223134255],[-76.92751530031062,38.961634122530775],[-76.93065163567319,38.96144728039971],[-76.93166359073385,38.962618146133515],[-76.93310616908715,38.96216737834186],[-76.9333573847508,38.96288198661864],[-76.9320009163223,38.963008432921995],[-76.93428329006964,38.964377156680484],[-76.93597713451581,38.96464096147187],[-76.9377641177094,38.962892829859975],[-76.93886230010233,38.96373930857739],[-76.93775006193037,38.9662679998086],[-76.93995353107454,38.96627336299012],[-76.94282489117775,38.96874678917372],[-76.94460494135532,38.9686861440576],[-76.9451076484214,38.97011531498183],[-76.95333308081949,38.96903121468284],[-76.9517117029887,38.971818482522295],[-76.95272414105673,38.972989178262196],[-76.95010368606785,38.97123055483534],[-76.94705304411792,38.97109355363946],[-76.94568275694543,38.974595324835626],[-76.94501471571924,38.97212723593338],[-76.94324148316944,38.970500299981865],[-76.93909258696617,38.96951666231501],[-76.93622132333172,38.967043149486166],[-76.93308476113376,38.967230132555926],[-76.93165642158894,38.96430573048094],[-76.92937409947987,38.96293695841818],[-76.92715618510451,38.96630657611924],[-76.92867776627462,38.967219123112315],[-76.92485923094436,38.96831289035413],[-76.92418461081098,38.96753227644202],[-76.92155763838478,38.96746063641325],[-76.92035112778889,38.97200107625464],[-76.92042988175113,38.973364345366946],[-76.92381790081494,38.97389231076227],[-76.92389672176581,38.97525557806091],[-76.92262618484177,38.975057602638586],[-76.92236764682772,38.97603055809467],[-76.92101091423164,38.97615688449975],[-76.92685405300412,38.97740505751372],[-76.92795958390084,38.97656404697582],[-76.92778000948691,38.978900279345],[-76.93009163096933,38.97351873344231],[-76.93289823323164,38.971253955221336],[-76.93484349523902,38.972232385446745],[-76.9345780281569,38.97489295310651],[-76.93592764232801,38.97645406605101],[-76.93846884418969,38.97684973160897],[-76.9404212980557,38.97614048708087],[-76.9395672453987,38.97769620585078],[-76.9405795698615,38.97886700170114],[-76.94278342070297,38.97887231464328],[-76.94455684701913,38.9804992591935],[-76.94684682426876,38.98018016591824],[-76.95057286122481,38.98109764795641],[-76.95082431376557,38.98181222288227],[-76.94421249332964,38.981796595002315],[-76.93600669290883,38.97781732617418],[-76.93498736333494,38.97833408128321],[-76.93608574645144,38.97918058652874],[-76.93547578364208,38.98313847147188],[-76.93360923345156,38.98352331237468],[-76.9326041054748,38.98066486987245],[-76.92836861550705,38.98000519784583],[-76.92810288333047,38.982665754780214],[-76.92590622317752,38.98097259248246],[-76.92572657195952,38.9833088234479],[-76.9247932713719,38.98350117409954],[-76.92826795772892,38.98370469829991],[-76.92954588117213,38.98221502703047],[-76.93427699243637,38.98599146693303],[-76.93460733735235,38.988069338553984],[-76.93587813406977,38.988267191702825],[-76.93603626200765,38.99099371718576],[-76.93824047983016,38.99099911081427],[-76.93840571789342,38.99203804218295],[-76.94035160965176,38.99301638917756],[-76.94882439843957,38.99433477342737],[-76.95196878973758,38.99245979858992],[-76.95315364737806,38.99298181476509],[-76.9528954539225,38.993954836449774],[-76.95695988159856,38.99526235966679],[-76.9551725646103,38.99701077631211],[-76.95102871840754,38.994339939966935],[-76.94890371010507,38.99569802908133],[-76.94187391490355,38.99392877806136],[-76.9383125718607,38.99404996485528],[-76.93796804269004,38.995347286056365],[-76.9395695056821,38.99762296652902],[-76.9391318498174,39.000932217416036],[-76.94133636899195,39.00093755607899],[-76.94115021109022,39.004961412046505],[-76.94004440113474,39.00580254380143],[-76.94182536038085,39.005741938217895],[-76.94207681217979,39.00645653362161],[-76.94326873092942,39.005291049294364],[-76.94496356062399,39.00555473307637],[-76.94606930993224,39.00471355754109],[-76.94928678484062,39.00588950276844],[-76.95268321367705,39.00472908650175],[-76.9547157083351,39.00538286930032],[-76.95259044627835,39.00674102390949],[-76.94428149898411,39.00646181999129],[-76.9441092597682,39.0071104902387],[-76.94139470608775,39.0073636048082],[-76.94113630429517,39.008336604248434],[-76.9395275656045,39.00774853618651],[-76.93918299322155,39.00904586358659],[-76.94138775829418,39.00905120134611],[-76.94204908272066,39.01320692169717],[-76.94365796252136,39.013794957605185],[-76.94728594273687,39.01841207635506],[-76.94668308677468,39.02068244047805],[-76.94847118955065,39.01893413940028],[-76.94990802953491,39.02017077231138],[-76.95143773894087,39.01939544757032],[-76.95262303158033,39.01991747106978],[-76.95356339228826,39.01803730989757],[-76.95703980889438,39.0182400297268],[-76.95542409949505,39.01933976692561],[-76.95558964740826,39.02037868012428],[-76.94931200620677,39.0207535491578],[-76.94803381048533,39.02224343306136],[-76.94870241452671,39.024711525261736],[-76.94607335261692,39.024640403628254],[-76.9446364895335,39.02340372543162],[-76.94515329961528,39.02145770680965],[-76.94320658231887,39.02047943061157],[-76.94424020978575,39.016587405621976],[-76.94305503158323,39.016065302393386],[-76.94092923966274,39.01742325972922],[-76.93957875794422,39.01586219111106],[-76.93838660683292,39.01702764200775],[-76.93924114657227,39.01547192172388],[-76.93687091530647,39.014427608761046],[-76.93668447582822,39.01845146680224],[-76.93472374614771,39.02084825667305],[-76.93599511592632,39.021046109664944],[-76.93616039018072,39.022085049037244],[-76.93394098638497,39.025454819261455],[-76.9303708811259,39.02726338000393],[-76.93044988276888,39.02862665470439],[-76.93172137690574,39.02882455170923],[-76.93060789494116,39.031353204889975],[-76.93179323293081,39.03187542824664],[-76.93076591896295,39.03407975612705],[-76.93203750931086,39.034277650077534],[-76.93126162062234,39.03719660181184],[-76.93328769146724,39.03953834341762],[-76.93251179683044,39.042457305582936],[-76.93335962380402,39.042589224600775],[-76.9310460480848,39.047970891564006],[-76.93367593893932,39.04804233161306],[-76.9307801654655,39.050631483781395],[-76.9323897823326,39.05121966941481],[-76.93222449572963,39.05018071987893],[-76.93477535994506,39.04888885807229],[-76.93764980689318,39.0513624370163],[-76.94502286858229,39.05352220104513],[-76.94704983770552,39.0558637247671],[-76.946619003028,39.057485423179266],[-76.9477980783232,39.059695107420914],[-76.95050782290406,39.06112946251176],[-76.94973914864636,39.0623609304607],[-76.94846701884794,39.06216321678132],[-76.94459200256445,39.055143891758824],[-76.94264439075131,39.05416560113437],[-76.93840452737463,39.053506263739514],[-76.93738415355733,39.05402304493833],[-76.93721878920469,39.0529841015391],[-76.93230355703616,39.05154399874362],[-76.93034179037151,39.0539407329136],[-76.93152749474643,39.0544629608389],[-76.9297381105866,39.05621102847849],[-76.93006864486763,39.05828893633675],[-76.92836538477108,39.05971265712416],[-76.92935697435081,39.06594639519606],[-76.93096691885351,39.066534600863086],[-76.93300809450612,39.06550113325046]],[[-76.93027718331398,39.04920223622931],[-76.93095982064698,39.04829521977645],[-76.93053587568251,39.04822925273537],[-76.93027718331398,39.04920223622931]],[[-76.9343062515806,38.99916787504315],[-76.9348160665493,38.99890950049271],[-76.93439240587293,38.99884354715351],[-76.9343062515806,38.99916787504315]],[[-76.92350786771351,38.98667838628074],[-76.9223233254566,38.98615608766332],[-76.92223713239218,38.98648040653127],[-76.92350786771351,38.98667838628074]],[[-76.9223233254566,38.98615608766332],[-76.92198594446845,38.98576577320706],[-76.92189975036261,38.98609009182123],[-76.9223233254566,38.98615608766332]],[[-76.92198594446845,38.98576577320706],[-76.92164856709975,38.98537545785724],[-76.92156237195255,38.98569977621757],[-76.92198594446845,38.98576577320706]],[[-76.91272583835982,39.0089787566077],[-76.91323579872846,39.00872047028488],[-76.91281210048878,39.008654443194935],[-76.91272583835982,39.0089787566077]],[[-76.91323579872846,39.00872047028488],[-76.91383201244479,39.00813786778384],[-76.91340831705739,39.00807184273475],[-76.91323579872846,39.00872047028488]],[[-76.91383201244479,39.00813786778384],[-76.91442821661089,39.00755526247443],[-76.91400452407575,39.00748923946619],[-76.91383201244479,39.00813786778384]],[[-76.90337348858296,39.03251544405885],[-76.90312232702877,39.0318007672604],[-76.90294966065716,39.03244938305311],[-76.90337348858296,39.03251544405885]],[[-76.89828650402389,39.049961945825046],[-76.89777620126061,39.05022017252906],[-76.89820012808457,39.050286251390936],[-76.89828650402389,39.049961945825046]],[[-76.88617817444552,39.06226064694295],[-76.8856677423297,39.06251882446516],[-76.88609172986993,39.06258494479058],[-76.88617817444552,39.06226064694295]],[[-76.88575418871824,39.06219452691636],[-76.88541665119246,39.06180410815233],[-76.88533020376232,39.06212840544368],[-76.88575418871824,39.06219452691636]],[[-76.88514904779957,39.0644646088892],[-76.8856594954217,39.064206433408124],[-76.88523549881641,39.0641403115886],[-76.88514904779957,39.0644646088892]],[[-76.88310722104984,39.06549728996194],[-76.88276968240459,39.065106863776585],[-76.88268321923658,39.065431159417564],[-76.88310722104984,39.06549728996194]],[[-76.84974058382872,39.036642093677216],[-76.8482960117091,39.03709189734963],[-76.8483734851875,39.03845522601766],[-76.84999123739378,39.03735687890446],[-76.84974058382872,39.036642093677216]],[[-76.82666342122349,39.00735838691654],[-76.82700039071689,39.007748961615235],[-76.82708703354587,39.007424707959586],[-76.82666342122349,39.00735838691654]],[[-76.89806947151834,39.006018281556656],[-76.89832049441138,39.00673296553838],[-76.89849314101752,39.00608435892899],[-76.89806947151834,39.006018281556656]],[[-76.93634841754401,38.93666667729242],[-76.93601119068727,38.936276403790686],[-76.93592511763609,38.93660072979254],[-76.93634841754401,38.93666667729242]],[[-76.93449726483608,38.93367637322133],[-76.93483447153714,38.93406665069895],[-76.93492054645067,38.93374232556751],[-76.93449726483608,38.93367637322133]],[[-76.93483447153714,38.93406665069895],[-76.93559496861582,38.93452287733241],[-76.93568104068133,38.934198551652756],[-76.93483447153714,38.93406665069895]],[[-76.93559496861582,38.93452287733241],[-76.93609726297169,38.93595207774365],[-76.93601825614543,38.934588825940054],[-76.93559496861582,38.93452287733241]],[[-76.91449964303052,38.91603544113985],[-76.91416262878148,38.91564510933522],[-76.91407648282328,38.915969419261586],[-76.91449964303052,38.91603544113985]],[[-76.9085523705779,38.92017371994193],[-76.90906172392869,38.919915454142576],[-76.90863854610784,38.91984941367296],[-76.9085523705779,38.92017371994193]],[[-76.90906172392869,38.919915454142576],[-76.90957107366698,38.91965718626001],[-76.90914789688493,38.919591147530845],[-76.90906172392869,38.919915454142576]],[[-76.95616418219439,38.85194504566778],[-76.95836419701081,38.851950081809875],[-76.95845007027702,38.851625743683336],[-76.95616418219439,38.85194504566778]],[[-77.00406903813413,38.82225374372882],[-77.00433141443924,38.819593079384596],[-77.00390873268643,38.81952736483742],[-77.00195556106442,38.82192515200248],[-77.00406903813413,38.82225374372882]],[[-77.09655271134727,38.84706050129755],[-77.0970608868618,38.84680146610685],[-77.09663796396936,38.8467360679073],[-77.09655271134727,38.84706050129755]],[[-77.0751868993765,38.86637594493937],[-77.07383247463565,38.86650394001307],[-77.07510152829424,38.8667003642823],[-77.0751868993765,38.86637594493937]],[[-77.04449785805308,38.85419355968923],[-77.04466430032572,38.855232329865515],[-77.04492077737149,38.85425913593444],[-77.04449785805308,38.85419355968923]],[[-77.05039233944028,38.86523689837282],[-77.04945644858482,38.86711775149664],[-77.04818745682296,38.8669210645883],[-77.04674298155345,38.8690607329098],[-77.04589696861272,38.86892959119263],[-77.04648647675059,38.87003393227177],[-77.04826402857569,38.869971800998705],[-77.04818299523359,38.868608633085756],[-77.04970847724648,38.867832114718965],[-77.05097748897593,38.868028786071875],[-77.05039233944028,38.86523689837282]],[[-77.04606346448173,38.86996836125182],[-77.0453839304846,38.870875985964524],[-77.04648197558222,38.87172150132454],[-77.0472470040605,38.87048947026408],[-77.04606346448173,38.86996836125182]],[[-77.04605895352205,38.871655930276134],[-77.04537940373307,38.87256355514489],[-77.04580243045025,38.872629128519954],[-77.04605895352205,38.871655930276134]],[[-77.05798931449317,38.87316696622778],[-77.05832690226723,38.87355690460526],[-77.05841235605551,38.87323249656252],[-77.05798931449317,38.87316696622778]],[[-77.0634601563897,38.885831748253445],[-77.06278894018999,38.88336432509051],[-77.06193858829982,38.88492086496194],[-77.0634601563897,38.885831748253445]],[[-77.0634601563897,38.885831748253445],[-77.06371238707564,38.88654608458767],[-77.06388327640286,38.885897260012655],[-77.0634601563897,38.885831748253445]],[[-77.06371238707564,38.88654608458767],[-77.06405006746597,38.88693600800441],[-77.06413551146379,38.88661159549156],[-77.06371238707564,38.88654608458767]],[[-77.25412634746341,39.00395942437502],[-77.25361763407918,39.00421910901614],[-77.25404161308518,39.00428397259256],[-77.25412634746341,39.00395942437502]],[[-77.2457330715165,39.02258861436375],[-77.2453937878104,39.02219917900005],[-77.24530899321257,39.02252372221947],[-77.2457330715165,39.02258861436375]],[[-77.29520520546413,39.05613437587457],[-77.29486550021008,39.05574507349898],[-77.2947808873596,39.056069652317305],[-77.29520520546413,39.05613437587457]],[[-77.24657897765647,38.99402910968735],[-77.2473420522609,38.9944834263996],[-77.24776580894547,38.99286071028343],[-77.24734190210197,38.99279582539198],[-77.24657897765647,38.99402910968735]],[[-77.17453701772176,38.96947643509276],[-77.17419836265579,38.96908680857056],[-77.1741133124893,38.9694113003733],[-77.17453701772176,38.96947643509276]],[[-77.04492321924387,38.947790160224244],[-77.044414153361,38.9480489848024],[-77.04483761783216,38.948114562116736],[-77.04492321924387,38.947790160224244]],[[-77.06816822699851,39.00676087012548],[-77.06765883115318,39.00701979239598],[-77.06808265985768,39.007085290945774],[-77.06816822699851,39.00676087012548]],[[-77.0955409686263,39.01503924316237],[-77.09630331927798,39.015494489311735],[-77.09638877043524,39.01517004861361],[-77.0955409686263,39.01503924316237]],[[-77.09621786735838,39.01581892996827],[-77.09791349463627,39.016080525874294],[-77.09825195974987,39.01647036332542],[-77.09842284621082,39.01582147910211],[-77.09621786735838,39.01581892996827]],[[-77.05546356006967,38.90113808249696],[-77.05580126394639,38.901528029097015],[-77.0558867617932,38.90120362167898],[-77.05546356006967,38.90113808249696]],[[-76.9906647229378,38.90796930360377],[-76.9904131344981,38.907254816902835],[-76.99024154069025,38.90790354173681],[-76.9906647229378,38.90796930360377]],[[-76.94843885268833,38.94260235595093],[-76.94784345260273,38.94318511883985],[-76.94826680158467,38.94325102572517],[-76.94843885268833,38.94260235595093]],[[-76.94784345260273,38.94318511883985],[-76.94724804298558,38.94376787891858],[-76.94767139481714,38.94383378784135],[-76.94784345260273,38.94318511883985]],[[-76.96806389014215,38.973348387424714],[-76.96654168709462,38.972436322641514],[-76.9663697268172,38.973085020324305],[-76.96806389014215,38.973348387424714]],[[-76.9391318498174,39.000932217416036],[-76.93777468194872,39.00105872757968],[-76.9390457141809,39.00125654870198],[-76.9391318498174,39.000932217416036]],[[-76.94811993089486,39.021919094436214],[-76.94778224557524,39.021528847885186],[-76.94769612412188,39.0218531862552],[-76.94811993089486,39.021919094436214]],[[-76.94778224557524,39.021528847885186],[-76.94744456387949,39.021138600441],[-76.94735844138232,39.021462938555906],[-76.94778224557524,39.021528847885186]],[[-76.93721878920469,39.0529841015391],[-76.93772897122325,39.05272571270765],[-76.93730499428072,39.052659768717284],[-76.93721878920469,39.0529841015391]],[[-76.93292185502679,39.065825463828716],[-76.93325966635355,39.06621575376723],[-76.93334590478857,39.06589142293183],[-76.93292185502679,39.065825463828716]],[[-76.88116851117246,39.0628304251106],[-76.88099557519348,39.06347901385851],[-76.8826915353848,39.063743550303364],[-76.88286445686022,39.06309495916436],[-76.88116851117246,39.0628304251106]],[[-76.90590951044139,39.05283871956914],[-76.90539921456346,39.05309697771655],[-76.90582316509061,39.05316303059754],[-76.90590951044139,39.05283871956914]],[[-76.89932295519098,39.046070275777275],[-76.90068103008485,39.04594418504316],[-76.89940932111315,39.045745969668275],[-76.89932295519098,39.046070275777275]],[[-76.90068103008485,39.04594418504316],[-76.90119129251853,39.04568594659854],[-76.90076738979946,39.04561987799701],[-76.90068103008485,39.04594418504316]],[[-76.84642761592167,39.037475430318544],[-76.84591721669918,39.037733443398714],[-76.84634102353385,39.03779969907958],[-76.84642761592167,39.037475430318544]],[[-76.9017879058765,39.04510339834279],[-76.90127764965035,39.04536163921214],[-76.90170155132746,39.04542770606944],[-76.9017879058765,39.04510339834279]],[[-76.8694352115191,39.03397638881959],[-76.8689249185067,39.034234496285116],[-76.86934872589963,39.034300673418656],[-76.8694352115191,39.03397638881959]],[[-76.85856515463101,39.020117871135966],[-76.85754468230978,39.02063399345935],[-76.8583921186476,39.020766423645604],[-76.85856515463101,39.020117871135966]],[[-76.92850317138554,39.02764814684544],[-76.92799313251946,39.027906496678],[-76.92841695670376,39.027972472168365],[-76.92850317138554,39.02764814684544]],[[-76.94659696142189,39.02100677804037],[-76.94566323229218,39.02119928678211],[-76.94651083530093,39.02133111556034],[-76.94659696142189,39.02100677804037]],[[-76.90456597993483,39.013111054356216],[-76.90405595799987,39.013369305251054],[-76.90447967575385,39.01343536227266],[-76.90456597993483,39.013111054356216]],[[-76.9048248878603,39.01213813034947],[-76.90431487366648,39.01239638226699],[-76.90473858598804,39.012462438394664],[-76.9048248878603,39.01213813034947]],[[-76.90347527919955,39.01057667051787],[-76.90398528361538,39.0103184221254],[-76.90356158446681,39.01025236345004],[-76.90347527919955,39.01057667051787]],[[-76.90373419269267,39.009603749185494],[-76.90203941827919,39.00933950241625],[-76.9018667955684,39.009988114296874],[-76.90356158446681,39.01025236345004],[-76.90373419269267,39.009603749185494]],[[-77.03793151907324,39.02437013294566],[-77.03742189226281,39.02462893188736],[-77.03784579633587,39.02469453384433],[-77.03793151907324,39.02437013294566]],[[-76.91861632973702,39.000101759714546],[-76.91769029175028,38.99860646460381],[-76.91692172264202,38.99983771649611],[-76.91403485358609,39.00073886415343],[-76.91376852144914,39.00339939896991],[-76.91613806167932,39.00444415105242],[-76.91861632973702,39.000101759714546]],[[-76.92191936919824,39.00095409616856],[-76.92132327912533,39.0015367368344],[-76.92174694363358,39.001602734803384],[-76.92191936919824,39.00095409616856]],[[-76.93735100607411,39.00099278431511],[-76.93641750936011,39.00118522290885],[-76.93726486242653,39.00131711436852],[-76.93735100607411,39.00099278431511]],[[-76.92023960573273,38.9973149123409],[-76.91650559704979,38.99808410949265],[-76.91955731310354,38.99822186220658],[-76.92023960573273,38.9973149123409]],[[-77.3267757929136,39.060270697743995],[-77.32626694512982,39.060530682470834],[-77.32669131728645,39.060595298537166],[-77.3267757929136,39.060270697743995]],[[-77.33322588606187,39.060915155285905],[-77.3333947789445,39.060265944739605],[-77.33050861949178,39.05948915886936],[-77.33076407612363,39.06020296755299],[-77.33322588606187,39.060915155285905]],[[-77.32618048626888,39.05916766388896],[-77.32567164407735,39.059427646126714],[-77.32609600926529,39.05949226421375],[-77.32618048626888,39.05916766388896]],[[-77.32881114764997,39.059230738116845],[-77.32830231442567,39.05949073113155],[-77.3287266823202,39.05955534023385],[-77.32881114764997,39.059230738116845]],[[-77.32796241625513,39.05910151904799],[-77.32745358089973,39.05936150858074],[-77.3278779472855,39.05942612058053],[-77.32796241625513,39.05910151904799]],[[-77.32405867697332,39.05884456042784],[-77.32371880454589,39.05845533677958],[-77.32236124311818,39.05858605158202],[-77.32405867697332,39.05884456042784]],[[-77.32244573574573,39.05826145384901],[-77.32125717106892,39.057742960985266],[-77.32117267373673,39.058067557880186],[-77.32244573574573,39.05826145384901]],[[-77.30224671647834,39.05450838631505],[-77.30173782132235,39.05476827030744],[-77.30216213802366,39.05483297008882],[-77.30224671647834,39.05450838631505]],[[-77.30139668233076,39.05269136843669],[-77.29078816212854,39.04938575803667],[-77.28162077863821,39.0422491912136],[-77.27703902099428,39.0412120779544],[-77.26745046936801,39.035697302255414],[-77.2536226640973,39.03290844103638],[-77.24972038944802,39.030961536405],[-77.2529441997705,39.0338172229809],[-77.25956121473955,39.03550401566158],[-77.26617912411747,39.03887806948407],[-77.27814232918094,39.042055558983854],[-77.28170732994731,39.04529985159449],[-77.28875142775637,39.048737476465014],[-77.29163789247737,39.05120284744068],[-77.2996162491455,39.0544447496731],[-77.30190698111494,39.054119103305986],[-77.30139668233076,39.05269136843669]],[[-77.32439661383971,39.05754616458625],[-77.32303907060974,39.057676886774146],[-77.32431213075486,39.05787076360487],[-77.32439661383971,39.05754616458625]],[[-77.32091731879217,39.05735372974924],[-77.32227485980258,39.057223030753036],[-77.32100181643486,39.05702913306898],[-77.32091731879217,39.05735372974924]],[[-77.32100181643486,39.05702913306898],[-77.32023762515679,39.056575264568465],[-77.32015312462937,39.05689986070294],[-77.32100181643486,39.05702913306898]],[[-77.32023762515679,39.056575264568465],[-77.31989778379807,39.056186030623714],[-77.31981328220564,39.056510626504746],[-77.32023762515679,39.056575264568465]],[[-77.30445287082031,39.054507276755835],[-77.30377338011522,39.05372872190169],[-77.3025004473108,39.053534634759345],[-77.30445287082031,39.054507276755835]],[[-77.3196424479814,39.0554722001096],[-77.31913360827595,39.05573215539975],[-77.3195579460786,39.05579679577612],[-77.3196424479814,39.0554722001096]],[[-77.30563975906993,39.05333831248461],[-77.30513088423464,39.05359821032235],[-77.30555519712607,39.05366289850145],[-77.30563975906993,39.05333831248461]],[[-77.31904728886786,39.05436913301385],[-77.3187919677839,39.05365530097997],[-77.31819863159218,39.05423984735669],[-77.31904728886786,39.05436913301385]],[[-77.3114094820665,39.05320535350428],[-77.31480403267666,39.05372264678458],[-77.31505759256645,39.052748869724915],[-77.31208739634717,39.0522962493146],[-77.3114094820665,39.05320535350428]],[[-77.31106970372937,39.05281609564311],[-77.31056085196255,39.05307601569877],[-77.31098516663707,39.05314068532577],[-77.31106970372937,39.05281609564311]],[[-77.31717918393701,39.05307212656155],[-77.31667035222262,39.053332071652996],[-77.31709467382555,39.05339672041558],[-77.31717918393701,39.05307212656155]],[[-77.30487421667038,39.05119673282229],[-77.30945700045265,39.05223282106162],[-77.31098353897171,39.05145306835686],[-77.30606104409843,39.05002776520362],[-77.30470360831784,39.050158286865795],[-77.30487421667038,39.05119673282229]],[[-77.31098353897171,39.05145306835686],[-77.31149237786772,39.05119314664378],[-77.31106807410889,39.05112847877122],[-77.31098353897171,39.05145306835686]],[[-77.28366024739158,39.04796043469092],[-77.28459341931695,39.047765384768944],[-77.28374490045115,39.04763586390927],[-77.28366024739158,39.04796043469092]],[[-77.28374490045115,39.04763586390927],[-77.28340529627437,39.04724653077877],[-77.283320642152,39.04757110130706],[-77.28374490045115,39.04763586390927]],[[-76.92263856811009,38.99160917227946],[-76.92204256035723,38.9921918155413],[-76.92246617110315,38.99225781095841],[-76.92263856811009,38.99160917227946]],[[-77.29163553550356,39.04782761470542],[-77.29112664918324,39.04808745492634],[-77.29155091744757,39.048152190873985],[-77.29163553550356,39.04782761470542]],[[-76.92349314602404,38.99005356671101],[-76.92272476546087,38.9912848528748],[-76.92314837154514,38.991350845954415],[-76.92349314602404,38.99005356671101]],[[-77.29222784074109,39.0455555804235],[-77.2929071314211,39.04633419731103],[-77.2965563058815,39.0475658729226],[-77.29222784074109,39.0455555804235]],[[-77.29961079441959,39.047694282695396],[-77.30011964766366,39.04743440773724],[-77.29969537596,39.04736970106361],[-77.29961079441959,39.047694282695396]],[[-77.29969537596,39.04736970106361],[-77.2993556876156,39.04698041156292],[-77.29927110501157,39.04730499294152],[-77.29969537596,39.04736970106361]],[[-76.9336668741407,38.98994934712894],[-76.93315711787318,38.99020771659684],[-76.93358072714585,38.99027367406259],[-76.9336668741407,38.98994934712894]],[[-77.27245812726605,39.041862409913236],[-77.27474858437336,39.041537265042614],[-77.27135488795304,39.0410188784236],[-77.27245812726605,39.041862409913236]],[[-77.29002081694709,39.043868857912855],[-77.28951195256415,39.04412869134089],[-77.28993619629001,39.04419343275896],[-77.29002081694709,39.043868857912855]],[[-77.27932943712642,39.04088684864922],[-77.27839633936217,39.041081858795856],[-77.27924477221426,39.041211416043375],[-77.27932943712642,39.04088684864922]],[[-77.06757326143597,39.007344212878756],[-77.06706385938794,39.00760313273245],[-77.0674876909555,39.00766863331942],[-77.06757326143597,39.007344212878756]],[[-77.27771639790113,39.03861554971871],[-77.27822526584829,39.038355764860505],[-77.27780106661294,39.03829098351056],[-77.27771639790113,39.03861554971871]],[[-77.27788573456888,39.03796641726269],[-77.2752550889813,39.036214652125764],[-77.26906181447077,39.03459350798414],[-77.27525588707452,39.03790226500208],[-77.27788573456888,39.03796641726269]],[[-77.25659206888498,39.035050069833595],[-77.25608314679761,39.03530976590837],[-77.25650730928236,39.035374621396834],[-77.25659206888498,39.035050069833595]],[[-76.92454206862904,38.982786546276024],[-76.92360877160911,38.982978888005114],[-76.92445588944469,38.98311086651665],[-76.92454206862904,38.982786546276024]],[[-77.2459031236417,39.028689965886855],[-77.24692108469391,39.02985826636194],[-77.24861757929305,39.03011780454858],[-77.24683614948574,39.028495200258185],[-77.2459031236417,39.028689965886855]],[[-76.96285031345603,38.984695692673775],[-76.96234069763888,38.98495418177093],[-76.96276430276059,38.985020039583105],[-76.96285031345603,38.984695692673775]],[[-76.92142702300458,38.97791047044717],[-76.9209173076156,38.97816878916871],[-76.921340835712,38.97823478828365],[-76.92142702300458,38.97791047044717]],[[-77.25506397386613,39.02907870523093],[-77.25413096257482,39.029273532693104],[-77.25497921440355,39.029403255424185],[-77.25506397386613,39.02907870523093]],[[-76.92075977398163,38.975442249819665],[-76.92025007351175,38.975700565704216],[-76.92067358663859,38.97576656707164],[-76.92075977398163,38.975442249819665]],[[-76.91872842069616,38.97478791421382],[-76.91923812017511,38.97452960461452],[-76.9188146155486,38.97446359836063],[-76.91872842069616,38.97478791421382]],[[-76.9188146155486,38.97446359836063],[-76.9180538063027,38.974007266216645],[-76.91796760860028,38.9743315815191],[-76.9188146155486,38.97446359836063]],[[-76.9180538063027,38.974007266216645],[-76.91737920638192,38.97322661464386],[-76.91763030579001,38.97394125592633],[-76.9180538063027,38.974007266216645]],[[-76.91737920638192,38.97322661464386],[-76.91704191184867,38.97283628751661],[-76.91695571102387,38.9731606020591],[-76.91737920638192,38.97322661464386]],[[-76.91704191184867,38.97283628751661],[-76.91628113072991,38.97237994461631],[-76.9161949270554,38.97270425860815],[-76.91704191184867,38.97283628751661]],[[-77.23996567980663,39.021030913759795],[-77.23979601925397,39.02336760148446],[-77.24132270891262,39.02427631794402],[-77.24123787657153,39.021225640544834],[-77.23996567980663,39.021030913759795]],[[-77.2397112251626,39.022004531987086],[-77.23903268873147,39.022913236267726],[-77.2394567637057,39.022978149849955],[-77.2397112251626,39.022004531987086]],[[-76.9156927698953,38.97127497006841],[-76.91501066472915,38.97218189131157],[-76.91585764129468,38.97231392829262],[-76.9156927698953,38.97127497006841]],[[-76.96779963351929,38.97600902643478],[-76.96720411516654,38.97659188508018],[-76.96762767601301,38.97665772620962],[-76.96779963351929,38.97600902643478]],[[-76.92342384035148,38.96707597769321],[-76.92249074183385,38.96726831055885],[-76.9233376747866,38.967400296389464],[-76.92342384035148,38.96707597769321]],[[-76.96841409640584,38.970363398855056],[-76.96790460070768,38.97062191023536],[-76.96832812744384,38.97068774891499],[-76.96841409640584,38.970363398855056]],[[-76.92582155651178,38.961370202344405],[-76.92531197254557,38.96162853847811],[-76.92573540838468,38.961694522432914],[-76.92582155651178,38.961370202344405]],[[-76.86929547652814,38.945116655080156],[-76.86878580584276,38.94537475841044],[-76.8692090958437,38.945440935105886],[-76.86929547652814,38.945116655080156]],[[-76.87022843152599,38.944924722877595],[-76.86971876549171,38.94518283003407],[-76.87014205522478,38.94524900354422],[-76.87022843152599,38.944924722877595]],[[-77.251751983944,39.00292112991923],[-77.25124326934493,39.00318080478789],[-77.25166724018239,39.00324567646229],[-77.251751983944,39.00292112991923]],[[-76.87269034407164,38.94395843820857],[-76.87218069352974,38.94421655544482],[-76.8726039798824,38.944282720545104],[-76.87269034407164,38.94395843820857]],[[-77.25471946694198,39.00168758570375],[-77.25421077156142,39.00194727268115],[-77.25463473785595,39.00201213420847],[-77.25471946694198,39.00168758570375]],[[-76.97380383317592,38.95667959274237],[-76.97329445239541,38.95693812573131],[-76.97371790439023,38.95700394588282],[-76.97380383317592,38.95667959274237]],[[-76.97127564359529,38.95290948332106],[-76.97068034204214,38.95349235666139],[-76.97110377162937,38.95355818570222],[-76.97127564359529,38.95290948332106]],[[-76.9723802891837,38.95206808020064],[-76.97187093561551,38.9523266071731],[-76.97229435949869,38.952392432139355],[-76.9723802891837,38.95206808020064]],[[-77.24785071997097,38.99422376787447],[-77.24920721392179,38.99409386868555],[-77.24818971654503,38.992925593727904],[-77.24785071997097,38.99422376787447]],[[-76.94597115662307,38.94525772400986],[-76.94546175694315,38.94551614229397],[-76.94588511732358,38.94558205732932],[-76.94597115662307,38.94525772400986]],[[-76.947162011135,38.94409221305542],[-76.94665262383673,38.94435063618713],[-76.94707597851792,38.944416547147405],[-76.947162011135,38.94409221305542]],[[-77.23377843350433,38.97890555398103],[-77.23064190264057,38.98078765537188],[-77.231574139595,38.982280603715445],[-77.23394770216112,38.98163168262358],[-77.23377843350433,38.97890555398103]],[[-77.14589272857218,38.9677702220144],[-77.14377663918208,38.96575645184408],[-77.14165836664189,38.965430238827906],[-77.1452135267436,38.96867840547072],[-77.14589272857218,38.9677702220144]],[[-77.1555522068632,38.969594649659584],[-77.15741722114713,38.96920647281104],[-77.15529878707491,38.96888049249395],[-77.1555522068632,38.969594649659584]],[[-77.20869059978577,38.97370898008658],[-77.2062337636738,38.97130674028396],[-77.20411505008356,38.97098159329706],[-77.20563937831815,38.973578336336494],[-77.20894381999261,38.976110624767685],[-77.20868910739439,38.977084172453175],[-77.21038423523589,38.977344230696005],[-77.21191093508519,38.97487810906509],[-77.20869059978577,38.97370898008658]],[[-77.1690272430685,38.970317165244396],[-77.16809475515089,38.97051134444728],[-77.16894216840853,38.97064165356194],[-77.1690272430685,38.970317165244396]],[[-76.94441187469243,38.93285667048494],[-76.94475599339563,38.93155934332384],[-76.94568857550205,38.931366844015564],[-76.94604632933458,38.926694360014714],[-76.94418815699456,38.92539178057273],[-76.94139061353856,38.92596922316213],[-76.94020693052501,38.92544709981221],[-76.9410186664772,38.934016848091204],[-76.94441187469243,38.93285667048494]],[[-77.23598229635178,38.97890566031383],[-77.23504987726967,38.97910034285672],[-77.23589751022796,38.979230194873836],[-77.23598229635178,38.97890566031383]],[[-77.21318224992551,38.975073121846606],[-77.21258870650675,38.975657155976144],[-77.213012482505,38.975722159376296],[-77.21318224992551,38.975073121846606]],[[-77.14140509767982,38.96471605373633],[-77.14191393496696,38.96445683065528],[-77.1414902881742,38.964391584596484],[-77.14140509767982,38.96471605373633]],[[-77.1414902881742,38.964391584596484],[-77.14115183368799,38.96400186820298],[-77.14106664214096,38.9643263370918],[-77.1414902881742,38.964391584596484]],[[-77.14115183368799,38.96400186820298],[-77.14038974193629,38.96354690110039],[-77.1403045475245,38.963871369444256],[-77.14115183368799,38.96400186820298]],[[-77.2212345240807,38.97462030422082],[-77.22369236550574,38.97533465174721],[-77.22445548179515,38.97410151169187],[-77.22199767452555,38.97338717941234],[-77.22106528874761,38.97358175672304],[-77.2212345240807,38.97462030422082]],[[-77.21759028317659,38.973386430939996],[-77.21903079105894,38.97461993599888],[-77.21979397883973,38.97338682474274],[-77.21759028317659,38.973386430939996]],[[-77.2125906737286,38.97059436908898],[-77.21030217209466,38.970918364026964],[-77.20733596875176,38.97046324539536],[-77.20970791689935,38.973189979432334],[-77.2114878462925,38.9731255060752],[-77.2126748999785,38.971957446003906],[-77.2125906737286,38.97059436908898]],[[-76.9372231699907,38.93004825815234],[-76.93671384566471,38.93030663996636],[-76.93713710969922,38.93037258471735],[-76.9372231699907,38.93004825815234]],[[-77.21987882996521,38.97306230147532],[-77.2183534824294,38.97215332877141],[-77.21818376793787,38.97280237308941],[-77.21987882996521,38.97306230147532]],[[-77.13395743444441,38.957829670079015],[-77.13344861515073,38.95808886027948],[-77.13387221805228,38.95815413373433],[-77.13395743444441,38.957829670079015]],[[-76.93683513734564,38.92154443536113],[-76.93497017296887,38.92192929331511],[-76.93462592544714,38.9232265916228],[-76.93683513734564,38.92154443536113]],[[-76.93209377067018,38.921143275885825],[-76.93218699525072,38.91913137913613],[-76.93176380102868,38.91906541759165],[-76.93209377067018,38.921143275885825]],[[-76.90502570715478,38.913543662417496],[-76.90367792103777,38.911982227349455],[-76.90265144726827,38.91418628291863],[-76.90502570715478,38.913543662417496]],[[-76.92466304487779,38.91593196022658],[-76.92652791014297,38.91554725759055],[-76.9266140001585,38.91522293903465],[-76.92492133890013,38.9149590082563],[-76.92466304487779,38.91593196022658]],[[-76.93068074951516,38.91484373488632],[-76.92974833931993,38.91503612091772],[-76.93059467805647,38.91516805624915],[-76.93068074951516,38.91484373488632]],[[-76.92746759693605,38.91366732316931],[-76.92695835255387,38.91392566435213],[-76.92738151256009,38.913991642251375],[-76.92746759693605,38.91366732316931]],[[-77.0151687662297,38.92528164468061],[-77.01415598780328,38.92411146659949],[-77.01398456578445,38.92476022571776],[-77.0151687662297,38.92528164468061]],[[-76.94747688569626,38.908004442947494],[-76.94722572077814,38.907289868681595],[-76.94502403534318,38.90728463469725],[-76.94468003609371,38.908581958401854],[-76.94688176071692,38.90858719849544],[-76.95017424603103,38.91112634459979],[-76.95186690966413,38.91138993051585],[-76.95238273182942,38.9094439140689],[-76.94747688569626,38.908004442947494]],[[-76.95859098365861,38.90264294688245],[-76.9566472610014,38.90166489839982],[-76.95418789237908,38.90263284346996],[-76.95342095278907,38.903864304314546],[-76.95476965477371,38.9054251968236],[-76.9569712846938,38.90543025774732],[-76.95859098365861,38.90264294688245]],[[-76.94470748193501,38.90183167227534],[-76.94419838143736,38.90209008386138],[-76.94462148829945,38.90215600282364],[-76.94470748193501,38.90183167227534]],[[-76.96368135410418,38.9000581461733],[-76.96317233331511,38.90031663561122],[-76.96359544703736,38.90038248980274],[-76.96368135410418,38.9000581461733]],[[-77.00422340635008,38.90501019597799],[-77.0040574270441,38.90397136532886],[-77.00337705252737,38.90487876340737],[-77.00422340635008,38.90501019597799]],[[-76.91267022086731,38.889743163804155],[-76.91122895007926,38.89019368958136],[-76.91241185264003,38.89071608710756],[-76.91267022086731,38.889743163804155]],[[-76.9897558303424,38.90141184550241],[-76.9887379513138,38.90192903648623],[-76.98958424444436,38.902060568939504],[-76.9897558303424,38.90141184550241]],[[-76.98687964749816,38.90062710107062],[-76.98628489804352,38.90121004514675],[-76.98670803783573,38.90127582046179],[-76.98687964749816,38.90062710107062]],[[-77.00483444765263,38.89936444415622],[-77.00371998887788,38.90358127771627],[-77.00414315817946,38.90364699354205],[-77.00635560313758,38.900276029931476],[-77.00483444765263,38.89936444415622]],[[-76.95218501969815,38.89522877965425],[-76.95167599186554,38.89548722172967],[-76.95209906714516,38.89555311511697],[-76.95218501969815,38.89522877965425]],[[-77.00406839872623,38.9005962176196],[-77.00347378708064,38.90117924414502],[-77.00389694220688,38.90124496079103],[-77.00406839872623,38.9005962176196]],[[-76.97514259956819,38.891710227790334],[-76.97834947242535,38.894572971472115],[-76.97809196424363,38.8955460320292],[-76.97995602525263,38.895160526935776],[-76.9817282437974,38.89678692127076],[-76.98240881236605,38.89587964295283],[-76.98570196137166,38.89841784132906],[-76.98824071111994,38.89881248336289],[-77.00349028415022,38.896116524998966],[-77.00602361002265,38.8981983755136],[-77.01017469123255,38.89749219226437],[-77.00941411390176,38.89703642528815],[-77.01154574004222,38.892302174762676],[-77.01122427338056,38.88684939382244],[-77.01072084409046,38.8854205072496],[-77.00869119349649,38.884767652529526],[-77.00599230231148,38.881647034840825],[-77.0075185067403,38.880871034722],[-77.00566040442838,38.87956938424531],[-77.01024414107273,38.87555377185436],[-77.01153442394093,38.86900057563921],[-77.00950522333633,38.86834773552948],[-77.00966584553832,38.871074121796774],[-77.00728848450949,38.87340630997539],[-77.00617456473141,38.877623152084375],[-77.00380236849762,38.87826770611702],[-77.00354525782664,38.87924081756166],[-77.00185868941249,38.877290369530535],[-76.9973713945266,38.87760616894461],[-76.9965310297406,38.87578712188953],[-76.99061488520933,38.87317904106624],[-76.9894200617403,38.87603252584719],[-76.98798539329538,38.87479637556137],[-76.98595033917917,38.87583071674038],[-76.98620177537305,38.876545209700915],[-76.98349223176533,38.87679923998069],[-76.98179425769548,38.87822365457213],[-76.98018806344324,38.87763612415603],[-76.97764399930345,38.87892888581208],[-76.97823255380028,38.88003355261162],[-76.97391048110626,38.88138736479945],[-76.97195466424955,38.88378469528605],[-76.97448666020412,38.88586718695157],[-76.97185635242991,38.88748418168943],[-76.97295379424291,38.88833034999497],[-76.97243245343967,38.891964016745575],[-76.97514259956819,38.891710227790334]],[[-77.00947843389052,38.876785575127485],[-77.00981577880223,38.8771756457701],[-77.00990145278173,38.876851271080156],[-77.00947843389052,38.876785575127485]],[[-76.99061488520933,38.87317904106624],[-76.99027766157775,38.87278891835319],[-76.99019190502935,38.87311327931337],[-76.99061488520933,38.87317904106624]],[[-76.97243245343967,38.891964016745575],[-76.9719235202508,38.892222541850444],[-76.97234659487515,38.892288366107344],[-76.97243245343967,38.891964016745575]],[[-76.96404421253142,38.893698059279075],[-76.96353523746599,38.89395654999959],[-76.96395831457949,38.89402240289982],[-76.96404421253142,38.893698059279075]],[[-77.01271354120136,38.89788633306776],[-77.01330805202281,38.89730326247251],[-77.01288491130423,38.897237577982125],[-77.01271354120136,38.89788633306776]],[[-77.01246177134865,38.897171892047986],[-77.01501631779439,38.892503267659855],[-77.01298115291515,38.89353805490474],[-77.01246177134865,38.897171892047986]],[[-77.06487186440437,38.89719247030968],[-77.06267873264504,38.8938141761078],[-77.06124247149408,38.89257887156501],[-77.06165732657874,38.896019539740095],[-77.06393593686704,38.89907344007056],[-77.06487186440437,38.89719247030968]],[[-77.03246474100968,38.889807738278485],[-77.03458988040046,38.886760667450226],[-77.03349174667045,38.88591504519383],[-77.0323888099269,38.88675698487033],[-77.03188496624324,38.88532818430971],[-77.03095320148506,38.88552133052279],[-77.0300263150494,38.88402689847008],[-77.02757345727267,38.88330872576281],[-77.0283389270945,38.88207680974472],[-77.02461697548975,38.881161675202996],[-77.02638985019955,38.882787428066024],[-77.02545311437302,38.88466810377816],[-77.02426950038844,38.88414678574672],[-77.02401264232033,38.88511994032281],[-77.02241101533782,38.88284538590193],[-77.01978700081119,38.88277582624245],[-77.0208798332185,38.88530914039819],[-77.0222347003317,38.88518172383832],[-77.02172091568345,38.88712802438674],[-77.0229901878862,38.88732498279821],[-77.02273330152703,38.888298135102616],[-77.02916054567486,38.89064592931312],[-77.0289037300239,38.89161909480335],[-77.0306818234425,38.891557215575084],[-77.03170410448347,38.88935210850793],[-77.03246474100968,38.889807738278485]],[[-77.03407641466254,38.88870701957451],[-77.03449474496234,38.89046020408592],[-77.03635837708158,38.89007385117806],[-77.03627754412993,38.88871067218681],[-77.03407641466254,38.88870701957451]],[[-77.05463872953692,38.89256912641328],[-77.05328378179074,38.892696897289404],[-77.05455323626569,38.89289353261728],[-77.05463872953692,38.89256912641328]],[[-77.06192201034325,38.891671157516924],[-77.06132793461107,38.89225446076111],[-77.06175109000712,38.892319979850946],[-77.06192201034325,38.891671157516924]],[[-77.0490612019392,38.88866620609814],[-77.04914227402014,38.890029376733075],[-77.05168107451212,38.89042271908865],[-77.05210858269953,38.888800698012844],[-77.05050158871423,38.88821407826635],[-77.0490612019392,38.88866620609814]],[[-76.9733405682457,38.87521997546656],[-76.97392902755213,38.87632466220952],[-76.97460950212165,38.875417428989834],[-76.9733405682457,38.87521997546656]],[[-76.97503248160837,38.87548324394467],[-76.9763014246525,38.87568068015047],[-76.97613591018319,38.874641815939704],[-76.97486698567688,38.874444378063686],[-76.97503248160837,38.87548324394467]],[[-76.96911083832597,38.87456170325429],[-76.97071687549874,38.87514937701159],[-76.9708885659853,38.87450068185403],[-76.96911083832597,38.87456170325429]],[[-77.019026516969,38.88232011907388],[-77.01851781650998,38.88257883514017],[-77.01894087718124,38.882644500284485],[-77.019026516969,38.88232011907388]],[[-77.02258731903781,38.880509048378805],[-77.0219073943497,38.88141654547283],[-77.02055769894254,38.879856388368665],[-77.01920292791212,38.87998378651531],[-77.01911215599429,38.88199573781693],[-77.0239370699897,38.88206918350314],[-77.02258731903781,38.880509048378805]],[[-77.06074636587928,38.887775040646375],[-77.06125495262144,38.88751615112212],[-77.06083182557049,38.88745063037759],[-77.06074636587928,38.887775040646375]],[[-77.06083182557049,38.88745063037759],[-77.06066925279846,38.884724305460814],[-77.0588101030388,38.883423451410025],[-77.05931025653268,38.88653971464044],[-77.06083182557049,38.88745063037759]],[[-77.05771598032533,38.88089047246435],[-77.05703648961952,38.881798162251876],[-77.05745958043464,38.88186369590701],[-77.05771598032533,38.88089047246435]],[[-76.93741840717944,38.86286980989006],[-76.93690955298474,38.863128190319884],[-76.93733242707772,38.86319413384531],[-76.93741840717944,38.86286980989006]],[[-76.98944335141792,38.86928225771802],[-76.9887631188,38.87018957171609],[-76.98918608072181,38.870255338322885],[-76.98944335141792,38.86928225771802]],[[-77.0564552681312,38.87731872773543],[-77.05754929339227,38.87985171671672],[-77.05789114735467,38.87855408543549],[-77.0564552681312,38.87731872773543]],[[-76.98876895636873,38.868502005375234],[-76.98775152997146,38.869019186174796],[-76.98868319815003,38.868826365127404],[-76.98876895636873,38.868502005375234]],[[-76.98970061524403,38.86830917669021],[-76.99080376584367,38.86746761881014],[-76.9903808186404,38.86740185774623],[-76.98970061524403,38.86830917669021]],[[-77.04469983701729,38.87347117638475],[-77.04410577181221,38.8740543957902],[-77.04452880603743,38.87411997352446],[-77.04469983701729,38.87347117638475]],[[-77.05629288169438,38.87459240042632],[-77.05578436751931,38.87485126918515],[-77.05620741687635,38.87491680705989],[-77.05629288169438,38.87459240042632]],[[-77.00376059417354,38.86509153644124],[-77.00325195978066,38.8653501893186],[-77.00367490668728,38.865415906435246],[-77.00376059417354,38.86509153644124]],[[-77.04352540685437,38.869574904819565],[-77.04242283332079,38.870416932121536],[-77.04318333922642,38.87087249507315],[-77.04352540685437,38.869574904819565]],[[-77.00198865471127,38.863465463353926],[-77.00148002537794,38.8637241089092],[-77.00190296125083,38.86378983206149],[-77.00198865471127,38.863465463353926]],[[-77.05993782585038,38.87245585185047],[-77.0611256672742,38.87128925868553],[-77.06070263455238,38.871223737628114],[-77.05993782585038,38.87245585185047]],[[-76.99945106174522,38.863071104563986],[-77.00173710888586,38.86275100353011],[-77.0019941855292,38.8617778977269],[-76.99945106174522,38.863071104563986]],[[-77.0019941855292,38.8617778977269],[-77.0026741749371,38.86087051199711],[-77.00225125530825,38.86080479149927],[-77.0019941855292,38.8617778977269]],[[-77.05156706681102,38.869133102863806],[-77.05021254939201,38.86926083980491],[-77.04995609021648,38.870234046370754],[-77.05156706681102,38.869133102863806]],[[-77.05173802343158,38.86848429639448],[-77.05232761647571,38.86958860962689],[-77.0530925237442,38.86835654279091],[-77.05173802343158,38.86848429639448]],[[-77.04411944019023,38.868991688504806],[-77.04361092185813,38.869250507139604],[-77.04403392775365,38.869316086525835],[-77.04411944019023,38.868991688504806]],[[-77.04420495186555,38.86866729043712],[-77.0453929833588,38.86750084860911],[-77.0449699867761,38.86743527387605],[-77.04420495186555,38.86866729043712]],[[-77.05209304074869,38.86212397881822],[-77.05149912719011,38.86270723288798],[-77.05192210220666,38.86277278529755],[-77.05209304074869,38.86212397881822]],[[-77.0090502648325,38.85173075741721],[-77.0087076672848,38.853028249761294],[-77.00913054761632,38.85309394816392],[-77.00989601182162,38.851862150421724],[-77.0090502648325,38.85173075741721]],[[-77.04567661144642,38.85640224874545],[-77.04474525299412,38.85659549797591],[-77.04559112070896,38.85672664736976],[-77.04567661144642,38.85640224874545]],[[-77.01793592123435,38.851422531773665],[-77.01709534516256,38.849603629710735],[-77.01624441152708,38.85115984977604],[-77.01793592123435,38.851422531773665]],[[-77.0168436991177,38.84888920168534],[-77.01633522419554,38.84914790778722],[-77.01675808889044,38.84921358012639],[-77.0168436991177,38.84888920168534]],[[-77.01735217043093,38.848630493503954],[-77.0183691022306,38.84811307090258],[-77.01667766775127,38.84785039491653],[-77.01735217043093,38.848630493503954]],[[-77.04764716130543,38.847253502678974],[-77.04798457376022,38.847643468068924],[-77.0480700431955,38.84731906812325],[-77.04764716130543,38.847253502678974]],[[-77.0480700431955,38.84731906812325],[-77.04857839271595,38.84706023183734],[-77.04815551187014,38.84699466813023],[-77.0480700431955,38.84731906812325]],[[-77.05094917732633,38.84641482317055],[-77.05044084072384,38.84667366916632],[-77.05086372176278,38.84673922507001],[-77.05094917732633,38.84641482317055]],[[-77.05179931470678,38.84485836565898],[-77.05146627895215,38.84278084677341],[-77.04977484903172,38.842518622842206],[-77.05018887803153,38.84595930914941],[-77.05179931470678,38.84485836565898]],[[-77.04935199345277,38.842453063251945],[-77.05045406406016,38.84161097697009],[-77.04918551356523,38.841414300845535],[-77.04935199345277,38.842453063251945]],[[-77.05053951543562,38.84128657553525],[-77.05112887037879,38.842390891074764],[-77.05155172719485,38.84245644459906],[-77.05180806736053,38.84148323779115],[-77.05053951543562,38.84128657553525]],[[-77.1045821006004,38.85167795946222],[-77.1051754994921,38.8510944517812],[-77.10475254441522,38.85102908125311],[-77.1045821006004,38.85167795946222]],[[-77.10492298519576,38.85038020285655],[-77.10365413535227,38.85018408437127],[-77.10356890992345,38.85050852271307],[-77.10475254441522,38.85102908125311],[-77.10492298519576,38.85038020285655]],[[-77.10365413535227,38.85018408437127],[-77.10331641339774,38.84979427056058],[-77.10323118692159,38.85011870865594],[-77.10365413535227,38.85018408437127]],[[-77.0050109814426,38.818685684974945],[-77.00441704516669,38.81926871055601],[-77.00483972587843,38.81933442336655],[-77.0050109814426,38.818685684974945]],[[-77.03868472229645,38.81446141946959],[-77.03817656488069,38.8147202142674],[-77.03859924962212,38.81478581181505],[-77.03868472229645,38.81446141946959]]],[[[-77.09201338983978,38.998288814440684],[-77.09294986775863,38.99640760626285],[-77.09227318464875,38.99562790406994],[-77.09473385705301,38.99465720789811],[-77.0964289858036,38.99491882318575],[-77.09736530617579,38.99303758269632],[-77.0980420197631,38.9938172568128],[-77.10033174000847,38.993495331264036],[-77.10007551336938,38.99446865799591],[-77.0988041636964,38.9942724860606],[-77.0970202817643,38.996022942815245],[-77.0943921147022,38.995954961617],[-77.09379403625123,38.99822602899891],[-77.09184248739477,38.99893768801091],[-77.09090594827177,39.00081888858708],[-77.09057108183008,38.99874143161565],[-77.09201338983978,38.998288814440684]]],[[[-77.0917328186377,39.0110753388633],[-77.09385901771934,39.00802719981946],[-77.09708569594956,39.005824108503326],[-77.09751619542466,39.00251430275652],[-77.10082793191303,38.9999866753807],[-77.09878768565986,39.002710488138035],[-77.09929037187689,39.00582664222479],[-77.09674394309486,39.00712187099867],[-77.0947033437872,39.009845619743984],[-77.09503837936906,39.01192306926358],[-77.0917328186377,39.0110753388633]]],[[[-77.09809100866157,39.012056433104284],[-77.10038456218571,39.01004690190515],[-77.10301004562959,39.01180236027057],[-77.10530031002924,39.01148034215337],[-77.10394005956407,39.0132962732714],[-77.10224447551984,39.0130347597832],[-77.10046673138713,39.0114100624047],[-77.0987679069695,39.01283610562926],[-77.09885334401068,39.01251166337572],[-77.09809100866157,39.012056433104284]]],[[[-77.10093058799157,39.03477750577211],[-77.10169640927792,39.03354510991363],[-77.10059853410331,39.03101245463129],[-77.10136432136737,39.02978006160355],[-77.10280076965795,39.03270253569377],[-77.1027089137843,39.03640220281232],[-77.10406645229811,39.03627388897941],[-77.10431960374558,39.036988158348464],[-77.10194307956748,39.03763460551184],[-77.10093058799157,39.03477750577211]]],[[[-77.13483001983037,39.056879906842305],[-77.13550772951773,39.05765938494126],[-77.13372068846454,39.06109800628481],[-77.13482017206873,39.06363038183192],[-77.13312330286227,39.063369287806616],[-77.13253091070467,39.06226532775186],[-77.13151179620053,39.06278370313085],[-77.13142390484309,39.06479579040932],[-77.12998052265908,39.06524887051253],[-77.12913467055847,39.06343067346978],[-77.13040987621379,39.06193891760045],[-77.12837422337584,39.06128800601298],[-77.12854494629562,39.06063907540006],[-77.13236273875013,39.06122664478714],[-77.1329601305081,39.05895536778813],[-77.13491288790301,39.058243055268846],[-77.13365028548134,39.051296769825164],[-77.13237785149168,39.05110093992274],[-77.13305798369264,39.050192814636034],[-77.13433040361988,39.0503886375411],[-77.13458636871742,39.04941523115549],[-77.13127864244238,39.04856854835972],[-77.13034761559318,39.04707483133354],[-77.12339108864728,39.046678997123],[-77.12407129172895,39.04577092174036],[-77.12636253281646,39.04544851329127],[-77.12839772415678,39.04609945603216],[-77.12865375358194,39.04512606259782],[-77.13272419567589,39.0464278396555],[-77.13306048625451,39.048505199162626],[-77.13475700830789,39.04876629336385],[-77.13679478352789,39.04772948362115],[-77.13756253119259,39.044809249493554],[-77.13629020020444,39.04461345988474],[-77.13815962562828,39.04253795402173],[-77.13502524634411,39.03935481724754],[-77.13638278287348,39.03922615013816],[-77.1386690191115,39.042278741027545],[-77.14019717776884,39.04150108958042],[-77.140964723024,39.03858083755907],[-77.13765981072588,39.036046714245686],[-77.1377474947868,39.03403463263757],[-77.13494977257014,39.032928838929514],[-77.13596844416448,39.032410438040436],[-77.13893436126064,39.03455487799944],[-77.13960955681759,39.03702194247201],[-77.1448689483706,39.03715593536267],[-77.1458001465135,39.03864954098498],[-77.14554436943799,39.039622968660474],[-77.1438480219925,39.03936202219724],[-77.14393103916599,39.04072516044716],[-77.14181058185704,39.04039894614607],[-77.14138418364927,39.0420213121945],[-77.14299303787597,39.0442943806331],[-77.13883723732914,39.04331741200778],[-77.13824253977961,39.043901096814686],[-77.1377283453947,39.04753553721186],[-77.13849130088884,39.04799052678749],[-77.13832069645143,39.04863946962072],[-77.13560527390398,39.048896831780304],[-77.13492272632584,39.05149258670102],[-77.1361951740248,39.051688390550154],[-77.13517623391976,39.05220679501627],[-77.13576614442437,39.05499835744046],[-77.13483001983037,39.056879906842305]],[[-77.13517623391976,39.05220679501627],[-77.13483740445146,39.05181705588518],[-77.13475208181544,39.052141525029114],[-77.13517623391976,39.05220679501627]]],[[[-77.12898213045442,39.052266279165096],[-77.13025457569321,39.05246214388895],[-77.13102008613532,39.05122956352252],[-77.13237785149168,39.05110093992274],[-77.13093219513753,39.05324164633998],[-77.13008388723688,39.05311107591409],[-77.12940110293773,39.05570680240857],[-77.12719491331072,39.05570480336424],[-77.12898213045442,39.052266279165096]]],[[[-77.08260555311628,39.035664222448005],[-77.07896436672276,39.03273865785848],[-77.08108431827868,39.03306594455219],[-77.0826984308413,39.03196457074251],[-77.08507132514941,39.03300610175934],[-77.0876901578559,39.03813711182961],[-77.08904423151984,39.03969657346562],[-77.09074038981595,39.039958268375834],[-77.08955026807175,39.041125173829776],[-77.0914925706244,39.04547638370777],[-77.0949706800655,39.045675242638744],[-77.09785708544909,39.04476988227979],[-77.09810689174518,39.04717177911377],[-77.10260100267476,39.04853993870896],[-77.1042942458109,39.05048906378967],[-77.09852767788307,39.048924788450286],[-77.09658151309092,39.04626129945584],[-77.09208420279785,39.0465805360676],[-77.0931820164559,39.04911327335811],[-77.09122909561356,39.049824928755754],[-77.09105458735274,39.05216142184901],[-77.09308278895074,39.056188175873466],[-77.09486485267784,39.05612537447416],[-77.09367453245818,39.057292322726724],[-77.09452282369408,39.057423141860006],[-77.09451942613411,39.05911075906109],[-77.09689337594646,39.06015206910151],[-77.09672237161584,39.060800956129846],[-77.0985045452827,39.06073810247152],[-77.09833355395602,39.06138699178491],[-77.10164471197005,39.060546935347915],[-77.1020656608553,39.06229993682314],[-77.1035914447766,39.063210351701805],[-77.10656389984358,39.06198033793904],[-77.10859937671445,39.062631606935355],[-77.10393015979987,39.06360017681962],[-77.10367373421965,39.06457352242555],[-77.10901132114788,39.06944744604047],[-77.10934704045523,39.07152487815458],[-77.11435549944576,39.07094590052694],[-77.11385171696617,39.06782977293508],[-77.11520982278506,39.067701336601964],[-77.11725127785438,39.06497722401446],[-77.1180968506838,39.06679550244611],[-77.11529233521776,39.069064500719556],[-77.116647577261,39.07062366984695],[-77.11409918756982,39.071919268930095],[-77.1133361336093,39.07146412762277],[-77.11214585877524,39.07263125603155],[-77.11723692555104,39.07341532937701],[-77.1198707246689,39.071795205577835],[-77.12097267158339,39.07264008607069],[-77.12402789857785,39.07277281364014],[-77.12470294317228,39.07523997570826],[-77.11952906846841,39.07309304540218],[-77.11816802036488,39.074909151650644],[-77.11418168395986,39.073282434825146],[-77.11231376818242,39.073669968468764],[-77.11053431580913,39.072045398312795],[-77.10942944726554,39.07288804710518],[-77.11018945727275,39.07503083494963],[-77.10789721183592,39.07535294676041],[-77.10688084950874,39.07418349868324],[-77.10611468791049,39.075415935311874],[-77.10823292657632,39.07743038411501],[-77.1075522292708,39.0783383778783],[-77.1093256595241,39.083338242037556],[-77.11051312773719,39.083858763525406],[-77.11127930375288,39.082626297869474],[-77.11093744318696,39.083924116641896],[-77.1137367632902,39.08503046120696],[-77.11424066009452,39.08814659908721],[-77.11712276440605,39.09061603841398],[-77.11652750531387,39.09119962420738],[-77.11830756078307,39.092824114279765],[-77.11754139645106,39.09405662560513],[-77.1194924291733,39.09503217976793],[-77.11999944981036,39.09646067024648],[-77.11948397080886,39.10009506970153],[-77.12050089849696,39.10126442033333],[-77.12347189715445,39.10172162453056],[-77.1254258970786,39.101009455536875],[-77.12558870611454,39.105423419701026],[-77.12703026936498,39.10665802003492],[-77.13017234577367,39.10646613029727],[-77.13255338664834,39.10413150228852],[-77.13416581891578,39.10471707793005],[-77.13093587286518,39.10692117118553],[-77.1281328283838,39.107502842539084],[-77.12652038291812,39.106917188335615],[-77.1263495331529,39.10756612172806],[-77.13033288743213,39.112567727660796],[-77.13084279993949,39.11230854344073],[-77.13585145960249,39.113416330116316],[-77.12965213712538,39.11347584847527],[-77.12990838722159,39.112502440408974],[-77.12838123814745,39.11159234038044],[-77.126942200792,39.108670120535436],[-77.12380274018172,39.10717429526914],[-77.12533510707527,39.10470918485336],[-77.12432076078183,39.10185224126662],[-77.11905389394937,39.103405008166746],[-77.11786604505605,39.10288456636906],[-77.1198201312099,39.10217248533346],[-77.11812526699424,39.10022355351805],[-77.11846991901697,39.0972380808912],[-77.1167752061253,39.09528913249391],[-77.11711701588894,39.09399129491171],[-77.11364244320251,39.09041779811226],[-77.11305309510857,39.087626112799896],[-77.1111023476937,39.086650458922904],[-77.11144421814062,39.085352639040934],[-77.10932260453788,39.08502586754396],[-77.10881587357045,39.08359733658082],[-77.10737197701525,39.08405015558843],[-77.10643162073919,39.08761912708253],[-77.10422446290293,39.08761672011941],[-77.10311608507011,39.09014694217727],[-77.10124767674807,39.090534310685065],[-77.0999779153589,39.08865052056873],[-77.09658327122682,39.08812735530294],[-77.09403049954335,39.091110174051856],[-77.09445144179081,39.09286321111571],[-77.0926684766515,39.09292600699882],[-77.09173074740316,39.09480724446238],[-77.09029001918631,39.093572237684775],[-77.0896089464332,39.09448013587202],[-77.08740158077129,39.094477430161824],[-77.08791507209492,39.09253079510348],[-77.08944131352645,39.09344138878577],[-77.09317838562968,39.09266697824259],[-77.09429055235508,39.088449216903925],[-77.0964155532772,39.08708861886117],[-77.0986226948085,39.087091164497025],[-77.1027772506654,39.08975711294793],[-77.10346130595802,39.087161516863624],[-77.10532961575468,39.086774115324786],[-77.10695077413314,39.08229716517521],[-77.10678603525449,39.0795708195828],[-77.10449679844116,39.07820524509202],[-77.10339815101472,39.075672594672206],[-77.10135911595478,39.07670886165607],[-77.10059609150021,39.076253641723284],[-77.10127685618613,39.07534568641035],[-77.10407887525113,39.07476462410596],[-77.10527246319182,39.071909950651516],[-77.10645971565364,39.07243050977669],[-77.10782100989297,39.070614532595656],[-77.10086885427842,39.066842194225494],[-77.09832362568365,39.06644984878817],[-77.09858343310519,39.06378889467504],[-77.0947657793954,39.063200287080875],[-77.09434500134323,39.061447260597475],[-77.09307249567219,39.06125102776498],[-77.0918034576572,39.05936716419869],[-77.08874532143348,39.06092126225716],[-77.08780079593592,39.066177696857835],[-77.08635711454153,39.0666302702679],[-77.08601488421888,39.06792801665557],[-77.08872766049095,39.069359357792784],[-77.08923389734765,39.070787966906664],[-77.08736591272576,39.07117512535347],[-77.0872839216701,39.06981194223095],[-77.08431809023007,39.067666255925346],[-77.08006869166569,39.07038699264639],[-77.08082409356447,39.07421758037127],[-77.08311275989566,39.07558358990008],[-77.0813227991881,39.07902146817389],[-77.08301984751678,39.0792832703455],[-77.08310176927125,39.08064645863505],[-77.07962201857785,39.08044726610902],[-77.08056732107164,39.07519088012744],[-77.07887413881761,39.07324142311942],[-77.07922027514944,39.070256074518504],[-77.0783718616897,39.07012515060096],[-77.07735225086913,39.07064308239313],[-77.07794387307925,39.07174730701067],[-77.07530914134296,39.07336654197756],[-77.07207488468107,39.077256714779374],[-77.07156107698654,39.07920327884968],[-77.06884028175092,39.08114680616799],[-77.07036604504249,39.08205763212141],[-77.06968483129967,39.082965419169696],[-77.07061507083104,39.08445960017446],[-77.07154928098436,39.08426614989522],[-77.07171270842403,39.086992544377345],[-77.07264694821978,39.086799085756276],[-77.07391596864754,39.088683154358826],[-77.07196571852182,39.0877068861047],[-77.06924860169555,39.08796279951844],[-77.07069676570981,39.085822797932906],[-77.07044377464642,39.08510845387264],[-77.06866097909497,39.085170905291356],[-77.06942787869961,39.08393869746514],[-77.0679020876719,39.08302785967735],[-77.06833036687236,39.08140573451773],[-77.06680464278264,39.080494883682256],[-77.06706161833843,39.079521611428916],[-77.06875862695328,39.07978360836734],[-77.06969675697951,39.07790254951536],[-77.07105512892954,39.07777459557218],[-77.07165457258988,39.07550360705223],[-77.0733553938118,39.07407791945076],[-77.07378349855897,39.07245577816094],[-77.07259647979761,39.07193490686486],[-77.07539859654635,39.0713544916378],[-77.07565542470185,39.07038120324125],[-77.07675683607367,39.07122647552375],[-77.07667504394028,39.069863285396906],[-77.0804110397359,39.06908926206334],[-77.0813487301596,39.067208118922636],[-77.0844892214505,39.06701738517883],[-77.08669933264369,39.06533252324027],[-77.0867956169951,39.05994523164273],[-77.08959715815512,39.05936449748587],[-77.09095862894188,39.0575487093127],[-77.09037041843322,39.05475693318277],[-77.0889305070455,39.053521919647366],[-77.0897822531013,39.051965155639],[-77.08791830560963,39.05066470602544],[-77.08919413294095,39.04917337667477],[-77.08877710079953,39.04573272206999],[-77.08606520509232,39.04430138799243],[-77.0856447461872,39.042548337859046],[-77.08224867600153,39.04371239780058],[-77.0815605743868,39.04799547035106],[-77.08020277732176,39.04812353844667],[-77.07943643814104,39.049355804824486],[-77.07502444790006,39.04934999300827],[-77.07578702984843,39.04980536774996],[-77.07400123110091,39.05155550978263],[-77.0742502725124,39.053957457355324],[-77.07314915191967,39.05311216545884],[-77.07238264058847,39.05434438939299],[-77.07153442514374,39.054213419162245],[-77.07290014978378,39.05071021603449],[-77.06993155423733,39.05025180756342],[-77.06823122329104,39.051677442243864],[-77.06788472414672,39.05466275032277],[-77.06559293374383,39.05498408058066],[-77.06550322728218,39.05699611795873],[-77.06397394431345,39.05777285230784],[-77.06337440691614,39.06004379652247],[-77.06227332060608,39.05919840732574],[-77.06423087744533,39.05679958989542],[-77.0638965154537,39.05472204158696],[-77.06118060308587,39.05497777708213],[-77.06033659142072,39.05315911546628],[-77.05906432270802,39.0529625346233],[-77.05660120065664,39.05393253303237],[-77.05847314013917,39.051858223836014],[-77.06101764259587,39.0522513845323],[-77.06152321575718,39.053680102126734],[-77.06313395641887,39.05426659346428],[-77.06525446447144,39.05459415157872],[-77.06678366688993,39.053817401902926],[-77.06814961301254,39.05031425124894],[-77.06348476645417,39.049593684907],[-77.06331761030026,39.048554911077915],[-77.0655235807229,39.048558044464805],[-77.06738707356723,39.04985882958445],[-77.06993552213268,39.0485641937167],[-77.07366661402759,39.04947798969109],[-77.07494271286048,39.04798680703272],[-77.07553411410508,39.04909103868148],[-77.07579086179923,39.04811775385056],[-77.07918348810493,39.04864148324244],[-77.08079797526123,39.04754013119575],[-77.0809765133796,39.043516041691596],[-77.07724563556222,39.04260246622069],[-77.07699273054389,39.04188814101245],[-77.08292936510828,39.0428045482559],[-77.0843762270477,39.0406644045882],[-77.08624344374877,39.0402772931718],[-77.08658553984976,39.038979552451906],[-77.0844690210682,39.03696474841326],[-77.0813298276899,39.037155480659486],[-77.08073843550768,39.03605127887245],[-77.08260555311628,39.035664222448005]],[[-77.10841309475357,39.0717186120843],[-77.10790338704894,39.07197770233316],[-77.1080712343129,39.07301642037861],[-77.10841309475357,39.0717186120843]],[[-77.08252001637752,39.03598865476532],[-77.08285849162569,39.03637853546685],[-77.0829440273129,39.03605410289497],[-77.08252001637752,39.03598865476532]]],[[[-77.11712276440605,39.09061603841398],[-77.11797434122829,39.08905907072166],[-77.1188230470444,39.08918972468555],[-77.11797148687691,39.09074669823071],[-77.11712276440605,39.09061603841398]]],[[[-77.09386641924887,39.130250191688766],[-77.09071972882698,39.132128805030085],[-77.08808664184642,39.13206068872681],[-77.08579610206877,39.13069475603532],[-77.08214264560338,39.131144512577535],[-77.08094717482304,39.13399899609671],[-77.0800980135239,39.13386808237449],[-77.07822457770594,39.13594274939483],[-77.07695081017395,39.13574634867733],[-77.07873860823965,39.13399613653548],[-77.078656708206,39.132632931382666],[-77.08061197915407,39.131921462584394],[-77.08027680266328,39.12984392903349],[-77.08698775199449,39.129527867148674],[-77.09097656657126,39.131155473702876],[-77.09251055363558,39.1286907564589],[-77.0970096038595,39.130059139245624],[-77.0991390649156,39.12701084437224],[-77.09786539750937,39.126814658211515],[-77.09693405486979,39.12532066909363],[-77.09090837946673,39.123041722587196],[-77.08623504296243,39.12400963855017],[-77.08369154229813,39.12192935182381],[-77.088190007514,39.12329805183091],[-77.08844684793182,39.12232472743786],[-77.09303445585137,39.12168117333275],[-77.09472914745321,39.123630455284214],[-77.09600611666701,39.12213903574936],[-77.09608833050616,39.123502226605275],[-77.0996491901278,39.12675178736445],[-77.09990916469823,39.12409080019423],[-77.10347980196812,39.12227733641334],[-77.10441758155454,39.120396000371564],[-77.09958003835345,39.11863804811725],[-77.09966887698137,39.1166259631869],[-77.10179137016395,39.116952901438026],[-77.10137011116826,39.1151998811486],[-77.10290020317598,39.11442267823961],[-77.10154443906147,39.1128633463748],[-77.10468685111435,39.11267210053729],[-77.10460448817115,39.11130891826205],[-77.10222875599328,39.11026774566535],[-77.09942535264359,39.1108487701143],[-77.0961152390654,39.11000114153541],[-77.09483848546816,39.111492558651555],[-77.09229172495867,39.11110008639991],[-77.09178514703228,39.10967147896641],[-77.0900873571971,39.10940979498793],[-77.0901694455574,39.11077298636273],[-77.08796158477755,39.11077029059323],[-77.08863929423136,39.11155003204559],[-77.0877868249961,39.11310680534786],[-77.08498319659456,39.11368750446331],[-77.08226883863692,39.11225606967467],[-77.0857501203747,39.11245518926616],[-77.08668823232489,39.110573990579326],[-77.09093973374713,39.107853007027],[-77.0929729200066,39.1101921706312],[-77.09467073852142,39.11045381524384],[-77.09586191384642,39.10928684596928],[-77.09883308545054,39.10974463971281],[-77.10044863267625,39.10864301995214],[-77.10214644190363,39.10890456239692],[-77.10291302402325,39.1076721424932],[-77.10358767577608,39.110139435350334],[-77.10443660199954,39.110270188073216],[-77.10443977155818,39.10858255462766],[-77.10681548031145,39.109623684635594],[-77.10749647998395,39.108715689561286],[-77.10588417400879,39.10812976758384],[-77.10571627688647,39.10709103976094],[-77.11047073091962,39.10748557196586],[-77.11081271070087,39.1061877487078],[-77.10920043408444,39.105601870022895],[-77.10980500412006,39.09995542373687],[-77.11200355675905,39.10502062575443],[-77.11344784124168,39.104567751146554],[-77.11481249125762,39.10106405527629],[-77.11566133163008,39.101194731125865],[-77.11667821318183,39.10236411327316],[-77.11761253080338,39.10217031611739],[-77.11769512746997,39.10353348736337],[-77.11811956429364,39.10359881620119],[-77.11684337499155,39.10509045740839],[-77.11811671274461,39.10528644835952],[-77.11862377789853,39.106714947240015],[-77.11743587796482,39.1061945010019],[-77.11684049373648,39.1067780900203],[-77.11616252613227,39.10599850304298],[-77.11497173086369,39.1071656660533],[-77.11428789848482,39.109761335321544],[-77.1154758341923,39.11028181199656],[-77.11564387824635,39.11132052727382],[-77.11021120266574,39.11014657255432],[-77.10919125716306,39.11066476945505],[-77.10978064375882,39.1134564853232],[-77.10740786784702,39.11072777698067],[-77.10528553127901,39.11040093500277],[-77.10536475783958,39.113451751096235],[-77.10443026244042,39.113645456618954],[-77.10383152879139,39.115916619467576],[-77.10247250135576,39.116044932591464],[-77.10136362867891,39.11857515277777],[-77.1048452655528,39.11877373794743],[-77.10577668696732,39.120267665877705],[-77.10543140389285,39.12325311658723],[-77.107978661533,39.12364532060902],[-77.10780760674749,39.12429423062678],[-77.1033910620059,39.124289426302035],[-77.10066942963441,39.12623366711099],[-77.09896462567202,39.129347382282596],[-77.09981049012953,39.13116580732196],[-77.10150882362366,39.13142735963598],[-77.10065639694888,39.13298422726951],[-77.10209808338882,39.1342191233537],[-77.10124563657565,39.13577599589934],[-77.10412918938842,39.13824575938836],[-77.10387250287059,39.1392191192595],[-77.1055710393525,39.13948061652409],[-77.1048041665342,39.1407130605746],[-77.10667072804027,39.142013278925525],[-77.10632850548957,39.14331109999876],[-77.10759938755963,39.145194845369176],[-77.10742827861537,39.14584375767963],[-77.1062398187638,39.14532320042493],[-77.10428443810284,39.14603507405362],[-77.10529861322256,39.148892206094835],[-77.10367905498484,39.15168154511028],[-77.10478202600468,39.152526582274874],[-77.10707672192744,39.15220452306739],[-77.10664889084883,39.153826804108505],[-77.10435414175096,39.15414885553179],[-77.10443337691389,39.15719969904157],[-77.10350150930053,39.15570574988561],[-77.10393260504446,39.152395830802945],[-77.1022337723031,39.15213431046947],[-77.1016411255985,39.15103018432665],[-77.1036854327881,39.14830625091709],[-77.10309279525467,39.14720213256111],[-77.10462671002907,39.14473725788268],[-77.10353024347516,39.14051693189576],[-77.10225632729822,39.14032079017688],[-77.09842799892597,39.1431075747742],[-77.09698619842405,39.14187263392497],[-77.09664380343591,39.14317042830812],[-77.09188362513801,39.14446300906064],[-77.09128424488814,39.146734125455126],[-77.08915740207634,39.14809465163975],[-77.08872565826807,39.151404516536815],[-77.08711612981834,39.14913069949875],[-77.0874587232188,39.147832929766096],[-77.08541743407984,39.148868949693686],[-77.08321207965838,39.14717852365713],[-77.0822734046672,39.14905970986327],[-77.07845139951118,39.14847059141428],[-77.07862277362312,39.14782171864537],[-77.08134209752845,39.14756559727477],[-77.08219510952779,39.14600885745397],[-77.08533539186956,39.14750574482307],[-77.086017015467,39.14659786057911],[-77.08916092843478,39.14640700588756],[-77.09061316361709,39.14257910342596],[-77.0885756069372,39.141927529815604],[-77.0883186989044,39.14290085830179],[-77.08593856568439,39.14354701206775],[-77.08653808682622,39.14127592291379],[-77.09180493116811,39.14141216558514],[-77.09180146650645,39.14309980968825],[-77.09401031048841,39.14310243727595],[-77.09579787843855,39.141351977326586],[-77.1003010422983,39.141032600458395],[-77.10302323921739,39.139088361933986],[-77.10217720201932,39.13726995585008],[-77.10047872947011,39.13700841235538],[-77.0984445506171,39.13466935911962],[-77.09913247767828,39.130386123756466],[-77.09743417709392,39.13012453904516],[-77.09632827292418,39.13096708067955],[-77.09386641924887,39.130250191688766]],[[-77.10995773833604,39.10943230569755],[-77.1104677015202,39.10917320520438],[-77.10927981982634,39.10865268078946],[-77.10995773833604,39.10943230569755]]],[[[-77.05372334458019,39.15005858850821],[-77.05211932962963,39.14609667490481],[-77.05390798105465,39.14434681609293],[-77.05330741392845,39.14661774925664],[-77.05568363368556,39.14765986408294],[-77.0555120549502,39.14830870520789],[-77.05372769468255,39.148370943196525],[-77.05372334458019,39.15005858850821]],[[-77.05372769468255,39.148370943196525],[-77.05338885377955,39.14798097492545],[-77.05330305416192,39.14830539394528],[-77.05372769468255,39.148370943196525]]],[[[-77.12239090410822,38.82742125436682],[-77.126286838768,38.82430941467995],[-77.12611930448317,38.823270758006025],[-77.12781056192871,38.82353193889524],[-77.1268772033953,38.82541336749556],[-77.1205265447592,38.82949646112569],[-77.12010649597931,38.82774357987983],[-77.12239090410822,38.82742125436682]]],[[[-77.13161593547142,38.824119511474194],[-77.13381016424896,38.82749655817488],[-77.13372261990247,38.82950858003409],[-77.13600459626822,38.83087356718665],[-77.13625250508446,38.83496288011623],[-77.13490367637105,38.83171641327588],[-77.13186105251211,38.829896393899524],[-77.13321718654637,38.82808020149333],[-77.13237400470562,38.82626208750976],[-77.12941675190011,38.82411755188688],[-77.13161593547142,38.824119511474194]],[[-77.13127564867808,38.82541733780975],[-77.1317835499949,38.82515816080154],[-77.13136072151194,38.82509288129718],[-77.13127564867808,38.82541733780975]]],[[[-77.10935946805078,38.830134171284385],[-77.10749158163996,38.83389674622133],[-77.10588222825172,38.83499841221869],[-77.1049450111368,38.83856724232268],[-77.1040992474961,38.83843649842941],[-77.1047777481201,38.83752855524386],[-77.10461048986895,38.836489868055075],[-77.10334188259058,38.83629374666818],[-77.10368271733611,38.83499599565658],[-77.10732429306115,38.832858063100005],[-77.10757985505468,38.83188474205021],[-77.1052952416489,38.83220679452004],[-77.10792674717011,38.82721185389392],[-77.10935946805078,38.830134171284385]]],[[[-77.08980350374684,38.83757610467013],[-77.09344561526422,38.8354385795955],[-77.0931898521364,38.836411871838585],[-77.08980350374684,38.83757610467013]]],[[[-77.11913344249122,38.853250869396284],[-77.11896594361663,38.85221219981173],[-77.12040517612849,38.85175926172941],[-77.12125112357465,38.85188989447603],[-77.12057269446942,38.85279792931525],[-77.12277274304806,38.852800045950815],[-77.12260245550206,38.853448949068664],[-77.12091052261299,38.85318769620931],[-77.11743866919116,38.85467713701429],[-77.11591707713825,38.853766919837035],[-77.11913344249122,38.853250869396284]]],[[[-77.11218355667013,38.859604691387446],[-77.11125833545124,38.85642330354606],[-77.11277992477922,38.85733357821098],[-77.113705223966,38.86051495501953],[-77.11218355667013,38.859604691387446]]],[[[-77.11136876937555,38.889525843717536],[-77.11399017442989,38.891281039587085],[-77.11229739388202,38.89101966794089],[-77.11136876937555,38.889525843717536]]],[[[-77.08470967758049,38.88540599342752],[-77.08656934025197,38.88670645925524],[-77.08352198365434,38.88657281459755],[-77.08470967758049,38.88540599342752]]],[[[-77.09382780198615,38.897619638783105],[-77.09569466508377,38.89554481769237],[-77.09916891048195,38.89405597897523],[-77.10044501771644,38.89087699405038],[-77.09986105520946,38.886397758600246],[-77.10181273216999,38.88399841119636],[-77.10020544415522,38.883412436264564],[-77.10029397873807,38.881400425959114],[-77.10427267134878,38.8813399679566],[-77.1053715572345,38.882184962417604],[-77.10706720649374,38.88075885528617],[-77.10841877031065,38.882318069822105],[-77.10994389710889,38.881540808821015],[-77.1107871589292,38.883359086804376],[-77.10977039197043,38.88387726991426],[-77.10917981285223,38.88277322829858],[-77.1078251431158,38.88290159516256],[-77.10807472304869,38.885303414568895],[-77.10595894938156,38.88497659566604],[-77.10485686452105,38.88581917983798],[-77.10215060461357,38.88438823066219],[-77.10265581951957,38.88581674504002],[-77.10113052547923,38.88659391676233],[-77.1014619486776,38.89035888699581],[-77.10264621551379,38.89087946810732],[-77.10662853312151,38.88913135971988],[-77.11120129779925,38.88848715919649],[-77.11238560379246,38.88900764713589],[-77.10730438076146,38.8899109719842],[-77.10560852314379,38.89133708396017],[-77.10171456760398,38.89107314633982],[-77.09908032944807,38.89606799162201],[-77.09484487412475,38.89710158557913],[-77.09450359138037,38.898399321662815],[-77.09255472364696,38.899110981734765],[-77.08993005695724,38.899042906966045],[-77.08925079835798,38.89995077535591],[-77.08713468378153,38.89962363453602],[-77.09382780198615,38.897619638783105]],[[-77.10731984708158,38.88147310236472],[-77.1068114662398,38.88173218067681],[-77.10723460137868,38.881797544409324],[-77.10731984708158,38.88147310236472]]],[[[-77.10093403777947,38.90074339668771],[-77.10364406032042,38.90048679821473],[-77.10254171403835,38.901329363434776],[-77.0999169580999,38.90126150008725],[-77.09779412875902,38.904309695786615],[-77.09898517015898,38.901455158059335],[-77.10093403777947,38.90074339668771]]],[[[-77.08033721410361,38.91038958143191],[-77.08016269052358,38.91272600946898],[-77.08109467267805,38.9125324926868],[-77.0820229695545,38.91402654802253],[-77.08201928905827,38.91571412751492],[-77.08109097074885,38.91422007182],[-77.07905988740735,38.9135683672034],[-77.07982853548452,38.91064854999831],[-77.07788297284807,38.90967240207552],[-77.07916028258644,38.90649363004114],[-77.08000679163824,38.90662454526325],[-77.07881492198831,38.90947890250586],[-77.08033721410361,38.91038958143191]]],[[[-77.05957653156997,38.91561843907141],[-77.06101738607367,38.91516618749098],[-77.06347164634538,38.91588370118939],[-77.06338616505008,38.91620811445536],[-77.05957653156997,38.91561843907141]]],[[[-77.08259505435848,38.923568625927714],[-77.08396143289032,38.91837779144824],[-77.0827768525,38.91785702999393],[-77.0823572026844,38.916104002499836],[-77.08480808869983,38.91850867409313],[-77.08284027945534,38.92765809081132],[-77.08259505435848,38.923568625927714]]],[[[-77.05837525690973,38.921847763055915],[-77.05854627661964,38.92119894290199],[-77.06066288958924,38.921526572608016],[-77.06260853806762,38.92250299224949],[-77.0624375514868,38.92315181811853],[-77.05837525690973,38.921847763055915]]],[[[-77.08249863957198,38.92895579903678],[-77.08139192185641,38.9314857624206],[-77.07935661118744,38.932521644444655],[-77.08157014262626,38.92746174428172],[-77.08249863957198,38.92895579903678]]],[[[-77.05504407011477,38.932812137389796],[-77.0552151452573,38.9321633208659],[-77.05826435771937,38.9322976622256],[-77.05809330943063,38.93294648296702],[-77.05504407011477,38.932812137389796]]],[[[-77.0785914743108,38.93375388342277],[-77.07994714158187,38.93362583523132],[-77.08036683435773,38.93537887503267],[-77.08188968736818,38.93628953806809],[-77.08011054535544,38.93635215218841],[-77.0794270745186,38.938947555990055],[-77.0785914743108,38.93375388342277]]],[[[-77.06331211196586,38.94658460256201],[-77.05585653938566,38.94644389243256],[-77.06094234570914,38.94554266984442],[-77.06348314578675,38.94593577339002],[-77.06474947368119,38.94781989201913],[-77.06331211196586,38.94658460256201]]],[[[-77.06517295512721,38.94788539991389],[-77.06907379897551,38.946462900796],[-77.06873182545941,38.94776057447496],[-77.06678138448338,38.94847183408492],[-77.06517295512721,38.94788539991389]]],[[[-77.0500992539168,38.94487739474457],[-77.05306342793679,38.94533626955002],[-77.05297786568191,38.945660676945515],[-77.05170749538281,38.945464024098754],[-77.05102732708357,38.946371688640454],[-77.04992810330715,38.945526205359975],[-77.0500992539168,38.94487739474457]]],[[[-77.05585653938566,38.94644389243256],[-77.0548385005725,38.946961629139665],[-77.05297786568191,38.945660676945515],[-77.05373922362958,38.9461161795603],[-77.05585653938566,38.94644389243256]]],[[[-77.05186548697583,38.9498779690745],[-77.05279801992825,38.94968466400787],[-77.05321715149593,38.9514377995595],[-77.05491112451814,38.95169998007375],[-77.05499237634332,38.95306315836204],[-77.05262251828157,38.952021065750706],[-77.05186548697583,38.9498779690745]]],[[[-77.05719119468357,38.95475402734779],[-77.0557538243167,38.95351864909345],[-77.05778581361547,38.95417073902993],[-77.05845751312454,38.956638212580984],[-77.05752490612237,38.95683156038287],[-77.05719119468357,38.95475402734779]]],[[[-77.06125114031236,38.95774571579603],[-77.0641344783327,38.95684115170654],[-77.06472497510674,38.9579454187503],[-77.06735174200658,38.95801402767686],[-77.06988508388847,38.96178218007461],[-77.07175035411441,38.96139529136978],[-77.07293556416893,38.96191616131812],[-77.0692049897912,38.96268994640241],[-77.06887091812627,38.96061244302794],[-77.06658613394785,38.95924619702996],[-77.06252175072828,38.957942271251596],[-77.05930035869726,38.95845685880655],[-77.05820085633664,38.9576114473711],[-77.05879549051933,38.95702815397296],[-77.06125114031236,38.95774571579603]]],[[[-77.08325409970833,38.97127638563719],[-77.08469590892932,38.970823855390265],[-77.08520860021656,38.96887727209511],[-77.08436135775268,38.9687463912546],[-77.0858921459406,38.96628182528315],[-77.09199355370151,38.966548925856024],[-77.09182272560842,38.96719779624523],[-77.08826294453954,38.967323284459766],[-77.08613411228785,38.97205890140528],[-77.0854577285882,38.971279164974945],[-77.08325409970833,38.97127638563719]]],[[[-77.05645120509104,39.01271555626224],[-77.06060414916318,39.01369527589267],[-77.06196548884077,39.01187981960398],[-77.06281319339487,39.01201085423129],[-77.06187573519821,39.01389183966387],[-77.05932835800907,39.01518630262232],[-77.05805675622864,39.01498971272155],[-77.05882309551859,39.01375758540439],[-77.05543224296036,39.01323330306859],[-77.05645120509104,39.01271555626224]],[[-77.05916134028584,39.01414752922948],[-77.05967081629565,39.01388864152606],[-77.05924695552528,39.01382311418833],[-77.05916134028584,39.01414752922948]]],[[[-77.05372380903084,39.01803393812471],[-77.05627566870638,39.01505198570541],[-77.05779988817378,39.015962955442525],[-77.05583892509686,39.02004925959001],[-77.0561857537524,39.01706400268997],[-77.05372380903084,39.01803393812471]]],[[[-77.06938003594088,39.032271436044546],[-77.06496908308405,39.03226526709862],[-77.0656498807523,39.031357514031406],[-77.06743135960191,39.03129510640919],[-77.0689720163586,39.025455510130655],[-77.07092055690606,39.026431814637206],[-77.07100219232464,39.02779499824638],[-77.06802652225963,39.030711762035835],[-77.07023195160784,39.03071481179663],[-77.07124711694438,39.03188455062118],[-77.06758647054572,39.037396700288554],[-77.06938003594088,39.032271436044546]]],[[[-77.06179679507942,39.04595639124846],[-77.06348888395917,39.04790607146342],[-77.06331761030026,39.048554911077915],[-77.06001075411703,39.047706330974144],[-77.06179679507942,39.04595639124846]]],[[[-77.03689438767525,39.09174354167922],[-77.03848697074987,39.09908086411872],[-77.0378862957914,39.101351702495464],[-77.0439988701578,39.10162116943767],[-77.04492882024576,39.103115547887604],[-77.04628770720468,39.10298786407161],[-77.0480664803813,39.10461336325057],[-77.04772338711992,39.10591101323102],[-77.04687461406628,39.105779873394646],[-77.0456059963448,39.103895522681285],[-77.04068517415102,39.10245969574838],[-77.04000339825132,39.10336732354196],[-77.0392404784245,39.10291172470603],[-77.03770994816541,39.10368814230123],[-77.03744776832727,39.10634898827408],[-77.0343054536028,39.10653853439966],[-77.03335157444273,39.1134822310598],[-77.0344531469693,39.114327885073095],[-77.04014236937715,39.11453192774025],[-77.04556516373869,39.11908421338777],[-77.05660144292995,39.12078870005183],[-77.05779339930893,39.11962209325895],[-77.05949131141499,39.11988421874815],[-77.06153215569721,39.1188486303488],[-77.06102612875084,39.117419895503765],[-77.06230368072008,39.115928823985286],[-77.06128748481501,39.11475899418552],[-77.06222210949697,39.11456561290521],[-77.06323831774894,39.11573543502208],[-77.06229538272937,39.119304093773984],[-77.06399330364636,39.11956615777165],[-77.06645855273176,39.118596000945885],[-77.06543410028708,39.12080147548172],[-77.06348310176443,39.119825068127156],[-77.05787489308824,39.120985308593276],[-77.05999732533881,39.12131296053075],[-77.0620298917265,39.12365263619036],[-77.06177269259238,39.12462590623692],[-77.0630462240293,39.12482246196651],[-77.06244195787957,39.12878106864281],[-77.06227878443406,39.12605464007316],[-77.05914412762316,39.122869540350926],[-77.0568544221301,39.12150307715724],[-77.05082590592559,39.12090982577591],[-77.05140432705191,39.12707709761088],[-77.05513921938352,39.12799146349013],[-77.05428583907933,39.12954801203563],[-77.05589820403655,39.13013460554982],[-77.05377118458597,39.13149452202593],[-77.05334228476576,39.13311661263697],[-77.0544443879058,39.133962092797844],[-77.05291336578446,39.13473870229697],[-77.05486029994233,39.137402919382396],[-77.05239425742108,39.13837284987716],[-77.05282320946421,39.13675076081911],[-77.05112933673378,39.134800902838826],[-77.05274616486116,39.13369989765723],[-77.05224459079172,39.13058348368875],[-77.05335100044921,39.1297413342288],[-77.05242053611555,39.128247011019205],[-77.04995920834439,39.127529253304324],[-77.05047393690552,39.12558276062905],[-77.04903329988909,39.12434726842282],[-77.04904221476536,39.120971996205],[-77.04199785903607,39.11920837768921],[-77.03962744226435,39.116478373403574],[-77.0358074977878,39.11588794858662],[-77.03365163185843,39.12737333011049],[-77.03534963799694,39.127635785649964],[-77.03321265585011,39.132370626379505],[-77.03507772057962,39.133671916551165],[-77.03490599078482,39.13432072739327],[-77.03278329164402,39.133992646335884],[-77.032196698542,39.131200555070826],[-77.03339403924585,39.12834654213605],[-77.03195363799314,39.127110851399586],[-77.03332264250285,39.123608036012236],[-77.03230680599576,39.12243796764224],[-77.03367089113748,39.1206227861792],[-77.03248337295585,39.1201015270055],[-77.03401430495096,39.11932517128628],[-77.0344435549628,39.117703151801365],[-77.0328364727991,39.11542864819593],[-77.03122462056751,39.11484175740399],[-77.03046652369744,39.11269847129012],[-77.03235041257545,39.10724927153402],[-77.02988999459772,39.10653111955907],[-77.02767235985395,39.109902614417784],[-77.02731895465806,39.114575473519665],[-77.02484830046777,39.11723248660926],[-77.02195810629831,39.11813616224418],[-77.02178629604359,39.11878495296269],[-77.02348405851757,39.11904757006983],[-77.02314045788839,39.12034515580107],[-77.0214426663259,39.120082533935324],[-77.02058865684987,39.12163884870744],[-77.02313539873651,39.1220327904293],[-77.02024499223268,39.12293642709918],[-77.02150308971503,39.1281963162121],[-77.01971405537265,39.12994570323445],[-77.02055794205985,39.1317646669039],[-77.02225600354102,39.1320273014569],[-77.02071956190903,39.134491153067074],[-77.02207399372779,39.13605137239629],[-77.02598079549317,39.136317822154716],[-77.0278359297816,39.14099450366697],[-77.03131843956076,39.14119514848595],[-77.0324155638741,39.14372846751112],[-77.02664314129603,39.14216082821315],[-77.02690087339832,39.14118762746772],[-77.02503576217237,39.13988621270031],[-77.025551246407,39.13793981842805],[-77.02402487123491,39.137028432540376],[-77.02113898567393,39.136244452686554],[-77.02011803841721,39.1367619213028],[-77.02046177073335,39.13546433968284],[-77.0193600405239,39.13461855817697],[-77.02004749967014,39.132023399635024],[-77.01885989286139,39.13150200917945],[-77.01877911965532,39.130138765546526],[-77.01750561494308,39.12994175627381],[-77.0177582414204,39.13065621415653],[-77.01622689679027,39.13143237145845],[-77.01332545428127,39.135711126285976],[-77.01297629685763,39.1386963280623],[-77.01171330957177,39.135123980207545],[-77.00737667805303,39.13647901533677],[-77.0050765581757,39.13848687363893],[-77.00286785880434,39.13848266673034],[-77.00669960877985,39.135698827366866],[-77.01061168642491,39.13427812126489],[-77.01324478029088,39.13434787790917],[-77.0153831224445,39.12961337852284],[-77.01869834948172,39.12877552223243],[-77.0198910457133,39.127609277022934],[-77.01803158697984,39.12462012485444],[-77.01513576860647,39.127211279372936],[-77.01190653286245,39.12772465138213],[-77.01164864760841,39.12869781840723],[-77.00910173432665,39.12830364090582],[-77.00748436483858,39.129404077383754],[-77.0040024864553,39.12920276572433],[-77.00332552126756,39.128422560524676],[-77.0135237979416,39.126624157760745],[-77.01735451380677,39.12383999674286],[-77.01846639304921,39.121310524118655],[-77.01558119201702,39.12052641775388],[-77.01320114563231,39.12117117656768],[-77.00632414312686,39.12044439185099],[-77.0009729812065,39.12062891124985],[-77.00080097760456,39.1212776732736],[-76.999952109801,39.121146212704545],[-77.0002101249581,39.120173071397275],[-76.99358569923253,39.120160073833965],[-76.99401585697592,39.11853819379608],[-76.99774958712602,39.1194542815744],[-76.99910886254371,39.11932711308564],[-76.99936688253662,39.11835397387604],[-76.9995332846682,39.11939284694892],[-77.0056472346323,39.11966420064298],[-77.00565816501971,39.11628893499626],[-77.00447091877332,39.11576740876098],[-77.00439043311346,39.11440416003498],[-77.00693139821679,39.11648606505992],[-77.00666804464407,39.119146852583306],[-77.01753675449412,39.11981594249907],[-77.01975002481737,39.1181322551466],[-77.02127594924707,39.11904369006971],[-77.02034628189357,39.11754913012119],[-77.02443392559134,39.113791573601574],[-77.02486335682792,39.112169588950245],[-77.02384781654321,39.110999454099755],[-77.02555040691824,39.109574411484815],[-77.02649502064087,39.10600603839515],[-77.02437318684156,39.105677815615266],[-77.02369117694816,39.106585354495195],[-77.01765898457286,39.1076781267813],[-77.01655770839957,39.1068323250779],[-77.02760135444345,39.10516412210844],[-77.0316830667702,39.103093964865394],[-77.03380485812083,39.10342206272027],[-77.03388588358234,39.10478528944639],[-77.03507316145972,39.10530653367586],[-77.03465358002714,39.10355329172795],[-77.03669431953338,39.102518114304836],[-77.03567872361472,39.10134807827268],[-77.03594571027357,39.096999611053306],[-77.034167394685,39.095373940815996],[-77.03204583672665,39.09504584965247],[-77.03221749923335,39.09439704772381],[-77.02440838674622,39.0938644218158],[-77.02433258068626,39.09081356665135],[-77.02153949441382,39.08801758359052],[-77.01540720242213,39.094497511257316],[-77.01437101807143,39.1000778082753],[-77.01377485642637,39.100660902678676],[-77.01258780730613,39.100139455521],[-77.01438680095833,39.09501492860706],[-77.01371004280178,39.094234785114466],[-77.01635211826809,39.09092922549442],[-77.01499340429389,39.09105658178829],[-77.0147409426809,39.09034212376617],[-77.01686228513047,39.090670509992336],[-77.02120110770825,39.08762753227479],[-77.02343351205539,39.0791933012569],[-77.02259016384947,39.07737437543296],[-77.02336281301696,39.0744548338529],[-77.01622206405338,39.078077024176416],[-77.01587852747288,39.07937457973663],[-77.01034788626357,39.08358352198762],[-77.0103532397063,39.081895900279555],[-77.013413934036,39.08034372638898],[-77.01622728068332,39.076389403927486],[-77.01894415111799,39.07613465021163],[-77.0224336731072,39.07296030210265],[-77.0232820187503,39.07309160799743],[-77.02465544401399,39.06790130599725],[-77.02822519746799,39.06609002288512],[-77.02289327590677,39.061212633759645],[-77.01610249304017,39.061849620869744],[-77.00830239479762,39.05962837103508],[-77.00456063233969,39.06208783966581],[-77.00499020155978,39.06046593930126],[-77.00626245516435,39.06066307415665],[-77.00796421127677,39.0592382856986],[-77.0092364514593,39.059435390057075],[-77.01051939418376,39.05625725309789],[-77.00840448126232,39.05424114747575],[-77.00960148845364,39.05138740487876],[-77.00264521221875,39.0509848087202],[-77.01019727951596,39.05080433573579],[-77.01036903253562,39.05015556920856],[-77.0101221146927,39.04775349571433],[-77.0074921599899,39.047683674123824],[-77.00690180376523,39.04657911909631],[-77.00869448412166,39.043142333624544],[-77.00750841049303,39.04262084339608],[-77.00861399966591,39.041779105802256],[-77.00624191505177,39.04073611277458],[-77.00930096458765,39.039184051512564],[-77.00964442866068,39.037886523375064],[-77.0085443027279,39.037040661398116],[-77.00974102129067,39.03418692592553],[-77.00762135877372,39.033858421482805],[-77.00652675583729,39.0313249357089],[-77.0093224609788,39.0324336210349],[-77.00906487908104,39.03340676563104],[-77.01058889165972,39.034318317578524],[-77.0095639322131,39.036523297394844],[-77.01193061359773,39.039253834709],[-77.00717573448728,39.04054314792427],[-77.0092097199156,39.041196042365854],[-77.00962832795182,39.042949350255704],[-77.00741169305073,39.04632044445332],[-77.01173762788164,39.0466530416958],[-77.01495802018981,39.04782729296186],[-77.01606360228315,39.04698548830605],[-77.01767382773005,39.047572568303515],[-77.02064709583752,39.04634461388808],[-77.02099039124835,39.04504705278778],[-77.02217152482372,39.047256025723335],[-77.02199988397489,39.047904808236076],[-77.02047544353695,39.046993394191745],[-77.01970810408054,39.04822529162056],[-77.01860770462528,39.0473795172805],[-77.01521033630235,39.04854174505905],[-77.01037973326807,39.04678034653453],[-77.01130829080289,39.048274961447596],[-77.01054078248994,39.04950680251731],[-77.01215101918027,39.05009395436128],[-77.01018656972008,39.054179560764695],[-77.01179158912217,39.05645433118735],[-77.01170039170816,39.05846632991638],[-77.01407313321293,39.05950922191948],[-77.0151789032248,39.05866742341343],[-77.01908152078123,39.05893408591967],[-77.01976314115812,39.05802658031406],[-77.02434227150249,39.059073182949284],[-77.02518545122174,39.06089209087632],[-77.02874992271984,39.06076841030508],[-77.0354642555824,39.05707990248944],[-77.0377609603212,39.05507151327727],[-77.03742736274211,39.052993894441954],[-77.03997645461601,39.0516998725446],[-77.03962879508501,39.05468510169475],[-77.03827079933865,39.0548127115953],[-77.03843761197056,39.055851520229815],[-77.03520693632487,39.05805310541353],[-77.03486383326369,39.05935070874402],[-77.0377515297206,39.058446743073354],[-77.03902383675246,39.05864354236961],[-77.03995313474405,39.06013794620764],[-77.03791834327122,39.059485553071966],[-77.03545471807875,39.060455133308984],[-77.03299585328882,39.05973704900294],[-77.0293407261647,39.061872864223474],[-77.0275584653549,39.06193472577838],[-77.02856845085378,39.0647924363325],[-77.02975503734169,39.06531372748036],[-77.02856352159755,39.06648005353934],[-77.02983594436628,39.06667694720819],[-77.02957360977504,39.06933775825253],[-77.03304786551676,39.0712259705327],[-77.03287626515068,39.071874770828614],[-77.0342345891673,39.07174721950547],[-77.03473977142123,39.07317605101133],[-77.03728489177259,39.07356969930186],[-77.04000624704108,39.071626865620146],[-77.03941520223857,39.07052246049057],[-77.04205524662599,39.06721636905637],[-77.04238904177234,39.069293980719124],[-77.04043042756366,39.07169245929064],[-77.04382389930623,39.07221715655467],[-77.04534462141467,39.07481590850334],[-77.04814259152405,39.075923728354184],[-77.04950096440407,39.07579601006045],[-77.05043954137213,39.073915097990884],[-77.05247922379438,39.07287966717364],[-77.05367480726801,39.07002549073136],[-77.05537154588974,39.070287670014984],[-77.05085933250946,39.075668276921476],[-77.05178470070838,39.07885021866265],[-77.05433011206199,39.07924351824737],[-77.05304867970123,39.08242212047458],[-77.05440283506127,39.08398197194861],[-77.05363133177038,39.08690171149066],[-77.05447556754532,39.08872042976471],[-77.05285976647733,39.089821447829614],[-77.05378105708742,39.09469100991574],[-77.05649419746145,39.09612306176813],[-77.0571671655129,39.09859060077876],[-77.05954608174717,39.09794500332335],[-77.06158214450882,39.09859704682421],[-77.06769859727412,39.097177719771345],[-77.0661644338953,39.09964211575097],[-77.0674375392659,39.099838625551946],[-77.06718049688206,39.10081190228265],[-77.06836794862821,39.10133282810982],[-77.06973073643941,39.099517258614654],[-77.07185259497749,39.09984470682859],[-77.0714242857219,39.101466849733825],[-77.072440458921,39.102636593678085],[-77.07040418550335,39.101984727530386],[-77.07006150366279,39.10328243846968],[-77.06802523348993,39.10263053327415],[-77.06734379758694,39.1035383110011],[-77.06700913146669,39.101460753241405],[-77.06607468811853,39.101654170017575],[-77.06370393943986,39.098924634070066],[-77.06166368579485,39.09996025413279],[-77.0584402281171,39.09878720268468],[-77.0568242632445,39.09988827437706],[-77.0586889169557,39.10118920215295],[-77.05902334388695,39.10326678219615],[-77.06021497389419,39.102100156151934],[-77.06420168257648,39.103728612665634],[-77.06564216865617,39.10496392416493],[-77.06563809794051,39.106651555304204],[-77.06326307675383,39.105609639145634],[-77.0641934741656,39.107103874596035],[-77.06292025024743,39.10690733129751],[-77.06198988154146,39.105413086375144],[-77.06029229864244,39.10515099574296],[-77.06054944866123,39.10417773245097],[-77.05910484239898,39.10462999239695],[-77.05733008544539,39.101317021481854],[-77.05605698151527,39.10112040811187],[-77.05530260574264,39.09728965081983],[-77.0529280388193,39.09624753908228],[-77.05251245386627,39.09280673365529],[-77.05090094457505,39.09222010049329],[-77.0523497337837,39.0900803110242],[-77.05074270207827,39.08780605090512],[-77.0525299518438,39.086056231823726],[-77.05262005338892,39.08404419325519],[-77.05151872853784,39.08319870507514],[-77.05228589798726,39.081966603494955],[-77.05152752293002,39.07982345919387],[-77.04966354562762,39.078522429204924],[-77.04958225349101,39.07715921948923],[-77.0461027618837,39.07695908856224],[-77.0455882606378,39.07890554507036],[-77.04363407335914,39.07961645594235],[-77.04508737167033,39.075789134986245],[-77.04263249617159,39.07338361896829],[-77.04017312307022,39.072665675046245],[-77.03821905060651,39.07337649995626],[-77.03736594922866,39.074932916156754],[-77.03397239731594,39.07440804227419],[-77.03329080073766,39.07531562849766],[-77.03244241105484,39.07518439087978],[-77.03278563209824,39.07388679054542],[-77.03117957067636,39.07161228430851],[-77.02863455194502,39.071218511114104],[-77.02650874668826,39.07257794597005],[-77.02607459842034,39.075887544205415],[-77.02700385062948,39.07738204952851],[-77.02460020761936,39.086465132457285],[-77.02578212418771,39.08867408750734],[-77.02705492806848,39.088871010457666],[-77.0278077271152,39.09270193292438],[-77.02950490188609,39.092964466502956],[-77.03205553712279,39.091670597772264],[-77.03527825299581,39.092844331789905],[-77.03689438767525,39.09174354167922]],[[-77.0575015369651,39.10066818388686],[-77.05699144466338,39.100927066658464],[-77.05741581158806,39.100992602703904],[-77.0575015369651,39.10066818388686]],[[-77.03219467864197,39.072782350621694],[-77.033214641168,39.07226478922516],[-77.03279046381871,39.072199170916306],[-77.03219467864197,39.072782350621694]],[[-77.06156964991874,39.103659935306915],[-77.06123097545913,39.10326999185847],[-77.06114526366625,39.10359441340829],[-77.06156964991874,39.103659935306915]]],[[[-77.07792356371301,38.81581739740621],[-77.07851312745925,38.81692157966753],[-77.07867996914551,38.81796029993891],[-77.07749705748482,38.81743949415831],[-77.07699280902953,38.81601088818994],[-77.07792356371301,38.81581739740621]]],[[[-77.08045251234279,38.819585267772744],[-77.08078626790241,38.821662703536354],[-77.0817986924437,38.822832322959016],[-77.08391255480028,38.82315955199108],[-77.08407948766626,38.824198265647716],[-77.08501032804122,38.82400472143669],[-77.0850139346945,38.82231716001465],[-77.08679029046861,38.8222544764419],[-77.08763228941025,38.82407289980438],[-77.086783159217,38.825629599660864],[-77.08855606939872,38.827254452780195],[-77.08635679267744,38.827251728550905],[-77.08289643625983,38.82367751111373],[-77.08162811029686,38.823481167605955],[-77.07867996914551,38.81796029993891],[-77.08045251234279,38.819585267772744]]],[[[-77.09083018495207,38.83199539732774],[-77.0909972365909,38.833034102615926],[-77.09023682669985,38.832578835080106],[-77.0891353521453,38.83342127440678],[-77.08761455703433,38.83251071179035],[-77.08330098169887,38.83218076713283],[-77.08270756169522,38.83276416882513],[-77.07822712285079,38.83139533105366],[-77.07899493809552,38.82847554731479],[-77.07823841433525,38.82633264439339],[-77.0767179031325,38.82542194866497],[-77.07562785244494,38.82120158340681],[-77.07368473226423,38.82022537973655],[-77.07326586277837,38.818472341517186],[-77.07030671789353,38.81801395657946],[-77.0681970612203,38.8159989356685],[-77.06481533549618,38.81547492310425],[-77.06590872339795,38.81800782095334],[-77.06242090514725,38.82624595728849],[-77.05912414031157,38.8253973796192],[-77.05972607280107,38.82143897014522],[-77.05769352573844,38.82247448296653],[-77.05675837199564,38.82435538240595],[-77.05481542041669,38.82337888236442],[-77.05329092268421,38.82415545980358],[-77.0544823968308,38.82130137632056],[-77.05245849899804,38.818961683182174],[-77.0527147444831,38.81798847690221],[-77.05525105640835,38.81838174292134],[-77.0568522918025,38.82065585644399],[-77.05736467057322,38.818709424933616],[-77.05998641562185,38.81877818856108],[-77.0601571793049,38.81812937405207],[-77.06176270665117,38.818715864002925],[-77.06193345438577,38.818067047048736],[-77.06066528246241,38.81787048897002],[-77.06227494074095,38.81676941256191],[-77.0605924179532,38.81313221848656],[-77.06735564007232,38.81418038170017],[-77.07047738797421,38.81736512789331],[-77.07343650760562,38.81782350872288],[-77.07689612260556,38.82139798831916],[-77.07705916084682,38.8241242724479],[-77.08034493251276,38.83003505869803],[-77.08271122207563,38.831076605928736],[-77.08347521194875,38.82984435689348],[-77.08432083893358,38.82997524148331],[-77.09083018495207,38.83199539732774]],[[-77.08423555110606,38.83029966580864],[-77.08372744503852,38.830558647926104],[-77.08415026251964,38.83062409008632],[-77.08423555110606,38.83029966580864]]],[[[-77.02740225070994,38.88395750002434],[-77.02714543514938,38.884930661069504],[-77.02485880383573,38.88525123169677],[-77.02494442034133,38.88492684629463],[-77.02740225070994,38.88395750002434]]],[[[-77.02401264232033,38.88511994032281],[-77.02511065405153,38.88596564647352],[-77.02527689250175,38.88700444656176],[-77.02367015422324,38.8864174791099],[-77.02401264232033,38.88511994032281]]],[[[-77.03323883514258,38.91525259925791],[-77.03417576327652,38.91337185741847],[-77.03620643931518,38.91402429716186],[-77.03637763812948,38.91337550827141],[-77.03502704058046,38.91181550247857],[-77.03604472896598,38.91129793084699],[-77.03596387833096,38.909934747974944],[-77.03317246940014,38.908826682724],[-77.03555015762063,38.90649398783918],[-77.03403329877338,38.90389518397226],[-77.03276370799837,38.90369833823333],[-77.03395728731877,38.90084442612777],[-77.03768506878991,38.900071707457144],[-77.03971540551075,38.900724088609216],[-77.04021950926163,38.90215286008589],[-77.04360508178898,38.90267754946953],[-77.04470812993422,38.901835508313575],[-77.04911118348069,38.901842396858456],[-77.05139383944517,38.903208953911395],[-77.05070525090856,38.90749176451766],[-77.04926448419491,38.907943895816075],[-77.04714831719207,38.90761607215108],[-77.04782817194591,38.906708433643026],[-77.04579759577338,38.90605618485582],[-77.0438480476006,38.906767079845764],[-77.04003906613747,38.906176804941964],[-77.0371574344584,38.907080802769876],[-77.036986257384,38.907729592204504],[-77.04155618676778,38.908775536089195],[-77.04104275199032,38.91072192249349],[-77.04298784880099,38.911698648552616],[-77.04222231544325,38.912930659635514],[-77.04289769437791,38.91371062525559],[-77.03984463079236,38.91526348442697],[-77.04060558884578,38.91571906575075],[-77.03992555997719,38.91662666572063],[-77.03619695493876,38.91739945340929],[-77.03645376404343,38.91642626959224],[-77.03323883514258,38.91525259925791]]],[[[-77.0359687722068,38.93829921369957],[-77.04105888673878,38.935711224459986],[-77.04588738211208,38.93578381622213],[-77.04131107043503,38.93642561101233],[-77.03766237742254,38.93856162924362],[-77.0359687722068,38.93829921369957]]],[[[-77.02572671010697,38.935361040835474],[-77.02818623243915,38.93439167267524],[-77.03114984143987,38.934851070420414],[-77.03555013156702,38.93654602314944],[-77.03571663443708,38.937584816100866],[-77.03173481258018,38.93764307371287],[-77.02572671010697,38.935361040835474]]],[[[-77.00225972047488,38.935772467428635],[-76.99990234964882,38.93135420910866],[-77.00329449495314,38.930192421211565],[-77.00355178887317,38.92921930392101],[-77.00270515489272,38.92908786634325],[-77.00296245278552,38.92811475042182],[-77.00380907591673,38.92824618622574],[-77.00566293637999,38.931235452786034],[-77.00225972047488,38.935772467428635]]],[[[-77.04722519261347,38.94240646096199],[-77.04485124922358,38.94305180609975],[-77.04553146350202,38.94214417584822],[-77.04722519261347,38.94240646096199]]],[[[-77.0166567906662,38.96468316173882],[-77.01463012205137,38.96234280879671],[-77.01573962910464,38.95981343073191],[-77.01456010955442,38.95760442743244],[-77.01668278037496,38.95624522251884],[-77.01702572154895,38.954947690939754],[-77.01601250054145,38.953777523179426],[-77.01406138355789,38.954487954403554],[-77.01118816626615,38.95201618245536],[-77.01847277443972,38.95280834513256],[-77.01974830909144,38.951317752583485],[-77.02262684882474,38.95210173977214],[-77.02373088847646,38.95125987964101],[-77.02508197575526,38.95282001690826],[-77.025424751088,38.95152246275771],[-77.02746136007725,38.95048746317185],[-77.0267050854289,38.94834421350388],[-77.0300119277322,38.94750608145266],[-77.03214369208582,38.9427714449869],[-77.02951750848615,38.942702090811146],[-77.02968883433795,38.94205330862933],[-77.02841858992463,38.94185641738962],[-77.0281615837182,38.94282958793722],[-77.02646791347651,38.94256704251352],[-77.02800504439396,38.93841561729614],[-77.03037410721281,38.939458178125285],[-77.0317251178374,38.941018240433856],[-77.03113039756394,38.94160140273494],[-77.03324748020817,38.941929501282594],[-77.03512197417693,38.93816799725947],[-77.0359687722068,38.93829921369957],[-77.03511243638286,38.94154316449033],[-77.0320531995045,38.9447834222912],[-77.02991648026196,38.95120564446748],[-77.02805124898124,38.95159190366599],[-77.02711367070403,38.95347260911112],[-77.02397792806704,38.953661889251556],[-77.01880022377274,38.95657356832728],[-77.01921857616522,38.958326820370374],[-77.01768052363146,38.962478148496466],[-77.01877962876928,38.963323919546546],[-77.01758442972739,38.966177710021626],[-77.01834578073965,38.96663343118597],[-77.01664119394829,38.96974593029472],[-77.01579406490016,38.96961458131216],[-77.01520944830602,38.966822490069106],[-77.01572396963455,38.964876195536675],[-77.0166567906662,38.96468316173882]]],[[[-77.03506928077648,38.9867836862611],[-77.03769706066477,38.98685292333163],[-77.03880145321844,38.98601092474132],[-77.03845875396156,38.98730852250332],[-77.03565957941443,38.9878880965425],[-77.03506928077648,38.9867836862611]]],[[[-76.99843010440172,38.9919101594625],[-76.99589941477704,38.988140532071704],[-76.9942048063544,38.98787754439827],[-76.99446242581516,38.986904437801684],[-76.99201222289038,38.984497958042326],[-76.991428399243,38.981705748573695],[-76.99261336474498,38.982227387178895],[-76.99252173008387,38.984239347145454],[-76.99488607133944,38.986970185998814],[-76.997594035449,38.98840349661947],[-76.99843010440172,38.9919101594625]]],[[[-76.99949023927971,39.004569283130515],[-76.99688449633068,38.99774884719813],[-76.99843010440172,38.9919101594625],[-76.99952383240797,38.99444370034864],[-76.99815563121145,38.99794606298553],[-76.99984489752124,38.99989659415303],[-76.99949023927971,39.004569283130515]]],[[[-77.00143173268813,39.007234273332124],[-77.00363094315385,39.00892610530358],[-77.00507399347117,39.008474497695424],[-77.00524022575091,39.00951334271786],[-77.00820675039883,39.009973293865635],[-77.00836763667597,39.01269973580757],[-77.00743959370084,39.01120510784758],[-77.00328750855921,39.010223610564964],[-77.00184995780847,39.00898759751434],[-77.00210754975755,39.0080144718085],[-76.99957051158853,39.00593250843178],[-76.99949023927971,39.004569283130515],[-77.00135142406376,39.00587104894976],[-77.00143173268813,39.007234273332124]]],[[[-76.993935693336,39.017215444460824],[-76.9891994545559,39.01344126065574],[-76.98852958008322,39.01097339128451],[-76.98725235961706,39.01246367635701],[-76.98888497359911,39.00630072885281],[-76.98431562734386,39.00356523109902],[-76.98329628028061,39.00408238500026],[-76.9836400424331,39.002784936345314],[-76.98169330741841,39.00180726654685],[-76.98195114356042,39.00083418380158],[-76.9850030981406,39.00097032767475],[-76.98423564350875,39.002201996467875],[-76.98524902777196,39.00337243228563],[-76.99032806336541,39.00584929283154],[-76.98937714153429,39.01110492723364],[-76.99385551418553,39.01585221302653],[-76.993935693336,39.017215444460824]]],[[[-76.9657006857122,39.01553337821716],[-76.96793731214437,39.00710025104309],[-76.96920853189846,39.00729776352671],[-76.97142574792194,39.003927373230674],[-76.97694646274188,39.00140781743407],[-76.97890527725822,38.99901036864944],[-76.97907111422828,39.000049247097465],[-76.97728421109314,39.001797983384506],[-76.97329262143354,39.00354196239793],[-76.97065176352444,39.00684655615375],[-76.97073149789512,39.008209800537244],[-76.96946025806743,39.00801230361835],[-76.96688601776704,39.01605526523415],[-76.9657006857122,39.01553337821716]]],[[[-76.9865648604337,39.01505859704117],[-76.98665669869207,39.01304663167002],[-76.98809993612363,39.012595221056664],[-76.98571133787067,39.016614642716796],[-76.98478371053285,39.01511984450267],[-76.9865648604337,39.01505859704117]]],[[[-76.98196501710434,39.020761014729466],[-76.97815056869243,39.0201688287875],[-76.98307056956689,39.01991950762189],[-76.98290463016309,39.01888063118225],[-76.98571133787067,39.016614642716796],[-76.98553351967638,39.01895097299337],[-76.98349439709864,39.019985295047995],[-76.9847599416631,39.02187025097083],[-76.98357438659697,39.02134853409129],[-76.98195900943398,39.022448617075874],[-76.98196501710434,39.020761014729466]]],[[[-76.99696572091874,39.024101705283],[-76.99528736663804,39.018775921969755],[-76.99613503123327,39.018907411954544],[-76.99696572091874,39.024101705283]]],[[[-76.99924562720842,39.02715685127678],[-77.00322686139779,39.028787240892015],[-77.00314097864657,39.029111618051836],[-76.99983570947617,39.02826143903129],[-76.99924562720842,39.02715685127678]]],[[[-77.00314097864657,39.029111618051836],[-77.00704196592044,39.02937865735356],[-77.00652675583729,39.0313249357089],[-77.00373113594395,39.03021618765837],[-77.00314097864657,39.029111618051836]]],[[[-76.96641128402496,39.02949023631595],[-76.96955674187662,39.027614805311856],[-76.96947700825172,39.02625155583487],[-76.97057651648365,39.027097762237034],[-76.97270203749466,39.02573929523143],[-76.97371556411142,39.02690982968291],[-76.97643073472807,39.02665600762755],[-76.97795419669566,39.02756795893638],[-76.97778220785663,39.02821667810432],[-76.97142423337132,39.027229421087185],[-76.96717297709186,39.02994627595977],[-76.9656368262472,39.03240940023399],[-76.96436517720873,39.03221185035953],[-76.96641128402496,39.02949023631595]]],[[[-77.01735640282253,39.04043206821714],[-77.01769454926013,39.04082212670701],[-77.01175890026268,39.03990260217287],[-77.01735640282253,39.04043206821714]]],[[[-77.00360120390363,39.04404142763555],[-77.00691266492628,39.043203898815676],[-77.00342940493765,39.04469018411551],[-77.00360120390363,39.04404142763555]]],[[[-76.97566886310557,39.04950215958772],[-76.97279319641034,39.04702946134806],[-76.97094400024626,39.04235204212098],[-76.96916216860039,39.04241306577717],[-76.96839400818402,39.043644645076505],[-76.96720821552282,39.04312277003507],[-76.96763850586765,39.04150100431992],[-76.96662487369586,39.04033041738304],[-76.96773724052848,39.03780143761873],[-76.96418663503613,39.03454815608132],[-76.9648687117998,39.03364095562942],[-76.96410699448354,39.033184901568994],[-76.96537865983693,39.03338245411943],[-76.96706151544277,39.03702104825136],[-76.96875717093644,39.03728440859513],[-76.96747273770488,39.04046210350198],[-76.96814849918358,39.04124249109109],[-76.96780427876762,39.04253990510199],[-76.96942031644117,39.04144000253037],[-76.97145398777863,39.042093515282545],[-76.97298392861568,39.041317922273045],[-76.97221584450533,39.042549524974106],[-76.97348148941671,39.04443460300688],[-76.97330321017711,39.046770926708454],[-76.97609900247542,39.047880362780816],[-76.97736484087628,39.04976540298506],[-76.97566886310557,39.04950215958772]]],[[[-76.98162891016898,39.04367297180683],[-76.9801850156664,39.04412430954781],[-76.98019106630326,39.04243670111154],[-76.98162891016898,39.04367297180683]]],[[[-76.97450147202414,39.043917526225684],[-76.97662127803714,39.0442465964613],[-76.97993305907315,39.04340978690376],[-76.97925107864057,39.04431707159],[-76.97695922364659,39.04463676606833],[-76.97450147202414,39.043917526225684]]],[[[-76.95969725027264,39.05478954481723],[-76.95794137653611,39.04809996844013],[-76.96163031581605,39.03752822418288],[-76.96147112701944,39.03480171076644],[-76.95902040217102,39.03239456122809],[-76.95961644310452,39.0318117366537],[-76.9611398021974,39.032723895008104],[-76.96239852617433,39.03629668800413],[-76.95896152107721,39.04758301894305],[-76.96064438421968,39.05122170890091],[-76.95969725027264,39.05478954481723]]],[[[-76.9538792075852,39.10994890129223],[-76.95244722477617,39.107024667548814],[-76.9542506307402,39.10190100528051],[-76.95051160681913,39.10267123939694],[-76.95272590761562,39.1009887510765],[-76.95544392006623,39.10073538455226],[-76.95716738132053,39.09424841110565],[-76.96099854911057,39.09146600404327],[-76.96134312282729,39.09016859749686],[-76.95854592876141,39.089058820858455],[-76.95838018210625,39.08801989906309],[-76.96151540507128,39.08951989398363],[-76.96347710395469,39.08712265223943],[-76.96874610826167,39.085576483494414],[-76.97121773705156,39.08292060164291],[-76.97588995982153,39.0819570165889],[-76.97666453375777,39.07903776326337],[-76.97514000899815,39.07812578789901],[-76.97421800601171,39.074943276904186],[-76.9749987458812,39.0703364212458],[-76.97084372109654,39.06935382914275],[-76.97058549316812,39.07032690013508],[-76.96846495383383,39.06999772537333],[-76.96693436105728,39.070773266638156],[-76.96770283292572,39.069541690468434],[-76.96948533087134,39.06948068744987],[-76.97067784359533,39.068314927511715],[-76.97517085923393,39.06968770117691],[-76.97678738903303,39.0685876975034],[-76.97569949464102,39.06436631004606],[-76.978932252628,39.06216627023709],[-76.97944842012322,39.06022009605008],[-76.97792425508992,39.05930815793646],[-76.9768364335493,39.05508678741171],[-76.97922678650043,39.05106751030472],[-76.98007479855013,39.051199110644646],[-76.97964472823895,39.05282092215626],[-76.98278486310974,39.05263275954491],[-76.98252685441244,39.05360585244846],[-76.97904867563511,39.053403844945045],[-76.9797985774126,39.05723503299695],[-76.9835230052135,39.05983915048214],[-76.98360303910454,39.06120239882009],[-76.9872476998688,39.06244315751511],[-76.9883420994264,39.064976826857375],[-76.99113882151296,39.06608592799336],[-76.993007186958,39.06570021665534],[-76.99673819017663,39.0666163256682],[-76.99614216154058,39.06719933188925],[-76.9914769465901,39.06647605959913],[-76.99163733036453,39.069202549535795],[-76.99908291326733,39.07609759421255],[-76.99772444634263,39.076224761380125],[-76.99780476467612,39.07758800458243],[-76.99738058825862,39.077522265341095],[-76.99713400673194,39.07512015432548],[-76.99264600438664,39.07206055562058],[-76.98978052781096,39.06621300808934],[-76.9881701147838,39.065625564613796],[-76.9863135462049,39.06263597327773],[-76.98334501094236,39.06217549489664],[-76.98148872892365,39.05918583330781],[-76.97903044057873,39.058466681252355],[-76.98139668932768,39.06119781066407],[-76.98096658935167,39.062819629615724],[-76.97824398630435,39.06476116686773],[-76.97840996383873,39.06580005773119],[-76.97756178445594,39.065668445685816],[-76.97848381619936,39.06885092651768],[-76.97576092089865,39.07079241146645],[-76.97652310547976,39.07124839704972],[-76.97599448031889,39.07656979830848],[-76.97861936012184,39.07832790571561],[-76.97732851248172,39.083193345785666],[-76.98250489974026,39.08365857734461],[-76.98343335514312,39.08515341045134],[-76.9880136713824,39.0862013571581],[-76.98885625645458,39.08802052047543],[-76.99055318101429,39.0882835856507],[-76.99257682001556,39.092312004633676],[-76.99656147471963,39.093942626862045],[-76.99698008142785,39.09569599403119],[-77.00071267509315,39.09661198878584],[-77.00172208666314,39.09946993569917],[-76.99960615997776,39.09745366437975],[-76.9966361178973,39.0969935006312],[-76.99723238698763,39.096410488835865],[-76.99401586160975,39.093548143042554],[-76.99147027614347,39.09315360711935],[-76.99046135555531,39.09029558038135],[-76.9873313902315,39.08710869316398],[-76.98317523966047,39.08612651041457],[-76.98267098135501,39.084697466092585],[-76.97630799870325,39.08371044940908],[-76.97426692757439,39.08474463166472],[-76.97426073582841,39.08643225258707],[-76.98084584953372,39.09657201836322],[-76.97906269648394,39.09663318465064],[-76.97324015473153,39.086949331330224],[-76.97308042205962,39.084222808851074],[-76.97223203729868,39.08409115998204],[-76.96372261354028,39.08952483521226],[-76.96268899209916,39.09341707225243],[-76.96919331215081,39.10219419620453],[-76.97971484035494,39.10416402115335],[-76.98285120049026,39.105663482438224],[-76.98216867207303,39.10657079344148],[-76.98386003510652,39.108521579287235],[-76.98216266203731,39.10825842171805],[-76.98105575461138,39.10909993404206],[-76.98114786434148,39.1070879390881],[-76.97682460502247,39.10506664530221],[-76.97697226262126,39.11116843109895],[-76.97561310115734,39.111295357392166],[-76.97526868210329,39.112592808710566],[-76.97306077191912,39.11258807249268],[-76.97400180326667,39.110707725352995],[-76.97332533269174,39.109927359715364],[-76.97468447255707,39.109800458465784],[-76.97451844776849,39.108761554114736],[-76.97545322588732,39.10856882538265],[-76.97521343548338,39.10447902967051],[-76.97411270208823,39.10363285258033],[-76.9696974267811,39.10362329990546],[-76.96732388179099,39.102579552040844],[-76.96681982109322,39.10115043900027],[-76.96410826180485,39.09971642911447],[-76.96344488822704,39.095560763171115],[-76.96005743046626,39.093346245839356],[-76.9542373140511,39.10527625650949],[-76.95525165280907,39.10644695834653],[-76.95414446129445,39.10728823074304],[-76.9568429096412,39.11209771597684],[-76.9538792075852,39.10994890129223]]],[[[-76.9417702928001,39.122253155649624],[-76.93889289997475,39.119779639461534],[-76.94228094520236,39.12199474479144],[-76.94263292780197,39.119009752244416],[-76.94486854149515,39.11226451267335],[-76.94554472809155,39.1130450334653],[-76.94364036505957,39.12186818262682],[-76.94098688704358,39.1268598476377],[-76.9403106208084,39.126079299939875],[-76.9417702928001,39.122253155649624]]],[[[-76.94990649291132,39.12655648952085],[-76.95007896362692,39.125907797313786],[-76.95263216995268,39.124615550651974],[-76.95186285977621,39.12584704645344],[-76.94990649291132,39.12655648952085]]],[[[-76.97715090216687,39.13213456273336],[-76.97818429956064,39.12824217628883],[-76.9788609929461,39.129022518294164],[-76.97715090216687,39.13213456273336]]],[[[-76.96263295571121,39.13022055110721],[-76.9659615953938,39.12600883273479],[-76.96527226056614,39.12860368876088],[-76.96262648972343,39.131908186240196],[-76.96263295571121,39.13022055110721]]],[[[-76.97093104117478,39.1372490786077],[-76.9743456564038,39.13271276883067],[-76.97630195029515,39.13200294043266],[-76.9764680537346,39.13304184715539],[-76.97867658601673,39.13304652287906],[-76.98190629314874,39.13253401325328],[-76.9827612596693,39.1309779609129],[-76.98412077701086,39.13085095598218],[-76.9826691643383,39.1329899665117],[-76.98394262791548,39.13318733263202],[-76.98368434852318,39.1341604426881],[-76.98130960441337,39.13311695562768],[-76.97841823655868,39.13401962196976],[-76.97510848199798,39.13316876848202],[-76.97220454753239,39.13744656509023],[-76.97093104117478,39.1372490786077]]],[[[-76.95998047808621,39.13521262961492],[-76.95692292852254,39.1350758672085],[-76.95769225065571,39.13384433783469],[-76.95319559609528,39.132470915326756],[-76.9502311705303,39.130322005068244],[-76.94827466717311,39.131031423096914],[-76.94861965593044,39.12973404189739],[-76.94734634899629,39.12953631423255],[-76.94479287561501,39.130828453626556],[-76.94427527750706,39.13277450969394],[-76.93867119179595,39.132241741093665],[-76.94072107979551,39.129520500298746],[-76.94038991653241,39.12744259297064],[-76.9414113005037,39.12692577997636],[-76.94096597996382,39.13192274783662],[-76.94223931136672,39.1321205409232],[-76.94539670501442,39.12855805311602],[-76.94845395844627,39.12869509871224],[-76.94846075348413,39.127007465417144],[-76.9492301336405,39.125775990379964],[-76.94990649291132,39.12655648952085],[-76.94921657923761,39.12915125679376],[-76.95252584723868,39.13000279863017],[-76.95667748986861,39.13267364960869],[-76.9576988314841,39.13215670230563],[-76.95795087721277,39.132871281855664],[-76.96177108082843,39.133464100412915],[-76.95939013304147,39.13410783080973],[-76.95998047808621,39.13521262961492]]],[[[-76.96432434474144,39.132171611749584],[-76.96262002343514,39.133595821943565],[-76.96177108082843,39.133464100412915],[-76.96305095232314,39.13197404478935],[-76.96432434474144,39.132171611749584]]],[[[-76.9179893109239,38.81660707407514],[-76.9256178821612,38.812732334064364],[-76.92715075772695,38.81026977740684],[-76.91946626980908,38.80771871280545],[-76.91921572462496,38.80700408997785],[-76.9161720092481,38.80686633233358],[-76.91617952115273,38.80517878139118],[-76.91845665951102,38.80654776978087],[-76.92791715669547,38.80903849218739],[-76.93182039803942,38.80593278231748],[-76.93570918764578,38.8062020540384],[-76.93638243901319,38.80698258979563],[-76.93579510778645,38.80587773317811],[-76.93741340538867,38.80309073031071],[-76.93276566426358,38.80236527991695],[-76.92432278565401,38.79935828185819],[-76.92034842250794,38.79941296268033],[-76.92229630357987,38.798704018786914],[-76.92221770329138,38.797340780020996],[-76.9330234480966,38.80139232367791],[-76.93851617276061,38.802249643887805],[-76.93825845916113,38.803222611642354],[-76.93910351598916,38.803354487207855],[-76.94105131999373,38.80264524797156],[-76.94241169531354,38.800831153453075],[-76.94435254030692,38.80180941409695],[-76.94418764844345,38.80077051553871],[-76.94808975466049,38.79766429529895],[-76.95146981381407,38.79819149426864],[-76.95325234854776,38.79644317478895],[-76.95578737387589,38.79683847690553],[-76.95747085029755,38.7987895347952],[-76.95729265863005,38.80112575843236],[-76.95905556769522,38.80444001272798],[-76.96184185524054,38.80554973316837],[-76.96167024659565,38.806198410944695],[-76.95964323965018,38.80554475881775],[-76.95920764701452,38.808853998978684],[-76.95767588361244,38.811316952007246],[-76.95581384769488,38.81170211844702],[-76.95453944837668,38.81319202804516],[-76.9550412783527,38.81462113106181],[-76.95352255088793,38.81370892467297],[-76.95378009791276,38.81273592415647],[-76.95649394468047,38.81079499111953],[-76.95854066610076,38.806386033669476],[-76.95527243875283,38.798784482831586],[-76.95315986171019,38.79845505915665],[-76.95188563961132,38.79994493951603],[-76.94909296792596,38.80052254743414],[-76.94917207388929,38.80188576949687],[-76.94595677620704,38.802397404085255],[-76.94654423332062,38.80350221211944],[-76.94180356710106,38.80478898155822],[-76.93772898497488,38.80854365050624],[-76.93584574322712,38.81399117588481],[-76.93287339431114,38.816904614798425],[-76.93363265741297,38.81736084707575],[-76.93524422086337,38.81626142294274],[-76.93583162736671,38.81736628331265],[-76.94479244612448,38.81842653745374],[-76.94588853471002,38.81927293877745],[-76.93861805530497,38.8184765277774],[-76.93793766434953,38.819383557604226],[-76.9360823709592,38.81808087324407],[-76.93041656851787,38.817872078867744],[-76.93425552252305,38.81002794830675],[-76.93494295001594,38.80743338714074],[-76.93376123672228,38.80691120947329],[-76.93037371810217,38.8080710785612],[-76.929091649173,38.81124827817677],[-76.92315374943878,38.81538720656152],[-76.91739469616144,38.81718968191801],[-76.91621295045036,38.816667336270044],[-76.9168075703943,38.81608473413235],[-76.9179893109239,38.81660707407514]]],[[[-76.97827984345736,38.81993001788665],[-76.9793823940438,38.81908856613834],[-76.98639624518577,38.82085565333164],[-76.98444839600735,38.82156560715435],[-76.98267794472352,38.81993926566401],[-76.97827984345736,38.81993001788665]]],[[[-76.92640481883535,38.826364726794175],[-76.92965011891759,38.819103380645636],[-76.93379743642828,38.818399761386274],[-76.93048097969347,38.82261042378122],[-76.93012993031975,38.825595249298665],[-76.92792347059493,38.82727726692005],[-76.92640481883535,38.826364726794175]]],[[[-76.96601340755254,38.843010158310356],[-76.96255176371909,38.84112013486635],[-76.96466561945938,38.84144939969525],[-76.96601340755254,38.843010158310356]]],[[[-76.99213020740117,38.850789248091885],[-76.99027894757707,38.84779980906248],[-76.98901045199338,38.84760251661077],[-76.9891819148223,38.84695379817368],[-76.99129605990304,38.847282608763486],[-76.99213020740117,38.850789248091885]]],[[[-76.97828120373767,38.86653301962077],[-76.97684079785262,38.86698430691575],[-76.97676110371233,38.86562109315989],[-76.97802987973257,38.86581851143762],[-76.97828120373767,38.86653301962077]]],[[[-76.96030155026565,38.87622965360533],[-76.958702107567,38.873954278873335],[-76.96115397114228,38.874673813548135],[-76.96165635422197,38.8761028993901],[-76.96030155026565,38.87622965360533]]],[[[-76.9618281276078,38.87545421671395],[-76.96385709873256,38.876107838011634],[-76.96351358194396,38.87740520890191],[-76.96309060170796,38.877339354618144],[-76.9618281276078,38.87545421671395]]],[[[-76.95414179424948,38.8928317577914],[-76.94789549409155,38.888143841157266],[-76.94493431097939,38.88768245714211],[-76.94519223416624,38.88670946647238],[-76.94367212743727,38.88579713195506],[-76.94410201255653,38.88417548535774],[-76.94983873855459,38.88912202519008],[-76.95389726331854,38.89042962934924],[-76.95414179424948,38.8928317577914]]],[[[-76.9273368375633,38.94404368848517],[-76.92354156418527,38.94007467437473],[-76.91947336839158,38.940453645652944],[-76.91726318163892,38.942135496941674],[-76.91447234688873,38.94102475536424],[-76.92253005305628,38.93890374618083],[-76.92506987152866,38.93929968392825],[-76.92793240879773,38.94346102396837],[-76.93098185689082,38.94359849467927],[-76.93208682677383,38.94275745152397],[-76.93276130206799,38.94353801967664],[-76.93072354225498,38.94457146307348],[-76.9273368375633,38.94404368848517]]],[[[-76.86388597423803,38.97534742168897],[-76.86583911407281,38.974639350925806],[-76.86635768466506,38.972693675897034],[-76.86822431226926,38.97230984712424],[-76.86535534780616,38.96983469415871],[-76.86323821365387,38.96950372931604],[-76.86383450625226,38.968921370532875],[-76.86595162617559,38.969252325173464],[-76.86653921538633,38.97035753507402],[-76.86975388533776,38.971535534762985],[-76.86958106457051,38.9721840979011],[-76.87254520731034,38.972647287249984],[-76.8764595854195,38.96954326047423],[-76.88146286446376,38.96897368099477],[-76.8832512631019,38.96722633364808],[-76.882663445409,38.96612120341271],[-76.88096976002399,38.965856670816144],[-76.87672715744253,38.96688281976284],[-76.87333980670185,38.96635356934885],[-76.87121416660023,38.967710322265816],[-76.8696068912757,38.96712135205587],[-76.87190533049119,38.96511606127541],[-76.87030669863181,38.96283951973885],[-76.86785276439103,38.962118179565316],[-76.86725655967604,38.962700557071756],[-76.86666902138474,38.96159535181928],[-76.86794781704788,38.960106320040595],[-76.87006469928014,38.960437204074374],[-76.87149048800063,38.96336231287484],[-76.87529261320854,38.96564535075278],[-76.87834289089841,38.96578411593258],[-76.87995857557438,38.964685391242384],[-76.88325955485892,38.96553875158928],[-76.88402833117709,38.96430771463816],[-76.88040706087094,38.95968878749917],[-76.88227328087464,38.95930474814194],[-76.88429560731281,38.961647259672525],[-76.8850395758708,38.96547896097975],[-76.88783089901041,38.96659036862036],[-76.89181441525747,38.966536730451935],[-76.89385334233503,38.96550392303035],[-76.89505338046473,38.96265132705554],[-76.8915096902161,38.959396007420146],[-76.89042024890063,38.9568615298615],[-76.89506139807348,38.96096374535796],[-76.89657448265676,38.96356426716488],[-76.90089498973389,38.96390071971121],[-76.90072246459013,38.9645493254485],[-76.9030905527545,38.96559432029869],[-76.9010438748949,38.968314863005055],[-76.89876200290098,38.96694552711953],[-76.89655851666076,38.96693943246478],[-76.89681736738102,38.96596653213419],[-76.89554706631912,38.965768279755565],[-76.89113205697863,38.96744351977368],[-76.89087312500804,38.96841640845536],[-76.88460789465995,38.96710042022934],[-76.88281953168607,38.96884778709583],[-76.88289757921024,38.97021107927806],[-76.87662389281125,38.97058227046694],[-76.87440330339558,38.97395094855999],[-76.86974527972168,38.97322311740926],[-76.86999591133439,38.9739378549855],[-76.86863912705488,38.97406360877716],[-76.86565755019619,38.976975492227744],[-76.86388597423803,38.97534742168897]]],[[[-76.9485030339142,39.03211061409345],[-76.94843047663501,39.02905974715035],[-76.94978814852612,39.02893311991315],[-76.95030486004794,39.026987078061865],[-76.94767571430644,39.026915990325776],[-76.94998063992823,39.02322163386629],[-76.95141759028621,39.02445825018764],[-76.95115926185329,39.02543127320702],[-76.95243075644505,39.02562895807202],[-76.95651014347096,39.02356129902976],[-76.95539760403955,39.02609017215421],[-76.95149698341423,39.02582151082735],[-76.95106642588505,39.0274432162926],[-76.95166248998049,39.02686043037773],[-76.95360949183049,39.02783857504363],[-76.95198681340983,39.03062587247097],[-76.95376170777571,39.03225269899065],[-76.95511942999379,39.032126013403165],[-76.95554992486363,39.030504292613735],[-76.95834482087562,39.031614125156466],[-76.9605567768041,39.02993151880314],[-76.96436517720873,39.03221185035953],[-76.96410699448354,39.033184901568994],[-76.96325922141999,39.033053192638704],[-76.96233184593552,39.031558222648854],[-76.95978860249697,39.031163042263685],[-76.95859652446944,39.03232869013423],[-76.95580159715237,39.03121886312186],[-76.95443724581523,39.03303316007628],[-76.95291396432297,39.032120919464674],[-76.9485030339142,39.03211061409345]]],[[[-76.93453094401218,39.04648663561297],[-76.932411263412,39.04615684698813],[-76.93394170612187,39.04538173439607],[-76.93496908349628,39.04317737599253],[-76.93962524842235,39.04559037358692],[-76.94234123551233,39.04533729607538],[-76.94157258989638,39.04656871008023],[-76.93928049843481,39.046887709467],[-76.93547211619962,39.04460660305223],[-76.93453094401218,39.04648663561297]],[[-76.93902893428735,39.04617310357779],[-76.9395390620789,39.0459147076193],[-76.93911512321276,39.04584876988485],[-76.93902893428735,39.04617310357779]]],[[[-76.94730589766883,39.07650533883116],[-76.94171307550036,39.074285096683056],[-76.9420579120251,39.072987747741664],[-76.94256129046613,39.07441695363778],[-76.94391981989851,39.07429038955515],[-76.94747827281773,39.07585665642027],[-76.94730589766883,39.07650533883116]]],[[[-76.90873839106577,39.08367806319685],[-76.9097593849574,39.0831615145384],[-76.91002615619651,39.08050095185691],[-76.90884018153012,39.079978516283404],[-76.91012019614274,39.07848902092205],[-76.90910697473672,39.07731795713309],[-76.9069001410994,39.07731204604487],[-76.90750470956775,39.07504185292694],[-76.90971147431901,39.0750477532773],[-76.90988418154886,39.07439912323694],[-76.90818787379058,39.074134957465674],[-76.90895737655254,39.072903744090056],[-76.90819559871291,39.07244734405552],[-76.91205803066188,39.06291601191056],[-76.91046366137272,39.05895234221014],[-76.90860274599791,39.05764920278711],[-76.90664779253994,39.05835795613948],[-76.90665555153888,39.05667034759846],[-76.90810015133326,39.056219863719306],[-76.90827282820965,39.05557123810736],[-76.90954473322327,39.05576936307853],[-76.91342400051772,39.06110217128359],[-76.91213672758566,39.06427930664671],[-76.91417810759609,39.06324614880573],[-76.91621189203366,39.06390056840813],[-76.91366017111396,39.06519205241805],[-76.91356624635982,39.06720398117121],[-76.9122077965969,39.06733021324898],[-76.91066899314377,39.069792673280936],[-76.90939683966171,39.069594559322894],[-76.90922413949943,39.070243188120486],[-76.91134441729312,39.07057337380417],[-76.9098918671106,39.07271150964055],[-76.91283751537689,39.078236587048146],[-76.91104709629782,39.07998439292229],[-76.91018351484615,39.0832275528971],[-76.91195875797744,39.08485499181883],[-76.91118917951006,39.086086226483005],[-76.9100107893058,39.08387618440499],[-76.90873839106577,39.08367806319685]]],[[[-76.89734296363716,39.07008109157551],[-76.89708374914491,39.07105400965855],[-76.8964948814043,39.0699489260902],[-76.89479872619195,39.06968457776432],[-76.89565481790753,39.068129143523564],[-76.89464197399195,39.0669579640136],[-76.89718611513925,39.067354480840464],[-76.89897655639932,39.06560687868797],[-76.89964389340571,39.06807525319556],[-76.89761014136245,39.067420561916556],[-76.8972645379172,39.06871778606515],[-76.9000441854147,39.073204162184766],[-76.89682452771275,39.07202692737217],[-76.89742139229931,39.07144439737233],[-76.89734296363716,39.07008109157551]]],[[[-76.93143411102363,39.076401922346676],[-76.93202356230103,39.0775068415591],[-76.93151318602935,39.07776520810654],[-76.93141973929256,39.07977715491145],[-76.93057148198491,39.07964522177841],[-76.93143411102363,39.076401922346676]]],[[[-76.93719220199898,39.079661576397534],[-76.93185104529117,39.07815550271983],[-76.93193730418106,39.0778311721598],[-76.93499239821823,39.0779685473378],[-76.93685430705042,39.079271296197916],[-76.93914743054519,39.078952339725994],[-76.93846460742755,39.07985940614134],[-76.94015417537791,39.081810776551116],[-76.93719220199898,39.079661576397534]]],[[[-76.93343272304853,39.085494147973336],[-76.932764078389,39.08302594724411],[-76.93141973929256,39.07977715491145],[-76.93369863610705,39.082833533412185],[-76.93343272304853,39.085494147973336]]],[[[-76.93494977394117,39.08809425547776],[-76.93308767318112,39.086791475957334],[-76.93343272304853,39.085494147973336],[-76.93520854220242,39.08712125543731],[-76.93494977394117,39.08809425547776]]],[[[-76.93655318657798,39.090370011207604],[-76.93451136272813,39.091403541765686],[-76.93494977394117,39.08809425547776],[-76.93570479628782,39.09023811285418],[-76.93655318657798,39.090370011207604]]],[[[-76.91514140483218,39.0944699328497],[-76.91709724707114,39.093761041166886],[-76.91727744884567,39.09142477873099],[-76.91888786008414,39.09201314365665],[-76.92084359963843,39.09130419335256],[-76.9210236748663,39.08896792656352],[-76.92374134807169,39.08871525378557],[-76.91496112681901,39.096806193528295],[-76.91266733372099,39.09712470475649],[-76.91514140483218,39.0944699328497]]],[[[-76.89283276368789,39.09032018733028],[-76.89522892121859,39.086302502458395],[-76.8973496039925,39.08663292791218],[-76.89657176281602,39.0895516899757],[-76.90276136415825,39.091191412011526],[-76.90411245487564,39.092752901614105],[-76.90097827803693,39.09125145808915],[-76.89910876793031,39.09163578721268],[-76.89503999123859,39.090326348240566],[-76.89435651068483,39.091233174123644],[-76.89359463239987,39.09077668304242],[-76.89298949839574,39.093046815077045],[-76.89214115602294,39.092914619318336],[-76.89128469704872,39.09447003645411],[-76.89198445343443,39.0901879905696],[-76.89283276368789,39.09032018733028]]],[[[-76.93312390582764,39.09828049002475],[-76.93024054159159,39.09749440727947],[-76.93041311889992,39.09684574601784],[-76.93312390582764,39.09828049002475]]],[[[-76.92632887444549,39.09891257457097],[-76.9259119543452,39.0971589688917],[-76.92770243903442,39.095410943286936],[-76.92676040766855,39.09729093425927],[-76.92801855952378,39.10086411691084],[-76.92632887444549,39.09891257457097]]],[[[-76.92911871396987,39.101710701586214],[-76.92783140788146,39.10488802336248],[-76.92875900943146,39.10638327065003],[-76.92714819969608,39.105795032013226],[-76.92801855952378,39.10086411691084],[-76.92911871396987,39.101710701586214]]],[[[-76.8670296192907,39.10588842397526],[-76.86922868406215,39.107582664523854],[-76.87304683217504,39.10817820521317],[-76.87449266459207,39.10772810787223],[-76.87603349775235,39.10526607861748],[-76.88257002803073,39.10560963673154],[-76.88461298982244,39.10457695679353],[-76.88682064983222,39.104583263685264],[-76.8875908372145,39.10335217565655],[-76.89056044664106,39.103814945103146],[-76.89328685546366,39.101875315993155],[-76.8928545478445,39.10349684141381],[-76.8916602091765,39.10466186169446],[-76.88945254635962,39.104655640744646],[-76.88902013660929,39.106277153693284],[-76.88588568827035,39.10477532576965],[-76.88231048891565,39.10658253043292],[-76.8767088794539,39.106046972517134],[-76.87483035679102,39.10811855963625],[-76.87253603075088,39.10843633098536],[-76.87270059618417,39.10947537086166],[-76.87168754589801,39.10830399524501],[-76.86905553494219,39.108231242036325],[-76.86719410019359,39.10692747062849],[-76.86540187599331,39.10867462813698],[-76.8670296192907,39.10588842397526]]],[[[-76.88397429583198,39.11359754522062],[-76.8785536282423,39.11072584682292],[-76.87932402085212,39.10949480856008],[-76.88373963925275,39.10950757099172],[-76.88118573908149,39.11079839898462],[-76.8860174623175,39.11256484061121],[-76.88857133872823,39.111273912926094],[-76.89018195743613,39.11186265197699],[-76.89222498686705,39.11082984570724],[-76.89402467688637,39.107394677309514],[-76.89648377848445,39.108115517563036],[-76.89937513237676,39.10721476102353],[-76.90192070923305,39.107611183894136],[-76.9003021778675,39.108710221240514],[-76.89410308355865,39.10875799470658],[-76.8928222071664,39.11024733356359],[-76.89323840353761,39.112001054519695],[-76.88882263190632,39.11198862944225],[-76.88669301920991,39.11334568136779],[-76.88397429583198,39.11359754522062]]],[[[-76.91684176944169,39.11297354231857],[-76.91503544983934,39.118096672469385],[-76.91851654777699,39.11830047455108],[-76.91834381324816,39.11894912197336],[-76.91410038897584,39.118288947244906],[-76.91684176944169,39.11297354231857]]],[[[-76.87872669850425,39.11007725577285],[-76.87498645416373,39.11084521927639],[-76.87261403525436,39.10979966217393],[-76.87414645656445,39.10902527743448],[-76.87872669850425,39.11007725577285]]],[[[-76.92191872448734,39.11714087685341],[-76.92114897277777,39.118372180765704],[-76.91851654777699,39.11830047455108],[-76.92132168088345,39.11772352952017],[-76.92166708784085,39.11642622655658],[-76.92191872448734,39.11714087685341]]],[[[-76.87335036630463,39.11531915449669],[-76.87445010234003,39.11616622520693],[-76.87563642044456,39.11668899251912],[-76.87393924972774,39.11642435714478],[-76.87335036630463,39.11531915449669]]],[[[-76.85103771287065,39.11116189186044],[-76.85128863634196,39.11187668416826],[-76.85153956475159,39.112591476068765],[-76.85042200771805,39.11511944783882],[-76.85103771287065,39.11116189186044]]],[[[-76.91219206838988,39.12711162339178],[-76.91193284927273,39.12808458297897],[-76.90837260418027,39.126517282738526],[-76.90692660776561,39.12696777571776],[-76.90667508459902,39.12625309370436],[-76.90607784379652,39.12683567421418],[-76.90370445505093,39.12579070716998],[-76.90302074893,39.1266975868989],[-76.89580644087832,39.12557431304355],[-76.8964902265064,39.12466747318378],[-76.89861203526655,39.124997879540736],[-76.89895788245535,39.12370063784266],[-76.89946076417607,39.12513003195232],[-76.90115823126091,39.12539431940749],[-76.90074176690418,39.12364062036799],[-76.90217986551355,39.1248778288921],[-76.90447458112412,39.12455950947141],[-76.90525247962918,39.12164067833939],[-76.90703630827655,39.121580570589295],[-76.91002216198603,39.11866762004049],[-76.91120877688708,39.119190048173664],[-76.91367605079138,39.11822292181191],[-76.91392761503619,39.11893758853014],[-76.9097629439376,39.1196405734804],[-76.90941730906988,39.12093784418236],[-76.90754707949567,39.12132230242326],[-76.90575547096822,39.12307004640806],[-76.90753158875577,39.12469756098879],[-76.90846674951709,39.12450533536903],[-76.90829391047443,39.125153969619866],[-76.91058860800597,39.124835537357356],[-76.91084016477407,39.125550211253476],[-76.91262408481758,39.125490023297296],[-76.91245128056156,39.12613866345253],[-76.91576753457507,39.12530355222541],[-76.91609798358752,39.12738152416951],[-76.9178819442535,39.127321260764454],[-76.91702563085485,39.128876865572714],[-76.91490362502502,39.12854677315634],[-76.91491119967736,39.126859141849415],[-76.91219206838988,39.12711162339178]]],[[[-76.88112723529038,39.12261177738677],[-76.88180283305836,39.1233926462506],[-76.87840814576029,39.12286351998786],[-76.87663272551126,39.121235590102316],[-76.87628649131834,39.12253276904108],[-76.87501350792895,39.12233430110744],[-76.87553288726414,39.12038853785504],[-76.87393072419086,39.118111982323384],[-76.87784444779896,39.116695458830804],[-76.87776633771925,39.115332129099954],[-76.87903920591346,39.11553056857997],[-76.87877958405656,39.11650345677939],[-76.88141190448684,39.1165760042368],[-76.88115231067397,39.11754889758911],[-76.87800910788219,39.11773449334696],[-76.87766291496004,39.1190316752251],[-76.87968954020299,39.121374325978785],[-76.883430277018,39.120606219403136],[-76.88112723529038,39.12261177738677]]],[[[-76.88376701389657,38.793016911741354],[-76.88435345355988,38.79412201363754],[-76.88308617854703,38.79392363779432],[-76.88249975967457,38.79281852991545],[-76.88376701389657,38.793016911741354]]],[[[-76.89714308475793,38.807269314312656],[-76.89560925921288,38.80973149863031],[-76.89476420723105,38.809599326127895],[-76.89561724715207,38.808043948501016],[-76.89434969963264,38.80784568770011],[-76.89230712223011,38.81056603333221],[-76.89280771466584,38.81199538787738],[-76.8904366528034,38.81263776692269],[-76.88991986258236,38.81458350356091],[-76.8910152564282,38.81543039010362],[-76.8901620319688,38.816985737167236],[-76.88677335239291,38.818144414441406],[-76.88610052901441,38.81736360817228],[-76.88686769548949,38.81613257627869],[-76.88399598445825,38.81534545302122],[-76.88400424171735,38.81365790271258],[-76.88340937956094,38.81424034715642],[-76.88020142188557,38.81306272440944],[-76.88045994468368,38.8120898767454],[-76.88223622309445,38.81203012745701],[-76.88207219292485,38.810991145354],[-76.88342592059124,38.810865247273746],[-76.8836843925925,38.809892393090436],[-76.88495194668282,38.81009076311331],[-76.88470173152207,38.80937607032591],[-76.88994422178233,38.8095208526948],[-76.89206490351097,38.808163805457745],[-76.89352074422649,38.80433840758566],[-76.89293408354939,38.80323334804643],[-76.89453793606583,38.8038220042871],[-76.8953749277958,38.80564172769829],[-76.89850463817324,38.80545570162689],[-76.90011646795057,38.804356736022584],[-76.90071898535547,38.8020866624196],[-76.89886479667109,38.800783422788236],[-76.89742519826994,38.80123378364569],[-76.89597760337197,38.80337167688986],[-76.8922613317617,38.80245257640358],[-76.8898044543243,38.803419233267846],[-76.88820064886443,38.802830515732836],[-76.88751160222729,38.805424815905845],[-76.88470997177735,38.80768852097047],[-76.88344246009076,38.807490148517594],[-76.88438186516643,38.80561056409681],[-76.8852268521205,38.80574280740466],[-76.88506279349211,38.80470382990598],[-76.88303651523026,38.804048923920455],[-76.8820192388109,38.804565232734085],[-76.88151890876694,38.80313583562426],[-76.8790702361106,38.8024147312614],[-76.88061279999401,38.79826520606948],[-76.88669938988929,38.79854239458948],[-76.88686345797015,38.79958136930263],[-76.88982069702087,38.800044136114686],[-76.89295018140679,38.79985825054482],[-76.89346678648775,38.79791250405834],[-76.89507052632047,38.79850115309848],[-76.89523471353374,38.79954011670963],[-76.89658820597104,38.799414074868864],[-76.89684646186609,38.79844119430148],[-76.89811385276181,38.798639429362865],[-76.89810592360774,38.80032697811333],[-76.90072685425142,38.800399113217935],[-76.90031225559449,38.79864549631914],[-76.90124325573883,38.79845333418728],[-76.90373100996075,38.79073625780336],[-76.89764500665456,38.79045990685114],[-76.89738678966056,38.79143278835371],[-76.8930684673041,38.7927837680196],[-76.89237968866529,38.795378092794316],[-76.89129266637252,38.79284367259009],[-76.88883609969747,38.793810309351784],[-76.88528443800146,38.79392997160238],[-76.88452572120124,38.79347344398715],[-76.88918055074446,38.79251315741422],[-76.88859405089659,38.79140807855262],[-76.88994740393923,38.79128210940929],[-76.88969720434936,38.79056742800525],[-76.8924819063908,38.79167870755122],[-76.89400743502277,38.790904113213834],[-76.89359305182806,38.78915047538331],[-76.89553293126144,38.79012950013248],[-76.89529067417922,38.787727283253794],[-76.89579116836326,38.78915662261464],[-76.89748080555202,38.789420947323165],[-76.89917835835847,38.78799770184187],[-76.89976499110267,38.789102730200405],[-76.90804901365253,38.78938490645546],[-76.90668799742089,38.79119862131825],[-76.90491224627101,38.79125872125256],[-76.90413006756374,38.79586495851537],[-76.90328516077108,38.79573284434391],[-76.9025967176276,38.79832722667075],[-76.9044509105503,38.7996304101034],[-76.90276101163919,38.79936618028009],[-76.90198645011112,38.8022848579055],[-76.90342604109254,38.8018344439654],[-76.90316786093689,38.802807338572286],[-76.90181431690965,38.80293345238656],[-76.90179862852472,38.80630855202909],[-76.90019466274363,38.805719989703384],[-76.90002250550337,38.80636858190927],[-76.9029801031755,38.806831034691974],[-76.90499109609571,38.81086071599282],[-76.90134469617111,38.81299269011895],[-76.89880940488001,38.8125962726159],[-76.89855904533992,38.81188160766148],[-76.90042138786413,38.811497302271334],[-76.9004292646607,38.809809751539554],[-76.89831661634719,38.809479391709885],[-76.89714308475793,38.807269314312656]],[[-76.89764500665456,38.79045990685114],[-76.8973947344817,38.789745241062064],[-76.89722259004556,38.79039382838955],[-76.89764500665456,38.79045990685114]],[[-76.88994740393923,38.79128210940929],[-76.89028371414868,38.79167250155377],[-76.8903698191009,38.79134821270222],[-76.88994740393923,38.79128210940929]],[[-76.89892017052524,38.78897058632135],[-76.89925651808981,38.78936095400326],[-76.89934258043142,38.78903665898145],[-76.89892017052524,38.78897058632135]],[[-76.89848879609882,38.80883080167819],[-76.89899740755625,38.808572580549225],[-76.89857488482636,38.80850650658807],[-76.89848879609882,38.80883080167819]],[[-76.88451293811215,38.81339974096129],[-76.88637539339331,38.813015646773906],[-76.88646154091956,38.81269135997422],[-76.8851939375278,38.81249300535363],[-76.88451293811215,38.81339974096129]],[[-76.88245001571168,38.80294381474095],[-76.88380359338346,38.80281791263002],[-76.88355341442048,38.80210321802934],[-76.8826223211099,38.80229524719525],[-76.88245001571168,38.80294381474095]]],[[[-76.85516326548564,38.79799381278567],[-76.858456411883,38.798847815567],[-76.85871517428416,38.79787501467421],[-76.85989620365845,38.79839790797384],[-76.85881026493206,38.79586320196636],[-76.85981876978303,38.79703462992428],[-76.86159469848491,38.79697517682778],[-76.8620346476982,38.793666285589374],[-76.85966391071415,38.7943080742075],[-76.8606899964041,38.79210440441192],[-76.85993145251496,38.79164772615345],[-76.86274198183517,38.78769704066219],[-76.85794119195627,38.78424223310726],[-76.85540713574389,38.78384492807109],[-76.85337274095741,38.784877081337406],[-76.85397655170055,38.7826072396242],[-76.85583838165971,38.7822236058778],[-76.8600617340777,38.78288573731385],[-76.86081139764838,38.78502995823522],[-76.86401780978429,38.786208080154836],[-76.86518999912714,38.78841846695866],[-76.86738809112494,38.78842511855514],[-76.8674656572999,38.78978839076706],[-76.8688190167466,38.78966265263635],[-76.86813802693264,38.79056929618367],[-76.86914660836976,38.79174064756691],[-76.87345681343821,38.79207804836378],[-76.87395690968599,38.79350747654468],[-76.87640523283116,38.794228681429466],[-76.87623289121457,38.794877239823194],[-76.8749656251695,38.7946787808367],[-76.87546576880915,38.79610820327078],[-76.87393993450908,38.79688256946933],[-76.87654386192561,38.800330310523776],[-76.87594060671908,38.80260026601895],[-76.8740783624337,38.80298420286453],[-76.87373359338639,38.80428131405627],[-76.8766825142128,38.80643194302873],[-76.87666566214996,38.80980704052195],[-76.87902838157147,38.8108524745782],[-76.87512262959122,38.81395652120128],[-76.87382955756173,38.81882070025611],[-76.87474394118456,38.8220038382551],[-76.8740627230266,38.822910517258116],[-76.87135478351288,38.823162094187104],[-76.87087165866107,38.81835755061268],[-76.86958681683502,38.821534136767944],[-76.86781029659002,38.821593704653424],[-76.86792242699792,38.81620678069528],[-76.86750852725177,38.814453051327895],[-76.86565461772281,38.813149312819945],[-76.8668445982853,38.811984591840016],[-76.86541326824232,38.81074703228813],[-76.86618071425723,38.80951612939833],[-76.8651719346595,38.80834475185755],[-76.86686190529413,38.80860949497709],[-76.86712059022166,38.80763667560123],[-76.86568934081443,38.80639911977044],[-76.86645673642575,38.805168215695126],[-76.8643443765476,38.80483727639237],[-76.86410309771752,38.80243499526628],[-76.86324945147001,38.803990154840186],[-76.86080093079042,38.80326868910129],[-76.86062842907826,38.80391722632169],[-76.86366318944728,38.80574389662826],[-76.86286950480805,38.81203742752063],[-76.86211950315092,38.80989321356916],[-76.86110199718068,38.81040935080326],[-76.86023938688403,38.81365203928426],[-76.85837677778774,38.81403574037166],[-76.85720438322357,38.811825283633034],[-76.85642786637551,38.814743679460854],[-76.85516030906105,38.814545017353616],[-76.85560065615695,38.811236143351614],[-76.85687704162582,38.809747253112455],[-76.85763575462201,38.810203950879796],[-76.85841217481317,38.80728554879118],[-76.85629979012599,38.806954472172905],[-76.85613614081028,38.805915456269894],[-76.85545484162053,38.80682203143779],[-76.85367866817508,38.80688139651083],[-76.85267012579276,38.805709917426896],[-76.85411903621699,38.80357253027635],[-76.8567311528261,38.805333143347994],[-76.85768008326995,38.801766215542315],[-76.85607657350715,38.80117708200251],[-76.85642164183965,38.799880020389466],[-76.85516326548564,38.79799381278567]],[[-76.86368064217383,38.8023688022745],[-76.86343066191078,38.80165406705854],[-76.86325818739685,38.802302607841625],[-76.86368064217383,38.8023688022745]],[[-76.87042288265096,38.806802812857285],[-76.87025903250431,38.8057638156479],[-76.87000039607608,38.80673664140178],[-76.87042288265096,38.806802812857285]],[[-76.87026760647906,38.80407626786919],[-76.87051766203385,38.80479098944605],[-76.87069007788772,38.80414243839578],[-76.87026760647906,38.80407626786919]],[[-76.87026760647906,38.80407626786919],[-76.8702761800571,38.802388720365954],[-76.86984513583688,38.804010095901454],[-76.87026760647906,38.80407626786919]],[[-76.85997364042805,38.79976118615174],[-76.85972370542088,38.79904644363031],[-76.85955120411619,38.799694979086624],[-76.85997364042805,38.79976118615174]],[[-76.87141389848948,38.794798045148205],[-76.87023284484773,38.79427526190631],[-76.87066382293527,38.79265388652301],[-76.86812078324063,38.793944387374744],[-76.86712083304454,38.79108548191964],[-76.86341428163567,38.78847797158472],[-76.86179348186506,38.79126400251413],[-76.86584498313123,38.79257447507988],[-76.86581895715139,38.79763711273737],[-76.87190543838683,38.79791502856776],[-76.87141389848948,38.794798045148205]],[[-76.87394842229386,38.79519502287322],[-76.87361218326495,38.79480458622641],[-76.8735259997443,38.79512886352156],[-76.87394842229386,38.79519502287322]],[[-76.86178471337969,38.79295154764071],[-76.8628881990435,38.79211113591813],[-76.86204341048828,38.791978740332574],[-76.86178471337969,38.79295154764071]]],[[[-76.85438681421344,38.80091219187053],[-76.85590403473918,38.8018256125089],[-76.85412798331672,38.801884983997844],[-76.85438681421344,38.80091219187053]]],[[[-76.91182266979456,38.814968175678366],[-76.91325487000543,38.816205199130756],[-76.91621295045036,38.816667336270044],[-76.91713664799217,38.81816260711989],[-76.91409247084992,38.81802479820766],[-76.91257418482937,38.81711208936309],[-76.91189348272474,38.8180189759368],[-76.91062571760838,38.817820881564415],[-76.91003868931426,38.81671590161755],[-76.91181505606967,38.81665572799176],[-76.91182266979456,38.814968175678366]]],[[[-76.84894991529372,38.821340732393985],[-76.84860461252296,38.822637775938944],[-76.84631915368568,38.82295504999344],[-76.84616474428573,38.82022847046456],[-76.84894991529372,38.821340732393985]]],[[[-76.90395081366371,38.83467864924793],[-76.90242447479793,38.835453369499085],[-76.90031107442815,38.835123042835704],[-76.8996300516533,38.836029863690364],[-76.8901589023778,38.8352245272588],[-76.89022882849895,38.83827534625489],[-76.88896077006285,38.8380770296722],[-76.88802106471236,38.839956655104984],[-76.88902250475995,38.842815405768135],[-76.88732347728983,38.844238519814546],[-76.88735620905807,38.83748829912043],[-76.88897705953316,38.834701920739484],[-76.88525927936395,38.83378260717981],[-76.88415542092118,38.834623221793336],[-76.88170566475956,38.8339021672607],[-76.88068796241342,38.834418466705365],[-76.88061843917522,38.83136764359296],[-76.87935052701118,38.831169228775046],[-76.87960076450534,38.83188393396589],[-76.87546061472933,38.83089818626815],[-76.87402027726965,38.83134827633137],[-76.87367537307505,38.8326453910866],[-76.8747539027636,38.83686752948492],[-76.87289077700267,38.8372514498151],[-76.87305473541416,38.83829044689721],[-76.87228710257304,38.83952139604962],[-76.87127780972195,38.838350064632884],[-76.87154508937226,38.83568967973769],[-76.87069978018918,38.83555734265164],[-76.87239892980412,38.83413445796053],[-76.87257992202892,38.831798349665966],[-76.8737700963112,38.83063355990753],[-76.87207105503305,38.832056462880615],[-76.86852612035653,38.83048809238914],[-76.86530030489776,38.83268518589455],[-76.86641301760031,38.83015718753782],[-76.86362724351741,38.829045317354996],[-76.86768951348387,38.828668182979435],[-76.87478779481215,38.83011731751126],[-76.87597790638902,38.82895250674334],[-76.87969532327064,38.82987209842072],[-76.88039322116677,38.82559028323982],[-76.878702807899,38.82532572435254],[-76.87693462473554,38.8236978714745],[-76.87736562770155,38.82207646807679],[-76.8765204657511,38.82194417090232],[-76.87771041627558,38.82077934447294],[-76.87821079271839,38.82220875948516],[-76.87998731943858,38.82214904239841],[-76.8806601215136,38.822929882261825],[-76.88134125782682,38.82202316696897],[-76.88056559836718,38.824941717087206],[-76.88267861418794,38.825272380296994],[-76.88115224625227,38.82604683762916],[-76.88079082803006,38.83071907673527],[-76.88205873628564,38.83091747679947],[-76.88298191389887,38.832413004520944],[-76.88704427127617,38.83203523519919],[-76.88847638630087,38.83327254737317],[-76.89439365527649,38.8341979364061],[-76.89955973433587,38.83297905074836],[-76.90285498041894,38.83383187545392],[-76.90489004034347,38.83279890405887],[-76.90532047546468,38.83117740190162],[-76.90237754301151,38.82733989583932],[-76.9023853762508,38.825652342269926],[-76.8989262062549,38.82376054470372],[-76.89401915381983,38.824006525634154],[-76.89326006942257,38.82355005020274],[-76.8941133046087,38.821994680754585],[-76.89157773968388,38.821598114828326],[-76.89243098791265,38.82004275728234],[-76.89167195471313,38.81958627230215],[-76.89463804719318,38.81836137335069],[-76.89590577826246,38.818559631406806],[-76.89412132850728,38.82030712864463],[-76.89571757925911,38.822583322817955],[-76.89960712320412,38.82285372888641],[-76.90061665656711,38.82402482750823],[-76.90348888873693,38.82481156599933],[-76.90666680315768,38.83273880418758],[-76.91360172543189,38.833146762678034],[-76.9157226539268,38.831789307015825],[-76.91936213277121,38.83134446072174],[-76.92581019174537,38.82694737562685],[-76.92783749023064,38.82760158301712],[-76.9262110004915,38.83207602345554],[-76.92790174240375,38.83233993404395],[-76.9292485750784,38.83390109101795],[-76.93398425308196,38.834302355182615],[-76.93490853846383,38.83579749618383],[-76.93389118655364,38.83631423279256],[-76.93321769101847,38.83553368114561],[-76.93059546542727,38.83546223360538],[-76.92443426997035,38.83213640368366],[-76.92375357512124,38.833043356854986],[-76.92020005992887,38.83316402133301],[-76.91257666148498,38.835350879753165],[-76.90395081366371,38.83467864924793]],[[-76.91452557819069,38.83464205556018],[-76.91418894000508,38.834251727615246],[-76.91410289032733,38.83457603441233],[-76.91452557819069,38.83464205556018]],[[-76.87913378117236,38.823704314529316],[-76.87981494369637,38.822797607559316],[-76.87896976894523,38.82266532709061],[-76.87837479310534,38.82324774788021],[-76.87913378117236,38.823704314529316]]],[[[-76.84256564283429,38.82878465432729],[-76.84429271641862,38.82229950879276],[-76.84606927301672,38.82224027827026],[-76.84411084160271,38.824635573328656],[-76.84316094981973,38.82820240528138],[-76.84442871183786,38.8284011904941],[-76.84561928028903,38.8272366717134],[-76.84552378479533,38.82924848055682],[-76.84636897512456,38.82938098936362],[-76.84722327860199,38.82782594222577],[-76.84967248951172,38.828547678252164],[-76.85111292189168,38.828097871478164],[-76.85323486633709,38.82674148686483],[-76.85298490490764,38.82602672881784],[-76.85416634912983,38.82654967824478],[-76.85203542908036,38.829593629335776],[-76.85000875594105,38.828938181218504],[-76.85093125111112,38.83043394743218],[-76.84492848813687,38.82983074102363],[-76.84341082241167,38.82891718331438],[-76.84239291857996,38.829433167796864],[-76.84204746085436,38.83073019414565],[-76.84365150715027,38.831319511132214],[-76.84381503558083,38.832358546211296],[-76.8410295220663,38.83124616752122],[-76.84163410098466,38.82897637574004],[-76.84256564283429,38.82878465432729]]],[[[-76.91508265773997,38.84249724276212],[-76.91400170948968,38.83827545334122],[-76.91552798440654,38.83750059019811],[-76.9149482668195,38.83470807526608],[-76.91672506785392,38.834647831097044],[-76.91748441466599,38.835104163219405],[-76.91559897426852,38.84055139551036],[-76.91609271168592,38.843668217655036],[-76.91524722922325,38.843536184484236],[-76.91498905914075,38.84450910791118],[-76.91194378594167,38.84437124580889],[-76.91431569028936,38.84372845281001],[-76.91508265773997,38.84249724276212]]],[[[-76.85023157675764,38.8347155985644],[-76.84447837039234,38.83482713428875],[-76.84330606287536,38.832616541249244],[-76.84423764683352,38.832424807187444],[-76.8444967180825,38.831452032744416],[-76.84618714916334,38.831717058670954],[-76.84702325431407,38.833537113864885],[-76.85445791875294,38.83537792468234],[-76.85360368109043,38.83693302296162],[-76.85023157675764,38.8347155985644]]],[[[-76.89424333799215,38.848022675083186],[-76.89426740813764,38.842960005647996],[-76.89511284590391,38.84309218199797],[-76.89639695543715,38.83991532391085],[-76.89800957878784,38.838816381854286],[-76.8982758847667,38.83615593925022],[-76.90047541878295,38.83616200334214],[-76.89706213930906,38.84238363200621],[-76.89562170833506,38.84283397381803],[-76.8954414270649,38.8451701184924],[-76.89805603183774,38.84692986715334],[-76.89619277168345,38.84731413838902],[-76.8966936926484,38.84874348273705],[-76.89424333799215,38.848022675083186]]],[[[-76.88374455674406,38.84942080738981],[-76.88257082397956,38.847210582674954],[-76.88402794257374,38.843385280950805],[-76.88580498054478,38.84332548027823],[-76.88681457566702,38.84449669394535],[-76.88910053335357,38.84417867186125],[-76.8925604171874,38.84607074797046],[-76.89119795733694,38.847884302943854],[-76.88950698791983,38.84761989089915],[-76.88915414045516,38.85060460799018],[-76.88805007219716,38.85144525885513],[-76.8868679814958,38.85092263128766],[-76.88627283812997,38.85150509178616],[-76.88552174207292,38.84936101074166],[-76.88374455674406,38.84942080738981]]],[[[-76.83558661758092,38.851674185601894],[-76.8387091463426,38.853177223834784],[-76.83524093335093,38.85297119609532],[-76.83558661758092,38.851674185601894]]],[[[-76.83290724300547,38.8617259966693],[-76.8339932621795,38.864260947345386],[-76.83314768988063,38.86412835357476],[-76.83322469615274,38.86549165790064],[-76.83280190317869,38.86542535910453],[-76.83204277097208,38.864968506470774],[-76.83290724300547,38.8617259966693]]],[[[-76.85027950164718,38.920523126712204],[-76.84502910038006,38.92037666291073],[-76.84392346516739,38.92121692763903],[-76.84374133146987,38.92355301902836],[-76.84112528869451,38.921792107809864],[-76.84206726016747,38.91991281978869],[-76.8437597356693,38.920177881660074],[-76.84350954654487,38.919463096571285],[-76.8459709528135,38.918497345592755],[-76.84691275664134,38.916618021590835],[-76.85105739266692,38.9176047334982],[-76.85123024887206,38.9169562011639],[-76.84826850826734,38.9164925063665],[-76.84971975167521,38.91435514360113],[-76.84786361776703,38.91305112370078],[-76.84770895955974,38.91032451745901],[-76.84508412644065,38.91025125903006],[-76.84422881053176,38.911806306479185],[-76.84295959736305,38.91160751726242],[-76.84134453208229,38.912705751990806],[-76.84228638039107,38.91082646456203],[-76.8405941275396,38.91056138291034],[-76.84330542242917,38.91031047601174],[-76.84348753699486,38.907974389346826],[-76.84467024218468,38.90849743437015],[-76.84848684465473,38.90740614428388],[-76.84874612583522,38.906433352386344],[-76.84714038427704,38.90584409618253],[-76.849178245747,38.90481203162341],[-76.84869604201317,38.90000735655413],[-76.84700401716277,38.89974236275426],[-76.84718598671039,38.897406273825524],[-76.84381127866489,38.89518865907195],[-76.84261957083228,38.89635316957143],[-76.841350631272,38.89615436427767],[-76.84261034554375,38.8980407327566],[-76.8419280164761,38.89894724284916],[-76.84006313015445,38.89933067218123],[-76.8392078352861,38.900885682804905],[-76.83742935517701,38.900944815417986],[-76.83863053900203,38.898092790880064],[-76.83803462468885,38.898675022850966],[-76.83609262798113,38.89769508555651],[-76.83923574739549,38.895822993268084],[-76.84075475455359,38.896736609181254],[-76.84067757434647,38.89537330438879],[-76.8436476092608,38.89414961644661],[-76.84297454623066,38.89336856922551],[-76.84390690787802,38.89317683631001],[-76.84400253180996,38.891165013979865],[-76.84079182439946,38.88998636023726],[-76.84097396875659,38.88765028328264],[-76.83996451266849,38.886478690279404],[-76.83742699889923,38.88608101284465],[-76.83523535850843,38.8843862689948],[-76.83269794342247,38.88398849484731],[-76.83192914743152,38.885219200259726],[-76.83151572199371,38.88346533723981],[-76.83262092745804,38.88262518719561],[-76.83042950278926,38.88093035908273],[-76.83035253249693,38.87956705052775],[-76.8280652087106,38.87988398974097],[-76.82910299062371,38.87599300386648],[-76.83087137398365,38.877621548947666],[-76.8330721534455,38.8776288099989],[-76.83351388463399,38.874319991754746],[-76.83520527015108,38.87458516884585],[-76.83546461184756,38.87361240869416],[-76.83877025594182,38.87277938429562],[-76.84022090743854,38.8706421443911],[-76.84393999944581,38.871562813488666],[-76.84335354950139,38.87045751118748],[-76.8459088429784,38.86747995121259],[-76.84709090840686,38.86800297053082],[-76.84607248472774,38.868518987493815],[-76.84648617568818,38.87027279879817],[-76.84868673475576,38.87027978256427],[-76.8504554170687,38.87190804706582],[-76.85011894997699,38.871517543442216],[-76.85071454567974,38.87093525532204],[-76.85383821167504,38.872437915575965],[-76.85366548427207,38.8730864479223],[-76.85213780661606,38.873860551751264],[-76.85137846534109,38.87340381713125],[-76.85068744056387,38.875997931955055],[-76.84501738224745,38.87578522912092],[-76.84432610844192,38.87837930920739],[-76.84391242344768,38.87662548900457],[-76.84222095889568,38.876360430684514],[-76.84368077817403,38.87253559113635],[-76.84072089087772,38.87207171862703],[-76.83443661570757,38.87581588841298],[-76.83451365844384,38.87717919381536],[-76.8334950174687,38.87769510796839],[-76.83534999365177,38.87899933714971],[-76.83474480394962,38.88126911107518],[-76.84277056241757,38.884215978270184],[-76.84444384868351,38.88785615135117],[-76.8456262341716,38.88837918592278],[-76.84893243201437,38.88754588898148],[-76.84953723188565,38.88527604406921],[-76.85038307941205,38.88540852632897],[-76.84964175078164,38.88157665874542],[-76.8511696167214,38.88080258496852],[-76.85168791121471,38.878856995998895],[-76.85199740340602,38.88431017767454],[-76.85538078500518,38.88484000487522],[-76.85987795979412,38.882841784961514],[-76.8607326017469,38.88128663525926],[-76.85854941762823,38.87790474402577],[-76.85932652253433,38.874986314663495],[-76.85866231923212,38.872517794979984],[-76.85537476803574,38.86997623222954],[-76.85444273337664,38.87016805085945],[-76.85597030914889,38.869393918955865],[-76.8567474265837,38.86647550870546],[-76.8550561509278,38.86621062588171],[-76.8511051657596,38.86120041243726],[-76.85127788777625,38.860551884558724],[-76.8524598793724,38.86107485224098],[-76.8564972944343,38.865760754619096],[-76.85836123531004,38.86537707964718],[-76.86228798728172,38.85889843019487],[-76.86026921878775,38.85655559132483],[-76.86255567038152,38.85623805866865],[-76.86315978628319,38.85396815568462],[-76.86207290625806,38.85143346372564],[-76.8600455356979,38.85077817830511],[-76.86030446122527,38.84980536887216],[-76.8585183932988,38.85155235879356],[-76.85615464894086,38.850506528905015],[-76.85293655549022,38.851015750111465],[-76.84990017928962,38.84918880825062],[-76.8563273006985,38.84985799477295],[-76.85693155765945,38.84758812378405],[-76.86005435139893,38.849090623322354],[-76.86057218332074,38.847145004348434],[-76.8606408826632,38.85019584386605],[-76.86233180705815,38.8504606499847],[-76.86489432768556,38.845795150833645],[-76.86496320663606,38.84884598749528],[-76.86283208567669,38.85189013165841],[-76.86400529527269,38.85410054449372],[-76.86271952418268,38.85727707160465],[-76.86390154475512,38.8577999299411],[-76.86295218926622,38.86136692652212],[-76.85912053671399,38.86583377104998],[-76.85757531898835,38.86998305815574],[-76.86026741963299,38.87310689952968],[-76.86280460620348,38.87350410874096],[-76.86459110937086,38.871757052614626],[-76.86840548937504,38.87066515433728],[-76.8686643739651,38.86969232521955],[-76.8693374936304,38.870473230682485],[-76.87290143232289,38.868666465274806],[-76.87357458791263,38.869447347627855],[-76.8753522699293,38.86938769673011],[-76.88002042445885,38.86674018756411],[-76.87994254155248,38.86537691228681],[-76.88206503470292,38.864020028218526],[-76.88224579132908,38.86168389808296],[-76.88089945217924,38.86012222541051],[-76.8750749717683,38.85718435098679],[-76.87170982389088,38.853279949629716],[-76.87357336553927,38.852896046383904],[-76.87322835143792,38.854193162943396],[-76.87483316603425,38.85478207758057],[-76.87457441672763,38.855754917910396],[-76.87668829858164,38.85608568443593],[-76.87761168476572,38.85758125630658],[-76.88073533283833,38.85908323619907],[-76.88362527401351,38.85649532240185],[-76.88405632207866,38.85487388998012],[-76.88608402233042,38.85552878275932],[-76.88887930008444,38.85495259293272],[-76.8881979498353,38.85585935290304],[-76.88447084946621,38.856627571580695],[-76.88208995599214,38.85895735208404],[-76.88275482913579,38.86142574222285],[-76.88987285361763,38.859498900095794],[-76.8929187170262,38.85963730498424],[-76.8839370606843,38.86194840965692],[-76.88392879639882,38.863635968745264],[-76.88299691800609,38.86382800198389],[-76.88094401401085,38.868235736434904],[-76.87823441415316,38.86848746506619],[-76.87483467455358,38.87133338240538],[-76.87238377663802,38.87061214054763],[-76.86958776788278,38.871187959237915],[-76.8651778918648,38.872862254553525],[-76.8639005705444,38.87435124057985],[-76.86110435131305,38.87492686811908],[-76.86310615913195,38.88064482015087],[-76.86387438026755,38.879413922110786],[-76.86750790723026,38.880658158350826],[-76.86869896061144,38.87949341089045],[-76.86988138446047,38.880016213541175],[-76.8714952950682,38.87891761168],[-76.87318692537583,38.879182270524566],[-76.86767188655755,38.88169716771249],[-76.86420223437834,38.88149195004834],[-76.8639519775602,38.880777209737374],[-76.86207012680653,38.884536092699584],[-76.86672240428247,38.88526420324686],[-76.86942406493674,38.88670028855785],[-76.8709518281175,38.88592597045021],[-76.87145251936131,38.88735542325492],[-76.86992473152851,38.888129747669886],[-76.8660404948672,38.8861708445808],[-76.8591871481133,38.885435950120716],[-76.85824606393943,38.88731535985203],[-76.85620882028866,38.88834757118229],[-76.85316182666064,38.88820826339808],[-76.85137464606771,38.889955158222676],[-76.85288469647463,38.89255618749565],[-76.85643231447285,38.89412501682434],[-76.85304849403451,38.893595217713084],[-76.85287570944112,38.894243750630224],[-76.85625064961339,38.89646111834787],[-76.85632812239847,38.89782441361311],[-76.85844314208467,38.89815549309983],[-76.85852065770148,38.8995187872865],[-76.86308750179624,38.90057130621244],[-76.86597103127973,38.89967135636568],[-76.86631638997838,38.8983742529637],[-76.8677494570472,38.899611814318085],[-76.87003722738228,38.89929414196621],[-76.87071063528215,38.9000750427985],[-76.86435657758,38.900769889108865],[-76.86036782307067,38.90251021080457],[-76.85986724517844,38.90108071052034],[-76.85640559808316,38.89918770906476],[-76.85599150413293,38.89743392469788],[-76.85345352132607,38.897036574829585],[-76.85051970268911,38.89151024504389],[-76.84881878769961,38.892932838981324],[-76.84679038157768,38.8922773334488],[-76.84635828287249,38.893898643310585],[-76.8495601886018,38.89676471686771],[-76.84929188201257,38.89942507323996],[-76.85088846549667,38.90170186567364],[-76.85070660395421,38.90403796131265],[-76.85238974230806,38.90599047033606],[-76.85221692244785,38.90663900335668],[-76.8506111482804,38.90604979208878],[-76.85001526463788,38.906632082237266],[-76.84997904112608,38.91338234824422],[-76.85308654257946,38.91826017133802],[-76.85027950164718,38.920523126712204]],[[-76.85137846534109,38.87340381713125],[-76.85112836206973,38.87268905162652],[-76.85095560995626,38.873337580214994],[-76.85137846534109,38.87340381713125]],[[-76.8514714824869,38.91935853893246],[-76.85113479073178,38.91896803573939],[-76.85104836020155,38.91929230194984],[-76.8514714824869,38.91935853893246]],[[-76.84629927953635,38.88916021826157],[-76.8454533958824,38.88902770807178],[-76.84518496782856,38.89168805297524],[-76.84687679901097,38.89195307133509],[-76.84747258768091,38.89137079735447],[-76.84595360815713,38.89045726437299],[-76.84629927953635,38.88916021826157]],[[-76.85672963742009,38.86985062522355],[-76.85647949386137,38.869135870819164],[-76.85630679778852,38.86978440659405],[-76.85672963742009,38.86985062522355]],[[-76.85750672931886,38.866932210055374],[-76.85717024741848,38.86654172580584],[-76.857083905913,38.86686599410008],[-76.85750672931886,38.866932210055374]]],[[[-76.82685452211035,38.89928726419729],[-76.82827737879487,38.902212844752626],[-76.82749873952051,38.90513108911162],[-76.83029638356857,38.90455621768362],[-76.8305273791542,38.90864615678239],[-76.82722001308738,38.90947896499582],[-76.82307616247327,38.9084914574415],[-76.82164367985713,38.907253378407866],[-76.82121093260228,38.90887460364559],[-76.82036486567968,38.908741921921205],[-76.8231342307431,38.898366079217816],[-76.82685452211035,38.89928726419729]]],[[[-76.8599782194313,38.9122451322623],[-76.85794917507684,38.911589807718194],[-76.85812195564486,38.91094126629174],[-76.86041012380296,38.91062377114083],[-76.86218004783957,38.91225187646646],[-76.86132507344998,38.9138070422299],[-76.85861371051723,38.91405834327455],[-76.86014216245981,38.91328415572173],[-76.8599782194313,38.9122451322623]]],[[[-76.82490282464197,38.91485854294283],[-76.81930661580878,38.91600798081846],[-76.81846046949106,38.91587528597519],[-76.81880675108948,38.91457831237187],[-76.825248986688,38.91356155152513],[-76.82490282464197,38.91485854294283]]],[[[-76.85881976904261,38.92321094305266],[-76.85762784266143,38.92437560206392],[-76.85678152936369,38.9242431685793],[-76.85797346711185,38.92307851772296],[-76.85881976904261,38.92321094305266]]],[[[-76.82368149357478,38.921085573834745],[-76.82589320153419,38.91940539562578],[-76.83012423670765,38.920068558831474],[-76.83182615056369,38.91864621645861],[-76.83020124553155,38.92143187455277],[-76.82554702318451,38.92070238984572],[-76.8240949439056,38.92283947142912],[-76.82282559344087,38.92264047583029],[-76.82241217480897,38.92088657405083],[-76.82368149357478,38.921085573834745]]],[[[-76.88440304724065,38.93970874194861],[-76.88601806185075,38.93860994246675],[-76.8864331132285,38.94036363605176],[-76.88567286329524,38.93990710767208],[-76.88440304724065,38.93970874194861]]],[[[-76.83151198688279,38.95947219262659],[-76.8311562190877,38.96245678692772],[-76.82811574089918,38.96062928499965],[-76.82768282046183,38.96225054476467],[-76.82641277289562,38.96205158478611],[-76.82733647022607,38.96354755176656],[-76.82648014884892,38.96510248827085],[-76.82910694130366,38.96517614108046],[-76.82800044175558,38.96601626912724],[-76.82858742850532,38.96712165811541],[-76.82731729346644,38.96692270725307],[-76.82688431780838,38.96854396573601],[-76.82798129513675,38.96939142594942],[-76.82526774650077,38.96964199979421],[-76.82550829773649,38.97204440583657],[-76.83220577937745,38.97174210207575],[-76.83314862765263,38.96986286853147],[-76.83466910372104,38.97077656832652],[-76.83296602635129,38.972198960191015],[-76.8347368338716,38.973827471268315],[-76.83651709725699,38.97376837667031],[-76.83922144733982,38.97520513761926],[-76.83981797882021,38.974622893766096],[-76.84354237963366,38.97554358773657],[-76.84498575941421,38.97509384380279],[-76.84404314904594,38.976973168748216],[-76.84277279982733,38.97677437579846],[-76.84157973933128,38.97793888947363],[-76.83997247801864,38.97734953453703],[-76.84047318972792,38.97877913034373],[-76.83911626423621,38.97890456144152],[-76.83572862773585,38.97837428338173],[-76.8365077206437,38.975455957474495],[-76.83270629994014,38.97317172800499],[-76.83101263230164,38.97290651327485],[-76.82990603721936,38.973746659282156],[-76.82804874363909,38.97244233190158],[-76.82643210330627,38.97354038176861],[-76.82473844995769,38.9732750813936],[-76.82439199477977,38.97457208230085],[-76.82675931228718,38.97561853513979],[-76.82649949070665,38.976591290461805],[-76.82861666381888,38.97692288244209],[-76.82979084982219,38.97913365560643],[-76.83063775233705,38.979266274321574],[-76.83089752815098,38.97829350994244],[-76.8362292631239,38.979803896531905],[-76.83639301925369,38.98084296130766],[-76.83469915963586,38.98057779658532],[-76.83452600497513,38.98122631174584],[-76.83460316099038,38.982589636673886],[-76.83714402476849,38.98298737717897],[-76.83552728741205,38.984085547284955],[-76.8356910431536,38.98512461366781],[-76.832986394126,38.98368777361422],[-76.83240867973261,38.98089482036127],[-76.82935785661886,38.98075492569572],[-76.83055115885571,38.979590529025764],[-76.8286841459399,38.979973791508996],[-76.82818365761018,38.978544147890204],[-76.82564299795727,38.97814622421883],[-76.82453626120662,38.978986323006524],[-76.82383360536359,38.98326790705434],[-76.82282309882306,38.98209615900837],[-76.82334287263582,38.980150661733056],[-76.81368047601525,38.97998796244545],[-76.8150473405817,38.9781752291734],[-76.82182234292765,38.979236821874],[-76.82471915014108,38.976650241373896],[-76.822948498116,38.97502158666549],[-76.8229581890908,38.97333400701324],[-76.82126455321038,38.97306865923524],[-76.82321804637587,38.972361259582996],[-76.82356451195045,38.97106426238343],[-76.82077399928798,38.969951408564434],[-76.81619356714411,38.97058489885598],[-76.81434648990752,38.96759278935508],[-76.81273967765564,38.967003082662636],[-76.81393302026936,38.96583884819895],[-76.81664646612344,38.96558852236204],[-76.82307387303082,38.96794702173804],[-76.82486364788126,38.96620051650387],[-76.82386303037724,38.96334120264096],[-76.82250636408615,38.963466451839544],[-76.82224652904581,38.9644391964937],[-76.82021636956875,38.963783249781834],[-76.82234284528732,38.96242737145363],[-76.81972592311328,38.96066599925526],[-76.8191489002264,38.95787299390974],[-76.8169456960808,38.9578654855141],[-76.81729220441851,38.95656850860003],[-76.81915867700425,38.95618541883069],[-76.81959175121533,38.95456419024423],[-76.81917822920009,38.952810269905406],[-76.81697517827487,38.95280276203741],[-76.81910139361543,38.95144694142179],[-76.81868790112074,38.949693020233084],[-76.81750471339394,38.94916972444692],[-76.81898684920647,38.94196999614104],[-76.81841000283579,38.939176994814474],[-76.81689039069668,38.938263099981974],[-76.81614044296965,38.936118575591486],[-76.814697657699,38.93656798147957],[-76.8127251958236,38.940650383825144],[-76.81196540528879,38.9401934038054],[-76.814284355772,38.93481404928529],[-76.81699664428503,38.93456371688759],[-76.81869915334231,38.933141551902544],[-76.81897847909687,38.92879368149893],[-76.81848832127282,38.925676441474764],[-76.81764206410774,38.92554374087577],[-76.81934434969251,38.92412156878127],[-76.81961384121836,38.9214612687914],[-76.81716180365152,38.92073893035844],[-76.81768129080136,38.918793473860056],[-76.81912370554778,38.918344034352245],[-76.82121970432861,38.92205088268529],[-76.82248904012894,38.92224989470604],[-76.82195994941488,38.925882939985755],[-76.82313311035341,38.92809375992729],[-76.82889371779719,38.92798321423567],[-76.83093245737176,38.926951446585456],[-76.82965348715398,38.928440089787514],[-76.82660486690088,38.92830012848048],[-76.82507574333192,38.92907390413141],[-76.82700883748694,38.93174158751592],[-76.82997106288236,38.93220579103424],[-76.83351067794061,38.93546285506217],[-76.83529000433258,38.935403778387936],[-76.83648246849167,38.93423933235254],[-76.83817525665964,38.93450447095953],[-76.83623230249016,38.9335245312215],[-76.83708804426772,38.931969534414314],[-76.83835759631717,38.932168384273965],[-76.8382804234356,38.93080507164258],[-76.84259871673515,38.93114355240946],[-76.83996384729498,38.93275775628623],[-76.83953135637132,38.93437905096176],[-76.83706932783667,38.93534467618861],[-76.83756969369256,38.93677427499936],[-76.8358768549605,38.93650912804406],[-76.83855183467249,38.943008613005276],[-76.84202434607906,38.94321455034551],[-76.84345788279879,38.94445239989257],[-76.8407453169699,38.944703311273756],[-76.84031277248621,38.94632461137597],[-76.83836014408377,38.94703227743962],[-76.84115931250372,38.946457157651174],[-76.84267940027591,38.94737075617946],[-76.84429521442652,38.946272498868304],[-76.84581533769426,38.9471860589456],[-76.84173708932394,38.949250055967404],[-76.84230567106849,38.95373052854912],[-76.84382592510798,38.95464411397932],[-76.84729900647034,38.9548499040099],[-76.85044430542261,38.95297751312396],[-76.8475493544268,38.95556468496504],[-76.84847340379656,38.95706049314174],[-76.85143679632202,38.957524185634796],[-76.84957045938353,38.95790776104974],[-76.84819573140673,38.96140844712692],[-76.8555480899262,38.96526106797536],[-76.85375907457113,38.967008015464764],[-76.85341316640115,38.9683050961181],[-76.85468339684839,38.968503779896665],[-76.85509786364389,38.97025758579754],[-76.8537321454644,38.97207075785561],[-76.85675593059669,38.977272800161806],[-76.85581359597799,38.97915221511438],[-76.85556308570322,38.97843744833993],[-76.85369623416014,38.97882108701264],[-76.85308179335286,38.98277856531862],[-76.85740323976601,38.98311653321923],[-76.85721248597312,38.987140250519154],[-76.85358279996733,38.98420810940386],[-76.85264929741135,38.984399917522126],[-76.85194824360627,38.988681664109215],[-76.8512832527778,38.98621306651993],[-76.84814564726979,38.98639790302507],[-76.84702991053919,38.98892578858422],[-76.84670206278602,38.9868476844853],[-76.84110993335851,38.98631053352711],[-76.841879642148,38.9850797539863],[-76.84433409319014,38.98580161030029],[-76.8463742337588,38.984769580187326],[-76.85018575049484,38.98536581016669],[-76.85197530297577,38.9836189093585],[-76.85207983917648,38.979919472019304],[-76.85064545712697,38.9786817156826],[-76.85259881526505,38.97797385295454],[-76.85294478390743,38.97667677269139],[-76.8529627747132,38.97330160845693],[-76.85161499914072,38.97173959459796],[-76.8525573462035,38.969860213624514],[-76.84950694697032,38.96972081449076],[-76.85171953659315,38.968040164196026],[-76.8517285595461,38.96635258413375],[-76.84867830890705,38.96621316470106],[-76.85063135155124,38.965505334259596],[-76.85089081103537,38.964532530056076],[-76.8502170194389,38.96375151467739],[-76.84716688069908,38.96361205814281],[-76.84675264284012,38.961858227481905],[-76.84319271241058,38.96197668461095],[-76.84353877262984,38.960679633665485],[-76.84676178018064,38.960170649319245],[-76.84652056674794,38.95776828874359],[-76.84135400621803,38.95729740385226],[-76.84076690483,38.95619207685713],[-76.83941040088301,38.95631751074836],[-76.83984302484167,38.95469621147627],[-76.8378129785537,38.95404055361455],[-76.836302191303,38.95143931933771],[-76.83536906343102,38.951630996549284],[-76.83801405647372,38.948329311386466],[-76.83683075201799,38.9478062000362],[-76.83742707811624,38.947223970010086],[-76.83641685308869,38.946052338879774],[-76.83718621559757,38.94482159576438],[-76.83938902704467,38.94482874472403],[-76.83668580196583,38.94339199379967],[-76.83560790195021,38.93916946880562],[-76.83105803103273,38.93474079004197],[-76.82572970292128,38.933230191226485],[-76.8263259984089,38.9326480157532],[-76.8235465872667,38.92984766101026],[-76.82185396063733,38.92958232292249],[-76.82009426822127,38.92626607027747],[-76.82073818177949,38.93210995111741],[-76.8180831959161,38.93709883040384],[-76.82043945994357,38.93983296877286],[-76.81957350523788,38.94307542393005],[-76.820756608794,38.94359869953354],[-76.81998698148301,38.94482934051947],[-76.8206602736289,38.94561051788467],[-76.81904411768332,38.94670846720306],[-76.82039073094758,38.948270829016295],[-76.81995771196762,38.94989205892763],[-76.82045784176987,38.95132172967236],[-76.822997536903,38.95171975792819],[-76.82138128057855,38.95281773865227],[-76.82239135748722,38.95398949334456],[-76.82195834904644,38.955610731568434],[-76.82322827206248,38.955809736955985],[-76.82219874469132,38.95801313906406],[-76.82346871027694,38.958212142060056],[-76.82278557879913,38.959118554197154],[-76.82362256220576,38.96093879650422],[-76.82522932874511,38.961528361741884],[-76.8273652320311,38.95848482166895],[-76.83000131206892,38.956870879582254],[-76.82990521484741,38.958882708926865],[-76.83151198688279,38.95947219262659]],[[-76.82905855082333,38.95875008561595],[-76.82879882018062,38.95972284331681],[-76.82922215722773,38.95978915658977],[-76.82990521484741,38.958882708926865],[-76.82905855082333,38.95875008561595]],[[-76.83726803342054,38.97591278948877],[-76.83760491422176,38.97630333348707],[-76.83769147236252,38.975979074023684],[-76.83726803342054,38.97591278948877]],[[-76.83769147236252,38.975979074023684],[-76.83820146763738,38.97572109730799],[-76.83777802973192,38.97565481451583],[-76.83769147236252,38.975979074023684]],[[-76.83820146763738,38.97572109730799],[-76.83871145929646,38.975463118506525],[-76.83828802242758,38.97539683745707],[-76.83820146763738,38.97572109730799]]],[[[-76.86167492544628,38.960476754876076],[-76.86591736680693,38.95945112156539],[-76.86640978324999,38.96256818858213],[-76.86412000830994,38.96288579672463],[-76.86326448059759,38.96444098681835],[-76.86072412160064,38.96404378218671],[-76.86167492544628,38.960476754876076]]],[[[-76.80560909960677,38.96892551990527],[-76.80783271913418,38.96555807621798],[-76.80581274553168,38.96321431782884],[-76.8061594777035,38.96191737100401],[-76.80742946753995,38.962116538285905],[-76.80775608260274,38.964194738188965],[-76.81003615518902,38.96556574644614],[-76.80841939588065,38.966663560511115],[-76.8078892799566,38.97029656857461],[-76.80560909960677,38.96892551990527]]],[[[-76.876798604554,38.98648525703235],[-76.87858754558863,38.984737972278474],[-76.88086959584551,38.98610768281103],[-76.88025657151013,38.99006529992085],[-76.8785539340449,38.991488321465475],[-76.87736963631649,38.990965593492604],[-76.87558051291089,38.99271286237768],[-76.87550257835072,38.99134956091882],[-76.87355760361224,38.99037019781265],[-76.8735661228356,38.9886826104885],[-76.87695451474092,38.98921185650134],[-76.87712731022773,38.98856328141353],[-76.87128412931335,38.98731276513175],[-76.86975424086694,38.988087098212134],[-76.86899359695973,38.987630464404226],[-76.87247686805682,38.98614796428294],[-76.87595153398259,38.986352953188735],[-76.8757872005803,38.985313939821395],[-76.876798604554,38.98648525703235]]],[[[-76.81431445698048,38.98751950418953],[-76.81194693128337,38.9864728120584],[-76.80965616675672,38.98678941620644],[-76.80942609620651,38.98269939311564],[-76.81595130075094,38.98304644623326],[-76.81737535691039,38.98597218632635],[-76.81677855282028,38.98655432329025],[-76.8151713021406,38.9859646463973],[-76.81381419908642,38.98608980098525],[-76.81651855875982,38.987527059335704],[-76.8170188796739,38.98895675195713],[-76.81888618451985,38.98857366443322],[-76.82026283572911,38.98507328898533],[-76.82204338599011,38.98501440192564],[-76.82238993274791,38.98371740551695],[-76.82519063854825,38.98314264296946],[-76.82586434106356,38.98392379649833],[-76.82424741268149,38.985021819820616],[-76.82593171427433,38.98697471032598],[-76.8309270791298,38.988094750312065],[-76.82863634616695,38.988411704836125],[-76.82769314098758,38.99029090940105],[-76.82643221634632,38.98840436487428],[-76.82431471911117,38.988072735042],[-76.82472856535279,38.98982664750475],[-76.82650922831816,38.98976769633615],[-76.82819370048227,38.99172055758216],[-76.82733706583956,38.993275506649724],[-76.82860766098135,38.99347445810598],[-76.8286847190846,38.9948377892955],[-76.82478624545143,38.99456514959703],[-76.82367924904534,38.995405242872984],[-76.82394884610211,38.992744905879896],[-76.82164821257727,38.99474931650549],[-76.82038736741305,38.992862709263065],[-76.81826976798311,38.992530976075926],[-76.81716272728701,38.99337101096899],[-76.81692238110324,38.990968580932496],[-76.8152283567559,38.990703150061115],[-76.81343774788301,38.99244952281007],[-76.81401482574995,38.99524256931117],[-76.81247422436039,38.99770378202942],[-76.81104016562158,38.996465564642385],[-76.81198388096503,38.99458648483722],[-76.81113683413678,38.9944537385156],[-76.81045320873741,38.99536008771327],[-76.80824887029331,38.99535242484824],[-76.80644790257345,38.998786282700316],[-76.80503414455458,38.99417282778329],[-76.80757525109493,38.994571174328506],[-76.80792210128372,38.99327421640851],[-76.80961615883577,38.99353974709876],[-76.80962616151199,38.99185216371191],[-76.8120037763067,38.99121131757487],[-76.81150353843373,38.98978160423982],[-76.81396774816726,38.988816478805944],[-76.81431445698048,38.98751950418953]],[[-76.81254377335873,38.98589069833465],[-76.81220698269127,38.985500085748484],[-76.81212029966116,38.985824327896125],[-76.81254377335873,38.98589069833465]]],[[[-76.79625213899436,39.00225524365224],[-76.79531825387045,39.002446621073936],[-76.7956653601201,39.00114969580053],[-76.79828315597024,39.00291158630148],[-76.80082453079086,39.003310071593695],[-76.8021921538829,39.00149747334543],[-76.80319244441303,39.00435697863927],[-76.8006510200482,39.0039585417531],[-76.80030398928255,39.005255481546186],[-76.79945683954477,39.005122655299665],[-76.79938031830586,39.00375930381019],[-76.79726249753679,39.003427211683615],[-76.79625213899436,39.00225524365224]]],[[[-76.80988972657623,39.018919931995626],[-76.81116072197287,39.019119062857406],[-76.81106402133442,39.021130896994116],[-76.80860870839227,39.02040837871486],[-76.8062301091961,39.02104916281364],[-76.80528590181181,39.02292820689384],[-76.81214171104999,39.02535368807763],[-76.81297919034922,39.02717402103285],[-76.80442840981055,39.02448300564083],[-76.80298379912746,39.02493228132981],[-76.8030502504212,39.0279832275655],[-76.80136561356605,39.026030013741384],[-76.79788926329005,39.02582293553297],[-76.7961738580801,39.02893242684551],[-76.79922663834245,39.02907313828813],[-76.7990530518807,39.02972160895071],[-76.79735819004367,39.02945593253788],[-76.79488203288437,39.03210832727652],[-76.7918291336151,39.03196750896368],[-76.79148181184111,39.0332644300652],[-76.78978689509844,39.03299865016785],[-76.78672342872709,39.034545299343264],[-76.78931824416426,39.02650606270283],[-76.79168674740848,39.02755319316913],[-76.79440257246301,39.027303351364765],[-76.79517350549888,39.02607285352572],[-76.79432612263692,39.025939991818],[-76.79433648456957,39.02425240086058],[-76.79578113516233,39.02380322581764],[-76.7961283350855,39.0225062947483],[-76.79900727398886,39.02329547706578],[-76.80037531818459,39.021482892948505],[-76.80258044778076,39.02149069565658],[-76.80259061755241,39.019803105261744],[-76.80403512878705,39.01935383452875],[-76.80242725662625,39.018763989533326],[-76.80328472398091,39.01720920607372],[-76.80168709536967,39.01493176260001],[-76.80482604945796,39.01474809970335],[-76.8041320214849,39.017342006459856],[-76.80540297354217,39.01754119620377],[-76.80572977959805,39.019619419374436],[-76.80802159524141,39.01930288602545],[-76.80905241963931,39.01709958069514],[-76.8114308648073,39.01645874295293],[-76.80988972657623,39.018919931995626]],[[-76.80394836897797,39.01967807271761],[-76.80428527355684,39.02006870984086],[-76.80437203232995,39.01974447139574],[-76.80394836897797,39.01967807271761]]],[[[-76.81631771944252,39.05100703177534],[-76.81988205315147,39.050889343984196],[-76.81962187053455,39.05186209683415],[-76.81681847328673,39.052436740171174],[-76.81460250825003,39.05411679099319],[-76.81341765036787,39.053593447539946],[-76.81342757306099,39.05190584704867],[-76.81605748871183,39.05197977717942],[-76.81631771944252,39.05100703177534]]],[[[-76.84174450006961,39.07153767418667],[-76.84316209340089,39.076150771212276],[-76.840840770507,39.08153078790951],[-76.84372253304386,39.08231894165798],[-76.84550544698423,39.0822597170587],[-76.8485696731033,39.08071160519406],[-76.8490894629609,39.07876596788945],[-76.85291494117985,39.077674512565316],[-76.86225292704829,39.077443676559476],[-76.86370697317818,39.07530609601339],[-76.8710023235291,39.07610693331983],[-76.87279360996916,39.074359705757885],[-76.87466281476796,39.073975773679784],[-76.87354665590705,39.07650393481891],[-76.87227448624334,39.07630544057743],[-76.87064760664175,39.079091697927154],[-76.86607813792385,39.07635181630557],[-76.86215756325498,39.07945557063099],[-76.86080762134408,39.07789362899495],[-76.85783036589248,39.079117762689606],[-76.85537262913167,39.07839616188242],[-76.8551994258929,39.07904471652932],[-76.85163376866677,39.07916341822132],[-76.85043916920513,39.08032803705524],[-76.85025684618003,39.082664197186816],[-76.84804985541192,39.082657241021586],[-76.84727921756206,39.083888079176916],[-76.84422404182075,39.083748547579084],[-76.84462050826671,39.08887764897633],[-76.84071692945683,39.088605505282025],[-76.84054357107303,39.089254040720746],[-76.84223998544624,39.089519130547316],[-76.84171993525413,39.09146474307933],[-76.84384052503667,39.09179608181365],[-76.84366718692091,39.092444621996165],[-76.84578781418074,39.092775927569264],[-76.84680023037558,39.09394751071941],[-76.84807263930026,39.09414626638673],[-76.84969163603007,39.09304791221152],[-76.84927659930331,39.091294052007505],[-76.85124204765788,39.08889858260136],[-76.85183038066857,39.09000388435019],[-76.85454833254022,39.0897527245271],[-76.85607158647264,39.09066618048856],[-76.85811450463957,39.089633938970735],[-76.8593002720177,39.09015685948423],[-76.86618163203954,39.089204154606485],[-76.87585019008093,39.091050385323435],[-76.87662041988426,39.0898193684233],[-76.88035119145887,39.090738975626586],[-76.88383917363953,39.08925613060575],[-76.88638403656034,39.08965287023493],[-76.89199255639238,39.088500373197995],[-76.89317854899984,39.08902297036603],[-76.88672170865149,39.09004328835608],[-76.88603812694843,39.09095006844604],[-76.88917198202927,39.09245188859291],[-76.8889990469917,39.09310049199902],[-76.88485215424606,39.090427402956806],[-76.87677654511891,39.09254601631815],[-76.87618781206409,39.09144083216223],[-76.8654978019168,39.090110821567414],[-76.85996648655461,39.09262545799918],[-76.85870294814531,39.090739208337794],[-76.85835653918264,39.092036329720436],[-76.856660007262,39.0917714597409],[-76.8544437640037,39.09345223309466],[-76.8518123083622,39.093379115038445],[-76.85060841335192,39.096231355097736],[-76.85484100488593,39.09858131118957],[-76.85781021054343,39.09904486250738],[-76.86001770004478,39.099051645363225],[-76.8608748823636,39.09749644240179],[-76.86206079793152,39.09801933735413],[-76.86486559583884,39.097443668328786],[-76.86563607952829,39.09621271802481],[-76.87056161268612,39.09596785162517],[-76.87310663817232,39.09636486360596],[-76.8724228270724,39.09727156988569],[-76.87327118442349,39.09740390032925],[-76.87241426855866,39.09895918873217],[-76.87148792155286,39.0974635234183],[-76.8663112653164,39.09699366705807],[-76.86545420530125,39.098548907356815],[-76.85856307011586,39.101189192203904],[-76.85525621757147,39.10033515522463],[-76.8542345949817,39.10085125770753],[-76.85373277116724,39.09942168760305],[-76.85085022167107,39.09863376344229],[-76.8495868154529,39.096747418981224],[-76.84695524535768,39.09667419805472],[-76.84730187997629,39.0953771073239],[-76.84170139290859,39.09483997320457],[-76.84137321965318,39.09276181728603],[-76.83899254090717,39.093403237127696],[-76.83949403312398,39.09483286509103],[-76.83746007452095,39.09417718620529],[-76.83693986298874,39.09612278043858],[-76.83804824060721,39.09528255427488],[-76.84067975131342,39.095355963747174],[-76.84050637649095,39.09600449995616],[-76.84363950807429,39.09750746935769],[-76.84320611843007,39.09912882055634],[-76.84124941130797,39.09983655006982],[-76.84046917499668,39.10275496779159],[-76.84225259312036,39.10269578963403],[-76.8413949508126,39.10425086569081],[-76.84266752540977,39.10444967707793],[-76.84240745607946,39.10542248717313],[-76.84384420029404,39.10666036570134],[-76.84571438912593,39.106276866770365],[-76.8454543540561,39.10724968358052],[-76.84851052054043,39.107389185541074],[-76.8532545752416,39.10948117355652],[-76.85834541169646,39.11027585616613],[-76.86403381262969,39.11048795658283],[-76.86386936886858,39.10944890503564],[-76.86446680516805,39.108866529282],[-76.86445806045148,39.11055415132168],[-76.8698002008848,39.11206313029383],[-76.87301264858536,39.1149286981675],[-76.8705535493368,39.11420739272583],[-76.86928936060518,39.11232124292055],[-76.86352296293882,39.11074604543773],[-76.85681279558081,39.11105004631941],[-76.85189523034174,39.10960674721935],[-76.85103771287065,39.11116189186044],[-76.85147099950463,39.109540509624615],[-76.84231150593276,39.10743437654527],[-76.84111629211112,39.10859891195953],[-76.84172317659115,39.106329026090556],[-76.8404505716569,39.106130204964785],[-76.84062397114323,39.10548166758276],[-76.83756790006548,39.1053419718029],[-76.83782803391306,39.10436917184807],[-76.83443455622005,39.10383884712218],[-76.83521504658414,39.100920466677785],[-76.83309422982146,39.10058898021317],[-76.83189898087711,39.101753425481206],[-76.82918050182181,39.102004090578625],[-76.8291900649719,39.100316473906354],[-76.82834175399472,39.1001838425596],[-76.82996118352457,39.099085744146194],[-76.82826459059258,39.098820486253715],[-76.82547874777472,39.09602009897426],[-76.82463049373675,39.095887442409264],[-76.82377255463344,39.09744239485087],[-76.8221627941279,39.096852797280945],[-76.82082314550816,39.09360280240094],[-76.82396544989695,39.09341865315544],[-76.82455340453657,39.09452408491016],[-76.82670286523495,39.08979287572911],[-76.82551733845925,39.089269644300074],[-76.82552698501003,39.087582031963755],[-76.82773412314492,39.08758938809834],[-76.82825452006385,39.08564383551078],[-76.82154652372301,39.08594593150414],[-76.82035133059888,39.08711026252328],[-76.81763335955652,39.08736067440884],[-76.81713234901,39.08593096028636],[-76.81534932195169,39.085989777883086],[-76.8163710116964,39.08547399645521],[-76.8156964697447,39.0846927779556],[-76.81705541105053,39.08456760068162],[-76.81764318895378,39.0856730632903],[-76.81933943613915,39.085938465492106],[-76.82002380284112,39.08503205329465],[-76.82129598236678,39.08523108272357],[-76.8215562620502,39.08425832052101],[-76.82545953551308,39.08453106576966],[-76.82801350198814,39.08324138912724],[-76.83055784906301,39.08363927127162],[-76.82854343573261,39.07960822686153],[-76.82924674555638,39.07532654691637],[-76.83010430646563,39.07377156308147],[-76.83375642588885,39.07332921725856],[-76.83309127847878,39.070860487142866],[-76.83148203112826,39.070271013158035],[-76.83046066234404,39.07078691736304],[-76.83123144608756,39.06955618646238],[-76.83038349040538,39.06942356980402],[-76.82961269370954,39.07065429541521],[-76.82622085011947,39.070123749789694],[-76.82638466666384,39.07116284340454],[-76.82502599206803,39.071288122379386],[-76.822337783576,39.06647581754653],[-76.82021803059254,39.0661441135147],[-76.81611265598343,39.07158252006393],[-76.81566893354135,39.07489137451343],[-76.81456060820761,39.07573139792298],[-76.81472427067382,39.0767705079617],[-76.81599629106448,39.0769695913342],[-76.81556240719152,39.078590839878586],[-76.81403991567426,39.07767688959608],[-76.81242072266886,39.07877477619349],[-76.81140907214822,39.07760291640324],[-76.81192983457782,39.07565743578025],[-76.81362582713145,39.0759229154693],[-76.81431017077904,39.075016536405805],[-76.81492750249433,39.07105918938191],[-76.8172307368381,39.069054877501365],[-76.81783803704913,39.06678512502576],[-76.81647942956062,39.066910310452606],[-76.81570842409211,39.068140949243414],[-76.81358865280754,39.06780913201611],[-76.81434978759279,39.06826611141513],[-76.81348203095004,39.071508590835485],[-76.81161256681246,39.07189160238286],[-76.81058104287732,39.07409494984827],[-76.80888510410436,39.07382942869371],[-76.80820070397795,39.07473577768373],[-76.80659157276197,39.07414598095642],[-76.80335307014195,39.07634153775395],[-76.80327640082476,39.07497817203965],[-76.80498246766342,39.07355616345601],[-76.8100802625105,39.07266521078974],[-76.81324154804147,39.06910612205046],[-76.81196967281639,39.06890701076605],[-76.81265397105886,39.06800064197642],[-76.8104474293237,39.06799301807925],[-76.80952275228424,39.06649689986619],[-76.80485944863489,39.06576662232188],[-76.8023260500147,39.06368061227648],[-76.80034944368465,39.0677629004675],[-76.7984800067059,39.06814571417876],[-76.79718758529654,39.071321660317544],[-76.79591571530068,39.07112238463096],[-76.79523117893723,39.072028661737264],[-76.79481757648422,39.07027462677512],[-76.79840343743952,39.06678234748481],[-76.80035967173005,39.06607529679136],[-76.80063038438962,39.06341497896239],[-76.80190213244654,39.06361420611629],[-76.8026834969729,39.06069605176176],[-76.79997668875478,39.05925847449678],[-76.7974230676064,39.06054756933343],[-76.79547729399697,39.05956697178626],[-76.79436896900602,39.06040681277488],[-76.79046710782617,39.060133092324385],[-76.79174919750626,39.058644822666565],[-76.79022742318398,39.05773058396192],[-76.78929280950861,39.057921917843586],[-76.78928232568282,39.05960951814175],[-76.78843456264454,39.059476615467105],[-76.78902170237738,39.06058220834729],[-76.78781588696722,39.06343382247617],[-76.78492489417596,39.06433197658124],[-76.78527248138897,39.06303506681621],[-76.784424685731,39.06290213669935],[-76.78614139515908,39.05979278946204],[-76.78436958241925,39.05816356222934],[-76.78463025930131,39.05719088220051],[-76.78658636942711,39.056484049566826],[-76.78770524462799,39.053956679607154],[-76.78855294196165,39.054089587129],[-76.78806324400034,39.050972166318246],[-76.78917149800182,39.05013238297804],[-76.78706290717827,39.04811251691428],[-76.78324861945306,39.04751434241682],[-76.78446494370533,39.04297518511272],[-76.78726823170106,39.04240127285389],[-76.78752881329534,39.04142858941643],[-76.79100588018433,39.04163595818507],[-76.79262456945699,39.040538357873054],[-76.79448296690208,39.04184322962648],[-76.79585147285603,39.04003068968409],[-76.79712279881447,39.04022996493936],[-76.79882817068764,39.0388080495713],[-76.7985882800875,39.03640556625463],[-76.79985955016427,39.036604813374545],[-76.7991753879097,39.03751110670872],[-76.80418394753406,39.03694463726445],[-76.80807457129524,39.03890552162433],[-76.81079076400728,39.038655320957936],[-76.8124090882383,39.037557463398706],[-76.81233229001964,39.03619411260404],[-76.81310301389377,39.0349635016393],[-76.81486501802118,39.03827990860671],[-76.81375724145738,39.039119919417196],[-76.81206210684397,39.03885444325423],[-76.81078078192262,39.0403429173657],[-76.80772750615104,39.04020248966824],[-76.80747725827311,39.03948761887281],[-76.80332626667473,39.038499432069],[-76.79907833119108,39.039522937706394],[-76.79847067308098,39.04179258757407],[-76.7959279660993,39.04139405154255],[-76.7948199233302,39.0422338938867],[-76.79744947017697,39.04230821781821],[-76.79854721729119,39.04315594823147],[-76.79826623029085,39.04750384951184],[-76.7992772501324,39.04867580998495],[-76.80073257214852,39.04653897771411],[-76.80454695247433,39.04713661524587],[-76.80046192606773,39.049199287846754],[-76.8031683693532,39.05063685199954],[-76.80493030014287,39.053953408861176],[-76.80688612573265,39.053246257024924],[-76.80834131559126,39.05110933391668],[-76.81325405875495,39.05255434009245],[-76.80764706591197,39.053703276296694],[-76.80890863566114,39.05559003200955],[-76.80855146939871,39.05857460772353],[-76.80998671104317,39.05981286673355],[-76.81371509871806,39.06073446876951],[-76.8162782947798,39.05775743659426],[-76.81864820453542,39.05880405844777],[-76.8282343899591,39.05929063001499],[-76.82933275249354,39.06013809083143],[-76.82951569145598,39.05780197096714],[-76.83129801563884,39.057742950444975],[-76.83018059794153,39.06027071444003],[-76.83517164638333,39.063078201978996],[-76.83380368712379,39.0648911823053],[-76.83388091840264,39.0662545266268],[-76.83619287341264,39.06256225976745],[-76.83865922255583,39.06159663247301],[-76.83859124600231,39.058545687839676],[-76.84130806738982,39.05829481897269],[-76.839584436921,39.063092532473384],[-76.83703138372377,39.06438244216598],[-76.83897784665007,39.065362389672565],[-76.84014447225537,39.069260704423975],[-76.84166711567265,39.07017433345993],[-76.84388294458186,39.06849379514089],[-76.8471973555081,39.06766052182783],[-76.84643602058937,39.06720374371451],[-76.84739801038272,39.06194915986788],[-76.84918042169943,39.06188988276309],[-76.84975942429712,39.0646827954028],[-76.8483051805189,39.06682020861725],[-76.84915313851289,39.066952702911045],[-76.8550202589709,39.06482906200144],[-76.85528896644102,39.062168626114975],[-76.85681165162839,39.063082068398245],[-76.86003910675731,39.0625727307544],[-76.86073157145532,39.05997849192114],[-76.86276478298912,39.06063378589377],[-76.86309342276462,39.062711873051406],[-76.85739986037068,39.06418733856584],[-76.85714013227316,39.06516017220665],[-76.85296898773997,39.06754885566001],[-76.85076245567917,39.067541947680475],[-76.84625360181654,39.06953989238203],[-76.85430959348781,39.07079848827179],[-76.85456937962036,39.069825659561296],[-76.85677598137134,39.06983249993932],[-76.85797030679004,39.06866782242329],[-76.86128456410347,39.06783417332817],[-76.85829884580839,39.0707459252548],[-76.85540843393419,39.071645720283975],[-76.85379898823486,39.07105653525159],[-76.8536257884449,39.071705086837326],[-76.84955894743905,39.07039416397737],[-76.84896170793789,39.07097646389545],[-76.84463507678467,39.070638197016116],[-76.84395115257477,39.071544742311765],[-76.84174450006961,39.07153767418667]],[[-76.83782803391306,39.10436917184807],[-76.83833893002823,39.104111188897164],[-76.8379147436474,39.10404490511584],[-76.83782803391306,39.10436917184807]],[[-76.83833893002823,39.104111188897164],[-76.8388498225149,39.10385320385942],[-76.83842563717427,39.10378692182459],[-76.83833893002823,39.104111188897164]],[[-76.8388498225149,39.10385320385942],[-76.839360711373,39.10359521673489],[-76.83893652707263,39.10352893644655],[-76.8388498225149,39.10385320385942]],[[-76.839360711373,39.10359521673489],[-76.83987159660259,39.103337227523475],[-76.83944741334248,39.10327094898167],[-76.839360711373,39.10359521673489]],[[-76.82622085011947,39.070123749789694],[-76.82588359562853,39.06973316881302],[-76.82579687315258,39.070057425080236],[-76.82622085011947,39.070123749789694]],[[-76.79066174755721,39.056109430012114],[-76.79184648259064,39.056632990716395],[-76.79168319247997,39.05559385433466],[-76.79007461900692,39.05500384575713],[-76.78937968033026,39.05759768778046],[-76.79022742318398,39.05773058396192],[-76.79066174755721,39.056109430012114]],[[-76.83345695701678,39.0661882281002],[-76.83277293526614,39.067094711138196],[-76.83319690131555,39.067161012009535],[-76.83345695701678,39.0661882281002]],[[-76.83277293526614,39.067094711138196],[-76.83208889645371,39.06800119055825],[-76.8325128671667,39.068067493774365],[-76.83277293526614,39.067094711138196]],[[-76.83208889645371,39.06800119055825],[-76.83149153666425,39.068583406247335],[-76.83191551022847,39.06864971150864],[-76.83208889645371,39.06800119055825]],[[-76.84412443831184,39.07089620423309],[-76.84378708402981,39.07050567180123],[-76.84370044050827,39.07082994060311],[-76.84412443831184,39.07089620423309]],[[-76.83098295368639,39.09856984133867],[-76.83132036945167,39.098960410560885],[-76.83140710177577,39.09863614870293],[-76.83098295368639,39.09856984133867]],[[-76.83140710177577,39.09863614870293],[-76.83200470933717,39.09805393018314],[-76.83158056410134,39.09798762486525],[-76.83140710177577,39.09863614870293]],[[-76.83200470933717,39.09805393018314],[-76.83251558172095,39.097795971474866],[-76.83209143752484,39.0977296679034],[-76.83200470933717,39.09805393018314]],[[-76.83251558172095,39.097795971474866],[-76.83345059440752,39.09760431105837],[-76.83260230732063,39.097471708854606],[-76.83251558172095,39.097795971474866]],[[-76.83345059440752,39.09760431105837],[-76.83396145849609,39.09734634642988],[-76.83353731560535,39.09728004779759],[-76.83345059440752,39.09760431105837]],[[-76.83396145849609,39.09734634642988],[-76.83447231895694,39.097088379714556],[-76.83404817710598,39.09702208282851],[-76.83396145849609,39.09734634642988]],[[-76.83381638443727,39.092932027904546],[-76.83203319910436,39.09299108492807],[-76.83159957740668,39.09461239426561],[-76.83566744991401,39.095923910736474],[-76.83653450806968,39.09268126186462],[-76.83525273529035,39.09417000277485],[-76.83381638443727,39.092932027904546]],[[-76.83653450806968,39.09268126186462],[-76.83704532659519,39.09242328480187],[-76.83662120962876,39.09235699675364],[-76.83653450806968,39.09268126186462]],[[-76.84798598671388,39.0944705395923],[-76.84747519264441,39.09472856171515],[-76.84789933335402,39.09479481275727],[-76.84798598671388,39.0944705395923]],[[-76.83927126841637,39.08905520816487],[-76.83867379309129,39.08963746063084],[-76.83952199979556,39.089770021206135],[-76.83927126841637,39.08905520816487]],[[-76.84097696123034,39.087632701817725],[-76.84148772849267,39.08737470674211],[-76.84106363694097,39.08730843391457],[-76.84097696123034,39.087632701817725]],[[-76.84106363694097,39.08730843391457],[-76.84072622291336,39.08691789199661],[-76.84063954616285,39.08724215964089],[-76.84106363694097,39.08730843391457]],[[-76.83768029634123,39.0850905867471],[-76.83708284086629,39.085672831135255],[-76.83750691924138,39.08573911752568],[-76.83768029634123,39.0850905867471]],[[-76.83685805022884,39.06503096959068],[-76.83634742354471,39.065288944587245],[-76.83677138232149,39.065355233240616],[-76.83685805022884,39.06503096959068]],[[-76.7917804753081,39.05358202351848],[-76.79229117785766,39.05332423223931],[-76.7918673298488,39.053257791963915],[-76.7917804753081,39.05358202351848]],[[-76.7918673298488,39.053257791963915],[-76.7915303381916,39.05286711894654],[-76.79144348261467,39.05319135024326],[-76.7918673298488,39.053257791963915]]],[[[-76.77753486083608,39.07871451543969],[-76.77873060174197,39.07755059808018],[-76.78577507255325,39.07764150472264],[-76.78330747659015,39.07860608487275],[-76.77982866282781,39.078398499214714],[-76.776839247833,39.081308298373706],[-76.77599125442279,39.08117531027211],[-76.776241336106,39.08189024976315],[-76.77386043920598,39.08253042068627],[-76.77490401711309,39.07863976942501],[-76.77753486083608,39.07871451543969]]],[[[-76.78464949404186,39.108209794600036],[-76.78152779298144,39.105017721250064],[-76.7796572981635,39.10540025442318],[-76.78034234325737,39.10449405748087],[-76.77661213339947,39.103571446543334],[-76.77543755465928,39.101360123443214],[-76.77407822767034,39.10148484604006],[-76.77426304742053,39.099148790177956],[-76.77020703637503,39.09614765321538],[-76.77238184587056,39.08804216642761],[-76.77407798285788,39.0883081864419],[-76.7748499072915,39.0870778015399],[-76.77654603080298,39.087343787825695],[-76.77611120480363,39.08896490160084],[-76.77763345564954,39.08987931839458],[-76.78103654628427,39.08872358307789],[-76.78128670358801,39.089438513416816],[-76.78400487742857,39.08918889628948],[-76.78510317593751,39.0900367526452],[-76.785363957345,39.08906406543855],[-76.78876688682647,39.08790811864386],[-76.7931811756379,39.08792409729942],[-76.79463746296986,39.085787321363185],[-76.79649705381244,39.087092173546175],[-76.79402927925395,39.08805696827181],[-76.79376861745922,39.089029673472524],[-76.79529109184514,39.08994387400311],[-76.8002930632974,39.0910651667019],[-76.80344546954075,39.08919392546908],[-76.805228584848,39.089135278611636],[-76.80521846664159,39.0908228898237],[-76.80318492972164,39.09016665061936],[-76.80266382915562,39.09211209981283],[-76.80105435806992,39.09152222949221],[-76.79782520420716,39.0920300375129],[-76.79122428328702,39.08863103779531],[-76.78646226982539,39.08991190976492],[-76.79161703491776,39.093760312141484],[-76.78678885963114,39.09199020920123],[-76.78544030542523,39.0904274457281],[-76.78060181221437,39.09034471297899],[-76.77982995047473,39.09157513435346],[-76.77398016339097,39.09032001603003],[-76.77660064601871,39.09208239096368],[-76.77640513121017,39.09610605764142],[-76.77859104769537,39.09948950902782],[-76.78011355027367,39.100403897262645],[-76.7831693026275,39.10054500525943],[-76.78450739466717,39.103795409986425],[-76.78569286301224,39.104319033968395],[-76.78823771627522,39.10471778405569],[-76.79028199292092,39.10368665498277],[-76.78822720118528,39.10640539884169],[-76.7907825974733,39.105116482078245],[-76.7918812158852,39.10596428109808],[-76.79058783312519,39.109140181006126],[-76.78677031196668,39.108542108001274],[-76.78762917412539,39.106987407766354],[-76.78464949404186,39.108209794600036]],[[-76.78482339663164,39.10756133490063],[-76.78448619094654,39.10717063887347],[-76.78439923900234,39.107494868483144],[-76.78482339663164,39.10756133490063]]],[[[-76.82738748501819,39.103750698291904],[-76.82925768579389,39.10336744714308],[-76.83292077479678,39.10123750648375],[-76.83444399756218,39.10215122945721],[-76.83264162045526,39.10558553122721],[-76.82974950469706,39.10648473524344],[-76.82813949531489,39.105895214058236],[-76.82738748501819,39.103750698291904]]],[[[-76.79823334743338,39.10864835865301],[-76.79961326919894,39.105148139458535],[-76.80233196780739,39.104898120797344],[-76.80335401588592,39.10438244454186],[-76.80267943835275,39.10360115261629],[-76.80472347857517,39.10256978629696],[-76.80693106989712,39.10257751188057],[-76.80582222115093,39.10341746169675],[-76.8064099806275,39.10452298135103],[-76.80088574505075,39.10534737856006],[-76.80129969370995,39.107101404802656],[-76.79814645507957,39.10897259796662],[-76.7982230639945,39.11033597555293],[-76.7972112029864,39.109163993232166],[-76.79823334743338,39.10864835865301]]]]},"properties":{"lid":"GFLV2_minor","stage_ft":11.0,"site_id":"01646000","level":"minor"}}]}