{"type":"FeatureCollection","features":[{"type":"Feature","geometry":{"type":"MultiPolygon","coordinates":[[[[-77.31401030502248,38.855171375508334],[-77.31434577560469,38.85218547669468],[-77.31806986745738,38.85309190336841],[-77.3164650268254,38.85588387403126],[-77.31401030502248,38.855171375508334]]],[[[-77.34160648027547,38.862421548215565],[-77.34389098946976,38.86209513679344],[-77.34372026789184,38.86105677293264],[-77.34583640662731,38.86137953132891],[-77.34473505021474,38.86053667362724],[-77.34566080654517,38.85696603190521],[-77.34989288241671,38.85761144598816],[-77.34896482245249,38.85949455016742],[-77.35023449016383,38.85968815576454],[-77.35048690174614,38.85871433381709],[-77.35217978079595,38.85897245090393],[-77.35234803695512,38.858323233728704],[-77.35328119965673,38.85981524227853],[-77.35615969532321,38.86059147657754],[-77.35252404524037,38.86273672434939],[-77.35133845503934,38.86221853407614],[-77.35150928787014,38.86325688757602],[-77.34626207681433,38.86313164852834],[-77.34558634825738,38.86404091414472],[-77.34431661706932,38.863847260820336],[-77.34414588532375,38.86280889733632],[-77.34160648027547,38.862421548215565]]],[[[-77.37379273807807,38.87744955348268],[-77.37556082343949,38.872320012556074],[-77.37369637954782,38.87102389081438],[-77.37674360374766,38.87115040057684],[-77.37817842329176,38.869006897990694],[-77.38342611185568,38.869130785550446],[-77.38290893366245,38.864328285204664],[-77.38604660114214,38.86750507588412],[-77.38756845064104,38.866724403345444],[-77.38968494788305,38.86704641305738],[-77.38842529724995,38.87191592232543],[-77.3878305962292,38.87081321478118],[-77.38605332466157,38.87088021644285],[-77.38554266067807,38.869452866103536],[-77.38359741805391,38.870169095587585],[-77.38410804895726,38.87159645406313],[-77.38165213719579,38.87088529459637],[-77.38063747431137,38.87140569683743],[-77.38021738284179,38.87302883787648],[-77.37970681810418,38.87160146312907],[-77.37843686460276,38.87140815927986],[-77.37708604009937,38.873227039506844],[-77.37861129472562,38.874134047783414],[-77.37708919454248,38.874914610994296],[-77.37565734808915,38.8787456747659],[-77.37379273807807,38.87744955348268]]],[[[-77.31055360312239,38.86847921826741],[-77.30835308002727,38.86848043618147],[-77.30928388778587,38.86828520587321],[-77.3091136447753,38.86724679365409],[-77.31080657533418,38.86750547625085],[-77.31055360312239,38.86847921826741]]],[[[-77.32391215329818,38.93058688321713],[-77.32695579787016,38.92565186557725],[-77.32983455349682,38.924741134260685],[-77.33169538223524,38.9226627581574],[-77.34185901583325,38.92252508348033],[-77.3434667287531,38.921420343194455],[-77.34609242945905,38.92148305011376],[-77.34744986231348,38.92303966124258],[-77.34888906932147,38.92258406623041],[-77.35515878384,38.92387658869567],[-77.35448260272373,38.92478590973714],[-77.35888704944509,38.924781796434594],[-77.35939757893871,38.92620926654323],[-77.36659628673698,38.925618013101705],[-77.36363380057328,38.9268542169017],[-77.36338132861957,38.92782807391335],[-77.36482340310965,38.92905987714934],[-77.36423145167954,38.929644631945834],[-77.3611790133271,38.92783022992665],[-77.35948450165493,38.92757223356602],[-77.35880834023881,38.928481578647165],[-77.35914505257008,38.92718311484477],[-77.3576189293353,38.92627586088124],[-77.35490885156644,38.92653801113052],[-77.35304338719679,38.92524156979916],[-77.35118054550651,38.925632683579074],[-77.3509253608129,38.92491893189796],[-77.34745233214979,38.92472724405645],[-77.34473986838748,38.923301589157774],[-77.34279278630004,38.9240171829215],[-77.33770974901401,38.92324237118533],[-77.33652549585099,38.92441161820319],[-77.33195248122311,38.92506413235325],[-77.33169959182057,38.92603792457886],[-77.33034451320049,38.92616872389519],[-77.32729907362987,38.92941624040964],[-77.32645185791063,38.92928701364658],[-77.3255222782805,38.931169959094525],[-77.32391215329818,38.93058688321713]]],[[[-77.34164830412774,38.95387545018137],[-77.34876563882277,38.95360983488062],[-77.35114233286319,38.95633385578989],[-77.347667804802,38.95614217316171],[-77.34783632580015,38.95549295395477],[-77.34563317310807,38.95549483392245],[-77.34537793812419,38.954781067849694],[-77.3447013477614,38.955690339477734],[-77.34122686738844,38.95549847648755],[-77.33944977096249,38.957252401121515],[-77.33538281903229,38.95764501039745],[-77.33512767701988,38.95693122301912],[-77.33453526041521,38.957515838341884],[-77.32987374179409,38.95680528858578],[-77.3270800721824,38.95907902057487],[-77.32538495403784,38.958820557186094],[-77.32420185610947,38.96167728430651],[-77.32471196411905,38.963104904529445],[-77.32767859920182,38.96355721663993],[-77.33055884495423,38.962646463661486],[-77.33445310828282,38.9595280303073],[-77.34445332541213,38.960039343898636],[-77.3436081047841,38.9615978253861],[-77.33589532118845,38.96076017536213],[-77.33479475382534,38.96160481015896],[-77.33309954947002,38.96134645207615],[-77.33030580632975,38.96362025820594],[-77.33352764602331,38.96478622854363],[-77.33378064559659,38.963812427262326],[-77.33547590980264,38.964070776132715],[-77.33581320299302,38.962772369180996],[-77.33666082508687,38.96290153260539],[-77.33683168483445,38.96393992004341],[-77.34268091692084,38.96516850053843],[-77.3418355987769,38.96672697112663],[-77.34615830400743,38.96704791599939],[-77.34548160935965,38.96795719351563],[-77.34709273383402,38.96853999245736],[-77.34709519693342,38.97022758616226],[-77.34183793991727,38.968414564478515],[-77.34209553518582,38.97081593320953],[-77.34294326210652,38.97094505387037],[-77.34201357707214,38.972828134124384],[-77.34048671026932,38.971920663446774],[-77.33938602742022,38.97276534036432],[-77.33997163507233,38.96711791883917],[-77.33581760585285,38.96614755455326],[-77.33514079039401,38.96705677555031],[-77.33496994745317,38.966018385306626],[-77.33319030272793,38.96608462966719],[-77.33259566921583,38.964981643440844],[-77.33175013729753,38.966540045270875],[-77.33174803011288,38.96485245220648],[-77.32886567161314,38.96407564016549],[-77.32734115726316,38.964855601623775],[-77.32437447135723,38.964403281358244],[-77.32403696655454,38.965701657517464],[-77.32564786934982,38.966284734683256],[-77.32683696510293,38.96849077147822],[-77.32352877013453,38.96596162702768],[-77.32225731963665,38.965767745070714],[-77.32149594815094,38.9670014843544],[-77.31886862661823,38.96693825621992],[-77.32124650058397,38.97135044948984],[-77.31997496202357,38.97115654399135],[-77.3198887271673,38.96979354093612],[-77.31759895059734,38.96843192024256],[-77.31725599251251,38.964667497744045],[-77.31708717751236,38.96531667624959],[-77.31454434015029,38.96492876734111],[-77.3108161918249,38.96570981462518],[-77.31208926217789,38.96759140743804],[-77.30929144985384,38.966489554492455],[-77.30759931682914,38.96960603574223],[-77.30675014063638,38.96778907950134],[-77.30522531154602,38.96856876964409],[-77.30556316522006,38.96727044412678],[-77.30284993677265,38.96584386456401],[-77.29912296684178,38.968312154540385],[-77.29547772252828,38.967080570091746],[-77.29513968982697,38.96837886810509],[-77.29327543322121,38.96876911441521],[-77.29302187447969,38.96974283373258],[-77.29132545905657,38.96779631030204],[-77.28869813518587,38.9677324433485],[-77.28717311392523,38.968511911640135],[-77.28658127789849,38.97078389360724],[-77.2831907964058,38.9702658362112],[-77.28302068714773,38.96922737410214],[-77.28132548929635,38.96896830839711],[-77.2809026200066,38.97059113305473],[-77.28251328529025,38.97117477057267],[-77.27869988633532,38.97227941955944],[-77.28005773360852,38.975524375181784],[-77.28438068809582,38.97584747253635],[-77.28438169714975,38.97753506896926],[-77.28217787601172,38.977535822111975],[-77.28048340629327,38.97896434139721],[-77.2810782966045,38.98175517704603],[-77.28345140023946,38.981105309353374],[-77.2848086050252,38.98266261914393],[-77.28565636815419,38.98279213136542],[-77.2874321449703,38.97597618023418],[-77.29141584488177,38.975909714003265],[-77.29370536675795,38.97727181932431],[-77.29429827213619,38.97668739730175],[-77.29438403585496,38.97805041950406],[-77.29523176229043,38.97817986622779],[-77.29514598254143,38.97681684458466],[-77.29684011441894,38.97538812558653],[-77.30107864352804,38.97603521718057],[-77.30302752735753,38.975320273106135],[-77.30574111259806,38.976746850803096],[-77.30760550670566,38.97635641674826],[-77.30811539202158,38.977784108303986],[-77.30938701477528,38.97797813551547],[-77.30913363953245,38.97895188908883],[-77.31260915490851,38.97914465149627],[-77.31422196483733,38.98141547529388],[-77.3153230705817,38.98057102049759],[-77.31795088124078,38.98063432382835],[-77.31701689367753,38.979142025277795],[-77.31777668460072,38.97622071508053],[-77.32031993375125,38.97660855839771],[-77.3224412204123,38.97861931763066],[-77.32218801761967,38.97959309794161],[-77.3233753125019,38.98011157523815],[-77.32396800270784,38.979527011242936],[-77.32490213775809,38.98101925756481],[-77.32668215526506,38.98095313192463],[-77.32464895954664,38.98199304325233],[-77.32583828171155,38.98419909484291],[-77.3324524722071,38.985881990002575],[-77.33330035753686,38.986011176833536],[-77.33355343394975,38.98503737290162],[-77.33372430133073,38.98607576807796],[-77.33779285126512,38.985683211471574],[-77.34024759900731,38.983020055650016],[-77.34109546482557,38.9831491891729],[-77.33948863926159,38.98594150637182],[-77.3414397433535,38.98691355616207],[-77.34118676596117,38.987887376453074],[-77.33703153481355,38.98691704977684],[-77.33533792383211,38.98834631983287],[-77.33525575908735,38.990358521657136],[-77.33907152392166,38.99093973102621],[-77.33831017415147,38.99217357818027],[-77.3398374388311,38.99308107844848],[-77.34017939562817,38.995157854022146],[-77.33661646592809,38.99360286685073],[-77.33542666325968,38.99139691534542],[-77.33466524689538,38.99263074023007],[-77.33262971053078,38.99198318420023],[-77.33406821234695,38.989840157202906],[-77.33338686284172,38.987374173910865],[-77.3291473861217,38.98672818467769],[-77.32880986293463,38.988026578196695],[-77.32796196209362,38.98789736064953],[-77.32787555778526,38.98653435968347],[-77.32728284189403,38.987118942967186],[-77.32490798468504,38.98608205070538],[-77.3244821094502,38.98432983120721],[-77.32321033546167,38.98413595848052],[-77.32354794051477,38.982837580968514],[-77.31973089564492,38.980568297889654],[-77.3185454206748,38.98173738281572],[-77.3193950541601,38.98355426214633],[-77.31846459864681,38.985437169522655],[-77.32117886379352,38.98686341184839],[-77.32245257222927,38.98874490435451],[-77.32194608969631,38.99069246768192],[-77.3238970867937,38.991664793936735],[-77.3230510584676,38.99322314280412],[-77.32406976176874,38.994390803808905],[-77.32279781301345,38.994196926553336],[-77.32262897894456,38.994846115515024],[-77.3216102923915,38.99367844260307],[-77.32008507997297,38.99445831842201],[-77.32067606232648,38.99218616858887],[-77.31898019560647,38.99192761641024],[-77.31974187058304,38.99069388789123],[-77.3189783838733,38.99024001664236],[-77.32024841212481,38.98874633355801],[-77.31889033545318,38.98718940996424],[-77.31795803239689,38.9873847155781],[-77.31693599681567,38.98284180951974],[-77.31532652410218,38.98394621553971],[-77.31677241788483,38.98855378479399],[-77.31592627314166,38.9901120843418],[-77.3146509982608,38.98654292560921],[-77.3134636606084,38.98602436434077],[-77.31448040197364,38.9855045041216],[-77.3143925478502,38.98245389648481],[-77.31134077176087,38.982325851580725],[-77.31023798443996,38.98148267366442],[-77.30845950659467,38.983236161106944],[-77.30998300550146,38.9807688320691],[-77.3067608355527,38.979602247617414],[-77.30616649219594,38.97849913254427],[-77.30243613094908,38.97759233298041],[-77.30269245844659,38.97999378661531],[-77.30057167744698,38.977982689447],[-77.29794397770713,38.97791901816537],[-77.29514850003582,38.980192038181315],[-77.29574269019206,38.98129520629697],[-77.29319940833042,38.98090685904651],[-77.29302913137128,38.97986840899809],[-77.29031567895944,38.97844155268036],[-77.28819857797058,38.981493035450804],[-77.28675782617776,38.981947929864425],[-77.28692801850572,38.98298638884472],[-77.29031911930097,38.983504345118625],[-77.29032026618788,38.985191943469594],[-77.293626957354,38.98603438150883],[-77.29320426324637,38.987657252276],[-77.29430694674308,38.98850058233387],[-77.29879976959606,38.98817402825639],[-77.29795456842204,38.991419805064076],[-77.2992264023883,38.99161393679271],[-77.2997362302069,38.99304166611843],[-77.30227997113487,38.99342988013682],[-77.30245041187068,38.99446831966419],[-77.30609563342077,38.99401210346779],[-77.30524919652125,38.99557033154875],[-77.30898051462697,38.996477049060005],[-77.30626764695941,38.99673813905898],[-77.30499719216904,38.99823168094223],[-77.3038082725857,38.99602542488183],[-77.30092497754829,38.99524796014295],[-77.29795589253777,38.99310740540807],[-77.29999526600521,38.99881833427586],[-77.29923317111376,39.00005194317094],[-77.29829931822815,38.99855949928647],[-77.29634976539394,38.99927437167016],[-77.29778947994106,38.99713176282206],[-77.29660208968193,38.99661303940438],[-77.29710929183575,38.994665577758255],[-77.29507403297022,38.99401740570723],[-77.29676727020173,38.99090108369031],[-77.29574905395323,38.98973319930845],[-77.29346032150171,38.9900587286769],[-77.29227188528546,38.9878523649602],[-77.29083103303854,38.98830730710342],[-77.29074532378631,38.986944280307],[-77.28828643251535,38.98623125970308],[-77.28769231509597,38.985128055058276],[-77.2854882640252,38.98512886698973],[-77.28506334363004,38.98337651264132],[-77.28379169143916,38.98318223604492],[-77.28727272266129,38.991813704378124],[-77.28515305051292,38.99148994011976],[-77.28396684206693,38.99265869665245],[-77.28447435484227,38.99071128785536],[-77.28362650154688,38.99058176740132],[-77.28413400894459,38.98863436062531],[-77.28328618045634,38.98850483788839],[-77.28404842475888,38.98727132913882],[-77.28294587879368,38.98642790811075],[-77.28269018032086,38.98402641138119],[-77.28141946357357,38.985519708961135],[-77.28065534749355,38.98337800399573],[-77.27836674744249,38.98370325472823],[-77.27641657241901,38.98273021414979],[-77.27819580992823,38.98097718610249],[-77.27989127639187,38.981236295029554],[-77.2798903714224,38.979548697613815],[-77.27861879993434,38.979354368129854],[-77.27904177107513,38.97773154911603],[-77.28124559817262,38.97773085166412],[-77.28192318615793,38.976821923327634],[-77.27793856801573,38.9752004885301],[-77.27776852216923,38.97416201845497],[-77.27649705046555,38.973967667389815],[-77.27429411239252,38.97565587654467],[-77.27183576375263,38.97494253127303],[-77.27132661009708,38.97351469137717],[-77.27352955219392,38.97182653544406],[-77.26776621205629,38.97195773354938],[-77.26708849255753,38.972866583913834],[-77.26539326667857,38.972607300419284],[-77.2646308597875,38.97384069182323],[-77.26208800459912,38.97345170748455],[-77.26183401227658,38.97442536370412],[-77.2638689604226,38.976761675134924],[-77.2631911475135,38.977670504871874],[-77.2655654230928,38.980396173751956],[-77.26276782325813,38.97929326982579],[-77.26251381964242,38.98026692829708],[-77.26166612714574,38.98013725805149],[-77.2625128157294,38.97689173419909],[-77.26166516255007,38.976762064013215],[-77.26132553284516,38.97468507873753],[-77.26005409593542,38.974490559189285],[-77.25852862633128,38.97526967619787],[-77.2560704453095,38.974556018672864],[-77.25429083187116,38.97630872777371],[-77.25471496997226,38.978061185496045],[-77.2531043752886,38.97747718658718],[-77.25013785216821,38.97871068756448],[-77.24640805046043,38.97611460733717],[-77.24284815029489,38.97793212701577],[-77.238355767792,38.97656905846017],[-77.2381015112338,38.97585506992255],[-77.23988148057097,38.97579018928751],[-77.24132241382881,38.97702343600296],[-77.24352621968018,38.97702340837048],[-77.24539084939438,38.97494631266479],[-77.24657752094883,38.97546552412449],[-77.24683172101332,38.974491898990586],[-77.24649239482027,38.97072727854835],[-77.24471237692981,38.96741706457943],[-77.246492134009,38.96735208920852],[-77.24657672669422,38.96533995403655],[-77.24428846239232,38.9639769818576],[-77.24581361841538,38.959822855623464],[-77.24284759947969,38.95768099455057],[-77.2438644489928,38.95716171514849],[-77.24318651509891,38.95638284122227],[-77.24420334406058,38.95586355914032],[-77.24428790738328,38.95216383819364],[-77.2414069857937,38.951384996269816],[-77.2420847695018,38.94710110965974],[-77.23971245885178,38.944375004987975],[-77.2383568743177,38.94450479946256],[-77.23717085172882,38.94229792339846],[-77.23920414896939,38.94294703973483],[-77.23954309168039,38.93996131129536],[-77.23801819213394,38.93905258467539],[-77.23861128547505,38.936780844999326],[-77.24030558181114,38.93704049300792],[-77.24132215068477,38.934833649371065],[-77.23979731149865,38.935612531648005],[-77.23861133778372,38.93509325834845],[-77.23886550342374,38.934119655208264],[-77.23767956066881,38.933600373106025],[-77.2390349858956,38.931783000350435],[-77.24284686553598,38.93067957679016],[-77.24598127815673,38.93385993734185],[-77.24742133308517,38.93340551950789],[-77.24733650101575,38.93204247380481],[-77.2486071627747,38.93223712246355],[-77.24843798642041,38.93457379053587],[-77.24665903224863,38.93463879351677],[-77.24665916646083,38.936326380058894],[-77.24479537990392,38.93502830954031],[-77.24352480276661,38.938208795329466],[-77.24166104227957,38.93859826445073],[-77.24233879426373,38.939377144744014],[-77.24115274769788,38.94054548300838],[-77.24276242954471,38.9411296338806],[-77.24174579607843,38.941648903064284],[-77.24149167157086,38.945997690377034],[-77.24411824470084,38.947750145886694],[-77.24293213812496,38.9506060924742],[-77.24462677163373,38.950865681963556],[-77.2481853038678,38.949048118519286],[-77.24530466955831,38.95164454740087],[-77.24513553994753,38.95735640006649],[-77.2471693288331,38.95800538723786],[-77.24818615204643,38.95748607239185],[-77.24623745635417,38.961575338013105],[-77.2462377053348,38.96495052446986],[-77.2493733476188,38.964755626817805],[-77.25233904897935,38.96183455362057],[-77.25428834221701,38.962807969452356],[-77.25369463392953,38.96001701340413],[-77.25225382771893,38.95878391346604],[-77.25360906261048,38.955278783531064],[-77.25801535763767,38.95527825278416],[-77.2577613742525,38.95625189805759],[-77.25598189863526,38.95631703495794],[-77.25623626232428,38.95703098478538],[-77.25479579504542,38.95748550647979],[-77.25505080879661,38.9615746436158],[-77.2564066814424,38.96144466639211],[-77.2553051817261,38.962288595899174],[-77.25572926255145,38.964041046489875],[-77.25233931493601,38.96352214669425],[-77.25200052931912,38.9648203263737],[-77.24911921555741,38.965729255743696],[-77.24920412027659,38.967092306778014],[-77.24657699142121,38.96871514236777],[-77.24801789805397,38.969948310030304],[-77.2474251321331,38.97559529733648],[-77.25047651286302,38.97572491370591],[-77.25132389155962,38.974167064120905],[-77.25174794573243,38.97591953141563],[-77.25352790445928,38.975854455050005],[-77.25581602199452,38.973842066657724],[-77.25759592627084,38.973776931965006],[-77.25861248396846,38.971569934965814],[-77.2593758273605,38.97371177174408],[-77.26649421136202,38.97007568498437],[-77.26657765810788,38.96637594125301],[-77.26742519907877,38.966505577683925],[-77.26827210766821,38.964947614538595],[-77.26666109637063,38.96267619949099],[-77.26691437924623,38.96001494251924],[-77.2680163393573,38.96085850259746],[-77.26750859440996,38.962805835281394],[-77.2693734972659,38.964103569595366],[-77.26784959629983,38.96825798792659],[-77.26946010526396,38.96884179466017],[-77.2687824359331,38.96975065385249],[-77.272851164256,38.97104782196914],[-77.27310499740132,38.97007414369995],[-77.274376392026,38.97026852940614],[-77.27471637357223,38.97234547756702],[-77.27641162655817,38.972604633689784],[-77.27522399221542,38.970398112643224],[-77.2791228145507,38.97065660199945],[-77.27878271514838,38.968579666436725],[-77.27912104055311,38.96728141296259],[-77.28039240245764,38.96747573694943],[-77.2805606294154,38.965139014448106],[-77.28539233257122,38.96688987634054],[-77.28700188225531,38.965785861391886],[-77.28623886102797,38.965331790504436],[-77.28666051906461,38.96202135599367],[-77.28547378087514,38.961502528901214],[-77.28547274672418,38.959814936500365],[-77.2842015050625,38.95962066478557],[-77.2859778986017,38.95449234859562],[-77.28563767913982,38.95241543674249],[-77.28436656625304,38.95222116692624],[-77.28385732574242,38.950793383218986],[-77.28072237735769,38.95098915190626],[-77.28105965474091,38.948003306911666],[-77.27877216853875,38.94832856340906],[-77.27860217356665,38.94729009856018],[-77.2769075022453,38.947030973323436],[-77.2762301289132,38.94793987030173],[-77.27487454320239,38.948070063895976],[-77.27572107791907,38.946512054073224],[-77.27360277611078,38.946188094749445],[-77.27216118105979,38.94326763998502],[-77.27063649522803,38.94404690227144],[-77.26987313159623,38.94190514400521],[-77.26682313377219,38.94177600521666],[-77.26555282901388,38.94326913104772],[-77.26470556187189,38.94313948226365],[-77.26546764601058,38.94190609590325],[-77.26199354383778,38.94002442666186],[-77.26199207500981,38.934961665739515],[-77.26029729945982,38.9330147279146],[-77.25724769102192,38.93288535383848],[-77.25851798492783,38.931392315216016],[-77.25792437066586,38.928601391811995],[-77.25987328939199,38.93126230066304],[-77.26292283451917,38.931391610152744],[-77.26368482590685,38.930158236753456],[-77.26393863908288,38.929184582925735],[-77.26266798962263,38.928990091422754],[-77.26359863967447,38.925420033675536],[-77.26266647413055,38.9239273381689],[-77.26444460599876,38.922174522066896],[-77.26266596901334,38.922239754519545],[-77.26419028358431,38.921460592540264],[-77.2634273462574,38.91931880123967],[-77.26003898120764,38.917112532535924],[-77.25826046389776,38.91717770175683],[-77.25783659503392,38.915425271280455],[-77.25529581557903,38.91503615094953],[-77.2518237655053,38.91652936738063],[-77.25326315412502,38.91438730086185],[-77.25182325783756,38.91315420371566],[-77.24665728805599,38.91270020367333],[-77.24581052466338,38.91425800789425],[-77.24411673866976,38.913998435885226],[-77.24487886653277,38.91276518092662],[-77.24360855443224,38.912570494581615],[-77.24343914425914,38.91153198668631],[-77.24479410608049,38.91140213725815],[-77.2462336001048,38.9092601537856],[-77.24894342443005,38.90900037912807],[-77.24877412966283,38.909649459511876],[-77.25131468637588,38.91003871320184],[-77.25156884270737,38.91075266805038],[-77.25377064346065,38.91075245848187],[-77.25470245808255,38.91224521823901],[-77.25470213756218,38.910557637175025],[-77.25300840593576,38.9102981867524],[-77.25334692000496,38.90900001413723],[-77.25495600250993,38.90958400427887],[-77.25444732198736,38.906468528063556],[-77.25097519459126,38.90458655917191],[-77.24631813246873,38.90724803501449],[-77.2434389655768,38.90646924502451],[-77.24157601672246,38.90685871120381],[-77.23971307471035,38.90556056942366],[-77.23785012917638,38.905949979572675],[-77.23759604825595,38.906923576970314],[-77.23556377088023,38.90627443743526],[-77.23429344455427,38.90776723591924],[-77.23429359687466,38.90607965582342],[-77.23014445881975,38.90510576263033],[-77.23022893781906,38.90646881518253],[-77.22895877469189,38.906273978912175],[-77.22726491927374,38.90770175705293],[-77.22599474257639,38.9075068903862],[-77.22718049430783,38.90633870226484],[-77.22607983194841,38.90549478591549],[-77.22633439850428,38.902833632929514],[-77.22760449462545,38.90302849599978],[-77.22777396262688,38.90237944509132],[-77.22972133659337,38.90335323887952],[-77.22938295989753,38.90127618754778],[-77.23133032587924,38.902249955925285],[-77.23183819743383,38.90367794562879],[-77.23429374918801,38.904392076094915],[-77.23649535770504,38.90439217329575],[-77.23751158640478,38.902185370489754],[-77.24174532850428,38.90283448172935],[-77.24225340829736,38.90426242886588],[-77.24521713392059,38.904716708676446],[-77.24792646582361,38.90108179800074],[-77.25326085704137,38.90088665889996],[-77.25690207499589,38.90211947221692],[-77.25664862764513,38.90478068758712],[-77.26045928128272,38.90536430621639],[-77.25952873360849,38.908934330919465],[-77.25851266903369,38.909453735253834],[-77.25817504687684,38.914127084613796],[-77.25986888594291,38.914386464587956],[-77.26003853701735,38.91542495040899],[-77.26308741933092,38.91555425556843],[-77.26376571654059,38.91802059864662],[-77.26723942594161,38.92158979571669],[-77.26571514128885,38.92236899518915],[-77.26461489073832,38.92490058656362],[-77.26757959567276,38.92535433303529],[-77.26512357290629,38.92632844408304],[-77.26393917374259,38.930872168156846],[-77.26554882450013,38.93145602253176],[-77.26571859634834,38.93249450296279],[-77.26402485189523,38.933922788200306],[-77.26216081731833,38.932624979078646],[-77.26156801281789,38.93320924381299],[-77.26461874337096,38.936713684438736],[-77.26317924746994,38.9388558892363],[-77.26368799898223,38.94028375538032],[-77.26495884826153,38.94047823673491],[-77.2666527268877,38.93904993744455],[-77.26775436666712,38.93989349732282],[-77.26970261021592,38.939179080375276],[-77.2742786170572,38.941904035643006],[-77.27402489781899,38.942877712339985],[-77.27673753690048,38.94599250611075],[-77.28012593205264,38.9448231492064],[-77.28038140825036,38.94722463730969],[-77.2824152281442,38.947873045731576],[-77.2825007354356,38.9492360703662],[-77.28665202706445,38.948520627405046],[-77.28563664131855,38.95072784656256],[-77.28724690507866,38.95131142094131],[-77.28843459244601,38.953517820731804],[-77.2863191911819,38.95825685173378],[-77.29055662921601,38.9589043010313],[-77.29081018318016,38.95793058830476],[-77.28945443750635,38.95806094140641],[-77.29063884019779,38.95520454730438],[-77.2897046066837,38.95202445844498],[-77.29173746445144,38.95098512426643],[-77.29207547706257,38.94968683881129],[-77.29122575334324,38.94618219259409],[-77.29003924080631,38.945663410351166],[-77.29020825140681,38.945014270513376],[-77.29224209705967,38.945662517619255],[-77.29223971549298,38.94228734102113],[-77.29045946267324,38.940665384574714],[-77.28825675758837,38.9406662456515],[-77.28901841686546,38.93943271506723],[-77.28698370508522,38.93709682875478],[-77.28757633727474,38.936512442251164],[-77.28596639815095,38.93592887336645],[-77.28461206730786,38.93774675983263],[-77.28376483050566,38.9376172413316],[-77.2835947893357,38.93657878488776],[-77.28113766890971,38.935865627903844],[-77.28105220283443,38.93450260488562],[-77.27944236043892,38.93391895148253],[-77.28172939097561,38.93359368328728],[-77.284271965047,38.93566984914698],[-77.28588084161275,38.93456585366538],[-77.287575254749,38.93482485586636],[-77.29054280931089,38.93865322736354],[-77.29266096723933,38.938976897070994],[-77.29486236970041,38.937288370892695],[-77.29223495302199,38.93553699260989],[-77.29214927960449,38.934173977309506],[-77.29545114500921,38.9316411888451],[-77.29172331765746,38.93073407337162],[-77.29324749905219,38.92995455336273],[-77.29112843618724,38.927943309316845],[-77.2879944910444,38.92813926113244],[-77.2879923069121,38.92476409262654],[-77.28587458312387,38.924440343828415],[-77.28629602096836,38.92112992959834],[-77.28231243178797,38.91613348339895],[-77.27663721737338,38.91425294729748],[-77.27468970859407,38.91496747075382],[-77.27595933244423,38.91347425711169],[-77.2743499956323,38.912890539261234],[-77.27502706647451,38.91198165689822],[-77.2740103020438,38.91081360740362],[-77.2724863153412,38.911592888990455],[-77.27087704793128,38.911009126208064],[-77.27104544972721,38.90867243496544],[-77.2668956728878,38.90769977143405],[-77.26808077171363,38.90653119222917],[-77.26435402629767,38.9039356775936],[-77.26299923824942,38.90406574064179],[-77.26325296967677,38.90309209157813],[-77.26062754644916,38.90134005180637],[-77.26088130008131,38.90036640793588],[-77.26325193258208,38.899716933862834],[-77.26401305094821,38.8967959855422],[-77.2657910655387,38.89673073398915],[-77.26621501697521,38.89848313303431],[-77.26867073044295,38.89919658210707],[-77.2663013415169,38.90322131749997],[-77.26791040021295,38.903805139082124],[-77.2680801412847,38.904843612467715],[-77.27028176334558,38.90484310969675],[-77.26985902028373,38.906465882251524],[-77.27299357022262,38.90964554974943],[-77.27612675999694,38.90944997749593],[-77.27570492754536,38.91276035202827],[-77.27883912378432,38.91425229256851],[-77.28095559124942,38.9128885796229],[-77.28188799031794,38.91438113543607],[-77.28392090650732,38.91502951625074],[-77.28459787779806,38.914120581374995],[-77.28671529585809,38.91444435153234],[-77.28764458139447,38.910874120374544],[-77.2865431501832,38.91003074047061],[-77.28738791546323,38.906785079041576],[-77.28476076186529,38.90334597026464],[-77.28628339262438,38.900878959871065],[-77.28611549763546,38.90321566943222],[-77.28815033057896,38.90723913918358],[-77.29026756439208,38.90756284838841],[-77.28781244498325,38.90853740643606],[-77.28815252150817,38.91061429984186],[-77.29026985343862,38.910938009150414],[-77.28832366653958,38.91334032751894],[-77.28976418434951,38.91457300074081],[-77.28798575572972,38.914638596277506],[-77.28730882190375,38.91554754971113],[-77.2856148581814,38.915288544547224],[-77.28493788872626,38.91619748511513],[-77.2862083744382,38.916391748116126],[-77.28739653901174,38.92028572988389],[-77.28909062530177,38.920544710878815],[-77.28993994713431,38.9240493593118],[-77.28892500224877,38.92625659788223],[-77.29375310107628,38.92631954010547],[-77.29409343007421,38.92839642211996],[-77.29832919962786,38.92904360320707],[-77.29849809775702,38.92839445357376],[-77.30120844723295,38.928133536016205],[-77.30239190215424,38.92527704171564],[-77.30069488573024,38.92164307543842],[-77.30179524460863,38.92079874789205],[-77.3000153042548,38.919176933361946],[-77.3013703071897,38.919046465570204],[-77.30162357782056,38.91807273615277],[-77.29891225928849,38.91664608031476],[-77.29908112347158,38.91599693096696],[-77.30026721711468,38.91651562461998],[-77.30052049369226,38.91554189778217],[-77.29916420369875,38.91398477470472],[-77.29992539923752,38.91275118161235],[-77.29831588638561,38.912167774892055],[-77.30000708226706,38.90905144521822],[-77.29975382139469,38.9100251701789],[-77.30119446706678,38.91125771006676],[-77.30085818526138,38.914243594721604],[-77.30170518055724,38.91437299605486],[-77.30094399821309,38.915606600336154],[-77.30213009876601,38.916125276143404],[-77.30136890530554,38.917358883318535],[-77.30331766320414,38.918331522709714],[-77.30196409272322,38.9201495942604],[-77.30332055738903,38.921706687984475],[-77.30272960550238,38.923978731874165],[-77.30366259280461,38.92547112611641],[-77.30239475370716,38.928652210163676],[-77.30476593653842,38.9280019398981],[-77.30968015744051,38.92942726751506],[-77.3084922192983,38.9272210785998],[-77.30679790872834,38.926962362425904],[-77.30721994761278,38.92533945965102],[-77.31102882999718,38.922546358413854],[-77.31331536218549,38.922220508308456],[-77.3144138792544,38.9196884861082],[-77.31381990891522,38.91858541710905],[-77.31610630426084,38.9182595157147],[-77.31610456094995,38.91657193382613],[-77.31839088286361,38.916245990394785],[-77.31864391620196,38.91527222659089],[-77.31593236857283,38.913845943453325],[-77.31669152188088,38.91092466683938],[-77.31101745126995,38.910733285903],[-77.30991735135721,38.91157769415444],[-77.309237551549,38.90911160590386],[-77.31728370275528,38.9103401404807],[-77.31837831123735,38.90443292836747],[-77.3152454509786,38.904629568174485],[-77.3172766216498,38.903589822223246],[-77.31609061737063,38.903071292151],[-77.31532462201677,38.89924224751556],[-77.31109043427423,38.89859564945412],[-77.30999051849679,38.89944005703527],[-77.30804217685736,38.89846752489975],[-77.30465638602611,38.89963763704905],[-77.30414711544213,38.89820994679492],[-77.30177548586045,38.89717262486321],[-77.2997442729032,38.898212115993644],[-77.30050529381971,38.896978521846584],[-77.29889612478335,38.896395123838346],[-77.29788051584758,38.896914849906466],[-77.29694671369604,38.89373484057002],[-77.29482985205982,38.89341124599512],[-77.29465851041168,38.89068523424191],[-77.29220282942491,38.889972300744795],[-77.29017168064179,38.89101163408647],[-77.28847827720314,38.890752668850126],[-77.28864717433551,38.89010353586888],[-77.29050944292321,38.88971336328997],[-77.29050829315757,38.88802578727139],[-77.29372615298347,38.889192778985255],[-77.29347044043452,38.886791336841725],[-77.29431710348656,38.886920788187744],[-77.2945728443956,38.88932222862284],[-77.29753628802975,38.889775256825466],[-77.29855313599325,38.890943110236016],[-77.29940121209037,38.89276010349636],[-77.29864021654366,38.893993690211786],[-77.29999612317188,38.89555081502083],[-77.30177407501166,38.895485047390835],[-77.30355347567344,38.89710683169927],[-77.30863432586854,38.897883040788166],[-77.30888742583524,38.896909299207636],[-77.31125751755714,38.8962589075226],[-77.3156619741995,38.89794390688786],[-77.3148100066302,38.89275186990626],[-77.31235405884554,38.892039335458385],[-77.31218371657253,38.89100092448133],[-77.30693151514258,38.88749886785448],[-77.3046460440421,38.887824598806965],[-77.30633792048638,38.886395767565546],[-77.30616767714564,38.88535734904721],[-77.30904667961923,38.88613468011225],[-77.31336949655986,38.89151949113868],[-77.31523166887793,38.89112894708449],[-77.31785803679894,38.89287982795922],[-77.31827963189163,38.891256894744295],[-77.31666869120863,38.888986151973384],[-77.3172589246263,38.88671405192162],[-77.31497180799447,38.88535239808216],[-77.316833814113,38.88496183025551],[-77.31742400978403,38.88268973053867],[-77.31488405404892,38.88230183287517],[-77.3143747042384,38.88087418771314],[-77.31268145042215,38.880615553450156],[-77.31285010844668,38.87996638831787],[-77.31530565417711,38.8806789118857],[-77.31589760037224,38.8800943943679],[-77.31598365442126,38.88145738367465],[-77.31767693951873,38.881715972849335],[-77.32080695673434,38.879831698215405],[-77.31936478278922,38.87691181770366],[-77.32097183036618,38.8758073754658],[-77.32063467526625,38.877105727002],[-77.32182028928129,38.87762421193626],[-77.32224547689185,38.879376414936],[-77.3214007169479,38.880934728316625],[-77.32013075570356,38.8807408267778],[-77.31843928103551,38.88216984528653],[-77.3191173286303,38.88294830007371],[-77.3178509041819,38.886129524645085],[-77.31980453159571,38.892164628604235],[-77.31701302643788,38.894438114019856],[-77.31642272277273,38.896710215084674],[-77.31777906002067,38.89826714589237],[-77.32065315189486,38.893981476700425],[-77.32429129936548,38.89183715611982],[-77.32420507764351,38.89047417085124],[-77.32792923268303,38.88969272933952],[-77.32919323333141,38.88482382556596],[-77.33080238931342,38.885406829431],[-77.33105306097526,38.88274546973238],[-77.33266218593926,38.88332844930429],[-77.33376159575324,38.882483842288174],[-77.33231885023908,38.87956411161161],[-77.33350458737975,38.880082484918404],[-77.3347723979924,38.87858867592317],[-77.3372281115813,38.87930076501688],[-77.33721918611307,38.87255047410609],[-77.33586511195472,38.872681332850235],[-77.33408558872392,38.87106001726671],[-77.33450669622158,38.86943703317492],[-77.33348957226146,38.86826947781348],[-77.33078156477006,38.86853109887499],[-77.33238825452919,38.86742650970002],[-77.33196289279017,38.86567434398641],[-77.33314840142545,38.86619271984631],[-77.33399273932427,38.8646343291302],[-77.33280725003183,38.86411596144209],[-77.32933921483547,38.865611338356686],[-77.32722302632399,38.86528829806078],[-77.32713478378079,38.86223774882568],[-77.32848867959027,38.862106985634064],[-77.32966999335889,38.859250254728536],[-77.33576551167322,38.86119293383018],[-77.33458440533413,38.86404972348344],[-77.33543087715147,38.86417889363163],[-77.3351782454795,38.865152685507574],[-77.33340320640258,38.86690650282248],[-77.33602913792534,38.86865699354278],[-77.3362861891909,38.87105834240121],[-77.33823417487521,38.872030427347724],[-77.33958823268505,38.87189954272837],[-77.340432498993,38.87034110709442],[-77.34356381720738,38.87014383169359],[-77.34398470833742,38.8685208155765],[-77.34483124874063,38.86864992157541],[-77.34508135049691,38.86598853885977],[-77.3418636933083,38.864822883754584],[-77.34228459156982,38.86319987441902],[-77.3436384780526,38.86306894567935],[-77.34372503076781,38.86443191292062],[-77.34600959348613,38.864105462362495],[-77.34635112102117,38.86618218439578],[-77.35176683012392,38.86565820277779],[-77.35422227402911,38.86636995404167],[-77.35582856083911,38.865265061256395],[-77.35786076419834,38.86591222569598],[-77.35879413692108,38.86740419403059],[-77.35676188367266,38.86675704478551],[-77.35549472962049,38.86825107658555],[-77.35261593851658,38.86747482614671],[-77.3510936990565,38.86825506943992],[-77.3501604730756,38.86676304296064],[-77.3482149546747,38.86747871676013],[-77.34796248238074,38.868452535065664],[-77.34500200393461,38.869688284821365],[-77.34466530526076,38.87098670074695],[-77.3476283142653,38.87143853030759],[-77.34779911584641,38.872476890040026],[-77.3490690066421,38.87267050787367],[-77.35025221776199,38.871501148736215],[-77.35296026565341,38.871239102095885],[-77.36091886602232,38.872789408561495],[-77.35770336075245,38.87331173541092],[-77.35821350648173,38.874739201063086],[-77.35507938566819,38.873249274734526],[-77.35398036226412,38.87409406988701],[-77.35296286133699,38.87292667374509],[-77.34932399019972,38.87338425864616],[-77.352970649109,38.877989390724366],[-77.35567892833896,38.87772728447465],[-77.35754322324067,38.879023678302204],[-77.35491904261283,38.87896121419036],[-77.35305999231858,38.88103992712452],[-77.35305739409658,38.8793523538403],[-77.35136403848206,38.87909424812381],[-77.35127732547373,38.87773128386519],[-77.35094070145281,38.87902971808096],[-77.34899235917588,38.878057832064925],[-77.3496681752099,38.87714854637308],[-77.34848237084587,38.87663032789572],[-77.34822489804343,38.874229002770136],[-77.3431429073304,38.87176684669104],[-77.33967700823538,38.87495008652248],[-77.33883040377944,38.8748209452168],[-77.33900336050638,38.87754689033927],[-77.34052823142518,38.878454367719215],[-77.33925826253522,38.878260662233565],[-77.33773789812473,38.88072831594644],[-77.3360445648221,38.88047000088051],[-77.33562342781691,38.88209299233678],[-77.3390124518749,38.884297185177026],[-77.34544707581867,38.8849409908604],[-77.3440085908155,38.88539654373002],[-77.34443435735972,38.88714867221457],[-77.34333262765281,38.88630579946788],[-77.34147072929906,38.88669676542422],[-77.34172335157119,38.88572295821768],[-77.33732126499211,38.885726461964595],[-77.3371505816692,38.88468808614187],[-77.33579628182827,38.88481894432632],[-77.33579408329831,38.88313136993366],[-77.33486315695482,38.88332679970941],[-77.33249794097502,38.88735279124638],[-77.33114358325054,38.8874835986362],[-77.33114776524131,38.89085874973708],[-77.3256477140391,38.89339399987945],[-77.32522627071523,38.89501695858245],[-77.32285634412231,38.895667617225826],[-77.32108212304274,38.899108842126616],[-77.31795128467722,38.900993128205094],[-77.31752962592157,38.90261606229572],[-77.32125633555445,38.90352239871562],[-77.3221070064405,38.907026818807864],[-77.31956800042892,38.90832659556418],[-77.32016381130487,38.911117215786916],[-77.31838729055428,38.912870827956276],[-77.32050851279477,38.916569183556646],[-77.31822219021245,38.91689516604684],[-77.31703772742655,38.918064225952484],[-77.31822398259918,38.91858274797757],[-77.31771787492276,38.92053027433587],[-77.32220828438271,38.92189045876443],[-77.32152797213799,38.91942443456522],[-77.322882941103,38.919293731703085],[-77.32372811425182,38.91773540063579],[-77.32542227028188,38.91799388518974],[-77.32660461076584,38.91513716380097],[-77.32787518898955,38.91533099984439],[-77.32863591229149,38.914097230336964],[-77.3304985799641,38.91370645581415],[-77.33092001394881,38.91208347530111],[-77.33235910784587,38.91162807279463],[-77.33311757923293,38.90870669649946],[-77.33633703500311,38.90987258498251],[-77.33786030225448,38.90909251895717],[-77.33760306487878,38.906691162078516],[-77.33878928120136,38.907209486584705],[-77.3404809380447,38.90578018590335],[-77.34259836167116,38.90610300137104],[-77.34123902283008,38.90285876214673],[-77.34538709387411,38.902141358293235],[-77.3447927976412,38.90103844023256],[-77.34572392367721,38.90084293544571],[-77.3462291458692,38.89889529986088],[-77.34444875167806,38.89727412790584],[-77.34639510275824,38.89655851064171],[-77.34799969229111,38.89376613889754],[-77.34969337700149,38.894024291043856],[-77.34715777847045,38.89701220725092],[-77.34749949300637,38.89908893440697],[-77.35342265420985,38.89661723611729],[-77.35850400082565,38.89739140114841],[-77.36052880842054,38.892975795302945],[-77.35925579104159,38.891094718839426],[-77.36001848963689,38.891548336011944],[-77.36128595610629,38.89005425375845],[-77.36026534979197,38.887199340597114],[-77.36314216965941,38.8862878406646],[-77.36263748699481,38.88823554207474],[-77.36483860544679,38.88823336018392],[-77.36272442501567,38.8895985001209],[-77.36146258250409,38.89446774841796],[-77.36315633121028,38.8947257166416],[-77.3652706523334,38.89336056846621],[-77.36645684839652,38.89387862736331],[-77.36772422336972,38.892384478847475],[-77.3700095549773,38.89205758472246],[-77.37203655510349,38.8893293684856],[-77.37153208914494,38.89127710683417],[-77.37424388478021,38.8927021697591],[-77.37068824551027,38.89283575821835],[-77.37026780881334,38.894458869754374],[-77.36874223255914,38.89355175654228],[-77.36755896011833,38.8947212953356],[-77.36485009191064,38.89498366173133],[-77.36442951274847,38.89660675390012],[-77.36214120419447,38.89524596894089],[-77.36163643271159,38.89719366844681],[-77.35985849355633,38.89726029464674],[-77.36036884921728,38.898687755619825],[-77.35909847488001,38.89849425295937],[-77.35732319932731,38.90024841997873],[-77.35672873783393,38.89914555940982],[-77.35427216473416,38.898433854966974],[-77.35114221403231,38.90031897897107],[-77.34987183576376,38.90012538172217],[-77.3491116180384,38.901359279250364],[-77.34724936595272,38.90175033274877],[-77.34564457178554,38.90454269760627],[-77.34437413447105,38.90434904391727],[-77.3431926659977,38.90720593066781],[-77.33904428493418,38.90792326156106],[-77.33803105288169,38.9101308970017],[-77.34065865394629,38.91188129899538],[-77.34514171053848,38.90817791138916],[-77.35073147899196,38.90869234020594],[-77.35106824382218,38.907393901746744],[-77.3550507793446,38.909012972648426],[-77.35623448476792,38.90784355112843],[-77.35606881783022,38.91018035688593],[-77.35852580465034,38.91089202679687],[-77.35843891977818,38.909529062123596],[-77.36063790694992,38.90783937563425],[-77.36173456210251,38.90530693933691],[-77.36469907295117,38.90575836266002],[-77.36545907254364,38.90452436887069],[-77.37036689583513,38.90257213096024],[-77.37087749462808,38.90399954962798],[-77.37765041241303,38.903343192618145],[-77.3778217167415,38.90438151500331],[-77.37418143056951,38.90483983157918],[-77.37443986725201,38.90724111181371],[-77.37265864130848,38.905620343346335],[-77.37164343033837,38.90614067417709],[-77.36791596031625,38.905235852181036],[-77.3669877595305,38.90711910222184],[-77.36487019834503,38.906796703253455],[-77.36529659177715,38.908548764763346],[-77.36343140323494,38.907252482782226],[-77.36106420468332,38.90959145193452],[-77.3616588170725,38.91069429319437],[-77.36386061423754,38.91069212867032],[-77.36666002278372,38.91348032236986],[-77.36674706621183,38.914843281981966],[-77.36912019596761,38.9158793630564],[-77.36887080132458,38.91854081075361],[-77.36598698076591,38.916077285325514],[-77.36446386874185,38.91685769758437],[-77.3642898657791,38.9141317746156],[-77.36259284145399,38.912186241176606],[-77.36047515241117,38.91186376693289],[-77.36064345681066,38.91121453429302],[-77.3588651745054,38.9112811463692],[-77.360138534611,38.91316223169271],[-77.35793395031297,38.9114767501166],[-77.35649501935667,38.91193244942786],[-77.35293581234738,38.91037794922604],[-77.3484480314418,38.91070645925846],[-77.34878984701253,38.912783186515014],[-77.34531498267069,38.91090385904702],[-77.34184497653837,38.91239959461639],[-77.34201813532788,38.915125548384154],[-77.34040592671312,38.9128551072627],[-77.33820406353914,38.9128568552832],[-77.33701553174808,38.91065094455792],[-77.33625498638159,38.91188476491246],[-77.33405315244445,38.91188643922146],[-77.3341395838011,38.91324942135789],[-77.33270046900172,38.91370484462571],[-77.33321040760633,38.915132420374086],[-77.33058702575711,38.91675702208308],[-77.32804581188395,38.91636939248336],[-77.32753998222931,38.91831695834531],[-77.32618503979515,38.91844771207655],[-77.3258477802352,38.91974608478884],[-77.32457713038308,38.9195522278573],[-77.3233083975563,38.92104594031861],[-77.32381820345516,38.922473556076554],[-77.3175509432453,38.922867032346375],[-77.31594106565838,38.92228385364226],[-77.31619415273033,38.92131009405597],[-77.31483913425063,38.92144072386609],[-77.31306223345753,38.92319426213788],[-77.31323266355939,38.924232676235285],[-77.31128524709331,38.92494777536125],[-77.31078214997001,38.93027044404221],[-77.30849535367781,38.93059624779202],[-77.30824213137929,38.93156999288691],[-77.31256260128035,38.93189210644508],[-77.31358027837106,38.933059842998226],[-77.31739286751242,38.93364171384454],[-77.31967971962452,38.933315745903855],[-77.3210330925056,38.93149747777532],[-77.32315117769468,38.93182062647393],[-77.32467504531081,38.93104072016288],[-77.32349045603112,38.93220984393185],[-77.32366105594751,38.93324824496401],[-77.32492999414559,38.931754526426225],[-77.32679313337366,38.93136380664464],[-77.32721475213319,38.92974083488949],[-77.33102518701456,38.92863470195364],[-77.33221171396656,38.9291530909003],[-77.33500407531366,38.92687925294766],[-77.34203688805891,38.92862620813016],[-77.34263136770015,38.92972914341429],[-77.35067781498131,38.92926792995858],[-77.35025672191347,38.93089098132278],[-77.35475101709216,38.93393757408235],[-77.35924020132178,38.93360883486743],[-77.3575482662141,38.935038396784854],[-77.35916150051816,38.93730862177273],[-77.35542993490228,38.934715835388154],[-77.35348265266158,38.935431598101],[-77.35339583290666,38.93406862540938],[-77.35204064384337,38.93419966193163],[-77.35144598518698,38.93309677107928],[-77.34975138545312,38.93283864154829],[-77.34805431362294,38.93089290427153],[-77.34695433871515,38.93173764334278],[-77.34364949669883,38.93089663283895],[-77.34526462537873,38.93485462246806],[-77.34814600206066,38.93563105032853],[-77.34992741646784,38.93725217741522],[-77.34975895633245,38.9379013977836],[-77.34738538438359,38.936864943093816],[-77.34552221493148,38.937255972503685],[-77.3453512938649,38.93621760099445],[-77.34399605033377,38.936348549657716],[-77.34399366020727,38.934660964100985],[-77.34213052893786,38.93505194244337],[-77.34204392212584,38.933688961886645],[-77.3389941412953,38.9335615978349],[-77.34060214135185,38.932456893034505],[-77.3418730590326,38.93265058609642],[-77.34263372609323,38.9314167278531],[-77.33915813147361,38.92953722317163],[-77.33763445045271,38.93031730726418],[-77.33653214633627,38.92947436935752],[-77.33653436337019,38.93116195385007],[-77.33585568065583,38.930383589509475],[-77.33272175117084,38.930580671614294],[-77.33196092489518,38.93181446891795],[-77.33077435636315,38.931296077383315],[-77.32925054873162,38.932076058661025],[-77.3289132807106,38.9333744421026],[-77.3313728822126,38.93577423795792],[-77.3295960298332,38.937528016537556],[-77.3276423848821,38.93318061622351],[-77.32569487064077,38.9338959424912],[-77.32518494797874,38.9324683322353],[-77.32383166072965,38.93428664590986],[-77.32145857575009,38.93324969563092],[-77.32095245264298,38.935197239060734],[-77.32468475763409,38.93947864935531],[-77.32299200776231,38.94090774095572],[-77.31985026778783,38.93435415233481],[-77.31375073895184,38.93409825777772],[-77.31493894862126,38.936304398398605],[-77.31426214986647,38.93721350160323],[-77.31290349281052,38.9339689383818],[-77.31103858613046,38.93267186401755],[-77.30900651515773,38.933711511779705],[-77.30714168448876,38.93241437886769],[-77.30714014859498,38.9307267936413],[-77.3054457612603,38.930468058871725],[-77.30493922922165,38.93241553618616],[-77.30061876200834,38.93209315704423],[-77.29833319480389,38.93410635919641],[-77.29536794203193,38.93365334739844],[-77.29486111829726,38.93560078439521],[-77.29858923389764,38.936507806158396],[-77.29952229687937,38.938000234106184],[-77.29859057172472,38.93819539282928],[-77.29901555400305,38.939947689250765],[-77.29749253762324,38.94241486889579],[-77.2981709223001,38.9431934444022],[-77.30333937613158,38.943645299987836],[-77.30545623905695,38.94228116343992],[-77.30630356869624,38.9424105338568],[-77.30596584358683,38.943708856725074],[-77.30799979304388,38.94435684534804],[-77.30740726094835,38.944941330062186],[-77.30622065334668,38.94442270269014],[-77.30596735253437,38.945396445012086],[-77.30494962511081,38.944228643990556],[-77.30359415991677,38.944359151341416],[-77.30376450451921,38.94539758147547],[-77.30147579680674,38.94403566809315],[-77.30037508302472,38.94487999549912],[-77.2986803903506,38.94462116779648],[-77.29885066547907,38.94565960471529],[-77.2960526172075,38.942869868594954],[-77.29503759527297,38.945077162917286],[-77.29359760686069,38.94553213428928],[-77.29461517040674,38.946700028653744],[-77.29410823570744,38.948647466131604],[-77.29521033880833,38.949490783270534],[-77.2941951990201,38.95169807277475],[-77.2953818395302,38.95221681571167],[-77.29241706243482,38.95345132256168],[-77.29352288068782,38.95935742946515],[-77.29073028992589,38.9650055296371],[-77.29174807971314,38.966173450810054],[-77.29691812551486,38.966625575473714],[-77.29784889791814,38.96474283501045],[-77.2993750823914,38.96565082924999],[-77.30132370490347,38.96493591303882],[-77.30242328378155,38.96240398189892],[-77.30327228913518,38.96422096630189],[-77.30623883640882,38.96467379108166],[-77.30751177030592,38.96655543056685],[-77.30852828221367,38.966035620634585],[-77.30861115838931,38.96402344399112],[-77.31098506366831,38.965060644615065],[-77.31140723009813,38.96343771885615],[-77.31361062396142,38.96343644666596],[-77.31377270435733,38.95603690593458],[-77.31487857875382,38.960255232371566],[-77.31572613436826,38.9603845387569],[-77.31470975278354,38.960904407221825],[-77.31471146481725,38.96259199956817],[-77.31759361347892,38.963369140230206],[-77.31734039888335,38.964342908428456],[-77.318017411451,38.96343378490244],[-77.3196282158295,38.964016940020805],[-77.31937320598362,38.96330311958929],[-77.32022080507257,38.96343239532916],[-77.31979883519661,38.96505535106705],[-77.32191789146721,38.96537852237912],[-77.32293428404157,38.964858594527186],[-77.32326989407674,38.961872629067685],[-77.3220810145444,38.95966656024248],[-77.32386051245484,38.95960047527812],[-77.32521426959659,38.95778215477068],[-77.32537711700719,38.95207019461959],[-77.32647963409953,38.95291323433188],[-77.32623053255858,38.95726220049621],[-77.32741749199954,38.95778063739889],[-77.33156462362825,38.95368850952578],[-77.33139806041065,38.95602529692995],[-77.33487254001113,38.95621743518994],[-77.33529412258646,38.954594430303764],[-77.33936318793157,38.95588941441555],[-77.34037009641044,38.94861898621387],[-77.34655764288145,38.950236552532886],[-77.34334098925697,38.95244610138314],[-77.34206972207512,38.952252422823086],[-77.34164830412774,38.95387545018137]],[[-77.29074532378631,38.986944280307],[-77.29125378385334,38.9866844442558],[-77.29082987425636,38.98661970794685],[-77.29074532378631,38.986944280307]],[[-77.24521884734101,38.93340561632082],[-77.24471059509929,38.933665261737254],[-77.2451341553635,38.93373015505136],[-77.24521884734101,38.93340561632082]],[[-77.24911921555741,38.965729255743696],[-77.24878017878136,38.96533983310151],[-77.24869546552482,38.965664375742115],[-77.24911921555741,38.965729255743696]],[[-77.24725492838044,38.967806404606556],[-77.24691589190351,38.967416976750776],[-77.24683116791633,38.96774151821836],[-77.24725492838044,38.967806404606556]],[[-77.26325193258208,38.899716933862834],[-77.26359074130905,38.9001063134492],[-77.26367531197307,38.899781763566],[-77.26325193258208,38.899716933862834]],[[-77.27299357022262,38.90964554974943],[-77.27248558279871,38.909905308145774],[-77.2729090296259,38.909970106399385],[-77.27299357022262,38.90964554974943]],[[-77.34206972207512,38.952252422823086],[-77.34173025100041,38.9518632551023],[-77.34164596785108,38.95218786040945],[-77.34206972207512,38.952252422823086]],[[-77.29469591369694,38.941312690859334],[-77.2933404844183,38.941443086113686],[-77.29452695170029,38.94196183647242],[-77.29469591369694,38.941312690859334]],[[-77.29359394034499,38.940469370124816],[-77.29325478335537,38.94008007045837],[-77.29317029773954,38.940404642248815],[-77.29359394034499,38.940469370124816]]],[[[-77.33036317852034,38.941356992511004],[-77.32985104962572,38.938241813323046],[-77.33069837557329,38.938371017024565],[-77.33162791328138,38.9364880309164],[-77.3318787306206,38.93382665186333],[-77.33357328996266,38.9340850256198],[-77.33662530251812,38.935900108564056],[-77.33705118670996,38.93765227396935],[-77.33883013298929,38.937585974510284],[-77.33950662844057,38.936676737233746],[-77.34103274396654,38.937584215359685],[-77.3412036066534,38.938622593015886],[-77.33993258651243,38.93842889293364],[-77.33917180041979,38.93966273580582],[-77.342563611637,38.94186684818385],[-77.34086883928043,38.94160859697826],[-77.34070028829115,38.942257805435425],[-77.33875039074255,38.941285750422445],[-77.33765015087819,38.94213040818864],[-77.33730851527018,38.940053641986566],[-77.3351901277638,38.93973073469698],[-77.33502153048744,38.94037993526602],[-77.3330717590482,38.939407791243724],[-77.33298958690125,38.94141997704265],[-77.33409203085918,38.942262947827274],[-77.33375480198903,38.94356134627065],[-77.33290741021224,38.94343216335438],[-77.33163422431326,38.94155079072976],[-77.33036317852034,38.941356992511004]]],[[[-77.36409740664685,38.95054490658195],[-77.36240235591538,38.95028694927609],[-77.36282046343857,38.94697626421913],[-77.3634995891023,38.94775448277072],[-77.36697375847947,38.947945721799044],[-77.36706084898975,38.94930868762379],[-77.36858461209883,38.948528239983496],[-77.36732214008774,38.9533975863235],[-77.36452403772468,38.95229698120116],[-77.36409740664685,38.95054490658195]]],[[[-77.36074900197485,38.97534284521566],[-77.36117011824554,38.97371974788139],[-77.35955876638609,38.973137131271315],[-77.36065922070206,38.972292275400214],[-77.35930333295681,38.97242339200099],[-77.35861856114884,38.96826996046065],[-77.35980317297684,38.96710049524002],[-77.35802080806941,38.96547950306376],[-77.3591211644602,38.96463466179394],[-77.35861037086939,38.96320718280537],[-77.35988187337637,38.96340069217493],[-77.35911842272378,38.96294706973849],[-77.36030017086411,38.960090009342885],[-77.36165582707488,38.959958882090866],[-77.36335110039089,38.96021684995579],[-77.36403892230292,38.96605784272477],[-77.3616726317435,38.97008443593211],[-77.36260741861301,38.9715763962135],[-77.36125992269564,38.9767703179827],[-77.35786863168126,38.97625430067506],[-77.35871371713195,38.97469571866763],[-77.36074900197485,38.97534284521566]]],[[[-77.35542804052936,38.98735578742608],[-77.35474599042891,38.984889922393144],[-77.3560178615447,38.98508347199221],[-77.35618904961255,38.98612183622066],[-77.35873284935255,38.986508892888565],[-77.35822735350912,38.98845660344148],[-77.35678421351219,38.987224712868375],[-77.35347934949822,38.98807155561412],[-77.35542804052936,38.98735578742608]]],[[[-77.355362365805,38.99949360218559],[-77.35307359346992,38.99982023120395],[-77.35459592644916,38.99735234842829],[-77.3558680150353,38.99754589993984],[-77.355362365805,38.99949360218559]]],[[[-77.33425426049122,39.00269175967822],[-77.3311974096084,38.99918899839148],[-77.33220573328768,38.99191858915784],[-77.33500487039302,38.99301992965984],[-77.33288921977906,38.99607218131908],[-77.33518015241758,38.99743352560196],[-77.33323099229113,38.99814897700488],[-77.33425426049122,39.00269175967822]]],[[[-77.31808159903139,39.103830164985276],[-77.31935545472753,39.10402409425872],[-77.31901721155377,39.1053224875108],[-77.31748784732574,39.10441471335287],[-77.31596201020797,39.106882187104546],[-77.31553564258165,39.105129900295694],[-77.31638488961946,39.10525920535174],[-77.31757063320164,39.102402483562756],[-77.3191826960695,39.10129802591416],[-77.31858716853066,39.100194947353884],[-77.32011461681456,39.09941507562539],[-77.31968819285561,39.097662805558436],[-77.32130011836945,39.09655832144599],[-77.32112916873123,39.095519889500366],[-77.32197831339445,39.09564915610948],[-77.3214673285299,39.094221492922856],[-77.32248363101371,39.09201392827214],[-77.32375536610962,39.09052018326492],[-77.32596261346549,39.09051869173157],[-77.32298889807242,39.088378700861234],[-77.31908542012452,39.089809212628886],[-77.31823814583328,39.09136755495673],[-77.31637085774176,39.09175815633083],[-77.31331785274106,39.09500541665429],[-77.31246873101334,39.094876090899476],[-77.3119612409974,39.09682364905042],[-77.31034916763596,39.09792801211011],[-77.31136913492419,39.09909579851514],[-77.31094780724084,39.102406393469835],[-77.30950479998737,39.10286156140696],[-77.30916797280437,39.10584756087293],[-77.30882638153571,39.10377065992669],[-77.30534491397532,39.10357778737518],[-77.30458181094899,39.10481145171954],[-77.30271410389342,39.10520184892342],[-77.30314016266591,39.106954179713824],[-77.3016109625086,39.106046209965115],[-77.30084777014227,39.10727985197238],[-77.30008317618382,39.10682585530238],[-77.30144027199029,39.10500774908727],[-77.29846802402257,39.104554798739095],[-77.29923122817172,39.103321171986344],[-77.30288337239776,39.1045526745753],[-77.30390038409183,39.10234525758631],[-77.3061926072227,39.102019529349896],[-77.30857098726216,39.10305680042006],[-77.30967400235889,39.102212378105314],[-77.30916162671838,39.099097030892786],[-77.3100091858262,39.09753874817278],[-77.30618805513492,39.096956634633635],[-77.30644188138388,39.09598286748992],[-77.30448831671319,39.09501024939252],[-77.3066957008291,39.095009100007104],[-77.31026296289544,39.09656497311995],[-77.31204417128306,39.09481142584804],[-77.31195793844259,39.093448388835924],[-77.3175581627249,39.0905890702991],[-77.318489988222,39.088706135993604],[-77.31449841904107,39.087085844709264],[-77.31424132361691,39.08468437206242],[-77.31475209944495,39.08611206240254],[-77.31704553102593,39.08747376242238],[-77.32035718649084,39.08831550300771],[-77.32196889448309,39.08721101216077],[-77.32324246920652,39.087404900994365],[-77.32349795259958,39.0881187282413],[-77.32528059499843,39.088052621521534],[-77.32647167234526,39.09025870682837],[-77.3289344585308,39.09097098350935],[-77.32901486484585,39.08727112359843],[-77.33088196964692,39.08688033260634],[-77.33155784822684,39.084283489995855],[-77.3335938070961,39.083243447497104],[-77.3324111321394,39.08778793897375],[-77.33147757470074,39.08798334949113],[-77.33131280149779,39.092007817284134],[-77.32630264789029,39.09090791151524],[-77.32435089281253,39.09162323504839],[-77.32282746107914,39.09577841692097],[-77.32104648925504,39.09753211902431],[-77.3219820815716,39.0990244174432],[-77.32053921062898,39.09947971316763],[-77.31986279681911,39.102076503260236],[-77.31841985197848,39.102531774649826],[-77.31808159903139,39.103830164985276]]],[[[-77.23920008899435,39.120146311167815],[-77.24030418293844,39.11761486364071],[-77.23826598624615,39.11696574624048],[-77.23767148503032,39.11754991467709],[-77.23707706233978,39.11644644257361],[-77.23741682188574,39.11514826995049],[-77.23920020526855,39.115083397548425],[-77.23937006439937,39.114434308583746],[-77.241068507366,39.11469395388999],[-77.24038912204301,39.11560268077534],[-77.24242729945958,39.116251763199585],[-77.24208762430314,39.117549949792604],[-77.24404095920224,39.11852355260885],[-77.24387113225039,39.11917264847302],[-77.24132330023207,39.118783228902416],[-77.24200272997616,39.11956213458512],[-77.24055894301777,39.1217041425606],[-77.23920008899435,39.120146311167815]]],[[[-77.31149966271614,39.1460250990742],[-77.31447368961567,39.146477741553596],[-77.3144719787727,39.14479009471651],[-77.31769981767631,39.14426886663747],[-77.31685364431684,39.147514863305055],[-77.3152387911171,39.14693165329095],[-77.3127775840376,39.14959439270412],[-77.31337005785996,39.1473222138564],[-77.31133037456547,39.14667429049218],[-77.31149966271614,39.1460250990742]]],[[[-77.23138097657625,39.16350548283199],[-77.23121070664332,39.16584222146261],[-77.22917096512765,39.16688060311543],[-77.22900061612842,39.169217340387554],[-77.22704547597655,39.17161880298296],[-77.22874493111483,39.1735662765515],[-77.22747009755888,39.173371416141705],[-77.22585468982966,39.176162357846756],[-77.2232198810812,39.176097102132026],[-77.22024521099455,39.17564227521509],[-77.22186082284976,39.172851406645464],[-77.22466526177705,39.173955271577256],[-77.22483576147238,39.171618537889024],[-77.22339124511896,39.170385056080015],[-77.22466639199192,39.16889230235178],[-77.22373190036411,39.167399251330984],[-77.22075758351964,39.16694443750052],[-77.21922764747896,39.1677230985054],[-77.2164235320387,39.16661911249074],[-77.21616825122894,39.167592709157226],[-77.21540355190233,39.16713818633872],[-77.2142984539975,39.16798178281632],[-77.20987996711,39.16629310584607],[-77.20767041483711,39.166292535918885],[-77.20732988389219,39.16759064069512],[-77.20495083745976,39.16655141976122],[-77.20537489589208,39.168304106383914],[-77.20350415373686,39.170380673525266],[-77.2026543464462,39.17025059573302],[-77.203165282441,39.168303456452215],[-77.20138055937069,39.16836781267594],[-77.20316615905111,39.16661580157289],[-77.20044749330518,39.16518693262996],[-77.19925708278265,39.16635491644353],[-77.19747240415943,39.16641921658273],[-77.19883318345718,39.16460220969613],[-77.19679506315394,39.16226475306149],[-77.19467081823105,39.16193943371391],[-77.19560674639165,39.16005739563346],[-77.1939925896073,39.15947261052389],[-77.19382331307806,39.15843399142844],[-77.18838584917653,39.157263442064306],[-77.18728058767675,39.15810679679336],[-77.18617657196691,39.15726249043637],[-77.18447601871355,39.15868974439937],[-77.18490213911134,39.157067194604004],[-77.18226806048138,39.15700107205642],[-77.18133459399135,39.15550770648489],[-77.1790401237669,39.15583113560639],[-77.17547276532149,39.1542714797893],[-77.17521697876766,39.155244989826116],[-77.17351782303004,39.154984442900044],[-77.17198603124794,39.15745017170908],[-77.17113643184588,39.15731987902056],[-77.17113805289493,39.15563222835399],[-77.16909773941896,39.156669622756716],[-77.16918469782891,39.15465747324765],[-77.17046068282521,39.15316528019851],[-77.17275352361524,39.15452965920368],[-77.17411625038832,39.15102527815172],[-77.17581531561316,39.15128581669104],[-77.17751292029955,39.15323398135249],[-77.18014685791758,39.153300204531405],[-77.1831190186437,39.155443637972034],[-77.18821665801326,39.15622481582054],[-77.18677307025172,39.154990912989156],[-77.18592602754745,39.15148542198961],[-77.18312304582548,39.15038068928858],[-77.18253053956128,39.14758930131706],[-77.18066247679785,39.14629022031538],[-77.17768929479742,39.145834378980915],[-77.1771807944711,39.14440611020207],[-77.17939110930047,39.142719575306515],[-77.18159856633137,39.14440829373625],[-77.18134289665933,39.145381814387974],[-77.18219237467984,39.14551203705292],[-77.18244803342066,39.14453851462926],[-77.18397655291632,39.14544795637006],[-77.18507776981777,39.1496675759189],[-77.18796595484149,39.150447752726656],[-77.18702995249281,39.152329729557536],[-77.18821910589286,39.15284951545676],[-77.18787829020991,39.154147563315924],[-77.19119033163766,39.15668040649288],[-77.1920422296732,39.15343526136192],[-77.19102341918686,39.15226648418047],[-77.1935743549166,39.149281639023485],[-77.19442390049755,39.14941177825852],[-77.19246477461613,39.156875637892085],[-77.19407886134933,39.157460442507364],[-77.19526920933279,39.15629251041768],[-77.19594849591688,39.157071673569625],[-77.19518297197288,39.15830467876925],[-77.19730711283037,39.15862998912564],[-77.19823995700452,39.161810888332404],[-77.20248849034836,39.16246136888322],[-77.2049516725348,39.164863765494616],[-77.20461109967214,39.16616186243753],[-77.20716118129475,39.164864383703055],[-77.2063130388372,39.16135902438018],[-77.20775939461114,39.15752974523501],[-77.20742046154677,39.15545254536473],[-77.2097140690241,39.15681624369828],[-77.20784221146064,39.16226817599071],[-77.20835144018871,39.1636963246381],[-77.21209018851569,39.16460598231691],[-77.21310951138375,39.16577458994714],[-77.21446927339063,39.16564506631154],[-77.2146400817861,39.163308350724904],[-77.21565942748272,39.164476937144805],[-77.21897341855691,39.16532139153902],[-77.2206729792267,39.16558131813994],[-77.22135307914087,39.164672689785846],[-77.22594183346592,39.165711881360174],[-77.2267069130053,39.1644786850398],[-77.22577243622663,39.16298565073639],[-77.22713212338253,39.16285598878867],[-77.22764173574585,39.164284058629775],[-77.2289164101653,39.16447891690628],[-77.22908675075543,39.16214218208692],[-77.23036139144247,39.162337025471544],[-77.23231617191124,39.159935515483966],[-77.2271330813788,39.15779303140915],[-77.22517928136864,39.155131504330996],[-77.21991217070611,39.15162560918139],[-77.21906204666283,39.15318329359194],[-77.21974155948944,39.15396232630048],[-77.21761745472772,39.15363739931305],[-77.21693852400632,39.15117070554946],[-77.21625906738514,39.15039165798011],[-77.21320040680185,39.150261196120724],[-77.21286135200248,39.14818401420301],[-77.21676949876242,39.14844447094035],[-77.21668499090046,39.1470813541232],[-77.21889395859019,39.14708176396789],[-77.21889344780404,39.148769412059266],[-77.21761907609765,39.148574451737154],[-77.21736387476724,39.14954804719033],[-77.21872332528018,39.149418477500156],[-77.22016734516635,39.15065200808359],[-77.2216118617504,39.1501978730328],[-77.22178151660663,39.151236452497095],[-77.2239055697564,39.15156130822307],[-77.22475482177131,39.153378890080724],[-77.22602929697146,39.153573777490685],[-77.22738818067498,39.1568194142562],[-77.2296824664239,39.15649509339271],[-77.22942739903758,39.1574687151841],[-77.23121160471868,39.159091608552345],[-77.23639501233217,39.15954627078625],[-77.23945413859502,39.15798851061996],[-77.23928421513048,39.15694995382147],[-77.24089868047786,39.15753415092209],[-77.24149348316561,39.15694996233503],[-77.24361779164481,39.157274481857556],[-77.24531735553265,39.15922172316229],[-77.24735665086148,39.15818307849935],[-77.24531725210213,39.157534071374066],[-77.24463734379019,39.155067526895856],[-77.24616686370874,39.15597620619259],[-77.24676147423916,39.15370434216684],[-77.2486309101151,39.15500243216107],[-77.2493954913637,39.153769099121526],[-77.24871566217448,39.15299022846027],[-77.25381353286954,39.15208106793483],[-77.25415315990973,39.15078284030375],[-77.2512642509854,39.1500042003565],[-77.2514340839581,39.14935509037177],[-77.25296328744292,39.14857603638579],[-77.25525753284,39.1499388929583],[-77.25780613919494,39.14864038078135],[-77.25907977321067,39.14545963370735],[-77.26281770725842,39.14468011618032],[-77.26315713868718,39.14338186594572],[-77.25933440077971,39.144485953581835],[-77.25780495813086,39.143577438337864],[-77.25576656878154,39.146303898394905],[-77.25279263842282,39.144162205263264],[-77.24862982752924,39.14487653916624],[-77.24947921995414,39.14331865543074],[-77.24735529358168,39.14299423693284],[-77.24718543902354,39.14364334050182],[-77.2448066985292,39.14429253347886],[-77.2456561661495,39.142734676037406],[-77.24319244214769,39.142020742304],[-77.23979422483514,39.14487677668765],[-77.23911458190123,39.14409785498648],[-77.24115354118804,39.1430593152468],[-77.24123848651978,39.1410471215846],[-77.2388598245954,39.14000855478979],[-77.23767044482709,39.141176899934166],[-77.23707582873496,39.140073422627],[-77.23537680640638,39.13981372146502],[-77.2343573383128,39.14033294779393],[-77.23444217008159,39.14169605070168],[-77.2325731376675,39.14208539687868],[-77.23189318112313,39.14468172901866],[-77.23027907401858,39.144097416605355],[-77.23002405818511,39.14507103712903],[-77.22594634363993,39.14377242482856],[-77.22382211300706,39.145135251322664],[-77.2199991700709,39.144550483131255],[-77.21957489736356,39.14279785502556],[-77.21753509449502,39.14552368791483],[-77.21541124647902,39.14519872381978],[-77.2145623240385,39.14338108124164],[-77.20921074924293,39.141886916332666],[-77.20870165656358,39.14045877764328],[-77.20606815882341,39.140393159240816],[-77.20632267653146,39.14110723417388],[-77.20470885471542,39.14052259038788],[-77.20402877273098,39.14143112320397],[-77.20071604585638,39.14058627495578],[-77.20063278364069,39.13753550473912],[-77.2029265795256,39.137211678597446],[-77.20657879319012,39.13844601800718],[-77.20955258170252,39.1372135234545],[-77.21031692927046,39.13766807941883],[-77.20980784441313,39.136239946478156],[-77.21074234890236,39.136045448176674],[-77.2116754914723,39.13922623182993],[-77.21311983386524,39.13877219645284],[-77.2149882837841,39.1400707879431],[-77.21481875217876,39.13903220158904],[-77.21660274229598,39.13896765300967],[-77.21830115315535,39.14091525596279],[-77.21974548771115,39.14046114348917],[-77.22076459483097,39.141629682556236],[-77.22008470338491,39.14253830335444],[-77.22399257216239,39.14279853285026],[-77.22399296439137,39.141110886801144],[-77.23087385207273,39.14351328041478],[-77.23384776196954,39.13890491253085],[-77.22926085830146,39.13617837395053],[-77.22832669319469,39.134685367534495],[-77.22654281871306,39.134750084221494],[-77.22756257352641,39.13254327939679],[-77.2318096570109,39.13319275472474],[-77.23248873004646,39.137347002451676],[-77.23826519999608,39.138905083430416],[-77.23962441392347,39.13877528560364],[-77.23987927892308,39.137801646649145],[-77.23852008367611,39.137931447235644],[-77.24047393734389,39.13552982113603],[-77.23843523630217,39.13488070420523],[-77.23801057515199,39.13312814245034],[-77.2405588926992,39.13351763100445],[-77.24140832540482,39.13195980597129],[-77.24251259840145,39.13280361767901],[-77.2410685632129,39.134945637214365],[-77.24217287766687,39.13578945244524],[-77.24106856786824,39.1366332811823],[-77.2410685771795,39.14000857084446],[-77.24599577614387,39.13974882756478],[-77.24531601131085,39.13728229580119],[-77.24718485175524,39.13689275852476],[-77.24667531721698,39.138840065680974],[-77.24786467642271,39.13935927987917],[-77.24786483903517,39.14104692534939],[-77.25143285609286,39.14091685455975],[-77.25245221026485,39.14039748821743],[-77.25236704192807,39.13903439797714],[-77.25372623305226,39.1389044460391],[-77.25406641350504,39.14098151243909],[-77.25703987528392,39.141435527563985],[-77.25873942836436,39.14338257912784],[-77.25950371555204,39.142149186915994],[-77.25882388673226,39.14137037335759],[-77.26281668694608,39.14130482340497],[-77.26307124983562,39.140331136455245],[-77.26154184794572,39.139422667929345],[-77.26315558461505,39.13831892899347],[-77.26137117550763,39.13669650076558],[-77.26366467354424,39.13637155455622],[-77.26510807052364,39.134229272105216],[-77.26247474816981,39.13416484810911],[-77.26128584409409,39.13533341765891],[-77.25814286800151,39.1355286220635],[-77.25788786031566,39.13481465408217],[-77.26145507473264,39.13299665266905],[-77.25933139676451,39.13267243934949],[-77.25839665858486,39.131179659923454],[-77.25593355146043,39.132153622653156],[-77.25678263839356,39.13059569305609],[-77.25440441108556,39.13124506786065],[-77.25279042154523,39.13066104917339],[-77.25457417212057,39.13059595606139],[-77.25627268942418,39.12916775250781],[-77.25406365329248,39.12579272417088],[-77.25185533306312,39.1257929388923],[-77.25372384278194,39.125403304254576],[-77.25346862129493,39.12300168873006],[-77.25865124524424,39.13020598400849],[-77.26179398961409,39.130010766968],[-77.26153944577595,39.13098444927809],[-77.26383329634669,39.13234714280561],[-77.26612664600276,39.13202215147884],[-77.26383276266412,39.13065950034033],[-77.26315247712085,39.128193070612575],[-77.26425640195554,39.12734904724094],[-77.26332163106191,39.12585630641943],[-77.26502042671778,39.126115625112355],[-77.26527604115778,39.12851721839326],[-77.26697551272402,39.13046415233913],[-77.26935360202543,39.12981453724054],[-77.27011756615438,39.12858108319169],[-77.27028786417031,39.12961959181125],[-77.27334575735782,39.12974864943],[-77.27342979517181,39.12773643929431],[-77.27572376624016,39.12909891261132],[-77.27631805586327,39.12851456094972],[-77.27291953897627,39.12630856784387],[-77.27274921109321,39.1252700635126],[-77.27427767877717,39.12449075130668],[-77.27444802668845,39.12552925338375],[-77.2776761518513,39.12669670649977],[-77.27835517435011,39.12578777395942],[-77.27733536310575,39.124619710690546],[-77.28073300872194,39.12513794186508],[-77.28098727474658,39.12416422142234],[-77.27928846774647,39.12390512095639],[-77.27835343223752,39.12241249416669],[-77.27648513165109,39.122802498642635],[-77.27716413264778,39.121893573306515],[-77.27461524267514,39.119817196965016],[-77.26960403036672,39.11871500009756],[-77.2706229430027,39.118195487145606],[-77.27011280900923,39.11676760686684],[-77.27266146325026,39.118844074258185],[-77.27402024020907,39.11871390106958],[-77.27478400833411,39.11748042106224],[-77.2747847963746,39.11916805906226],[-77.27750320114907,39.120595289871694],[-77.27877724242474,39.120789635561046],[-77.27826692990793,39.11936178801553],[-77.28047505443412,39.11936110426821],[-77.28073115612192,39.12176266254048],[-77.28421342989975,39.121956225065894],[-77.28608271781405,39.12325374381363],[-77.28438189172842,39.11961943516572],[-77.28710050196653,39.12104645627975],[-77.28845818844192,39.11922848677444],[-77.2864195163714,39.11858015860139],[-77.2866736832071,39.11760642779122],[-77.28361528433194,39.115790060831785],[-77.28786188863982,39.11643761970251],[-77.28854179542178,39.117216270636696],[-77.28837016183165,39.11449015266754],[-77.28548129317822,39.112024676963664],[-77.28683991958859,39.11189436385814],[-77.28870899548511,39.11319184056729],[-77.28947019778218,39.10858300119882],[-77.29031943876153,39.108712484394715],[-77.2897265588552,39.11098453588484],[-77.29091576956813,39.11150333548284],[-77.2900676379344,39.113061492161215],[-77.29091693233816,39.11319097138821],[-77.29015348328475,39.114424549442795],[-77.2908333957888,39.115203187539805],[-77.29295670349147,39.115526861793235],[-77.29431414022899,39.11370883031429],[-77.29567278228687,39.113578420644856],[-77.29329667810525,39.1159161737107],[-77.29431662381309,39.11708410406304],[-77.29117452632761,39.11728014248569],[-77.29083571767349,39.11857846234117],[-77.29295912405725,39.11890213676784],[-77.29143097445042,39.11968167772399],[-77.2921109498623,39.120460309636286],[-77.2905839135562,39.12292747953118],[-77.29194273476072,39.1227971103872],[-77.29296275532775,39.12396505342528],[-77.29491568857694,39.123250218344396],[-77.29618725214492,39.12006910780146],[-77.29763200363884,39.12130173144911],[-77.29729460280026,39.124287709434704],[-77.2995028768625,39.124286687783865],[-77.2984827466088,39.123118798321606],[-77.29950151440899,39.12259904829702],[-77.30196513264542,39.12331186376842],[-77.30102963876983,39.121819407710404],[-77.30553218093434,39.123180241525105],[-77.30569995970059,39.120843422238025],[-77.3033210382307,39.11980609265769],[-77.30433972494205,39.11928630333384],[-77.307143348053,39.12038829687764],[-77.30739724338048,39.11941452338329],[-77.30382745765009,39.11617092386577],[-77.30807582583839,39.11850542990656],[-77.30824351197289,39.11616860933478],[-77.30611860137672,39.11415755948712],[-77.30637248866323,39.11318378927184],[-77.3092621124432,39.11564878005463],[-77.31062076393168,39.115518206994096],[-77.31095920466778,39.114219834032426],[-77.31265789802455,39.11447850132458],[-77.31096083317426,39.1159074706049],[-77.31198106277192,39.11707525603425],[-77.31053777057052,39.11753043725478],[-77.31164262699721,39.118373632501815],[-77.31037015510616,39.119867261543604],[-77.31147504513447,39.12071045866667],[-77.30952234318048,39.121425553447786],[-77.30995026661412,39.1248655059923],[-77.31249701484025,39.123565880065485],[-77.31317725244736,39.12434439735429],[-77.31496079339175,39.1242784381953],[-77.31555646333292,39.1253815392888],[-77.31648878711536,39.123498607379496],[-77.31878162138355,39.12317264568245],[-77.32082256900219,39.125508083419014],[-77.32149916672105,39.12291127628691],[-77.32319810088562,39.12316980001612],[-77.32066082872223,39.13290784985852],[-77.31989584108223,39.132453972763805],[-77.31828309742578,39.133558446392364],[-77.31709333006796,39.13303990632648],[-77.31777370569607,39.13381839994094],[-77.31675491129575,39.134338300819536],[-77.31751989915426,39.134792197406256],[-77.31658745710806,39.136675141294354],[-77.31531130591014,39.134793539010936],[-77.31319069683612,39.13784553249026],[-77.31471556248877,39.13369043467042],[-77.31386598592991,39.13356111748766],[-77.30987526181434,39.13531594917955],[-77.3080083590071,39.13739407205208],[-77.31089249180337,39.13310846167103],[-77.31377967288101,39.13219807146537],[-77.31241905220593,39.13064103744343],[-77.31547706295423,39.130769059107855],[-77.31666502011785,39.1295999727801],[-77.31386259317661,39.13018583320363],[-77.31343613939187,39.128433531197686],[-77.31139698600369,39.127785611395545],[-77.30859616045777,39.13005899420685],[-77.30893312344156,39.127072982159014],[-77.30723414876958,39.126814263334744],[-77.30596143832018,39.128307849750634],[-77.30426244534732,39.12804909026287],[-77.30477332999395,39.12947683352264],[-77.30315897491542,39.128893468816564],[-77.30222766219354,39.132463944987435],[-77.2979813199151,39.133504517303386],[-77.29713308292719,39.13506272895053],[-77.29832407617184,39.137269104045345],[-77.29619882285691,39.13525787626147],[-77.29526455776532,39.13545301656188],[-77.29517859161979,39.134089957137675],[-77.2970457766121,39.13201202824794],[-77.29322415267622,39.13311715480016],[-77.29203457152524,39.1325983750687],[-77.29169570677854,39.13389670121252],[-77.28991190852996,39.13396232680684],[-77.28999777566555,39.13532538983445],[-77.29229229729765,39.136687559575904],[-77.29280421441807,39.139802999272966],[-77.29399391909926,39.14032177239627],[-77.29501547735288,39.14317734864181],[-77.29306200910867,39.143892188147376],[-77.29331495645803,39.14123079297218],[-77.29016951960779,39.13805151683545],[-77.28957639545477,39.14032358081013],[-77.2882172420198,39.14045392455154],[-77.2883878267484,39.14149241084897],[-77.28711339650066,39.14129816282439],[-77.28711447136983,39.1429858087646],[-77.28516093050095,39.143700524152095],[-77.28533147914342,39.14473901532772],[-77.28329211871427,39.144090632571874],[-77.28286924969147,39.14740116165447],[-77.2818490622484,39.14623313031402],[-77.27947054699423,39.14688298650732],[-77.28057364338025,39.14435116805904],[-77.2832911326704,39.14240298622005],[-77.284990386737,39.14266203296269],[-77.28541416677754,39.141039145157606],[-77.28668858793336,39.14123341058276],[-77.28855509124249,39.137467961552765],[-77.28736547217531,39.13694913670663],[-77.28498731039207,39.137599097157036],[-77.28668539324693,39.13617047628638],[-77.28617481714866,39.13474265682932],[-77.28107856906638,39.135653140283246],[-77.28184334772357,39.13610725640388],[-77.28099566665237,39.139353003521954],[-77.27963651598806,39.139483253470324],[-77.27963561496733,39.13779560867103],[-77.2767469495729,39.13701756261458],[-77.27615341387826,39.13928956208031],[-77.27785342921851,39.14123635158364],[-77.27657903165516,39.14104199563201],[-77.27496543852934,39.14214590933365],[-77.27539104437733,39.143898347968836],[-77.27369179563527,39.14363917001961],[-77.27386218009173,39.1446776769006],[-77.27258773281211,39.144483279917964],[-77.2732684915056,39.14694966614113],[-77.26936022317176,39.146690984621365],[-77.26715187832184,39.14837911891894],[-77.26919121504469,39.1490277668646],[-77.26936154777042,39.15006628105731],[-77.27463014765311,39.15188243115782],[-77.27395083445457,39.152791348164506],[-77.27802991370092,39.15408838894947],[-77.28058010461957,39.15616470967588],[-77.28134603723935,39.158306482084164],[-77.27794597288765,39.156100612984794],[-77.27743542850745,39.15467275183162],[-77.27607598464468,39.15480296328234],[-77.27344114909401,39.15305112112343],[-77.26910769154692,39.15272763225865],[-77.26876832283469,39.15402590122516],[-77.2671537113053,39.15344206624853],[-77.26681430431024,39.15474033007642],[-77.27182940054472,39.15921795015408],[-77.27370018989843,39.162203317625305],[-77.2722557604949,39.162658058612465],[-77.27191495801489,39.16058103270755],[-77.26817503318472,39.15798552181553],[-77.26800469885158,39.156947004293855],[-77.26596515026706,39.15629833583106],[-77.26545484014149,39.15487042546244],[-77.26452024006365,39.1550653355842],[-77.26520025823883,39.15584412019959],[-77.26375643421042,39.15798641320513],[-77.26520138958232,39.15921942307359],[-77.26265203766161,39.1588304374095],[-77.26146273247105,39.159999014566544],[-77.26171834852158,39.16240063178287],[-77.26401319522516,39.16376333078967],[-77.26511877860986,39.166294601510415],[-77.2668185271031,39.16655389779451],[-77.26571403580498,39.16739795070048],[-77.26724407937296,39.16830637318771],[-77.26758478446331,39.170383415271345],[-77.27089964882532,39.17122648751642],[-77.27013524910882,39.17245995721928],[-77.27115561668188,39.17362809103363],[-77.26996552932815,39.17310909586896],[-77.26877610791719,39.174277746463005],[-77.26886032397921,39.17226552092026],[-77.26749991597522,39.17070798273083],[-77.26614015395918,39.1708380860442],[-77.26503390387577,39.166619167006466],[-77.25916847808433,39.16032392174171],[-77.25840399384421,39.16155731652668],[-77.25670439241233,39.16129790556514],[-77.25984892937942,39.16279038948181],[-77.2583195003487,39.16356953041625],[-77.2560258238578,39.16726968851184],[-77.26078641994062,39.172721444429776],[-77.25585599003192,39.16791880719368],[-77.25458118293189,39.16772422478051],[-77.25186197515235,39.16967178952317],[-77.25050265256492,39.1731770348099],[-77.24922776746264,39.172982397330586],[-77.24854811725808,39.17557883723691],[-77.24735815961644,39.17505962565208],[-77.24820776190738,39.17181408389858],[-77.24956757433007,39.17168417652535],[-77.24990715887255,39.16869829940156],[-77.25126666810728,39.1668807184466],[-77.25211652294765,39.16701046412209],[-77.25279568797599,39.16272635584155],[-77.25432515852883,39.161947282949484],[-77.25415501304202,39.160908745615686],[-77.25627949395242,39.16123304919916],[-77.25627913566949,39.15954539672151],[-77.25729871674895,39.15902598866659],[-77.25661875353764,39.15824716034599],[-77.25840317851222,39.1581820119512],[-77.25959250318509,39.15701346448601],[-77.26078132665133,39.1541572553695],[-77.25967651653583,39.15331360221552],[-77.26061110706604,39.15311872855426],[-77.26052577062094,39.151755640353336],[-77.2613754649514,39.15188532237549],[-77.26205443461986,39.14928882535701],[-77.26052485675942,39.14838034266404],[-77.25959032699247,39.14857521548692],[-77.25967564213663,39.149938303434745],[-77.25874109003642,39.15013316994014],[-77.25882639106688,39.151496258908104],[-77.25729718899001,39.152275385439204],[-77.25687271484217,39.153898181117675],[-77.25568305303209,39.153379051513866],[-77.25525853634986,39.15500184205552],[-77.25279430162212,39.15428809672224],[-77.25219961168447,39.15487233901257],[-77.25194510949648,39.15753365779929],[-77.24914108256613,39.158118062955005],[-77.24854651035551,39.16038994044334],[-77.24710195951619,39.16084438921298],[-77.2471021044443,39.16253204216872],[-77.24055877042873,39.16220764926529],[-77.24140857653879,39.16571277552856],[-77.23945400708315,39.16473912200122],[-77.23936908912535,39.161688362755896],[-77.23537514669677,39.16175316025243],[-77.23418535455671,39.16292147731963],[-77.23138097657625,39.16350548283199]],[[-77.1779377014325,39.153299106592954],[-77.17827723588721,39.15368873568538],[-77.17836248332753,39.153364230383836],[-77.1779377014325,39.153299106592954]],[[-77.2121002212728,39.13929124022651],[-77.21235479443776,39.140005302654885],[-77.21252495183379,39.13935624717361],[-77.2121002212728,39.13929124022651]],[[-77.29491568857694,39.123250218344396],[-77.29525570984468,39.123639525495896],[-77.29534039929301,39.12331494225354],[-77.29491568857694,39.123250218344396]],[[-77.23486526040693,39.162012775623126],[-77.23452538334264,39.16162330037313],[-77.23444037728633,39.161947844663736],[-77.23486526040693,39.162012775623126]],[[-77.21328869956392,39.14149843062621],[-77.21277887655219,39.14175795438683],[-77.21320362214968,39.141822959048895],[-77.21328869956392,39.14149843062621]],[[-77.21286395578866,39.14143342625893],[-77.21260937260966,39.14071936466567],[-77.2124392127739,39.14136842044209],[-77.21286395578866,39.14143342625893]],[[-77.26596223345352,39.147860088210905],[-77.26655675520337,39.14727578098231],[-77.26613193000478,39.14721095845335],[-77.26596223345352,39.147860088210905]],[[-77.26511088752412,39.142667496210535],[-77.2658756401859,39.143121711159324],[-77.26604532643721,39.142472582149146],[-77.26511088752412,39.142667496210535]],[[-77.26561995450207,39.14072011205296],[-77.2669797603334,39.14227766107534],[-77.26765843976395,39.13968113858148],[-77.2663840967918,39.13948667823416],[-77.26561995450207,39.14072011205296]],[[-77.27547343326582,39.13851083998831],[-77.27572781664452,39.137537127694706],[-77.27402871555816,39.13727795468212],[-77.27462387026847,39.13838125461861],[-77.27547343326582,39.13851083998831]],[[-77.27283846039214,39.13507134700315],[-77.27207447419893,39.13630481937189],[-77.27385834608256,39.13623944958992],[-77.27411274316088,39.135265741046446],[-77.27283846039214,39.13507134700315]],[[-77.28388047172645,39.13338037476402],[-77.28421947378627,39.13208207005343],[-77.2826061958998,39.13318608087531],[-77.28150145131168,39.13234262518003],[-77.28141763183018,39.13435484261769],[-77.28507000743149,39.13389923257096],[-77.28388047172645,39.13338037476402]],[[-77.28634324552445,39.132405858330436],[-77.28727749538311,39.13221078516737],[-77.28642798503107,39.13208128059297],[-77.28634324552445,39.132405858330436]]],[[[-77.3010590093137,39.15725995139321],[-77.30352236256311,39.156285090027716],[-77.30301131386292,39.15485733383461],[-77.3074312688542,39.15654269866486],[-77.30785462825145,39.15491972981201],[-77.31057502174998,39.156346247851374],[-77.31490715842733,39.15498064202066],[-77.3131262226743,39.15842190226377],[-77.31074596365127,39.157384706852355],[-77.30505264490108,39.15719304539407],[-77.30394874065672,39.15803743597539],[-77.2980012363194,39.15881922583061],[-77.29893444485724,39.15693641277105],[-77.3010590093137,39.15725995139321]]],[[[-77.29452339434417,39.167064313467726],[-77.29120844576413,39.1662218713406],[-77.29307778478741,39.16583164218527],[-77.29299182372785,39.164468572715386],[-77.29401244676167,39.1656365170876],[-77.29673167099014,39.16537568673116],[-77.2985175753854,39.166997617125915],[-77.29707451293636,39.16914030169772],[-77.29681900423425,39.168426408640684],[-77.2950343620283,39.168492108180786],[-77.29452339434417,39.167064313467726]]],[[[-77.29674206352998,39.178876937910886],[-77.29928822660841,39.17420225254265],[-77.29707843380399,39.174203270378634],[-77.29198074019834,39.1768018658564],[-77.29138500657783,39.17569864016173],[-77.28628700409489,39.17829700322497],[-77.28543695605298,39.17816749064272],[-77.28611636291983,39.17725850605438],[-77.28968495620023,39.17543967898707],[-77.2880697000624,39.17485611286716],[-77.28569030247019,39.17550609189873],[-77.28314026870453,39.175117524748934],[-77.28330987534545,39.17446836785727],[-77.28594467844357,39.17453235121426],[-77.28602841881514,39.17252011397545],[-77.28738925837993,39.17407745016108],[-77.29512415079736,39.174918146912276],[-77.29648264402749,39.17310006970361],[-77.30345222026571,39.17348621893939],[-77.30430077063647,39.1719279517879],[-77.30022021948228,39.17063176759331],[-77.29817866600693,39.168295970143255],[-77.30497988284091,39.17101886544159],[-77.30650591541198,39.1668638397867],[-77.30811957824542,39.165759511307364],[-77.31066941687607,39.16614756578283],[-77.31126209179695,39.16387538914335],[-77.31270630093891,39.16342019522539],[-77.31084363715031,39.17056133691119],[-77.30897427185974,39.17095183337011],[-77.30872021740647,39.17192562035953],[-77.30684927134715,39.17062842898705],[-77.30506906242462,39.17575724251116],[-77.30260506903137,39.17673213850886],[-77.30013963114729,39.17601932785336],[-77.3002285008453,39.18075771346479],[-77.29852964131334,39.18218653254024],[-77.29640435839028,39.18186294900373],[-77.29674206352998,39.178876937910886]],[[-77.30234804958516,39.174330598223015],[-77.30294249519049,39.173746113889436],[-77.30251748258661,39.173681415273734],[-77.30234804958516,39.174330598223015]]],[[[-77.23919892536027,39.17077573138339],[-77.2369044150683,39.16772491730043],[-77.23579955814765,39.16856870482709],[-77.23664950318401,39.167010901041905],[-77.23511986989851,39.16610210263245],[-77.2374994900627,39.163765437969154],[-77.24013384692695,39.165518045185756],[-77.23885907744139,39.16701095634144],[-77.23970891162145,39.16714078676809],[-77.23919892536027,39.17077573138339]],[[-77.23741433419045,39.167465293260015],[-77.23792424966481,39.16720566714419],[-77.23749933341111,39.16714074656032],[-77.23741433419045,39.167465293260015]]],[[[-77.2744995897101,38.87005200724109],[-77.27729486059121,38.87452977618934],[-77.27526313313297,38.87388129004427],[-77.27382290183436,38.870960881984864],[-77.27094417826376,38.868495162053335],[-77.27119767971548,38.86752150097927],[-77.26908104059248,38.86550989612723],[-77.2698422389947,38.86427649516738],[-77.26789537321551,38.86330333630168],[-77.2623096726305,38.862785176104325],[-77.26510391585177,38.8672632161691],[-77.2645967451497,38.869210512914194],[-77.26612109943763,38.8718064771441],[-77.2648519999364,38.873299582269574],[-77.2694230273008,38.87433711994898],[-77.26993212377667,38.877452522217425],[-77.27391045361028,38.877386618714354],[-77.27052509443624,38.87855579557374],[-77.27264215237238,38.880567378867774],[-77.26985029158818,38.88452737378436],[-77.27399802082799,38.883812360334744],[-77.2766231339656,38.885564113110064],[-77.27586182795763,38.88679755885577],[-77.27391428003334,38.88582449195236],[-77.27340721559924,38.88777182908514],[-77.27408560349156,38.89023810692955],[-77.27577894379694,38.89049726876812],[-77.27552622639644,38.89315851876935],[-77.27273256362298,38.8937434297383],[-77.27035947753411,38.88764277814149],[-77.26925991276046,38.89017439937717],[-77.26841325645009,38.89004477682631],[-77.26875075613741,38.88705898953248],[-77.26595669176761,38.88595617160424],[-77.26612577841829,38.88530706971182],[-77.26307815635752,38.88517783977233],[-77.2629085323861,38.884139362099624],[-77.26578644784007,38.88323012257548],[-77.265616789805,38.882191648856114],[-77.26392367866573,38.88193234846189],[-77.26612402359736,38.880244344925224],[-77.26553110583168,38.87914105028892],[-77.26383806587678,38.878881748820355],[-77.26510728336945,38.87738865308339],[-77.26409169840798,38.87790810108616],[-77.26341428563627,38.87712934588005],[-77.26426024128273,38.87557142872974],[-77.26298847678052,38.86862665080998],[-77.26087203215158,38.866614905484255],[-77.25994023295182,38.86343462926187],[-77.25833212933435,38.86285070711852],[-77.25604756569811,38.86486311219245],[-77.25664058894759,38.86765402208203],[-77.2551186389305,38.87518337700667],[-77.25579629065837,38.87764975112284],[-77.25274928232497,38.879207841401445],[-77.25596579816656,38.87868823770913],[-77.25952138690535,38.88024551450918],[-77.25884441755461,38.88115430855745],[-77.25368067264348,38.88070060291585],[-77.25359637438446,38.88271271999786],[-77.25740584949236,38.88329643084577],[-77.25503569912188,38.88394579180454],[-77.25562883892594,38.88673671289804],[-77.25486684105053,38.88628245397381],[-77.2539356577286,38.88647727592045],[-77.25419006610542,38.888878799324615],[-77.25647615704024,38.89024157503737],[-77.25478289137592,38.88998214952154],[-77.25486781378069,38.89134518263191],[-77.25351324292546,38.89147514181297],[-77.2537673560438,38.89218909046605],[-77.25300559388333,38.8934223968038],[-77.2517350939083,38.88985264060744],[-77.2529193082152,38.883621481953426],[-77.25088754426024,38.88297259549944],[-77.24868748838843,38.89141063335472],[-77.24733290529575,38.891540524999954],[-77.24741769013858,38.89290356347435],[-77.24496249180451,38.89387727111004],[-77.24792515800019,38.88758117884119],[-77.24504684784962,38.88849000410285],[-77.24538540244747,38.88719185681479],[-77.24750170988342,38.88582871966148],[-77.24792483112006,38.88420602758891],[-77.2464856215801,38.88297287317111],[-77.24894043214573,38.88199913668085],[-77.248855631507,38.88063610107489],[-77.25139493331197,38.879337777239954],[-77.25122548943276,38.8782992843222],[-77.25257981944691,38.87816935035165],[-77.2531719633336,38.87589755897643],[-77.25003994225335,38.87440497690783],[-77.25317139350953,38.872522412506356],[-77.25333998526551,38.868498184249034],[-77.25181640892498,38.86758963558876],[-77.25427031980804,38.86492822375204],[-77.25486230342995,38.86265642784289],[-77.25460828254876,38.86194248396161],[-77.2520693846793,38.86155330007],[-77.25283082961622,38.86032000419476],[-77.25122261194446,38.85804841977125],[-77.24910698993274,38.85772404580799],[-77.2471611588044,38.86350084379917],[-77.24521471727044,38.86421489979407],[-77.24428394826525,38.867784791989244],[-77.24513030304148,38.86791457899953],[-77.24352234216394,38.87070560878349],[-77.24496125930274,38.87193879579616],[-77.24318388458931,38.873691321376185],[-77.2449614488701,38.875313942057275],[-77.24462294190295,38.876612086315966],[-77.24301467025455,38.876027964487115],[-77.24199894680507,38.87654723135248],[-77.24199897299007,38.878234805242634],[-77.24072927052781,38.87804009024096],[-77.24030602486128,38.87966275653063],[-77.2389516452181,38.87979255639911],[-77.24233760229264,38.88031181617971],[-77.24098321686698,38.88212921294171],[-77.24216834544528,38.88264845999448],[-77.24191440347495,38.88362206339524],[-77.24055994596311,38.885439456264216],[-77.23895151204903,38.884855281085386],[-77.23869751940421,38.88582887815718],[-77.23641179625763,38.88615335083075],[-77.23632690961209,38.88985303375044],[-77.23463358035491,38.89128090958271],[-77.2337871368644,38.889463473969855],[-77.23243256342703,38.88959320275487],[-77.23412605275476,38.886477781366324],[-77.23243295418433,38.886218050671715],[-77.2326870318914,38.885244466392905],[-77.23556549079275,38.882648353376744],[-77.23581951419881,38.88167476310129],[-77.23531158929154,38.88193436826132],[-77.23454976831187,38.88147998471127],[-77.23835908444772,38.880376706201474],[-77.23852840397689,38.8797276424247],[-77.2367507799274,38.87979250282325],[-77.23675087528144,38.878104928618626],[-77.238528458164,38.878040068232195],[-77.23844385688261,38.876677026161175],[-77.24055998880115,38.87531400926891],[-77.24072928018312,38.87297736970897],[-77.24225279886693,38.872198482241494],[-77.24259124775625,38.86752520063297],[-77.23988294289843,38.86778483514722],[-77.23759763947034,38.87148447371963],[-77.23649738288161,38.87064065348661],[-77.23624340699212,38.87161424386528],[-77.2348891696913,38.871743999214],[-77.23133363907012,38.87693630984397],[-77.23150323005268,38.87459968244651],[-77.23031830836648,38.874080333921974],[-77.2307419784854,38.87077013011178],[-77.23158834380656,38.87090000965718],[-77.23201173268096,38.869277374837615],[-77.23471997867196,38.87070548468584],[-77.2358203325507,38.86986174815963],[-77.23404310477682,38.86823899741992],[-77.23649748409117,38.868953081120104],[-77.23742856975636,38.867070818598336],[-77.24047539817425,38.865513107244695],[-77.24166025294532,38.86603235812847],[-77.2455530476516,38.861229184961445],[-77.24707598177318,38.85707509884584],[-77.24656813641272,38.85564717961196],[-77.24487570962322,38.855387619821585],[-77.24326801534019,38.85817864226737],[-77.24199865884988,38.85798394072571],[-77.24115243153635,38.859541702674484],[-77.23844441819291,38.859801305506],[-77.23692102655157,38.862267715754214],[-77.23531313314385,38.861683494965604],[-77.23412823823557,38.862851754489164],[-77.23243568847225,38.86259202455873],[-77.23268968378505,38.86161844300845],[-77.23395907869948,38.86181323999918],[-77.23607486295045,38.86045030206266],[-77.23522874154507,38.858632882971406],[-77.24216789395443,38.85733487368182],[-77.2440295007484,38.855257831259905],[-77.24242170499559,38.854673703183344],[-77.24233705803493,38.8533106674743],[-77.23726002177722,38.852531745593865],[-77.23793699439155,38.85162307249456],[-77.23616038211628,38.84662521905024],[-77.23040687306703,38.846754679713364],[-77.23226834568702,38.84636538417374],[-77.23302996694673,38.84513221211352],[-77.22888459178404,38.842470716482204],[-77.22702320053833,38.842859961011236],[-77.22609215543623,38.84474214018045],[-77.22363869313044,38.84402785236412],[-77.22262327753062,38.84454695851531],[-77.22186104637754,38.84746763438705],[-77.22059193359293,38.847272713774444],[-77.22160784747054,38.845066056372744],[-77.22042394953453,38.84285904766307],[-77.22101680856649,38.84058741922186],[-77.21653386012127,38.83753601855936],[-77.21297869060854,38.84272778230375],[-77.21297933615713,38.841040215339746],[-77.21171035900662,38.840845203878324],[-77.2091709577143,38.84383027595018],[-77.20798669523715,38.843310715743115],[-77.20688642002114,38.84415420254497],[-77.20595645481731,38.84266109583786],[-77.2078179534184,38.84227216788058],[-77.207649216407,38.84123361990568],[-77.20891818945458,38.84142867297828],[-77.21010314011549,38.84026065736851],[-77.21365650466264,38.84013167609534],[-77.21424955236412,38.83786008071943],[-77.21204995292959,38.837859588503974],[-77.21111996227265,38.83636652158026],[-77.2225402852062,38.838121210501704],[-77.22321689891284,38.83890018559066],[-77.22228537598689,38.84246990229683],[-77.22330076506427,38.84195079903328],[-77.22524646519074,38.842924656124644],[-77.22846186334272,38.84071820144549],[-77.23015389115015,38.840977985024],[-77.23269176621004,38.84305518416054],[-77.23565294407348,38.84350968926258],[-77.23641427205933,38.84565163161682],[-77.23844492314998,38.84461318482237],[-77.23827568443123,38.845262245857775],[-77.24039089660343,38.845586804314856],[-77.2409831609824,38.846690214911455],[-77.24292917606876,38.84597622680458],[-77.2457213597355,38.8470795586653],[-77.24631346482099,38.8448078081846],[-77.24800565112368,38.84506734803102],[-77.24868242048929,38.844158616973274],[-77.25122069450703,38.84454786951011],[-77.25181286100731,38.84396366063253],[-77.25756649812087,38.84552077338084],[-77.25959684422001,38.844481979900436],[-77.26289679807462,38.84532522086428],[-77.26475806058974,38.844935437212534],[-77.26535068846299,38.846038731196224],[-77.2675505346756,38.846038276913276],[-77.26679008798797,38.848959229378046],[-77.26458960449922,38.84727210201801],[-77.26247423575916,38.84694795669368],[-77.26179761242459,38.84785676336803],[-77.26162809353043,38.84681828845341],[-77.26035888583127,38.84662377526023],[-77.25722835394892,38.84681894761684],[-77.2569747379168,38.84779257781012],[-77.25164399224568,38.8463003075632],[-77.25147486712605,38.846949386744896],[-77.24885193359862,38.84688467708734],[-77.24605995037298,38.84915655194659],[-77.24250616552267,38.8475988946039],[-77.243437061176,38.8524668650052],[-77.24597547824558,38.85116865645376],[-77.25266031743122,38.85253123695361],[-77.25316826042041,38.853959130711125],[-77.254860683564,38.854218577183325],[-77.25528445872568,38.85765857450341],[-77.25824677297831,38.85980011048322],[-77.26036249591081,38.8601243284588],[-77.26154692596022,38.858955818479224],[-77.26408578394192,38.85934480805688],[-77.26433988860055,38.86005873229219],[-77.26670917933282,38.85940919525751],[-77.27085620435653,38.86038185934435],[-77.27102518804881,38.85973275273669],[-77.27466386802642,38.859277467802805],[-77.27440888843648,38.85687599490221],[-77.27635484791797,38.85616148095428],[-77.27635402637266,38.85447391152089],[-77.27838348556962,38.85174724020397],[-77.28210710762258,38.85265474776683],[-77.28303680735041,38.85077214628206],[-77.28565991091462,38.85083613217623],[-77.2860819796451,38.84921331661049],[-77.2865061424983,38.850965636328304],[-77.29225988316628,38.850833570189074],[-77.293360486085,38.851676893269406],[-77.29166798506007,38.851417972804214],[-77.28769217252419,38.85317201492936],[-77.28473027811468,38.85271875335817],[-77.283123190573,38.85382272261053],[-77.28092310956173,38.853823453425974],[-77.28151605435356,38.854926671153194],[-77.27957017842945,38.8556412660627],[-77.27855587206223,38.857848401000666],[-77.27779403332164,38.857394284588864],[-77.27711750403385,38.85830317598978],[-77.27661071663601,38.86025051987049],[-77.27864207613086,38.860898982893346],[-77.27881187018188,38.861937436157994],[-77.28228172556945,38.862131044754555],[-77.28710771212155,38.86556938719109],[-77.28735991099363,38.86290812242078],[-77.28871389050009,38.86277779383257],[-77.28947472812585,38.861544272685315],[-77.29074427327944,38.86173848789522],[-77.29158946611477,38.860180387070024],[-77.29489050062226,38.86102277722343],[-77.29590563076795,38.860503077898784],[-77.29598873540318,38.85849093750545],[-77.29683507420238,38.8586203712169],[-77.29869515578667,38.85654250746048],[-77.29920132741408,38.85459507412543],[-77.30351429438983,38.85154236202465],[-77.29759835780477,38.860761940737056],[-77.29548371538603,38.862125928996576],[-77.29988301182892,38.860436340789036],[-77.29979728366852,38.85907334369576],[-77.30428210431188,38.85874659671821],[-77.3061419768254,38.856668621140294],[-77.30961165383323,38.85686146427996],[-77.3106282361023,38.85802921405623],[-77.3129970480955,38.8573787921329],[-77.31189942088074,38.859910782245386],[-77.31418568179335,38.861272488672725],[-77.30936187411837,38.86121034250113],[-77.30834526777055,38.86004258191043],[-77.30606217331442,38.862055908162525],[-77.30479258183102,38.861861849893295],[-77.30623387417525,38.864781894763205],[-77.30758785471276,38.86465135991099],[-77.30632124495807,38.86783245971005],[-77.30835308002727,38.86848043618147],[-77.30776116765601,38.86906491685585],[-77.31089251930746,38.868868467047925],[-77.3055621248503,38.87075365718222],[-77.30514036516074,38.8723765430914],[-77.30386913745649,38.87049490283844],[-77.30090643844662,38.870042027102265],[-77.30209037951093,38.868873128318626],[-77.30386767864478,38.868807330869934],[-77.30285105436245,38.86763952417511],[-77.30428944601901,38.86718444997328],[-77.30344154565776,38.86536749575797],[-77.30107238875871,38.866017735584755],[-77.30140984103942,38.86471943899167],[-77.30005584817593,38.86484990633833],[-77.29963127876472,38.863097630265685],[-77.29836168626139,38.86290350608121],[-77.29717778236945,38.864072368427124],[-77.29599256414038,38.86355364859855],[-77.29370901849161,38.865566748035214],[-77.29142417607018,38.86589223433383],[-77.29117095050474,38.86686593657849],[-77.29269500218032,38.867774001217875],[-77.29658839648293,38.86803193821056],[-77.29379586595995,38.86861732206599],[-77.29049450012322,38.867774902004236],[-77.29041123320975,38.86978704087212],[-77.29286621651829,38.870500008129916],[-77.29269740239738,38.87114914531983],[-77.29566009539536,38.871602217372775],[-77.29904472819211,38.87043235495681],[-77.30107657104465,38.87108045093355],[-77.30218042129485,38.87529884320162],[-77.29972791126305,38.87796120674226],[-77.29650916275517,38.87510679912828],[-77.29413962737675,38.875756907153544],[-77.29405398861415,38.87439390364957],[-77.29185328668105,38.87439482856735],[-77.29168327777111,38.87335639167117],[-77.29041352772356,38.87316218581759],[-77.29092235420572,38.8745899280842],[-77.29261539074992,38.874848859424816],[-77.29050024628924,38.876212764888294],[-77.29160238705542,38.87874367982872],[-77.28838502265306,38.877576634473805],[-77.28796284092867,38.8791994632157],[-77.28626971983905,38.87894046818022],[-77.28694632656652,38.87803152461441],[-77.28567650768304,38.877837270117844],[-77.28508228958225,38.87504649595797],[-77.2835591692782,38.87582591014785],[-77.28457661078532,38.87868145002297],[-77.28076808344046,38.87978614868785],[-77.28186994021887,38.88231715125398],[-77.2774680574532,38.88231852928101],[-77.27492753879643,38.88024223832319],[-77.2754345102088,38.87829489675625],[-77.2781422156054,38.87634691121102],[-77.28093516804205,38.8757618795805],[-77.28178073323858,38.87420384311603],[-77.28448912709922,38.873943292726246],[-77.28482691150576,38.872645040105105],[-77.28321840529983,38.87206144032904],[-77.28397943285991,38.87082795159168],[-77.28127021740035,38.86940091844287],[-77.28203125015149,38.86816744205583],[-77.28101405514376,38.86531188483703],[-77.27923682067161,38.86537735448368],[-77.27728980005726,38.86440434310274],[-77.27788191890524,38.863820008324],[-77.27542730720741,38.86310674478512],[-77.27475069538235,38.86401562385825],[-77.27305797397965,38.86375644879995],[-77.27178915676299,38.86524962355343],[-77.27339742110684,38.86583337120734],[-77.2728052499481,38.866417684692536],[-77.27399034968911,38.86693662646648],[-77.2744995897101,38.87005200724109]],[[-77.30428944601901,38.86718444997328],[-77.30479702229964,38.86692456266099],[-77.30437379723989,38.866859873658605],[-77.30428944601901,38.86718444997328]],[[-77.2728052499481,38.866417684692536],[-77.27229756314898,38.86667744093295],[-77.27272075865527,38.86674223948355],[-77.2728052499481,38.866417684692536]],[[-77.2675628933248,38.87978969638838],[-77.26730868828594,38.87907577710806],[-77.26713962663145,38.87972488012247],[-77.2675628933248,38.87978969638838]],[[-77.26553053468531,38.877453476271825],[-77.26739260371751,38.87706365160432],[-77.26578413963237,38.87647982524116],[-77.26553053468531,38.877453476271825]],[[-77.28643649868926,38.874916192070906],[-77.28618212575999,38.87420231193254],[-77.28601324352358,38.8748514403001],[-77.28643649868926,38.874916192070906]],[[-77.28939705829654,38.87199426815898],[-77.28888716789379,38.86887894793085],[-77.2871942832802,38.86861996584204],[-77.28710878279271,38.8672569586912],[-77.28473840297391,38.8662193147311],[-77.2846559928353,38.8699190214073],[-77.28626446326736,38.8705026023767],[-77.28634995177154,38.87186561062976],[-77.28804290877895,38.87212460435159],[-77.28787404793191,38.87277373509473],[-77.29142885889046,38.872642522435434],[-77.29117444499414,38.87192865273775],[-77.28939705829654,38.87199426815898]],[[-77.29134444332284,38.872967090156045],[-77.29219094199024,38.87309655580844],[-77.29235976513344,38.872447419159],[-77.29193651904384,38.872382687636915],[-77.29134444332284,38.872967090156045]],[[-77.29159181488716,38.86355552821323],[-77.28871499831976,38.86446536477188],[-77.28846174151813,38.86543906131827],[-77.29023896919844,38.8653734593633],[-77.29455294933129,38.86232105550458],[-77.29302898852767,38.86141301429067],[-77.29159181488716,38.86355552821323]],[[-77.29455294933129,38.86232105550458],[-77.29506052645793,38.86206120822188],[-77.29463733828138,38.861996486002326],[-77.29455294933129,38.86232105550458]],[[-77.30284674901782,38.86257681091889],[-77.30233919606088,38.862836690111536],[-77.30276239595351,38.86290138603274],[-77.30284674901782,38.86257681091889]],[[-77.303269947852,38.862641505104655],[-77.30343864810743,38.86199235416007],[-77.30183022799523,38.86140899669359],[-77.30166151476499,38.862058145404596],[-77.303269947852,38.862641505104655]]],[[[-77.25470758842911,38.939246566996076],[-77.25631699222022,38.938142954511285],[-77.25258931988272,38.93723466204559],[-77.25301262645844,38.93561194172678],[-77.25182655851921,38.935092794794464],[-77.25343562290398,38.93230163434071],[-77.2519109663229,38.93308066526291],[-77.24826828467477,38.93184770027998],[-77.24818326904105,38.928797070260785],[-77.24691266844108,38.92860241735106],[-77.24674317385228,38.92756391175012],[-77.24479501587003,38.92827796691896],[-77.24360912596947,38.92775874192959],[-77.24462555223586,38.92723945846993],[-77.24454077967806,38.92587641200154],[-77.2402209687226,38.925551929249345],[-77.23581670640542,38.9221766603088],[-77.23581682345917,38.92048907701347],[-77.2380189185876,38.92048914716375],[-77.23768007789376,38.92178727988031],[-77.2390352407812,38.92165749320928],[-77.2436089989406,38.924383573183945],[-77.24547238522547,38.92399407555392],[-77.24530292190042,38.92295556863165],[-77.2479287556814,38.924707937871325],[-77.24902958334143,38.92217649464002],[-77.25046938822706,38.921722042136174],[-77.25004631839978,38.92503233463849],[-77.25224855089418,38.92503215210245],[-77.25233399814492,38.92977036278502],[-77.25360463361302,38.92996496018346],[-77.25385918301001,38.932366497846324],[-77.25512986785549,38.93256107968782],[-77.25377482986995,38.93437862850549],[-77.25411405618766,38.9364556223374],[-77.25784170766032,38.937363868881974],[-77.25792674259036,38.93872690839371],[-77.26097659690215,38.93885626587482],[-77.26182429327532,38.94067352757449],[-77.25979085791356,38.94002478224461],[-77.25919797414683,38.940609036250265],[-77.2594518837543,38.93963539020121],[-77.25470758842911,38.939246566996076]]],[[[-77.20429506237856,38.95008146009106],[-77.20548103541539,38.95060106257774],[-77.20446231593851,38.95449520794833],[-77.20683363612426,38.95722199050969],[-77.20623858163731,38.96118117710681],[-77.20369389562393,38.9658537764212],[-77.20496419833215,38.96773646713281],[-77.20369303366834,38.96754137037808],[-77.20250768681348,38.96533415569693],[-77.20403354759101,38.964555728605234],[-77.20556265006186,38.95702691320769],[-77.20429167081193,38.95683182289097],[-77.20429251876254,38.95514423157555],[-77.20200536688306,38.95378048177994],[-77.2031073555927,38.952937026617946],[-77.20386972807907,38.953391607711275],[-77.20454889734336,38.9507955151407],[-77.20200716867325,38.95040530107509],[-77.20116085230897,38.948587628448806],[-77.20200897029635,38.94703012199847],[-77.20107686867243,38.947224548374365],[-77.20099288818068,38.94586146850673],[-77.19938343701656,38.94527677526087],[-77.20167118122826,38.944952982901775],[-77.20277480616036,38.94073435568668],[-77.2020125730415,38.94027976868137],[-77.20328325724736,38.94047488188715],[-77.2043018436253,38.93658075391905],[-77.20853803871547,38.93554341550766],[-77.20769250094412,38.93203820539219],[-77.20405062057574,38.93080394203382],[-77.20735461930047,38.92996108610943],[-77.20498333570706,38.92892190865943],[-77.20405232700378,38.92742877214486],[-77.20718724679024,38.92554735727674],[-77.20837509986335,38.92100417924922],[-77.20973030034165,38.92087471284055],[-77.20913864143995,38.918083560253976],[-77.21032483570934,38.916915531739065],[-77.21311924494997,38.918019607887665],[-77.21049237853437,38.921329251213024],[-77.21201723200548,38.92055073075702],[-77.21328759878337,38.92074574094887],[-77.21337178042653,38.92210880776558],[-77.21430352776942,38.92191428968501],[-77.21396425772737,38.92321235780828],[-77.2126938461105,38.92301735448371],[-77.21252485248397,38.92197880296766],[-77.2102378782337,38.92230279447417],[-77.21116825999023,38.925483467481456],[-77.20989709853552,38.926976019751784],[-77.2093873061866,38.93061069004725],[-77.21175870761913,38.931649783531476],[-77.21286024844048,38.930806244362046],[-77.2138763109297,38.93197479819],[-77.21413079638992,38.93100124618711],[-77.21667247344728,38.92970362545912],[-77.2177733926956,38.93054762802964],[-77.21904445505653,38.9290549943092],[-77.21887484716856,38.92970403556948],[-77.22175466993791,38.930483398361766],[-77.22056796752933,38.93333912415223],[-77.22268565927753,38.93366398847599],[-77.22488778244673,38.935351878098515],[-77.22709032704346,38.93535214232135],[-77.22319317075859,38.93677960617166],[-77.22293878627458,38.93775317754075],[-77.22014395114246,38.93496173313759],[-77.21717915102502,38.934506852126084],[-77.2165011487847,38.93541542119048],[-77.21514628586812,38.93385737554638],[-77.21201188275653,38.93405140740259],[-77.21345088252261,38.93697255684825],[-77.2074363761575,38.93638691683752],[-77.2045531065409,38.94235756991983],[-77.21039907339339,38.94190479296507],[-77.21361802938735,38.943073872218356],[-77.20523049649091,38.94313665332445],[-77.20446653538474,38.946057258287816],[-77.20353445277964,38.94625170310257],[-77.20429506237856,38.95008146009106]],[[-77.20625302748851,38.93080457628089],[-77.20659167600978,38.93119411316953],[-77.20667653680694,38.93086960089691],[-77.20625302748851,38.93080457628089]],[[-77.2177733926956,38.93054762802964],[-77.2181121016465,38.930937133445404],[-77.21819691080366,38.930612613303985],[-77.2177733926956,38.93054762802964]],[[-77.20361934475517,38.945927192241754],[-77.20285705199602,38.945472610093994],[-77.20277215715275,38.945797120412294],[-77.20361934475517,38.945927192241754]],[[-77.21277476420146,38.932818346518694],[-77.21243607505055,38.932428826427014],[-77.2123512381041,38.93275334270921],[-77.21277476420146,38.932818346518694]],[[-77.2116738685616,38.93197429931565],[-77.21023361896033,38.93242830197699],[-77.21150418817797,38.93262333075331],[-77.2116738685616,38.93197429931565]],[[-77.21980570075456,38.932884646960105],[-77.21946697368566,38.93249514606567],[-77.21938216799616,38.93281966715924],[-77.21980570075456,38.932884646960105]]],[[[-77.21937320103456,38.963196277907834],[-77.22327266252078,38.95839374385243],[-77.22615366742683,38.95917300766626],[-77.2262388128,38.95716088881937],[-77.22878146759653,38.95417542399062],[-77.22801893136356,38.953720995945986],[-77.22852766924234,38.951773827593925],[-77.23005271678727,38.95268267251811],[-77.2316627913353,38.95157937787043],[-77.23039135154929,38.954759736529844],[-77.2315775870317,38.95527908986738],[-77.23073024067027,38.955149208807775],[-77.23073000563642,38.95683680023983],[-77.22903528269738,38.956577020699406],[-77.22733963094215,38.9613799943931],[-77.22369594943169,38.96014630282781],[-77.22216995787873,38.96261256402126],[-77.21937320103456,38.963196277907834]]],[[[-77.24293319122485,38.987733176654125],[-77.23801640744888,38.984617593581966],[-77.23326929398996,38.98422794789079],[-77.23343890057122,38.983578881824755],[-77.23759263329173,38.98286507706639],[-77.24089860779951,38.98370891944076],[-77.24293319122485,38.987733176654125]]],[[[-77.25353054714685,38.991042840078734],[-77.25013892712066,38.98714867859294],[-77.24691743477513,38.985980539525414],[-77.24649343830724,38.98422805304178],[-77.25141031419876,38.98565570097178],[-77.25531087425074,38.99097773799191],[-77.25353054714685,38.991042840078734]]],[[[-77.23903324227845,39.00097435894786],[-77.24081382411954,39.00259706786506],[-77.2425944453519,39.002532148053255],[-77.24242487627069,39.00318122855285],[-77.23911799915416,39.002337424252076],[-77.23903324227845,39.00097435894786]]],[[[-77.21494599214302,39.02057385524117],[-77.21291009256149,39.02161194188021],[-77.21324855867728,39.02368907482069],[-77.21197639381921,39.0234940612128],[-77.21036584414855,39.021221894838305],[-77.20782085620097,39.02251940422032],[-77.21113104786755,39.01661361259525],[-77.21087691858575,39.015899563808944],[-77.20816297581912,39.016158510498755],[-77.21019950208267,39.013432896131945],[-77.209691289023,39.012004795050686],[-77.20841933805552,39.01180974537592],[-77.21037150530775,39.00772104244875],[-77.20918456607677,39.00720148220184],[-77.21147421415347,39.00687750604131],[-77.2131726163172,39.00038711287505],[-77.21122286650613,38.99941304560481],[-77.21181661470244,38.99882901586313],[-77.20918971055542,38.9953882614877],[-77.20876507876854,38.99701084642128],[-77.20639078992807,38.997659287425584],[-77.20528733650531,39.00019037985231],[-77.20257395988209,39.00044920372107],[-77.20291379334684,38.99915115209733],[-77.2020659872115,38.99902107440957],[-77.20452530779352,38.99804820196931],[-77.20401731358274,38.996620081184965],[-77.20723936799709,38.99610173376695],[-77.20851254222583,38.992921592700576],[-77.20783465362462,38.992142521463336],[-77.20910699589759,38.990649976167205],[-77.20792034417705,38.990130405236265],[-77.20783618596055,38.98876732132138],[-77.20529311322016,38.98837717238594],[-77.20546297902298,38.98772814416331],[-77.20486927041496,38.98831214250002],[-77.19952929949936,38.98681760232941],[-77.19834179236638,38.98798553928311],[-77.1963076012909,38.98733574887707],[-77.1961386921685,38.986297165408956],[-77.193595768502,38.98590677696272],[-77.1935946721008,38.987594375957826],[-77.19528999082857,38.98785464079074],[-77.19537285774358,38.990905332883585],[-77.1935085883752,38.9896064814793],[-77.19342470074771,38.98824338791949],[-77.19215320877603,38.98804817234495],[-77.18960786751265,38.99103290141136],[-77.18977906439622,38.988696294707054],[-77.19045789676053,38.987787864660184],[-77.19317084431391,38.98752930613313],[-77.19308696540813,38.986166212783274],[-77.18927262157013,38.98558051681258],[-77.19037641047802,38.983049572538334],[-77.18817242245854,38.983048656335754],[-77.18783486115383,38.98097146856988],[-77.184698355994,38.98116481151639],[-77.18546219413966,38.97993191025855],[-77.18376709514594,38.979671511510546],[-77.18393581231737,38.980710110750756],[-77.18164686508528,38.98103357771065],[-77.18164549164253,38.98272117532337],[-77.18037412777339,38.9825258392513],[-77.1800325589836,38.98551142408855],[-77.17944008906964,38.984407702101116],[-77.17876115069282,38.98531607141018],[-77.17596467859121,38.98421121039952],[-77.17800005867669,38.98317373575266],[-77.17910420313369,38.98064289267835],[-77.18317327817027,38.98025540533152],[-77.18207337177336,38.97772349285424],[-77.18300725659282,38.9758416121042],[-77.17868475508573,38.97551498365806],[-77.17936360297968,38.97460661612271],[-77.17860116135222,38.97415188303246],[-77.18004243392733,38.9736982449982],[-77.17927999757482,38.973243516140755],[-77.18046897059946,38.97038816932028],[-77.18207882509826,38.970973110088906],[-77.18190878987077,38.97162210463468],[-77.18021389713752,38.97136165768126],[-77.1804675700443,38.97207576420392],[-77.1834336709802,38.97253152517253],[-77.18224613866724,38.973699305574016],[-77.18453485256069,38.973375827922986],[-77.18995851547012,38.97454650727194],[-77.18970355437403,38.975520015741466],[-77.18631354369104,38.97499931131443],[-77.18351602343294,38.975582218014154],[-77.18410848331324,38.97668591905912],[-77.1829208940356,38.97785370664924],[-77.18308959491546,38.97889230675267],[-77.18647976388445,38.979413099552495],[-77.186648519173,38.980451695063685],[-77.18842864656807,38.980387552381764],[-77.1889362215175,38.98181573334259],[-77.19147897722071,38.982206217009654],[-77.19147783178258,38.98389381502504],[-77.19046023501538,38.984412667065534],[-77.19156167792524,38.98525690898496],[-77.19486829378984,38.9844143790774],[-77.197750024632,38.985194305449276],[-77.19876660391338,38.98636299229805],[-77.20122554078783,38.98539018714901],[-77.20300489797968,38.98701343425355],[-77.20978632607256,38.988053840483545],[-77.21037928597131,38.98915741817615],[-77.21224450886669,38.98876841620543],[-77.21512659835393,38.989547939640936],[-77.21495621349892,38.9918845815325],[-77.21012454690684,38.99013097075431],[-77.20927536745603,38.99337614330462],[-77.21063191436757,38.99324666569092],[-77.21088526665814,38.99564831362415],[-77.21342862353804,38.99603834842381],[-77.21258017871486,38.99759594437309],[-77.21563183453212,38.999414020197705],[-77.21512241833949,39.0013611496726],[-77.22088818203537,39.0012323959063],[-77.21842897266296,39.00220559299097],[-77.22054865957435,39.00253049714103],[-77.2216498342595,39.00674968245623],[-77.22080144054244,39.00830733724759],[-77.21944562488044,39.005061717349065],[-77.21724096968032,39.00506131734978],[-77.2184284521071,39.00389319646542],[-77.21520672764849,39.00272423134236],[-77.21512122380031,39.0047363565917],[-77.2131700462226,39.00713752744644],[-77.21444131513807,39.00902013314976],[-77.21291528154337,39.00811108851997],[-77.21155778149668,39.00992819646737],[-77.21265854664277,39.014147466544706],[-77.2157963995927,39.013953415965545],[-77.21418470367573,39.015056515219655],[-77.21630417619822,39.01706909956697],[-77.21604941868313,39.01804266864297],[-77.21350527829075,39.01765268615299],[-77.21443763598754,39.019145771919675],[-77.2134197098211,39.019664815099794],[-77.21494599214302,39.02057385524117]],[[-77.21012454690684,38.99013097075431],[-77.20978560516124,38.98974144015783],[-77.20970068956775,38.990065957348854],[-77.21012454690684,38.99013097075431]],[[-77.21265854664277,39.014147466544706],[-77.21214961400293,39.01440698166761],[-77.21257361537435,39.01447198696231],[-77.21265854664277,39.014147466544706]],[[-77.21350464337819,39.01934029382721],[-77.2131655474091,39.018950770640025],[-77.21308061279387,39.019275291659866],[-77.21350464337819,39.01934029382721]]],[[[-77.18061666241371,38.996740744379224],[-77.17417516614437,38.99440077114153],[-77.16993505439531,38.995436944806045],[-77.17137841451138,38.993295805243235],[-77.17434532359097,38.993751784931106],[-77.17443194217144,38.991739691442746],[-77.17519301872969,38.993882051822794],[-77.18036570886676,38.992651433747426],[-77.17714213780901,38.9948566840606],[-77.18205973403391,38.994599480191184],[-77.18511050133587,38.996418305347504],[-77.18451655845345,38.99700220711054],[-77.18290610839806,38.99641729562727],[-77.1826509762881,38.99739079288683],[-77.18121063446053,38.99615686130022],[-77.18061666241371,38.996740744379224]]],[[[-77.22690427055099,39.02206866027305],[-77.22970297177397,39.02317238004334],[-77.22800670672406,39.02291258378562],[-77.22580116073046,39.02459994499873],[-77.22690427055099,39.02206866027305]]],[[[-77.20385423302216,39.150518404566924],[-77.20784758535082,39.150454619118115],[-77.2109055479702,39.1522728618702],[-77.21115946429312,39.154674578754],[-77.20742046154677,39.15545254536473],[-77.20538149670307,39.154802883999764],[-77.20563769617655,39.15214166229785],[-77.20368397194926,39.15116744966558],[-77.20334256835254,39.15415318930424],[-77.20113338561997,39.15415250328711],[-77.20096494693463,39.151426245561346],[-77.20300465759202,39.15038832970748],[-77.20198571339327,39.14921964304952],[-77.2032600544284,39.14941476355579],[-77.20394022081528,39.14850623345927],[-77.20385423302216,39.150518404566924]]],[[[-77.17359058145202,39.16816116031143],[-77.17257344929475,39.165304574323606],[-77.17359214568329,39.166473505772956],[-77.17631183184896,39.16621530737679],[-77.17775399755116,39.16913698943571],[-77.17359058145202,39.16816116031143]]],[[[-77.17271503545406,38.833495462917945],[-77.16688095160136,38.830571328457474],[-77.16687923925323,38.832258893089396],[-77.1660334379088,38.83212857219213],[-77.16375264496057,38.82907657386931],[-77.16882726151452,38.82985850584573],[-77.17237860680909,38.83141827332222],[-77.17271503545406,38.833495462917945]]],[[[-77.15148116324843,38.83393630380649],[-77.14953880250432,38.83127372484687],[-77.14598575705517,38.83140086670374],[-77.14573511293133,38.82899913853246],[-77.14429872192882,38.82776480596431],[-77.14556949630737,38.82627294414919],[-77.1555481219612,38.82848703642546],[-77.15630693978379,38.830629466876275],[-77.15799847594502,38.830890235695136],[-77.15681284310494,38.83205775152888],[-77.15478337221458,38.83140729380918],[-77.15452844202004,38.83238071208733],[-77.15706580219778,38.83277189316105],[-77.15494934499635,38.834133477329985],[-77.15148116324843,38.83393630380649]]],[[[-77.20856648728206,38.87141540039072],[-77.2127988338325,38.870377925057205],[-77.20949832574148,38.86953334726823],[-77.2089918679553,38.866417700298],[-77.20602992574791,38.865962556716404],[-77.20509721509545,38.86953215499816],[-77.20348941661904,38.86894752078839],[-77.20179592983808,38.8703749443472],[-77.20010332068598,38.87011477255852],[-77.20019002312135,38.866415123490796],[-77.20145941464465,38.866610253526495],[-77.20205305794022,38.86433870982384],[-77.20467657774498,38.864404410454235],[-77.20467741570839,38.862716839435315],[-77.20687776524453,38.862717462564774],[-77.20763998692539,38.861484444378185],[-77.20882454221693,38.86200400895766],[-77.20873902726245,38.86401609085335],[-77.21068582070119,38.86330260789638],[-77.21094149481712,38.858953929894746],[-77.20747198118926,38.858758323661604],[-77.20637226550106,38.8579142372484],[-77.2042559995776,38.85927666752934],[-77.20527257528236,38.85707014115574],[-77.2043424783557,38.85557702018633],[-77.20011181443027,38.85492663546237],[-77.20095701718856,38.8567442934738],[-77.19926376433658,38.85817168041261],[-77.19926472754311,38.85648411063879],[-77.19782589224651,38.85693796491074],[-77.19850339730587,38.85602950691422],[-77.19698076531998,38.855120285500846],[-77.19469581964002,38.85544398768636],[-77.194951357097,38.85278291533503],[-77.19317545563966,38.851159581803024],[-77.1902943891377,38.85712983921398],[-77.18860333863087,38.85518194130196],[-77.19012704213387,38.85440369637551],[-77.18919728946578,38.852910462179814],[-77.19131365199337,38.85154829009927],[-77.19165299182704,38.85025029541216],[-77.1889463497224,38.848821247866944],[-77.18556223612813,38.84830053146653],[-77.18353072934208,38.849338111658135],[-77.1833623219795,38.84829952982791],[-77.17650937400728,38.8475821879296],[-77.17523886140675,38.84907437054758],[-77.1739713940675,38.84719140455066],[-77.1705874631431,38.8466702791912],[-77.16813279651691,38.84764245951091],[-77.16483383558199,38.84679669440298],[-77.1638179628851,38.847315318595406],[-77.15992802228821,38.84536564375664],[-77.15967311197669,38.84633907408789],[-77.15611934997396,38.84646650686116],[-77.15586635263479,38.8457523622399],[-77.15408948416082,38.845816036763864],[-77.15409149287915,38.84412846986126],[-77.15282261974122,38.84393285511395],[-77.15045072608054,38.84626777975499],[-77.15315651856307,38.84769766782456],[-77.15290150967844,38.848671084470176],[-77.15467844877897,38.848607426965145],[-77.15332044089988,38.85211142641052],[-77.15535047515226,38.8527619095626],[-77.15518047770666,38.8534108574168],[-77.15695753035527,38.85334716718923],[-77.16245315724713,38.85756969276095],[-77.16727488934042,38.85932512776481],[-77.16828922445401,38.86049404441511],[-77.17006643832003,38.86043016611235],[-77.17091419492043,38.85887288993619],[-77.17260485829968,38.86082103006919],[-77.17184205092495,38.86205383255799],[-77.17353437193216,38.86231439010286],[-77.17277156465019,38.86354719852604],[-77.17404083276915,38.86374260936302],[-77.17454731345518,38.86517082678897],[-77.17657938942405,38.86413339204521],[-77.1777637662877,38.86465325369485],[-77.17674625201896,38.86685955619707],[-77.17987927133996,38.864978846014935],[-77.18419522269609,38.86530542815029],[-77.18266988038567,38.86777117257921],[-77.18063918431568,38.86712113597315],[-77.1791151136275,38.86789926534625],[-77.18029816725871,38.87010667490603],[-77.1816524711118,38.8699775161684],[-77.18021045058543,38.873806311581674],[-77.18833661513173,38.87303114257559],[-77.19112900842681,38.874135708135654],[-77.18774247347764,38.87530262286273],[-77.18367928300725,38.87569025458599],[-77.18080203297947,38.87491001324297],[-77.17885463697071,38.875623027622034],[-77.17817525297656,38.87821895374727],[-77.1794447911377,38.878414309568605],[-77.17969954953138,38.877440834980916],[-77.18105399074906,38.8773116826721],[-77.18231945316924,38.88256973130853],[-77.18409719313945,38.88250565159635],[-77.18460400135639,38.883933831093735],[-77.18688988525582,38.883610313934774],[-77.1872269685705,38.88568747645243],[-77.19222203322018,38.88510537668766],[-77.19264414749479,38.88685802426835],[-77.19628363804009,38.888092615537246],[-77.19569066774193,38.888676561872764],[-77.19772209884617,38.889326353492656],[-77.19865249093453,38.89081953013451],[-77.20297005708449,38.89114545937056],[-77.19975166148686,38.89335126522354],[-77.19772010005627,38.89270150653952],[-77.19602802540092,38.89075370174132],[-77.19306517487601,38.89029824694642],[-77.1914581591527,38.888025879144294],[-77.18908846708281,38.88698640344121],[-77.1889174870356,38.889322976076876],[-77.18697103359497,38.88834854317841],[-77.18595346722606,38.89055492754943],[-77.18468500140133,38.8886720620207],[-77.18222910784507,38.88964452643192],[-77.18087582899479,38.88808611585099],[-77.18316319624938,38.88607509175193],[-77.18121690652961,38.88510056888591],[-77.17858977797724,38.888409522269825],[-77.17757488899669,38.88724068607079],[-77.17867615412054,38.886397455428366],[-77.17850917457883,38.88367128752222],[-77.17952544956093,38.8831525406725],[-77.1778326231658,38.88289206430674],[-77.17851206293521,38.88029613859734],[-77.17664943664727,38.88068462784099],[-77.17715903718836,38.878737689216514],[-77.17495820428451,38.87873653834442],[-77.17529796204546,38.87743858438416],[-77.17665241102132,38.87730948017911],[-77.17614580471259,38.875881269315435],[-77.17741676610007,38.87438907279244],[-77.17674179751336,38.871922271909305],[-77.17445777302683,38.870558029181915],[-77.17513569597122,38.86964969756398],[-77.1723437169947,38.868544772241776],[-77.1720071371433,38.86646757353078],[-77.16988998058436,38.867829418100385],[-77.17081952797223,38.86932279971443],[-77.16853402090447,38.86964601993844],[-77.16836410146942,38.87029498713567],[-77.17005660141056,38.87055559243044],[-77.1691237313719,38.87243734903121],[-77.16785432500666,38.872241887627254],[-77.1665832052732,38.873733985693946],[-77.166076821155,38.872305734286854],[-77.16463746688918,38.87275920395132],[-77.16582537425454,38.869904035866966],[-77.16675658096058,38.86970987632803],[-77.16540400313113,38.868151300590135],[-77.16870560827394,38.867309481001406],[-77.16997985527578,38.86244222072716],[-77.16439491990569,38.86191964697751],[-77.16295395630031,38.864060667065424],[-77.16210779292807,38.86393031890302],[-77.16355056896295,38.86010173861305],[-77.16058916752198,38.8596455092427],[-77.16126716179193,38.85873725465252],[-77.15890075026525,38.85600963622004],[-77.15255739854625,38.85334410893388],[-77.15281242837325,38.852370692489295],[-77.1512904428775,38.85146091004314],[-77.15273149997194,38.84932002866735],[-77.15061657067031,38.84899397346542],[-77.15053364682495,38.847630876535185],[-77.14968769636779,38.8475004438019],[-77.1488396186031,38.84905757271204],[-77.14892676920807,38.84704553595784],[-77.1458809567733,38.84691342504006],[-77.14401676766036,38.848988989691165],[-77.14443751378451,38.85074179380886],[-77.14206741728272,38.85138899159837],[-77.1411386876194,38.849895397443305],[-77.14350874380716,38.849248217529166],[-77.14512005949528,38.846458493844004],[-77.14360054498405,38.84386105082718],[-77.14512670826218,38.84139579417319],[-77.13802198360028,38.839962157221265],[-77.13726360595206,38.83781961265691],[-77.13557198323201,38.83755856046873],[-77.13421573155652,38.83937478048674],[-77.13023679331258,38.8411237650441],[-77.13014657108248,38.84482335358],[-77.12727111263754,38.84404187229598],[-77.12905054953114,38.842291016353514],[-77.12744658747722,38.840017831834615],[-77.12956115272307,38.84034428225431],[-77.13354006463608,38.838595319547466],[-77.13481124790759,38.83710356642047],[-77.13607995385193,38.837299365509125],[-77.13633514753612,38.836325984711046],[-77.13540916796985,38.83314478548059],[-77.13177597630033,38.83022085091841],[-77.13262670434969,38.82697627859633],[-77.13059759068778,38.82632542494423],[-77.13042999037297,38.82528677388629],[-77.12907642597682,38.825415372179144],[-77.12865619519427,38.8236625206813],[-77.13313710484212,38.82502953292512],[-77.13245907363803,38.82593763021429],[-77.13389522823142,38.827172099851325],[-77.13406041043385,38.829898310081546],[-77.13566679082786,38.83048384240171],[-77.13684792196062,38.83269165733053],[-77.13675804561444,38.83639124730904],[-77.13937815138584,38.83814589541502],[-77.13861501947622,38.839378490161955],[-77.14157546014451,38.8398352436972],[-77.14191563088679,38.83853738709111],[-77.14386239746341,38.83782495621267],[-77.14242130714811,38.83996573171592],[-77.1457196989205,38.840812093010875],[-77.1449544262085,38.84373229354179],[-77.14842091638312,38.84561721679019],[-77.14960901656582,38.84276221301199],[-77.15121580525333,38.84334754446513],[-77.15307964516693,38.84127187277918],[-77.15400850959864,38.842765375987796],[-77.15544733781614,38.842312031326664],[-77.15527538436324,38.84464854526903],[-77.16069085651097,38.84413291693402],[-77.16415777254691,38.8460173998836],[-77.16525857013978,38.8451742925062],[-77.16813448020883,38.84595489205973],[-77.16838927619774,38.84498144436259],[-77.17118190594238,38.84439888862814],[-77.17431102238437,38.8458934580134],[-77.1751585192802,38.84433615533591],[-77.1760878750398,38.845829493446004],[-77.17794961379994,38.84544101421179],[-77.18505565685813,38.846872361800855],[-77.18564837231477,38.84628846919779],[-77.18717067849288,38.84719782897826],[-77.18987958618953,38.84525177960309],[-77.18920446568029,38.84278505481653],[-77.18988194664517,38.84187664539672],[-77.19055824622315,38.842655799148524],[-77.19487292387743,38.84298200853219],[-77.19081041391779,38.84505743986159],[-77.18894755163838,38.84713367995348],[-77.19080809634522,38.848432575264596],[-77.19385405330505,38.848563581601],[-77.19351476051372,38.84986158207289],[-77.19740583904967,38.85181020310768],[-77.19841957,38.85466644113689],[-77.20095978902145,38.85168158589669],[-77.20155150600954,38.852785185662576],[-77.20603637786967,38.85246199520842],[-77.20578205849401,38.85343552107088],[-77.21305827025611,38.855903815727615],[-77.21356546092773,38.85733187226819],[-77.21525782127982,38.857591859797026],[-77.21525841419518,38.85590429003387],[-77.21652766299763,38.856099265472345],[-77.2163582024551,38.856748297379674],[-77.2194045527032,38.85687867563168],[-77.21982715709872,38.8586312247202],[-77.21678073284929,38.85850085683196],[-77.21415679620823,38.86012298276656],[-77.2148335245564,38.8609020055516],[-77.21347881406216,38.86271909751431],[-77.21762531644607,38.86369354341804],[-77.21559383716847,38.86473165113871],[-77.21432444053524,38.864536665940264],[-77.21449393729635,38.863887636235425],[-77.21305505069415,38.86434166774218],[-77.2139854379567,38.86583472480093],[-77.21279948379066,38.86869035281463],[-77.21389943652207,38.86953438323096],[-77.21855475575218,38.86856170953599],[-77.21957004175255,38.86973020746567],[-77.21813054491147,38.8718718707901],[-77.21999175780803,38.87485790459794],[-77.21838320166937,38.87596103665798],[-77.21965280816592,38.87615598053848],[-77.22049968796168,38.87459836244415],[-77.21940007949392,38.87206681716439],[-77.2205858299717,38.86921112485629],[-77.22430962395498,38.87012037120389],[-77.22193916903387,38.87245667090959],[-77.22126225743658,38.8716776858863],[-77.22083861527445,38.873300284428375],[-77.2220234567148,38.87381972354056],[-77.22100715457034,38.87602639162432],[-77.22185312323718,38.87784391151373],[-77.22320749709908,38.877714298527934],[-77.22379976239627,38.87881779534196],[-77.22244451574053,38.88232256385357],[-77.22329059335937,38.88414007531337],[-77.22227418564053,38.88634675653887],[-77.22049638566506,38.88641138385606],[-77.21931035175763,38.88926708122749],[-77.22151150319989,38.88926744450371],[-77.22235763819255,38.8910849638833],[-77.22057972267471,38.891149592434466],[-77.22074875961056,38.8921881288306],[-77.21863176698663,38.8935508102193],[-77.21863125190463,38.89523838758205],[-77.21685434423246,38.89192780833728],[-77.21465311244289,38.891927362359475],[-77.21507700066648,38.89030478129825],[-77.21778623094606,38.89004568822955],[-77.21643218420824,38.888487665875225],[-77.21888758210187,38.88751452400839],[-77.21931135035629,38.88589192935344],[-77.21736403782852,38.88660554974222],[-77.21685656894084,38.88517750381799],[-77.21990459420545,38.88362029494479],[-77.21787418949711,38.879595718070995],[-77.21618130878242,38.87933576560561],[-77.21440244862295,38.88277545463307],[-77.21152458998799,38.881995925945525],[-77.21033898340964,38.883163960756924],[-77.20729310567418,38.87965821001151],[-77.20763229177211,38.8783601673401],[-77.20466903432771,38.879592564655006],[-77.20543229053598,38.876671983805764],[-77.2044171345269,38.87550336909737],[-77.20763383108788,38.874985020056215],[-77.2076346006923,38.8732974469242],[-77.21051207421051,38.87407706512334],[-77.21161275923534,38.87323354323786],[-77.21178230037363,38.87258451658112],[-77.20915847968753,38.87251896632996],[-77.20856648728206,38.87141540039072]],[[-77.1698932674511,38.86445427574813],[-77.17023141333256,38.864843908621744],[-77.17031635876083,38.86451942397254],[-77.1698932674511,38.86445427574813]],[[-77.22244451574053,38.88232256385357],[-77.22176706471713,38.88323115554365],[-77.22219031136989,38.883296126783485],[-77.22244451574053,38.88232256385357]],[[-77.21178230037363,38.87258451658112],[-77.21229024391768,38.872325008145054],[-77.21186706981037,38.87226000318444],[-77.21178230037363,38.87258451658112]],[[-77.18629434825814,38.88756936570818],[-77.18663268911743,38.88795895489574],[-77.18671758845075,38.88763445811086],[-77.18629434825814,38.88756936570818]],[[-77.18629434825814,38.88756936570818],[-77.18595601101703,38.88717977561588],[-77.18587110882177,38.887504271860905],[-77.18629434825814,38.88756936570818]],[[-77.18595601101703,38.88717977561588],[-77.18561767739406,38.88679018461864],[-77.18553277414597,38.887114680616406],[-77.18595601101703,38.88717977561588]],[[-77.22218987877827,38.88498370201942],[-77.2213433666231,38.8848537580652],[-77.2211738821017,38.8855027987583],[-77.22159714142093,38.88556777204173],[-77.22218987877827,38.88498370201942]],[[-77.2162672059373,38.87563610129801],[-77.21719835136243,38.8754415626102],[-77.21465979010912,38.873364038408376],[-77.2120346033761,38.87667369572936],[-77.21211871066939,38.87803675577512],[-77.21372677891314,38.87862127865185],[-77.21211804486191,38.87972432989022],[-77.21431890800814,38.87972482088768],[-77.2162672059373,38.87563610129801]]],[[[-77.14739476427366,38.92006450842376],[-77.14654360676403,38.92330921816487],[-77.14366036839833,38.92590327612134],[-77.14229810453716,38.93109477265937],[-77.14128089532868,38.931613217438155],[-77.14059964944312,38.934208956073526],[-77.14152944346057,38.935702569981736],[-77.13975036741519,38.93576603955881],[-77.14118881188935,38.937000441065685],[-77.14245927562398,38.93719617722814],[-77.14229353555524,38.934469942678746],[-77.1435662132146,38.93297808218341],[-77.14729230533865,38.93388965002531],[-77.14754768765026,38.9329162346269],[-77.1494096855688,38.934215765401014],[-77.15093546166293,38.93343799483956],[-77.15203567515559,38.934282581172525],[-77.1520377339128,38.932594995840205],[-77.15652774054902,38.93227359452028],[-77.15746170263272,38.93039191839484],[-77.1561932796361,38.92850875162967],[-77.15492293056153,38.9283131563777],[-77.15593999653939,38.92779459995142],[-77.15552050619245,38.92435423474839],[-77.15899300491478,38.92455129725528],[-77.15729735308996,38.925978122580155],[-77.15670181127847,38.928249469238715],[-77.15847877956509,38.92987334100181],[-77.15830671661271,38.932209884327584],[-77.16101770753939,38.93195203066924],[-77.16228631528428,38.933835148977195],[-77.16355678047104,38.93403066895211],[-77.16296678459535,38.93123929142697],[-77.16423720631896,38.93143480436216],[-77.16500086923135,38.93020203792847],[-77.16618623801709,38.93072201457639],[-77.16694986045923,38.92948923626217],[-77.17033924847506,38.92832288164117],[-77.16864707857634,38.92637469413974],[-77.1717812665125,38.926181758397384],[-77.17195288290296,38.92384519831566],[-77.16975068690812,38.923843954974835],[-77.16746516500345,38.92247957444637],[-77.17093922705828,38.92098871948773],[-77.17017739935426,38.920533938106445],[-77.1721276740187,38.91813347369973],[-77.17111247455595,38.91696458014796],[-77.1723842559739,38.91547242753596],[-77.16942220327584,38.91332882494304],[-77.1661202522623,38.912483087421094],[-77.16806875841196,38.911770269856056],[-77.16799050193562,38.905344434867615],[-77.1701905012361,38.90703328894059],[-77.1697622210473,38.91203088052135],[-77.17602633533224,38.915020036469414],[-77.17577290468414,38.914305926600015],[-77.17814474886906,38.91365807907122],[-77.17806123623296,38.91229498996088],[-77.17687608256526,38.911775128095655],[-77.17764079034353,38.90885470675806],[-77.17882590195177,38.90937456111628],[-77.178147655301,38.91028291739119],[-77.1789929522729,38.91210073745247],[-77.1802630831818,38.9122960857258],[-77.18212785953776,38.9102199599374],[-77.18619298443079,38.909832377377235],[-77.18526260491079,38.908339103625494],[-77.18594201724952,38.90574312891785],[-77.18746680678869,38.90496491196146],[-77.18594456210137,38.90236797052803],[-77.18772278203251,38.90230383865849],[-77.18814488771459,38.9040565053383],[-77.18941490289987,38.904251759659246],[-77.19051745457627,38.901720843108365],[-77.1921258722704,38.90230564796101],[-77.19238054475385,38.90133214443399],[-77.19585204548903,38.90152817423293],[-77.19339586760006,38.90250086145783],[-77.1930563154199,38.903798869046064],[-77.19127806369121,38.90386307742757],[-77.18941371086868,38.90593933911394],[-77.1900045152841,38.908730581304745],[-77.18780031700912,38.91210481973206],[-77.19076402165716,38.91256040162528],[-77.19127346792853,38.9106133971864],[-77.19330657338976,38.90957568234965],[-77.19330767529127,38.907888102065854],[-77.19669563601569,38.90672103052072],[-77.19712102380532,38.90341092851594],[-77.20194842864086,38.90178986553389],[-77.20364178035551,38.90205001312676],[-77.20575930034289,38.900687586288186],[-77.20609861168224,38.89938954443594],[-77.2110096611442,38.899131197073416],[-77.21084005134071,38.89978022478744],[-77.2138033985769,38.90023525524905],[-77.21600372940179,38.903610874230914],[-77.21634287181256,38.90231280386361],[-77.21812106353921,38.902248235988615],[-77.22006782308162,38.90490976081783],[-77.21778141827517,38.905233890708516],[-77.21693412417949,38.90679149614893],[-77.21668032114897,38.9060774707204],[-77.2149020346694,38.90614201796188],[-77.21515641617283,38.90516846719699],[-77.21397111380573,38.904648960415834],[-77.21481844633604,38.90309137565439],[-77.21227832713087,38.90270137453328],[-77.21210938655754,38.901662825213805],[-77.20889228459163,38.90049371331877],[-77.20973823512556,38.902311321388645],[-77.20643631571717,38.90146665875813],[-77.20465729387078,38.90321863802282],[-77.20245572099576,38.90321797544877],[-77.19898315164369,38.90470970979195],[-77.1972028597271,38.908149162832906],[-77.19872757931253,38.90737080714886],[-77.19881147303626,38.90873388143261],[-77.20313010176085,38.909059805854426],[-77.20236730588552,38.91029280348861],[-77.20380630816196,38.911526474316545],[-77.1984719883073,38.9100319048951],[-77.19491518692449,38.910160451607986],[-77.19499901251683,38.91152352896472],[-77.19313567563023,38.911912267498906],[-77.1923726806972,38.913145204097745],[-77.1954213467175,38.913276172958476],[-77.19381157003399,38.914378991375116],[-77.19406300882555,38.91846822851226],[-77.1888994315556,38.91463665792697],[-77.18873079665859,38.91359807517426],[-77.18796770950114,38.91483098493885],[-77.18661383990943,38.91327263200434],[-77.18314180429971,38.91307634321565],[-77.18161679874153,38.91385450779947],[-77.18153047127302,38.91586658372838],[-77.17949844441735,38.915216524550495],[-77.17619329381091,38.917746218597536],[-77.17458005523464,38.92222395342718],[-77.17508847752153,38.921964595868424],[-77.17712065329799,38.922614727896246],[-77.17271633562224,38.922612385646886],[-77.17339163767163,38.92507922428093],[-77.17101776054281,38.92741456590312],[-77.17211811592085,38.9282589733794],[-77.17084610573518,38.92975112582059],[-77.17474237902964,38.93001289298459],[-77.17694772436651,38.926638878667205],[-77.18270763905888,38.926511899445394],[-77.18338597997945,38.92560351627081],[-77.18550328075779,38.925929015081266],[-77.18770677198151,38.92424239480517],[-77.19033243684989,38.92430839965235],[-77.19092458289924,38.92541206006349],[-77.18702724996037,38.92683838553082],[-77.18778801875233,38.92898064835762],[-77.1850772333348,38.929239087052366],[-77.18397671288712,38.92839479444973],[-77.18050396338167,38.928198431410976],[-77.17974058394124,38.92943129295024],[-77.17864012246446,38.92858695297146],[-77.17779171948264,38.930144295608805],[-77.17609780687769,38.929883793975854],[-77.17660329858977,38.932999600308506],[-77.1754163014549,38.93416730870549],[-77.17473931396914,38.93338806350144],[-77.17245181344721,38.933711358642036],[-77.1729618973186,38.931764423957915],[-77.17126796430716,38.93150385630153],[-77.17109954182122,38.930465247237784],[-77.16949067104862,38.92988016743178],[-77.16813354594046,38.931696779208465],[-77.16737162373147,38.93124197993184],[-77.1644905834508,38.93214893944722],[-77.16516569526826,38.93461582606627],[-77.16397848837182,38.93578342525264],[-77.16270799147044,38.935587909549945],[-77.16338666642866,38.934679634661144],[-77.16262474265756,38.93422480603727],[-77.15957525873944,38.93409303043101],[-77.15805148060745,38.93318332177883],[-77.15830288961261,38.93558505540651],[-77.1601651477196,38.93688442518556],[-77.15889274190123,38.938376456788895],[-77.15703435439889,38.933701895902765],[-77.15389980374701,38.933894459147666],[-77.15245710717836,38.936035376693496],[-77.15008640965492,38.93499514892328],[-77.14788387687987,38.93499351727596],[-77.14754336189182,38.93629140568082],[-77.1451727262351,38.93525108395669],[-77.14254215031265,38.93855929480606],[-77.1404246745375,38.938233061994836],[-77.14025667644924,38.937194410138126],[-77.13856273425773,38.93693339561677],[-77.13619463201711,38.934205316738876],[-77.13212788090196,38.93459126123003],[-77.12467879076573,38.931079517984514],[-77.1242526510169,38.93270179782405],[-77.1219649482377,38.93302416174779],[-77.12112083217113,38.931205948142846],[-77.11866548787788,38.93048957412028],[-77.12129131475608,38.930557040777046],[-77.12298231466238,38.93250587530089],[-77.12434328156458,38.9290021736147],[-77.1260343270416,38.930950966111524],[-77.12806631538207,38.93160190270628],[-77.12950964116166,38.929461270237354],[-77.12917400161056,38.92738393939655],[-77.13044426527104,38.927579798365066],[-77.1312936508049,38.92602278035217],[-77.1332428599932,38.925310508834876],[-77.13171453576419,38.92777564432805],[-77.13086768800957,38.92764508179779],[-77.12874278671579,38.93238140238083],[-77.1380588430434,38.93381743280848],[-77.13856510534599,38.93524580990769],[-77.13992069465101,38.93511710619073],[-77.13941675789636,38.93200114967999],[-77.1460416656558,38.91850571155472],[-77.14189758814558,38.91415370149034],[-77.14274657226993,38.912596607835816],[-77.13986830311627,38.91181541262919],[-77.14020884043897,38.910517549569605],[-77.1377563947839,38.90811397588309],[-77.13801181415698,38.90714058347444],[-77.13513381137186,38.9063592789176],[-77.13674429887696,38.90525722364142],[-77.13395153772052,38.904151428585216],[-77.13522385653211,38.90265965970653],[-77.13412926098123,38.898439772674024],[-77.13616041481986,38.89909057386011],[-77.13759568193315,38.90201258885158],[-77.13716999988547,38.903634906808584],[-77.14215754751457,38.90980513940128],[-77.1417319215322,38.91142747465302],[-77.14393374155894,38.91142921554671],[-77.14325956372056,38.90896222108242],[-77.1444511331019,38.90441966632738],[-77.14698877357019,38.90649863612116],[-77.14800774276553,38.90429256735732],[-77.14876926218459,38.90474748395609],[-77.14800344002381,38.90766772553506],[-77.14520819934799,38.90824976311179],[-77.14461242551401,38.91052104635119],[-77.14562710985986,38.91169015582326],[-77.14333790197581,38.91370049360434],[-77.14638431351925,38.915520249051745],[-77.14739476427366,38.92006450842376]],[[-77.14754552482117,38.93460381995747],[-77.14720717638409,38.9342141217369],[-77.14712204667086,38.93453859340459],[-77.14754552482117,38.93460381995747]],[[-77.1916945678874,38.91405363491545],[-77.19093268314384,38.91359898147101],[-77.19084777232464,38.913923482215246],[-77.1916945678874,38.91405363491545]]],[[[-77.11055633211481,38.91775952039781],[-77.11056538984818,38.912696779367295],[-77.11319352591678,38.911076837691],[-77.11302597876967,38.91003815279273],[-77.11506018224988,38.90900172143159],[-77.1154863880738,38.90737947831137],[-77.11616249982849,38.90815904407674],[-77.1151425121085,38.91036485208888],[-77.12056315383218,38.909850974082666],[-77.12022226957814,38.91114878304507],[-77.11725906443262,38.91069151526889],[-77.11302301678481,38.91172573223312],[-77.11132676322175,38.913151926408844],[-77.11055633211481,38.91775952039781]]],[[[-77.1164775060082,38.92204946963701],[-77.11961726489344,38.91848268915613],[-77.120802118789,38.91900309868286],[-77.1228364619953,38.91796653852404],[-77.12300416729495,38.91900521124377],[-77.12732306453776,38.919333776457854],[-77.12511832387652,38.921019322375976],[-77.12164884800869,38.919133729792385],[-77.1164775060082,38.92204946963701]]],[[[-77.11545733328055,38.92425528428905],[-77.11537498182622,38.922892151335965],[-77.1157983637966,38.92295748617574],[-77.11605412870729,38.921984137123815],[-77.1164775060082,38.92204946963701],[-77.11545733328055,38.92425528428905]]],[[[-77.16084015689468,38.939351336962375],[-77.16007820014454,38.93889649240069],[-77.15999499678075,38.93753338649857],[-77.16126552034353,38.93772893004367],[-77.16084015689468,38.939351336962375]]],[[[-77.17455239467586,38.952600512335756],[-77.1751399603896,38.958767025723105],[-77.17683602623899,38.957339949900344],[-77.17895422084187,38.95766556197705],[-77.17870349538661,38.953576272071786],[-77.18048297257964,38.95351224360813],[-77.18192519122368,38.951370994899904],[-77.18057077144155,38.94981256817466],[-77.18133573054833,38.946892108911186],[-77.18014999029728,38.94637227589069],[-77.18192929013622,38.94630822674657],[-77.18269280947314,38.94507534884742],[-77.1810849084335,38.942802830114445],[-77.18430343328343,38.94397267017071],[-77.1848982426067,38.94170118613415],[-77.18413611099427,38.94124648922381],[-77.18532437108748,38.938391109097466],[-77.18320670872141,38.938065606673085],[-77.18388515105325,38.937157219329805],[-77.18278452475148,38.936312915230225],[-77.1858341435411,38.93644412023304],[-77.18575173823308,38.933393446150156],[-77.18710720947873,38.9332642267626],[-77.18735833695825,38.9373534879256],[-77.18905246361301,38.9376138360262],[-77.19015435768347,38.93677049785369],[-77.19227201343438,38.93709588160257],[-77.19210214817453,38.93774488694184],[-77.18752577094932,38.94007966304013],[-77.18930371535029,38.94170309571956],[-77.18803304718678,38.94150783927449],[-77.18735461606663,38.9424162498565],[-77.1871834501979,38.94475283720335],[-77.18345497215283,38.94553005487046],[-77.18345231037037,38.94890523289352],[-77.18184156454038,38.95000790129007],[-77.18514540016365,38.950853224465334],[-77.1901461285653,38.94858361385358],[-77.18861803165153,38.952737048331684],[-77.18531407020969,38.95189181740855],[-77.18285605225255,38.952864302476016],[-77.18344831723387,38.95396800297471],[-77.18209245398569,38.954097182749734],[-77.18064879016764,38.95792602561182],[-77.1762408375359,38.9596114003487],[-77.17632437036941,38.96097449962368],[-77.17403600993727,38.96129782525608],[-77.17454163155669,38.964413653880825],[-77.17360767448777,38.96629546770413],[-77.17377932682814,38.96395889185617],[-77.17208464163618,38.9636983341671],[-77.17090031591516,38.96149081891656],[-77.17234297452389,38.959349679141695],[-77.17437616951175,38.959999859553996],[-77.17454624474982,38.95935087644552],[-77.17276819845272,38.95772722816985],[-77.17370206729152,38.955845423024385],[-77.17133042108385,38.954805598425615],[-77.17200916762303,38.95389727389643],[-77.17099347131423,38.952728373594546],[-77.17328000905066,38.95409269482736],[-77.17455239467586,38.952600512335756]]],[[[-77.1575971232194,38.96011954782146],[-77.1570922567279,38.9570036521546],[-77.15845012916915,38.955187154734695],[-77.15794333801716,38.95375885481329],[-77.15633405819078,38.95317360243209],[-77.15650623400597,38.95083705497938],[-77.15946754549377,38.954668567428556],[-77.16141724595332,38.95395585026628],[-77.16294511391813,38.951490339848775],[-77.16260297593824,38.954475862897006],[-77.16387380221016,38.95467138019542],[-77.16370364275855,38.955320348229684],[-77.16073836670809,38.9548641168494],[-77.15971907542591,38.95707030547519],[-77.15827800546147,38.95752370634965],[-77.15785245975113,38.95914610759243],[-77.15895314207586,38.9599906356413],[-77.15665887839272,38.96537641823493],[-77.15606692683164,38.96427258805557],[-77.1575971232194,38.96011954782146]]],[[[-77.1095756864388,38.94495460300391],[-77.10601077169326,38.94845577515002],[-77.10516372951042,38.9483250367334],[-77.10652273554227,38.94650911017799],[-77.1032200111135,38.94566169399248],[-77.1024551400673,38.94689408240704],[-77.10008480373067,38.94585289748744],[-77.09754048678413,38.94714813083511],[-77.09593183898582,38.94656209561336],[-77.09559034375427,38.947859843298865],[-77.09719901747923,38.94844588305681],[-77.09677216372799,38.950068072349296],[-77.09312783976522,38.95051813753598],[-77.09244814074533,38.95142602975447],[-77.09151915302431,38.94993204481214],[-77.08998889914469,38.952396674326984],[-77.08465030386331,38.95258478905698],[-77.08558638412026,38.950703649374844],[-77.08897806218579,38.94953951529495],[-77.08855808042254,38.94778650115974],[-77.09330203784724,38.94818167920616],[-77.09279657370001,38.946753114931546],[-77.09364357537852,38.946883937761],[-77.095002841842,38.945068137792795],[-77.09297420150841,38.94272907190975],[-77.09407728531932,38.94188658709387],[-77.0965327719592,38.94260344900204],[-77.09661479292642,38.94396659813754],[-77.09856152311964,38.94494245664475],[-77.10237300645045,38.945530936572545],[-77.10788167378037,38.94469316920234],[-77.1081406974096,38.942032246932705],[-77.10720840956179,38.94222596776901],[-77.10797315111176,38.94099355085925],[-77.1012008023541,38.938260004395694],[-77.1009480247541,38.93754573957032],[-77.0995923214628,38.93767401737228],[-77.09968093896458,38.935661993305196],[-77.10306530349315,38.93787264624135],[-77.1048444628631,38.93780970284601],[-77.1048413101183,38.93949728840487],[-77.10628235583835,38.93904450943378],[-77.10992298917246,38.940281644431394],[-77.11001132437627,38.9382696122661],[-77.11153760614108,38.93749232599993],[-77.11501061205611,38.93769062039703],[-77.11475477802291,38.93866396938508],[-77.11602519967519,38.93885997634352],[-77.11661633752797,38.93996399342689],[-77.11568119711846,38.94184536428441],[-77.11288735251127,38.94073908934349],[-77.11152861292756,38.942555084143024],[-77.11635474493701,38.944312519588614],[-77.11643425460242,38.94736324362172],[-77.11440193037164,38.946712115022734],[-77.11329605148887,38.94924236921699],[-77.11405488446545,38.951385090382395],[-77.11269894655456,38.9515135116896],[-77.11244005580836,38.95417444706224],[-77.1111693765446,38.953978402957496],[-77.10853657867786,38.95728590118765],[-77.11260174900289,38.958588319301185],[-77.11437847391407,38.960212829701454],[-77.11048080200402,38.959949165065495],[-77.11031318107364,38.95891046949272],[-77.10853351068779,38.95897349151609],[-77.1078570086571,38.95819387870286],[-77.10658315833723,38.959685377998284],[-77.10480346577796,38.95974834652563],[-77.10420600967409,38.96201945156202],[-77.10547681055547,38.962215567214805],[-77.10615020098206,38.96468278514227],[-77.10750639577893,38.964554435164565],[-77.10750330359625,38.96624202726463],[-77.10970373966741,38.96793196856247],[-77.10961535995814,38.96994400910873],[-77.10792384815956,38.96799498192606],[-77.10589102396999,38.96734371195081],[-77.10546111339688,38.97065352875955],[-77.10351678781146,38.96799018202825],[-77.10359896819634,38.96935333154916],[-77.09995045324433,38.97149119175539],[-77.1034250500112,38.97168981154337],[-77.10291282616323,38.973636470885346],[-77.10697570431545,38.9766266710991],[-77.107057959245,38.977989820094834],[-77.10799070566615,38.977796099376334],[-77.1068018771654,38.978963158380765],[-77.10891732722953,38.98097756294984],[-77.10755773721979,38.982793524962176],[-77.10662803885272,38.98129964624842],[-77.1051861584947,38.98175243202564],[-77.10451580488804,38.97759760723972],[-77.10138245971746,38.97610124950503],[-77.10180936339665,38.974479038156936],[-77.10053835825632,38.974282884583864],[-77.1001114273958,38.97590509151151],[-77.101549992774,38.97713995978999],[-77.09934290388081,38.97882506128196],[-77.0987451207287,38.98109614648564],[-77.09755941358763,38.98057552160077],[-77.0979010272306,38.97927776225016],[-77.09544428962938,38.97856092357279],[-77.09663329369367,38.97739397344415],[-77.09841342485005,38.97733112194115],[-77.09866961338007,38.97635780120865],[-77.09790765790373,38.975902572390176],[-77.09859081671694,38.97330705292286],[-77.09698491868568,38.97103343562734],[-77.09775013604721,38.969801076615596],[-77.09910644102807,38.96967281835212],[-77.09919511092262,38.96766078538396],[-77.10114898886594,38.965261422089114],[-77.10241983811397,38.96545756914512],[-77.10233768421067,38.964094419629745],[-77.10428819622543,38.96338259942395],[-77.10445890423804,38.96273371224442],[-77.1020026604506,38.96201700516081],[-77.10327664543127,38.960525552386876],[-77.10141156515836,38.960912914965164],[-77.1009058534502,38.959484381119104],[-77.09836107462958,38.96077963384174],[-77.09912287463412,38.96123485885342],[-77.09827239006272,38.962791664170226],[-77.0955600288282,38.963048147384455],[-77.0942004404867,38.9648639581695],[-77.0933532285735,38.96473313880134],[-77.09275537426419,38.9670041903486],[-77.09071923208272,38.968040264088444],[-77.08911017745255,38.96745413863356],[-77.08621597167775,38.973422063243824],[-77.08528683112078,38.97192802682163],[-77.08308318260075,38.97192524444861],[-77.0829122624455,38.972574103087666],[-77.08096500300518,38.971597995077026],[-77.08435772871113,38.97043398377708],[-77.08427590748627,38.96907082132196],[-77.08334320979534,38.96926436354395],[-77.08513037587048,38.96582651870381],[-77.08640119179987,38.96602282983548],[-77.08708110255806,38.9651149688217],[-77.09207896660584,38.96622449059661],[-77.09284764848046,38.96330457131566],[-77.08912073306784,38.96239136415682],[-77.08895341132677,38.961352639382426],[-77.08971515848839,38.96180792219157],[-77.08997140869313,38.96083462166774],[-77.09623979756104,38.96214023658723],[-77.09565215548155,38.959348528418296],[-77.09811155642528,38.95837777060802],[-77.09836768228662,38.95740445323418],[-77.09540273156587,38.956946660238266],[-77.09710031760248,38.955520675307156],[-77.0990506510988,38.954808938323765],[-77.10014732310471,38.95734157704296],[-77.10277089981182,38.95909702622371],[-77.10641559363191,38.958646677200676],[-77.10701295311597,38.95637556264143],[-77.10896321258444,38.955663669746016],[-77.1091369147286,38.95332718748894],[-77.11100175953753,38.952939709213254],[-77.11075486736507,38.9488502858118],[-77.11287845275757,38.94580184988805],[-77.1095756864388,38.94495460300391]],[[-77.11254023786381,38.94541205651413],[-77.11440486181716,38.945024527520374],[-77.11321963017122,38.94450405501126],[-77.11254023786381,38.94541205651413]],[[-77.10104740795127,38.9740238287451],[-77.10070912527132,38.97363400151251],[-77.10062374214446,38.973958443069655],[-77.10104740795127,38.9740238287451]],[[-77.09952680316631,38.971425802359875],[-77.0991885407071,38.97103597113412],[-77.0991031538496,38.97136041151865],[-77.09952680316631,38.971425802359875]],[[-77.11254916108743,38.94034929627142],[-77.11221097328468,38.93995950229845],[-77.11212568090063,38.94028395018277],[-77.11254916108743,38.94034929627142]]],[[[-77.14605867929757,38.97049646478763],[-77.14571796564809,38.971794354810704],[-77.14478539664123,38.971988358891835],[-77.14521130872788,38.97036599940974],[-77.14605867929757,38.97049646478763]]],[[[-77.12011315695548,38.97696468773255],[-77.11892736428942,38.976444267332326],[-77.12164843633744,38.971124489267616],[-77.12241049026336,38.97157957198095],[-77.12419316234359,38.969828756977336],[-77.12554942118545,38.969700209696185],[-77.128515080931,38.970157283083765],[-77.12876824233567,38.97087149505603],[-77.13012708037563,38.96905530400811],[-77.1331779757513,38.96918780428675],[-77.13309524156713,38.96782467445464],[-77.13478988312086,38.968085764798246],[-77.13571999069569,38.969579429511214],[-77.13707622452115,38.969450756251966],[-77.14013182076091,38.966207898808165],[-77.13885612630187,38.969387324719015],[-77.13673535558247,38.97074862140376],[-77.13402531102645,38.96931835181173],[-77.13071867739305,38.970159258679914],[-77.12842721858576,38.97216933765659],[-77.12656462436256,38.970869484823794],[-77.12571461424912,38.9724264803984],[-77.12359622857355,38.97209995871892],[-77.12342294584587,38.97443646764945],[-77.12155761633579,38.97482413385435],[-77.12121644547099,38.97612195740582],[-77.12240224925449,38.97664235590831],[-77.1216346124089,38.97956246396626],[-77.12078718008827,38.97943183163158],[-77.12011315695548,38.97696468773255]]],[[[-77.13977695758621,38.97763133938585],[-77.14385282266255,38.97218235597033],[-77.14478539664123,38.971988358891835],[-77.14520687238785,38.97374118856421],[-77.1425771860412,38.97536182297048],[-77.14181037227782,38.9782820551893],[-77.13977695758621,38.97763133938585]]],[[[-77.03253560050145,39.013067179920995],[-77.03540242037198,39.01891368742452],[-77.03395935131957,39.01936564828279],[-77.03437363885698,39.022806470982495],[-77.03929362448967,39.02255492210697],[-77.03844114225663,39.024111331923585],[-77.03945570402765,39.02528132925081],[-77.04123705645021,39.025219297432855],[-77.04394735800682,39.02665160541214],[-77.04717637411574,39.02444980483865],[-77.04835796850811,39.02665852096917],[-77.05005367615676,39.02692077088201],[-77.05013492097189,39.02828396828695],[-77.05208328437928,39.029260568803814],[-77.05207890324019,39.030948176475015],[-77.05038309437575,39.030685954038034],[-77.04995471355376,39.03230800279464],[-77.04750114486207,39.02990260128036],[-77.0482678201426,39.028670536077726],[-77.04530027965535,39.02821154073421],[-77.04656756914956,39.03009586893523],[-77.0462248007159,39.031393497364554],[-77.04707270437119,39.03152463988149],[-77.0458820200491,39.03269112513152],[-77.04562039522799,39.03535195421641],[-77.04477244956348,39.035220801699225],[-77.04401935186823,39.03139002128207],[-77.04165172167686,39.02866009918829],[-77.04003706095605,39.029760938815805],[-77.03691226182531,39.024887728748794],[-77.03504517792501,39.02527409752287],[-77.03242568619316,39.021829593696836],[-77.03089678951507,39.022605916166654],[-77.03173971036554,39.02442476821342],[-77.02969129086006,39.02883506186009],[-77.03044849061938,39.030978320113924],[-77.03172029729554,39.03117519326647],[-77.03035784136546,39.03299032364624],[-77.03086267818885,39.034419161200745],[-77.0324727448263,39.035006048092434],[-77.0313675348522,39.03584799704913],[-77.0329776372021,39.03643487753824],[-77.03238214656272,39.03701805447396],[-77.03398748148244,39.03929253131486],[-77.0380559002051,39.04059740851643],[-77.03898494765333,39.04209181488906],[-77.04483540587037,39.04333444539912],[-77.04618413810176,39.046581987426194],[-77.04219635510644,39.04664058196872],[-77.04041913148768,39.045015015986905],[-77.03677443751448,39.04377582102349],[-77.0366076763499,39.04273701234086],[-77.03346810862286,39.042926535070485],[-77.03381115908982,39.04162893931456],[-77.03254399918343,39.03974447727301],[-77.0312720403899,39.03954761226845],[-77.02932859062537,39.03688307457611],[-77.02967168644987,39.03558549159481],[-77.02899531741657,39.03480543963576],[-77.02721371973185,39.03486729594953],[-77.02891446161189,39.03344222693835],[-77.0291766908297,39.030781433944014],[-77.02858614246979,39.02967698518874],[-77.02646652631525,39.02934880262708],[-77.02859599471464,39.026301772803876],[-77.02664802604154,39.02532480432033],[-77.02860092049411,39.024614167324934],[-77.02903464773247,39.02130458978334],[-77.03132553822066,39.02098393580621],[-77.03175911983205,39.017674350735405],[-77.03006858487676,39.015724248369146],[-77.03058305451397,39.01377787744381],[-77.0274496727299,39.01227964498855],[-77.0272831169425,39.01124082926528],[-77.026178207996,39.01208272872007],[-77.02397837773148,39.01039129531786],[-77.02244963132505,39.011167512327326],[-77.02167761777606,39.01408701634401],[-77.02142535765915,39.01337258152913],[-77.02006810130337,39.013499991558234],[-77.02093105780165,39.00856850869864],[-77.01677894114705,39.00758746301972],[-77.01534644518892,39.004664007282685],[-77.01390353423966,39.005115734008],[-77.01390879942336,39.00342813496974],[-77.0117900143142,39.00309970332671],[-77.00985361072301,38.99874727927652],[-77.00833035249376,38.997835723617904],[-77.00875945830832,38.996213827708054],[-77.0048602429769,38.99594684382252],[-77.00342294759675,38.99471085179537],[-77.00615314572293,38.98939359534406],[-77.00488213858054,38.98919646171439],[-77.00463560872977,38.98679440139421],[-77.00294100008824,38.98653153305085],[-77.00218507307765,38.98438812251572],[-76.99939132259411,38.98327928512835],[-76.99770245419835,38.98132875283535],[-76.99482302696842,38.98054418395336],[-76.9949890491011,38.981583038139064],[-76.99236150043282,38.981512896943045],[-76.99235573711529,38.98320048923728],[-76.99497194115082,38.98664581675064],[-76.99801769253082,38.98846923414295],[-76.99851596424335,38.99158578751395],[-76.99961528629248,38.99243173203774],[-76.99918599894269,38.99405359536747],[-77.00037122116855,38.994575160900055],[-76.99866521074696,38.99768742632778],[-76.99908331431082,38.99944075715657],[-77.00026862356619,38.99996232411208],[-76.99932970368732,39.00184283326358],[-76.99982812321191,39.004959387933475],[-77.00143728735694,39.005546674264316],[-77.00117969518014,39.00651979819318],[-77.00371679988818,39.008601728882255],[-77.00499361522094,39.00711127539816],[-77.00617909183806,39.00763278655847],[-77.00532607600204,39.00918896515297],[-77.00880221343671,39.0093902354738],[-77.00980537154358,39.01393567413379],[-77.00760045394668,39.013931551328824],[-77.00650615160419,39.011398073738846],[-77.00345371932202,39.01126245827295],[-77.00261165830939,39.009443418233495],[-77.0013403104348,39.0092462477117],[-77.00168377514713,39.0079487480415],[-76.9988088669061,39.00547666931315],[-76.99839636021122,39.002035737893785],[-76.99754888811724,39.00190426370567],[-76.99831611420402,39.00067251268139],[-76.99646078623525,38.997683105711275],[-76.99782342657723,38.995868357758965],[-76.99791492927464,38.99385639025189],[-76.99672973636643,38.993334801325446],[-76.99800642691147,38.99184442331147],[-76.99715907422772,38.991712946673026],[-76.99657499517912,38.98892075830852],[-76.99378115616281,38.98781179386659],[-76.9941246544898,38.98651431950368],[-76.99217821391444,38.985536816616985],[-76.9927736054065,38.98495383735474],[-76.99134251946559,38.98203011512399],[-76.98888674022032,38.98131116722152],[-76.98889258383632,38.97962357557647],[-76.98694639785346,38.97864599167393],[-76.98771355818673,38.977414310631936],[-76.98195529101378,38.9758446436134],[-76.98120009309709,38.97370110880907],[-76.97739422703289,38.97142131480101],[-76.97698292578274,38.96798033040839],[-76.97486533939757,38.96765127039052],[-76.97299318360785,38.969724290677],[-76.97272912035179,38.972384938733725],[-76.97026757577387,38.973353212300644],[-76.97204148194788,38.974979762686026],[-76.97058635560023,38.978806163765825],[-76.97151947482257,38.97861346892233],[-76.97151322839123,38.98030105946163],[-76.97015650166703,38.98042792321642],[-76.96989858011038,38.981400978364405],[-76.97166643096651,38.98471512769385],[-76.97081294574421,38.98627106344259],[-76.97284508767072,38.98692454752739],[-76.97147574371819,38.990426611856265],[-76.97367994682486,38.99043137615271],[-76.97342824004089,38.98971684660495],[-76.97801459770244,38.98738995836015],[-76.9789417324502,38.988884800543005],[-76.9768174045588,38.99024336628598],[-76.98037245489195,38.99180866883352],[-76.97799630723551,38.992452739092606],[-76.97469299733659,38.991601895957835],[-76.9716414550414,38.991465498825505],[-76.97807616344674,38.99381597564143],[-76.97764638778669,38.995437764790005],[-76.98085189996269,38.999988081733406],[-76.9850030981406,39.00097032767475],[-76.98423564350875,39.002201996467875],[-76.98491122939436,39.002982287907905],[-76.99032806336541,39.00584929283154],[-76.98962907899713,39.01181942685609],[-76.99157618863188,39.01279697378085],[-76.99385551418553,39.01585221302653],[-76.993935693336,39.017215444460824],[-76.99613503123327,39.018907411954544],[-76.99671366883098,39.02338721910913],[-77.00000750169025,39.0276126893341],[-77.00517460811312,39.02976457729975],[-77.0088288310847,39.02762948494628],[-77.00933320767778,39.0290584086858],[-77.00755173410603,39.02911998289433],[-77.00636045531941,39.030286088673286],[-77.0072887196273,39.03178072941473],[-77.0097463851807,39.03249931899379],[-77.00915074047964,39.03308238414059],[-77.01092697336436,39.03470839408479],[-77.00964979506541,39.036198915387914],[-77.01117387349754,39.037110460589524],[-77.01116854239862,39.038798068904455],[-77.01837601715948,39.03991463157477],[-77.01803269932576,39.041212184302395],[-77.01057285750299,39.039381141495916],[-77.00768558047045,39.04028447242599],[-77.0075138268245,39.04093323413509],[-77.00963369510391,39.04126174080743],[-77.00971419810551,39.042624967847665],[-77.00783569649708,39.04638614909023],[-77.01139948628416,39.04626296659768],[-77.0141099843826,39.04769593083087],[-77.0161494484916,39.046661101223755],[-77.01767382773005,39.047572568303515],[-77.02065220747969,39.04465700298706],[-77.02192422689753,39.044853976916066],[-77.02233809008132,39.04829485458716],[-77.02038961623784,39.04731778428202],[-77.02004629938239,39.04861534423283],[-77.01852186853682,39.04770390610196],[-77.01521033630235,39.04854174505905],[-77.015462657374,39.0492561967325],[-77.0108037420786,39.04684604104568],[-77.01096480734722,39.04957249650983],[-77.01257504891706,39.05015964286414],[-77.01027245064802,39.0538551773372],[-77.0121297802295,39.0568444059133],[-77.01178627094531,39.0581419451973],[-77.01364904758378,39.05944353842194],[-77.0153506303627,39.0580186491028],[-77.01900082405209,39.05757086107916],[-77.02196939691454,39.05803048715112],[-77.02222181735286,39.05874492628382],[-77.02366574111815,39.05829309879064],[-77.0274776063198,39.06057150572328],[-77.03070374884263,39.060057735913844],[-77.03444452213226,39.05759748094396],[-77.03597887342858,39.05513349554396],[-77.03784671925747,39.05474711075066],[-77.03666024722229,39.054225897857734],[-77.03666498769118,39.0525382840045],[-77.03827550245835,39.05312509750704],[-77.03887576679578,39.05085427725468],[-77.04023368753907,39.05072666083019],[-77.04013862474278,39.054426292365086],[-77.0375847209376,39.0574079330418],[-77.03563103331037,39.058118715307465],[-77.03528793750996,39.05941631982427],[-77.0377515297206,39.058446743073354],[-77.03749895769306,39.057732335539804],[-77.03877125153728,39.05792913739783],[-77.03919066893683,39.0596823506961],[-77.04114436378046,39.05897151225768],[-77.04037724817633,39.06020353992429],[-77.03927174664751,39.061045562902315],[-77.03825668866932,39.05987555687116],[-77.03587882930198,39.060520742385016],[-77.03341995810304,39.059802666464094],[-77.03189027335475,39.06057900622963],[-77.03214280014994,39.06129342552491],[-77.02798257808242,39.06200036182583],[-77.02967413335185,39.06395050803291],[-77.02899258116757,39.06485806896581],[-77.03009336606695,39.065703753914605],[-77.0294118026774,39.0666113174323],[-77.03033611658545,39.06979341356859],[-77.03270949523079,39.07083595175543],[-77.03287626515068,39.071874770828614],[-77.03389621008635,39.07135720392289],[-77.03516395623181,39.07324166267779],[-77.03686070313277,39.07350409487151],[-77.03958206728414,39.071561270502485],[-77.04146420655461,39.06611197455165],[-77.04239825843129,39.065918744049014],[-77.04179797973443,39.06818958738914],[-77.04340888274656,39.0687763359769],[-77.04136918627138,39.06981161713934],[-77.04085460885189,39.071758051513875],[-77.04433383700855,39.071958329198615],[-77.04407658384355,39.072931553083016],[-77.04577335567825,39.07319386356517],[-77.04585457193527,39.0745570747844],[-77.0482283287253,39.075599317450475],[-77.04839980083146,39.07495049552319],[-77.04967242561275,39.075147186353924],[-77.05129235082379,39.07235859234253],[-77.05214074154098,39.07248970120019],[-77.05308356780027,39.068921150946665],[-77.05494736008671,39.07022212736497],[-77.0557143344447,39.06899000754206],[-77.056305614445,39.07009433482236],[-77.05469025518923,39.071195372909656],[-77.05417602473666,39.073141862917915],[-77.0548530207918,39.07392178297472],[-77.05264628098048,39.07391846007669],[-77.05162203917617,39.07612380213026],[-77.05187042510376,39.078525805072665],[-77.05526429849888,39.079050190567344],[-77.05424439780028,39.079567933576726],[-77.0536443765399,39.081838839769034],[-77.05449288217902,39.08196993279548],[-77.05338721309111,39.08281208468416],[-77.05533277336131,39.08547626760065],[-77.05422706065507,39.08631842750812],[-77.05413700078789,39.088330468091925],[-77.05617274560167,39.08898259901166],[-77.05600130978956,39.089631433343186],[-77.05379409282291,39.08962813082291],[-77.0531939744117,39.091899039083586],[-77.05471976733403,39.09281005893636],[-77.0538667912588,39.09436659399286],[-77.0556455229244,39.09599198205846],[-77.05708997897135,39.0955397630553],[-77.05725288916604,39.09826618228135],[-77.0596317940161,39.09762058322521],[-77.0616678484553,39.098272625282156],[-77.06744559615008,39.09646336808818],[-77.06914300186094,39.09672536060828],[-77.06727021099402,39.0987998475404],[-77.06760487232275,39.10087740354348],[-77.07049776933533,39.09828504087055],[-77.07278699966834,39.0996512466877],[-77.0741457728098,39.09952325844464],[-77.07193433037742,39.10120790771562],[-77.07388494251222,39.10218417894573],[-77.07388106343447,39.1038718094496],[-77.0709102893673,39.103413419934526],[-77.06963313414556,39.10490457626845],[-77.06725811277555,39.10386273678145],[-77.0671764621342,39.10249953213079],[-77.06616037560978,39.101329745189794],[-77.06480155461936,39.10145764619093],[-77.06353254742724,39.0995734800029],[-77.06191664224451,39.10067461805687],[-77.05920322501673,39.09924268332438],[-77.05775870850269,39.09969492720128],[-77.05953344537588,39.103007890971355],[-77.06072506294531,39.10184126009526],[-77.06242257006777,39.102103344652534],[-77.06216545248556,39.10307661143248],[-77.06700105374958,39.10483601388912],[-77.06631958436067,39.10574378638535],[-77.06716839207607,39.105874793460444],[-77.06648691503361,39.10678256705507],[-77.06741739377982,39.10827677871486],[-77.0654667049731,39.107300404862364],[-77.06461378903397,39.108857017954726],[-77.06215299777864,39.108139504312454],[-77.0614797719181,39.10567198779867],[-77.05859472799281,39.10488888194346],[-77.05919056452557,39.10430557218972],[-77.05757874623878,39.10371902432934],[-77.05758300400657,39.10203139440831],[-77.0555468808909,39.10137928497828],[-77.05580837992747,39.09871840341071],[-77.05453965380731,39.096834146407545],[-77.0523322180926,39.09683081792431],[-77.05301377863621,39.09592312365247],[-77.05165943054311,39.094363253563024],[-77.05208813917478,39.09274118097277],[-77.05047663476334,39.092154542316834],[-77.05192543516026,39.09001475781974],[-77.05023267598905,39.088064905314916],[-77.05176713523387,39.08560071135377],[-77.05127033826315,39.08079669936694],[-77.05042185213662,39.08066558436737],[-77.05076477802714,39.07936793309616],[-77.04881508895325,39.07839130329008],[-77.04949652049332,39.07748363141954],[-77.04644123255324,39.07734907129948],[-77.04601248868276,39.078971119772866],[-77.04456829303918,39.07942320865355],[-77.04422525624035,39.08072084283649],[-77.04286678203484,39.08084850357654],[-77.04466316303427,39.07572355716386],[-77.04212254240993,39.0736424394095],[-77.03864323972772,39.0734420997483],[-77.03728016432675,39.0752573195246],[-77.03388659788595,39.07473244326811],[-77.03303338780796,39.0762888301085],[-77.03219467864197,39.072782350621694],[-77.02888708370449,39.07193293839099],[-77.0281196235154,39.07316489323102],[-77.02684709180826,39.072967981754786],[-77.02607459842034,39.075887544205415],[-77.0278522561453,39.07751332432846],[-77.02666050984303,39.078679634719926],[-77.02460020761936,39.086465132457285],[-77.0273933519876,39.0892610459256],[-77.02755513378482,39.091987500716144],[-77.02908060704355,39.092898835279605],[-77.03214136472894,39.091346197026915],[-77.0357883659045,39.09258553851764],[-77.03613160939081,39.0912879247671],[-77.0380003838125,39.090901535132375],[-77.0364653457395,39.09336556154044],[-77.03824366358678,39.094991198286024],[-77.03764301483527,39.09726203372578],[-77.03951193488054,39.09687562093119],[-77.0378099159554,39.09830085126431],[-77.03933565039841,39.09921206105229],[-77.03890661886146,39.100834091629885],[-77.04450901362627,39.101362339947215],[-77.04501460388873,39.102791137552934],[-77.0467978521154,39.10272902512098],[-77.0465405229975,39.10370225968748],[-77.04882947342655,39.105068908067665],[-77.04789493528274,39.10526218831876],[-77.04797622720424,39.10662540632756],[-77.04475725066139,39.103764368439585],[-77.04153389724019,39.10259087775866],[-77.04017034715007,39.10440613911909],[-77.03991759155049,39.10369173045385],[-77.03813431381622,39.103753744201896],[-77.03778632946737,39.10673899673362],[-77.03659900871139,39.10621777827237],[-77.03413378105316,39.10718734071224],[-77.03453899063918,39.11400348126737],[-77.03988957881839,39.11381751762099],[-77.04158266048594,39.11576752056156],[-77.04251735058632,39.11557428736857],[-77.04225991860675,39.11654751548996],[-77.04395770276426,39.11680985292895],[-77.0443775853601,39.11856306796874],[-77.04879377721348,39.11856996826174],[-77.04938535560815,39.119674338787604],[-77.05083032160476,39.119222190465656],[-77.05150771124613,39.120002135546386],[-77.05337714263929,39.119615512600674],[-77.05617696107595,39.120723160974904],[-77.05796488989938,39.11897325272724],[-77.05906683223955,39.119818689548204],[-77.06110768073275,39.118783108129136],[-77.05992419999744,39.116574476444086],[-77.0601813953904,39.115601211761835],[-77.06170777384095,39.11651214997149],[-77.0619649451148,39.11553888161187],[-77.06052850181328,39.11261589151322],[-77.06332815949023,39.11372337734502],[-77.06289957802802,39.11534549520964],[-77.06476473735663,39.11664633572763],[-77.06340562737334,39.116774221850115],[-77.06315260021222,39.116059858737536],[-77.06271986180994,39.119369611945764],[-77.06714014096622,39.117688225424686],[-77.06662591500128,39.119634784022075],[-77.06577694746007,39.11950377289239],[-77.0661116614729,39.1215813412372],[-77.06339738049464,39.12014949227132],[-77.06271572238472,39.12105724771394],[-77.0606790198232,39.12040521994498],[-77.0600830631689,39.12098853865654],[-77.06186258593351,39.1226138461073],[-77.06177269259238,39.12462590623692],[-77.06347073604009,39.12488797764629],[-77.06278903437233,39.12579573434063],[-77.0636380700737,39.125926766033174],[-77.06363395161198,39.12761440401952],[-77.0620990073148,39.130078764420865],[-77.0613356682775,39.12962329881829],[-77.0621073156632,39.126703487461256],[-77.06016040248595,39.12403938953124],[-77.05634418119499,39.12176195831846],[-77.05176063760598,39.120716522903365],[-77.05074012683957,39.12123424126068],[-77.05149011007208,39.126752681292885],[-77.05259209507435,39.12759817679211],[-77.05564950838095,39.12773258695374],[-77.05479614205599,39.12928913892074],[-77.05674727802942,39.13026568440298],[-77.05342806626264,39.13279219459089],[-77.05520772932682,39.1344176010948],[-77.05418705059111,39.1349353491538],[-77.0542684938537,39.13629857100732],[-77.05647712943404,39.1363018651203],[-77.05673016145663,39.13701624468848],[-77.05528487811254,39.137468463172034],[-77.05494175861195,39.138766141474306],[-77.05332920972134,39.138179534540214],[-77.05238987692613,39.14006049169521],[-77.05180248093217,39.13726848955174],[-77.05086753629783,39.137461793376254],[-77.05138231091598,39.13551529306979],[-77.05028021985562,39.13466978550994],[-77.05198284642509,39.13324437431757],[-77.05182005561838,39.13051792961117],[-77.05301224849032,39.129351366403405],[-77.05157149353414,39.12811590267822],[-77.04893858900385,39.12804695757487],[-77.05004943256203,39.12551720057236],[-77.0493720071426,39.12473724669846],[-77.04716372357886,39.124733826420645],[-77.04869459627298,39.123957289254754],[-77.0489564276388,39.12129641046315],[-77.045393562118,39.11973303682656],[-77.04386274316808,39.120509532706464],[-77.04318543089083,39.11972954590279],[-77.04055283833789,39.11966042336696],[-77.0402188642514,39.11758278708238],[-77.03614609458262,39.11627796223408],[-77.0356310479993,39.118224392009395],[-77.03681855807935,39.11874562092953],[-77.036475197106,39.120043243419],[-77.03503012542889,39.12049522498947],[-77.03459607904175,39.1238048830616],[-77.03578367293889,39.12432612243869],[-77.03382335643141,39.126724521901686],[-77.03653729994797,39.12815701822632],[-77.03458169878456,39.128867793462945],[-77.03525900388026,39.12964782854069],[-77.03414758191771,39.132177455472835],[-77.03600789752608,39.13516637112151],[-77.03201524166646,39.13522463986823],[-77.03244463031213,39.13360262216188],[-77.03134278879362,39.13275694712972],[-77.03288366661596,39.12860532737312],[-77.03263089847584,39.127890900517436],[-77.03127152155301,39.1280184356666],[-77.03076602604901,39.126589575156665],[-77.03093777454741,39.12594077103392],[-77.03212537711468,39.1264620455695],[-77.03315092082559,39.12425684312855],[-77.03298402669708,39.1232180141142],[-77.03137200040469,39.12263112433671],[-77.03282197154378,39.12049155002716],[-77.03180618668927,39.119321478285855],[-77.03307954396367,39.11951834069898],[-77.03435770649415,39.11802755577562],[-77.0330891995933,39.11614307287783],[-77.03096703987812,39.115814961998275],[-77.02995625058402,39.1129572437157],[-77.03184018444954,39.10750805141861],[-77.02920804561525,39.107438688851296],[-77.02928898929233,39.10880191962417],[-77.02741474908738,39.11087581071828],[-77.02757162421523,39.11528990929643],[-77.0268086571457,39.1148342331215],[-77.02561128043058,39.11768817502705],[-77.02238254212986,39.118201818098136],[-77.0240802931291,39.118464427034176],[-77.0242470489881,39.11950326702109],[-77.0239034598343,39.12080085497694],[-77.02178120553565,39.12047258701766],[-77.02152347834185,39.121445773117486],[-77.02415611745155,39.12151529856569],[-77.02440878003951,39.12222974174168],[-77.0230494946423,39.122357186869856],[-77.02270587059154,39.12365477224634],[-77.02015907415965,39.12326082160059],[-77.02176593259236,39.12553549254939],[-77.02108370363925,39.12644302064535],[-77.02192758392997,39.12826197374968],[-77.02005263127691,39.13033576178573],[-77.02098245627867,39.131830327714496],[-77.02472223299611,39.131057969818535],[-77.02319095432779,39.13183421293296],[-77.02344364332255,39.132548659535765],[-77.0216596429236,39.13261043731318],[-77.02114409221272,39.13455681336187],[-77.02207399372779,39.13605137239629],[-77.02700169472544,39.13580030545945],[-77.02665807768375,39.1370979052394],[-77.02860904498543,39.13807489368275],[-77.02715859859197,39.140214426380766],[-77.02877098119087,39.14080137284423],[-77.02894278113052,39.14015256962527],[-77.03293571042407,39.14009439945221],[-77.03233452256069,39.1423652293301],[-77.0333458148614,39.145222945038896],[-77.03148048446438,39.14392162584788],[-77.02969621147194,39.14398351905324],[-77.02791688510472,39.14235774439686],[-77.02697683996738,39.14423851115628],[-77.02612765636445,39.144107228680696],[-77.02647629912167,39.141121986735655],[-77.02469209066267,39.14118380812176],[-77.02494984544647,39.14021061161262],[-77.02367614734939,39.140013665130766],[-77.0246971149687,39.139496166966325],[-77.0247021390412,39.13780852638816],[-77.0210530558487,39.13656884866778],[-77.0201988441273,39.138125165881526],[-77.01934974427327,39.137993837295774],[-77.02003723574106,39.135398677046865],[-77.01859692190664,39.13416282986911],[-77.01996156996391,39.13234779458667],[-77.01868802330499,39.132150797335484],[-77.01869318651335,39.130463159499385],[-77.01665140515026,39.1314980470486],[-77.01383594654246,39.13545242095387],[-77.01314823293913,39.138047546945785],[-77.01450256840675,39.13960784984636],[-77.01415870998397,39.140905416081786],[-77.01289032766473,39.13902071856335],[-77.01161668315926,39.13882364863438],[-77.01196589708775,39.13583845059845],[-77.00856428380031,39.13700051596931],[-77.0078012079094,39.1365447212032],[-77.00541509527251,39.1388769727069],[-77.00227128948166,39.139065710361024],[-77.00219081929357,39.137702453899735],[-77.00499603596369,39.1371236191529],[-77.00678560169479,39.13537444136326],[-77.01290622224883,39.13395780051066],[-77.01555501552052,39.12896459526379],[-77.01887021095804,39.12812673449973],[-77.01938577696353,39.12618037037931],[-77.01794565702868,39.1249445179345],[-77.01658109770023,39.12675952841445],[-77.01326593826671,39.127597327926374],[-77.01198717437435,39.129087898818305],[-77.0095262179536,39.12836934077627],[-77.00688790715785,39.12998714209267],[-77.00621090365983,39.129206952478455],[-77.00476546135896,39.129658583125405],[-77.00145559697704,39.128808431587444],[-77.00392199469881,39.12783951308406],[-77.00833874644228,39.12784785023237],[-77.00944562343433,39.12700609193979],[-77.01063308913012,39.127527571826874],[-77.01199781153439,39.125712626341745],[-77.0135237979416,39.126624157760745],[-77.01693004957191,39.12377432365296],[-77.0180419425916,39.121244854856855],[-77.01413598074079,39.120978156534605],[-77.01294330099407,39.1221443450137],[-77.01269075148736,39.12142987855812],[-77.00802188846293,39.12070722016077],[-77.00521732995803,39.12128612126644],[-77.00182184481183,39.12076036483632],[-77.0001185267008,39.12218508556471],[-76.99969969155998,39.12043172001106],[-76.9929892058967,39.120743070807364],[-76.99384379618385,39.11918694592782],[-76.99282865756804,39.118016556167305],[-76.99826002059945,39.11919564101562],[-76.99928087664053,39.11867835365142],[-76.99920048516505,39.11731510079209],[-76.9999577075609,39.119458579364284],[-77.00437394920861,39.11946705730631],[-77.00454591660876,39.11881829057157],[-77.00573321326316,39.119339816402025],[-77.00548621354243,39.11693770294769],[-77.00396053150776,39.1160260746418],[-77.00328920947719,39.11355823970231],[-77.00676489693429,39.11544720248192],[-77.00666804464407,39.119146852583306],[-77.013888697555,39.11857605900897],[-77.01813304316099,39.11923282789461],[-77.01890115949426,39.1180009240205],[-77.02315563393346,39.11528225527046],[-77.02384781654321,39.110999454099755],[-77.02257463362567,39.11080249747622],[-77.02452986592226,39.11009191358776],[-77.02556041104542,39.10619915078092],[-77.02428730761447,39.10600221187802],[-77.02122576456563,39.107554661036794],[-77.0191039093456,39.107226348226106],[-77.01893209940269,39.10787513362474],[-77.01477433368693,39.10689400376991],[-77.01766416994741,39.10599049709504],[-77.02021034738836,39.10638449751851],[-77.0204680387403,39.10541131699132],[-77.02156933889793,39.1062570838241],[-77.0234385758287,39.10587091203737],[-77.02318597967769,39.105156469164264],[-77.02768721788125,39.1048397236088],[-77.03143039919792,39.102379539126446],[-77.03338049831753,39.103356446044806],[-77.03609831705106,39.10310131602092],[-77.03525437423343,39.101282468019804],[-77.03594571027357,39.096999611053306],[-77.03128305417886,39.094590202703316],[-77.02932830509398,39.09530089069237],[-77.02483268300657,39.09393006899978],[-77.02457509083635,39.094903256446905],[-77.0237264881816,39.09477195884879],[-77.02323148243592,39.08996782677526],[-77.02145362340839,39.08834197681115],[-77.0217061440742,39.08905642092975],[-77.0179633198918,39.09151630640193],[-77.01565968502561,39.09521196848414],[-77.01445167514015,39.101441046768535],[-77.01199163084331,39.100722541379234],[-77.01421497777041,39.095663705975156],[-77.01226534285566,39.094686499862405],[-77.01362412949236,39.094559173302805],[-77.01405368836818,39.092937231965436],[-77.01600852324418,39.09222678450796],[-77.01626622066259,39.09125361530726],[-77.01287205902007,39.09072816364188],[-77.01304388252746,39.09007938873204],[-77.01694817938555,39.090346119802994],[-77.0202667204318,39.08782060419109],[-77.02129207865913,39.085615515940184],[-77.01968098097817,39.08502847882958],[-77.02189314209247,39.08334476449254],[-77.02285278312515,39.074713575260965],[-77.01979252751053,39.07626598000496],[-77.01944906324017,39.07756354500382],[-77.01664626074412,39.07814269911163],[-77.01672693614822,39.079505930536406],[-77.01545432428532,39.0793089021659],[-77.01460066572767,39.08086516372679],[-77.01213600469609,39.08183428530227],[-77.01119633408096,39.08371491064592],[-77.00975182765576,39.084166595291215],[-77.00856507684408,39.08364511133418],[-77.01000958027969,39.08319344052582],[-77.01001494155021,39.08150581895399],[-77.01137348567707,39.08137851730877],[-77.01163120669607,39.08040535968135],[-77.01290382739404,39.08060242724115],[-77.01579786812934,39.07801134779399],[-77.0153789092934,39.07625804979169],[-77.01945420489804,39.07587592477889],[-77.02090359407849,39.07373650843184],[-77.0222619738933,39.07360908794089],[-77.02167118261832,39.07250459803381],[-77.0233678635763,39.072767214424246],[-77.023716277479,39.06978202120041],[-77.02482209208637,39.06894013532515],[-77.02338301384711,39.06770435923419],[-77.02729110572267,39.06628314684727],[-77.02619532893785,39.06374982018797],[-77.02246917237137,39.06114698034914],[-77.01338614657439,39.062104311808454],[-77.01288146101392,39.060675396372055],[-77.00830239479762,39.05962837103508],[-77.00693882082834,39.06144325339782],[-77.00489881085247,39.06247793446426],[-77.0041365402642,39.06202212366851],[-77.0048183761721,39.061114699569096],[-77.00405612038381,39.06065888839061],[-77.00677244551711,39.06040440149847],[-77.00660607496131,39.05936554956809],[-77.00881237063187,39.059369690051014],[-77.01008997319992,39.05787917136667],[-77.00907542916136,39.05670892763621],[-77.0101812144492,39.05586717402871],[-77.00806632225478,39.053851062788134],[-77.00960148845364,39.05138740487876],[-77.00222118664368,39.050919086313854],[-77.00281703305747,39.050336052615926],[-77.00977324816755,39.05073863910929],[-77.01037438302606,39.048467957624005],[-77.00681591639334,39.04690349978155],[-77.0082704988159,39.04307663195581],[-77.00334350430492,39.0450145622936],[-77.00368710223691,39.04371704933371],[-77.00844225077341,39.04242786896157],[-77.00624191505177,39.04073611277458],[-77.00938683175511,39.03885966954022],[-77.00964442866068,39.037886523375064],[-77.00820622296146,39.03665057825162],[-77.00931708725517,39.03412122792964],[-77.00762135877372,39.033858421482805],[-77.00618871346627,39.03093484744835],[-77.00440719126486,39.03099637656897],[-77.00314097864657,39.029111618051836],[-76.99907382927461,39.02780559987053],[-76.99645595025905,39.02436033607111],[-76.99562529402623,39.01916603911051],[-76.9934259601665,39.017474062516385],[-76.99199420816379,39.01455033273343],[-76.98987519808283,39.01422152649517],[-76.98852958008322,39.01097339128451],[-76.98724059072357,39.01583887742466],[-76.98553351967638,39.01895097299337],[-76.98400418318035,39.019726717657065],[-76.98552166996446,39.022326177490186],[-76.98340246259643,39.02199726037015],[-76.98170109676848,39.02342170325335],[-76.98170711050383,39.02173410064761],[-76.97746878395262,39.02107610012898],[-76.9786603750586,39.01991027332766],[-76.98222291680364,39.01978792843208],[-76.98460586619586,39.017456172878106],[-76.9854594222839,39.015900134587035],[-76.98342635749236,39.0152468540215],[-76.98665080051428,39.01473423210381],[-76.98888497359911,39.00630072885281],[-76.98465342523409,39.00395537713367],[-76.98329628028061,39.00408238500026],[-76.98296447201493,39.00200463801231],[-76.97924302498436,38.99940052912212],[-76.97754210617715,39.00082490979898],[-76.97762196306724,39.002188148440226],[-76.9768604951359,39.00173217495628],[-76.97252494140538,39.00477355929218],[-76.97081750048531,39.00788544692355],[-76.97174474855812,39.00938034770415],[-76.96979799692923,39.008402490347365],[-76.9674021803499,39.01410915642097],[-76.96781328918858,39.017550197361295],[-76.96510482693004,39.016116230413985],[-76.96622962034964,39.01021207674138],[-76.96793098016106,39.00878784892887],[-76.96649405864883,39.00755142687971],[-76.96675211846551,39.00657837482056],[-76.96878479121341,39.007231927477704],[-76.96955256050703,39.006000353226334],[-76.96879110325386,39.00554432997079],[-76.97065803222006,39.00515895865662],[-76.97108802110598,39.00353719120993],[-76.97439801253059,39.00270053485751],[-76.97762806967204,39.00050055185148],[-76.97873944502435,38.99797149015062],[-76.97687886697467,38.996669387022216],[-76.97663323634984,38.99426726838705],[-76.97519645373289,38.99303094991244],[-76.97375352434362,38.99348220912798],[-76.97095985810354,38.99237273024609],[-76.96823962422363,38.994314025318005],[-76.96737960931522,38.997557534661595],[-76.96805497127453,38.99833791724355],[-76.9651751907251,38.9975526584768],[-76.96653860892303,38.995738254078596],[-76.9656976505895,38.99391896831853],[-76.96986087016606,38.99152653198652],[-76.96714698758291,38.99178020897468],[-76.96528677532719,38.99047793337302],[-76.96223529782374,38.99034130502283],[-76.95961398803813,38.988582877786264],[-76.96071931004967,38.987741574026984],[-76.96098386817101,38.98508094534234],[-76.95793918686765,38.98325662029098],[-76.9583693297889,38.981634902469004],[-76.96057326571388,38.98163989950385],[-76.96159893643271,38.979435343762304],[-76.96440478616564,38.97716985106355],[-76.96264390098116,38.97216801367318],[-76.96529025405864,38.96717602068937],[-76.96613726346351,38.96730771438209],[-76.96683774715888,38.961337753806134],[-76.96828008220733,38.96088657718219],[-76.96870986254832,38.959264828955085],[-76.96634103881381,38.958221087648695],[-76.96499750611837,38.95497272545892],[-76.96177555784774,38.9554847803783],[-76.96069022413165,38.95126333876616],[-76.95899660144806,38.95099987185784],[-76.95840776511953,38.94989510340184],[-76.95390915487896,38.95189691501697],[-76.9553381448639,38.95482105556287],[-76.95211613538216,38.955332859616746],[-76.94964139015617,38.9596758898678],[-76.94915219236572,38.95487157225123],[-76.95271828072039,38.953062492035784],[-76.94882158294408,38.95279374966048],[-76.94780948850212,38.95162302555163],[-76.9484117374629,38.94935268008408],[-76.9493445378363,38.94916015280784],[-76.94859057692412,38.9470164280569],[-76.94697632057898,38.948116043317164],[-76.94587827951493,38.94726963832918],[-76.94485944772444,38.94778647219939],[-76.94418480336344,38.947005969365705],[-76.9424052829226,38.94706660826777],[-76.9393486787161,38.94861699927185],[-76.93890430735925,38.95361380709318],[-76.93566100941074,38.95918793296375],[-76.9290440180146,38.96085908073279],[-76.92971862841254,38.96163966745709],[-76.93548172505156,38.961524170428355],[-76.93563978004067,38.964250685399854],[-76.93657986025171,38.96237066917633],[-76.93886930212342,38.96205172395892],[-76.93869711976431,38.96270038226883],[-76.9407283151716,38.96335438982152],[-76.93876920290595,38.96575122294297],[-76.94139613052624,38.9658224985751],[-76.94189875480443,38.967251681890424],[-76.94520057598567,38.968103394564366],[-76.94561722153242,38.96985689722835],[-76.94833036160757,38.969603691822705],[-76.94859530668197,38.966943096874836],[-76.95020321669355,38.96753104373283],[-76.95028252497671,38.96889429292327],[-76.95299561293226,38.96864098555132],[-76.95451756683102,38.969553215971004],[-76.95400137571922,38.9714992576514],[-76.95213522203333,38.97188437647942],[-76.95382264979169,38.97383552583143],[-76.95212852668485,38.97357196429288],[-76.95001763447955,38.97155489224603],[-76.94781400469775,38.971549707775964],[-76.94814467055704,38.97362753877914],[-76.94678802755072,38.97375414694172],[-76.94686727864088,38.975117399582594],[-76.94618552599749,38.97602449265879],[-76.94425376664641,38.97167106459195],[-76.94137529817505,38.97088525693919],[-76.94154747602826,38.97023659412728],[-76.93892038893658,38.97016532165087],[-76.93757082718805,38.96860424272585],[-76.93494380291499,38.9685328860792],[-76.93106070960253,38.96488841462716],[-76.93088126353753,38.9672246473988],[-76.92935243169525,38.967999712559326],[-76.92806750085403,38.971176964498056],[-76.92654584459058,38.970264409484116],[-76.92493073956699,38.97136374157217],[-76.92289946261846,38.97070947464177],[-76.92272711744356,38.97135811161265],[-76.92297826291815,38.97207274187266],[-76.92721324237256,38.97273259707502],[-76.92695477394325,38.97370556174587],[-76.92526075123612,38.97344163343335],[-76.92508842063675,38.97409027394911],[-76.92711981162711,38.97474450537884],[-76.92736374196934,38.9771467144395],[-76.92957475858117,38.97546467460757],[-76.93026391562303,38.97287008603538],[-76.93289823323164,38.971253955221336],[-76.93552535371916,38.97132535520196],[-76.9349225209258,38.97359564539318],[-76.93601376250442,38.976129738175615],[-76.93855495350898,38.9765254019508],[-76.94076569256582,38.974843162905515],[-76.94330686447557,38.975238729299505],[-76.94033519750958,38.97646481801502],[-76.94024212475459,38.978476737312064],[-76.94329306338722,38.978613906093535],[-76.9442193730134,38.98010900552221],[-76.94905071533074,38.9801853675679],[-76.95294220346561,38.98214169385869],[-76.95302157898664,38.98350494430262],[-76.94913001581443,38.9815486200918],[-76.94658176706832,38.98284076243799],[-76.94446388582655,38.98251118288931],[-76.94387501515409,38.98140634031739],[-76.94251821969871,38.98153290195167],[-76.93676765455139,38.978273548507836],[-76.93777291304515,38.98113195624505],[-76.93640199024325,38.984633630276356],[-76.93478671519023,38.98573309303467],[-76.93783091955535,38.98755798669268],[-76.9384127332278,38.99035045036308],[-76.94019331560966,38.99028986833661],[-76.94010022124613,38.992301791800976],[-76.94103359424332,38.99210932578487],[-76.94162250839385,38.993214183665856],[-76.94848683736872,38.99394453052626],[-76.95043965230876,38.99323512652308],[-76.95036031454946,38.991871872376464],[-76.95188942417298,38.99109654558584],[-76.95163122050069,38.99206956435425],[-76.95256456000867,38.99187701164001],[-76.95382881426927,38.9937622741727],[-76.95721802533726,38.99428932932952],[-76.95780720290227,38.995394110785874],[-76.95754906312344,38.996367142517265],[-76.95568229034681,38.996752316162535],[-76.95558961605859,38.998764253256404],[-76.95263725356084,38.99492785774571],[-76.95051899304126,38.99459838090972],[-76.95017467893533,38.99589573609105],[-76.93958348311382,38.994247780252174],[-76.93923897566859,38.99554510502087],[-76.94008626816046,38.99567697710482],[-76.94168086457104,38.99964022438562],[-76.94048901296564,39.000805692417934],[-76.9432033250986,39.000552597918904],[-76.94233519471429,39.00548353251815],[-76.94615541834776,39.004389221203965],[-76.94979659370193,39.0056310664225],[-76.95285537080099,39.00408040460998],[-76.95556314345636,39.005514635949154],[-76.95539100708424,39.00616332174465],[-76.95318632853136,39.00615823265756],[-76.95335181448662,39.00719714661023],[-76.95131928139537,39.00654334129238],[-76.94885629601356,39.00751119527448],[-76.94419537976013,39.00678615513642],[-76.94266585832801,39.00756138906575],[-76.94181148476348,39.00911713091894],[-76.94255896858311,39.012948514767075],[-76.94425397412915,39.013212208563225],[-76.94399558980771,39.0141852148758],[-76.9481335162051,39.01854389399659],[-76.94676921135935,39.02035810287337],[-76.94898109274551,39.01867570585559],[-76.94948423132924,39.020104870252034],[-76.95186153478276,39.01946134295485],[-76.9542454467162,39.017130170289825],[-76.95670209279797,39.017849807670565],[-76.95772182186438,39.017332870994075],[-76.95550356213417,39.02070302384627],[-76.9536361538869,39.02108816823816],[-76.95211313262088,39.02017591962238],[-76.95168262225268,39.02179762570312],[-76.95024571995518,39.020561012994],[-76.94922589249344,39.02107788854715],[-76.94870241452671,39.024711525261736],[-76.9496429385765,39.022831392291046],[-76.95091438359302,39.02302909259611],[-76.95158309261582,39.02549716960783],[-76.95523867394054,39.02336365600103],[-76.95752995398381,39.023044363442],[-76.95574196792602,39.0247927961475],[-76.95615919242559,39.02654627908511],[-76.95319232139369,39.02608508316236],[-76.9530201151842,39.02673376785442],[-76.95149698341423,39.02582151082735],[-76.95123865120101,39.026794534232906],[-76.95411943919882,39.02758012001747],[-76.95198681340983,39.03062587247097],[-76.95342394419364,39.031862467108496],[-76.95469555739162,39.03206012899838],[-76.95554992486363,39.030504292613735],[-76.95843090639363,39.03128977887463],[-76.9605567768041,39.02993151880314],[-76.96182837562048,39.03012910759635],[-76.9630935350797,39.032014287471206],[-76.96529899821418,39.032019200640306],[-76.96658337730973,39.02884153276175],[-76.96734506466122,39.029297571300525],[-76.96913288249347,39.027548970231614],[-76.96871533943408,39.025795530604405],[-76.9702386866216,39.026707576428464],[-76.97253000613,39.02638800692632],[-76.97304609101697,39.024441871337054],[-76.97337771828066,39.0265196524261],[-76.97592087314618,39.02691455422276],[-76.97787430570875,39.02620471486689],[-76.97812008520238,39.02860684348909],[-76.97744433413637,39.027826511825765],[-76.97091434997083,39.02748794715198],[-76.96614676291738,39.032150895624035],[-76.96427911706807,39.03253620080455],[-76.96706151544277,39.03702104825136],[-76.96875717093644,39.03728440859513],[-76.96747273770488,39.04046210350198],[-76.9684003324558,39.04195703736696],[-76.96993030299404,39.041181481988396],[-76.97145398777863,39.042093515282545],[-76.97366595911852,39.040410672465256],[-76.97221584450533,39.042549524974106],[-76.97271960499931,39.04397860093007],[-76.97441544324732,39.044241884340735],[-76.97297149267254,39.04469313827396],[-76.97364114971347,39.04716110551292],[-76.97576104640532,39.04749019061431],[-76.97626491082009,39.04891925341297],[-76.97719891488303,39.04872651366892],[-76.97736484087628,39.04976540298506],[-76.98049880572628,39.051264908645],[-76.97964472823895,39.05282092215626],[-76.98287086447394,39.05230839516152],[-76.9837989270127,39.053803217085225],[-76.97947269474157,39.053469646473005],[-76.9801366004577,39.05762519484467],[-76.9840330706898,39.05958057120936],[-76.98368904695674,39.06087803337963],[-76.98767177912544,39.062508931163514],[-76.98842809059647,39.064652457918214],[-76.99122480151435,39.06576155705428],[-76.99648599289618,39.06590183378305],[-76.99732855469162,39.06772093290175],[-76.99274926873221,39.06667333304004],[-76.99130498638003,39.06712480186891],[-76.99400440236151,39.07193344406545],[-76.996801478547,39.0730424191372],[-76.9995930374827,39.07583895030594],[-76.99933517146076,39.07681208214604],[-76.9980626539437,39.07661487578008],[-76.99822894186103,39.07765374237677],[-76.99754686850198,39.07856113302304],[-76.99527112409264,39.0738183098376],[-76.99281220445751,39.07309942860132],[-76.9922160911605,39.07368241667252],[-76.99264600438664,39.07206055562058],[-76.99070310147042,39.06939539853544],[-76.99070890999472,39.06770778207986],[-76.98808412131125,39.06594993343101],[-76.98698971609471,39.063416261375394],[-76.98325900001974,39.06249986017386],[-76.9818267701118,39.05957599069167],[-76.97945448920048,39.05853248290128],[-76.97953444535197,39.05989573354257],[-76.98148270701982,39.06087344675131],[-76.98088056705332,39.063143993283624],[-76.97935025107799,39.06391968651939],[-76.97917211268755,39.0662560266555],[-76.97764171295806,39.06703169928081],[-76.97839777568265,39.06917528881766],[-76.97576092089865,39.07079241146645],[-76.97694722640591,39.071314207407084],[-76.97633257287093,39.07695997186231],[-76.97879146008134,39.07767917968869],[-76.97741457436877,39.08286898339572],[-76.9833532980564,39.083790156077335],[-76.98343335514312,39.08515341045134],[-76.98809968913531,39.08587698719009],[-76.98784163357269,39.086850096974096],[-76.98928048644262,39.08808628894004],[-76.9914876531511,39.088090737108914],[-76.99038116094776,39.08893232923335],[-76.99224434346615,39.090234250653936],[-76.9922385688037,39.09192187416986],[-76.99664746347648,39.09361825050987],[-76.99706607039094,39.09537161728215],[-77.00079864847572,39.09628760939886],[-77.00215194027473,39.09784803399998],[-77.00171653142887,39.10115756259086],[-76.99849961922494,39.09829533025779],[-76.99909588404552,39.09771230937992],[-76.99680243205889,39.09803237307893],[-76.99503067748503,39.09471851760606],[-76.99274306542095,39.09335088159387],[-76.99129825273552,39.09380235256329],[-76.98978489825383,39.08951530734319],[-76.98707332000555,39.088081801575775],[-76.98656897147104,39.08665277255085],[-76.98308919962997,39.08645087698898],[-76.98224677713415,39.08463167510984],[-76.97622193088027,39.084034811083235],[-76.97477720080313,39.084486089224775],[-76.97426073582841,39.08643225258707],[-76.97544728589617,39.086954064346386],[-76.97485091962953,39.08753697059167],[-76.97603134106912,39.08974639887543],[-76.97798035599055,39.090724172333985],[-76.9794069721319,39.09533572678859],[-76.98152227653357,39.097352341084466],[-76.9788905540489,39.0972819133435],[-76.97847237475565,39.095528484761935],[-76.97702743010882,39.0959797900327],[-76.97729178515092,39.09331907726524],[-76.97433443494431,39.089483135365306],[-76.9726562292949,39.08415698514005],[-76.96593620780473,39.08784211577084],[-76.9625231762624,39.09237815513491],[-76.96674642569837,39.09809954507429],[-76.96648804072201,39.09907261273192],[-76.96911350349477,39.10083092830538],[-76.96885514050861,39.101804001388494],[-76.97445709930926,39.10233540670342],[-76.97504741529157,39.10344012708919],[-76.98022523059517,39.103905455399875],[-76.98039132589679,39.104944351157364],[-76.98463457200377,39.10560226169747],[-76.98301733736535,39.106702375037415],[-76.98445054435415,39.10962625632975],[-76.98283921200259,39.109038739016086],[-76.98156015053745,39.110528991524646],[-76.979782721141,39.10890253929974],[-76.98029919793127,39.10695634472067],[-76.97750106792375,39.105846991168555],[-76.97731052145974,39.11155860453499],[-76.97577914739314,39.11233426079089],[-76.97594519837868,39.113373164177446],[-76.97390949101126,39.112719716415135],[-76.97322678460537,39.11362697956059],[-76.9719536930759,39.11342950448012],[-76.9734052303867,39.11129062729209],[-76.9718800696547,39.110378606394455],[-76.97494278589735,39.108827371775746],[-76.97503506458827,39.10681538146066],[-76.97393429787022,39.10596920241159],[-76.97478912250828,39.10441321298835],[-76.9696974267811,39.10362329990546],[-76.96859044559818,39.104464700489444],[-76.96884882159215,39.1034916274617],[-76.96689958705905,39.10251370845465],[-76.96538109170913,39.09991398400701],[-76.96393597853293,39.100365137469126],[-76.96386270502954,39.0973142422971],[-76.96039551549576,39.09373646396083],[-76.95749229087674,39.09801388406691],[-76.95765146885789,39.1007404336074],[-76.95432350519741,39.10495190877008],[-76.95643839322342,39.10696895354755],[-76.95507927448722,39.10709565525912],[-76.954820701232,39.10806870033178],[-76.95794357011398,39.11294404734654],[-76.95573565042466,39.11293900346348],[-76.95556988947443,39.11190007319737],[-76.95353440672977,39.111246292030316],[-76.953793008526,39.11027324903587],[-76.95252002863145,39.11007557509852],[-76.9526991316481,39.10773925421098],[-76.95100188983655,39.10747567126228],[-76.95270582610651,39.10605162760849],[-76.95416444288814,39.102225352779996],[-76.94864206512867,39.10305631432476],[-76.9523878300329,39.100598511559596],[-76.95501964687479,39.1006695004425],[-76.95587481423303,39.099113642682774],[-76.95486056781623,39.097942947569756],[-76.95537763426012,39.09599686066471],[-76.95921550470239,39.09152688556033],[-76.96048817784092,39.091724490245596],[-76.96049468991689,39.0900368683614],[-76.95879783332519,39.08977339272597],[-76.9562591817502,39.0876905149416],[-76.95973893828818,39.08789316172518],[-76.96160154503971,39.08919554216695],[-76.96288064028496,39.08770550106222],[-76.96229063710318,39.08660072619103],[-76.96441163298392,39.0869300073181],[-76.96611482467101,39.085505785424935],[-76.96781160813161,39.08576916095838],[-76.97044918326976,39.08415220256284],[-76.96994518892943,39.082723107144034],[-76.9753797083106,39.082215563476645],[-76.97615430549948,39.0792963131923],[-76.97412574517034,39.07695525457859],[-76.97456226540206,39.07364583768283],[-76.97380006798132,39.073189839873976],[-76.97507863144176,39.071699677636516],[-76.97466069130039,39.0699462445331],[-76.97364034454463,39.07046332499802],[-76.97084372109654,39.06935382914275],[-76.97151978739484,39.07013420236051],[-76.97041333737442,39.07097561392691],[-76.96931316726257,39.070129399618246],[-76.96625196160046,39.0716804843363],[-76.96497962377686,39.07148293939908],[-76.96693436105728,39.070773266638156],[-76.9677889216046,39.069217335554605],[-76.96999551394607,39.06922216536419],[-76.97000180325861,39.0675345499693],[-76.97305031778295,39.0693586047047],[-76.9762772345709,39.068846247445315],[-76.97670747484345,39.06722444297749],[-76.97501726473806,39.06527357482901],[-76.97587158760335,39.06371758970286],[-76.97773997316571,39.06333210810453],[-76.97936239412674,39.06054445851671],[-76.97657220087495,39.05774748064806],[-76.97767837826576,39.056906016234535],[-76.97649844001951,39.054696616759905],[-76.97922678650043,39.05106751030472],[-76.97566886310557,39.04950215958772],[-76.97516500636705,39.04807309422657],[-76.97304509537688,39.04774399892001],[-76.97128190658366,39.04274222704572],[-76.96967216289629,39.042154546251886],[-76.96941401588904,39.04312761014165],[-76.96746004606683,39.04383731844849],[-76.96662487369586,39.04033041738304],[-76.9673133234128,39.03773559621504],[-76.96410057133403,39.03487250653085],[-76.96444482153586,39.03357510448195],[-76.96190797010958,39.03149236286623],[-76.96021247448382,39.031228909276095],[-76.96240498895092,39.03460908272305],[-76.96265028581308,39.03701124533248],[-76.959902075692,39.04570280098465],[-76.96057780461788,39.04648323046413],[-76.95938548804602,39.04764888896305],[-76.96098227650216,39.05161192244256],[-76.96055177782331,39.053233667941086],[-76.96139978131913,39.05336539580954],[-76.9586770098336,39.05530650100736],[-76.95970377740069,39.053101934287234],[-76.95785526892955,39.04842431531598],[-76.95812015267305,39.045763666278376],[-76.96145815778355,39.038176921825816],[-76.96147112701944,39.03480171076644],[-76.96054376599689,39.033306726983206],[-76.95698711383439,39.03174084599348],[-76.95435114042024,39.03335750368505],[-76.9530795054713,39.033159838225295],[-76.95325172636876,39.03251115275079],[-76.94799303481435,39.03236904625343],[-76.94876142161634,39.031137595511254],[-76.94774823778202,39.029966856611566],[-76.94911269846806,39.028152634079376],[-76.94674191216137,39.02710850736782],[-76.94904011956201,39.02510176951658],[-76.94488803001964,39.02411831720242],[-76.94455722764147,39.02204046095712],[-76.94311353266995,39.02249136608959],[-76.94481563235621,39.021067452221175],[-76.94269664596048,39.0207378405201],[-76.94388878882032,39.019572347533014],[-76.9426174233339,39.01937457540858],[-76.942452063004,39.01833564509723],[-76.94024701640937,39.01833032622703],[-76.93669153364719,39.01676386794924],[-76.93804197013843,39.01832496819961],[-76.93701503696136,39.02052934278011],[-76.93557132523154,39.02098016011325],[-76.937266492622,39.02124394964641],[-76.9372594477098,39.022931549778505],[-76.93546389022798,39.02636729154259],[-76.93351003954294,39.02707646373186],[-76.93205900991073,39.02921484240458],[-76.93333051871036,39.02941272295401],[-76.93238948780296,39.031292734415956],[-76.93347437298057,39.035514476299774],[-76.93219559329448,39.03700420084589],[-76.93362538262924,39.03992863056309],[-76.93293570993266,39.042523265814836],[-76.93420745385409,39.04272113783464],[-76.93326627337233,39.04460116020105],[-76.93394170612187,39.04538173439607],[-76.9350552869805,39.04285304528456],[-76.9375988048166,39.04324873293001],[-76.937677959356,39.04461200673191],[-76.93886356428548,39.04513416378928],[-76.94463326466514,39.045018240298646],[-76.94140023149538,39.047217380915505],[-76.93979063034631,39.04662931244342],[-76.93961825590279,39.04727798081289],[-76.93529970802275,39.04525526520126],[-76.93529261513083,39.04694287208407],[-76.93317291777409,39.04661309643016],[-76.93282804780027,39.04791041462971],[-76.93333820981948,39.047652044058964],[-76.93409988566268,39.048108287935605],[-76.93129035385718,39.05037312149861],[-76.93366880808307,39.04972993921938],[-76.93443762099082,39.048498573449834],[-76.93570947352279,39.04869643029641],[-76.93731908742492,39.04928455186124],[-76.93815997599955,39.05110404648813],[-76.94036601649822,39.0511094024409],[-76.94298911522145,39.052868254272965],[-76.9460431810655,39.053005357153296],[-76.9453606877018,39.05391245722849],[-76.94671200045046,39.055473473043065],[-76.94764616703347,39.05528095528758],[-76.94729469886792,39.0582659265184],[-76.950931861221,39.06119536154073],[-76.9505010815516,39.062817074947425],[-76.94829468499573,39.06281189896021],[-76.94450582705404,39.05546822977777],[-76.9387423108904,39.0538965379179],[-76.93721174010919,39.05467171080556],[-76.93704637674504,39.05363276705849],[-76.93492647637066,39.05330302094443],[-76.93476114877873,39.05226407440532],[-76.9327275229344,39.05160995979006],[-76.93162090596226,39.052451023094804],[-76.93118974733262,39.0540726670059],[-76.93237545995076,39.05459488685011],[-76.93067233158534,39.05601863833388],[-76.931002891696,39.05809654363596],[-76.92887564548184,39.05945430434574],[-76.92979546668474,39.06263714250616],[-76.9291916976096,39.06490743891812],[-76.92978102158284,39.066012366466744],[-76.93190126928897,39.06634220112422],[-76.93402866056579,39.06498438694182],[-76.93716238727528,39.06648498976978],[-76.93818293761352,39.065968209248204],[-76.93877240686757,39.067073094356445],[-76.94572986765857,39.067479268189516],[-76.9459815714312,39.068193863196164],[-76.94453696854632,39.0686447884813],[-76.94012382279833,39.068634185485124],[-76.93986518615822,39.06960719245938],[-76.94291303113755,39.071431987166974],[-76.94256129046613,39.07441695363778],[-76.94443012765836,39.07403197222096],[-76.94714034032376,39.07546640446182],[-76.94730589766883,39.07650533883116],[-76.94238887484494,39.07506562905701],[-76.94172002197611,39.072597481247826],[-76.93867215807579,39.07077265689291],[-76.93901703221523,39.069475317216934],[-76.93690371863865,39.067457990202755],[-76.93070816710352,39.06750758840506],[-76.93095252737777,39.06990982732149],[-76.92906924513218,39.07366983429131],[-76.93246200296427,39.074197572545096],[-76.93144129638857,39.07471430684519],[-76.93168570512833,39.07711654746118],[-76.93320966325561,39.0780290556397],[-76.93507864286683,39.07764421460856],[-76.93694054493547,39.078946962099124],[-76.9408439631948,39.07921608309823],[-76.93880251375866,39.08024968200479],[-76.94057832498245,39.081876711163005],[-76.9365955887767,39.08024429825118],[-76.93719220199898,39.079661576397534],[-76.93185104529117,39.07815550271983],[-76.93402227847159,39.08659905955753],[-76.93622232092928,39.08829210848894],[-76.9361289910479,39.09030406275433],[-76.9388396467775,39.09173868034333],[-76.93824294760104,39.09232141141312],[-76.93553228191382,39.090886780654394],[-76.93433883493269,39.092052208051136],[-76.93486351631407,39.08841858874408],[-76.93393601847956,39.08692339208981],[-76.9324047007559,39.087698510390474],[-76.93326019965491,39.086142812045956],[-76.932764078389,39.08302594724411],[-76.93057148198491,39.07964522177841],[-76.9306721553833,39.075945659823475],[-76.92872417351289,39.07496714733777],[-76.92615036175852,39.08132173946081],[-76.92707034039196,39.084504610417895],[-76.92442443819233,39.08780826678976],[-76.92730007239466,39.09028210260222],[-76.92644439715038,39.0918377611207],[-76.9275371189277,39.09437197917734],[-76.92923396946894,39.09463588180058],[-76.93083734743477,39.09691171405964],[-76.93431035383422,39.098802695624464],[-76.93371356031236,39.099385405727325],[-76.93015425178183,39.09781873785027],[-76.92897509443353,39.09560887077089],[-76.92770243903442,39.095410943286936],[-76.92701202813922,39.0980055716144],[-76.92920501302521,39.10138637149426],[-76.92816937350386,39.10527832997039],[-76.92918329216079,39.10644924445688],[-76.92757247752692,39.10586101131001],[-76.92604069271347,39.10663605398006],[-76.92827020474607,39.101578752204446],[-76.92590463832154,39.098846591117606],[-76.92658779669098,39.09793959050387],[-76.9248908786036,39.097675651592006],[-76.92727822210894,39.095344964565086],[-76.92501387540811,39.08891322157638],[-76.92339610987602,39.09001255563562],[-76.92212356769487,39.08981457124096],[-76.92100881705312,39.09234316576243],[-76.91956357909937,39.09279380269874],[-76.91972878159754,39.09383277710077],[-76.91692455821132,39.09440968355725],[-76.91573075491267,39.095574933036346],[-76.91555049310884,39.09791119505762],[-76.91360212599494,39.09693244154273],[-76.91155979129267,39.097965596319334],[-76.91471720481118,39.09440391127194],[-76.91718359034482,39.09343671991144],[-76.916601767124,39.090644107461564],[-76.91796064512262,39.09051782680283],[-76.91812581952549,39.09155680289107],[-76.92041941291893,39.09123819127413],[-76.92127521009347,39.08968257441048],[-76.91983748294206,39.08844559512264],[-76.9233171738338,39.088649261628404],[-76.92341085632435,39.08663731762266],[-76.92476964755625,39.086510962616885],[-76.92409393103652,39.08573033279416],[-76.92546735415262,39.08222873485101],[-76.92461907903665,39.08209676102991],[-76.92573354688476,39.07956813894604],[-76.92532407968429,39.07612692201857],[-76.9272003359107,39.074054584665376],[-76.9279767811821,39.07113563939885],[-76.9263740614077,39.0688597810882],[-76.92739472179063,39.06834308895867],[-76.92697795132221,39.06658949675935],[-76.92579208181755,39.06606722428686],[-76.92656120096338,39.06483590371453],[-76.92469250560602,39.065220615756466],[-76.9273812425966,39.05179130968982],[-76.92908433638148,39.05036760438031],[-76.92823642645607,39.05023565600315],[-76.92765452441516,39.04744311712948],[-76.92825819646116,39.04517283516542],[-76.92927851093413,39.044656129721496],[-76.92919951383742,39.043292850562196],[-76.93115384233974,39.04258374423823],[-76.92761191101643,39.03764181025441],[-76.92821550302403,39.03537153231767],[-76.92703013373986,39.03484927450579],[-76.92627594223103,39.03270538558591],[-76.92654192410153,39.03004481118352],[-76.92425763508442,39.02867593085779],[-76.92561534185938,39.028549567895304],[-76.92741869212591,39.02342636712076],[-76.93056489296123,39.02155192576094],[-76.93014831418554,39.01979835835139],[-76.9324395919848,39.01947952893988],[-76.9313406427177,39.01863298602428],[-76.93425646454254,39.010981042064685],[-76.93162791306027,39.010909614764515],[-76.9306152867498,39.00973874001706],[-76.93368889838104,39.004813358516714],[-76.93268347311992,39.00195490714736],[-76.93336563711225,39.00104788460921],[-76.93184328960537,39.00013539036104],[-76.93279107795209,38.99656779945757],[-76.93144833513546,38.9933190553589],[-76.93391107162002,38.992351548917235],[-76.93187912798489,38.99169742688712],[-76.9323099016319,38.990075797330384],[-76.93044315673055,38.990460591031585],[-76.92858363528191,38.98915776573903],[-76.92747792024717,38.989998783458994],[-76.92797318072553,38.99311561988712],[-76.92582585531021,38.999536091908595],[-76.92709682844047,38.999734035319214],[-76.92726192720063,39.00077298294255],[-76.92505741407392,39.00076739434672],[-76.9232618273851,39.00420294725127],[-76.92046851991644,39.003092330276175],[-76.91850766997005,39.005488858082416],[-76.91977872718878,39.00568687660487],[-76.91994373493958,39.006725834944845],[-76.91765280411195,39.00704443312043],[-76.91704911749639,39.009314649058744],[-76.92026632663645,39.01049134719418],[-76.91941143959656,39.01204693559696],[-76.92008642136527,39.012827580860154],[-76.9227150308094,39.012899252523596],[-76.92101268966667,39.01432286151089],[-76.9210915018529,39.01568613924063],[-76.923124018624,39.01634044036201],[-76.92277911295376,39.017637724029186],[-76.9209116102377,39.01802237608143],[-76.92192419565916,39.0191933315478],[-76.9205592249049,39.02100725258299],[-76.91597644885293,39.02164443085876],[-76.91716903471654,39.02047919426842],[-76.91937414471447,39.02048492295865],[-76.9199778514725,39.01821469158405],[-76.91752155661999,39.017494327648926],[-76.91735655903864,39.016455364274776],[-76.91888653720477,39.015680441052986],[-76.91677534494782,39.01366279036862],[-76.91720658539818,39.01204120757924],[-76.91440549525352,39.0126180488934],[-76.91346419249386,39.0144979116924],[-76.91024691619404,39.013321036535025],[-76.90871689561916,39.014095852999006],[-76.91008203198776,39.012282064205465],[-76.90983087438549,39.01156740336931],[-76.90786944549001,39.01396376641595],[-76.90753201308465,39.013573410954166],[-76.9061745544656,39.01369957590653],[-76.90963526103003,39.017278815688904],[-76.90768140273136,39.01798758041731],[-76.90724217340185,39.021296729581614],[-76.90927472235622,39.021951258000655],[-76.90892954304192,39.02324850438432],[-76.90723443178895,39.022984327940826],[-76.906449907787,39.027590718689865],[-76.90848262552413,39.028245260760905],[-76.90831001540397,39.028893883617116],[-76.90992664935305,39.027794757841995],[-76.91263445809719,39.029229930913395],[-76.91041374611221,39.032599284585714],[-76.90787074880478,39.032203041014284],[-76.9062695163465,39.02992693890129],[-76.90472350223853,39.03407691066891],[-76.90336565599146,39.03420304534385],[-76.90590869869185,39.03459938129349],[-76.90479423068916,39.03712780541233],[-76.91284764290289,39.0383825986965],[-76.91480199887083,39.037673750253425],[-76.91427668112681,39.04130725176933],[-76.91671870092271,39.04540289295761],[-76.91654612354567,39.04605152915418],[-76.9133274010928,39.04487472759892],[-76.91139578000502,39.040520739984444],[-76.90800474655698,39.039992429751045],[-76.90775351365555,39.039277761411206],[-76.9069843463758,39.040508960025086],[-76.90571271528512,39.04031080936784],[-76.90365620532715,39.044719032154084],[-76.90645085523009,39.04583003506447],[-76.90593283600215,39.04777590048968],[-76.90974045725585,39.05005791369991],[-76.90922249595202,39.052003794274235],[-76.90676516606057,39.05128321344767],[-76.90583871990344,39.04978781720119],[-76.90506940899938,39.05101900619361],[-76.90667882637435,39.05160752498247],[-76.9075112362942,39.055114835291526],[-76.90895579987527,39.05466434158635],[-76.91275625961042,39.058633873884794],[-76.91392673362714,39.0625314900492],[-76.91256074945602,39.06434533666572],[-76.91519877583967,39.062729557379676],[-76.91705993952885,39.064032599176535],[-76.9140841996928,39.065258077248814],[-76.91390396015255,39.06759432382144],[-76.91263183633018,39.06739624306159],[-76.91117938751594,39.06953439271976],[-76.90931048996588,39.069918873742175],[-76.91176847516357,39.07063940660176],[-76.91031593613668,39.07277754742081],[-76.91251500788164,39.074471011627665],[-76.91132146140524,39.07563621444761],[-76.91283751537689,39.078236587048146],[-76.91035623730306,39.082578921226954],[-76.91272068952478,39.08531136982245],[-76.91093009331591,39.08705917629648],[-76.90992442537932,39.08420050009814],[-76.90763100811849,39.084518917635464],[-76.90985343573232,39.08114958281965],[-76.90807833026562,39.07952211494029],[-76.90969609396628,39.078422982404916],[-76.90902061457051,39.077642271806525],[-76.90638967689624,39.0775703093938],[-76.90759107340854,39.07471753946105],[-76.9084392314605,39.074849629326856],[-76.90768517328083,39.072705612496755],[-76.90880008625251,39.07017714664467],[-76.90803833797816,39.06972074587138],[-76.90956953674159,39.06894593036123],[-76.91009528954373,39.065312431138445],[-76.9117990386853,39.063888959425526],[-76.91155533163806,39.06148668548606],[-76.90994565605054,39.06089822884801],[-76.91003967286531,39.058886305097964],[-76.90851640694879,39.057973515962026],[-76.90638874438996,39.05933089158625],[-76.90579983016299,39.05822585443864],[-76.90674189734207,39.05634603579143],[-76.903781949492,39.05419604932063],[-76.90286337400578,39.05101302344086],[-76.89988792782282,39.05223815867836],[-76.90073580961486,39.05237030059],[-76.8999663849613,39.053601458535034],[-76.90071212062739,39.0574331227616],[-76.90198403760816,39.05763132520294],[-76.89985626309314,39.058988588871195],[-76.90035871479722,39.06041796198468],[-76.89865482299044,39.061841275931975],[-76.89957335102022,39.06502433902577],[-76.89821491770829,39.06515041807152],[-76.89804212832145,39.065799030804634],[-76.90016222566744,39.06612940702454],[-76.90040557172007,39.06853170529235],[-76.8979477704653,39.067810947943904],[-76.89760217118975,39.06910817312289],[-76.89878788769437,39.06963071490342],[-76.89877994462631,39.07131832685858],[-76.90115148373532,39.07236337709382],[-76.90063313349921,39.074309229584536],[-76.89927452847782,39.07443532042743],[-76.89580359831879,39.0725433687108],[-76.8966597022023,39.07098792674276],[-76.89496352214312,39.070723580616885],[-76.89446110529975,39.069294183048655],[-76.89285139523005,39.068705504128246],[-76.89275688991249,39.07071741837621],[-76.88986690594677,39.07161801486739],[-76.89045568643064,39.072723130177316],[-76.88806790534623,39.07505310004276],[-76.88805971275129,39.07674071296492],[-76.8844077529732,39.07718465495279],[-76.88390549907996,39.07575521303493],[-76.8870550872024,39.07388185722501],[-76.88850833256411,39.07174398794095],[-76.88800603562092,39.07031456401216],[-76.8890351584641,39.06811057608798],[-76.88690683538054,39.06946762051223],[-76.88547009310162,39.068230248350105],[-76.88470024197427,39.06946131520173],[-76.88565124813076,39.06589404286004],[-76.88404168471968,39.0653052501748],[-76.88318537775204,39.06686060360221],[-76.88004437214062,39.06704624901492],[-76.87961197625064,39.0686677178887],[-76.87757838811619,39.06801269868296],[-76.8718761368322,39.071176439467294],[-76.87469682584015,39.06722533208196],[-76.87767331005422,39.06600079698513],[-76.87699829009034,39.06521991413247],[-76.87776822673759,39.063988895941236],[-76.8798100869653,39.06295630288483],[-76.87931641585783,39.05983923834673],[-76.88109874930424,39.05977950337078],[-76.8807528875321,39.061076679801765],[-76.88228419498955,39.06030220175343],[-76.88288939072211,39.05803213541604],[-76.8804321181811,39.05731103296417],[-76.87957582815355,39.058866359298705],[-76.87694559931774,39.05879377377292],[-76.87583822776175,39.059634341094004],[-76.87568220840592,39.056907708373224],[-76.87712700478394,39.056457584651014],[-76.87594165887691,39.0559348374185],[-76.87586364976623,39.05457152187398],[-76.8792551295272,39.05510071089537],[-76.88087278548342,39.05400195844443],[-76.88290601136728,39.054656922103156],[-76.88155608419027,39.0530952128408],[-76.88223936585197,39.05218846362325],[-76.87986037654353,39.052830661397756],[-76.87893446412347,39.05133506416007],[-76.88182377721884,39.05043472519062],[-76.88419439130715,39.05148009513967],[-76.8843672702056,39.050831503314654],[-76.88640043889994,39.05148640941787],[-76.88750756421817,39.05064574916673],[-76.8920843213921,39.0516972240321],[-76.89302665860228,39.04981751156084],[-76.89235162399646,39.04903671436184],[-76.89354503780064,39.04787169928371],[-76.89532706614732,39.04781176031763],[-76.89549983700705,39.047163153419014],[-76.89219500808595,39.04631010748567],[-76.88955706632392,39.04792539364171],[-76.8889766684478,39.045132674937015],[-76.88693543897897,39.04616541539824],[-76.88117390591981,39.04459105558386],[-76.88170090158935,39.040957692240696],[-76.8843304899599,39.04103017687568],[-76.88703828629333,39.04246591121579],[-76.88814526688398,39.04162524659504],[-76.89077488581314,39.041697594807594],[-76.89203840392197,39.04358350169983],[-76.89517034129084,39.04508515777344],[-76.89721142345213,39.04405228218906],[-76.89791830540405,39.038082639234545],[-76.89664674145833,39.03788439584438],[-76.8986091854312,39.03548820055682],[-76.89667070711933,39.03282159155978],[-76.89514013159776,39.03359624322635],[-76.89700019014167,39.03489957886183],[-76.89631725501188,39.03580640655174],[-76.8931856935984,39.034304781785245],[-76.89139588391157,39.036052290941235],[-76.88707113376772,39.03571550370852],[-76.89013251332821,39.03416637994084],[-76.89175764126415,39.031379889618],[-76.89353926694395,39.03131997646499],[-76.89474040347373,39.0284673539277],[-76.8981308031172,39.02899602526214],[-76.89795809888479,39.02964463380815],[-76.90024982792545,39.0293263978671],[-76.8998497629195,39.02419752869424],[-76.8984057481038,39.0246479141694],[-76.8999440115766,39.0221856252744],[-76.8989317384068,39.02101449002159],[-76.89765250621,39.02250385519519],[-76.89749574871051,39.01977726726567],[-76.89393306643818,39.01989718130683],[-76.89442709287316,39.02301416635589],[-76.8925593022353,39.02339839232268],[-76.89332046817775,39.02385488431699],[-76.8916955682805,39.02664139157333],[-76.88830532520221,39.026112544767464],[-76.88795975209008,39.02740973372876],[-76.88651559986711,39.02785998118161],[-76.88466417521522,39.02486889217355],[-76.88414572236711,39.02681465975641],[-76.8860054104032,39.02811815855521],[-76.88565978673498,39.02941534155151],[-76.8872603628099,39.03169170914136],[-76.88242566446698,39.03161294098073],[-76.88156971968726,39.033168274146085],[-76.88098139450864,39.03206312439526],[-76.88149996944205,39.030117368312496],[-76.88303061702871,39.02934288520561],[-76.88261513986912,39.02758915627905],[-76.88201851662558,39.028171610700916],[-76.87913848492195,39.027384352535194],[-76.87845539764992,39.02829108084489],[-76.87668228513202,39.02666317970741],[-76.87032582273714,39.02567074759253],[-76.86997993102625,39.02696788640297],[-76.87175290093647,39.02859588331461],[-76.87208165277156,39.030673935169546],[-76.87088817737767,39.03183874058895],[-76.87120834011805,39.03560439542898],[-76.86959956413345,39.0350154187753],[-76.86900277570778,39.03559781139102],[-76.86941797031557,39.037351588211926],[-76.8714506274238,39.0380067374545],[-76.87127766380273,39.038655309861554],[-76.867800511706,39.03845018833341],[-76.86780917017724,39.03676258819246],[-76.86611389344336,39.03649784986082],[-76.86645989945043,39.03520071973759],[-76.86730752178366,39.03533308940383],[-76.867757312042,39.030336475728625],[-76.86895081292907,39.029171700691066],[-76.8684578366005,39.02605461120887],[-76.86651202858248,39.02507513223315],[-76.86387428674144,39.02668986709667],[-76.86083911970692,39.023175552823986],[-76.85872045333056,39.02284450813617],[-76.85736273717437,39.02297013961592],[-76.85786410481549,39.024399675594545],[-76.85659288940434,39.02420102262243],[-76.85556340479513,39.02640472493379],[-76.85557234579284,39.02471712908642],[-76.85488898977482,39.02562372733995],[-76.85421458923952,39.024842726185305],[-76.85243309000136,39.024902075137256],[-76.85200032908462,39.0265234360107],[-76.85445627931783,39.02724509696653],[-76.8541100970599,39.028542191898644],[-76.85206883826665,39.029574356423055],[-76.85042410758305,39.035735522074226],[-76.8518776674289,39.03359809565571],[-76.85314903423439,39.03379679720839],[-76.85288935781675,39.034769616811566],[-76.8549217938035,39.035425036255305],[-76.85440246982516,39.03737068303002],[-76.85677226367262,39.038416573863074],[-76.85837213342742,39.04069331712741],[-76.86015401472085,39.04063388281419],[-76.86065555904311,39.042063411786195],[-76.8628613188203,39.04207014405973],[-76.8634494495381,39.04317538151243],[-76.8651448722663,39.043440156513334],[-76.86616561072337,39.042923969747214],[-76.86592348164925,39.040521615395974],[-76.87133841636103,39.04339382766034],[-76.86895961854985,39.04403581569884],[-76.87098387287438,39.046378575851826],[-76.86945273831569,39.047152912725764],[-76.86902022452058,39.04877433902551],[-76.86749768561506,39.04786104867226],[-76.86825030087958,39.050005299695556],[-76.86620864022395,39.051037700414334],[-76.8639248280921,39.0496677057111],[-76.86410662918234,39.04733153936166],[-76.86521394897898,39.04649107842533],[-76.86377802996844,39.04525346049835],[-76.86225563064502,39.04434010645345],[-76.85869168691664,39.044459009889785],[-76.856581329878,39.042440326377985],[-76.85394273750956,39.04405485504339],[-76.85361444359823,39.04197675048159],[-76.85166840946665,39.04099703630012],[-76.85201469458022,39.039699945438535],[-76.85015531979923,39.038395935165966],[-76.8486834081552,39.04390854338807],[-76.85027407904205,39.047872994609406],[-76.84823222303758,39.04890509948532],[-76.84771262373638,39.0508507228005],[-76.84738447721891,39.04877259933049],[-76.84577560290161,39.048183312769886],[-76.8475668075485,39.04643645758637],[-76.84604458713007,39.04552290468426],[-76.84485045088473,39.04668746279999],[-76.84486883476593,39.04331226153198],[-76.84725695755193,39.04098313505923],[-76.84640930587489,39.04085062843058],[-76.84641846111074,39.03916302913143],[-76.84268152358094,39.039930010769154],[-76.842161839888,39.04187560784414],[-76.84334671365538,39.04239867606163],[-76.84409856009452,39.04454307130933],[-76.83781826218554,39.04491230515331],[-76.83721176845701,39.04718214646617],[-76.83627741414345,39.04737383342165],[-76.83620955083364,39.04432289509413],[-76.8326455655056,39.044441051223856],[-76.83383986033306,39.04327661089658],[-76.83749042526912,39.04283415769839],[-76.83656551176894,39.04133824741238],[-76.83970551752262,39.04115370196293],[-76.83786503360305,39.03647431085124],[-76.83684418482929,39.036990264461934],[-76.83583272206684,39.03581861218233],[-76.83159489973302,39.03515563200618],[-76.83050641188515,39.03262059863998],[-76.83049688818755,39.0343081948635],[-76.82794468442518,39.03559791136207],[-76.82886934755254,39.03709388436743],[-76.82751131382447,39.03721918976309],[-76.82750172001022,39.03890678707446],[-76.82292670293543,39.03785293547598],[-76.82456414992197,39.033379727507786],[-76.82210828928422,39.0326574746879],[-76.82525760212806,39.03078569969542],[-76.82644217359031,39.031308928170226],[-76.82526724694847,39.02909810487856],[-76.82604730305813,39.02617982108006],[-76.82749179599685,39.02573027701525],[-76.82639397456765,39.024882804942415],[-76.82171371709563,39.02752835266244],[-76.81874766165429,39.02706394514748],[-76.81799674343925,39.02491940289067],[-76.81479043965692,39.0220524606162],[-76.81608121689696,39.018876358499476],[-76.81777590055448,39.01914177892424],[-76.81990404028299,39.01778593072288],[-76.82202238246371,39.018117637366004],[-76.82438141940303,39.020851734533764],[-76.82607617937232,39.02111704176436],[-76.82453543806406,39.023578414440294],[-76.82776136600519,39.02306991871494],[-76.8275109801644,39.022355090361586],[-76.82937908723432,39.02197184293799],[-76.82963903241946,39.02099907460378],[-76.83124717461541,39.021588567435636],[-76.83166137876049,39.02334246620694],[-76.8363316182329,39.0223841387515],[-76.83642762159207,39.02037228459274],[-76.83465564297953,39.01874378570321],[-76.828550824605,39.018464030093064],[-76.8249110800071,39.017218627305034],[-76.82550807061524,39.01663644839874],[-76.82889741469447,39.01716700862273],[-76.8279825841306,39.01398345000145],[-76.82875280787374,39.01275274648404],[-76.83120806242744,39.0134748655356],[-76.8313718226329,39.01451394245205],[-76.83323970797176,39.01413063744297],[-76.8345878744087,39.01569286121255],[-76.83712989451553,39.01609060410403],[-76.83730310895835,39.015442081737156],[-76.84221401812609,39.01688593383846],[-76.84408190722799,39.01650246557808],[-76.85364471791931,39.020362258992584],[-76.85687029952483,39.01985300737318],[-76.85636898275848,39.01842346845706],[-76.85382677595234,39.018026119290845],[-76.8529883797629,39.01620606472228],[-76.85044626892996,39.01580864648984],[-76.85028223332208,39.01476959453169],[-76.84774018748132,39.01437212099008],[-76.8459681017778,39.01274378514334],[-76.84452398095353,39.01319354315221],[-76.84478369222373,39.012220744527546],[-76.84359929970321,39.01169769265799],[-76.84088422663733,39.01194860966372],[-76.84121202131041,39.014026737405075],[-76.83976784560754,39.01447644018979],[-76.8370620246359,39.01303968228907],[-76.83791868414124,39.0114846612189],[-76.8352130109843,39.010047863720956],[-76.83165070337381,39.01016599060526],[-76.83113093728532,39.01211153185577],[-76.82699078893606,39.00943655063362],[-76.82375578310331,39.01163261457977],[-76.81969283922103,39.010320727775756],[-76.82037649009268,39.00941432553696],[-76.82249459063144,39.00974602366985],[-76.82402543750355,39.00897227054457],[-76.82369815659577,39.006894099165166],[-76.825816198896,39.00722574049656],[-76.82489197821121,39.00572975215169],[-76.8282808096257,39.006260328260936],[-76.8285311476326,39.006975153184335],[-76.83039885436165,39.00659189137837],[-76.83107282997788,39.00737301951172],[-76.83175631134509,39.006466555049045],[-76.83345076306433,39.00673176100685],[-76.83497201356681,39.00764546231763],[-76.83734992118337,39.007004129103386],[-76.83626165401455,39.004469157944186],[-76.84066160533074,39.00617103881927],[-76.84049773121419,39.005131975561525],[-76.83812925566848,39.00408577999931],[-76.8388126182227,39.00317927717018],[-76.83999683763702,39.003702373983316],[-76.84195097121813,39.002994676102006],[-76.84196947857595,38.99961949973],[-76.8454355289281,39.00151293137467],[-76.84449258785615,39.00339226744002],[-76.84566768357372,39.00560289947996],[-76.84303941458428,39.00552959678647],[-76.84302095536742,39.00890477650794],[-76.84894284012502,39.01151994972176],[-76.85030035709512,39.01139441053804],[-76.85107017580445,39.01016356912955],[-76.85131171325477,39.01256594022859],[-76.85461452925543,39.01342006895312],[-76.8535255644424,39.01088524654382],[-76.85369862031025,39.01023670186407],[-76.8549695837746,39.01043538401005],[-76.85766677091009,39.01355934345795],[-76.8571476764788,39.01550499462081],[-76.85909310236012,39.016484618773895],[-76.8590842440658,39.01817221257626],[-76.86119396640662,39.020190845315575],[-76.86255162406023,39.02006517200528],[-76.86392676972629,39.01656429505224],[-76.86318339087507,39.01273243688216],[-76.86166167967205,39.01181908053187],[-76.86259551034594,39.011627203797445],[-76.86311443138642,39.009681531089015],[-76.86228468199066,39.006173950506614],[-76.8593103867485,39.00739810451605],[-76.85729649144852,39.003367579297944],[-76.8528873203403,39.003353878069994],[-76.85306036398207,39.002705335064874],[-76.8577289965812,39.00174620609276],[-76.85671768749674,39.000574730713325],[-76.85724558566871,38.99694149765836],[-76.86104901874022,38.99922498369284],[-76.86103139668988,39.002600162629626],[-76.86331367669145,39.00397019976746],[-76.86265693404306,38.99981406764586],[-76.86180973400575,38.99968166701451],[-76.86224211664248,38.99806027903686],[-76.86581248158889,38.996253685893315],[-76.86708323384919,38.996452243590554],[-76.86944326143451,38.99918547483014],[-76.86620999325034,39.00138264108468],[-76.86569121420084,39.00332832413646],[-76.86814651714404,39.00404971160163],[-76.86644331548594,39.00547257015781],[-76.86568251057548,39.005015914809164],[-76.86414345056673,39.007477772230075],[-76.86846641564996,39.007815356257844],[-76.86506850061947,39.00897346866659],[-76.86446315691329,39.01124342927618],[-76.86537954964982,39.01442671745607],[-76.86885554647573,39.0146319059521],[-76.86808598145718,39.015862858508385],[-76.86672841180778,39.01598859224158],[-76.8674806745865,39.0181328363759],[-76.86535341188277,39.0194894998897],[-76.86525820984717,39.021501376025135],[-76.86780060056226,39.021898491374984],[-76.87170926620136,39.0204821855155],[-76.8742516565045,39.020879168719866],[-76.87553133928354,39.01939004505531],[-76.87705338305061,39.020303232540485],[-76.8805296936342,39.02050809442102],[-76.88249219972124,39.018112160791965],[-76.88418710750084,39.0183766747571],[-76.8852937544135,39.01753603895132],[-76.8867294922843,39.018773402348025],[-76.88783611584812,39.01793274382942],[-76.8912259742322,39.01846160273338],[-76.89353349871367,39.0147682998028],[-76.89489099919415,39.01464227303122],[-76.89532273332199,39.01302076603377],[-76.89405161456935,39.012822496901485],[-76.89312591964418,39.01132701554737],[-76.89524440698689,39.011657472590024],[-76.89779457684728,39.01036637861111],[-76.89949727974745,39.008943088907536],[-76.8993325590012,39.007904103046094],[-76.89255375760837,39.006846737198885],[-76.89220835178214,39.00814393388279],[-76.88991725492211,39.008462020328146],[-76.88975267209717,39.00742302184248],[-76.89154181686592,39.005675544634855],[-76.89078085230344,39.00521904309318],[-76.89154992067881,39.00398795203362],[-76.89070261948476,39.003855748500804],[-76.89001989729157,39.004762536920744],[-76.88892166409177,39.00391562069558],[-76.8867952170496,39.00527264836656],[-76.8851006050994,39.005008170565795],[-76.88484145875304,39.00598105230167],[-76.87949002959405,39.00784793244428],[-76.88060492848892,39.00531974770463],[-76.87772581679468,39.00453245971321],[-76.87663617976877,39.00199784370158],[-76.88011161444615,39.00220271666597],[-76.88137417013274,39.004088719668786],[-76.88349239328714,39.004419376839735],[-76.88655253204655,39.00287034928347],[-76.88698438216761,39.001248874360726],[-76.88580810143077,38.99903863512913],[-76.88792619769559,38.99936921638327],[-76.88876527387094,39.001189029983145],[-76.89435889808351,39.001724034986886],[-76.89409184273795,39.00438452795175],[-76.89537082921197,39.002895203848745],[-76.89714378058028,39.00452283180075],[-76.90003100899824,39.003622076406586],[-76.90112936709441,39.00446889431097],[-76.90078412548189,39.00576611435259],[-76.90180408234768,39.005249637992804],[-76.90417351099835,39.00629461873647],[-76.90578970521801,39.00519555088494],[-76.90824546859864,39.00591614545554],[-76.90970441590801,39.0020904600035],[-76.91242650204605,39.00015044566491],[-76.91277150941369,38.99885319441827],[-76.91124946617019,38.997940447966094],[-76.9124417391827,38.99677526123669],[-76.9110059981758,38.99553819956054],[-76.91549339264017,38.99691311382569],[-76.91659935128841,38.996072201962434],[-76.91881866193901,38.992702757713964],[-76.91805766194592,38.99224642431802],[-76.91899855815595,38.99036653336469],[-76.91630712566656,38.985556329096624],[-76.91682442453936,38.98361044022228],[-76.9153101995021,38.981010157598796],[-76.91719179470552,38.9772504172603],[-76.91465825933513,38.97516672951039],[-76.9146658237134,38.973479143445445],[-76.91210962217033,38.97645816274104],[-76.91218822656454,38.97782143799398],[-76.91329393326176,38.976980558058806],[-76.91353741469537,38.979382795083325],[-76.91463556409516,38.98022949028431],[-76.91318491399741,38.98236763235221],[-76.90971033372503,38.98216368593208],[-76.90707510624418,38.983779327116224],[-76.9041965605308,38.98299265567969],[-76.90317693261778,38.98350914989346],[-76.90316910074282,38.98519673781958],[-76.9021572902302,38.9840256357715],[-76.89986699625486,38.98434390460707],[-76.89580420509422,38.983034514491266],[-76.89478451703053,38.98355093976015],[-76.89468214682971,38.987250414757014],[-76.89527031775795,38.9883554915824],[-76.89696457882307,38.9886198298765],[-76.89602313593592,38.99049955324567],[-76.89872134647104,38.99362261066119],[-76.8971916174149,38.994397282658255],[-76.89676003545388,38.99601879132197],[-76.89337118251872,38.99549008541887],[-76.89574817760462,38.99484763505851],[-76.89609345719548,38.9935504312674],[-76.89525428582319,38.99173066939281],[-76.89389721344774,38.99185669967768],[-76.89288545956141,38.99068552084204],[-76.89458779793058,38.989262302906965],[-76.89383503484767,38.987118232949946],[-76.89256437264552,38.98691994940414],[-76.89360023190689,38.983028367293215],[-76.88841522592067,38.985934615058376],[-76.88747359691911,38.98781427279314],[-76.8871445991592,38.985736276064316],[-76.8908000715489,38.983604673401196],[-76.8906355323401,38.98256568014491],[-76.88716100592323,38.9823611024393],[-76.88409346830062,38.98559772682549],[-76.88257206212289,38.98468463068942],[-76.88180304587883,38.9859156623978],[-76.88053243747525,38.98571725571395],[-76.88129313378911,38.986173818670395],[-76.88043769932469,38.98772913260889],[-76.88144921173291,38.988900412359165],[-76.88101731155139,38.99052186487521],[-76.87804397137249,38.99174646461251],[-76.87717996618781,38.994989346290176],[-76.87405055664065,38.99348724906392],[-76.87490619533725,38.991931977757346],[-76.87372191659537,38.99140921494551],[-76.87297827890963,38.987577430786885],[-76.87009135238233,38.98847755472817],[-76.86814652725127,38.987498107270746],[-76.87094701679386,38.98692231192564],[-76.87213975453358,38.98575751438659],[-76.87519086931349,38.98589635748269],[-76.87410159964861,38.9833617266247],[-76.87739492777837,38.98590283159377],[-76.87842317819472,38.98369896265985],[-76.882831162967,38.9837117569428],[-76.88444717792599,38.98261297084626],[-76.88530246655104,38.981057630498825],[-76.88242426395578,38.98027045444333],[-76.88072189806066,38.98169350357554],[-76.87749817495225,38.98220337168263],[-76.87852636996794,38.979999503142565],[-76.87742864425337,38.979152488525514],[-76.87888028071478,38.97701476558478],[-76.88277801614998,38.97728570564987],[-76.88633040902256,38.978853697696735],[-76.887695442212,38.977040165132216],[-76.88887142468516,38.97925037893787],[-76.89141246804873,38.97964700817626],[-76.89057357405807,38.97782721855694],[-76.89286370357706,38.97750912153295],[-76.89368654851084,38.982704068498734],[-76.89394549370658,38.98173117185174],[-76.8952160690666,38.981929441100796],[-76.89589851228804,38.981022627344984],[-76.89657295402216,38.981803396591296],[-76.90165533067419,38.982596287991186],[-76.90556122607808,38.981178925494326],[-76.9086122124453,38.9813169469022],[-76.91014154494216,38.98054213573846],[-76.91032168966095,38.97820592834922],[-76.9039690013974,38.97721522587924],[-76.90422778959748,38.97624230859703],[-76.89974188259426,38.974866991505486],[-76.89915375278053,38.97376193814542],[-76.90271416795422,38.973641875223464],[-76.90643155814857,38.97624826706793],[-76.90948233945153,38.976386266979596],[-76.91033701982005,38.974830755633086],[-76.9111840187335,38.97496282456534],[-76.91264219107751,38.971137122936575],[-76.91128553283124,38.97126334292499],[-76.90519997131679,38.96761218856479],[-76.90138106267194,38.96870523334633],[-76.90036951019191,38.96753411964173],[-76.89749167945561,38.96674729462024],[-76.8964722315495,38.96726373248615],[-76.8954607780896,38.96609257901731],[-76.89155549563402,38.96750962042666],[-76.89121025870168,38.96880680643761],[-76.88604262594876,38.968337781804706],[-76.88503132539314,38.967166543142255],[-76.88307027662428,38.969562497792104],[-76.88450503030722,38.97079987759892],[-76.87704733654665,38.97064842065844],[-76.87592438268365,38.974864143335026],[-76.87296012814463,38.974401034546396],[-76.87270092849229,38.97537388630296],[-76.87185399470326,38.9752415547188],[-76.87050577776276,38.973679745607974],[-76.86863049528944,38.97575119198708],[-76.86685020957177,38.97581074729009],[-76.86633162993586,38.97775642529135],[-76.86480188969901,38.978530696194404],[-76.86489704813597,38.976518834091394],[-76.86295261250139,38.975539307041075],[-76.86532922437098,38.9748974411667],[-76.86704040082554,38.97178702213268],[-76.86442206064112,38.97002659040366],[-76.86145807634695,38.96956320720913],[-76.86163096327533,38.968914655639665],[-76.86570105041446,38.96853757993059],[-76.86738608267544,38.97048990283262],[-76.86916623779962,38.97043033989069],[-76.86966747533916,38.97185981635423],[-76.87263160542133,38.97232300361678],[-76.87561271264671,38.96941095465748],[-76.88197265544589,38.96871552469771],[-76.88300052443473,38.96651162356546],[-76.87367683678876,38.96674401484115],[-76.87146479365387,38.968425056286755],[-76.87019451878807,38.968226544296876],[-76.86833664423104,38.96692282108537],[-76.86859587212123,38.96594997967287],[-76.87097212110207,38.965308006648456],[-76.87022030141972,38.96316380129698],[-76.86640978324999,38.96256818858213],[-76.86351501832829,38.96515573654758],[-76.86021428798814,38.964301851003825],[-76.8605600559349,38.9630047521621],[-76.85852959134944,38.96234943251062],[-76.85947163831206,38.960470001644055],[-76.86151085424841,38.95943772665173],[-76.86218472708842,38.96021868020221],[-76.86600377878173,38.959126843179966],[-76.86684184295817,38.960946793753486],[-76.86693692202608,38.95893493534771],[-76.87133483785709,38.96063571716606],[-76.87107566550037,38.961608563539514],[-76.87200027504818,38.963104197762654],[-76.87369386378091,38.96336885268066],[-76.87377173450292,38.964732149490096],[-76.87885267060634,38.965525972575435],[-76.88013128606659,38.964036814378105],[-76.88283613520527,38.96547262264634],[-76.88360491798635,38.9642415883306],[-76.87998367783807,38.95962264887926],[-76.87871353335589,38.95942422435505],[-76.87990569624036,38.95825935699117],[-76.88278300126622,38.95904658888302],[-76.88353514848674,38.961190716801426],[-76.8848053369357,38.96138909201707],[-76.8839502688041,38.96294442435862],[-76.88512590980494,38.96515466899624],[-76.88749379370975,38.96619996158539],[-76.8923241524517,38.966278531722665],[-76.89334361599047,38.96576212801188],[-76.89335167358377,38.96407454565324],[-76.89479451795603,38.963624223230475],[-76.89471625466928,38.96226093986989],[-76.88822524407244,38.95516770726007],[-76.89059284761754,38.95621293918079],[-76.89708418214808,38.963306048994994],[-76.90106751180288,38.963252113795974],[-76.90156932640959,38.96468145979935],[-76.90317680639785,38.96527001575607],[-76.9023220852753,38.966825475564],[-76.9061408811585,38.96573240212797],[-76.91053246401871,38.969119380133584],[-76.91392021366387,38.96964761540824],[-76.91460230866683,38.968740700502075],[-76.91671965387492,38.96907078891962],[-76.91816993511063,38.96693260982074],[-76.91886688375924,38.96265050430058],[-76.9210702419622,38.96265620280459],[-76.92031697399993,38.960512302131804],[-76.91709446658702,38.961023197057955],[-76.91659237234772,38.95959391462766],[-76.91371468020701,38.95880746678213],[-76.91160528076404,38.95678974587809],[-76.90745759373941,38.955805052531566],[-76.90797491774694,38.953859209176436],[-76.90408615036887,38.951901481387985],[-76.90120102342858,38.952802324045365],[-76.9028160749447,38.95170330383083],[-76.90231432531905,38.95027396556265],[-76.89351045202093,38.94856202605434],[-76.89300890674494,38.9471326507976],[-76.90080131192762,38.94767351875305],[-76.90130301392483,38.949102862610005],[-76.90755927049352,38.95210558436577],[-76.90891557817699,38.9519794054713],[-76.90985619002828,38.950099595140934],[-76.90941746916994,38.9534087173867],[-76.91076614540425,38.954970098959656],[-76.91541586578307,38.95738397004486],[-76.92159465298924,38.95902271790239],[-76.92364765567673,38.954614258100804],[-76.92110731061899,38.95421829036692],[-76.92018180513925,38.952723024209554],[-76.92365500952683,38.952926676602125],[-76.92399959299988,38.951629403407885],[-76.92688439124434,38.9507280307338],[-76.93030020148335,38.94450549630439],[-76.92758793406226,38.944758306577974],[-76.92472536547804,38.94059695783067],[-76.91989667579219,38.94051964933319],[-76.91709085388975,38.942784123397345],[-76.91252058200371,38.941733587998954],[-76.91269294798116,38.94108496798886],[-76.92176959209127,38.93844743916677],[-76.9248188185684,38.93858506128545],[-76.92768857254994,38.941058827813514],[-76.92844185630872,38.94320267774667],[-76.93174959455006,38.942367166104525],[-76.93335682575349,38.94295532915845],[-76.93566689388184,38.93757370752724],[-76.93109668109264,38.936523857329675],[-76.92710756404402,38.93826633417186],[-76.92456777053613,38.937870438205664],[-76.92397221810607,38.93845308611191],[-76.92059327007621,38.936237550323945],[-76.91669759151942,38.93596779959467],[-76.91568624750143,38.9347968162611],[-76.91636799404763,38.933889896179785],[-76.91721452767071,38.9340219231713],[-76.91695606304869,38.93499486158696],[-76.91806106436356,38.93415394438739],[-76.92102396696112,38.93461597316183],[-76.92448897749107,38.93650717870588],[-76.92711483605329,38.93657875637058],[-76.92830585042736,38.935413427871794],[-76.93042228861557,38.935743280890236],[-76.93127604458745,38.93418763450496],[-76.93296917586383,38.93445147921726],[-76.93441829043341,38.93231312082623],[-76.93332063364376,38.93146660655863],[-76.93367206261182,38.928481734124375],[-76.93282556356648,38.92834981956175],[-76.93427456093598,38.92621146463171],[-76.93131191623765,38.92574975293167],[-76.93157015625076,38.924776785839065],[-76.9307237040785,38.9246448569963],[-76.93208661557642,38.92283085042335],[-76.92997054509989,38.92250102638772],[-76.92844264243956,38.923276075435076],[-76.92380201496144,38.91917513047939],[-76.92075360304989,38.91903748373821],[-76.91737565368523,38.91682186612427],[-76.91508753952435,38.917140412740544],[-76.91576159538711,38.91792107058074],[-76.91406133835075,38.919344564248725],[-76.90931255791469,38.920630106848506],[-76.90939104969414,38.92199337302234],[-76.90668729193202,38.92055815246502],[-76.90124861891519,38.924437825182615],[-76.90047266645581,38.927356535524495],[-76.89869358997512,38.92741654720993],[-76.89859942942698,38.92942842090017],[-76.89385776049022,38.92902579911059],[-76.89546439106063,38.92961445199563],[-76.89849732913181,38.93312786992122],[-76.90314524797606,38.93554219337212],[-76.89730587515066,38.93429291176011],[-76.89661590886428,38.93688730270005],[-76.89779946515246,38.93740984287377],[-76.89575338186025,38.94013028729043],[-76.89508734937255,38.937661942264754],[-76.8933080166561,38.93772187677941],[-76.89229702445877,38.93655070248233],[-76.89527588063407,38.933638196159166],[-76.89366916280741,38.933049540507184],[-76.89265015956988,38.93356594448398],[-76.89257196873574,38.93220266559603],[-76.88653583662253,38.936664193296565],[-76.88601806185075,38.93860994246675],[-76.88735776844291,38.941859151258996],[-76.8847400133156,38.94009915589312],[-76.88167414867975,38.943335700375584],[-76.88100022306564,38.94255485458151],[-76.88261535216132,38.94145609896802],[-76.87726860862955,38.943322865120024],[-76.8770095771919,38.944295721468],[-76.88037921639354,38.94820002404784],[-76.87843532882331,38.947220743656686],[-76.87758029101536,38.94877602891431],[-76.87606819227489,38.94617528108868],[-76.87479829306997,38.94597681686614],[-76.87504888049178,38.94669154139408],[-76.866384146657,38.95107941733393],[-76.8655462075136,38.94925946626269],[-76.86300636581984,38.94886230922485],[-76.86147719736549,38.94963653585167],[-76.85902379566319,38.94891502244018],[-76.85860935579655,38.94716123510169],[-76.86038894766868,38.94710179827269],[-76.86158120194726,38.94593710906644],[-76.86521800986023,38.94718142335136],[-76.86505391805936,38.94614240180014],[-76.8633607614697,38.94587762961529],[-76.86463934871864,38.94438863529975],[-76.8668421496624,38.94439529675354],[-76.8673604780369,38.94244962609579],[-76.86617705834576,38.941926795129724],[-76.86728275119322,38.94108632963183],[-76.86871667539171,38.94232388686505],[-76.87210287454208,38.942853261664496],[-76.87244832882827,38.94155613370267],[-76.86974457304429,38.9401201039466],[-76.87313067717399,38.94064945052401],[-76.87474588275505,38.93955079767369],[-76.87475436849141,38.937863222897015],[-76.8710315005519,38.936943470735315],[-76.87078098611217,38.9362287390691],[-76.87238758900939,38.93681769146593],[-76.87731074323914,38.93488498989704],[-76.87706860572153,38.93248269744022],[-76.87833827578167,38.93268113804933],[-76.87850252680197,38.93372014006522],[-76.88036809129709,38.93333613077283],[-76.8811365765165,38.932105117384175],[-76.8829937918702,38.93340864245912],[-76.88401286138306,38.93289231783139],[-76.88317469094345,38.931072490496554],[-76.88420199222082,38.92886859122549],[-76.88564419561584,38.928418377448736],[-76.88547161870154,38.929066958711665],[-76.88826155268893,38.93017835089756],[-76.89013510312849,38.92810662146636],[-76.88633447253304,38.925824050567],[-76.88617012758289,38.92478506004439],[-76.88371731852698,38.924064037490766],[-76.88363930511267,38.922700754738],[-76.88143715885849,38.922694391588706],[-76.879666550574,38.92106655892881],[-76.87797392385147,38.920801987111055],[-76.87618653862863,38.92254924695014],[-76.8752623579839,38.921053652435745],[-76.86849199011215,38.91999498615146],[-76.86755934989169,38.92018690463865],[-76.86755069949116,38.92187447484758],[-76.86560768709839,38.920894997008254],[-76.86399275742784,38.92199352805851],[-76.86516713161767,38.92420394900415],[-76.86397529049773,38.925368669175676],[-76.86557290184325,38.92764528023237],[-76.86311144637395,38.92861142146401],[-76.86369866454473,38.92971663840657],[-76.8604594914588,38.9336012049246],[-76.85614096944437,38.93326334592247],[-76.85588169152143,38.93423615676483],[-76.85427527911285,38.93364699078877],[-76.85350632353239,38.934877837953124],[-76.85113994624355,38.93383190153989],[-76.8536017370068,38.93286599722462],[-76.85404287042265,38.92955708245473],[-76.85488924049785,38.92968953472413],[-76.85488029533701,38.931377106201936],[-76.8597083086949,38.93145694556522],[-76.8586979439356,38.93028549848855],[-76.86022673558169,38.929511308213],[-76.85768761168343,38.929114043368635],[-76.85786043616022,38.92846550079096],[-76.85981237717368,38.9277575296281],[-76.86254178071992,38.92413106002202],[-76.85915652162059,38.923601425600054],[-76.85754143462512,38.924699873034044],[-76.85627196041587,38.9245012197489],[-76.85610804735308,38.923462189625],[-76.85925176423731,38.92158958361266],[-76.8616178602248,38.92263536351886],[-76.863068834251,38.92049784279429],[-76.86248169996776,38.91939262424315],[-76.86426061015781,38.91933313209541],[-76.8644420751458,38.91699701193985],[-76.86292234834947,38.91608368391232],[-76.86360457663815,38.915177056281024],[-76.86038367786043,38.91568647497618],[-76.85852731911001,38.91438261448604],[-76.85989183624953,38.91256940434735],[-76.85743969878817,38.911847863252405],[-76.85761248450463,38.91119932251407],[-76.85990066299023,38.91088183675431],[-76.8597367288136,38.909842813301836],[-76.86235279230662,38.911603329088926],[-76.86225764840356,38.91361517079283],[-76.86437315357475,38.91394614978572],[-76.86563377180835,38.91583228858518],[-76.86545234794697,38.91816841012371],[-76.86739528550909,38.91914789004135],[-76.86850061847883,38.91830741630005],[-76.86825882666139,38.91590511203262],[-76.86951957942881,38.917791211814105],[-76.87147112101641,38.91708305817185],[-76.87332778030438,38.91838672533274],[-76.87646239184109,38.91820125409791],[-76.87621188857224,38.91748653521851],[-76.87392357371687,38.917804322261986],[-76.8767382121189,38.91385326314249],[-76.87765391597038,38.91703641504702],[-76.87908754288502,38.91827384832552],[-76.8805295680982,38.91782369466599],[-76.88018437031099,38.91912084092387],[-76.88153178480057,38.92068253278949],[-76.88458019120044,38.92082114374084],[-76.88492531875404,38.919523984953884],[-76.8868685543282,38.92050315991588],[-76.8876367942617,38.91927210839161],[-76.88991696336966,38.920641639672816],[-76.88965818156575,38.92161451939531],[-76.89176595404568,38.923632603479106],[-76.89142092886763,38.92492978201583],[-76.89319189381543,38.926557447677496],[-76.89522167221305,38.92721219675514],[-76.89675001093566,38.92643755664667],[-76.89752610279895,38.92351886996107],[-76.89651523993606,38.92234773231744],[-76.89431310324834,38.92234159781561],[-76.8933885530112,38.92084613845713],[-76.89610004845959,38.92059407679559],[-76.897706511145,38.92118269996422],[-76.89778478626296,38.922545973574884],[-76.89914056036808,38.92241990206224],[-76.89999482829562,38.9208644739014],[-76.90330187820852,38.92002972342096],[-76.90475936477515,38.91620414414585],[-76.90290219862553,38.914900948046686],[-76.89806729311677,38.91651036136866],[-76.89646093057159,38.91592174323996],[-76.89645295034947,38.91760931442961],[-76.89408651760608,38.91656419994089],[-76.8921352098632,38.91727270943739],[-76.887402558089,38.915182270744815],[-76.88817073287424,38.91395121678035],[-76.89088198969704,38.91369926944269],[-76.89370359278611,38.90806025832102],[-76.89497288244482,38.90825852799015],[-76.89513731566856,38.909297504569054],[-76.89733905807047,38.909303624427686],[-76.89868665873519,38.910865127848716],[-76.89791869423553,38.91209624645532],[-76.90012052147046,38.91210231692459],[-76.89869458646763,38.90917755800989],[-76.90005800611969,38.90736390724642],[-76.89827941759255,38.90742391282798],[-76.89642259123245,38.90612062117636],[-76.89336672688196,38.907669870412086],[-76.89302180582227,38.9089670506651],[-76.88988763387395,38.909152940273465],[-76.8839726016663,38.906539759341605],[-76.88364407084327,38.904461777247725],[-76.87915459328362,38.904773297233696],[-76.88060469692937,38.90263557636442],[-76.88271996656243,38.902966241861215],[-76.88340182559591,38.90205950687148],[-76.88651108192184,38.90693648485101],[-76.89014636834125,38.908180061669476],[-76.89252861298242,38.90585011241137],[-76.89169054095699,38.90403034917221],[-76.89245852567946,38.90279927042823],[-76.89710430922023,38.90521381046631],[-76.89618790409187,38.90203080715734],[-76.89491871963754,38.90183255008616],[-76.8970419959684,38.90047540348173],[-76.89638426220908,38.896319511491605],[-76.8950369799447,38.89475798595483],[-76.89308626549933,38.895466508420284],[-76.89428518006612,38.892613947082516],[-76.89302422190015,38.89072810525953],[-76.88980460979471,38.891238286533834],[-76.88692990674838,38.890451224707405],[-76.88446999111515,38.891417785132255],[-76.88421124037752,38.89239064981564],[-76.8824413065547,38.89076286314176],[-76.88421950138262,38.89070308489095],[-76.8846507386008,38.88908164382843],[-76.89201388634268,38.889556935881345],[-76.89177141469719,38.88715468637053],[-76.88678203572414,38.886037111139345],[-76.89042440075362,38.88559311248119],[-76.88882693501353,38.883316833972394],[-76.89068304439571,38.88462023564713],[-76.89315070129079,38.88196598904086],[-76.89231288842268,38.88014623543452],[-76.89350353691427,38.87898124971174],[-76.89063738821645,38.876506712431],[-76.89199231814001,38.87638071980012],[-76.89333919539268,38.87794227490532],[-76.89511706842102,38.87788234041788],[-76.8969970426785,38.87412295895582],[-76.89590069711089,38.87327611987887],[-76.89827368370177,38.87263363193949],[-76.89904914158915,38.869714955579504],[-76.90168042267582,38.868099509773565],[-76.9003177779537,38.869913169588],[-76.90073278218617,38.87166679980246],[-76.89878274120734,38.8723754099072],[-76.89877481951983,38.874062972024014],[-76.8980151839361,38.873606523205],[-76.89705933047263,38.87886135050274],[-76.89451374978069,38.880152405433726],[-76.89492867264799,38.881906057227575],[-76.89220246285974,38.88553321975008],[-76.8949046355833,38.88696874967309],[-76.89362767451995,38.88845804456267],[-76.89463802077952,38.889629200627674],[-76.89420700258789,38.89125067653718],[-76.89766130471371,38.89483018674683],[-76.89935339948791,38.89509448895299],[-76.89968233614532,38.89717242691266],[-76.90095145237521,38.89737063509972],[-76.89967443260034,38.898859994214696],[-76.90077120705831,38.89970680256497],[-76.90263578309316,38.89932246006841],[-76.90425742485765,38.89653586166786],[-76.90475884249666,38.89796518173503],[-76.9060279863464,38.89816333797107],[-76.90067713970541,38.901718670493246],[-76.90083376222995,38.90444520720595],[-76.90285516244049,38.906787398513586],[-76.90225969048532,38.90736993972396],[-76.90377972858256,38.90828278451854],[-76.90539375411056,38.90718373741978],[-76.90538598180147,38.9088713072457],[-76.90699226097594,38.909459809208464],[-76.9054643874194,38.910234573789026],[-76.90562897475587,38.91127353671472],[-76.90908478781115,38.91485273776625],[-76.91272845779343,38.91440808208128],[-76.91409162589224,38.91259427577724],[-76.91282220865772,38.91239620172473],[-76.91206970322725,38.910252265916434],[-76.90986793093516,38.91024640763905],[-76.9113096069232,38.90979589653664],[-76.91107407211145,38.90570610880956],[-76.91209255499399,38.90518955539242],[-76.91218631155677,38.90317767792452],[-76.9130324806986,38.903309732919126],[-76.91387107756657,38.90512935167719],[-76.91258658051015,38.90830641548999],[-76.91358992440946,38.911164990778296],[-76.91561945717261,38.91181940465104],[-76.91630098948909,38.910912487735054],[-76.91799352547028,38.911176536047016],[-76.91934160355233,38.91273781532365],[-76.92348699870597,38.913722105557355],[-76.92832115725234,38.91211170174582],[-76.93187135142412,38.913678375567706],[-76.93357112809076,38.91225463879431],[-76.93365006488833,38.91361788805673],[-76.93491956002337,38.91381574890508],[-76.93611713818326,38.91096277655085],[-76.93357824775156,38.91056706653291],[-76.93187851060627,38.9119908030897],[-76.92951175225554,38.910946365501594],[-76.928844842698,38.90847821160076],[-76.92444140306159,38.90846705172777],[-76.92258408208633,38.907164151757165],[-76.92275627665356,38.906515520786094],[-76.92385343467916,38.907362125734345],[-76.92690136383511,38.907499696067305],[-76.92766879000325,38.90626839874603],[-76.9294473260165,38.9062079715804],[-76.9282640497318,38.90568573560509],[-76.92920356450921,38.903805790439925],[-76.93258841199149,38.9043335112289],[-76.93538519432248,38.903756268855545],[-76.93715662666743,38.90538330198196],[-76.93638937020523,38.90661465788395],[-76.9373216550612,38.90642222212717],[-76.93824692407948,38.90791735094147],[-76.94062762128583,38.905586477867786],[-76.94063457682098,38.90389890666424],[-76.93885610647455,38.90395949429307],[-76.93826795584037,38.90285463731132],[-76.93869806191809,38.90123300600122],[-76.93641758352426,38.899864375323325],[-76.9330329159546,38.89933675938118],[-76.9304872574914,38.9006285563616],[-76.92524544210646,38.898797919753605],[-76.92244876980726,38.89937493302274],[-76.921860905028,38.8982699988674],[-76.91974559426501,38.89794000140884],[-76.91948729146017,38.898912940456334],[-76.91864116168887,38.8987809295912],[-76.91781000218215,38.89527377654867],[-76.91493483746859,38.894487363831466],[-76.91434712608489,38.89338239472915],[-76.91265501669987,38.89311829724552],[-76.91197360545583,38.89402519205778],[-76.91087678632988,38.893178483426716],[-76.90825250798,38.893106562423974],[-76.90749261446436,38.8926501706424],[-76.90952925155175,38.89161711602898],[-76.90902778401686,38.89018781639451],[-76.90336426936129,38.8882902167012],[-76.90353659041904,38.88764161398211],[-76.90598836941084,38.888362241147696],[-76.90573767911518,38.88764758467849],[-76.90751577874379,38.887587472260506],[-76.90803261686162,38.885641646395804],[-76.9066775424806,38.885767814530716],[-76.90702211061141,38.88447060009507],[-76.90517348746634,38.88147987877589],[-76.9055180620964,38.880182669198625],[-76.90661462333973,38.88102942389014],[-76.90882320247209,38.879347775766824],[-76.90824340891409,38.8765552161909],[-76.9095045156755,38.87844089990658],[-76.91085944891289,38.87831470097869],[-76.90983366662591,38.88051880665449],[-76.90847869062853,38.88064499440127],[-76.90720211783145,38.88213442796764],[-76.90998292291341,38.88493288960823],[-76.9091216059015,38.88817594504868],[-76.91157345810642,38.88889646178801],[-76.91311600172091,38.88474649261686],[-76.91464325946747,38.88397163624585],[-76.91448616423459,38.88124512397453],[-76.91652989475656,38.87852439144796],[-76.91569153766106,38.87670479668844],[-76.91629416805029,38.874434629577024],[-76.91350594071697,38.8733238759651],[-76.9144378600923,38.87313161307842],[-76.914187139331,38.87241697501681],[-76.91495441087217,38.871185761748045],[-76.91469613893028,38.87215868762636],[-76.91756293346042,38.87463266714778],[-76.91687425325107,38.87722715076979],[-76.91881679008877,38.878205819782224],[-76.91617800454078,38.88150919607831],[-76.91583361341448,38.88280643549276],[-76.91718861686276,38.88268016730505],[-76.91591218645429,38.884169690945136],[-76.91700892848287,38.885016354078864],[-76.9146357038588,38.885659201710446],[-76.91386070065927,38.888577981174166],[-76.91461303493278,38.890721900201584],[-76.91908658833353,38.893784231319366],[-76.9212017754511,38.89411423985118],[-76.92281522425229,38.89301496795913],[-76.92272177428673,38.89502685086025],[-76.92602009790241,38.89587906541144],[-76.92712440131179,38.89503807180173],[-76.92703106775326,38.8970499584602],[-76.9281281329013,38.897896524555854],[-76.93270301829561,38.897258909474566],[-76.93296113873978,38.89628594310375],[-76.93423032998663,38.89648381056584],[-76.93439529648954,38.89752273342661],[-76.93955821662992,38.89798973990899],[-76.94124359589325,38.89994104032639],[-76.94599046394119,38.8986542785095],[-76.94589764678234,38.90066618025217],[-76.94801315508622,38.90099573157321],[-76.95149067452756,38.89951103255188],[-76.9519204665306,38.89788935607442],[-76.95022811638098,38.89762577134888],[-76.95048600406813,38.896652768459624],[-76.94794753431017,38.896257353399584],[-76.94770319611428,38.89385521171499],[-76.9443187259996,38.8933279042973],[-76.94236852936547,38.894037202047365],[-76.94211746270152,38.893322618704545],[-76.9372129049504,38.891882744401684],[-76.93662487672415,38.89077788130938],[-76.93493274711857,38.89051408801698],[-76.93374257271573,38.891679473279474],[-76.93162739949554,38.891349678836384],[-76.9308745581005,38.88920586294223],[-76.93341268948946,38.88960162725542],[-76.93324775493204,38.888562704114754],[-76.93612288344781,38.88934869149585],[-76.93596497285928,38.886622204723636],[-76.93478196792967,38.88610003224172],[-76.9348750734513,38.8840881424882],[-76.93326912844826,38.88350000365775],[-76.93276725112918,38.88207080153257],[-76.92904650205205,38.88115279746409],[-76.92845868423632,38.880047897090904],[-76.9328604071282,38.88005891427974],[-76.93513311823637,38.883115173183846],[-76.93648809395226,38.88298869400352],[-76.93605804638375,38.88461031395299],[-76.9374920268901,38.88584706665435],[-76.93764999294189,38.88857355122055],[-76.93891906257446,38.88877137048733],[-76.93857504203034,38.89006867420936],[-76.94043221313406,38.89137133179149],[-76.94982525637249,38.892497162671845],[-76.95219839306904,38.89185364076811],[-76.94966682620269,38.88977069232135],[-76.94831174725003,38.8898973156775],[-76.94747246563662,38.88807793348462],[-76.94484833505295,38.88800678727198],[-76.94468324104909,38.88696787955958],[-76.94341418718076,38.88677011935244],[-76.94291208834791,38.88534095774385],[-76.943930060805,38.88482414413701],[-76.94393693787421,38.88313657713901],[-76.9447829317783,38.883268415093674],[-76.94545015046468,38.88573647538229],[-76.94823933959657,38.88684651188223],[-76.94992469358264,38.88879769155458],[-76.95288595361528,38.88925895641271],[-76.95397655679331,38.89179286184107],[-76.95888797125086,38.891544503277316],[-76.95677926840817,38.88952756889949],[-76.95855737153977,38.88946672427872],[-76.95780375726899,38.88732307252547],[-76.96026256109718,38.88635505758952],[-76.96205349912344,38.88291902682291],[-76.95917834469631,38.88213364155432],[-76.95900653197528,38.88278232107959],[-76.95773751214287,38.882584707623714],[-76.95545725980195,38.88121643037584],[-76.94911241397168,38.8802280517083],[-76.94970728950308,38.87964528752352],[-76.94792941864603,38.87970600512036],[-76.94574223613552,38.876325651900466],[-76.94709706718642,38.87619905684472],[-76.94793620261416,38.878018438949034],[-76.95097623636457,38.87984298312783],[-76.9530911631005,38.88017244694051],[-76.95292596932876,38.879133551202884],[-76.95377193301815,38.87926532773758],[-76.95850415481337,38.881353223347496],[-76.95901958710745,38.87940718663639],[-76.96036795634475,38.880968013481336],[-76.96375196846407,38.88149488191111],[-76.96350073532442,38.88078034299848],[-76.96519274223412,38.88104374598462],[-76.96553624627938,38.87974636987236],[-76.96494149652193,38.880329210031604],[-76.96384426825256,38.87948297161715],[-76.9643595447094,38.87753691314018],[-76.96266762223648,38.8772734988913],[-76.96207932598499,38.87616875855912],[-76.96063862932581,38.87661985802854],[-76.9575191453932,38.873432324214164],[-76.96123985876915,38.87434947263695],[-76.96089630367453,38.87564683599967],[-76.96597197527917,38.876437081871224],[-76.9674126353075,38.87598592041335],[-76.96682427751871,38.874881202776464],[-76.96428647751831,38.87448612334282],[-76.96412113704008,38.873447243241756],[-76.96158340163161,38.873052108522195],[-76.96099515589273,38.87194736359885],[-76.96488757571396,38.872215720832955],[-76.96741896775531,38.874298353963276],[-76.96894542890261,38.87352282958167],[-76.96776240037346,38.873000972730054],[-76.96862092842387,38.869757516355165],[-76.96962593934997,38.87261562402929],[-76.97250083083621,38.873400766041925],[-76.97733733338782,38.870100893622485],[-76.98114392072452,38.87069309210209],[-76.98106414203887,38.869329880523246],[-76.97928654903734,38.86939104785202],[-76.9774292437161,38.86808897596307],[-76.97819540116093,38.866857372038275],[-76.98259035390664,38.86855418853496],[-76.98445963794364,38.86648105133109],[-76.98894630379127,38.866165719842016],[-76.99454170458154,38.86332106946112],[-76.99251281433726,38.86266795153785],[-76.99328439223896,38.85974869030799],[-76.99227287571502,38.85857834309206],[-76.99287297100628,38.856307809134385],[-76.99178154674581,38.85377425679011],[-76.98586145529148,38.852853518769926],[-76.98331835669374,38.854146393165145],[-76.98069541279132,38.85407600612677],[-76.98654156225477,38.85194622250665],[-76.99203872462905,38.85280117264115],[-76.99213020740117,38.850789248091885],[-76.9895989258118,38.848707125422415],[-76.9891819148223,38.84695379817368],[-76.99197028570183,38.848062845466934],[-76.99237586521997,38.853191289662036],[-76.99456451590386,38.85657081037308],[-76.9944673883589,38.860270302698545],[-76.99920513746473,38.8606690743351],[-77.00090236232421,38.85924442416561],[-77.00217109268934,38.85944159510723],[-77.0044734333149,38.854058750305605],[-77.0036331627669,38.85223975638355],[-77.0052389863465,38.85282698120503],[-77.0082955560002,38.84958742245429],[-77.00949991882236,38.84335863918984],[-77.0107790479049,38.840180597571205],[-77.01171028664017,38.83998760403095],[-77.01316575451773,38.83447322890859],[-77.02011676061599,38.829812542023504],[-77.02072084690558,38.82585432065808],[-77.01996606286774,38.82371106276788],[-77.0176009089769,38.82266831781225],[-77.01735452314826,38.82026633420205],[-77.01608643327421,38.82006931957359],[-77.01787311325808,38.8166325082911],[-77.01542264176389,38.81591410049367],[-77.01559379516124,38.81526534769518],[-77.01170953102198,38.81331102761389],[-77.01154365376928,38.812272217856226],[-77.0092592318389,38.81259249808915],[-77.00525695537512,38.821087692735475],[-77.00718836709639,38.82544008731298],[-77.0072577736753,38.83017839444894],[-77.0046247340689,38.833483634412566],[-76.99860363521643,38.83795055862987],[-76.9942844355305,38.8393050747031],[-76.98615998445278,38.84006751488279],[-76.98132587363624,38.843367720416154],[-76.9701554675505,38.843992879907915],[-76.96600068272689,38.8463852793047],[-76.96506285693899,38.84826549027637],[-76.96319991630378,38.84865076928815],[-76.96285651720339,38.849948134244684],[-76.96496424326746,38.85196495583406],[-76.96487200923372,38.85397686050631],[-76.9621761341167,38.85085530025727],[-76.96064358843248,38.85331830090797],[-76.95658042754603,38.853698484929325],[-76.95334958392048,38.85758543853129],[-76.95208101809656,38.85738776774422],[-76.95029696485065,38.859136081469856],[-76.95046207582892,38.86017497826968],[-76.94724421589957,38.860686649472306],[-76.94630572226453,38.86256672144619],[-76.94224197107916,38.86294643563697],[-76.94096639831814,38.86443621374808],[-76.93766932287286,38.863584400131806],[-76.93698849901887,38.86449142919148],[-76.93521098723225,38.86455196423314],[-76.93351235511713,38.86597571509692],[-76.93324722647898,38.868636242169416],[-76.93121873799095,38.86798212035207],[-76.93139076313774,38.867333480519],[-76.9300360696316,38.86745990373978],[-76.92969199156542,38.86875717947409],[-76.92859534688017,38.86791063022163],[-76.92673171144598,38.868295361677596],[-76.92707584002376,38.86699809423351],[-76.92445248840087,38.866926516405364],[-76.92377881107272,38.86614591077002],[-76.92098338009842,38.86672288867551],[-76.92234545089453,38.864909002341214],[-76.91998035802247,38.86386438886958],[-76.91566569283202,38.86352860540411],[-76.91373116380808,38.86086232791585],[-76.91195372126548,38.86092252930735],[-76.91069285423693,38.859036874388394],[-76.90730254608829,38.860196118688876],[-76.9065430016221,38.85973972288208],[-76.91070049836948,38.85734931447168],[-76.91298675483459,38.85703085116631],[-76.91230568507565,38.857937743896386],[-76.91315132925779,38.85806979735537],[-76.91383238972934,38.857162899963264],[-76.91644786863894,38.85892226279108],[-76.91576682427066,38.859829174741584],[-76.91745068416674,38.86178078955973],[-76.92192996515126,38.863155445933856],[-76.92160054777004,38.861077575580545],[-76.91965843003416,38.86009895217134],[-76.92194473359372,38.859780323471824],[-76.92161533104469,38.85770245396167],[-76.91874160724319,38.856916133052806],[-76.91993145385796,38.855750896650044],[-76.92153667987346,38.8563392063744],[-76.92162272216864,38.85601489363832],[-76.92103521959332,38.854909961310106],[-76.91816161213796,38.85412362719619],[-76.91944491149665,38.85094652640719],[-76.92282723391457,38.85147451030574],[-76.92359413910374,38.85024324651176],[-76.92689771498901,38.84940787397125],[-76.92775053508804,38.84785226857032],[-76.92942001949841,38.853178837405075],[-76.9283163767086,38.854019847276035],[-76.92662513044715,38.8537559417196],[-76.92585823949878,38.85498722476066],[-76.9238301971442,38.85433298302177],[-76.92272647238994,38.8551739432064],[-76.92380817658163,38.859395664388934],[-76.92269700840268,38.861924186062076],[-76.92505476505593,38.864656309319344],[-76.92835174153983,38.86550845868656],[-76.93123307726772,38.86460699491407],[-76.93166311415989,38.862985395562085],[-76.93335459282083,38.86324923262235],[-76.93200712989645,38.861688115224574],[-76.93530405338609,38.862540079315835],[-76.93674462848985,38.862089275118706],[-76.9367516697757,38.860401713068875],[-76.93852207894405,38.86202871809485],[-76.93962572523677,38.86118761655071],[-76.94275770738449,38.861000470810666],[-76.94310151628926,38.85970315997562],[-76.94826858776892,38.85848223947712],[-76.95336289646438,38.85421031465349],[-76.95311185919797,38.853495756964286],[-76.95506086667608,38.85278629362584],[-76.94575878882009,38.85133653563898],[-76.94297789211939,38.84853888781754],[-76.94162356797318,38.84866543744164],[-76.94061303473693,38.84749467011695],[-76.9340205015335,38.845790939737206],[-76.93376968284569,38.845076343540484],[-76.93766056763428,38.84534555509767],[-76.9378324820535,38.84469690798776],[-76.93799738270525,38.84573581970668],[-76.94180237796903,38.84632922493633],[-76.94163049502299,38.84697787767149],[-76.94518464797851,38.84685659817025],[-76.94433221156329,38.8484123233898],[-76.9450059450807,38.84919281569233],[-76.95109032226313,38.8511544003969],[-76.9541359525809,38.851291300259064],[-76.95583383970148,38.84986726910279],[-76.9581989920461,38.850911196510005],[-76.96151513514621,38.846699779298135],[-76.95796756574312,38.845133966995824],[-76.95737960005849,38.84402920842767],[-76.96076187598945,38.84455615622787],[-76.96202378744748,38.846441298310324],[-76.96541896129752,38.843592998297474],[-76.96559062460906,38.8429443128181],[-76.96305394298612,38.84254920957319],[-76.96196376094166,38.8400153985407],[-76.96348314199913,38.840927503893035],[-76.9636548162582,38.840278821284514],[-76.96585447955505,38.84028372440771],[-76.96466561945938,38.84144939969525],[-76.96652201816322,38.842751658957944],[-76.96864224041104,38.84139329591594],[-76.97321322553805,38.840754190086685],[-76.97473276271634,38.84166615752188],[-76.97676702234442,38.84063200458465],[-76.9783723738081,38.84121957685696],[-76.98320647588659,38.83791948735234],[-76.98726861842898,38.837538430811],[-76.98744007308831,38.836889715495914],[-76.99403876162106,38.8369030405802],[-76.99700383706636,38.83567568826515],[-77.00268775015488,38.83081875579313],[-77.00362987168629,38.827250704384376],[-77.00178427071243,38.82257388638298],[-77.00043053106795,38.822701078506505],[-76.99855160821122,38.82814956419355],[-76.99457003271378,38.82989418711477],[-76.981208443655,38.8288283900067],[-76.97984851133012,38.83064291578182],[-76.97764913793903,38.83063826116619],[-76.9774776108743,38.83128696249392],[-76.9772264162243,38.83057245547392],[-76.97536399190139,38.83095791665988],[-76.96750402739933,38.829058526484474],[-76.96370613853493,38.82677835451282],[-76.95693667145908,38.827412086169645],[-76.95667253770574,38.83007265191877],[-76.95439394742692,38.828704363221455],[-76.95210207728218,38.83071114665885],[-76.95253145017976,38.829089480987314],[-76.94923583784431,38.82823797843948],[-76.94668614031941,38.83121765436793],[-76.9450812644765,38.830629672117276],[-76.94601937864616,38.828749616023394],[-76.94788190160207,38.82836459620054],[-76.9481395756523,38.827391605961495],[-76.95033884913957,38.827396784594114],[-76.95059648698725,38.82642378934185],[-76.95329761835596,38.82785803636009],[-76.95609130360046,38.82728033200652],[-76.95634886428186,38.82630732480137],[-76.96303241196941,38.825997965802834],[-76.96328987550694,38.82502494429512],[-76.96472314608503,38.826261373568364],[-76.96743087723091,38.82600775509376],[-76.96751035365698,38.827370968889866],[-76.97274809500405,38.82919980322663],[-76.97478203500567,38.828165684259176],[-76.97816370082225,38.82869215602322],[-76.98121445274377,38.82714083177023],[-76.99237643184333,38.82820223496432],[-76.99610094010316,38.82743077321075],[-76.99661498791967,38.82548459209787],[-76.99036013276881,38.82417396751794],[-76.98808694441657,38.821118741994084],[-76.98393999670473,38.82182417952506],[-76.98267197009389,38.821626822715686],[-76.98343755088622,38.820395192648604],[-76.97701186510061,38.81973260316072],[-76.98031344649083,38.818895809069176],[-76.98648195716605,38.82053129686888],[-76.98716175498616,38.819624000339104],[-76.98564842731484,38.8170246307976],[-76.97094190405666,38.81439718685024],[-76.9733123131848,38.81375326637065],[-76.97365535588644,38.8124558773924],[-76.97500280056485,38.81401653346957],[-76.98581984815999,38.81637591911086],[-76.98346137648683,38.81364496686968],[-76.983632808841,38.81299625843075],[-76.98490068800405,38.81319360523045],[-76.98700796141013,38.815210043886104],[-76.98683067580407,38.817546313692624],[-76.98868102630233,38.82053579463305],[-76.99078861639398,38.82255217045083],[-76.99526686885531,38.823924169417104],[-77.0002814949618,38.81659957989586],[-76.99571793362081,38.81555212603197],[-76.99276513632134,38.81340433189648],[-76.99268520309552,38.812041136294155],[-76.99024093284442,38.80963467475585],[-76.98779096871995,38.80891572068809],[-76.98973844755108,38.808205715195314],[-76.98915029837457,38.80710111171885],[-76.99084068872222,38.807364162421784],[-76.99058365506099,38.80833723943007],[-76.991845710591,38.81022207052142],[-76.99311356374646,38.81041933317257],[-76.99378175136152,38.812887113058885],[-76.9987677624734,38.81400037150042],[-76.9980025076989,38.81523209552705],[-76.99918481548774,38.815753660377325],[-77.00070971346786,38.814977749762],[-77.00180639896112,38.81582365570948],[-77.00351351331544,38.811023863497695],[-77.00486703085105,38.810896637824804],[-77.00690541808002,38.808174437211555],[-77.00876709387303,38.80778850265734],[-77.00910947788007,38.80649101631278],[-77.01088551291714,38.80642942161736],[-77.0115648757494,38.80552199243384],[-77.0445305447353,38.81064135088447],[-77.04384242713272,38.81492407808715],[-77.04561412022454,38.816549543972705],[-77.0447596430175,38.819793513756885],[-77.04332514314146,38.818558011990014],[-77.04265981356488,38.81440293971967],[-77.04122083589245,38.81485497270176],[-77.0402853550368,38.816735746265614],[-77.04298331124104,38.81985559442933],[-77.04255141513354,38.823165131264375],[-77.0442423701914,38.823427453290385],[-77.0443232796662,38.8247906169846],[-77.04677433403624,38.82550845348554],[-77.04736350444165,38.82661278508557],[-77.04743104597107,38.833038631650695],[-77.04920769511573,38.83297648709219],[-77.04920325921633,38.83466404923339],[-77.05224401763512,38.83648609942468],[-77.05537464740347,38.83629610771291],[-77.05453331184103,38.8344774628094],[-77.05208187959514,38.83375977919019],[-77.05233818211127,38.832786572194834],[-77.05360659100825,38.83298321585249],[-77.05437109267226,38.83175114615483],[-77.05563520206155,38.83363533115588],[-77.05690363461397,38.83383194106712],[-77.05623739195052,38.82967693524034],[-77.05835133794888,38.8300046007972],[-77.06097765326587,38.828385781879675],[-77.05935931767932,38.83286196678496],[-77.0601153543222,38.83500498645955],[-77.0634084578059,38.83754110174465],[-77.06586417925212,38.8365709981141],[-77.06568936858163,38.8389073852122],[-77.06357513148399,38.83857984458909],[-77.06340435031939,38.83922866519968],[-77.07058895396405,38.84202973031747],[-77.0715161378404,38.84352385164279],[-77.0813353133487,38.841330064576496],[-77.08319379156066,38.84263057440426],[-77.08379092383522,38.84035960515744],[-77.08599418063211,38.838674810587996],[-77.08862019439327,38.8370554040825],[-77.09081976691176,38.83705808811936],[-77.09259990854126,38.83530775723061],[-77.09530752833236,38.83505134292908],[-77.0950517914171,38.836024638976276],[-77.09327510727104,38.836087441138304],[-77.08903953981209,38.83880839375226],[-77.08777093409512,38.83861211284405],[-77.08556412552632,38.84198450365181],[-77.0880197017624,38.84101396033459],[-77.09224855558936,38.8416681711936],[-77.09250091554046,38.8423824452595],[-77.09503829047965,38.842774897361714],[-77.09486777950352,38.84342376161111],[-77.09672988894799,38.84303650323138],[-77.09689704994146,38.84407520179442],[-77.09892635664389,38.84472660878172],[-77.09926730941149,38.843428868737654],[-77.1029062424557,38.84297862935459],[-77.10485980503127,38.83889168113922],[-77.10376157757649,38.83804668633367],[-77.10461048986895,38.836489868055075],[-77.10266657430675,38.83551411762257],[-77.10512170494397,38.83454323597663],[-77.10453159579487,38.83343917842617],[-77.10740948115041,38.83253362279756],[-77.10487239602301,38.83214142453515],[-77.10597679127363,38.82961128211392],[-77.10682245591973,38.82974201306508],[-77.10733665488,38.826107810559336],[-77.1077594677285,38.82617317209005],[-77.10885450760806,38.82870569327354],[-77.11037548855069,38.82961599470855],[-77.10935642445526,38.831821734734106],[-77.10800270161909,38.831950102790145],[-77.10799962654647,38.83363766653019],[-77.105797030487,38.83532285155571],[-77.10503021648401,38.83824280345885],[-77.10638406138905,38.838114467804346],[-77.10612534283997,38.84077535201723],[-77.10773173847254,38.841361247307056],[-77.10798732483246,38.840387924529665],[-77.11145869089104,38.83889875093805],[-77.10959372689128,38.84097379564841],[-77.1112001547672,38.841559645972026],[-77.11094460719208,38.84253297550187],[-77.10781385492824,38.84272437181049],[-77.10713843925959,38.8419447666055],[-77.10248013320096,38.84460081673025],[-77.0997721839786,38.84485738808398],[-77.09993939249281,38.845896082748425],[-77.10391297749044,38.84752320257876],[-77.1096546173053,38.854149885128],[-77.11871046238977,38.85318554650489],[-77.11905110250946,38.85188775082057],[-77.12049032808652,38.85143481176546],[-77.12133627192013,38.851565443925956],[-77.12108082460979,38.85253879543614],[-77.12404168983501,38.85299596867888],[-77.11896312149555,38.853899767544426],[-77.11777648928602,38.85506691253639],[-77.11447777710205,38.854219805882884],[-77.11159912337746,38.855125527881626],[-77.11134353357043,38.85609885969994],[-77.11480390523133,38.86135986376965],[-77.11776508941696,38.8618171874755],[-77.11988304493379,38.86045623461889],[-77.12157514286261,38.86071750172423],[-77.12191576717622,38.859419697056374],[-77.12555535852232,38.85896879156244],[-77.12538775499871,38.85793012999066],[-77.12928260899741,38.85650575415417],[-77.13402084602036,38.85689937032454],[-77.13469668775194,38.85767883022126],[-77.13520724794193,38.85573206952593],[-77.13698437459479,38.85566866576556],[-77.13765545754525,38.859823247578966],[-77.13909472417294,38.8593700920011],[-77.14036150221122,38.86125341728239],[-77.14264687095519,38.86093071698133],[-77.14619916984766,38.86249124040403],[-77.1459440162861,38.86346464435442],[-77.14746618570689,38.86437449372123],[-77.14712599321537,38.86567236932418],[-77.1497495110955,38.86573923289028],[-77.14898413810744,38.86865946652748],[-77.1472917575953,38.86839857349631],[-77.14788495061934,38.86781486019149],[-77.14560159511898,38.86645008633486],[-77.14441965175266,38.864242346625375],[-77.14272739014676,38.863981391391874],[-77.14332058377445,38.86339770023711],[-77.14002119777633,38.86255127290815],[-77.13858187409058,38.8630044394131],[-77.1363839362463,38.861315033657675],[-77.13460667140296,38.861378428845434],[-77.1349470667723,38.86008058826718],[-77.1315653474092,38.85787082713446],[-77.13054908372743,38.858389179127705],[-77.12851911415771,38.85773828920174],[-77.12758533589539,38.85961973013667],[-77.11920451905058,38.861364262848596],[-77.11844080289768,38.862596736470266],[-77.11962473989801,38.86311715363107],[-77.1192840575098,38.864414952552586],[-77.12351454947704,38.86506809774763],[-77.12520408936919,38.86701688580095],[-77.13205835892263,38.867737067212055],[-77.13340772755869,38.87098357810467],[-77.13492989750235,38.871893582263205],[-77.13475475913613,38.87591764791681],[-77.13695309965269,38.87760708546526],[-77.140085273872,38.87741495193455],[-77.14321290854899,38.880597885865114],[-77.14592203270573,38.88034036386817],[-77.14820582947026,38.88170513407036],[-77.15015368782667,38.88099260080615],[-77.15040675153278,38.88170676000362],[-77.15176132390219,38.881577927766145],[-77.15209739638928,38.883655185163704],[-77.15379014845801,38.88391601303668],[-77.15379216515915,38.882228438696224],[-77.1555718972495,38.88047719415194],[-77.15717956547341,38.881062450794786],[-77.15878916043228,38.87996011267045],[-77.16081816543908,38.8822980824356],[-77.1611581916702,38.88100016669479],[-77.16293591191696,38.88093639051677],[-77.16267910652327,38.88359740545302],[-77.16530328402489,38.8836639398631],[-77.16411690950937,38.88483153262928],[-77.16750086719729,38.88704041221628],[-77.16716092576443,38.888338346313326],[-77.16961697637888,38.887366180614094],[-77.17232467120009,38.888795656879445],[-77.17215474086908,38.88944463077302],[-77.1697003024648,38.88872927108341],[-77.16868387974964,38.88924793772408],[-77.16834226922118,38.89223345170409],[-77.16758075840427,38.89177865605772],[-77.16664927182768,38.8919728223075],[-77.16834058927286,38.89392102834349],[-77.16969535699857,38.893791999911954],[-77.1690171415783,38.89470030442923],[-77.17172509721384,38.89612979509981],[-77.17146855930663,38.89879083324415],[-77.16783064686321,38.89586793433785],[-77.16461274535541,38.896385251526446],[-77.16613929785748,38.89391972086929],[-77.16503953040517,38.89307526413235],[-77.16563452477692,38.89080388783659],[-77.15996617311207,38.88723044372419],[-77.15818829670182,38.88729417735405],[-77.15792937446186,38.89164276053148],[-77.15665966352086,38.89144718400451],[-77.15547302374904,38.89261469515111],[-77.15556004326866,38.890602643430846],[-77.15471358487503,38.89047224436159],[-77.15573406789,38.886578541311785],[-77.15319687166117,38.88449975573189],[-77.15184224751235,38.884628603704165],[-77.15294173451515,38.88547317663607],[-77.15124894930815,38.88521233712623],[-77.15065773094696,38.88410849307434],[-77.14820368340382,38.88339270820954],[-77.14786126117068,38.88637816352396],[-77.14904579467166,38.88689830102311],[-77.14811217276791,38.88877990312189],[-77.15005811787381,38.88975494619851],[-77.14853110846124,38.89222027750436],[-77.1457408715424,38.889427174094884],[-77.14642151557292,38.88683142238068],[-77.1448138064845,38.88624602578327],[-77.1458303572084,38.8857275550848],[-77.14557953133308,38.883325811767975],[-77.1428702949678,38.88358332637048],[-77.14235289930194,38.890592850548806],[-77.13998382465138,38.88955243587046],[-77.14066235406128,38.88864429082132],[-77.13897189924153,38.88669570850727],[-77.14185604624673,38.88241419848508],[-77.14024847129801,38.881828742988006],[-77.14016570403605,38.88046563393512],[-77.13847308090698,38.880204620102404],[-77.13830524441677,38.879165973425856],[-77.13601928454712,38.87948859433547],[-77.13492008399163,38.878643871919714],[-77.13526055442875,38.87734602784892],[-77.13407627460693,38.87682575922027],[-77.1334828976288,38.87740940703993],[-77.13204575995806,38.876174925677496],[-77.1307014580772,38.86955325491864],[-77.12824809670143,38.868837076200116],[-77.1270613699816,38.87000431212138],[-77.12748708061393,38.86838203557414],[-77.12528656152578,38.86838000264645],[-77.1228360259026,38.865976146346824],[-77.1208059139094,38.86532512948504],[-77.12029210991363,38.868959403636644],[-77.11783602199628,38.869930589704076],[-77.11647584541527,38.87343419360293],[-77.11842095736499,38.87440973147154],[-77.11782462531663,38.87668087632116],[-77.120363330798,38.87707281122211],[-77.11833009404317,38.87810932545712],[-77.11900596464261,38.87888887286561],[-77.12120680089716,38.878891017322175],[-77.12196513386712,38.88103367022185],[-77.1250150121393,38.87947879640947],[-77.12806214785725,38.87961142082072],[-77.12365771709926,38.88129490952401],[-77.12018178552802,38.88447200599466],[-77.12238279045206,38.884474129571245],[-77.12263285564411,38.88687592009719],[-77.12568029637815,38.8870086031918],[-77.12533961014091,38.88830642246291],[-77.12660653571967,38.89018989484523],[-77.1238145059804,38.889083873544756],[-77.12110497866004,38.889340912569274],[-77.11865387603157,38.886936967524484],[-77.11924744937687,38.88635339003575],[-77.11577398160664,38.88784279003296],[-77.11823354116667,38.88518406848332],[-77.11654088704306,38.88492275498269],[-77.11569746355126,38.8831045158021],[-77.11434279914035,38.88323295390718],[-77.11442508646225,38.884596080612894],[-77.11273245965776,38.88433471512228],[-77.11255903728639,38.886671180915],[-77.1102757527197,38.885305753139406],[-77.10875055065587,38.88608301858048],[-77.10891798176965,38.88712170610467],[-77.1053652808283,38.88556010941413],[-77.10426318027673,38.88640268836764],[-77.10163896044139,38.8863348615989],[-77.10222303174731,38.890814088637285],[-77.10722222065634,38.88854783966489],[-77.10882967838464,38.88913372397157],[-77.11213288742033,38.88829340972613],[-77.1129792442114,38.88842409951705],[-77.111877188392,38.889266746465225],[-77.11475134539987,38.89173616435424],[-77.112464886906,38.89205835130717],[-77.11052240267526,38.88939514291241],[-77.1056937872492,38.89101264265399],[-77.10586118611279,38.892051334939765],[-77.10171456760398,38.89107314633982],[-77.09942151974695,38.89477024332149],[-77.09992675313667,38.896198770661755],[-77.09475955457854,38.897426019668174],[-77.09441826879444,38.89872375557023],[-77.09035327748883,38.89910832847076],[-77.08967402355387,38.90001619918704],[-77.08569429887572,38.90007618867303],[-77.0840831538599,38.90117757993291],[-77.08586502415858,38.89942733271284],[-77.09281071538265,38.89813768367657],[-77.09510082820395,38.896128283039246],[-77.09501888942083,38.89476514158601],[-77.0970495912767,38.89541658321037],[-77.09857511356189,38.8946394608556],[-77.10087144292127,38.88925480491674],[-77.10019892833745,38.88678758350072],[-77.0989294572016,38.88659141579264],[-77.09944117556155,38.88464479597992],[-77.10071061416022,38.88484095840038],[-77.10147486334154,38.88360859082814],[-77.10020544415522,38.883412436264564],[-77.10004140726956,38.88068616456734],[-77.10579782189943,38.88056275806673],[-77.105630450331,38.879524067158314],[-77.10808394916268,38.880240694547986],[-77.11156020632882,38.877063939002404],[-77.11612639266569,38.87979470267013],[-77.11689032820516,38.8785622408159],[-77.11613505871796,38.87473198543647],[-77.11588235510337,38.874017756907946],[-77.114527859931,38.87414619689426],[-77.11554445729115,38.87362797536547],[-77.11656679703599,38.86973460303341],[-77.11868500501443,38.868373669406395],[-77.11970429785957,38.86616784368382],[-77.11826761524408,38.86493320419737],[-77.11793259325181,38.86285585981795],[-77.11632564189419,38.862270095404114],[-77.11564705480656,38.863178104341785],[-77.11294438556727,38.860059825527536],[-77.11184275820746,38.86090246932123],[-77.11235395135063,38.85895580214133],[-77.11083534399965,38.856357953745345],[-77.10669068918929,38.85537993572096],[-77.10686112289025,38.854731054341215],[-77.10592994818688,38.8549247634239],[-77.10297231068023,38.85277958979325],[-77.10101503224107,38.85855408270098],[-77.10380237308974,38.86134818230642],[-77.10362871914415,38.86368462920889],[-77.10218914691396,38.864137373006784],[-77.10125460700696,38.866018616819446],[-77.10294676726801,38.866280138483],[-77.10252052267967,38.86790233027149],[-77.10108086025546,38.868355061416324],[-77.10056930007045,38.870301684194],[-77.10234681202171,38.87023877715829],[-77.10098912421631,38.87205463996909],[-77.10191731332455,38.87354853878009],[-77.09819817814467,38.87094804412785],[-77.09904759251913,38.86939125821529],[-77.0960828655404,38.87062105720269],[-77.09269840485831,38.87009780304588],[-77.09253124401829,38.86905909575266],[-77.09024888649166,38.86769330196411],[-77.0905901012092,38.86639558243747],[-77.0934694610816,38.865490347416205],[-77.0986311239198,38.86595072652748],[-77.1019366166952,38.86342311693702],[-77.10101179426283,38.86024165120724],[-77.09830655948284,38.85881062242294],[-77.10085426252088,38.854140252383345],[-77.1007755065387,38.85108955447339],[-77.10179188011777,38.85057144713935],[-77.0973952403108,38.84887886309311],[-77.09731331173269,38.847515730770134],[-77.09469049817724,38.847447757184426],[-77.09367752496917,38.84627824009679],[-77.08716682479185,38.84425823075641],[-77.08344242214373,38.84503243213433],[-77.08352408857193,38.84639557324233],[-77.08563504851132,38.848410339476736],[-77.08444797213794,38.849577164472855],[-77.08318284168318,38.84769327036109],[-77.08106827121807,38.847366028010654],[-77.08064906824933,38.84561300972739],[-77.08192145593031,38.844121798478305],[-77.08107566916665,38.843990897307314],[-77.07539978386797,38.84716386674516],[-77.07666470400012,38.849047840222255],[-77.0763233225899,38.85034551882414],[-77.07877555115824,38.85106272392812],[-77.07530293839771,38.852550983490005],[-77.07495767540081,38.85553622570776],[-77.07258291072746,38.857869661702104],[-77.07435628852386,38.85949472379044],[-77.07774012514682,38.86001847824491],[-77.08197366816361,38.858985473342194],[-77.08146166345328,38.86093201508794],[-77.07934671664577,38.8606047428676],[-77.07553603238364,38.86170312999352],[-77.07300199019093,38.85962270968443],[-77.07004117635893,38.85916431638698],[-77.0681665177651,38.86461387846385],[-77.0698585265887,38.8648758519132],[-77.06960631065931,38.86416152993448],[-77.07417783567331,38.86351869718727],[-77.07586602024446,38.865468157325004],[-77.0751868993765,38.86637594493937],[-77.07704969977067,38.86598898140263],[-77.07670824586225,38.867286663569665],[-77.07814427069766,38.868521785126646],[-77.08347672509,38.86833395255523],[-77.08279767231812,38.869241782181504],[-77.0796656989322,38.86943246767633],[-77.07983267725999,38.870471192360476],[-77.08202957992427,38.872161602757934],[-77.08296103836824,38.87196807292408],[-77.08296469484823,38.870280502621625],[-77.0856736478484,38.87002429792502],[-77.08617844019749,38.87145287697822],[-77.08490927393376,38.871256566041545],[-77.08423021177488,38.87216440383007],[-77.0884608391812,38.872818746339554],[-77.08820134298253,38.875479603549124],[-77.09352745645712,38.87866648159851],[-77.09318623659152,38.87996421110187],[-77.08870269882614,38.87859574503057],[-77.08768938873685,38.87742617478382],[-77.08591168883835,38.877488871628394],[-77.08608235926805,38.87684001717788],[-77.0837108961307,38.87748610041224],[-77.0838852215565,38.87514967768743],[-77.0817698512417,38.8748224462869],[-77.08160283533255,38.87378372367851],[-77.07973985987037,38.87417075601495],[-77.07923517491075,38.87274215027886],[-77.08033735820565,38.871899795279255],[-77.07298255533173,38.86806055250728],[-77.07290106178996,38.86669740110912],[-77.07188425799328,38.867215272354244],[-77.07222579745782,38.865917603492186],[-77.06807711666154,38.86662586168928],[-77.06841872114866,38.86532820341052],[-77.06647452110542,38.86435188191856],[-77.06885765774153,38.858643425773096],[-77.07241996442532,38.85514336173826],[-77.07395263487464,38.8509914133441],[-77.07361893978022,38.84891395266528],[-77.05763840488396,38.84441279391291],[-77.05484486935242,38.84499278959302],[-77.05416135556776,38.84758802455369],[-77.06159436510804,38.852791531886695],[-77.05812554991407,38.85259174405325],[-77.05601522929534,38.850576508214324],[-77.05508397268578,38.85076983503348],[-77.0555025905028,38.852522940767614],[-77.05423383649742,38.85232631610572],[-77.0538920404297,38.8536239333365],[-77.05812131927613,38.85427931012615],[-77.05879632490252,38.8550591835554],[-77.0560023905754,38.85563920603028],[-77.05515221720682,38.85719569425794],[-77.05811285741255,38.857654443235866],[-77.05963800438457,38.856877803616875],[-77.06124438103883,38.85746430273693],[-77.0617486075979,38.858892979175465],[-77.0622611244015,38.856946519382596],[-77.06420916048965,38.85623533918143],[-77.06590096060381,38.85649736641719],[-77.06649067125306,38.857601610723925],[-77.06342402755568,38.86590531208793],[-77.06367208600037,38.86830721576682],[-77.06282605135715,38.86817618963954],[-77.06283017386541,38.86648862072015],[-77.05851469991491,38.866157811634224],[-77.05834380907869,38.866806627274414],[-77.0569081536196,38.865571276536535],[-77.05665179683452,38.866544496536875],[-77.0558057952767,38.86641342250731],[-77.05597670778462,38.865764610397186],[-77.05250729055831,38.86556466497307],[-77.05276369923806,38.86459145365869],[-77.05124270825365,38.86368044137322],[-77.0509862824694,38.864653649437386],[-77.05225524230528,38.86485030763211],[-77.0518278778678,38.86647232455105],[-77.05445133583271,38.866541205739495],[-77.0566475312616,38.868232065258134],[-77.05206681251218,38.8722493899651],[-77.05384441361332,38.87218717863054],[-77.05485710762191,38.873357024794814],[-77.058074769327,38.87284255843282],[-77.062232174377,38.86875949556066],[-77.06468488384068,38.86947698108024],[-77.06467264408569,38.87453969080583],[-77.06703612921791,38.87726911350969],[-77.06702807760328,38.880644256279105],[-77.06279718845296,38.87998918149019],[-77.06271587210422,38.87862602147174],[-77.06102356969498,38.87836395006385],[-77.05891663619555,38.874661187147524],[-77.05722018675114,38.876086634293486],[-77.05857481875566,38.87595882065152],[-77.06042541644995,38.8806348193877],[-77.06152378312221,38.88148020244515],[-77.06296395051045,38.8810279301955],[-77.0639728169533,38.88388527518983],[-77.06600293792643,38.88453722448289],[-77.06616975609428,38.88557596944892],[-77.07065724236548,38.88525767882441],[-77.06955474510511,38.88609994907954],[-77.07005933278127,38.88752859653675],[-77.06599888788114,38.88622479715056],[-77.06700794530315,38.889082119255924],[-77.06480680318049,38.88907901234523],[-77.06624305576995,38.89031427505173],[-77.06598673661951,38.89128751725593],[-77.06793565452303,38.89057627556962],[-77.07385984601284,38.89149309543903],[-77.07462461910735,38.890260892466515],[-77.07724895510559,38.89032929120361],[-77.07877833636404,38.88786483926719],[-77.08360734052835,38.88624838868324],[-77.08488037725833,38.884757140010095],[-77.08691070953999,38.88540874690813],[-77.08699248610978,38.88677189213233],[-77.0839451259992,38.88663825787674],[-77.08360369813164,38.88793596225164],[-77.08191110439422,38.88767417576673],[-77.07987702495146,38.88871006041009],[-77.07733055642888,38.89169244362336],[-77.07606106144225,38.8914960415885],[-77.07250105217992,38.89330865074594],[-77.06988057394211,38.89155257720632],[-77.06861110147995,38.89135609887811],[-77.06699989107742,38.89245726689973],[-77.06590129538095,38.89161193123243],[-77.06943756177876,38.899924960588315],[-77.07366966845058,38.900579810292726],[-77.07451995246441,38.89902318691464],[-77.07375895676667,38.89856781472947],[-77.07502856877966,38.89876424051458],[-77.07570416757805,38.89954402597229],[-77.07477233727053,38.8997375019136],[-77.07493931528812,38.90077623704224],[-77.07942395961842,38.902145204746546],[-77.08357455288271,38.901436563559635],[-77.08340380248966,38.902085416531364],[-77.09440469752884,38.90547406377312],[-77.09457196864938,38.9065127731997],[-77.09812546011322,38.90807468335767],[-77.10412724202658,38.91372835924383],[-77.1047148408754,38.91652000955934],[-77.10868626011813,38.92152215275608],[-77.11393137077965,38.92503261738058],[-77.11578966859736,38.92802023451409],[-77.11824490133942,38.92873666522952],[-77.11654835379814,38.93016293408016],[-77.11908327222744,38.9339300666067],[-77.12898285381831,38.94153353904967],[-77.13050132708517,38.9458187807328],[-77.13548875671255,38.9536769065143],[-77.13845382606412,38.9541337412916],[-77.14032086632575,38.95205823256695],[-77.14167676559529,38.951929509354315],[-77.13998013667506,38.95335610332631],[-77.14014816811579,38.954394757932526],[-77.13709788004032,38.95426242932],[-77.13692748284367,38.954911360565966],[-77.14454324210108,38.96283621293778],[-77.14962486240182,38.96530653770748],[-77.15665887839272,38.96537641823493],[-77.16580953921121,38.96745933040302],[-77.16852349394703,38.96551371792358],[-77.17174282116888,38.96668388771628],[-77.17318398860478,38.96623032984225],[-77.17250514171357,38.967138662435374],[-77.17369116567754,38.96765857009161],[-77.18267392451406,38.96870162783869],[-77.18428507144445,38.96759894563138],[-77.1883533896392,38.9672112891951],[-77.19386161587354,38.968057295361525],[-77.197337312583,38.966565691361346],[-77.20521810143599,38.96845052265034],[-77.20699713352518,38.97007370835129],[-77.21004821050101,38.97020431865084],[-77.21343880355676,38.96903677951699],[-77.21309994230849,38.968647259220496],[-77.21445724629473,38.9651425521931],[-77.21801722973457,38.96332585046208],[-77.21717036334938,38.96150828368364],[-77.2188661789817,38.95839304068018],[-77.21776482592497,38.95754904449616],[-77.21801934878675,38.956575481004634],[-77.21920552557923,38.957094952768],[-77.21988369598861,38.956186366133565],[-77.22022349275825,38.95320068492647],[-77.21946102016109,38.952746204347356],[-77.2210712566285,38.95164304715604],[-77.22022444989852,38.94982550429959],[-77.22149534950596,38.95002043119925],[-77.22259747900213,38.94748921383471],[-77.22386834417831,38.94768411635909],[-77.22081632698195,38.95430420700263],[-77.22234133125777,38.955213147048845],[-77.2204770221184,38.955602298795874],[-77.21962919942206,38.95715993339462],[-77.21827176942064,38.962352285632015],[-77.21937320103456,38.963196277907834],[-77.21920351652105,38.96384532275722],[-77.21462636771513,38.966181107393496],[-77.21377766843219,38.9694262989107],[-77.2183540044966,38.970465733574656],[-77.21894695101031,38.971569267378804],[-77.22293047127039,38.971504999625324],[-77.22648988760221,38.973063243565086],[-77.22886263810459,38.975789612491326],[-77.22784542127559,38.97630877036533],[-77.22962515012178,38.97793163352823],[-77.22962488938653,38.97961923065928],[-77.23318520231386,38.977802089839415],[-77.23547406865292,38.97410247980977],[-77.23759301308415,38.974427091515345],[-77.2381015112338,38.97585506992255],[-77.23564351081804,38.9751410077272],[-77.2353043732865,38.97643914404942],[-77.2401357203914,38.97987936815817],[-77.24030524253668,38.98091789061805],[-77.24556087031941,38.98273521633491],[-77.24869837033869,38.99266593179259],[-77.25039422501415,38.99461304517876],[-77.25327695452978,38.995391683430874],[-77.25327753021357,38.9987668872496],[-77.2542951909894,38.99993512157445],[-77.25607573501813,38.99987000842786],[-77.256753843643,38.998961214430054],[-77.26040002955074,39.00019394236816],[-77.26116278434148,38.998960571942426],[-77.26294329836635,38.9988953603049],[-77.26209489565788,38.997078090511174],[-77.26302695873889,38.99519560263991],[-77.26421408641039,38.99571464706514],[-77.26370599642631,38.9976619745067],[-77.26650431683709,38.998764860418994],[-77.26820015619114,38.99902412977673],[-77.26887810547214,38.9981152696795],[-77.27201583892833,38.99960740116723],[-77.2727783906397,38.99837395949501],[-77.27396563973883,38.99889291092091],[-77.27566070158483,38.99746447621757],[-77.27794974662123,38.997139274683306],[-77.27769588388541,38.99811296690805],[-77.28066457700729,39.00025400788464],[-77.28202112472239,39.00012374999282],[-77.28185096234563,38.999085281513324],[-77.28397184096961,39.001096705141826],[-77.28532839847557,39.00096641109267],[-77.28558216901388,38.99999270282275],[-77.28626096312988,39.00077135016586],[-77.28888947805277,39.00083526903406],[-77.2877031772543,39.00200406299293],[-77.28965401991154,39.002976929144886],[-77.28906086295677,39.00356133136637],[-77.28651683833657,39.00317284583287],[-77.28592260939482,39.002069629787925],[-77.28320945050791,39.00233021609701],[-77.28414304220863,39.0038227743731],[-77.28321043275828,39.00401781948455],[-77.28193747195374,39.00213591992864],[-77.27939353522963,39.00174728851237],[-77.27964738792586,39.000773592255555],[-77.27735823612475,39.00109882527992],[-77.27727276422488,38.99973578646184],[-77.27464429925735,38.9996716216408],[-77.2739664075108,39.00058051345107],[-77.27235515976884,38.99999676235256],[-77.27159258387157,39.0012302017422],[-77.27286526120893,39.0031122070903],[-77.27566312292836,39.00252728398522],[-77.27786855955482,39.004214250002136],[-77.2774454082582,39.005837071720734],[-77.27965098656338,39.00752400696856],[-77.27905771217112,39.008108361819325],[-77.27761552353601,39.00687554735643],[-77.27685296472401,39.00810902041378],[-77.27523993224584,39.00415009774856],[-77.27235735114297,39.0050595722198],[-77.26964202962333,39.00025705205976],[-77.26514776669785,38.99889494872217],[-77.26811675451157,39.0027238931644],[-77.26803334434835,39.00642365867842],[-77.26718533720714,39.00629402560145],[-77.26591158921244,39.00103675432124],[-77.26370652619266,38.999349576761645],[-77.26158722004257,39.00071301232483],[-77.25989136489237,39.0004536525603],[-77.25989180618778,39.00214125557709],[-77.26150300140482,39.00272516863327],[-77.26133360058738,39.00337427496704],[-77.26014636847518,39.002855202364884],[-77.26014681570088,39.00454280602668],[-77.25929927211541,39.00610072320662],[-77.2584504685248,39.00259582282878],[-77.25938269660224,39.00071336067893],[-77.25828023291815,38.99986971879917],[-77.25336400073341,39.00856796162957],[-77.25268548603924,39.0077891334856],[-77.25234650043053,39.009087322974594],[-77.2531945136814,39.009217057463545],[-77.25158373857037,39.01200824693651],[-77.24725907751699,39.01505921791846],[-77.24590253950548,39.02025191883338],[-77.24870200438937,39.02641803779954],[-77.25939000076099,39.02940267592881],[-77.25921966718444,39.026676561260764],[-77.26142306971026,39.01992577961331],[-77.26337404148092,39.0208990615268],[-77.26133929929654,39.023625550978366],[-77.26100086152798,39.02661137719444],[-77.2617643680999,39.02706560764067],[-77.26515734500312,39.027584255073755],[-77.26532676808509,39.02693514095555],[-77.26702326014562,39.027194427583325],[-77.27143320310445,39.025505810479],[-77.27431738236385,39.02628396399917],[-77.2749108431176,39.025699630059535],[-77.27465683999637,39.02667332058353],[-77.27584456450278,39.02719225642993],[-77.27524711008624,39.01933854974497],[-77.27643471902422,39.01985747931501],[-77.27677749089592,39.026997265912236],[-77.27889816068725,39.02732117504527],[-77.28093234795016,39.0245943962575],[-77.2814382820283,39.019271773303856],[-77.28262593404654,39.01979064365408],[-77.28389622639874,39.01660971829065],[-77.28567819173496,39.01823178765223],[-77.28737455329762,39.01849079588428],[-77.2880524444137,39.01758182823759],[-77.28924011601849,39.018100635181696],[-77.28940817581602,39.01576388224858],[-77.29085074056277,39.01699656149338],[-77.2918668931907,39.01478927725918],[-77.29135706740547,39.01336151066151],[-77.29262926742071,39.01355571066648],[-77.29576433300385,39.00998442802092],[-77.2952582499243,39.013619494822294],[-77.293901474229,39.01374989764245],[-77.29339405310552,39.015697352134694],[-77.29746579048543,39.01699372250847],[-77.29907626564983,39.01588954233001],[-77.29831397630052,39.01712314897527],[-77.29941716576974,39.01796643759773],[-77.29746710372555,39.018681329770594],[-77.29585526642298,39.018097881998436],[-77.29517746801542,39.019006892317464],[-77.29246251331227,39.01758007412176],[-77.29263287047056,39.0186185311485],[-77.29144516620856,39.0180997566114],[-77.29051354519599,39.01998246471961],[-77.28983452625762,39.01920383821004],[-77.28856334159035,39.0206972172984],[-77.28483103555058,39.0197898825383],[-77.28372997661643,39.0223216804179],[-77.2828817561382,39.022192154220406],[-77.28313759512503,39.02459366521469],[-77.28178059297431,39.02472393582225],[-77.28000037158554,39.026477027504555],[-77.28135834923307,39.02803438633574],[-77.2768629855538,39.02836031112882],[-77.27346988897827,39.02784198344603],[-77.27117915409887,39.02647949385781],[-77.27041628055602,39.02771293134549],[-77.26719327655383,39.028232921130055],[-77.26312196618711,39.02862316600817],[-77.2610860600289,39.02797443316549],[-77.25998405051111,39.03050602386843],[-77.2745752995718,39.033748327900135],[-77.28060024223761,39.037705945757295],[-77.28390920893384,39.038548649904214],[-77.28746888693955,39.03335471037368],[-77.28746780546578,39.03166709889116],[-77.28823262961824,39.033808778589034],[-77.2916261097963,39.03432670343099],[-77.29289746982144,39.03283328958873],[-77.29417001461047,39.03302747443607],[-77.29501712490531,39.03146931240568],[-77.29840920884382,39.03029944068276],[-77.29781325634002,39.0275086664684],[-77.29806695233405,39.02653492847464],[-77.29891525049891,39.026664351038995],[-77.29951123837397,39.02945511957005],[-77.30095285158478,39.0290000736401],[-77.2993421145673,39.03010428055701],[-77.29934347158863,39.03179189147826],[-77.29756218486023,39.031857625541846],[-77.29781722100445,39.0325714985097],[-77.2960359137998,39.03263721069131],[-77.29128769571513,39.03562500483279],[-77.28840296438946,39.03484724423011],[-77.28416413450091,39.039262551712476],[-77.298930071502,39.045228087001156],[-77.30198446601588,39.04535643835439],[-77.30317124457058,39.04418749952993],[-77.30478371896402,39.044770854894736],[-77.3063101509311,39.04399116062868],[-77.30766436785593,39.04048539345782],[-77.31131186367155,39.0400290206717],[-77.31241223031675,39.037496970802714],[-77.31393842778441,39.03671718376998],[-77.31478344199044,39.03347127427488],[-77.31452481734951,39.02938221451284],[-77.31299710623027,39.028474397492324],[-77.31435412236891,39.02834378569259],[-77.31460588864786,39.025682404305655],[-77.31273859979622,39.02438533743826],[-77.31468866464024,39.023670204768905],[-77.31451627176901,39.020944169009624],[-77.31180086541472,39.01951777321616],[-77.30942358037217,39.01679297230592],[-77.31111999287936,39.017051656073725],[-77.3112906151837,39.01809008739308],[-77.31587314467772,39.02081354077434],[-77.31646447276133,39.01854140137642],[-77.31782129734513,39.01841075190528],[-77.3179884396191,39.01607396027591],[-77.3188366512067,39.016203246533024],[-77.31891748849574,39.0125034415699],[-77.3177296966638,39.0119849189824],[-77.31874677041431,39.01146502168095],[-77.31704692627441,39.007831232882715],[-77.31373897314938,39.00698941591183],[-77.31543344250188,39.00556043640366],[-77.31458365094264,39.00374352369379],[-77.31687271935355,39.003417604133],[-77.31628152695964,39.00568973989445],[-77.31823285056878,39.00666215748634],[-77.31857425438919,39.00873899700438],[-77.32018238629048,39.00594694061521],[-77.32043201609896,39.00159795440163],[-77.32178851754766,39.00146726193733],[-77.32179227204026,39.00484246781382],[-77.32348653318526,39.00341337888939],[-77.3247586449221,39.00360724936963],[-77.32145453352652,39.006140845030785],[-77.32247339210164,39.007308521530156],[-77.3206927258554,39.00737458707495],[-77.31899831756166,39.008803638779014],[-77.31882941568094,39.00945282408155],[-77.32052569044563,39.00971137903706],[-77.31908458198069,39.010166650716585],[-77.319765660098,39.01263272140538],[-77.32146201234717,39.01289126370237],[-77.31993639546619,39.01367114009042],[-77.31951412778525,39.01529410751674],[-77.3212105412102,39.01555265336205],[-77.32324472418456,39.01451279284107],[-77.32612902138581,39.01528974151726],[-77.32866756974936,39.010614599391765],[-77.32756817565334,39.01314678189731],[-77.33002836166439,39.013859027263585],[-77.32723050168343,39.01444517656743],[-77.32723250548774,39.01613278272748],[-77.32451897025254,39.01639427242076],[-77.32426566377318,39.01736806278049],[-77.32273808342809,39.01646036740004],[-77.31968486580963,39.016332526998546],[-77.31689035516047,39.02029365792933],[-77.31485935342829,39.02470863231901],[-77.31621804444839,39.02626560940124],[-77.31537317800502,39.02951152471512],[-77.32012368557322,39.02989803272184],[-77.32317556343347,39.02833825250699],[-77.32241544485925,39.03125962007634],[-77.32173597907968,39.03048116659578],[-77.31605256661119,39.030290012878346],[-77.3153800946671,39.03626196981433],[-77.3126674320315,39.03821081395001],[-77.31232937558592,39.0395091735113],[-77.31394181969665,39.04009240952101],[-77.31750298503516,39.03827283277165],[-77.32463255710293,39.04138382509965],[-77.32480148134452,39.04073462845207],[-77.3310788619412,39.04034077840732],[-77.33158544568279,39.038393162044244],[-77.33387552865244,39.038066927127055],[-77.33564593591322,39.029562616116294],[-77.33403355124716,39.028979662920726],[-77.33420236275172,39.0283304548569],[-77.33589913247836,39.0285888005785],[-77.33615232226252,39.02761498468336],[-77.33504856053636,39.026772021146016],[-77.33597911550551,39.02488897700244],[-77.33504418969716,39.02339680363537],[-77.3363100376829,39.01852773349436],[-77.33766907240455,39.020084474250325],[-77.33699400864661,39.022681320833144],[-77.3379289652625,39.02417347934286],[-77.33691407967983,39.02638114370116],[-77.33818662895838,39.026574877314324],[-77.33590133784377,39.03027641054543],[-77.33692076654454,39.03144397310715],[-77.33666979703494,39.034105402237564],[-77.33497507987464,39.03553467828497],[-77.33548811356091,39.03864988326973],[-77.33226509084231,39.039171562677765],[-77.33184295026045,39.04079457893814],[-77.32904406842526,39.04138077176098],[-77.3291305598172,39.042743784114236],[-77.32726257371455,39.041446931914166],[-77.32522769465788,39.042486862945886],[-77.32259764219731,39.04242371303365],[-77.32089873933484,39.04047757135168],[-77.31801349887822,39.03970049789586],[-77.3169960249268,39.04022039163672],[-77.31589229395837,39.03937725605942],[-77.31470579843803,39.04054631544588],[-77.31054952884129,39.04126270741416],[-77.30970263732183,39.042820977966876],[-77.30732775405451,39.04347135408886],[-77.30707412299276,39.044445113796876],[-77.30419034265829,39.045355333456435],[-77.30291899563797,39.046848866089974],[-77.30843458445837,39.04768979666611],[-77.31530941760916,39.05008747580645],[-77.32991326260614,39.05838614305379],[-77.33330818674784,39.0589029311858],[-77.33644542804791,39.057018211996635],[-77.3406867515968,39.05597634155815],[-77.33712753410087,39.05948420700267],[-77.33721419860642,39.06084721803409],[-77.33577218089044,39.061302687360836],[-77.3390828608018,39.06214392496404],[-77.33705650440103,39.06993453673495],[-77.33434099583103,39.07019624352048],[-77.33383426425908,39.07214388202632],[-77.33026977219089,39.07227631488666],[-77.32645576950846,39.07675769697165],[-77.32416443402701,39.07708379730258],[-77.32348452108408,39.07630534712604],[-77.32127770535857,39.076306794652744],[-77.32144674074222,39.07565759855306],[-77.32628479277926,39.07571927593907],[-77.3267917515922,39.07377166696031],[-77.32865852154444,39.073380910337924],[-77.32992980369009,39.07188710729307],[-77.3306900451177,39.0689656730376],[-77.32958571879273,39.06812265489531],[-77.32873688218861,39.067993440912154],[-77.32839897428259,39.06929185098143],[-77.32670128100305,39.06903340095074],[-77.32381291906135,39.066568837055975],[-77.32169090423724,39.066245692732636],[-77.31880282295992,39.06378101361061],[-77.31718627055572,39.05982259902665],[-77.31404501106526,39.05833159432765],[-77.30886991518344,39.0595677953156],[-77.30870237975775,39.06190459203012],[-77.30785365290951,39.06177523553299],[-77.30844556487457,39.059503118390516],[-77.30259075408667,39.059960524211526],[-77.29639484704593,39.058340736489654],[-77.29461415484343,39.06009404778498],[-77.29571795354425,39.06093737546895],[-77.29580511876196,39.063988035991905],[-77.2978423433716,39.06463620365251],[-77.29784366621544,39.06632382471994],[-77.2998809744716,39.066971959226606],[-77.30047732995173,39.06976274267574],[-77.30200575254476,39.070670720227646],[-77.29979910753897,39.070671786329235],[-77.29988234469312,39.0686595809802],[-77.29716544295326,39.06723285343479],[-77.29581149701184,39.07242614557892],[-77.29436899023092,39.072881135273306],[-77.295219084816,39.07469820778925],[-77.29241860210767,39.075283578802164],[-77.29216466026003,39.076257313554244],[-77.29445735756339,39.07761942786363],[-77.29564732815362,39.079825804174874],[-77.29191071160746,39.07723104796061],[-77.29156974801342,39.075154110758945],[-77.28741019052222,39.07418210880187],[-77.28673176342846,39.07509108185338],[-77.28732875948297,39.07956955772157],[-77.28979079956939,39.080282608520804],[-77.2910664984424,39.083852079338556],[-77.29369924973517,39.08560352438027],[-77.29488932805712,39.08780991120471],[-77.29183197792445,39.08599375667463],[-77.29072668578704,39.08346276369697],[-77.28775538584323,39.083009559056734],[-77.28733307561394,39.086320063865784],[-77.29022327774666,39.09216074223557],[-77.28996924749231,39.09313447554519],[-77.2885251860684,39.09190176955077],[-77.28725270259987,39.093395154378285],[-77.2886087597499,39.08988956390823],[-77.28759037265321,39.090409221419556],[-77.28741883807605,39.08768311609639],[-77.28656984804086,39.08755361360435],[-77.28673602383655,39.0818415824519],[-77.28554732836369,39.08132274578763],[-77.28266278564308,39.08392009825112],[-77.27714558788004,39.084765644795475],[-77.27646693357984,39.085674563570926],[-77.27757091022502,39.086518056383966],[-77.27502483598141,39.087816957688744],[-77.27400715046046,39.09002413228405],[-77.27417973480264,39.096125517791364],[-77.27579394030023,39.0983968861878],[-77.27435157032224,39.100539277620825],[-77.27562686629462,39.10410892045043],[-77.2745234267221,39.10495304092218],[-77.27486404281169,39.10703003646091],[-77.27240197533393,39.10800432071288],[-77.27435234813352,39.102226910095155],[-77.27358721290649,39.100085118600276],[-77.27180422850317,39.1001504840365],[-77.2712956115723,39.102097877935336],[-77.27036170605663,39.1022928298888],[-77.26951257571035,39.10216321052765],[-77.27044579476001,39.100280632543964],[-77.2695966877817,39.10015101380699],[-77.27154921074393,39.09943654901908],[-77.27129419799665,39.09872261357536],[-77.27392624354658,39.09878685039919],[-77.272989403111,39.092231299457644],[-77.27180063583815,39.09171233031224],[-77.27315815698466,39.08989453812439],[-77.2719694267364,39.08937557082025],[-77.27595772797712,39.08593434341551],[-77.2753629825641,39.08483106108403],[-77.27315590725782,39.084831654054504],[-77.27179704400744,39.083274189946046],[-77.27026941665736,39.08405346551234],[-77.2687411092168,39.08314509542362],[-77.26602544592804,39.08509293691229],[-77.26441238807237,39.0845090742486],[-77.26415803870773,39.085482753380646],[-77.26305423349542,39.084639141598714],[-77.26195192284838,39.08885840340716],[-77.2586413326585,39.08970273527397],[-77.25821725407212,39.09132551551942],[-77.2574530944385,39.09087125809009],[-77.25668931182007,39.09210462532736],[-77.25465168436577,39.091455779703374],[-77.25456716847421,39.093467962976156],[-77.25219013662999,39.09411729074374],[-77.25015249291388,39.09346837111834],[-77.25023756629217,39.09483145072513],[-77.24921883557086,39.0953507942834],[-77.25125676504369,39.09768736055792],[-77.25100219323657,39.098661015163984],[-77.25448359665894,39.10054304139455],[-77.25618248034293,39.104177745377704],[-77.25788074357747,39.10443716050458],[-77.2570323614441,39.10768272392881],[-77.25949505684999,39.10839637866806],[-77.25847620208498,39.10891579943901],[-77.25686267592044,39.108331836162115],[-77.25660850762783,39.11099313962758],[-77.2581372492479,39.11190166369507],[-77.2561846151777,39.11430355600425],[-77.25448549457083,39.110668844960344],[-77.2558438032388,39.1088512353536],[-77.25601279541223,39.10482685601365],[-77.25337996561238,39.10138697360213],[-77.24862477945189,39.09762264375488],[-77.24811555892234,39.09956994182043],[-77.25015335557461,39.100218895585286],[-77.24921961149931,39.102101321164945],[-77.24752143380265,39.10184178783822],[-77.24820077155827,39.102620657096686],[-77.24718206372124,39.10482761814376],[-77.24599327473344,39.10430840095589],[-77.24565383031847,39.10729422850089],[-77.24684266574202,39.10781344923243],[-77.24684280454038,39.109501084163114],[-77.24522935890833,39.10891696984277],[-77.24429513658046,39.10573645715674],[-77.24259689150493,39.10547685637852],[-77.24157797336794,39.10768377270938],[-77.23962493406347,39.108397767828365],[-77.23639823384532,39.10722933122859],[-77.23554885929978,39.110474749711294],[-77.23835115649965,39.10989065653155],[-77.23741698225916,39.111772996943095],[-77.2392851719945,39.11307121643122],[-77.23937006439937,39.114434308583746],[-77.23529390262867,39.11313601064008],[-77.23520908823043,39.111772916049766],[-77.23342560964701,39.11352536740852],[-77.23427526789412,39.10859232633216],[-77.23291642442331,39.11040970015433],[-77.22951954561302,39.111577799671906],[-77.2272263608745,39.113589750867106],[-77.22629151209553,39.117159646451995],[-77.23011256420975,39.121119494993536],[-77.22849870764456,39.122222801345416],[-77.2327451959957,39.12287224338041],[-77.23333960546141,39.12397573758639],[-77.23316967011979,39.12462481952784],[-77.23062170423513,39.12423518026078],[-77.23096115518811,39.12631230368098],[-77.22951717215514,39.12676654510326],[-77.22977213051054,39.12579292920973],[-77.22815846026819,39.12520859149735],[-77.22815905092004,39.1218333118589],[-77.22646048716882,39.12157348984383],[-77.22646082194001,39.119885850958354],[-77.22425268132348,39.119885575498664],[-77.22493156800132,39.12235221375521],[-77.22467655683505,39.12332581905961],[-77.22331760534237,39.12345545313045],[-77.22425152303094,39.124948493821215],[-77.22365644379647,39.127220236923584],[-77.22255247480096,39.12637625874445],[-77.22263706869863,39.127739365868415],[-77.22170225757176,39.129621594781376],[-77.22153265434314,39.12858301976405],[-77.21881453853665,39.1288422046094],[-77.22178816949842,39.125921779007],[-77.22187363130912,39.12390960553861],[-77.22068471095882,39.123390144425976],[-77.22323300366207,39.12209234762658],[-77.2227237740168,39.12066427200477],[-77.2201760031278,39.120274419009355],[-77.21864704393049,39.12105306544796],[-77.21652390649638,39.12072812194146],[-77.21635382847815,39.121377180476394],[-77.21516498906222,39.1208576668493],[-77.21397554178476,39.12202578089682],[-77.21057851896236,39.12150572617442],[-77.21006739522247,39.12514051723328],[-77.21091668795523,39.12527054319324],[-77.20938752431306,39.126049076541655],[-77.21142571772457,39.12669866845845],[-77.21151010315475,39.1280617832296],[-77.20879271648342,39.126633107919986],[-77.20930171403582,39.12806124226585],[-77.20794264650804,39.12819070843198],[-77.20666787056251,39.12968327824391],[-77.2072611585108,39.13247454100898],[-77.20564752098149,39.1318899104197],[-77.20505180287702,39.13416156759762],[-77.20369261360435,39.134290987474756],[-77.20369347754894,39.13260334443146],[-77.2015700693677,39.132278144854695],[-77.20182632904546,39.12961694321131],[-77.20344075507634,39.12851398145528],[-77.20140349923199,39.12617661757163],[-77.20089281237878,39.128123732757594],[-77.19910907470414,39.12818805586127],[-77.1977509886077,39.12662976965376],[-77.19528722300207,39.127602530162505],[-77.19477636213651,39.12954962077927],[-77.19248277192874,39.12987329610989],[-77.19265196271235,39.130911910965295],[-77.1904423152628,39.13259867747117],[-77.18882760101286,39.13370147137076],[-77.18712890053881,39.13344111149726],[-77.1862782862119,39.13499856599879],[-77.18542892385155,39.1348683715163],[-77.18704496650872,39.132077978761615],[-77.18432659699192,39.13233640996544],[-77.18313780735448,39.131816589030905],[-77.18551668999731,39.131168577189996],[-77.184668679821,39.12935073582891],[-77.18925467702397,39.13039127279505],[-77.1901051735558,39.12883379937541],[-77.18857692699416,39.12792443600018],[-77.18917190795784,39.12734050118032],[-77.1903606675132,39.1278602639696],[-77.19053216271317,39.125523599629595],[-77.18764494128513,39.124743486346574],[-77.18713639284576,39.12331526433611],[-77.18433447987432,39.12221056520435],[-77.18450484597423,39.12156155039509],[-77.1909579532231,39.123901040037886],[-77.19138372470854,39.12227847950899],[-77.19316732408528,39.122214267291376],[-77.19469765365326,39.11974829534297],[-77.1988585780654,39.120723408572424],[-77.19809547438341,39.11858114542895],[-77.19512331725457,39.118125723337556],[-77.1953787062869,39.11715217968263],[-77.19351119653612,39.11585329956857],[-77.19529569509912,39.114101420118885],[-77.1992019450668,39.11436242698142],[-77.20174848706392,39.1164403463338],[-77.20149318591129,39.11741390293426],[-77.20276696760523,39.11760902724262],[-77.20200107224646,39.12052970297141],[-77.198942720693,39.122086530246946],[-77.20038492048397,39.12500792352154],[-77.20131930568002,39.12481349646056],[-77.20064026318705,39.12403436774156],[-77.20166065453705,39.121827780096964],[-77.20616133300936,39.12319221128176],[-77.20726662470486,39.120661055753736],[-77.20981506139222,39.11936353464293],[-77.21491045538173,39.12014361290472],[-77.21686405341373,39.11943000442221],[-77.21720418817281,39.118131886303544],[-77.2212803069048,39.119430778549486],[-77.22450768609303,39.11891197172325],[-77.22399845368324,39.1174839022143],[-77.22544300348567,39.11365445150508],[-77.22391463399099,39.11274552517843],[-77.22408423429779,39.113784093707096],[-77.22281046244447,39.11358918793174],[-77.22264088080465,39.11255061770496],[-77.21890518988066,39.10995365110794],[-77.21805606192862,39.10982368009809],[-77.21865014146958,39.11092724169148],[-77.21669678965863,39.11164087705335],[-77.21279127553812,39.10969278450396],[-77.21313014867243,39.11176995064187],[-77.21117740978441,39.110795863567645],[-77.21049698140533,39.11339206250868],[-77.2082047303465,39.11202839053447],[-77.20599601851478,39.113715427076386],[-77.20514686969489,39.11358536780541],[-77.20582667699028,39.112676833906626],[-77.20497837444852,39.11085913769734],[-77.20209158076074,39.11007936208166],[-77.20226175975822,39.109430324492436],[-77.19665760305887,39.10890918554781],[-77.1978471140231,39.107741240162994],[-77.19963035075507,39.107676935421615],[-77.20039526570959,39.106443915376175],[-77.20251791350049,39.10676913336769],[-77.2031976898892,39.105860615040804],[-77.20464058029582,39.107094315137374],[-77.20395995296681,39.1096904764379],[-77.20540375632562,39.109236533317784],[-77.20803536117549,39.11098980071342],[-77.20795106077976,39.109626688151614],[-77.20956422229996,39.11021128629224],[-77.20990444434022,39.10891319047622],[-77.21151760573531,39.109497763190554],[-77.21015960289104,39.10793961821678],[-77.20693339712128,39.106770417034696],[-77.20532281045827,39.10112288556598],[-77.20736026822165,39.101772540957704],[-77.20939630024398,39.105797429768145],[-77.21100938836156,39.106382008725376],[-77.21202854685545,39.10586297726791],[-77.21228233808688,39.10826466958377],[-77.21482964539628,39.10865468340838],[-77.2149152796346,39.10664252151688],[-77.21627393160273,39.10651297969775],[-77.21635838455775,39.10787608579177],[-77.21975481138567,39.108395981239525],[-77.22213172969006,39.11112254232253],[-77.22349045257732,39.11099292152573],[-77.22366004272739,39.11203149027958],[-77.22705671609656,39.11255118666433],[-77.22807614366627,39.11034438729735],[-77.23147298801089,39.1091763274956],[-77.23130329282708,39.108137769975954],[-77.23249203947181,39.108657128013576],[-77.23334135447038,39.10709936570117],[-77.23232252946235,39.10593093767387],[-77.23019977283204,39.10560622863175],[-77.22926598155117,39.10411323824465],[-77.2223884494415,39.103398407398544],[-77.22238887872096,39.10171077447399],[-77.22043581144342,39.10242446731223],[-77.21814424775218,39.09937334930867],[-77.22264426800523,39.09904954587595],[-77.22255885678229,39.10106171015948],[-77.22442650554575,39.1023601502165],[-77.2262095865938,39.102295464301356],[-77.22646450339676,39.10132185982852],[-77.22867179647616,39.10300972883117],[-77.2293512105951,39.102101068186606],[-77.23062479856982,39.102295906522045],[-77.23028497776382,39.103594057358464],[-77.23172828309133,39.104827442485615],[-77.23351141818962,39.10476265180742],[-77.2333415293266,39.10541173155308],[-77.23503987519771,39.103983825071076],[-77.23801163734332,39.10612592557948],[-77.2427666978253,39.10482776397988],[-77.24353085056909,39.103594479333374],[-77.24573849604047,39.103594412447954],[-77.24573838290617,39.101906779430536],[-77.24735152633771,39.100803253699524],[-77.24370051255812,39.09957012081671],[-77.24701172598023,39.09872618534141],[-77.24811505391538,39.094507048275396],[-77.24539830781974,39.094766812423956],[-77.24336064866284,39.09243015139584],[-77.24047416631436,39.09333889953243],[-77.23987989912892,39.0922354459524],[-77.2351258779282,39.090158234981075],[-77.23359771267091,39.09093706073686],[-77.231475388381,39.090612374395704],[-77.23096575737839,39.0925595996013],[-77.22943776252025,39.09165074483103],[-77.2226455378809,39.09398665290777],[-77.22230561337398,39.095284779879925],[-77.22086219288249,39.09573891806707],[-77.2200132275567,39.09560896077684],[-77.22077766954035,39.094375818187274],[-77.22009918527189,39.091909170539346],[-77.22137256978651,39.09210410328551],[-77.22162751564743,39.09113051060995],[-77.22205153616852,39.092883113974715],[-77.22476829522692,39.09262386019812],[-77.22663642771047,39.09054700570876],[-77.23062646397605,39.09048248971794],[-77.22969285828405,39.088989506812666],[-77.23359788153412,39.08924943176159],[-77.23572029506349,39.087886453230695],[-77.23877627325056,39.091391617515036],[-77.24285123132272,39.091002166379745],[-77.24514346913035,39.09236519402611],[-77.24488883404996,39.09333883513205],[-77.24845451365495,39.09320885096114],[-77.24853919852279,39.09119667194667],[-77.25303885933921,39.09255939821254],[-77.25371757254851,39.08996297703408],[-77.25592480383521,39.08996272925359],[-77.25668857691609,39.08872936720882],[-77.26093289358826,39.087690213935396],[-77.26127209248259,39.08639198328471],[-77.25965860758792,39.08412043145346],[-77.26135641448202,39.08437979811662],[-77.2649210663537,39.08256171494986],[-77.26704330481664,39.0828858297013],[-77.26695732432545,39.079835138686576],[-77.26908014740222,39.08184684456187],[-77.27527744960351,39.08346800126729],[-77.27553164292732,39.08249429974939],[-77.27977622945393,39.083142130641],[-77.28325468124267,39.079960466176075],[-77.28393419737961,39.08073913691284],[-77.28741451389749,39.08093260825252],[-77.28563097233247,39.07931054610074],[-77.28588292171503,39.07496157496913],[-77.28367614622711,39.07496235475701],[-77.28622161551279,39.073663279314324],[-77.28333542859764,39.07288539582908],[-77.28231627961755,39.071717385138086],[-77.2792608120801,39.07158854955043],[-77.28027899501596,39.07106896209012],[-77.27976900209472,39.06964113410658],[-77.28257033754488,39.070743671319995],[-77.28316507708543,39.07184691630887],[-77.28486268109732,39.07210596126579],[-77.28554110370229,39.07119699891168],[-77.28757952347607,39.07353295906239],[-77.29224811518579,39.07424511128575],[-77.29343430145401,39.07138863633146],[-77.2952165607701,39.07132296101178],[-77.29529866170243,39.06762313649784],[-77.29657052866965,39.066129676384215],[-77.29495764637066,39.065546212208254],[-77.29410766535555,39.06372914090553],[-77.29215632335334,39.06444395529769],[-77.28961015130568,39.06405552917182],[-77.29376793048573,39.06333983500415],[-77.29427567416901,39.06139236313915],[-77.29308604696783,39.05918598103968],[-77.29350915963838,39.05756309143618],[-77.29223618710375,39.0573688989917],[-77.29147099712942,39.05522723523741],[-77.28790616576674,39.05367083462657],[-77.28663221398176,39.05178896757463],[-77.28408651467275,39.05140042912173],[-77.28103096557122,39.04958402081242],[-77.27933211539036,39.04594969271223],[-77.27296852684705,39.04497787583803],[-77.2683860819759,39.04225282828027],[-77.26227718668449,39.04030678420599],[-77.26541717523175,39.04348670743872],[-77.26516298283137,39.04446038147828],[-77.26363557143387,39.04355195503182],[-77.26278713909582,39.043422291113636],[-77.26253291169974,39.04439595975987],[-77.26134500118026,39.0438768950881],[-77.26117597444141,39.046213620996994],[-77.26380770753204,39.051340920522506],[-77.26635329632721,39.051729874519644],[-77.26559007593548,39.0529632876896],[-77.26677876673236,39.05516993054988],[-77.26593077501498,39.056727906271284],[-77.26813763018491,39.058415060541684],[-77.26644040552685,39.05815578773928],[-77.26525394063452,39.06269961833549],[-77.26406571155877,39.06218057801781],[-77.26584661171292,39.05874008445738],[-77.26576128788996,39.057377024537985],[-77.26457314219257,39.056857989563],[-77.26508106059165,39.05322302143586],[-77.26151641331776,39.04997824723708],[-77.26194017708433,39.04835546785975],[-77.26024275963884,39.04640849494531],[-77.25990417077702,39.04939432974534],[-77.25803764769431,39.04978405174303],[-77.25701922901197,39.048615838413824],[-77.25566207514005,39.05043344074727],[-77.2512500128084,39.05043388781975],[-77.25141985824499,39.05147240707366],[-77.25362592093043,39.05147220010858],[-77.25362621708867,39.05315981752723],[-77.25125049481981,39.05380912255283],[-77.25532395054982,39.05679450163651],[-77.25439089816167,39.05867695103575],[-77.25600330229435,39.05926094103182],[-77.25490031565464,39.06010488032358],[-77.2571070173155,39.06179223152953],[-77.25617359160009,39.06198707544151],[-77.25549556696066,39.06627111807108],[-77.25727811594733,39.06789360878685],[-77.25668416892566,39.06847786272754],[-77.25566551006645,39.0673096344338],[-77.2549019447103,39.06854298534568],[-77.2531197173019,39.06860808240198],[-77.25108349198314,39.07302204972345],[-77.25040417856899,39.070555577350234],[-77.24666992363107,39.07133471075166],[-77.24743396291123,39.073476656382105],[-77.24879193682945,39.073346759996944],[-77.24845257588932,39.07464495345905],[-77.24607610506884,39.07529416203433],[-77.24717971781135,39.07782554802327],[-77.24505771575986,39.07750109438887],[-77.2453973610243,39.07957815985287],[-77.2442939428514,39.08042200807829],[-77.2455673000628,39.08230431880624],[-77.24310562569278,39.081590391706996],[-77.2426812475212,39.083213116476045],[-77.24072887997515,39.08223949885134],[-77.23758806890281,39.08412180862355],[-77.23945564922548,39.08035713857446],[-77.24327531575547,39.079253675679304],[-77.24259620909359,39.076787157827745],[-77.24471800051356,39.073736404641515],[-77.2434448752389,39.07354171173148],[-77.23979522247528,39.077371343064215],[-77.24013476782362,39.074385548258114],[-77.24149277176721,39.074255731617626],[-77.24785785351773,39.068478672698994],[-77.25065865994644,39.069581929037014],[-77.25193147829698,39.068088925493036],[-77.25379850419051,39.06769929397635],[-77.25413773721988,39.066401087548236],[-77.25210085310285,39.06575220316315],[-77.25244010736553,39.06445400182374],[-77.25422223352761,39.06438891456452],[-77.25473104400213,39.06244160410833],[-77.25201526120127,39.061013891074765],[-77.2522694229019,39.058352621659566],[-77.25337241349763,39.05750870598647],[-77.250571805775,39.05471789481298],[-77.25040218619431,39.055366991888086],[-77.24785655542527,39.05497771078928],[-77.24666871145472,39.056146123127604],[-77.24641435242691,39.058807380040605],[-77.245056645873,39.05893725010597],[-77.24429298846678,39.0601705339716],[-77.24268065825044,39.0595863919088],[-77.24208666178603,39.06017057519849],[-77.24293530065201,39.06198800094917],[-77.241492670271,39.06244237590918],[-77.24149268476843,39.06412999661737],[-77.23945597719643,39.063480905212074],[-77.23750394851685,39.06757010412526],[-77.23504271711653,39.06854364127609],[-77.23512747794899,39.06990672494125],[-77.23011980694373,39.07217819297164],[-77.2328352036732,39.076981636152155],[-77.22782667064953,39.08094064055509],[-77.22409164011253,39.08171909690587],[-77.22494119022024,39.07847377431046],[-77.22358347930341,39.07691578507129],[-77.22553654220151,39.07282679797953],[-77.22791311576505,39.072177982504506],[-77.22791341657917,39.070490359368954],[-77.22969571266142,39.07042562382888],[-77.23164804323204,39.06802416737416],[-77.23249670715394,39.06815404453966],[-77.23300612602338,39.06620682178761],[-77.2347034193144,39.06646655168928],[-77.23495809668891,39.06549293626108],[-77.23580673697049,39.06562279075998],[-77.23521276724078,39.06451932048088],[-77.23699500033257,39.06276685951048],[-77.23818304564297,39.06328615875276],[-77.23988031216751,39.06185819726979],[-77.24132291992163,39.05802860180674],[-77.23971066108061,39.05744442142287],[-77.24013495513063,39.05582171434909],[-77.24429290895874,39.05848291445367],[-77.24412307339816,39.05575676547458],[-77.24573533026563,39.05634088842325],[-77.24768675270306,39.05393918602631],[-77.2498080787212,39.05426359340292],[-77.2503169365668,39.05231630451588],[-77.25116545045452,39.052446053809426],[-77.2500620841972,39.04991471470597],[-77.25557695201209,39.049070375829864],[-77.2569340825679,39.047252774857725],[-77.25930996790352,39.04829097785877],[-77.2595642520821,39.04731731515299],[-77.25947862746408,39.04426663836302],[-77.25693333675444,39.043877544003756],[-77.25617003899146,39.045110897610506],[-77.25396416932998,39.04511114975605],[-77.2510792241179,39.042644906221874],[-77.25090987030806,39.04498161765091],[-77.24522561340012,39.0464748377394],[-77.24259540694624,39.043034763448176],[-77.24081379379787,39.043099683702565],[-77.24174699779059,39.041217341401335],[-77.24106830286011,39.04043844554527],[-77.23860809005502,39.039724434664336],[-77.23767482396204,39.04160675289937],[-77.23334816784771,39.041282025103804],[-77.23402694673906,39.040373349071515],[-77.23233026495934,39.04011361112245],[-77.23071824003225,39.041216929799575],[-77.22986912781631,39.04614988572205],[-77.22766322663217,39.046149670811296],[-77.22851134127185,39.04796719058394],[-77.22588117596594,39.047901992791296],[-77.22418396031641,39.04932975951422],[-77.22638928578128,39.05270527027212],[-77.22520113394458,39.053873476857866],[-77.22630403266598,39.05471742007074],[-77.22503128980898,39.05452253917414],[-77.22477651791887,39.05549613235201],[-77.22604858906293,39.05906625372533],[-77.22528424601859,39.061987040800325],[-77.22638726881209,39.06283098448694],[-77.22502945135352,39.06296063578442],[-77.22545338957059,39.06471321849655],[-77.22384111002629,39.064128831484844],[-77.22451946196182,39.066595446120914],[-77.22290714817551,39.06601104679311],[-77.2228217830541,39.06802319895762],[-77.2209550452532,39.066724743061854],[-77.22222842363752,39.06523204462161],[-77.22163466324115,39.06412850952166],[-77.22341680891925,39.06406386411481],[-77.2229079821875,39.06263580481074],[-77.22494488798046,39.061597546937165],[-77.22316321518397,39.05997459429696],[-77.22435149949365,39.05880640594434],[-77.22307910327004,39.05692388588007],[-77.22469234348623,39.052445427437235],[-77.22350497477998,39.05023838315848],[-77.22078979512324,39.050497607348895],[-77.2208738035324,39.053548313863445],[-77.21917686127631,39.05328839565073],[-77.21663090799802,39.05458609269383],[-77.21646041905608,39.05692276186608],[-77.21391491574046,39.05653278519992],[-77.21391428999833,39.0582204040684],[-77.21247221229798,39.056986822741045],[-77.20950102703993,39.0599069877498],[-77.20992313614673,39.06503486374278],[-77.21162031954196,39.06529490889602],[-77.21102533392276,39.06756656591439],[-77.21306190199924,39.06821612380815],[-77.21263693116857,39.06983874194382],[-77.21484294696282,39.071526846578706],[-77.21458797898443,39.07250042181499],[-77.2167096989052,39.072825395423116],[-77.21509671129574,39.07392851772461],[-77.21526609500714,39.074967090686606],[-77.21653916970936,39.075162072336724],[-77.21687798895144,39.077239214761406],[-77.2145867584551,39.07587566973813],[-77.21365177393938,39.079445444793635],[-77.21526431135156,39.0800299656422],[-77.21356613676491,39.08145759550724],[-77.21475371371815,39.08366474715491],[-77.21246232048757,39.08230116135353],[-77.21314045581393,39.08476784625948],[-77.21152783034937,39.08418329734127],[-77.21084836089695,39.08509185749567],[-77.21186654840476,39.08626045687667],[-77.20864052920142,39.08677893237144],[-77.2077901539561,39.090024148477895],[-77.2060081673381,39.08840094144826],[-77.20473321045822,39.0915811090267],[-77.20549704784368,39.0920356905674],[-77.20405358686415,39.09248963328537],[-77.2043087661358,39.09151607607869],[-77.20133767715373,39.09106080488231],[-77.20269694853448,39.089243782990444],[-77.20108430776015,39.08865909808047],[-77.20167886669736,39.08807510784591],[-77.20329149929493,39.08865978497792],[-77.20499004405521,39.087232293610604],[-77.20499087730815,39.08554466591676],[-77.20660348039615,39.08612929980073],[-77.2089806580323,39.08548084484908],[-77.21186991579538,39.07782232498581],[-77.21000240522582,39.078211327170635],[-77.20923868496075,39.07775677448294],[-77.2105124972817,39.076264193141164],[-77.21229495043558,39.07619970711976],[-77.21322931805345,39.074317568124194],[-77.2127206197124,39.07288946446889],[-77.21136258997058,39.073018966644405],[-77.21221194136245,39.07146135910167],[-77.21102394802833,39.070941810781456],[-77.21144896131834,39.069319197839235],[-77.20847948701218,39.067176477145324],[-77.20729470849587,39.05990641113375],[-77.20924749652625,39.057505311221334],[-77.21298208927364,39.055039685999645],[-77.2147640198276,39.05497516480523],[-77.21612228090481,39.05315800800111],[-77.21841334547427,39.05283390137869],[-77.2195171409249,39.05030267010504],[-77.2234204547871,39.04887529633056],[-77.22689973275052,39.04569522926314],[-77.22359070116715,39.04653862090305],[-77.21917937872374,39.04485031347699],[-77.21620838643808,39.04945824896833],[-77.21264479517262,39.04958730711243],[-77.2128134358989,39.05231349601972],[-77.21103156885515,39.052377989206555],[-77.20814551321094,39.0549735978137],[-77.20661859370165,39.054064468755115],[-77.20339396582165,39.05458280503198],[-77.20313890394344,39.055556353822105],[-77.20008331027589,39.05711319023226],[-77.19846845033902,39.06159133264382],[-77.19422368262799,39.06431596826065],[-77.19617494558953,39.06529031316664],[-77.19608884127409,39.06730244662515],[-77.19846451241689,39.06834181683754],[-77.19914107352724,39.072496194887535],[-77.1971895773426,39.07152189529583],[-77.19456181358427,39.066393167394644],[-77.19218513161479,39.06704134429823],[-77.19184478911863,39.06833938145837],[-77.18777082896709,39.068727158713386],[-77.18683587398007,39.07060910430803],[-77.18836289358673,39.07151847917574],[-77.1881926792433,39.072167493124034],[-77.18624133866649,39.071193021657784],[-77.18555782162225,39.07716431300511],[-77.18725520104464,39.07742469153381],[-77.188356797006,39.07995660040837],[-77.18988403206308,39.080865958135966],[-77.19268555423524,39.080282897564146],[-77.19098693021907,39.08171021892718],[-77.19183454250073,39.08352800055011],[-77.18750683503832,39.08151404726571],[-77.18632012080732,39.079306636227244],[-77.1843686136474,39.07833213408538],[-77.18513347866714,39.077099214752394],[-77.1843699256617,39.076644509340824],[-77.18122928216923,39.07683776776961],[-77.18003859739132,39.079693172475174],[-77.18071700466741,39.08047240707913],[-77.17961282210462,39.08131568096267],[-77.18190356773201,39.082679872092434],[-77.18309020288733,39.08488732667671],[-77.18521214351189,39.08521283880873],[-77.18580552301381,39.086316552126824],[-77.18928584360559,39.08651277160024],[-77.19047276562054,39.08872015726247],[-77.18580424416702,39.08800417989996],[-77.18461747566566,39.085796749952486],[-77.18190082886396,39.08605512580536],[-77.18181704763803,39.08469200201737],[-77.17952624020569,39.083327808784865],[-77.17723108518076,39.087026454202544],[-77.17994636999649,39.08845580822579],[-77.17918129741952,39.08968869822075],[-77.18155608101209,39.09241602506343],[-77.18384853749882,39.09209255361534],[-77.1849515359338,39.092936869729826],[-77.18308349284175,39.0933254684691],[-77.18325246415966,39.094364088739866],[-77.1841013491259,39.09449429705993],[-77.1838472130952,39.09378018319174],[-77.18588427288547,39.09443018964699],[-77.18511794320628,39.097350748299036],[-77.18316596750847,39.096376223998014],[-77.18418386785942,39.09754505258646],[-77.18324844910165,39.09942698123208],[-77.18562498699303,39.10046660310802],[-77.1868971752063,39.102349521682825],[-77.1854533931101,39.10280324927589],[-77.18273746371626,39.1013740116894],[-77.18188713070629,39.1029314263658],[-77.18256577481588,39.103710654275105],[-77.17993504840497,39.101956850296496],[-77.17976610685396,39.10091822402242],[-77.18163436291876,39.10052967457951],[-77.1820602056616,39.09890715333354],[-77.18129644269862,39.0984524271905],[-77.18053128776114,39.099685327816886],[-77.17993929449489,39.09689395548516],[-77.18138299359678,39.096440292443646],[-77.1819791424153,39.09416876539585],[-77.18062205957986,39.092610302405014],[-77.17892434918382,39.0923498325415],[-77.17790806855147,39.08949333334411],[-77.17604158198206,39.08819419772284],[-77.17502241432823,39.0887129323914],[-77.17468012645035,39.09169855649144],[-77.17196322366947,39.091956715413765],[-77.16966906486009,39.0939675971108],[-77.16992141428152,39.096369370217296],[-77.17077029877801,39.09649966962716],[-77.16966410324619,39.099030488732794],[-77.17509690711829,39.100201842846886],[-77.17543465821291,39.102279107776184],[-77.17721778066512,39.102215124579715],[-77.17831940270827,39.104747134178005],[-77.17967808438821,39.10461799235657],[-77.18035531479241,39.10708486638329],[-77.17950628941507,39.10695463216775],[-77.17890995834186,39.10922615289535],[-77.17576789168133,39.10941927450121],[-77.17610871391004,39.108121271449775],[-77.17466628772017,39.10688724002139],[-77.17517752820156,39.104940240694766],[-77.17271577924912,39.10422491649337],[-77.17382194756482,39.10169406772998],[-77.16983289598842,39.100069128356516],[-77.17169796982068,39.103055992518314],[-77.17042289036122,39.10454818335313],[-77.17118664934442,39.105002976830725],[-77.17008033883268,39.10753380374873],[-77.17075889928473,39.10831309679482],[-77.16973941164431,39.10883179012415],[-77.16999181502922,39.11123356990879],[-77.16829539356908,39.10928531900319],[-77.16421901148662,39.10967232706044],[-77.16447655968025,39.1070112144058],[-77.16923299082698,39.105715865579576],[-77.16948868317944,39.10474237748034],[-77.16770549189553,39.10480624984283],[-77.17017049595182,39.102146407532366],[-77.16957722469567,39.10104261629405],[-77.16864306033136,39.101236803936345],[-77.16856286952036,39.09649840520443],[-77.16711908922811,39.09695191935028],[-77.16677815879157,39.09824989497909],[-77.16635370951809,39.09818473234544],[-77.16737477906156,39.095978437224375],[-77.16380881983396,39.096106095522494],[-77.16304339286552,39.09733888793721],[-77.16151614754656,39.09642919760491],[-77.161771910611,39.095455727101886],[-77.16627193872625,39.095133964667234],[-77.17068997447058,39.091761276513864],[-77.17086039104913,39.09111228420657],[-77.16839915309018,39.09039687639723],[-77.17247443153053,39.09000973271966],[-77.17247760840054,39.08663447674968],[-77.17358195458509,39.08579126543295],[-77.17332638375522,39.086764758465456],[-77.174938759072,39.08734980329634],[-77.17561869858285,39.08644143914508],[-77.1765556413812,39.08287194591551],[-77.1779990830343,39.082418323363505],[-77.17791537918879,39.081055197863755],[-77.17893441879626,39.08053644021028],[-77.18021171936404,39.07566891949038],[-77.17953336234437,39.0748896828139],[-77.1787684255754,39.07612256717914],[-77.17562778975154,39.07631568402468],[-77.17477759758272,39.077873042769724],[-77.17392892347527,39.07774277117867],[-77.17460878572518,39.076834414162754],[-77.17036550777227,39.076182992642586],[-77.17010992764641,39.077156477336096],[-77.16875174237892,39.07728551392425],[-77.16909253922071,39.075987537948485],[-77.17070627062274,39.07488501250288],[-77.17435480472471,39.07612028323081],[-77.17469549603317,39.07482229216793],[-77.17826039179509,39.0746943220788],[-77.17826184557953,39.07300669852278],[-77.18326985628036,39.072424943229244],[-77.18361037105174,39.07112692860344],[-77.18310093571948,39.071386327193274],[-77.18106454668572,39.07073627789662],[-77.18530889258524,39.06969971082501],[-77.18581958640917,39.06775268122929],[-77.18853553520024,39.0674942205931],[-77.18870573553825,39.06684520672286],[-77.18463314809587,39.065545259604946],[-77.18531276248427,39.064636846041665],[-77.19074324772457,39.065807508846824],[-77.19099851159848,39.064833983741444],[-77.19286578014012,39.0644452680895],[-77.19312211934509,39.061784118564326],[-77.18794595421159,39.06132766224656],[-77.1855706627216,39.06028809224201],[-77.18582597648705,39.05931457872308],[-77.18981433430567,39.05925137320773],[-77.19032248716637,39.060679567092635],[-77.19100198496369,39.059771123200925],[-77.1949892981841,39.0613953712106],[-77.19575485221938,39.05847477096139],[-77.19422909689818,39.05587787052096],[-77.19550178084556,39.05607306701604],[-77.19668839459344,39.05828038112057],[-77.19813122227517,39.05782652677114],[-77.20067948522724,39.05315397206868],[-77.1985584111142,39.052828725907155],[-77.19872848763852,39.05217970000117],[-77.1999160864937,39.052699364132216],[-77.20068041815317,39.0514663547874],[-77.2035640032785,39.05393377230694],[-77.20509171238277,39.05315532107518],[-77.2049225248425,39.05211673829858],[-77.20865549195202,39.05302647952122],[-77.20958965596054,39.05114437568757],[-77.21128651388761,39.051404424758786],[-77.21205130801715,39.04848372926934],[-77.21332391035344,39.04867874293598],[-77.2159546707931,39.04705659053696],[-77.21629448320802,39.04575849226057],[-77.21459773913958,39.045498511850916],[-77.21273237960614,39.04251232283601],[-77.211459886786,39.04231730331803],[-77.21137560180951,39.0409542101738],[-77.20832155360603,39.04082363099375],[-77.20713330566058,39.041991662348586],[-77.20738671224072,39.044393336682056],[-77.20594501953747,39.04315968257043],[-77.20577502853214,39.043808717337235],[-77.20416337074211,39.043224077140145],[-77.20178753173953,39.04387243505973],[-77.20289088845526,39.04302896981414],[-77.20238261208125,39.041600831751545],[-77.20416422267817,39.04153646274218],[-77.2056058529802,39.04277013717791],[-77.2060308225082,39.041147550829436],[-77.20866147316268,39.039525554996246],[-77.20204527406945,39.03783604962395],[-77.20179115984044,39.037121979713675],[-77.20832306436682,39.037448404021234],[-77.2086629681183,39.036150328767675],[-77.20705145684938,39.03556572680839],[-77.20798467490458,39.03537125285951],[-77.20815538567142,39.03303460402978],[-77.20900359925865,39.03316464085252],[-77.20908783074225,39.03452773379546],[-77.21078429911896,39.0347877889799],[-77.20968115901564,39.03563132314934],[-77.20967971133433,39.0390065490913],[-77.21086717329068,39.03952610734443],[-77.21154621671418,39.03861755446349],[-77.21129131999314,39.039591117291096],[-77.2134963868326,39.04127923682847],[-77.21459834890857,39.04381089673009],[-77.21638000282908,39.04374635248132],[-77.21773693997481,39.04530441122598],[-77.21901000927612,39.043811751397584],[-77.22180986999422,39.04322803815239],[-77.22282764741362,39.04439653896779],[-77.22537277362031,39.04478633219603],[-77.22664567708472,39.043293594248595],[-77.22842730761796,39.04322887720771],[-77.22868170478023,39.04394289334106],[-77.22936083392942,39.04134662793879],[-77.23114264007239,39.039594258023584],[-77.22953087178118,39.039009947408836],[-77.22740976893246,39.04037280834128],[-77.22452553319945,39.03959356363541],[-77.22435609963671,39.03855500978496],[-77.22248966440728,39.03894419690517],[-77.22104782352406,39.03771071925279],[-77.22104828352988,39.036023106357696],[-77.21875827351933,39.03465964814286],[-77.21901305298296,39.033686070811726],[-77.22189699532466,39.03446544274049],[-77.22240517657549,39.037581112041615],[-77.2246957223359,39.037256890428246],[-77.22554365907301,39.03907442768033],[-77.22978552224795,39.038036347265084],[-77.23054919324497,39.036803157331704],[-77.23054895374513,39.038490770477814],[-77.23224559129397,39.03875053268761],[-77.23241533419097,39.03810146228359],[-77.23563890275639,39.0392699876137],[-77.23708119786419,39.03712806921534],[-77.23979582017026,39.03686848955577],[-77.23979579527959,39.038556102730524],[-77.24234080797014,39.0389455478948],[-77.24251053743892,39.0416716913362],[-77.24581935782533,39.044203025548796],[-77.2498912145555,39.04043811797819],[-77.2540486456994,39.04309898442558],[-77.26380504530955,39.04290284123062],[-77.26159876149634,39.04121561456975],[-77.25905356624534,39.04082656385925],[-77.25973201961628,39.03991774745804],[-77.25642327094226,39.03907439903766],[-77.25625338300462,39.038035888849855],[-77.2531993770999,39.037906413193724],[-77.24963621438053,39.03634891920801],[-77.24743030591281,39.0329738307357],[-77.24267994322213,39.030896930543406],[-77.24106826572209,39.02693754934388],[-77.23708190088485,39.023627180564546],[-77.23674275439036,39.02155011267043],[-77.232077885589,39.02252349049589],[-77.23173846345918,39.02382162681689],[-77.22961810602271,39.02349691259627],[-77.23233244423484,39.021549887829714],[-77.23547056398688,39.02135533982243],[-77.23708207659922,39.02025196316133],[-77.23988097689292,39.01291741636588],[-77.23224879215425,39.0117487784562],[-77.23352097637672,39.01025597830395],[-77.23207951708542,39.009022634598125],[-77.23462345516494,39.00941223596813],[-77.23657368665712,39.01207354297521],[-77.24005059137188,39.012268338323565],[-77.24734280316007,39.00292143816822],[-77.24759708891997,39.00194780732288],[-77.24598602255313,39.001363713870774],[-77.2425944453519,39.002532148053255],[-77.24293357443678,39.00123398656061],[-77.24615555562492,39.000714628695384],[-77.24997115019937,39.00129857781176],[-77.25064912150772,38.9987022143831],[-77.25251437361696,38.998312606718805],[-77.25183570925735,38.99584617339742],[-77.2503944459785,38.99630064666288],[-77.2498008209475,38.99519725899797],[-77.24869873359202,38.99604113418211],[-77.24886823005957,38.99539204584854],[-77.24598554771732,38.994613305214095],[-77.2474265008689,38.99078368186041],[-77.24378073616518,38.9828001784967],[-77.23911848624628,38.98208621652925],[-77.23894897831607,38.981047692263246],[-77.23623654277584,38.9796196535232],[-77.23581260610403,38.98124232694911],[-77.23454112287158,38.98104754582369],[-77.2330150605796,38.983513948100374],[-77.22572576325481,38.97935918580903],[-77.2240313145859,38.97572414350554],[-77.21970863629143,38.97539894399195],[-77.22250500773833,38.97819041454031],[-77.22199592402673,38.98013756579479],[-77.22080935171446,38.9796181189293],[-77.22165651974997,38.98143566579165],[-77.22063823426146,38.985329961759504],[-77.22250245229583,38.98831600413977],[-77.22479107388577,38.98967938306849],[-77.22453652583225,38.99065296529194],[-77.22199329766947,38.99026315841203],[-77.22165384611202,38.99156126042726],[-77.22207859447312,38.98825103302098],[-77.22123088109856,38.98812108644311],[-77.22123133654527,38.98643348713792],[-77.2196208253869,38.98584905297314],[-77.2205543144838,38.98227928926695],[-77.21792706260818,38.98052632596568],[-77.21979202391869,38.980137211091936],[-77.2200470815179,38.97747604318859],[-77.2186064998749,38.976242549394996],[-77.21877621861897,38.97559350416297],[-77.21708110157356,38.97533356061674],[-77.21657301953275,38.97390549622608],[-77.21530171600398,38.97371051821531],[-77.21326649243944,38.97643619927704],[-77.20970574905184,38.97825276824927],[-77.20767172857637,38.97760316505995],[-77.20801136442853,38.97630510407724],[-77.20275890658635,38.97111099925275],[-77.19784396834667,38.969681427361074],[-77.19716539705978,38.970589895300726],[-77.1984365974684,38.97078505901364],[-77.19970685024686,38.972667804925685],[-77.19928213960516,38.97429035174313],[-77.19733327488433,38.97331607025381],[-77.19801186949421,38.972407601025616],[-77.19597915767166,38.97007021180102],[-77.19360563382469,38.97071840557756],[-77.18691104622835,38.96935261758059],[-77.18199517301414,38.96961001267856],[-77.17970656625795,38.96993344330878],[-77.1785190165355,38.97110118758876],[-77.17224838203161,38.969799728163785],[-77.17012822400496,38.97116159554393],[-77.17038179725138,38.971875722658574],[-77.16766935234185,38.97213378245933],[-77.15800923331733,38.97031029735573],[-77.14707639792269,38.96997797793782],[-77.15054476742448,38.975238062640756],[-77.15681353306964,38.97822821595648],[-77.15732047245724,38.97965652566768],[-77.15994810907432,38.979723174372104],[-77.15986110431186,38.981735253997],[-77.15850468185764,38.981864176517036],[-77.15943545230708,38.983357666531845],[-77.15875627401631,38.984265926243985],[-77.16045139048005,38.98452666677293],[-77.16121197995939,38.98666911045285],[-77.15985546792392,38.986798047834014],[-77.15942789729097,38.99010806085422],[-77.16069933738474,38.990303611716875],[-77.1616339364554,38.988421888226966],[-77.16248154673471,38.98855224181633],[-77.16298686293747,38.99166813033968],[-77.16544470792982,38.99238363322691],[-77.16552807612184,38.993746746516905],[-77.16993505439531,38.995436944806045],[-77.16823628026307,38.99855153610637],[-77.17001522318175,39.00017525939145],[-77.16908235518802,39.000369446909694],[-77.16958968974083,39.001797711408315],[-77.1723016432758,39.00322721134154],[-77.17501217561905,39.006344256134454],[-77.17713178899919,39.006669901776874],[-77.1783170394033,39.00887737288768],[-77.1811158817903,39.00829458034466],[-77.18043674138916,39.009202962238994],[-77.18187732841785,39.0104369053732],[-77.18162213336551,39.011410402699454],[-77.18425093923985,39.01147653719553],[-77.18560915026966,39.0096597274319],[-77.18815286144495,39.01005028096374],[-77.18874567242358,39.01115396582327],[-77.18611687412158,39.011087926496245],[-77.18535271989624,39.01232083782682],[-77.18806537552972,39.013749995811345],[-77.1878952937186,39.0143990028973],[-77.18959121681088,39.014659346680645],[-77.18984631660423,39.01368583246429],[-77.19196621030916,39.01401122522783],[-77.19213625489009,39.01336221260712],[-77.19552809521859,39.01388276108151],[-77.1957820667713,39.01459684103699],[-77.18933611018882,39.01563286052748],[-77.1917099971803,39.01667235063096],[-77.19060691063957,39.01751571281794],[-77.19170885655971,39.01835995787762],[-77.19136758477983,39.02134559091935],[-77.19399567097572,39.02309912776708],[-77.1922984082753,39.02452645274974],[-77.19179046921637,39.023098275818974],[-77.19017938280662,39.02251345623287],[-77.19077348856321,39.021929524969046],[-77.18916243622127,39.021344692302215],[-77.19009551961973,39.021150353234454],[-77.1904368427012,39.018164723784956],[-77.18738378910619,39.018033630284634],[-77.1884881362322,39.01550268976704],[-77.1867921974248,39.015242330881236],[-77.18450479168025,39.01219063993314],[-77.1822148563342,39.01251411898164],[-77.18094157982986,39.01400639375716],[-77.18060408135025,39.011929176184076],[-77.17899333227336,39.01134421254528],[-77.17933363742445,39.010046223246476],[-77.1769601435582,39.00900649766121],[-77.17645261401537,39.00757826163937],[-77.17306120423328,39.007057192620536],[-77.17340159517612,39.00575922048079],[-77.17179104063904,39.00517416398868],[-77.17128363931896,39.003745907717594],[-77.16992682670806,39.00387495551727],[-77.167979253563,39.001212605837196],[-77.16814610829155,39.00393883304951],[-77.16678928651761,39.00406784656289],[-77.16644878550818,39.0053658002182],[-77.16992188917948,39.008937767393014],[-77.16737490476696,39.01192205035935],[-77.17246231679702,39.01270385276456],[-77.17076487415744,39.01413088095985],[-77.17254425456251,39.01575457207477],[-77.17101536201504,39.018220225060965],[-77.17152124995667,39.021336093632804],[-77.17398018152244,39.022051430928954],[-77.17593154612226,39.021338478255494],[-77.17686317961807,39.022831846942],[-77.18288458854187,39.02341897699644],[-77.1826293614186,39.024392478466574],[-77.18424042873708,39.024977396186344],[-77.1815260524819,39.025235761054745],[-77.1809332362849,39.02413203917619],[-77.17423397002544,39.022765555899916],[-77.17363816460313,39.025037017017],[-77.1775380833477,39.02698630966987],[-77.17618084823769,39.027115426312434],[-77.17660190881239,39.030555775096],[-77.17931507268186,39.03198512856816],[-77.17702449091657,39.03230851295568],[-77.17642869447208,39.03457999109425],[-77.18160150781414,39.03672453746618],[-77.18210934193185,39.03815275933948],[-77.18490928077634,39.03756987846331],[-77.18609654223869,39.03808967338551],[-77.18414482776681,39.038802787795724],[-77.18499176880536,39.040620602202374],[-77.18227817112222,39.039191370646165],[-77.1817675830734,39.04113837590956],[-77.1860914569083,39.04484012930151],[-77.18337501117198,39.04678615074426],[-77.18379785090318,39.0485388704198],[-77.1825253302785,39.048343554288174],[-77.182694189077,39.04938216685433],[-77.18057190586057,39.05074423022118],[-77.17964125975622,39.047563266341015],[-77.18142441638115,39.04581160801519],[-77.18185131318569,39.04250148912178],[-77.17888236778182,39.04204568516674],[-77.18041009130478,39.04126753908435],[-77.18083700760637,39.03795742626149],[-77.18015899570122,39.037178198183796],[-77.17795336715153,39.03717710051629],[-77.17786971624099,39.03581398591843],[-77.17507131565729,39.034709095776535],[-77.17626145892207,39.03185376130459],[-77.17524460542036,39.03068488158402],[-77.17600912398397,39.029452028730475],[-77.17456825985143,39.02821801364451],[-77.17541787600533,39.026660669874914],[-77.17177180516236,39.025425441064456],[-77.17355460853551,39.023673902297645],[-77.16923096893538,39.02165933370249],[-77.16974175583665,39.01971238636893],[-77.16813260946932,39.01743967388022],[-77.16711437685657,39.0179583372624],[-77.16516477308228,39.016983543956776],[-77.16422812005018,39.020552910147366],[-77.16261549598038,39.02165534106031],[-77.16328957487454,39.02580988036358],[-77.16201750706394,39.025614354911916],[-77.16184899874034,39.02457571846787],[-77.16091394060992,39.02645745452378],[-77.1579457815018,39.02600115138095],[-77.15675111079183,39.032231528403294],[-77.16099170208135,39.03288340979658],[-77.15912127939005,39.036646867806866],[-77.1599656919943,39.04015246513538],[-77.16225659670191,39.03982939494128],[-77.16310300244577,39.04164735887111],[-77.1657328846555,39.041713885789655],[-77.1631863832225,39.04301048475808],[-77.16556079015268,39.04405047953916],[-77.16683147155858,39.045933584105185],[-77.16929118889378,39.046649017238124],[-77.16954501720276,39.04736315476955],[-77.16767806276214,39.04775151877104],[-77.16742254660045,39.04872499300117],[-77.17327259011164,39.053336807924026],[-77.17115001493035,39.0546987112648],[-77.16742084168615,39.05041260912121],[-77.16572416400253,39.05015196095121],[-77.16572590829507,39.048464344931425],[-77.16402928215554,39.04820367370089],[-77.16479417511397,39.04697088620576],[-77.16258824974703,39.04696951568273],[-77.16216593045434,39.04521672433304],[-77.16369389949536,39.044438783438096],[-77.16199737457906,39.04417808463706],[-77.162338136817,39.0428801348188],[-77.16064351520875,39.04093180382416],[-77.15784517947428,39.039826524607825],[-77.15878048894199,39.03794480741304],[-77.15844542535305,39.03417990961305],[-77.15759729045662,39.03404952749521],[-77.1557286381091,39.03612532284355],[-77.1540323357199,39.035864515627715],[-77.15564144909726,39.03813741782547],[-77.15538580557498,39.039110865676676],[-77.15267079931334,39.039368600442565],[-77.15258352179252,39.04138069439166],[-77.15377061431899,39.04190079862229],[-77.15207212321339,39.04332757822346],[-77.15334041095085,39.04689843539812],[-77.15461282782032,39.04709405043796],[-77.15359408344854,39.04761260554391],[-77.15401620999496,39.049365426758136],[-77.15494775245037,39.0508589669383],[-77.1573222978541,39.051899120615744],[-77.15757409333047,39.054300900375246],[-77.1591856218214,39.054886146117795],[-77.15969314239688,39.05631446409908],[-77.16393695092665,39.05527862971467],[-77.16189751796514,39.05800350432273],[-77.16554505505684,39.059239029935654],[-77.16723852539829,39.0628749201081],[-77.16452444605366,39.06144529515547],[-77.16444101903926,39.060082165772194],[-77.16325355326077,39.05956216186964],[-77.16198089489767,39.05936663491055],[-77.16121582379232,39.060599407765],[-77.16104909891929,39.057873145240166],[-77.15757022588619,39.057676136124876],[-77.15689617836954,39.05352154312856],[-77.15358800550563,39.052675453790066],[-77.15409942924609,39.05072856056072],[-77.15181021219266,39.049363864836955],[-77.15164179464689,39.04832521034827],[-77.15257532454443,39.048131152341654],[-77.151984824372,39.04533967312176],[-77.1492738255858,39.04222210545058],[-77.15182054748081,39.0409257918929],[-77.15139852286026,39.03917296577113],[-77.1530117054932,39.03807067728741],[-77.15140059937505,39.03748535316659],[-77.15021149183607,39.03865283911386],[-77.14630948551662,39.038390296830876],[-77.1448689483706,39.03715593536267],[-77.14368650793827,39.03326052348499],[-77.14385702840995,39.032611574994455],[-77.1455532184148,39.03287252103632],[-77.14512694784275,39.0344948978508],[-77.14690625402348,39.03611896182183],[-77.14631168011988,39.036702684539144],[-77.1529285211196,39.036707545730984],[-77.15182881398434,39.034175342339104],[-77.15199926393643,39.03352638257125],[-77.1543732011697,39.03456658951015],[-77.15573258988493,39.03275009972672],[-77.15650137678703,39.02814214606745],[-77.15497566647802,39.0272323865929],[-77.15633294138784,39.02710350170195],[-77.15599608502274,39.025026212826184],[-77.15752369586039,39.024248350492414],[-77.16023624940355,39.025678119218746],[-77.16066213123638,39.02405569296827],[-77.15939199181202,39.02217253227649],[-77.16193599975604,39.02256362372177],[-77.1600752655871,39.017889048725706],[-77.16278763211388,39.01931876021484],[-77.16329857505423,39.017371840140285],[-77.1655053513923,39.015685591381676],[-77.17016903112847,39.01640232219944],[-77.16847481664952,39.014454106698814],[-77.16906903080758,39.01387028006399],[-77.16771202540994,39.01399930386989],[-77.16601793271076,39.012051055609255],[-77.16754856601948,39.007897862077634],[-77.16331117179804,39.005558603409575],[-77.16432925796485,39.005039972258814],[-77.1644161670167,39.003027882180604],[-77.16695953246591,39.003418869486104],[-77.16832307351089,38.99653944536841],[-77.16586505981671,38.995823999008245],[-77.16391428091856,38.99653679055923],[-77.16476375515376,38.99497952769263],[-77.16162842291247,38.993484687379635],[-77.16095288479774,38.991017760181336],[-77.160018234768,38.99289947930314],[-77.15832292478568,38.99263873251867],[-77.15933708354824,38.995495344205395],[-77.15738043977093,39.00127083827603],[-77.158481753966,39.002115375933556],[-77.1560216804364,39.0030873367071],[-77.15534029120678,39.00568318386386],[-77.15449249411984,39.00555278115538],[-77.15236685531161,39.01028956125939],[-77.15066907481003,39.01171631413583],[-77.1493057039715,39.01690795426782],[-77.15134030197123,39.01755851796462],[-77.15116988356051,39.018207475100006],[-77.14667454822215,39.01852868652192],[-77.14395803079356,39.020473837170854],[-77.14319306334376,39.02170649080353],[-77.14420927612551,39.022875631132976],[-77.14276680556888,39.023328856483374],[-77.14259629713399,39.02397780246785],[-77.14064686069091,39.023002623268425],[-77.14081274079741,39.02572889677757],[-77.13920200628644,39.02514341564479],[-77.13954308615368,39.023845532582165],[-77.13827111658539,39.023649763957],[-77.13793001493642,39.02494764348366],[-77.1357271979934,39.02325818764018],[-77.13793240357613,39.02326003516514],[-77.13861457878512,39.02066427616779],[-77.14200637607938,39.0211862872587],[-77.13989118317338,39.01748482721968],[-77.14082434858108,39.01729085853224],[-77.14378979228086,39.01943517712494],[-77.14336808589508,39.017682330046426],[-77.14591185058981,39.018073749474844],[-77.14828949264819,39.015738856795444],[-77.1477824791253,39.01431050207746],[-77.14905644116533,39.01281856735655],[-77.14685155186834,39.012816917379],[-77.14880293456237,39.012104392120484],[-77.1496529141039,39.01054722881062],[-77.1477037429978,39.00957216253964],[-77.15024724740297,39.00996349263312],[-77.15092677187235,39.00905527581045],[-77.14948673730363,39.00782097390456],[-77.15152108275909,39.00847153367595],[-77.15322080418868,39.00535716624263],[-77.15076473139726,39.00295381688059],[-77.15381506645441,39.00477341347436],[-77.15593847966515,39.00172421502929],[-77.15679013557538,38.99847940360924],[-77.15560372996262,38.99795933196324],[-77.1564533986879,38.996402125623945],[-77.15484518298157,38.99412924947777],[-77.15730303104169,38.99484491385093],[-77.15645731468462,38.993026924363285],[-77.15739205844466,38.991145232017914],[-77.1599349707722,38.99153636249543],[-77.1585802743587,38.989977686380485],[-77.15858599971716,38.98491489012088],[-77.15714631296558,38.983680681748375],[-77.15307690796774,38.984067315943925],[-77.15256592539566,38.98601418362998],[-77.15002113869343,38.98731050088408],[-77.1495100515822,38.989257356963115],[-77.14857726886467,38.989451390057546],[-77.14653472978014,38.995551183192035],[-77.14187261961415,38.99483356713565],[-77.14119311495267,38.995741732341976],[-77.14212370755483,38.997235355378585],[-77.14085219627623,38.99703961403199],[-77.14008742260818,38.99827224386542],[-77.13754438160835,38.997880706375355],[-77.13703288635622,38.99982751428341],[-77.13610236511487,38.998333852474026],[-77.13415122741402,38.99904617654787],[-77.1316934652448,38.99833005331017],[-77.1319442291925,39.000731863455],[-77.13041940086998,38.9998218063853],[-77.12948384799732,39.001703298104644],[-77.13295746490685,39.00358869420376],[-77.13244580676466,39.00553548497777],[-77.12634363782361,39.003582769178756],[-77.12735405985613,39.00812725039707],[-77.12335754684457,39.014938868505624],[-77.11996617479258,39.01441634858604],[-77.12149671760956,39.011951326041604],[-77.12234453007085,39.01208195419799],[-77.12243260887888,39.01006989142616],[-77.12361897478286,39.01059028106975],[-77.12396026444604,39.009292443922604],[-77.12472273269543,39.00974751513956],[-77.12549056410768,39.00682737419267],[-77.12311794523153,39.00578662001257],[-77.1236298547632,39.003839867612385],[-77.1200683356874,39.00396626899258],[-77.11990047644291,39.00292757939521],[-77.11811973754509,39.00299073935364],[-77.11752806473328,39.001886719038005],[-77.11930877712065,39.0018235675778],[-77.12075375374062,38.999683014817066],[-77.12363257444278,39.00215226538943],[-77.12592244369465,39.00182986738108],[-77.12736195981337,39.00306444138049],[-77.12812961475325,39.000144287238385],[-77.12897730152571,39.00027486985589],[-77.12855606309168,38.998521977915615],[-77.1299128491297,38.99839338238017],[-77.13067779645111,38.997160815212354],[-77.12771102236918,38.996703791606144],[-77.12694602959063,38.99793634040278],[-77.12575984623413,38.9974159836037],[-77.12601573962964,38.99644260344028],[-77.12211883912003,38.99449170275994],[-77.1149966985747,38.99474431630736],[-77.11754809000414,38.99007351754456],[-77.11983479884101,38.99143883122296],[-77.1190697279956,38.99267133045964],[-77.12296918396646,38.992934726555404],[-77.125424000254,38.99533862190492],[-77.12966216030327,38.995991569020326],[-77.12966473976809,38.99430396876506],[-77.13050980144135,38.996122141087476],[-77.13398565776714,38.99631990593664],[-77.1345775350396,38.997423846824866],[-77.13830919424593,38.996648092285305],[-77.14068870380191,38.992625753197686],[-77.13941963001761,38.99074239778609],[-77.14120005060815,38.99067893243051],[-77.14424739073428,38.99418636056525],[-77.14807258510848,38.98633544398054],[-77.14892014678047,38.986465890135406],[-77.15027877301841,38.98464947416539],[-77.15205903504327,38.984585853110815],[-77.1529937841066,38.982704196346546],[-77.15545122805366,38.98341989611407],[-77.15554033562562,38.9797202221431],[-77.15706505684119,38.980629967778206],[-77.1588452145925,38.98056624942387],[-77.15681158377585,38.979915812515245],[-77.15545717058646,38.97835710510058],[-77.15249100756215,38.97790067505655],[-77.15105156294587,38.97666639730856],[-77.15130704508795,38.97569296816106],[-77.1489350721332,38.974652712436196],[-77.1469060529052,38.97062692438167],[-77.1437721365907,38.96913163862825],[-77.13412291548296,38.960555924801675],[-77.12794970012663,38.95217740400005],[-77.12769923521324,38.94977560337111],[-77.12583722692246,38.94847574386753],[-77.1255868444345,38.94607394024153],[-77.12686006726018,38.94458224878074],[-77.12567742383216,38.94237430818712],[-77.12483041710358,38.942243704169734],[-77.12541903993606,38.945035267159206],[-77.12440151577248,38.94555357449803],[-77.12338942343663,38.942696698821344],[-77.12415389602518,38.94146418209051],[-77.1209392289056,38.938605195906455],[-77.11848363688314,38.937888817555056],[-77.11873375690568,38.940290632746326],[-77.11805447268277,38.941198663910214],[-77.1173808960752,38.93873151891216],[-77.11823069103741,38.937174587999365],[-77.1135784981739,38.93308074549755],[-77.11096161952848,38.92795036409441],[-77.10724247964114,38.923662540538196],[-77.10588704588483,38.9237908868957],[-77.10208310401211,38.91982735364158],[-77.10081305189576,38.91963120439795],[-77.10081629711944,38.91794362350577],[-77.09566439368373,38.91073301351676],[-77.09194358318025,38.90813231917957],[-77.08348188607796,38.90513614413059],[-77.07899323127327,38.90545489983824],[-77.08000679163824,38.90662454526325],[-77.07915278953672,38.909868785904266],[-77.08067509402458,38.91077946072826],[-77.08126177019308,38.91357122101413],[-77.0824462700472,38.91409199664728],[-77.08176677781711,38.914999825795],[-77.08480808869983,38.91850867409313],[-77.08283661721099,38.929345673407866],[-77.0813101999132,38.93012260559714],[-77.08181532327463,38.93155121335284],[-77.07927118113248,38.93284606938395],[-77.07944578153825,38.93050963630899],[-77.08080138690917,38.93038157883705],[-77.08207893249539,38.92720276799093],[-77.0825913866371,38.92525620758261],[-77.08174465636506,38.9251253096843],[-77.08387603993823,38.91870221893896],[-77.08269145488178,38.91818145664643],[-77.08109097074885,38.91422007182],[-77.07897447826133,38.91389279111215],[-77.0796577301263,38.91129739858151],[-77.07788297284807,38.90967240207552],[-77.0790748821828,38.906818053720045],[-77.07679159391289,38.90545200574861],[-77.07593746235793,38.90869622374889],[-77.07458225201478,38.908824227689294],[-77.07500167276652,38.91057727981512],[-77.0772034649732,38.91058020569034],[-77.07668716613395,38.91421431903086],[-77.07236880154363,38.913883990525605],[-77.07203486348901,38.91180650974295],[-77.0727959867245,38.912261893287294],[-77.07373185492011,38.91038085345535],[-77.07306006456655,38.90791347829358],[-77.07594128340045,38.90700864598763],[-77.07636834870904,38.90538653789362],[-77.06832683440135,38.904142374234915],[-77.0629062498819,38.90465396809086],[-77.06316265722062,38.903680730614276],[-77.06434686683846,38.90420167846649],[-77.0649410158292,38.90361835987323],[-77.06164072003335,38.9027698416318],[-77.05985818599596,38.904519741359785],[-77.05630141302964,38.904644311529985],[-77.05383460327941,38.90898938716275],[-77.05052978379513,38.9098281498505],[-77.05957653156997,38.91561843907141],[-77.05787490094977,38.91873148198057],[-77.05634843988169,38.91950810581386],[-77.05896959769004,38.921264471732165],[-77.06269403021554,38.922178579247756],[-77.06277539478567,38.92354174684432],[-77.05837525690973,38.921847763055915],[-77.05583961229127,38.919766976267105],[-77.05329542008076,38.921061297349276],[-77.05075554281208,38.92066798649471],[-77.04905341714759,38.923780910434175],[-77.05014346315572,38.928001560988925],[-77.04912564155008,38.92851924948528],[-77.04633331999061,38.927411477815],[-77.04505874830683,38.92890233866786],[-77.04869338010393,38.93182885070084],[-77.05081025771693,38.932156649046924],[-77.05097696824755,38.933195420870426],[-77.05360282934534,38.933264320632176],[-77.05097256724811,38.93488300371052],[-77.04894117721459,38.93423080396223],[-77.04834665026792,38.934814048246395],[-77.04825661530002,38.936826035106904],[-77.05316639287607,38.93826152331111],[-77.05052270506052,38.944942952622895],[-77.05585653938566,38.94644389243256],[-77.05696010892288,38.945601737313815],[-77.06187479902694,38.94534929666727],[-77.06458253315387,38.94678113659712],[-77.06474947368119,38.94781989201913],[-77.06331211196586,38.94658460256201],[-77.06077129016805,38.94619149547698],[-77.05568543640206,38.94709271113399],[-77.05170749538281,38.945464024098754],[-77.05169872556499,38.94883919601967],[-77.0532215014642,38.94975021271835],[-77.05364064360758,38.951503346855624],[-77.05533461968015,38.951765521589714],[-77.0557538243167,38.95351864909345],[-77.05778581361547,38.95417073902993],[-77.05837196162445,38.9569626242214],[-77.06125114031236,38.95774571579603],[-77.06379647320664,38.95645122486981],[-77.06523403796903,38.95768651046224],[-77.06836984638305,38.957496187461494],[-77.06760426100482,38.95872836300418],[-77.06997058973958,38.96145776026985],[-77.07353011543375,38.9613327969411],[-77.07327364362958,38.962306063565414],[-77.07107028689474,38.96230306786996],[-77.06945754319962,38.96340427844595],[-77.06835784813666,38.962558956415606],[-77.06878540836696,38.960936862034686],[-77.06294528905842,38.95800778684635],[-77.06023298180659,38.95826349761316],[-77.0603998865976,38.959302260602136],[-77.05954859647593,38.960858799920665],[-77.0593859078159,38.95813244645561],[-77.05710137951519,38.95676602629586],[-77.05719119468357,38.95475402734779],[-77.05228459719905,38.95163110782515],[-77.05262688206906,38.950333478789524],[-77.0511041014107,38.94942245471616],[-77.05136521701968,38.94676164969823],[-77.0500992539168,38.94487739474457],[-77.04882890506137,38.944680712440324],[-77.04806312374198,38.945912765114386],[-77.0457746692348,38.9462337241981],[-77.04500881989271,38.94746575828763],[-77.04737842067897,38.948507995659334],[-77.04737393533495,38.95019558199313],[-77.04542322050266,38.950906506028986],[-77.0448239845447,38.95317732177728],[-77.04270192870958,38.954537007497954],[-77.04252149295989,38.95856098476323],[-77.04090840034985,38.95966182361392],[-77.04387311847809,38.96012091900334],[-77.04539150036959,38.962719622558204],[-77.04835190774465,38.96486620098448],[-77.04698211675968,38.97005667673597],[-77.0457969599272,38.969535558266486],[-77.04392677659037,38.97160964873855],[-77.04841520224721,38.97297975160088],[-77.04891997730132,38.97440850203345],[-77.05103809448916,38.97473629850902],[-77.05509890196514,38.97772819713306],[-77.0580644455998,38.97818695466041],[-77.05916847095756,38.97734477598009],[-77.0598446293251,38.978124656385916],[-77.06137228261005,38.977347983029986],[-77.06382864349146,38.9780654960071],[-77.06577990649181,38.977354279724324],[-77.06518108799632,38.97962520261443],[-77.06636654793951,38.980146136730006],[-77.06619545942118,38.98079497314046],[-77.06246798287077,38.979880963071814],[-77.06263910247482,38.97923213189063],[-77.05484212587747,38.97870142802001],[-77.05035764425423,38.97564396326225],[-77.04823950371384,38.97531615512764],[-77.04773473572342,38.973887401732156],[-77.04349859960742,38.973231659966984],[-77.0426559778075,38.97141290245683],[-77.04070464818864,38.972123754507486],[-77.04035739867545,38.975108947017944],[-77.04492251990597,38.979529963086755],[-77.04457996031984,38.98082757645728],[-77.04279969742934,38.98088965579556],[-77.04101479668307,38.9826393037854],[-77.04889326704975,38.98453406531762],[-77.04999749484722,38.98369196741163],[-77.05168781965507,38.98564178849101],[-77.05456806120728,38.98642503852657],[-77.05880928763855,38.98539280775113],[-77.05948972361027,38.984485095312714],[-77.06203187562613,38.984878230856886],[-77.06406069629685,38.98721781718907],[-77.06353908417515,38.99253951316341],[-77.06472474277952,38.993060464000116],[-77.06514441161647,38.99481357063501],[-77.06802516109889,38.99559650950396],[-77.07023348399692,38.99391196069457],[-77.07269049148391,38.994629300105515],[-77.07286155461122,38.99398045335518],[-77.0741328291872,38.994176890977464],[-77.07498804468375,38.99093264581912],[-77.07574618422744,38.99307561448917],[-77.07871624466058,38.99184628139574],[-77.07863450505104,38.99048311077456],[-77.07990573410358,38.99067948916647],[-77.07982397351984,38.989316319576226],[-77.0828829550049,38.986074862736444],[-77.08187192922283,38.98321763153016],[-77.08288661902971,38.984387266259795],[-77.08483786523577,38.98367574965931],[-77.08449599796849,38.98497347391289],[-77.08585260910498,38.98484536022248],[-77.08568168329677,38.985494223948805],[-77.08432505976204,38.9856223357837],[-77.08347397354129,38.98717904535938],[-77.0841504837848,38.98795879448814],[-77.0807532239508,38.99081040086478],[-77.08210258562342,38.99405752461088],[-77.08040752847585,38.99379571372336],[-77.0798165027288,38.99269151536401],[-77.07727018704996,38.99398634199506],[-77.07743741703872,38.99502508765896],[-77.07548963017163,38.99404889037551],[-77.07574235413931,38.994763213027184],[-77.07404730344271,38.99450131525977],[-77.07277212438066,38.99599247552249],[-77.07022952599361,38.99559955928096],[-77.06980179425277,38.9972216671828],[-77.0644639495989,38.99572131552987],[-77.0639505141025,38.9976678210786],[-77.0626792060276,38.997471279068364],[-77.06428871154601,38.99805774992872],[-77.06257708243996,39.00454609581668],[-77.06476946255367,39.009612047486314],[-77.06621214660026,39.00915972931683],[-77.06706789148474,39.00591553103069],[-77.06833935899051,39.006112028358686],[-77.06851048792974,39.00546318642356],[-77.06935812949722,39.00559417622955],[-77.06910144582224,39.00656744084208],[-77.07342529769748,39.00689788751657],[-77.07613555023984,39.0083294886159],[-77.079957639656,39.00554345871699],[-77.08529652451726,39.00704314643713],[-77.08428147994243,39.005873527247054],[-77.08648973833832,39.00418868651652],[-77.08649331960551,39.002501085142114],[-77.08776477987571,39.002697383417626],[-77.08768285852278,39.001334216431474],[-77.08937811749531,39.00159592828069],[-77.09056759534099,39.00042903209706],[-77.09023274035552,38.99835157434133],[-77.09201338983978,38.998288814440684],[-77.09210574146361,38.994589178306974],[-77.0932916379613,38.99510985642234],[-77.09490472365668,38.994008330785064],[-77.09609063071699,38.99452898211265],[-77.09710904146421,38.99401090323465],[-77.09719779625503,38.99199886422495],[-77.09855121502075,38.99355821043703],[-77.10042040505127,38.99148329011339],[-77.10185605932024,38.99440575694932],[-77.09871874785416,38.99459692733525],[-77.09778244241048,38.99647817849396],[-77.09515425819103,38.99641021342711],[-77.09464163898974,38.99835684602534],[-77.09226629077399,38.99900310391699],[-77.09141175095036,39.00224747219092],[-77.08920718377598,39.002244798563176],[-77.08580585773785,39.00678415180313],[-77.08877277939372,39.00724217760641],[-77.08944602007071,39.00970950327564],[-77.09181828498924,39.010750901544256],[-77.0935171969476,39.009324953892126],[-77.09420082629482,39.00672944507713],[-77.09657640961437,39.00608314937086],[-77.0965831041877,39.00270794549192],[-77.09743076416126,39.00283874356768],[-77.09896182694078,39.000374003471755],[-77.10099875667937,38.99933778933534],[-77.10159015791086,39.00044188796579],[-77.0989552429471,39.00374920622063],[-77.10064734583027,39.00569836640799],[-77.09614920376207,39.007705350700434],[-77.09427267292668,39.01315541964317],[-77.09622122348951,39.01413132515276],[-77.09664846547675,39.012509121888954],[-77.10115013236053,39.00881451445744],[-77.103095462535,39.011477915152796],[-77.10682817830677,39.01070310528266],[-77.10385464429068,39.01362071906608],[-77.10038130283618,39.011734505710294],[-77.10003958101139,39.01303227851593],[-77.09842945600163,39.01244626981573],[-77.09808769600806,39.01374403739929],[-77.1000363135239,39.014719883130695],[-77.10402229907072,39.01465943213658],[-77.10647410403845,39.018751316389384],[-77.10859684071995,39.01739052670026],[-77.10918850408255,39.018494592346585],[-77.10944469340788,39.01752124305571],[-77.11122579558669,39.01745820738062],[-77.11207664211122,39.01590130007744],[-77.11368695354064,39.01648713212562],[-77.11572702825458,39.01376306849085],[-77.11521483736496,39.01570979142074],[-77.1142816239816,39.01590356759021],[-77.11512946955109,39.01603424509722],[-77.1147879906794,39.017332059388345],[-77.11673692835804,39.01830764358459],[-77.11554757802138,39.01947479384156],[-77.11105501950358,39.01810710939231],[-77.10994793859543,39.02063736145971],[-77.10715115451835,39.01953094406233],[-77.10740427798295,39.0202452051405],[-77.10621787062533,39.01972465974776],[-77.10562310424292,39.02030818602805],[-77.10461070930383,39.017451124571345],[-77.10342436751628,39.0169305527277],[-77.10215261618842,39.016734414382796],[-77.1004537004635,39.018160481912965],[-77.10223160930438,39.019785181270116],[-77.1023960420318,39.02251150441766],[-77.10443037693945,39.02316283728035],[-77.10518972000679,39.02530563714682],[-77.1085845633567,39.024140953665835],[-77.10993882443366,39.02570018379616],[-77.11265347160396,39.02544338371685],[-77.1118879213181,39.026675845451756],[-77.11358385807779,39.026937227832505],[-77.11341308077591,39.027586134106315],[-77.10959720754387,39.02699798588489],[-77.10858149365976,39.02582856158669],[-77.1084106743263,39.02647746086035],[-77.10629079192991,39.0261506409846],[-77.10577826119544,39.02809732896287],[-77.10739188944044,39.02699563517873],[-77.11078375774679,39.02751849961804],[-77.11222352534637,39.02875325432297],[-77.11485289435733,39.028820858341746],[-77.11442596263919,39.03044312859298],[-77.11628986577121,39.03174317591638],[-77.11518567626717,39.0325858699371],[-77.1150973696624,39.03459793506608],[-77.11814813944243,39.036418417375344],[-77.11780661872021,39.037716244387454],[-77.11322749015625,39.03667309095915],[-77.11348368946258,39.035699730378525],[-77.11221158274397,39.035503694447094],[-77.11365743754294,39.03336321246306],[-77.11340420699581,39.03264896256888],[-77.1120467526365,39.03277737838484],[-77.11289776082491,39.03122046148995],[-77.11154333350254,39.02966126218754],[-77.108236774122,39.02881396872272],[-77.10696169452501,39.03030548842329],[-77.10721795526388,39.02933214181704],[-77.10509799501246,39.02900530142443],[-77.1028167888741,39.024264491880075],[-77.10163034878596,39.02374390231102],[-77.09891243209178,39.02568806898627],[-77.09729537270097,39.02847726072305],[-77.10051959730073,39.02796168101541],[-77.10221230550248,39.029910827611815],[-77.10330383519238,39.03581868891755],[-77.10499995433005,39.03608018892645],[-77.10618349394896,39.03828835878327],[-77.10330064244141,39.03750630002252],[-77.10177217325666,39.038283496945084],[-77.10135137047965,39.036530501810034],[-77.10016474074644,39.036009897165904],[-77.10161096020897,39.033869555255585],[-77.10008581671823,39.03295912070245],[-77.10043089052584,39.02997373412502],[-77.09924437437245,39.029453121264076],[-77.09729204083528,39.03016486957619],[-77.09559945859901,39.02821565583705],[-77.08957484901524,39.02931190156864],[-77.08753335850062,39.03203554242698],[-77.08430886123504,39.032550785326514],[-77.08337900436833,39.03105672055087],[-77.08575547856468,39.030410629325544],[-77.08584459190521,39.02839858657467],[-77.08813545495012,39.028076884210215],[-77.08695262953589,39.02586854622144],[-77.08830999920352,39.025740404835474],[-77.0896638553386,39.02729985644964],[-77.08941439614688,39.02489795075924],[-77.09178715605722,39.02593935222482],[-77.09501469176061,39.02373630828901],[-77.0971344530976,39.02406332051835],[-77.09739082336286,39.02308999520974],[-77.09502484453502,39.01867348875675],[-77.0957905963251,39.01744113262719],[-77.09290868287789,39.01665883538628],[-77.09155495523983,39.01509942189102],[-77.09164388939877,39.01308738007961],[-77.08867671124223,39.012629422452456],[-77.085207422179,39.00905518172652],[-77.0830026489183,39.00905239791732],[-77.08232227657027,39.00996024274974],[-77.07910247402472,39.0087877456252],[-77.07825100499224,39.01034442508127],[-77.07715049810209,39.00949917486423],[-77.074179690416,39.01072847393459],[-77.07426136928943,39.012091651875515],[-77.07688629598205,39.01384766316583],[-77.07704596417176,39.01826162205656],[-77.07483705973402,39.01994629864602],[-77.0745765401198,39.0226071829283],[-77.07339032926554,39.02208632371714],[-77.07270971499877,39.02299411780569],[-77.07202516577277,39.02558951512562],[-77.07066777024913,39.02571747850895],[-77.07150779161799,39.02922366920844],[-77.06870726721881,39.029803992446745],[-77.06836489523684,39.03110168188251],[-77.07107989061605,39.03084579039162],[-77.07183833111371,39.0329887968162],[-77.07099036575052,39.0328578233521],[-77.07013447879835,39.036102063112544],[-77.06648163089436,39.038238961993976],[-77.06768011461364,39.03369705877381],[-77.06929444418813,39.03259585906393],[-77.06726016024369,39.031943949613726],[-77.06624100564032,39.03246178677127],[-77.06403552347953,39.03245866613751],[-77.06327319703668,39.03200322061578],[-77.06751695813539,39.03097068474499],[-77.06735381389065,39.02824431175338],[-77.06871126240944,39.02811638453899],[-77.06896802736517,39.02714311729547],[-77.06795296487272,39.02597336077262],[-77.06981989177677,39.025586497212885],[-77.06939993266046,39.02383339767267],[-77.07314142538479,39.01968438745162],[-77.07305975897515,39.018321207082884],[-77.07535036114366,39.017999741098215],[-77.07586363507885,39.01605318205107],[-77.07476306955742,39.0152079098882],[-77.07510525257739,39.01391020623477],[-77.0729042295882,39.01221963941876],[-77.07240262956367,39.00910337540845],[-77.06807865123862,39.00877289299802],[-77.06824177897947,39.01149925628559],[-77.0690894904027,39.01163024805343],[-77.06764677524903,39.01208259983779],[-77.06730446776119,39.0133802825462],[-77.06442302171797,39.012597324718094],[-77.06340411799033,39.01311513693476],[-77.06315145142982,39.01240078707553],[-77.06179013160268,39.01421625652118],[-77.05932835800907,39.01518630262232],[-77.05746589758819,39.013885404233214],[-77.05449890227322,39.01342662981031],[-77.05560350378721,39.012584478184124],[-77.0611136168699,39.01343638228824],[-77.06298438550576,39.011362019297],[-77.06154995841159,39.008439095248754],[-77.06002584963345,39.0075281726594],[-77.06062087722289,39.0069448660592],[-77.05757278371804,39.005122979932864],[-77.06038919422865,38.99779251024805],[-77.06183167112712,38.99734024383185],[-77.06056037450091,38.997143680132474],[-77.06107389699864,38.995197188767285],[-77.05955427721446,38.99259866436577],[-77.05870680470218,38.99246760789448],[-77.05708467949646,38.99694385936144],[-77.0559803325991,38.99778602205533],[-77.05445651673024,38.996875032644354],[-77.05666519258037,38.99519072489791],[-77.05718306608202,38.99155665271283],[-77.05938730811566,38.991559895022675],[-77.05956268790804,38.989223469923],[-77.04973176370511,38.98804038000275],[-77.04448520981657,38.98452716886428],[-77.04261920173965,38.98491364900587],[-77.04489525147625,38.98965553343094],[-77.04480050550859,38.9933551311247],[-77.0425059433317,38.995363629843425],[-77.04156355150687,38.99893205537763],[-77.0393637612102,38.99724089815028],[-77.04301993627345,38.993417213744586],[-77.04311477285714,38.98971761737472],[-77.04159128705696,38.98880647119555],[-77.03929677974084,38.99081490916558],[-77.03700687428648,38.99113570865582],[-77.04151024638387,38.98744327687471],[-77.04185289185808,38.98614567066114],[-77.04024383070345,38.98555891001828],[-77.03591189093848,38.98860249953736],[-77.03498358955919,38.987108083228186],[-77.03371254428659,38.9869112448978],[-77.0357500258833,38.985876103804735],[-77.03642601250921,38.98665611279646],[-77.03829209816298,38.986269725662694],[-77.03812544712278,38.98523092876482],[-77.0396534813832,38.98445452193682],[-77.03898216274665,38.98198693640916],[-77.04025778871134,38.98049612658523],[-77.04314228905254,38.979592047326825],[-77.0400957788694,38.97776973991038],[-77.03883425321492,38.97419776903232],[-77.03901025098487,38.97186137922539],[-77.04418367361922,38.97063644148142],[-77.04571586194034,38.9681723706804],[-77.04657203847388,38.96492833428295],[-77.04234564005328,38.960897374950335],[-77.04200312221856,38.962194977596056],[-77.03971412907848,38.96251582563329],[-77.03996639244606,38.96323021765101],[-77.03742039875725,38.96452422092531],[-77.0364781569088,38.9680925910312],[-77.03563101132242,38.967961377505375],[-77.03333218444686,38.971657290025185],[-77.03019078924686,38.973534319283196],[-77.03069033649642,38.976650736196014],[-77.0287387495663,38.97736140064347],[-77.02763931667977,38.976515716046],[-77.02721074780604,38.97813767225037],[-77.02466901955337,38.97774382392942],[-77.02390248128941,38.97897573338536],[-77.02204158101515,38.97767431113715],[-77.02264172955842,38.9754035973013],[-77.02357466717733,38.97521051119416],[-77.02307038416023,38.97378165754667],[-77.02451261695823,38.97332982648368],[-77.02772997074673,38.974503732652416],[-77.02891999400482,38.973337432280736],[-77.02841561902231,38.971908600758546],[-77.03019567447461,38.97184672783696],[-77.03147130268611,38.97035601061239],[-77.03096689827804,38.96892719009695],[-77.03512654185037,38.96653257440821],[-77.0374251157598,38.96283663145788],[-77.04081812904064,38.961673812180386],[-77.04107503256577,38.96070061278938],[-77.03989007036076,38.960179438624216],[-77.04133655522908,38.95803982457504],[-77.0419405517588,38.95408143659663],[-77.04406260853484,38.95272176398821],[-77.04406717079611,38.951034177165575],[-77.0461035010414,38.949998871630584],[-77.04644588841028,38.94870125995412],[-77.04381947730131,38.948632208514866],[-77.04365283354855,38.94759342483227],[-77.04509895777312,38.945453770788596],[-77.04781084093047,38.94519839134374],[-77.04917121884607,38.94338309422087],[-77.04629273808801,38.94259972393849],[-77.04408541772615,38.9442838339345],[-77.04383317958855,38.94356945223919],[-77.04510803313092,38.94207860095775],[-77.04968023519302,38.94312425029277],[-77.05138717806365,38.938323725437485],[-77.04842330009001,38.937864811032306],[-77.04758096455625,38.93604609624459],[-77.04631077657929,38.93584938839479],[-77.04173446451249,38.936491198812256],[-77.03715335025315,38.938820423689435],[-77.03588314205811,38.93862360897864],[-77.03553585463519,38.94160877349614],[-77.0323053262567,38.94549782805705],[-77.03033995003082,38.95127127129932],[-77.0283890400596,38.95198192758494],[-77.0279606323263,38.953603880507046],[-77.02550045786923,38.95457324681434],[-77.02389222641372,38.953986276955625],[-77.02244530938191,38.95612568633518],[-77.01913798839968,38.9569636177133],[-77.01888080478099,38.95793677112656],[-77.02015130399916,38.95813376048643],[-77.01904197585229,38.960663177378976],[-77.01954608890354,38.96209204461246],[-77.01852757302684,38.96260948446233],[-77.01996449098077,38.96384529555327],[-77.01826520012379,38.96527022630292],[-77.01817429591705,38.967282199997136],[-77.02003486132985,38.968583678205185],[-77.0177455704852,38.968904121261374],[-77.01629817618804,38.971043463631396],[-77.01545103265607,38.97091211228168],[-77.01520944830602,38.966822490069106],[-77.01436235586796,38.966691131369586],[-77.01580972051407,38.96455181296154],[-77.01394933371445,38.96325027217994],[-77.01540186946433,38.959423371932836],[-77.01320388101519,38.95773176132778],[-77.01346113980252,38.95675861971283],[-77.01575006754126,38.956438256274424],[-77.01651650644365,38.955206401291406],[-77.00966050937654,38.952792235060585],[-77.00873320356105,38.951297630457326],[-77.00932818244478,38.950714574754734],[-77.01042701293565,38.95156041834607],[-77.01186888396457,38.95110873570143],[-77.01813503265659,38.95241829416945],[-77.01941056738954,38.95092770517626],[-77.0222890880627,38.95171170015788],[-77.02339312570517,38.95086984307961],[-77.02406865486707,38.951649915304515],[-77.02474920857767,38.950742397931364],[-77.02593390876437,38.95126371598134],[-77.02678580534864,38.94970740955114],[-77.02585818726078,38.94821293363553],[-77.02704781075981,38.94704665569823],[-77.02874158730602,38.947309193369485],[-77.02832799553815,38.9438683917158],[-77.02925560896917,38.94536284824242],[-77.03205803963434,38.943095837827926],[-77.03087342850496,38.9425745788659],[-77.02926051398336,38.94367526375121],[-77.02951750848615,38.942702090811146],[-77.02892275677591,38.943285242665404],[-77.02638223597707,38.94289143142549],[-77.02536903237547,38.94172134209181],[-77.02690620809278,38.937569930982384],[-77.02885674638918,38.93685929946273],[-77.02504631234194,38.936268561606525],[-77.02505131429935,38.934580979426514],[-77.0270017906323,38.93387037737067],[-77.03259125301166,38.934399148000686],[-77.03647779994273,38.93804042413383],[-77.03673467809425,38.93706723701059],[-77.04105888673878,38.935711224459986],[-77.04453161485708,38.93591149216216],[-77.04792325998757,38.93474848303269],[-77.04979238277276,38.93267434330924],[-77.0464909466532,38.93182541853453],[-77.04345092616686,38.92831562446698],[-77.04379325885395,38.927018024028236],[-77.04591449242346,38.92565832487449],[-77.04895896813284,38.92748047583712],[-77.04786899857179,38.92325981516906],[-77.04906230654099,38.92040575036957],[-77.0506744064294,38.91930481154695],[-77.05321423572036,38.91969812399229],[-77.05618168406974,38.918469343134085],[-77.05770812514486,38.91769272146086],[-77.0582211636934,38.915746264295976],[-77.05238509269094,38.91281671031917],[-77.04799478170747,38.90774720594956],[-77.04621630781796,38.907809333643925],[-77.04596417508589,38.907094959803324],[-77.04172732559607,38.90812674025806],[-77.03969676452057,38.90747439143412],[-77.03952560913883,38.90812318440747],[-77.04493753736463,38.910987766632395],[-77.04518513971318,38.913389720679206],[-77.04340195043773,38.91513938619526],[-77.04145213575171,38.91585024435571],[-77.04000649219152,38.91798984720736],[-77.03636342326253,38.91843824279321],[-77.03611135037876,38.91772384792464],[-77.034247009431,38.918110198484285],[-77.03136968807353,38.91732648461255],[-77.02645181528125,38.91926529408592],[-77.0242497628747,38.91926146696797],[-77.02492500802923,38.92004153112094],[-77.02415908142629,38.92127343201972],[-77.02677952631873,38.923030478652755],[-77.02677456520277,38.924718058243556],[-77.02888622508667,38.92673381050932],[-77.02675968047521,38.929780799324924],[-77.02431033239107,38.927374977230436],[-77.02490999567671,38.925104268785404],[-77.02296983266957,38.92243967810844],[-77.02373579165406,38.921207784362906],[-77.02153368065831,38.92120390901286],[-77.02179069911381,38.920230755082855],[-77.0192510210992,38.919836799027976],[-77.01822793509015,38.92204181203242],[-77.01941212171246,38.92256319028471],[-77.01898368711016,38.924185105565904],[-77.02050553814553,38.925096520675105],[-77.02176531412306,38.928668652686646],[-77.01956297761573,38.92866474233942],[-77.01786449986142,38.930089660485095],[-77.01701782993676,38.92995832059884],[-77.01710871950333,38.92794635841931],[-77.01549592094965,38.92904686208936],[-77.01388833388619,38.92845976465012],[-77.01363118078159,38.929432903278276],[-77.01617116306635,38.929826974935054],[-77.01582832497199,38.93112449956893],[-77.01277395412593,38.932676695788246],[-77.01006776361079,38.93124372804026],[-77.01193787453171,38.929170159952974],[-77.0105821709759,38.929297464677525],[-77.01041604560194,38.928258639205644],[-77.01304696968818,38.926640817801974],[-77.01161090321926,38.92540493309809],[-77.01262894790186,38.92488755273939],[-77.01221094624296,38.92313428668246],[-77.01348608933348,38.92164376465827],[-77.01720996996602,38.922559238154875],[-77.01814740601783,38.920678615632006],[-77.01569343099084,38.91996020447469],[-77.01493781963762,38.91781689210185],[-77.01357706608968,38.9196318073244],[-77.01163215193203,38.91865461891409],[-77.00918904586084,38.91456092473909],[-77.01020695617649,38.91404356500992],[-77.00953192426392,38.91326342134204],[-77.01038372684842,38.91170723566677],[-77.00505337389573,38.91020434797985],[-77.00504791027906,38.911891923788204],[-77.00284608197319,38.91188771659066],[-77.00224031069104,38.915845890847166],[-77.00096503897285,38.91733629607387],[-77.00112544951101,38.92006271012711],[-77.00416308536732,38.923573537427814],[-77.0033857639691,38.92818046904589],[-77.00499326018453,38.92876770259642],[-77.00498779378192,38.930455282583],[-77.00786534987024,38.93123960996819],[-77.00549142192341,38.93188420078982],[-77.00522868338143,38.93454490340177],[-77.00353528858012,38.934282045171024],[-77.00370132952975,38.93532088071462],[-77.0015790264006,38.93667985949171],[-77.00125255700773,38.932914601480064],[-76.99964499941501,38.93232731911148],[-76.99862675847382,38.93284459340257],[-76.99896991117102,38.93154711603413],[-77.00304270581674,38.92947795803379],[-77.00109767006202,38.928500603110024],[-77.00204113320353,38.92493252192903],[-77.00051951670933,38.92402088027081],[-77.00086259410881,38.92272339922065],[-76.99883199229359,38.922070379942596],[-76.99900354295933,38.92142164201209],[-76.99629237440246,38.92167595360306],[-76.99509128229865,38.92621708921831],[-76.9957662795765,38.92699731284038],[-76.99414746198268,38.92978511813922],[-76.99254003078204,38.92919774393332],[-76.99187081802815,38.926729923594735],[-76.9944220104816,38.923749283642955],[-76.99306637724517,38.9238763968035],[-76.99231139119388,38.92173294549536],[-76.99434763761035,38.92069849384738],[-76.99604068340278,38.92096147703385],[-76.99775064202922,38.91616170557029],[-76.9964865980049,38.91427691165644],[-76.99411883944535,38.91323370722813],[-77.00056406516487,38.9105202643285],[-77.00048387940835,38.90915705855386],[-77.00395522968354,38.909358461577064],[-77.00412670478178,38.908709717647966],[-77.0012500789813,38.90792530588635],[-77.00168435404467,38.90461588093994],[-76.99254054168024,38.90420846061459],[-76.99270635728281,38.9052473067062],[-76.99507383601683,38.90629053702492],[-76.99515391737079,38.907653745789325],[-76.9931237868288,38.907000634336384],[-76.99074472362032,38.90933251551103],[-76.98803397621106,38.90958664614011],[-76.98701008920165,38.91179139849216],[-76.98785063161182,38.913610518309895],[-76.98429329263463,38.91373302281146],[-76.98446495315449,38.913084305717994],[-76.98183988569723,38.913013942425884],[-76.98302963900345,38.91184809233542],[-76.98355059347867,38.90821437185535],[-76.98719347565482,38.90776752852006],[-76.98881207008331,38.90497982213392],[-76.99008156429139,38.90517711796622],[-76.98966421841814,38.903423780505925],[-76.9828080068521,38.902695720399414],[-76.98137292550456,38.9014594894992],[-76.98171623765592,38.90016206527447],[-76.97951476529879,38.90015744376917],[-76.97816563069439,38.8985968215465],[-76.97165346283329,38.89657073025336],[-76.96944581236643,38.8982535012255],[-76.96867287136773,38.9011726275061],[-76.96976420203683,38.903706397800725],[-76.96891162532589,38.90526230267092],[-76.96467379249516,38.90629144947167],[-76.96534827929247,38.9070718365532],[-76.96441606020278,38.90726448306237],[-76.96389415796095,38.91089812262205],[-76.96786824600686,38.912529617263345],[-76.96634095590464,38.913305132152814],[-76.96701552551424,38.914085510877435],[-76.96921741804333,38.914090354345646],[-76.9684506119311,38.91532190998206],[-76.96937663298498,38.91681680814392],[-76.97106949832487,38.91708013210973],[-76.97234537725211,38.91559003446216],[-76.97530786851017,38.91605076524056],[-76.97870576760799,38.91320207720323],[-76.98149651517039,38.914311369149516],[-76.97987743335939,38.91709898341558],[-76.98242279113161,38.915806169671065],[-76.98496212921738,38.9162008797397],[-76.98521369508506,38.91691537833706],[-76.9875014948247,38.91659553782639],[-76.98809050321667,38.91770016307239],[-76.98402389396253,38.918081250162125],[-76.98157034321156,38.917362164032085],[-76.97208148660398,38.918250660844926],[-76.9717379175487,38.91954806143642],[-76.97367612878783,38.9222134522259],[-76.97180510723669,38.9242864412474],[-76.97416672508483,38.927017651025345],[-76.96951070878183,38.92629356983452],[-76.966051383748,38.922716048127086],[-76.96706971439274,38.92219904201416],[-76.96724788865838,38.919862771886166],[-76.96555497245792,38.91959939565018],[-76.96581273318473,38.91862635811812],[-76.97072591676401,38.918377529695576],[-76.96293612860846,38.917841056471474],[-76.96387490517793,38.915960845710075],[-76.96556773072955,38.9162242447556],[-76.96624868222136,38.915317052896],[-76.96489315682406,38.91544385793481],[-76.96430451850989,38.91433912286412],[-76.96218209187084,38.91569742356362],[-76.96329270956271,38.913168531269804],[-76.9577185018704,38.90926149239806],[-76.95465717894399,38.91249982621686],[-76.95371155565262,38.916067540550536],[-76.95506711211667,38.915940857737006],[-76.9548092173351,38.916913872579805],[-76.95303044098952,38.91697466364303],[-76.95260056107462,38.91859634798118],[-76.95133093459671,38.91839866803284],[-76.95176084161417,38.91677698813872],[-76.94752209651844,38.91780555022444],[-76.946496867648,38.9200099702186],[-76.94496919314385,38.92078522261291],[-76.94598081337088,38.92195596488914],[-76.94504149754812,38.92383604164672],[-76.94875785983419,38.926441146798936],[-76.94722326957083,38.9289040044892],[-76.94950486047337,38.930272441616104],[-76.94907482353874,38.931894116636556],[-76.95017266990298,38.93274049151371],[-76.95229581729728,38.931382393267526],[-76.95262642864182,38.93346020034182],[-76.95449159499181,38.93307507625908],[-76.95423363183451,38.93404809215429],[-76.95550353905921,38.93424574280013],[-76.95533818819624,38.93320684302196],[-76.95797051432395,38.931590189200506],[-76.95881709655937,38.931721932190065],[-76.95881055976193,38.93340951062434],[-76.96321551269715,38.933419449868424],[-76.9639825979263,38.93218792360866],[-76.96474325797121,38.93264397137927],[-76.96168126439507,38.935882488781125],[-76.95820876690681,38.935679901477776],[-76.95760693652188,38.93795029012393],[-76.95667430161015,38.9381428792229],[-76.95337370485,38.937291475540306],[-76.95338036800351,38.935603896491834],[-76.95431297910673,38.935411332228014],[-76.95211044285585,38.935406224070334],[-76.95160783797124,38.933977088635366],[-76.9494053452949,38.93397193244181],[-76.94924008205896,38.932933024575135],[-76.94729567647511,38.93195482556054],[-76.94560255135693,38.931691176512004],[-76.9453444743237,38.93266417372984],[-76.94931257747226,38.93598384615561],[-76.95099237903169,38.939622603249724],[-76.95734242625267,38.94061089319393],[-76.95834797247386,38.9434691184668],[-76.96553881702738,38.94627631148201],[-76.96774801398453,38.94459359926167],[-76.96995082923962,38.94459842973441],[-76.9730066129016,38.94304728568194],[-76.97429526476596,38.93818200095856],[-76.97252220472701,38.936555491452246],[-76.97277993237196,38.93558243720087],[-76.9746450464437,38.93519700994201],[-76.97584141969581,38.93234364596324],[-76.97651626749145,38.93312397499429],[-76.97914205477963,38.93319445117456],[-76.97863893465436,38.93176542577024],[-76.98304379072361,38.93177466079787],[-76.98159611502514,38.93391358688473],[-76.98074946611897,38.93378199934534],[-76.98048581663,38.936442650149324],[-76.97666355056054,38.9392255874232],[-76.97682921937452,38.94026445961165],[-76.98030198724584,38.940466525726684],[-76.98182369425842,38.94137841748748],[-76.98478729478596,38.94183892341799],[-76.98504487721394,38.94086584297344],[-76.98571990263656,38.94164612284568],[-76.99302617470295,38.93568945322845],[-76.99504570945838,38.93971773177341],[-76.99284304027053,38.93971334693534],[-76.99207636395224,38.94094505291965],[-76.99089207416239,38.9404234123427],[-76.98714996898197,38.944569892552074],[-76.98215519367129,38.94345614863324],[-76.97969475254294,38.94442460510606],[-76.97656540314976,38.9429251044798],[-76.97536888438916,38.945778479648816],[-76.97316603307218,38.9457737453878],[-76.97239896004596,38.94700533077398],[-76.97053353156805,38.94739072489256],[-76.96934929131493,38.94686887817385],[-76.96866808334073,38.94777609098072],[-76.96706046054183,38.94718838508915],[-76.96688221338339,38.94952466375656],[-76.96899923641749,38.9498538591444],[-76.96968045970696,38.948946644250874],[-76.97492700275878,38.95077541411399],[-76.97381621549272,38.95330442367388],[-76.97897727298626,38.955457376471955],[-76.98050531283708,38.95468170143355],[-76.9811065673753,38.95241119638176],[-76.98348138054958,38.95176707045989],[-76.98552451174884,38.949045175628754],[-76.98908357414896,38.94892263518718],[-76.99036544914705,38.94574476239528],[-76.99290587452181,38.946139311412736],[-76.99316336365347,38.945166213523976],[-76.99341511009433,38.945880698312024],[-76.99595555673733,38.94627518488246],[-76.99179578257196,38.94866848023293],[-76.99475974292473,38.94912874837971],[-76.99593852430007,38.95133793717216],[-76.99991553793738,38.952968413656905],[-77.00134639686507,38.95589202438456],[-76.99999017713027,38.95601921380571],[-76.99237935536074,38.95146067431837],[-76.98958119270216,38.95203920602201],[-76.98754987437951,38.951385999359346],[-76.98415649029734,38.95254736004604],[-76.98304599664509,38.95507645287674],[-76.98745226383082,38.955085531389734],[-76.99151514165192,38.95639191540488],[-76.99261385084014,38.95723791745006],[-76.99125759077793,38.957365011436536],[-76.99082832401892,38.95898683727325],[-76.98904854974408,38.95904814537213],[-76.98981546796502,38.957816454922394],[-76.9876122514336,38.95781197719026],[-76.9849056219055,38.95637845538926],[-76.9818555370658,38.95624231006447],[-76.98015567784452,38.957666717211154],[-76.97795246645344,38.95766206794201],[-76.97768862823091,38.96032272181343],[-76.97989192013848,38.96032737576882],[-76.97903889670972,38.96188336237787],[-76.98148189533448,38.96597767745283],[-76.98197330190678,38.97078187514781],[-76.98417691072176,38.97078645302086],[-76.98307211741236,38.971627963480145],[-76.98442271108571,38.97318854806647],[-76.98976889665492,38.971317156274324],[-76.9921500172889,38.968985273657],[-76.99384417840452,38.96924828863283],[-76.99656279241744,38.96730643996418],[-76.99587605175667,38.9699013939335],[-76.99968800975707,38.970493030736584],[-77.00325360684165,38.968682494035434],[-77.00452425132958,38.96887964372832],[-77.00282454065363,38.9703043640654],[-77.00451877103895,38.970567233353854],[-77.00408972193381,38.972189108214494],[-77.00180579097976,38.97082166727277],[-76.9992588534352,38.97211488887465],[-76.99214425005964,38.97067286274829],[-76.99137723577317,38.97190456992775],[-76.98713584011152,38.972934494101295],[-76.98543569435296,38.974358977099406],[-76.984674468648,38.9739030535092],[-76.98475442960108,38.97526628187715],[-76.99016919433761,38.978133281323174],[-76.99075294100663,38.98092549519199],[-76.99346633638729,38.98067130252788],[-76.99516647241418,38.9792467081536],[-77.00311818014947,38.9841951899347],[-77.00439457949456,38.98270474832774],[-77.00651273737431,38.983033305143564],[-77.01050774798455,38.97960067113487],[-77.0116070283704,38.980446507885475],[-77.01415403804937,38.9791530312285],[-77.01296368304476,38.9803191910129],[-77.01346781291238,38.98174808713791],[-77.01134966104406,38.981419649086156],[-77.01066865332196,38.98232709706316],[-77.00888832493472,38.98238868997485],[-77.00803566296656,38.983944881006394],[-77.00430326998281,38.98471671712446],[-77.00582075177239,38.987315914303586],[-77.0070917286085,38.987513038264645],[-77.00615858952519,38.98770600081756],[-77.00708630646362,38.98920063278153],[-77.00511774849136,38.994973713892],[-77.00774579556563,38.99504358516361],[-77.00944598781852,38.99361879202767],[-77.01275508664115,38.99278111436765],[-77.01478778690424,38.99343391234291],[-77.00918854499133,38.994591930728916],[-77.01096383901,38.99621792992449],[-77.01070106827083,38.99887866939953],[-77.01307185201932,38.999921570077774],[-77.01408040749153,39.00277936844613],[-77.01924616622055,39.004930662143224],[-77.01814126010845,39.00577248921736],[-77.02102193735394,39.00655652015584],[-77.02287850096374,39.00954556417488],[-77.02559285150343,39.009290668006415],[-77.02586010318726,39.0049422926835],[-77.02866001202172,39.00436293808341],[-77.02959820620116,39.00248220643733],[-77.03026939565945,39.00494985062652],[-77.02840278821026,39.00533611827045],[-77.02669275597533,39.01013637506848],[-77.0305928119469,39.010402673751],[-77.03118323429248,39.011507109450136],[-77.03330235181494,39.011835210547304],[-77.0357643589911,39.010865681013],[-77.03550720723496,39.011838876936565],[-77.03694538617457,39.013074500777854],[-77.03253560050145,39.013067179920995]],[[-77.01983593865073,39.11780786125518],[-77.02059889321013,39.118263580480956],[-77.02068480340766,39.11793918599466],[-77.01983593865073,39.11780786125518]],[[-77.02059889321013,39.118263580480956],[-77.02093741941064,39.11865363572128],[-77.0210233285576,39.11832924097622],[-77.02059889321013,39.118263580480956]],[[-77.02093741941064,39.11865363572128],[-77.02127594924707,39.11904369006971],[-77.02136185734344,39.11871929506595],[-77.02093741941064,39.11865363572128]],[[-77.02285278312515,39.074713575260965],[-77.02336281301696,39.0744548338529],[-77.02293863178289,39.074389181888584],[-77.02285278312515,39.074713575260965]],[[-76.92508842063675,38.97409027394911],[-76.92457874500062,38.97434860755936],[-76.9250022541851,38.97441459414092],[-76.92508842063675,38.97409027394911]],[[-76.92694021474388,38.97708073588976],[-76.92643052473726,38.977339077221956],[-76.92685405300412,38.97740505751372],[-76.92694021474388,38.97708073588976]],[[-76.92651668828638,38.97701475589528],[-76.92575580407525,38.97655847079632],[-76.9256696376754,38.976882791572294],[-76.92651668828638,38.97701475589528]],[[-76.93757254044316,38.98853097567146],[-76.93706280798156,38.98878936112217],[-76.9374864125368,38.98885530524413],[-76.93757254044316,38.98853097567146]],[[-76.95237142962658,39.01920289546579],[-76.95270912877031,39.01959312938685],[-76.95279522519242,39.01926878766164],[-76.95237142962658,39.01920289546579]],[[-76.96012639698415,39.0315532567894],[-76.95961644310452,39.0318117366537],[-76.96004031871661,39.03187760426086],[-76.96012639698415,39.0315532567894]],[[-76.93213827092805,39.05050504903416],[-76.93247600685972,39.05089534004452],[-76.93256223061749,39.050571010632744],[-76.93213827092805,39.05050504903416]],[[-76.9324395919848,39.01947952893988],[-76.93277718546216,39.01986981707627],[-76.93286337109576,39.01954548916324],[-76.9324395919848,39.01947952893988]],[[-76.9208253731143,39.01834669561521],[-76.92031537220502,39.01860501351577],[-76.9207391352218,39.01867101510644],[-76.9208253731143,39.01834669561521]],[[-76.88466417521522,39.02486889217355],[-76.8843268167766,39.02447847295913],[-76.88424040885468,39.024802767406975],[-76.88466417521522,39.02486889217355]],[[-76.86959956413345,39.0350154187753],[-76.86926223950877,39.034624957975325],[-76.86917575234652,39.034949242489624],[-76.86959956413345,39.0350154187753]],[[-76.89409184273795,39.00438452795175],[-76.8935818448044,39.00464273545721],[-76.89400550221573,39.004708828129104],[-76.89409184273795,39.00438452795175]],[[-76.88053243747525,38.98571725571395],[-76.88019528272311,38.985326827724535],[-76.88010890288056,38.985651117263494],[-76.88053243747525,38.98571725571395]],[[-76.93208661557642,38.92283085042335],[-76.93268197533352,38.922248164802646],[-76.93225876255177,38.92218220491995],[-76.93208661557642,38.92283085042335]],[[-76.89299520377031,38.932268761003215],[-76.89359095345027,38.93168626235845],[-76.89316772126055,38.93162016898951],[-76.89299520377031,38.932268761003215]],[[-76.89359095345027,38.93168626235845],[-76.89410044038776,38.931428057613914],[-76.89367720923634,38.93136196598593],[-76.89359095345027,38.93168626235845]],[[-76.85979662310808,38.9145812444172],[-76.86030611016575,38.914323179106056],[-76.8598830090998,38.91425697231283],[-76.85979662310808,38.9145812444172]],[[-76.86030611016575,38.914323179106056],[-76.86081559361304,38.914065111710286],[-76.8603924935831,38.91399890665776],[-76.86030611016575,38.914323179106056]],[[-76.94063457682098,38.90389890666424],[-76.94114370260189,38.903640509653194],[-76.94072059026483,38.90357457880939],[-76.94063457682098,38.90389890666424]],[[-76.94556053541966,38.90027593458207],[-76.94505144882021,38.90053434961989],[-76.94547454741844,38.900600265657744],[-76.94556053541966,38.90027593458207]],[[-76.94505144882021,38.90053434961989],[-76.94454235860901,38.90079276257565],[-76.94496545824745,38.90085868035315],[-76.94505144882021,38.90053434961989]],[[-76.96553624627938,38.87974636987236],[-76.96621685728888,38.878839182365724],[-76.96579386628645,38.87877333729672],[-76.96553624627938,38.87974636987236]],[[-76.9674126353075,38.87598592041335],[-76.96774975131629,38.87637610548291],[-76.96783561159296,38.876051759935514],[-76.9674126353075,38.87598592041335]],[[-76.95514675562482,38.8524619577588],[-76.95565547071325,38.85220350275399],[-76.9552326438093,38.852137621844015],[-76.95514675562482,38.8524619577588]],[[-77.01079992602763,38.8067537945026],[-77.00978351715952,38.80727115273878],[-77.00952673654223,38.80824426904279],[-77.0114739858153,38.80753392174583],[-77.01079992602763,38.8067537945026]],[[-77.04702170664333,38.8279103797472],[-77.046342576507,38.82881800547208],[-77.04676535031169,38.82888357523973],[-77.04702170664333,38.8279103797472]],[[-77.09689704994146,38.84407520179442],[-77.09638889284803,38.84433423623538],[-77.09681180158387,38.84439963526801],[-77.09689704994146,38.84407520179442]],[[-77.11984942189422,38.88070708860106],[-77.12001699886292,38.88174576044447],[-77.12187995388709,38.88135812231822],[-77.12196513386712,38.88103367022185],[-77.11984942189422,38.88070708860106]],[[-77.12001699886292,38.88174576044447],[-77.11908551391812,38.88193956901368],[-77.1199318093761,38.88207021122999],[-77.12001699886292,38.88174576044447]],[[-77.08430829789913,38.875215119636195],[-77.08456431583049,38.87424184146771],[-77.08414124490834,38.874176400400565],[-77.08354748965772,38.874759808872724],[-77.08430829789913,38.875215119636195]],[[-77.23639823384532,39.10722933122859],[-77.23605860487135,39.10683986445903],[-77.23597366976999,39.10716440622065],[-77.23639823384532,39.10722933122859]],[[-77.20080955702537,39.125072970288436],[-77.20148861104526,39.12585209824335],[-77.20123419432737,39.12513801560611],[-77.20080955702537,39.125072970288436]],[[-77.2023387920623,39.124294542576166],[-77.20284676279489,39.12741034339001],[-77.20581934831878,39.12786558169374],[-77.2073485884586,39.12708709194212],[-77.20811433792001,39.12416637950061],[-77.2023387920623,39.124294542576166]],[[-77.24310562569278,39.081590391706996],[-77.24276608059738,39.081200945143294],[-77.24268120541774,39.081525489918974],[-77.24310562569278,39.081590391706996]],[[-77.22689973275052,39.04569522926314],[-77.227578633434,39.044786587781374],[-77.22715444186548,39.044721633395774],[-77.22689973275052,39.04569522926314]],[[-77.18316596750847,39.096376223998014],[-77.1828266746694,39.095986612673705],[-77.18274151448927,39.096311117345095],[-77.18316596750847,39.096376223998014]],[[-77.18324844910165,39.09942698123208],[-77.18273881403667,39.09968637970028],[-77.18316328677273,39.09975148640404],[-77.18324844910165,39.09942698123208]],[[-77.1748382382087,39.10455060693166],[-77.17534793560574,39.10429124061377],[-77.17492344334993,39.10422610716704],[-77.1748382382087,39.10455060693166]],[[-77.18870573553825,39.06684520672286],[-77.18921511903899,39.066585785368055],[-77.18879083456743,39.06652069972873],[-77.18870573553825,39.06684520672286]],[[-77.21970814560258,38.97708654044551],[-77.22021679029048,38.9768269958655],[-77.21979300142453,38.97676201705588],[-77.21970814560258,38.97708654044551]],[[-77.13067779645111,38.997160815212354],[-77.13118689887631,38.99690163484079],[-77.13076307277846,38.99683635183407],[-77.13067779645111,38.997160815212354]],[[-77.10215261618842,39.016734414382796],[-77.10139021593102,39.01627920405492],[-77.10130478578047,39.01660364825342],[-77.10215261618842,39.016734414382796]],[[-77.11255914854922,39.03083066301083],[-77.11306855126008,39.03057155552915],[-77.11264454520085,39.03050621030502],[-77.11255914854922,39.03083066301083]],[[-77.0971344530976,39.02406332051835],[-77.09747295118694,39.02445316060639],[-77.09755840765249,39.02412871862421],[-77.0971344530976,39.02406332051835]],[[-77.06315145142982,39.01240078707553],[-77.06281319339487,39.01201085423129],[-77.06272759619415,39.0123352716356],[-77.06315145142982,39.01240078707553]],[[-77.01471063134537,38.963706015451365],[-77.0152199123328,38.96344731219121],[-77.01479638536233,38.96338163363251],[-77.01471063134537,38.963706015451365]],[[-77.02909408929976,38.942636461251816],[-77.0287563378029,38.942246439769875],[-77.02867067087672,38.942570830247796],[-77.02909408929976,38.942636461251816]],[[-77.03444645168096,38.93738798671135],[-77.03283370606667,38.93848871725741],[-77.02910881433996,38.93757371093228],[-77.03206287953981,38.941408253765005],[-77.03452252178286,38.94043875914548],[-77.03461294073026,38.93842678126575],[-77.03571663443708,38.937584816100866],[-77.03444645168096,38.93738798671135]],[[-77.04459530040467,38.91228536745821],[-77.0438343532701,38.91182981082462],[-77.04374878927085,38.912154210373444],[-77.04459530040467,38.91228536745821]],[[-77.01313268746914,38.926316438831016],[-77.01406502144512,38.92612342556809],[-77.01321840448648,38.925992059815016],[-77.01313268746914,38.926316438831016]],[[-76.99900354295933,38.92142164201209],[-76.9995983556606,38.92083863538687],[-76.99917509056883,38.92077290390054],[-76.99900354295933,38.92142164201209]],[[-76.95099237903169,38.939622603249724],[-76.95039702375145,38.94020537815178],[-76.95082035771905,38.940271276294595],[-76.95099237903169,38.939622603249724]],[[-76.95039702375145,38.94020537815178],[-76.94980165894059,38.94078815024372],[-76.95022499575778,38.94085405042384],[-76.95039702375145,38.94020537815178]],[[-77.03261650152335,39.0144303856452],[-77.03210692544585,39.01468916235079],[-77.0325307667957,39.01475478234319],[-77.03261650152335,39.0144303856452]],[[-77.03210692544585,39.01468916235079],[-77.03151160585935,39.01527233299767],[-77.03193545007035,39.015337955028414],[-77.03210692544585,39.01468916235079]],[[-77.0533379266202,39.13480425269774],[-77.05384826991306,39.13454538319982],[-77.05342371013012,39.134479834544635],[-77.0533379266202,39.13480425269774]],[[-77.03431025218859,39.10485090441462],[-77.03490628337883,39.10426771107584],[-77.03448191764096,39.10420209814952],[-77.03431025218859,39.10485090441462]],[[-77.19129626819088,39.12597827141318],[-77.19223069019843,39.12578391260812],[-77.1913814249338,39.12565375901723],[-77.19129626819088,39.12597827141318]],[[-77.19826273921134,39.12299502817828],[-77.1985181032841,39.122021477143626],[-77.19664938473277,39.12241028194079],[-77.1965642553305,39.122734797735454],[-77.19826273921134,39.12299502817828]],[[-76.89387229169235,39.0681890874034],[-76.89489317364757,39.06767266233889],[-76.89404512397157,39.067540480191056],[-76.89387229169235,39.0681890874034]],[[-76.88989135497846,39.066555181999824],[-76.89362110029028,39.06747438694784],[-76.89430436660683,39.06656756906378],[-76.8959140410958,39.067156228935],[-76.8973748666065,39.06333064870273],[-76.89567886262931,39.063066312704045],[-76.89227070484762,39.065912790569264],[-76.8941556894715,39.062153346827216],[-76.89509008095678,39.06196122406375],[-76.89433655021179,39.059817131223014],[-76.8962916629343,39.05910857141478],[-76.89672362990915,39.05748704729068],[-76.89587569573081,39.05735487787632],[-76.89733632630559,39.05352930475772],[-76.89673960812577,39.054111832487116],[-76.89470627287264,39.05345709530145],[-76.88908416661928,39.057984921640184],[-76.88882488472574,39.05895782038466],[-76.88933528062348,39.058699630055834],[-76.89009679596396,39.05915614457633],[-76.88753657462063,39.062134699561],[-76.888808537933,39.062333037053484],[-76.88811705292693,39.06492743334992],[-76.88921619860889,39.06577436545231],[-76.8876848497307,39.066548929692765],[-76.88904332743819,39.06642296574104],[-76.8892944701932,39.067137675314974],[-76.88989135497846,39.066555181999824]],[[-76.8876848497307,39.066548929692765],[-76.88717439285188,39.06680711360285],[-76.8875984067774,39.06687322883757],[-76.8876848497307,39.066548929692765]],[[-76.8857007261327,39.05576839375221],[-76.88851188645546,39.053504589377276],[-76.88775044026809,39.05304806559748],[-76.88461004310415,39.0532338259618],[-76.88366744398304,39.05511347570426],[-76.8857007261327,39.05576839375221]],[[-77.16796966880585,39.0953946074777],[-77.16847932648993,39.09513526977312],[-77.168054893886,39.095070112986576],[-77.16796966880585,39.0953946074777]],[[-76.90295757402873,39.049001108555174],[-76.90236879562755,39.04789605714814],[-76.89955828368171,39.05016017283976],[-76.90065733937647,39.05100700151323],[-76.90295757402873,39.049001108555174]],[[-76.86209136190196,39.04330106512635],[-76.86268826891505,39.04271870495454],[-76.86226441851768,39.04265250499822],[-76.86209136190196,39.04330106512635]],[[-76.84854665262421,39.03780668554689],[-76.84948085164879,39.03761490662344],[-76.8486332351842,39.03748241524779],[-76.84854665262421,39.03780668554689]],[[-76.83710408383514,39.03601747805307],[-76.83761450228234,39.03575950126548],[-76.83719071529177,39.035693215831685],[-76.83710408383514,39.03601747805307]],[[-76.83397373675143,39.03451436055009],[-76.84117805401962,39.035641202750064],[-76.84194828382748,39.03441041295812],[-76.84533857625975,39.034940525978726],[-76.84558918068768,39.035655319882196],[-76.84745753413048,39.035271799644825],[-76.84678312393406,39.03449075686816],[-76.8484190277006,39.03001723707877],[-76.84792692568632,39.0269000657266],[-76.84580820960387,39.02656880053768],[-76.8455484607981,39.02754160360637],[-76.84359370262177,39.02824936094942],[-76.84358448320707,39.02993695691769],[-76.84162037622947,39.03233228013266],[-76.84001191235986,39.031742920581806],[-76.84019443683125,39.02940679646644],[-76.8378251750468,39.028360590948836],[-76.83799841251445,39.027712066295074],[-76.8416481708362,39.02726949206111],[-76.84106050009277,39.026164154393456],[-76.83733353832119,39.0252433785026],[-76.83698706019942,39.02654042524872],[-76.83410758090972,39.02575212307237],[-76.83459908279413,39.0288693485532],[-76.83171953717715,39.028080990699344],[-76.83069876262705,39.02859689306707],[-76.83348222351948,39.031397129636225],[-76.83237476688346,39.03223730549436],[-76.83295288788365,39.035030282005245],[-76.83397373675143,39.03451436055009]],[[-76.89842852248103,39.03782441248763],[-76.89893873593414,39.0375661836562],[-76.89851488259833,39.037500107459906],[-76.89842852248103,39.03782441248763]],[[-76.89743199750767,39.03327805907308],[-76.8979421826007,39.0330198345346],[-76.89751835666995,39.03295375498855],[-76.89743199750767,39.03327805907308]],[[-76.84913886817121,39.022360292046386],[-76.84727998825183,39.02105624252997],[-76.84557598013046,39.02247881871643],[-76.84625026597483,39.023259866474774],[-76.84845545410225,39.02326685454054],[-76.84913886817121,39.022360292046386]],[[-76.85848750964773,39.01875455302333],[-76.85899773108864,39.01849648911031],[-76.85857402520668,39.01843027683101],[-76.85848750964773,39.01875455302333]],[[-76.94953654323632,39.02821853749484],[-76.95030486004794,39.026987078061865],[-76.94988102176055,39.0269211772822],[-76.94953654323632,39.02821853749484]],[[-76.94877497887592,39.027762389823124],[-76.94928494289107,39.027503954652296],[-76.94886110251558,39.02743805038605],[-76.94877497887592,39.027762389823124]],[[-77.15816488092551,39.057092357392094],[-77.15867430505014,39.05683306170471],[-77.15825010486726,39.05676787189528],[-77.15816488092551,39.057092357392094]],[[-76.93677769814595,39.01643953748518],[-76.93728762539705,39.01618115206633],[-76.93686386187623,39.01611520697851],[-76.93677769814595,39.01643953748518]],[[-76.90466008378114,39.011099151021014],[-76.9051700876538,39.0108408977399],[-76.90474638438593,39.01077484310217],[-76.90466008378114,39.011099151021014]],[[-76.91034086318203,39.0113091288292],[-76.91085084835694,39.01105085220514],[-76.9104271387081,39.01098481695133],[-76.91034086318203,39.0113091288292]],[[-76.9018667955684,39.009988114296874],[-76.9023768015682,39.009729872536155],[-76.9019531073086,39.0096638083781],[-76.9018667955684,39.009988114296874]],[[-76.91093712130291,39.01072653998647],[-76.91153336987271,39.01014394833529],[-76.91110966488695,39.01007791542041],[-76.91093712130291,39.01072653998647]],[[-76.91394102240953,39.00275077123317],[-76.91521201935643,39.002948836422426],[-76.91581571047574,39.00067863173171],[-76.91394860629399,39.00106317800471],[-76.91394102240953,39.00275077123317]],[[-76.91820016178792,38.99834815831845],[-76.91743910662274,38.99789182072579],[-76.91735287788129,38.99821613679564],[-76.91820016178792,38.99834815831845]],[[-76.91828638690882,38.998023841653286],[-76.91921989100148,38.99783153949683],[-76.91837261126096,38.997699524944814],[-76.91828638690882,38.998023841653286]],[[-76.92049081637754,38.998029550486926],[-76.92142431471626,38.997837231753266],[-76.92057703090951,38.99770523224707],[-76.92049081637754,38.998029550486926]],[[-77.24870382267994,39.04329416135644],[-77.25014602806434,39.04283970419581],[-77.24887342925815,39.042645067964436],[-77.24870382267994,39.04329416135644]],[[-77.28501665509164,39.04614252734218],[-77.28408350513126,39.04633758038869],[-77.28493200944824,39.046467098906334],[-77.28501665509164,39.04614252734218]],[[-77.28416815441179,39.04601300941],[-77.28298006304074,39.04549415151013],[-77.28289540906043,39.04581872165002],[-77.28416815441179,39.04601300941]],[[-77.10028608857696,39.01712176342971],[-77.10079543899288,39.01686270688075],[-77.10037152388016,39.01679731990454],[-77.10028608857696,39.01712176342971]],[[-77.14073212284289,39.02267815168765],[-77.14124136805798,39.02241892901338],[-77.1408173842341,39.0223536800658],[-77.14073212284289,39.02267815168765]],[[-77.0640032676645,39.010844210672154],[-77.06451270330406,39.010585303240646],[-77.06408885742117,39.01051979246695],[-77.0640032676645,39.010844210672154]],[[-77.06459829048401,39.01026088469788],[-77.06510771992036,39.01000197484941],[-77.06468387690055,39.00993646611308],[-77.06459829048401,39.01026088469788]],[[-77.09283351881291,39.01192046003091],[-77.09334285934752,39.01166143427337],[-77.09291898124799,39.01159602190973],[-77.09283351881291,39.01192046003091]],[[-77.09164735152375,39.011399776140586],[-77.09258056739732,39.01120617023205],[-77.0917328186377,39.0110753388633],[-77.09164735152375,39.011399776140586]],[[-77.09079960218631,39.011268938395844],[-77.09054667300902,39.01055464452898],[-77.08969893550106,39.010423799286926],[-77.08995185589866,39.01113809486564],[-77.09079960218631,39.011268938395844]],[[-77.1473541973259,39.017620487985845],[-77.14786338352698,39.01736123837213],[-77.14743942324623,39.017296012088636],[-77.1473541973259,39.017620487985845]],[[-76.92784439151377,38.983638722769975],[-76.9285264441165,38.98273172941811],[-76.92810288333047,38.982665754780214],[-76.92784439151377,38.983638722769975]],[[-76.97537454050469,38.99069464414811],[-76.97588415021902,38.99043610130713],[-76.9754605016938,38.99037028821813],[-76.97537454050469,38.99069464414811]],[[-76.9343702397337,38.98397954980553],[-76.93386052778455,38.984237921923786],[-76.93428410294142,38.98430387692818],[-76.9343702397337,38.98397954980553]],[[-76.93394666638666,38.98391359509842],[-76.93360923345156,38.98352331237468],[-76.93352309380748,38.98384763894641],[-76.93394666638666,38.98391359509842]],[[-76.92137047257478,38.97148444185937],[-76.92246859392104,38.97233106673809],[-76.92256215014547,38.970319162666364],[-76.92171518463259,38.97018717148509],[-76.92137047257478,38.97148444185937]],[[-76.85937635089736,38.96248185477435],[-76.85988617473281,38.96222378946926],[-76.85946279561104,38.96215758080156],[-76.85937635089736,38.96248185477435]],[[-76.86014549882985,38.9612509663877],[-76.86090581155833,38.96170765260402],[-76.86107868474903,38.961059102556156],[-76.86014549882985,38.9612509663877]],[[-76.9493494741606,38.96908682780504],[-76.94985902500908,38.96882839267258],[-76.94943552580835,38.96876249097708],[-76.9493494741606,38.96908682780504]],[[-76.93318515130679,38.96353063735762],[-76.93420428636392,38.96301389819423],[-76.9333573847508,38.96288198661864],[-76.93318515130679,38.96353063735762]],[[-76.9221042319055,38.95876439713429],[-76.92261380720497,38.958506074283015],[-76.92219039274333,38.958440079705966],[-76.9221042319055,38.95876439713429]],[[-77.25149824358856,39.007269977814914],[-77.25124351003205,39.004868408562174],[-77.24988681880292,39.00499833022417],[-77.24895447767766,39.008568327125325],[-77.25149824358856,39.007269977814914]],[[-77.25234623414059,39.00739971805976],[-77.25285497430639,39.00714003849583],[-77.25243097971219,39.00707517083719],[-77.25234623414059,39.00739971805976]],[[-76.9346561368861,38.95632951745039],[-76.93313470839293,38.9554170452237],[-76.93296249062708,38.95606569494763],[-76.9346561368861,38.95632951745039]],[[-76.87667263314894,38.94390528629452],[-76.87413291755436,38.943508357358446],[-76.87345055489575,38.94441504641441],[-76.87667263314894,38.94390528629452]],[[-76.96872248149216,38.95588965913653],[-76.96923187117308,38.95563114495804],[-76.96880843122075,38.95556530950872],[-76.96872248149216,38.95588965913653]],[[-76.96940376471451,38.954982444976466],[-76.9699131456277,38.95472392803462],[-76.96948971033639,38.954658094919125],[-76.96940376471451,38.954982444976466]],[[-76.87737180184199,38.939623428442815],[-76.87729389056717,38.938260138798015],[-76.87550606044925,38.94000739300003],[-76.87922914157075,38.94092701124817],[-76.88008405198406,38.93937171634699],[-76.87737180184199,38.939623428442815]],[[-77.24810496853563,38.99325013732661],[-77.2479354702486,38.9938992243999],[-77.2486138045582,38.99467807678272],[-77.24920721392179,38.99409386868555],[-77.24810496853563,38.99325013732661]],[[-77.24657897765647,38.99402910968735],[-77.24708764491353,38.99376945430763],[-77.24666373338017,38.993704567090944],[-77.24657897765647,38.99402910968735]],[[-76.93684369497497,38.93978345379589],[-76.93735308513276,38.93952507111047],[-76.93692976769691,38.93945912701308],[-76.93684369497497,38.93978345379589]],[[-76.94920628459892,38.94137091952558],[-76.9497156419863,38.9411124860158],[-76.94929230412752,38.941046584094956],[-76.94920628459892,38.94137091952558]],[[-76.88563596334906,38.93010595076365],[-76.88580031268641,38.931144942745185],[-76.88706998321031,38.931343293930446],[-76.88732883416674,38.93037041832937],[-76.88563596334906,38.93010595076365]],[[-77.2332698226619,38.97916515422396],[-77.23106572463534,38.980852597173424],[-77.23123511960337,38.98189113217182],[-77.23293043994657,38.98215088263826],[-77.23403249977876,38.98130714927696],[-77.23445647652188,38.979684481915875],[-77.2332698226619,38.97916515422396]],[[-77.15648471649195,38.96940056473631],[-77.15699353281458,38.969141279639615],[-77.15656984524107,38.969076085022174],[-77.15648471649195,38.96940056473631]],[[-76.89309758237934,38.92856931695239],[-76.89360704925879,38.92831111434454],[-76.89318383667059,38.928245021061024],[-76.89309758237934,38.92856931695239]],[[-77.20979209215949,38.974553058833706],[-77.2069963481157,38.971761303389286],[-77.20453879128709,38.97104662558711],[-77.20530053766936,38.97318879447822],[-77.20868985360738,38.97539657605516],[-77.20911288821895,38.9771491891836],[-77.21038423523589,38.977344230696005],[-77.21182604631186,38.97520262697187],[-77.20979209215949,38.974553058833706]],[[-77.23504974233536,38.980787940296324],[-77.23572793571155,38.97987926386809],[-77.2353041152254,38.97981433799738],[-77.23504974233536,38.980787940296324]],[[-77.23504987726967,38.97910034285672],[-77.23555848130894,38.97884073532137],[-77.23513466702235,38.978775808882205],[-77.23504987726967,38.97910034285672]],[[-77.17826536614466,38.97038707718698],[-77.17809675382259,38.969348471855824],[-77.17555451915864,38.96895771478378],[-77.17614680437539,38.97006145273692],[-77.17826536614466,38.97038707718698]],[[-76.94398858963156,38.9327907505387],[-76.94621153284886,38.92773327125102],[-76.94494862207672,38.9258479493114],[-76.94240916471728,38.92545241934522],[-76.94088133252801,38.9262276219471],[-76.94060233673608,38.93226333898526],[-76.94152800147901,38.93375844846746],[-76.94398858963156,38.9327907505387]],[[-77.22165830176195,38.97468527808688],[-77.22326858222715,38.97526968482083],[-77.22394687127337,38.97436107353763],[-77.22148906023028,38.97364673115687],[-77.22165830176195,38.97468527808688]],[[-77.21801405041921,38.97345141723847],[-77.21860701610422,38.97455495316091],[-77.21970912695754,38.973711347967914],[-77.21801405041921,38.97345141723847]],[[-77.21131943870833,38.97039935037851],[-77.20979353334697,38.97117786773904],[-77.20716615994806,38.971112274477],[-77.21106408677626,38.97306049749422],[-77.21292954131701,38.970983890889244],[-77.21131943870833,38.97039935037851]],[[-77.21860753230958,38.972867357355575],[-77.21962476693173,38.972348275473],[-77.21877724317343,38.97221831245168],[-77.21860753230958,38.972867357355575]],[[-76.93512103774962,38.92634336926605],[-76.9352860846019,38.927382294999596],[-76.93680695433298,38.92829473725992],[-76.93647681780718,38.92621688951066],[-76.93512103774962,38.92634336926605]],[[-76.93641192489221,38.9214784896583],[-76.93488411223822,38.92225361796045],[-76.93471198847736,38.92290226711432],[-76.9361537612608,38.92245146640028],[-76.93641192489221,38.9214784896583]],[[-76.93286125281757,38.91991194421963],[-76.93337051811754,38.9196535785897],[-76.93294731978928,38.9195876210797],[-76.93286125281757,38.91991194421963]],[[-76.93387977980426,38.91939521087722],[-76.93438903787772,38.9191368410822],[-76.93396584162969,38.919070887052655],[-76.93387977980426,38.91939521087722]],[[-76.91441349811129,38.91635975131707],[-76.91492280400497,38.916101461574634],[-76.91449964303052,38.91603544113985],[-76.91441349811129,38.91635975131707]],[[-76.94327633611891,38.920521542205215],[-76.94420878079663,38.92032905431076],[-76.94336235743009,38.92019721181219],[-76.94327633611891,38.920521542205215]],[[-76.93278946251635,38.91686111970714],[-76.93126170817091,38.91763620290309],[-76.93261733284446,38.91750976548718],[-76.93235913258782,38.91848273381384],[-76.9332055161052,38.91861465138545],[-76.93304051880028,38.91757572410515],[-76.93397295281099,38.917383313253396],[-76.93278946251635,38.91686111970714]],[[-76.92483524165944,38.91528332562562],[-76.92576766799588,38.91509097653257],[-76.92492133890013,38.9149590082563],[-76.92483524165944,38.91528332562562]],[[-77.01677110033377,38.927556305097795],[-77.01778913842881,38.927038882228906],[-77.01694250410983,38.92690754188285],[-77.01677110033377,38.927556305097795]],[[-77.01950806523071,38.91886365000672],[-77.018999111235,38.91912236925233],[-77.01942238461679,38.919188033059015],[-77.01950806523071,38.91886365000672]],[[-77.01866152284637,38.91873232153974],[-77.02137758949229,38.91678994304264],[-77.0173163853204,38.91548454419597],[-77.01866152284637,38.91873232153974]],[[-77.01748775583062,38.91483578127474],[-77.01579477503118,38.91457309112057],[-77.01562339005903,38.915221851679476],[-77.0173163853204,38.91548454419597],[-77.01748775583062,38.91483578127474]],[[-76.95596631755939,38.90257203591933],[-76.95527874107567,38.90516674171831],[-76.95612501135403,38.905298502619935],[-76.95816786133173,38.902577075592],[-76.95596631755939,38.90257203591933]],[[-77.03418055214136,38.91168428007931],[-77.03392852404059,38.91096988140904],[-77.03020502582822,38.91005491137447],[-77.0312275809059,38.90784980305948],[-77.03393811268849,38.90759472817877],[-77.0343661167365,38.90597276480084],[-77.03351969738438,38.90584153798923],[-77.03377650150965,38.9048683611858],[-77.03199808580209,38.90493028490696],[-77.03234051259817,38.90363272009906],[-77.03327250533906,38.903439563017784],[-77.03395728731877,38.90084442612777],[-77.03632995178842,38.90019929313844],[-77.04953438357991,38.901907957730835],[-77.05164601197367,38.90392331635159],[-77.05070525090856,38.90749176451766],[-77.04926448419491,38.907943895816075],[-77.05307363279644,38.908533887428725],[-77.05604919235209,38.90392995849367],[-77.05360408438366,38.899837147700396],[-77.05386493096297,38.89717635515303],[-77.05539095059669,38.89639976414095],[-77.05480540406809,38.89360788769827],[-77.0530997341597,38.89840843108203],[-77.0523388787951,38.89795292745578],[-77.05327943667159,38.89438447123032],[-77.05226647571543,38.893214609176525],[-77.04888128055342,38.89269015695404],[-77.0452349998482,38.894826385572365],[-77.04023810045513,38.89540256176302],[-77.04006697825479,38.89605135448422],[-77.03473238379658,38.89623731962142],[-77.033543713002,38.89740366330757],[-77.02838023430549,38.89694057128657],[-77.02456688155209,38.898037395575024],[-77.0233024582774,38.89615287950653],[-77.02000298596761,38.89530325374232],[-77.01899054663336,38.89413311970776],[-77.01628046338949,38.89438786737442],[-77.02286921574202,38.899462376514144],[-77.02261228496683,38.90043553004578],[-77.01760965014108,38.90269836905741],[-77.01540809900547,38.90269438493538],[-77.01548855693443,38.904057579903686],[-77.01430469922357,38.90353616545246],[-77.00820346629163,38.90495282182309],[-77.0081123594467,38.90696477133531],[-77.01336211393041,38.90710432981673],[-77.01311030585602,38.90638988927289],[-77.01598699871178,38.90717402570118],[-77.01793682960202,38.90646356879727],[-77.02072281591373,38.90925955260354],[-77.02233509737931,38.908158983861064],[-77.02817944185061,38.90771479745652],[-77.02969617138031,38.91031367422237],[-77.03155548745453,38.9116149693306],[-77.0307897616069,38.91284690980715],[-77.03290600693084,38.913175012895636],[-77.03333406675233,38.91155305190336],[-77.03418055214136,38.91168428007931]],[[-77.0021877387352,38.90604480765714],[-77.00302859386356,38.9078638232023],[-77.003543024198,38.90591759508861],[-77.0021877387352,38.90604480765714]],[[-77.01894428191538,38.90932128911248],[-77.01945316762323,38.9090625704255],[-77.01902995305241,38.90899690681139],[-77.01894428191538,38.90932128911248]],[[-76.95625051971166,38.89484873786644],[-76.95564896560445,38.89711910475399],[-76.956072053954,38.8971849845956],[-76.95625051971166,38.89484873786644]],[[-76.9116519580025,38.89025972095941],[-76.91216109123971,38.89000144342326],[-76.91173808435457,38.889935413784755],[-76.9116519580025,38.89025972095941]],[[-77.00431461815971,38.902998249831],[-77.0049949634344,38.902090846826155],[-77.00457180240406,38.90202513392091],[-77.00431461815971,38.902998249831]],[[-77.00508615028002,38.900078900862624],[-77.00516641216626,38.90144210206625],[-77.00465752895859,38.901700761859175],[-77.00609844889662,38.90124914932471],[-77.00508615028002,38.900078900862624]],[[-77.01583648682436,38.90107248657564],[-77.01278865991826,38.90093710271193],[-77.01253158927912,38.901910235528874],[-77.01456175191412,38.90256302875685],[-77.01557945642209,38.90204562572878],[-77.01583648682436,38.90107248657564]],[[-76.98976746422154,38.898036700197366],[-77.00120319773471,38.896436659656686],[-77.0041705754273,38.89520912730962],[-77.00619504043391,38.8975496296519],[-77.0089052765503,38.897295102371984],[-77.00891064972076,38.89560752955402],[-77.01103694332357,38.8925608604424],[-77.0108011952503,38.88678370230511],[-77.0102977747108,38.885354814025455],[-77.00775937445374,38.884960624366684],[-77.00632965106767,38.88203711520093],[-77.00353976160483,38.88092838673685],[-77.00261349583239,38.8794337505827],[-76.99711420031129,38.87857926696824],[-76.99602229503654,38.876045745416285],[-76.99145507224237,38.874998127668405],[-76.9905291297028,38.873503402274736],[-76.98975729579075,38.876422651044514],[-76.98781385430476,38.87544509441702],[-76.98637333130401,38.875896492991494],[-76.98704776913486,38.87667675905475],[-76.98484700593053,38.87667223224468],[-76.98272605931643,38.87803087810253],[-76.97967925783652,38.877894680648936],[-76.97865556335398,38.88009935523727],[-76.97653440155138,38.88145789569424],[-76.97433349461568,38.881453182187315],[-76.97313789788603,38.88430651279348],[-76.97483002150562,38.88456978432584],[-76.97566994579127,38.886388980420115],[-76.97295999942483,38.88664278074006],[-76.97286173479561,38.89034226924111],[-76.97336445555818,38.89177131033831],[-76.97565151775562,38.89145168948576],[-76.97843530695735,38.89424861786064],[-76.98097387205446,38.89464340849966],[-76.9815626039928,38.89574806162181],[-76.9838497550529,38.89542828935275],[-76.98562206703498,38.89705462807552],[-76.98976746422154,38.898036700197366]],[[-76.96161108553832,38.88791587223299],[-76.95966120213303,38.88862544154418],[-76.95948937840245,38.889274122254974],[-76.96135337734515,38.88888889719826],[-76.96161108553832,38.88791587223299]],[[-77.06343549946557,38.895957190653576],[-77.0614947037949,38.89329321300846],[-77.06309366259609,38.897254840009026],[-77.06343549946557,38.895957190653576]],[[-77.03576886031698,38.8889694592551],[-77.03424278719694,38.88974580798435],[-77.03551213884168,38.88994263823191],[-77.03576886031698,38.8889694592551]],[[-77.0324695679556,38.88812016606772],[-77.03205129981953,38.886366975228505],[-77.03086274713333,38.88753329177355],[-77.02959345002452,38.887336413973486],[-77.02975975551475,38.888375208223444],[-77.0324695679556,38.88812016606772]],[[-77.02950785138549,38.88766080268245],[-77.02899915085916,38.887919561934964],[-77.02942225198426,38.88798519134533],[-77.02950785138549,38.88766080268245]],[[-77.02960323636458,38.883961271153574],[-77.027991600111,38.88506193105346],[-77.02570496840038,38.88538251729627],[-77.02544812514816,38.88635567499421],[-77.02646552597199,38.88583818365648],[-77.02840976307189,38.88681513530952],[-77.0285002842649,38.88480317602677],[-77.02934645018672,38.88493443675938],[-77.02960323636458,38.883961271153574]],[[-77.05049717942104,38.889901651168564],[-77.05075370059674,38.888928441173576],[-77.04990744974509,38.888797326523566],[-77.04931330126374,38.88938057197487],[-77.05049717942104,38.889901651168564]],[[-77.03272632364747,38.88714699361181],[-77.03323500554303,38.886888219087794],[-77.03281190735395,38.88682260270094],[-77.03272632364747,38.88714699361181]],[[-76.97029390184792,38.875083547330206],[-76.96953380787922,38.874627536969435],[-76.96944795683883,38.8749518836381],[-76.97029390184792,38.875083547330206]],[[-76.97511830841903,38.875158893387365],[-76.97562711110619,38.87490035570404],[-76.97520413446567,38.87483454278321],[-76.97511830841903,38.875158893387365]],[[-77.02689852416296,38.882528679684874],[-77.02783026140041,38.882335564023236],[-77.02698412838932,38.88220429298161],[-77.02689852416296,38.882528679684874]],[[-77.00363096214663,38.878916447126706],[-77.00456271483237,38.8787235064684],[-77.0037166657036,38.87859207664517],[-77.00363096214663,38.878916447126706]],[[-77.02656106302702,38.88213865529542],[-77.02630921181813,38.88142424379924],[-77.02495442169533,38.8815517048394],[-77.02486880919992,38.88187609011501],[-77.02656106302702,38.88213865529542]],[[-77.06236170165543,38.88498638190794],[-77.06295570985442,38.884403074232786],[-77.06253259935187,38.88433755931912],[-77.06236170165543,38.88498638190794]],[[-76.93174196190951,38.864348637751654],[-76.93225084294356,38.86409027850712],[-76.93182796824951,38.86402431763281],[-76.93174196190951,38.864348637751654]],[[-76.99019190502935,38.87311327931337],[-76.99070063995248,38.87285467981081],[-76.99027766157775,38.87278891835319],[-76.99019190502935,38.87311327931337]],[[-77.00991214972261,38.87347613416603],[-77.00847180255852,38.873927789483936],[-77.00804341040075,38.8755496569586],[-77.00948379227597,38.875098006532234],[-77.00991214972261,38.87347613416603]],[[-77.0567074006831,38.8780330775843],[-77.05721593378257,38.877774204939406],[-77.05679286693011,38.8777086704849],[-77.0567074006831,38.8780330775843]],[[-77.10866836781244,38.8847198878621],[-77.10917676289708,38.884460801839175],[-77.10875361055015,38.88439544471591],[-77.10866836781244,38.8847198878621]],[[-77.00984252933478,38.86873780570914],[-77.01035116397864,38.868479125677595],[-77.00992819327621,38.868413431325145],[-77.00984252933478,38.86873780570914]],[[-76.99521611348956,38.864101289915276],[-76.99572476768259,38.863842670061345],[-76.99530183707515,38.86377692582131],[-76.99521611348956,38.864101289915276]],[[-76.99614769905303,38.86390841285833],[-76.9966563485944,38.86364978918606],[-76.99623341826587,38.86358404812713],[-76.99614769905303,38.86390841285833]],[[-76.99758792457554,38.86345690131136],[-76.99725070860329,38.86306679801797],[-76.99707927968585,38.86371552880196],[-76.99758792457554,38.86345690131136]],[[-76.99851949562586,38.86326400643735],[-76.999028132254,38.86300537304835],[-76.99860520352563,38.862939640089635],[-76.99851949562586,38.86326400643735]],[[-77.04657197911271,38.869709532531026],[-77.04801200667313,38.869257434659644],[-77.04682848163208,38.86873633302919],[-77.04657197911271,38.869709532531026]],[[-77.1575138595598,38.8848272679542],[-77.15725877894019,38.885800697782685],[-77.1614058423203,38.88677702752169],[-77.16039125175061,38.885608050879725],[-77.1575138595598,38.8848272679542]],[[-77.05063556128677,38.86932639665625],[-77.0511440552003,38.869067549193666],[-77.05072104435055,38.86900199408008],[-77.05063556128677,38.86932639665625]],[[-77.04877698342135,38.868025394511],[-77.0475079776896,38.86782870062351],[-77.04733698494981,38.868477501206655],[-77.04860600151711,38.86867419686014],[-77.04877698342135,38.868025394511]],[[-77.04919998685406,38.86809095625326],[-77.05063996613093,38.86763882792929],[-77.0508109274996,38.866990022852406],[-77.04894796228137,38.86737659197521],[-77.04919998685406,38.86809095625326]],[[-77.05207555606745,38.86887425158479],[-77.05258404171184,38.86861539822716],[-77.05216103219125,38.86854984803255],[-77.05207555606745,38.86887425158479]],[[-77.14608778540921,38.88306657440935],[-77.1465960358689,38.882807334974736],[-77.14617285959346,38.88274210561908],[-77.14608778540921,38.88306657440935]],[[-77.00301691674598,38.85957303518664],[-77.00352551165913,38.85931438344638],[-77.00310260029164,38.859248665866005],[-77.00301691674598,38.85957303518664]],[[-76.95607829838148,38.85226938222133],[-76.95658700882319,38.85201092339708],[-76.95616418219439,38.85194504566778],[-76.95607829838148,38.85226938222133]],[[-76.95700983621622,38.85207679968387],[-76.95751854201116,38.85181833704024],[-76.95709571565759,38.85175246249157],[-76.95700983621622,38.85207679968387]],[[-77.05177305188239,38.854983756807435],[-77.05211489204648,38.85368614522422],[-77.05076066261846,38.85381388792809],[-77.05050867211197,38.85309952799381],[-77.05170072825752,38.8502454624101],[-77.04805665325239,38.85238176325403],[-77.04984261784898,38.848944479079485],[-77.04848847252381,38.84907219687893],[-77.04823206135565,38.85004539762935],[-77.04696785875878,38.84816113372205],[-77.04510535433535,38.848547644243325],[-77.04382757501534,38.85172604304342],[-77.04560468268085,38.851663950043715],[-77.04796671209522,38.854393729111635],[-77.04627052022153,38.85581902300513],[-77.04677444190585,38.85724776009635],[-77.04812874211554,38.85712006091406],[-77.04838072319707,38.857834426013405],[-77.04803433254699,38.86081959487397],[-77.04972618089687,38.861081843104856],[-77.04904677536007,38.861989486963274],[-77.05056770361016,38.86290052602541],[-77.05032009539843,38.86049859764217],[-77.05226834291533,38.85978760490281],[-77.05303749701997,38.85686797311802],[-77.05295638897736,38.855504810388695],[-77.05177305188239,38.854983756807435]],[[-77.05175991773396,38.86004645670041],[-77.05192647686758,38.86108521780934],[-77.05218287754454,38.86011200819978],[-77.05175991773396,38.86004645670041]],[[-77.04735938872726,38.86003966230587],[-77.04702192223395,38.859649694669294],[-77.04693643367503,38.85997409434182],[-77.04735938872726,38.86003966230587]],[[-77.04744487548069,38.859715262339115],[-77.04803879710148,38.85913202790278],[-77.04761584670477,38.859066462264735],[-77.04744487548069,38.859715262339115]],[[-77.06859749637763,38.86130423747596],[-77.0691058705279,38.86104531655472],[-77.06868289008838,38.86097982281729],[-77.06859749637763,38.86130423747596]],[[-77.04533464393091,38.85769984296037],[-77.04626601493119,38.857506589275154],[-77.04542013695122,38.85737544447721],[-77.04533464393091,38.85769984296037]],[[-77.05396450985434,38.858362228257484],[-77.05447291545877,38.8581033674636],[-77.05404996524427,38.85803782379652],[-77.05396450985434,38.858362228257484]],[[-77.05405429035798,38.85635025714736],[-77.05481902952587,38.855118181533484],[-77.05439609632103,38.85505263907016],[-77.05405429035798,38.85635025714736]],[[-77.04357109228731,38.85269923443419],[-77.04407949530092,38.85244041645472],[-77.0436565872909,38.85237483735115],[-77.04357109228731,38.85269923443419]],[[-77.08488534416787,38.84289234201129],[-77.08454775634983,38.8425024773575],[-77.0840395663459,38.84276146109412],[-77.08488534416787,38.84289234201129]],[[-77.04767399431552,38.83712812103354],[-77.04826773011557,38.83654488695851],[-77.04784491053657,38.83647932226603],[-77.04767399431552,38.83712812103354]],[[-77.04626162481563,38.8274548425272],[-77.04685529315122,38.82687161581884],[-77.04643253093026,38.82680604637201],[-77.04626162481563,38.8274548425272]],[[-77.00230917318673,38.81725256736833],[-77.00256056768758,38.81796702250958],[-77.00315450820375,38.81738400590952],[-77.00230917318673,38.81725256736833]],[[-77.00315450820375,38.81738400590952],[-77.00366280842027,38.81712535478027],[-77.00324014157185,38.817059637967446],[-77.00315450820375,38.81738400590952]],[[-77.02136042427139,38.81008319225259],[-77.01451267049931,38.80935689296935],[-77.01586093202745,38.810917103818845],[-77.0176370691327,38.81085541225115],[-77.01847721214722,38.81267430320883],[-77.02016783734753,38.81293695365871],[-77.02136042427139,38.81008319225259]],[[-77.0151815723921,38.81182455705547],[-77.01425070242179,38.81201757612898],[-77.0150959982778,38.81214893308253],[-77.0151815723921,38.81182455705547]],[[-77.0143362801413,38.81169320069031],[-77.01399921391857,38.81130314515136],[-77.01391363515766,38.811627520344494],[-77.0143362801413,38.81169320069031]],[[-77.01357657149869,38.81123746365751],[-77.01290245499602,38.810457347576325],[-77.01273128894258,38.81110609634344],[-77.01357657149869,38.81123746365751]],[[-77.04088361129081,38.81446499023911],[-77.04139175732261,38.81420618433901],[-77.04096907342894,38.814140596327356],[-77.04088361129081,38.81446499023911]],[[-77.00791647038011,38.80934465868796],[-77.008510297874,38.808761616902785],[-77.00808767512422,38.80869591669039],[-77.00791647038011,38.80934465868796]]],[[[-77.14582000071786,39.023461047097186],[-77.14420703315322,39.024563239460775],[-77.14302029202214,39.024043045359235],[-77.14420927612551,39.022875631132976],[-77.14582000071786,39.023461047097186]]],[[[-77.13014866987741,39.06628755744819],[-77.12828624697518,39.06330009053364],[-77.12905190493177,39.06206751993573],[-77.12811813328068,39.06226140163304],[-77.12727236252701,39.060443192881706],[-77.12973476144589,39.05947179244125],[-77.13253342591895,39.060577708701324],[-77.1328772982416,39.05759221788763],[-77.13448870081446,39.05817778431311],[-77.13449363994457,39.05480254908288],[-77.13313831011416,39.053243579016815],[-77.13365028548134,39.051296769825164],[-77.13161236542446,39.05233352862808],[-77.13160982911356,39.05402114520142],[-77.12999854186597,39.05343554186636],[-77.12948645364169,39.05538233673719],[-77.13067360952779,39.05590266295908],[-77.12939851517362,39.05739441993791],[-77.12838205806064,39.05622515151297],[-77.12693882709301,39.056678195590294],[-77.12533020080625,39.05440491434329],[-77.1274509926705,39.05473141077733],[-77.12805110343578,39.05077254396467],[-77.13033991877866,39.052137677816106],[-77.13110542435729,39.05090509699375],[-77.1339062628825,39.05032336468677],[-77.13458636871742,39.04941523115549],[-77.13119330773613,39.04889301487526],[-77.1294993806966,39.04694425705659],[-77.12585040348739,39.04739529045932],[-77.12160928117768,39.04674220760295],[-77.1223748779563,39.04550968174186],[-77.12585307325347,39.045707675956194],[-77.1261091353668,39.04473428783299],[-77.12763485167741,39.04564440461493],[-77.1285710178086,39.04376291312327],[-77.12950196574751,39.04525664260815],[-77.13323363579107,39.046168648778256],[-77.13390874575803,39.04863574915793],[-77.13688009186966,39.04740501332385],[-77.1374772289421,39.0451337201136],[-77.1354419833527,39.0444829262424],[-77.13773552725013,39.04247269433032],[-77.13612444659067,39.041887171623024],[-77.13646565993672,39.040589293341775],[-77.13366770501054,39.03948346952241],[-77.13646808307733,39.038901680599125],[-77.137567326725,39.041434022009014],[-77.13917840896268,39.042019525955915],[-77.140964723024,39.03858083755907],[-77.13757451918892,39.036371184445194],[-77.13825444871642,39.03546303301336],[-77.1373234463715,39.03396937163376],[-77.13511791603335,39.033967513288744],[-77.13367765648613,39.03273302295722],[-77.1342722993424,39.03214936111822],[-77.1376646011652,39.032671491809744],[-77.13969484003694,39.03669747083915],[-77.14300212427815,39.03754392780777],[-77.1448689483706,39.03715593536267],[-77.14613897338103,39.03903924932556],[-77.14376050032662,39.04137410993582],[-77.14164002485732,39.04104789268693],[-77.14172300256014,39.04241103280635],[-77.14367297381663,39.04338619830776],[-77.14341715159836,39.044359622394154],[-77.14239836569867,39.044878085434426],[-77.14070190693592,39.044617095768785],[-77.14010955249539,39.0435131754839],[-77.13866664694469,39.043966354791074],[-77.1378136493425,39.047211066284476],[-77.1394248615817,39.04779656761968],[-77.13942250678016,39.049484183009376],[-77.13653885393381,39.048702894271194],[-77.13517868737942,39.05051917890745],[-77.13500804743863,39.051168117476706],[-77.13704347629862,39.0518189192125],[-77.13551506702103,39.05259653324985],[-77.13542729878228,39.0546086197274],[-77.1362756337539,39.054739153699956],[-77.13491534768002,39.05655543737457],[-77.13507863337239,39.060969352943516],[-77.13414489190461,39.061163279896554],[-77.13524684354006,39.06200803218413],[-77.13541261012055,39.06473433124065],[-77.1321041771047,39.06388766814676],[-77.13142136372157,39.066483410709196],[-77.13014866987741,39.06628755744819]]],[[[-77.14771115270972,39.070001754755985],[-77.14796269328586,39.07240356173332],[-77.14558539947566,39.07305084792367],[-77.14405438699946,39.075516193293915],[-77.14074303748971,39.07635738215148],[-77.14159394118906,39.07480025678001],[-77.14244252292754,39.07493074911397],[-77.14244480842713,39.07324312602425],[-77.14626776869082,39.070455024481],[-77.14618467373484,39.069091880662896],[-77.14813757383976,39.06837935900013],[-77.14745962875773,39.06759994831199],[-77.14601629086675,39.06805321491921],[-77.14525307767191,39.067598269947574],[-77.1476301961035,39.06695099075446],[-77.14814187986649,39.065004117130925],[-77.14966829749308,39.06591396651129],[-77.15111157012915,39.06546065765776],[-77.15120099915157,39.061760936504875],[-77.14874094855124,39.06104514327049],[-77.1508641288373,39.05968362130693],[-77.14696099124949,39.059421098548],[-77.14984940754164,39.056826909809814],[-77.14713589602306,39.055396906565655],[-77.14985152052301,39.055139292062535],[-77.14934420151754,39.05371093418004],[-77.1512114069141,39.053322845324544],[-77.14841273764038,39.052217351237935],[-77.15155240458459,39.0520249230411],[-77.15206387826109,39.050078038413716],[-77.15333228336314,39.05364889986413],[-77.15180194223461,39.05611433211228],[-77.15290198033253,39.058646545365725],[-77.15196625232143,39.06052822507243],[-77.15434307976598,39.05988081827193],[-77.15332212175565,39.06208699170654],[-77.15501704032559,39.064035429799944],[-77.15255482476289,39.06500733207662],[-77.15170427052755,39.066564529732],[-77.15331602365866,39.067149852890395],[-77.15178332921218,39.07130291300633],[-77.15322466060333,39.072537201688014],[-77.1515254427954,39.07396398155147],[-77.15330585827559,39.07558796512602],[-77.15109906452818,39.07558639057588],[-77.14999250231111,39.07811702471679],[-77.15067057266951,39.078896423074724],[-77.1493976095873,39.07870076654024],[-77.14922703044674,39.079349727909495],[-77.14803935871615,39.07882957679259],[-77.1476172051841,39.07707672604873],[-77.14855111515249,39.076882697290436],[-77.1481289605864,39.075129848909334],[-77.1500820038751,39.07441729590805],[-77.14906710761622,39.07156057047393],[-77.15042522082152,39.07143174916036],[-77.15076631749322,39.07013382484862],[-77.14966406229708,39.06928920898515],[-77.14898395889426,39.07019742825587],[-77.14771115270972,39.070001754755985]],[[-77.14966406229708,39.06928920898515],[-77.14949562925024,39.068250547920165],[-77.1492397974987,39.06922398826589],[-77.14966406229708,39.06928920898515]]],[[[-77.13940181578407,39.125102935481685],[-77.1382917078308,39.12932112985372],[-77.13956317410442,39.13120454321045],[-77.14143242425996,39.13081659570561],[-77.14431939038998,39.13159778281089],[-77.14542474723412,39.13075481441102],[-77.1471232351983,39.13101574375036],[-77.14831390473765,39.12984826738698],[-77.14780176869044,39.13179516567053],[-77.14932958597456,39.132705030759425],[-77.15085953333316,39.1319272350583],[-77.15221671211901,39.13348603483004],[-77.15569920241789,39.13368319662409],[-77.15858834814364,39.13277641037712],[-77.16062627568054,39.133426835686166],[-77.16402528382088,39.13226061371183],[-77.16521394389392,39.13278061737853],[-77.16266423972314,39.13407722768518],[-77.16521218567794,39.1344682600763],[-77.16538099711666,39.135506912947776],[-77.1629164968436,39.13647903379805],[-77.16155903244608,39.13492034986184],[-77.16045379950482,39.135763462359925],[-77.15841580793759,39.13511303391835],[-77.15696924668079,39.137254077141115],[-77.1582432566274,39.13744965831974],[-77.15722132646367,39.139655896341864],[-77.16138473545931,39.13894462269755],[-77.16367695666442,39.14030916500236],[-77.16087288572274,39.1408915783585],[-77.1592594348355,39.1403063449534],[-77.15815409321148,39.141149437933606],[-77.16112510726184,39.14329339141902],[-77.16163328395558,39.14472172549032],[-77.16044258468712,39.14588933287825],[-77.16324504785062,39.146994575586284],[-77.16222313533069,39.14920085899869],[-77.16052603522908,39.14725248733334],[-77.15916652167489,39.147381420923914],[-77.15950781888796,39.146083453594684],[-77.15823557473551,39.144200238523595],[-77.1565367384288,39.14393946025675],[-77.15645336658852,39.14257630405011],[-77.15772746852977,39.14277189072396],[-77.15789812069032,39.14212290971912],[-77.15764407567599,39.14140873563985],[-77.1558599735246,39.141472438560015],[-77.1557766172219,39.1401092825844],[-77.15254780567214,39.14062630748675],[-77.15118631761948,39.14244279890735],[-77.15143822411942,39.144844632357845],[-77.15024946521969,39.14432449575919],[-77.14854850888949,39.14575125470881],[-77.14787415997252,39.14159654321053],[-77.1491503533588,39.14010457278133],[-77.1494939190848,39.137118990938966],[-77.1478806437409,39.13653361037708],[-77.14626519577567,39.13763585243136],[-77.14643813295037,39.13529924457875],[-77.14414414599216,39.13562202872644],[-77.14626959293747,39.134260566059496],[-77.14805352631078,39.13419700079789],[-77.14788280479614,39.134845967250975],[-77.14873209951364,39.134976418139914],[-77.14839496018611,39.13289906744266],[-77.14618642493693,39.132897405649835],[-77.1459325273754,39.132183208986355],[-77.14414864161589,39.13224674379888],[-77.14338249996861,39.13347942380795],[-77.14253323237031,39.13334893642702],[-77.14278937992832,39.132375498000634],[-77.13973161110275,39.1322432301781],[-77.13921922807447,39.13419009404485],[-77.13828932405237,39.131008770933356],[-77.13438239846758,39.13074584953175],[-77.13293521567304,39.13288661126956],[-77.13344276504704,39.134315057439196],[-77.13191258085817,39.135092639235275],[-77.13072412148209,39.13457231707005],[-77.12910845675914,39.135674335826344],[-77.12885211416919,39.136647746710686],[-77.13055068039662,39.13690890269757],[-77.13088732783811,39.138986303411606],[-77.1265526928834,39.140345494017545],[-77.12663550081683,39.14170866957966],[-77.1285050904401,39.1413209155661],[-77.13003286632642,39.14223101944771],[-77.1290126116165,39.14274938225063],[-77.12985938470098,39.1445676077404],[-77.12960302078017,39.14554102193097],[-77.1244212851506,39.14508191197481],[-77.12450405846872,39.14644509027289],[-77.12620283825898,39.14670630616087],[-77.12713505745405,39.14820008244727],[-77.12568731304906,39.15034076742938],[-77.12730071621738,39.150926437503124],[-77.13358868272424,39.15054256146834],[-77.1324828871896,39.15138542804886],[-77.13239491548059,39.153397550387496],[-77.13579042674446,39.15560739367466],[-77.14097530771761,39.15437838123731],[-77.14335757254035,39.15204352400545],[-77.14335530577837,39.15373117298058],[-77.1443756123979,39.15321269136567],[-77.14590383747063,39.15412260251509],[-77.14743427288424,39.15334484555903],[-77.14785686550212,39.15509772303903],[-77.15057621694307,39.15484008780722],[-77.15065949251044,39.156203251393244],[-77.15227322737532,39.156788598267276],[-77.15193175048094,39.15808654861543],[-77.15312074679447,39.15860667061383],[-77.15243984984161,39.15951492460483],[-77.15082814627645,39.15724192862915],[-77.14776931541608,39.15710985777325],[-77.14717593560519,39.15600594755486],[-77.14581623442895,39.15613473546656],[-77.14556004362564,39.1571081848551],[-77.1426720496573,39.15632702246942],[-77.14292827642876,39.15535357918682],[-77.14114381868745,39.15541707120242],[-77.13978176789796,39.15723344330478],[-77.13298554130769,39.1561891801329],[-77.13153781009977,39.1583299367447],[-77.13229684313025,39.16216027683561],[-77.12974810265322,39.16176856788701],[-77.13026093434522,39.1598217320342],[-77.12924302914163,39.158652447569864],[-77.13043957387961,39.15410983633648],[-77.12814754180205,39.1527446777005],[-77.12610669538603,39.153781366299675],[-77.12653409139533,39.15215901838978],[-77.12254057540933,39.15222019349316],[-77.12288255014292,39.15092232546078],[-77.12075896893892,39.15059574501238],[-77.12101546928307,39.149622348043415],[-77.12441316467088,39.150144852260006],[-77.12365467315753,39.14631447363408],[-77.1220414018844,39.1457287568279],[-77.12229786784228,39.1447553581877],[-77.12399931660434,39.14332895855273],[-77.12697205849474,39.143786082914026],[-77.12637910377045,39.14268207655711],[-77.12340641081278,39.14222493812785],[-77.1256152291936,39.14222700445969],[-77.12519593687611,39.13878641207975],[-77.12749010799145,39.13846397722865],[-77.12825657200206,39.13723139390181],[-77.12469121855558,39.13567028801855],[-77.12664612002287,39.13495809511164],[-77.12825918915054,39.13554375091514],[-77.12936479247672,39.1347009246046],[-77.13013118494975,39.133468330660584],[-77.12707603770166,39.131648109941516],[-77.12928453448042,39.131650111104996],[-77.1306463679887,39.12983386342612],[-77.12775961909276,39.12905235919974],[-77.1285285897496,39.126132136730305],[-77.12750855046303,39.12665048551628],[-77.12462196186816,39.1258689089495],[-77.12164719778708,39.127099369499255],[-77.12351916487206,39.12502405227645],[-77.12258456900742,39.12521789468596],[-77.12139911415878,39.12300984580115],[-77.12615736087777,39.12171614115893],[-77.12420552184612,39.12074068658877],[-77.12403733355742,39.1197019809781],[-77.12514274473324,39.11885919485545],[-77.1257354861794,39.119963201841784],[-77.12667000601928,39.119769335952334],[-77.12709718931151,39.11814699723476],[-77.12548451590133,39.11756132838693],[-77.12760978407324,39.11620018951727],[-77.12642166463542,39.11567982818641],[-77.12752962022805,39.113149386051774],[-77.12600515597308,39.11055162209576],[-77.12762030901172,39.10944964912296],[-77.12405633276042,39.107888533581075],[-77.12372002476882,39.10581112713246],[-77.1249960855312,39.104319415130824],[-77.12381089839845,39.102111398215946],[-77.11905389394937,39.103405008166746],[-77.11786604505605,39.10288456636906],[-77.11726782014583,39.105155789173715],[-77.11854116018908,39.10535177577995],[-77.11862377789853,39.106714947240015],[-77.11556713328099,39.10658208594113],[-77.11471236863251,39.10982667587053],[-77.1162393093191,39.11073694347441],[-77.11581192710632,39.11235924253307],[-77.11488040071663,39.11086539208815],[-77.11004019961054,39.11079548392871],[-77.1105441165678,39.11391165205389],[-77.10960962906505,39.11410539652227],[-77.10740786784702,39.11072777698067],[-77.10528553127901,39.11040093500277],[-77.10562133330716,39.11247839312269],[-77.1043415593524,39.11565754377722],[-77.10247250135576,39.116044932591464],[-77.1023837411039,39.118057019295236],[-77.10153472756575,39.1179262523566],[-77.10526977987274,39.118839110849386],[-77.10603014799224,39.120981942767365],[-77.10517794083039,39.122538838157276],[-77.10585594492235,39.12331848754566],[-77.10857425523733,39.123061772113715],[-77.10874223015502,39.124100499314395],[-77.10678744541138,39.124812409243376],[-77.10432569713173,39.124095728184926],[-77.10406906325815,39.12506908570308],[-77.10066942963441,39.12623366711099],[-77.09938919650575,39.12941277539823],[-77.10023507235617,39.13123119757353],[-77.10244355563557,39.13123367539048],[-77.10099542166421,39.133374065547784],[-77.10286172633214,39.134674339127805],[-77.10158467748835,39.13616583279028],[-77.1042147500318,39.137921306022854],[-77.10395806580782,39.138894666006664],[-77.10531751827298,39.138766336059604],[-77.10488972706885,39.1403886065825],[-77.1054823363153,39.14149271484012],[-77.10718093177933,39.141754190240384],[-77.10632850548957,39.14331109999876],[-77.10734582657413,39.14448056820837],[-77.10913004498083,39.1444175611436],[-77.1077673997357,39.146233578513176],[-77.10572958658724,39.14558228543833],[-77.1041988682094,39.14635952800312],[-77.1044524047975,39.147073811853446],[-77.10581200953418,39.146945476288316],[-77.10529546186811,39.15057985314271],[-77.10444606275938,39.15044910522921],[-77.10410376067563,39.151746922426824],[-77.1061417322746,39.152398242962185],[-77.10767255717279,39.151620975521986],[-77.10656332233862,39.154151260205616],[-77.10426856260545,39.15447331007203],[-77.10435096821227,39.155836504390834],[-77.1056251623171,39.15603262527978],[-77.1055364405551,39.158044730485955],[-77.10383746984247,39.15778323174744],[-77.10299119437951,39.1559648242212],[-77.1038470260815,39.15272028493533],[-77.1009596557792,39.15193815500378],[-77.10164436191705,39.149342537215986],[-77.10300401410237,39.149214232283434],[-77.10275369470902,39.146812298906134],[-77.1042020448692,39.14467188244582],[-77.10335271684367,39.14454112722514],[-77.10353024347516,39.14051693189576],[-77.10225632729822,39.14032079017688],[-77.10012987793854,39.14168150217613],[-77.09817121879273,39.14408092383944],[-77.09690060082448,39.142197082576935],[-77.09698285416869,39.14356027832823],[-77.09528425318967,39.143298663563144],[-77.09400689700662,39.144790082021714],[-77.09230827798137,39.144528426550664],[-77.09221920123126,39.14654051745921],[-77.09119861607712,39.147058570504804],[-77.09128076786939,39.148421771380455],[-77.08992110981879,39.148549948152535],[-77.08889341477267,39.152443276480774],[-77.08753367719252,39.15257142726386],[-77.08830096843401,39.1513390867232],[-77.08686275660769,39.14841638002279],[-77.08448242961683,39.14906250665651],[-77.08397574048054,39.14763385658514],[-77.08312641425192,39.14750296317839],[-77.08320475013767,39.15055381593839],[-77.08074236191332,39.14983666430408],[-77.0809137187748,39.14918778819676],[-77.07768397140518,39.14970287046596],[-77.07845139951118,39.14847059141428],[-77.07667087168322,39.14684551292638],[-77.0772669072974,39.14626211169111],[-77.07998243797397,39.14769366538936],[-77.08134209752845,39.14756559727477],[-77.0822807773329,39.14568441867351],[-77.08482869681382,39.14607709868276],[-77.08542104740836,39.14718130378041],[-77.08559235618942,39.14653242158299],[-77.08924656558287,39.14608256228402],[-77.08976388455113,39.14244825547484],[-77.0883186989044,39.14290085830179],[-77.08797614414628,39.14419862909173],[-77.08500363114294,39.143740572736924],[-77.08610986126612,39.14289812963997],[-77.08526420325545,39.14107960712929],[-77.08603141157973,39.13984728348936],[-77.08662372964217,39.14095148145587],[-77.0901063990994,39.14115048022465],[-77.09044890140437,39.13985270437369],[-77.0912981513469,39.13998354757856],[-77.09265075686503,39.143230643744],[-77.0946061760483,39.14251895341128],[-77.09545884437937,39.14096212425185],[-77.09707179525867,39.14154818523545],[-77.09826344209009,39.14038118575853],[-77.0998764027001,39.14096721030268],[-77.10276974456943,39.13837407633321],[-77.10217720201932,39.13726995585008],[-77.09996853516365,39.137267473298415],[-77.10031084289892,39.1359696713176],[-77.0989514339448,39.136097946468034],[-77.09776652012019,39.13388966755929],[-77.09904690320653,39.13071057313353],[-77.09785875109299,39.130189937396],[-77.09785542765313,39.131877577841],[-77.09429099076942,39.13031560222174],[-77.0919078614779,39.13264950917493],[-77.08902141779966,39.13186710534204],[-77.08749080971822,39.13264414012395],[-77.08613503632002,39.13108463463967],[-77.08409419907804,39.13212062932772],[-77.0815467732378,39.13172793538858],[-77.08247788147644,39.133222041640295],[-77.0816250257414,39.13477877935855],[-77.07992668552379,39.134516955334966],[-77.07813890327094,39.13626718473902],[-77.07593026781431,39.13626427530532],[-77.07831402921497,39.133930672858824],[-77.07704410398847,39.1320466326611],[-77.0778932384833,39.13217756718715],[-77.07815024831012,39.13120426234867],[-77.08018741057043,39.13185600533059],[-77.08002356401397,39.129129598420654],[-77.08257089047446,39.1295223233577],[-77.0836769322394,39.12867990431437],[-77.08511824448391,39.12991499614661],[-77.0857997056934,39.12900711632519],[-77.08834705908681,39.1293997229354],[-77.09055199312611,39.13109005184348],[-77.09216814081513,39.12998853507056],[-77.09234280026104,39.12765200640112],[-77.09369864287873,39.12921144313698],[-77.09658503138982,39.12999373799748],[-77.09896792322066,39.12765974266075],[-77.09642393002511,39.12557971488984],[-77.09234970279171,39.12427672922081],[-77.09252089564501,39.123627840477496],[-77.08954919588886,39.123169894635645],[-77.0869984791215,39.12446495079305],[-77.08190785433324,39.12199199370873],[-77.08207913508879,39.121343119637324],[-77.08742657615103,39.12284274700838],[-77.09133638077942,39.12141950579953],[-77.09209982169146,39.12187478648974],[-77.09227101111577,39.12122589839823],[-77.09464695897951,39.12226726349534],[-77.09447918988678,39.12122851764192],[-77.0950748722271,39.120645034088675],[-77.09685516949577,39.122269840546295],[-77.09651286458039,39.12356762946486],[-77.09973475724425,39.12642733782896],[-77.09939905910369,39.12434985813182],[-77.10365089066981,39.12162843260805],[-77.10178490709454,39.120328174248144],[-77.10204155482714,39.119354822354616],[-77.09949447972224,39.118962497047285],[-77.09958332111708,39.11695041205017],[-77.09873432555594,39.11681962601823],[-77.09932993755685,39.116236122586],[-77.10128132141122,39.117211966732874],[-77.10145565698956,39.11487543116681],[-77.10256125669027,39.114032846615],[-77.1007810336674,39.11240812447615],[-77.10426237335994,39.112606725723936],[-77.10460448817115,39.11130891826205],[-77.09602967513166,39.11032558753516],[-77.09517737865427,39.111882411135475],[-77.09339394731003,39.11194521765642],[-77.0908506640632,39.10986508227975],[-77.09033712887302,39.11181173590683],[-77.08855369508213,39.111874472996625],[-77.08863575744581,39.113237666035104],[-77.08353855337904,39.114140049153306],[-77.08226515380879,39.11394370371063],[-77.08184438350162,39.11219061833134],[-77.08337462100467,39.11141365618052],[-77.08532566093935,39.112389749805125],[-77.08694504787643,39.109600671709025],[-77.09042971019085,39.108112027347985],[-77.09077205095262,39.10681425909007],[-77.09305849743576,39.10986772674374],[-77.09475630867571,39.11012937017125],[-77.09594747730593,39.10896240015015],[-77.0984086300715,39.109679244951444],[-77.1001097263139,39.10825318208119],[-77.10172198845065,39.108839178958156],[-77.10283070003446,39.106308960360266],[-77.10367958013286,39.10643971815544],[-77.10367320573344,39.109814984161765],[-77.10580179374783,39.1067665872989],[-77.11004627826694,39.10742021696491],[-77.11038826532344,39.10612239489079],[-77.10877599358061,39.10553651070864],[-77.1095424276918,39.10430405072884],[-77.10869356199738,39.104173333019965],[-77.10989049432258,39.09963096890552],[-77.11158512380027,39.1015800127679],[-77.11175009269127,39.10430636325682],[-77.11302340295873,39.104502406346505],[-77.11285541214305,39.10346368889174],[-77.11421418587481,39.103335262594904],[-77.11540784494916,39.10048047660857],[-77.11752707209999,39.102494776415284],[-77.11880036620225,39.10269076026648],[-77.11948115109205,39.101782700761056],[-77.11803981287066,39.10054801404798],[-77.11821641853001,39.096523832637835],[-77.11753853184702,39.09574425468831],[-77.11567005649762,39.09613184040057],[-77.11711701588894,39.09399129491171],[-77.11516604301134,39.09301570365628],[-77.11440569812626,39.09087293912763],[-77.11347151722151,39.09106671176781],[-77.11237236252416,39.08853413467548],[-77.11305309510857,39.087626112799896],[-77.11067801617556,39.08658510633631],[-77.11135875167373,39.08567709407026],[-77.10889828410713,39.08496050890088],[-77.10873039743271,39.08392178969703],[-77.10728649389797,39.08437460773877],[-77.10677046477923,39.08800894619378],[-77.10464879464024,39.087682094751536],[-77.104645630848,39.08936972150385],[-77.10269174031755,39.09008156228224],[-77.10175430729724,39.091962874347914],[-77.09989239381389,39.08897496790989],[-77.09649773514018,39.08845180027645],[-77.09445484250804,39.0911755835293],[-77.09470469588187,39.09357750731875],[-77.09300727159608,39.09331586401522],[-77.09087854085237,39.096364033969884],[-77.0899442266266,39.09655762997681],[-77.09020444858801,39.093896678657615],[-77.08519059929884,39.0961623136256],[-77.08723754780824,39.09175105253297],[-77.08927368541269,39.09240264167648],[-77.08910253713036,39.093051522040874],[-77.0927540351041,39.09260156438905],[-77.09344189932868,39.08831839544621],[-77.09488596749249,39.087865737921156],[-77.0947182744096,39.08682699923983],[-77.09879374403896,39.08644227175065],[-77.10108313317588,39.08780795337203],[-77.10116540341852,39.08917113188222],[-77.1028627602496,39.08943266357453],[-77.10346130595802,39.087161516863624],[-77.10550060434639,39.08612521338797],[-77.10678292144873,39.081258443852356],[-77.10602294675746,39.07911563273335],[-77.10339495870302,39.077360217649186],[-77.10331266001073,39.075997043589126],[-77.10067833952714,39.077616817645804],[-77.09974756953672,39.07612286361492],[-77.10365461944679,39.07469924768375],[-77.10399974483867,39.07171382936893],[-77.10654518841348,39.072106058905504],[-77.10773554458257,39.070938984256635],[-77.10366417749897,39.069636382740285],[-77.10230923239317,39.06807707230226],[-77.09815261930477,39.06709873851526],[-77.09849793458721,39.064113339582605],[-77.09374638254057,39.06371835274121],[-77.09383531552491,39.06170629265999],[-77.09171793407903,39.059691604184444],[-77.0891694834085,39.060986689417646],[-77.08813944009354,39.06656756522469],[-77.08610044294525,39.06760358011861],[-77.08881320879298,39.06903491930433],[-77.08991124763304,39.07156769558124],[-77.08872412781034,39.07104697843595],[-77.08736234833657,39.072862746512584],[-77.08651388978338,39.07273187812565],[-77.08685970988921,39.06974650852967],[-77.08558707912954,39.0695501987411],[-77.08508092257365,39.0681215750904],[-77.08057848741714,39.07012801665732],[-77.08124832600791,39.07428303473067],[-77.08336949968687,39.074610284815016],[-77.08396124561658,39.07571448157732],[-77.08183265104097,39.07876248663217],[-77.08429264178714,39.07947960677436],[-77.08267382427898,39.082268634451985],[-77.0810623052751,39.08168239351104],[-77.08174336486049,39.08077454432155],[-77.07936520797308,39.08142056449204],[-77.07869541125996,39.0772655308547],[-77.07971884757694,39.075059965289654],[-77.07828626549596,39.07044958196274],[-77.07785448785748,39.073759359325564],[-77.07573336385127,39.073432015154246],[-77.07249521705103,39.079009821647325],[-77.07164671351376,39.07887885160388],[-77.07181405847504,39.07991761985644],[-77.06884028175092,39.08114680616799],[-77.07198140822047,39.08095638808205],[-77.07078636395663,39.083810746318164],[-77.07205920446481,39.084007208201484],[-77.07179835345404,39.08666811655999],[-77.07442591469086,39.088424202742175],[-77.0741690062923,39.08939749182612],[-77.07221873359426,39.088421227412134],[-77.07060320806052,39.0895224760606],[-77.06797168394331,39.08945393442536],[-77.06984818586038,39.08569181544523],[-77.06789405348117,39.08640310866693],[-77.06900360053699,39.08387320263634],[-77.06739215625099,39.08328678426755],[-77.06756750004664,39.080950311422285],[-77.06578480403488,39.081012721535124],[-77.06663736809666,39.079456108575506],[-77.06892992563247,39.07913475762949],[-77.06884827141401,39.077771560391675],[-77.07020664240962,39.077643615726075],[-77.0695294469218,39.07686377879589],[-77.06987201369344,39.0755660757305],[-77.07088779975062,39.07673582670597],[-77.0729311696757,39.07401243814839],[-77.07318804026688,39.073039154382634],[-77.07106695830126,39.07271173060179],[-77.07123821970477,39.07206287752027],[-77.0745501771496,39.07122354160079],[-77.0753168297437,39.069991300585464],[-77.07641823126902,39.07083657580959],[-77.07625084141344,39.06979781547742],[-77.07930961825437,39.0682440224976],[-77.0800724252854,39.068699372457566],[-77.08101011944288,39.06681823200428],[-77.08508453970128,39.06643395544233],[-77.08695956160773,39.06267159398509],[-77.08628591480824,39.0602042326657],[-77.08917300526078,39.05929907180423],[-77.090534485417,39.0574832883002],[-77.0902848938832,39.05508137191778],[-77.08808227139707,39.053391062420275],[-77.08944366815378,39.051575292758834],[-77.08656046989425,39.050792843672646],[-77.08851346243607,39.05008126155011],[-77.08826750530903,39.0459917305767],[-77.08597967363004,39.04462582317206],[-77.085559214911,39.04287277265121],[-77.08267273173577,39.04377784694304],[-77.0824087353439,39.048126371984154],[-77.08071241648399,39.047864562929966],[-77.07892678397995,39.04961477517346],[-77.07638227699114,39.04922198148656],[-77.07450705458145,39.0529841743504],[-77.07552259968426,39.05415388270769],[-77.07467438080573,39.05402293391988],[-77.07433200128045,39.05532064521011],[-77.07289235121866,39.05408544567874],[-77.07076787483057,39.055445633371676],[-77.07290014978378,39.05071021603449],[-77.07086532663894,39.05005836361384],[-77.069845943777,39.050576231964364],[-77.06874093000897,39.051418515683686],[-77.06822320784664,39.05505267216326],[-77.06550729834832,39.05530850226033],[-77.06584170907276,39.05738604644803],[-77.06439806560812,39.057838363997746],[-77.06345593856582,39.061406992990264],[-77.06303592598512,39.05965386112767],[-77.06125374836252,39.05971620600106],[-77.06286875311179,39.05861508485862],[-77.06423497803772,39.055111974297354],[-77.06151905229254,39.05536771720918],[-77.06058937198142,39.05387347597542],[-77.05855457070224,39.05322142154901],[-77.05541030221649,39.05509911413049],[-77.05677682045857,39.051596087766235],[-77.05847314013917,39.051858223836014],[-77.05864446481668,39.051209390528015],[-77.06110329442538,39.05192696612185],[-77.06194731096583,39.053745622135594],[-77.06534010015378,39.0542697301141],[-77.06695492201183,39.05316855691359],[-77.06806399452682,39.050638674425294],[-77.06348476645417,39.049593684907],[-77.0624694787354,39.048423879088],[-77.05932973294689,39.04861405566817],[-77.06120562797594,39.044852094811525],[-77.06238798014131,39.047060685083096],[-77.06374578871556,39.046932811735985],[-77.06374167722913,39.048620424902545],[-77.06484670638538,39.047778186063866],[-77.06577639625236,39.049272393844134],[-77.07078366878766,39.04869517473497],[-77.07146454770592,39.04778738724151],[-77.07375220614524,39.049153562719624],[-77.07451863953682,39.047921331453345],[-77.07918348810493,39.04864148324244],[-77.08028833867797,39.047799107048895],[-77.08071985135354,39.04448933646318],[-77.07716006674447,39.04292689523104],[-77.07623022408076,39.04143277429618],[-77.08208126529433,39.04267365029826],[-77.08420515684388,39.04131327217452],[-77.08420879296423,39.03962566049736],[-77.08581940521626,39.040211856258814],[-77.08650001696932,39.03930398769322],[-77.08531344832262,39.038783240919564],[-77.08523153226976,39.03742006420367],[-77.0808202657852,39.037414458232156],[-77.08031442657409,39.03598582321319],[-77.08226708254928,39.03527434110451],[-77.07854037870156,39.03267319617957],[-77.08108431827868,39.03306594455219],[-77.0826984308413,39.03196457074251],[-77.08549532098985,39.03307154114609],[-77.08574467876826,39.035473458007665],[-77.08811773121353,39.03651493143974],[-77.08870570765865,39.03930670940158],[-77.09082589454545,39.03963383017883],[-77.0915064383769,39.03872593427085],[-77.09303159539898,39.03963647506778],[-77.09014533371882,39.04054172249902],[-77.09123951563832,39.04476208716132],[-77.09412252509249,39.04554442683255],[-77.09802804194814,39.044120995512],[-77.09811020547617,39.04548416534419],[-77.10039829204216,39.04684984951869],[-77.10090460148622,39.04827840537753],[-77.1042974160678,39.04880144888584],[-77.10361693766143,39.04970941644749],[-77.10556659339048,39.050685181317085],[-77.1026800491661,39.051590721746194],[-77.10183503876962,39.04977234331866],[-77.1008158805769,39.05029046575026],[-77.1005627172331,39.04957618760354],[-77.0971698933702,39.04905304202179],[-77.09641053864884,39.046910184473],[-77.09242277864391,39.046970391411776],[-77.09394470963909,39.04956853660799],[-77.09165319508405,39.04989034730902],[-77.09105458735274,39.05216142184901],[-77.09316830231585,39.055863735149266],[-77.09579863414407,39.05593174291459],[-77.09469383971246,39.05677425824763],[-77.09460493652527,39.058786317180484],[-77.09672237161584,39.060800956129846],[-77.09859003980122,39.06041365775463],[-77.09918190136055,39.061517779201274],[-77.10105282090768,39.0594428258242],[-77.10223662101336,39.06165104226844],[-77.10452529400854,39.06301665430846],[-77.10664935985045,39.061655887605816],[-77.10910901640172,39.062372514267274],[-77.10842847105172,39.06328051035719],[-77.10384468536954,39.063924625394904],[-77.10367373421965,39.06457352242555],[-77.10494632666848,39.06476964679551],[-77.10706111589035,39.06847173198228],[-77.10875801053845,39.068733182170604],[-77.1094324992607,39.07120042535082],[-77.11155370977566,39.071527194147],[-77.11316821468708,39.070425416982566],[-77.11444093521213,39.07062144431322],[-77.11325661822568,39.06841334061981],[-77.11538067830021,39.067052423339845],[-77.11546901649167,39.065040346625274],[-77.11767834935219,39.06335493433587],[-77.11809970118394,39.06510788234083],[-77.11971115130734,39.065693641211475],[-77.11826483165429,39.06783420574418],[-77.11588742294482,39.06848092321675],[-77.1169863968572,39.071013459887915],[-77.11520398724394,39.07107657876685],[-77.11401374875219,39.0722437249852],[-77.1133361336093,39.07146412762277],[-77.11257011014418,39.0726966034393],[-77.11732235135675,39.073090871036975],[-77.11757862419752,39.072117495779224],[-77.11953188595952,39.07140542334653],[-77.12360363646498,39.07270750535023],[-77.12513259610023,39.0719300350762],[-77.12411058216385,39.07413597314753],[-77.12622928230043,39.07615011469173],[-77.11935823579232,39.07374196507681],[-77.11893114075522,39.07536426357121],[-77.11672435469885,39.0753620785863],[-77.11689521470069,39.07471316234142],[-77.11452050272571,39.0736722317777],[-77.1109555457121,39.07379837328609],[-77.1112119063171,39.07282501103578],[-77.11002461337466,39.07230449727798],[-77.11018945727275,39.07503083494963],[-77.10917000443459,39.0755490282536],[-77.10628564276982,39.074767033652215],[-77.10679226243222,39.07619557261204],[-77.109081479072,39.077561104315386],[-77.1075522292708,39.0783383778783],[-77.10916082918828,39.08061189907073],[-77.1093256595241,39.083338242037556],[-77.11187453476398,39.08204273814173],[-77.1110229094732,39.083599662007785],[-77.11170061296201,39.08437927371758],[-77.11390767270423,39.0843815479166],[-77.1139872328962,39.087432343429334],[-77.11559623547909,39.08970578514842],[-77.11720821094397,39.0902915791228],[-77.12069411816873,39.08711446512787],[-77.12290126125708,39.08711657961812],[-77.12299215319399,39.08341686433978],[-77.12494566562104,39.08270470533847],[-77.12408888845023,39.08763697175521],[-77.12688855179903,39.088743020850735],[-77.13113472168921,39.087708300989206],[-77.1336858506065,39.08472472231327],[-77.13453206445743,39.08654289542789],[-77.13538322051626,39.084985809667366],[-77.13623191004496,39.08511634465618],[-77.13605876411228,39.08745291557344],[-77.13690748366946,39.08758344600898],[-77.136909898116,39.0858958190944],[-77.13826830078833,39.08576713031349],[-77.13878036786176,39.08382028856901],[-77.13971438808841,39.08362632598028],[-77.14412621676475,39.08531746657214],[-77.14497715288681,39.083760315469945],[-77.14693045903398,39.0830478108733],[-77.15125713291091,39.08506317752045],[-77.15006724449059,39.08623067198604],[-77.14794543173261,39.085904559778385],[-77.14836764446935,39.08765741226436],[-77.14556769607135,39.08655184723985],[-77.14395332420216,39.08765404856661],[-77.14412396993599,39.08700509344052],[-77.14174846629659,39.08596468089667],[-77.14098277191009,39.08719733509153],[-77.13818056872233,39.08777923080149],[-77.1379245166307,39.088752651330296],[-77.13962199585937,39.089013680990924],[-77.14012937022812,39.09044208771409],[-77.13588560704395,39.089789487266415],[-77.13665141521302,39.088556863879475],[-77.13520759363041,39.089010006675224],[-77.13385161044258,39.08745103473776],[-77.12934932481654,39.08945925035581],[-77.12765187209361,39.08919808037832],[-77.12688590450178,39.0904306484573],[-77.12493489607445,39.08945521118906],[-77.1251911246533,39.08848181730169],[-77.12408617616919,39.08932459895283],[-77.12086218323947,39.08815316877844],[-77.12001067891397,39.08971015599248],[-77.11873760901298,39.089514185019894],[-77.11797148687691,39.09074669823071],[-77.11661295519615,39.090875165289965],[-77.11839300462695,39.09249965403979],[-77.11796577777635,39.094121954850365],[-77.1194924291733,39.09503217976793],[-77.1208454578377,39.09827894053052],[-77.12058634247188,39.10093995806739],[-77.12304746648539,39.10165631399005],[-77.12517231504741,39.10029522095968],[-77.12592773599036,39.10581318789003],[-77.12830366207004,39.10685390670402],[-77.13127748437148,39.105623291804044],[-77.13263878016541,39.103807031563385],[-77.13467566264406,39.104457878383066],[-77.1362051719999,39.10368026727399],[-77.13552947254105,39.10121315461915],[-77.13688574860267,39.10277211229782],[-77.13926409248218,39.1021249889502],[-77.13824208287335,39.104331055643286],[-77.1431672269771,39.10407538782597],[-77.14384997399479,39.101479562666825],[-77.13926881274772,39.09874972632883],[-77.1387613972822,39.097321313858195],[-77.13681004439734,39.09634606173864],[-77.13715150125024,39.09504816883391],[-77.13876614058805,39.09394605433033],[-77.14165161303187,39.094727297751554],[-77.14352217467551,39.09265169244071],[-77.14709017809997,39.090836987544876],[-77.14971970896407,39.09259148279504],[-77.14980289711724,39.09395463015453],[-77.14700050396391,39.09453672545457],[-77.14674454622536,39.095510165383345],[-77.14844221501093,39.0957710749149],[-77.14894980997538,39.09719944744159],[-77.14478867148344,39.09791029904801],[-77.14444733761364,39.099208213631165],[-77.14605975646494,39.09979363444997],[-77.14707928630605,39.09927513621278],[-77.14707492888003,39.10265039945706],[-77.14843362681717,39.10252159916845],[-77.148689586626,39.10154815446646],[-77.15047061472733,39.10317218702579],[-77.15149223670055,39.100966020309016],[-77.15319005002418,39.10122686526736],[-77.15242438891742,39.102459593485996],[-77.15411821009037,39.106095691491355],[-77.15224966379215,39.10648382779214],[-77.14944893070374,39.1053783462772],[-77.14783419934699,39.106480601938706],[-77.14274048531358,39.105697777301216],[-77.14214530845865,39.10628148742992],[-77.14112796216727,39.10511231276733],[-77.13798597326668,39.10530447934621],[-77.13603441635884,39.104329213569116],[-77.13484396774695,39.10549656652222],[-77.13212640762085,39.105753855336985],[-77.13136034138493,39.10698645485888],[-77.12685942476413,39.10730695409566],[-77.1304183007853,39.11224325793317],[-77.13823016120926,39.112769225225804],[-77.13924756809818,39.1139384253314],[-77.14026968234143,39.111732346285834],[-77.14230685541854,39.112383069065984],[-77.14341194323019,39.111540121747424],[-77.14400265211248,39.11433167568299],[-77.14527622509225,39.11452738879469],[-77.1455322695198,39.11355394834111],[-77.14884312118633,39.114400261691884],[-77.1504538120229,39.11667326372139],[-77.15172744343877,39.11686891084163],[-77.15291780707544,39.115701393663635],[-77.1524058941801,39.11764830545749],[-77.15860173102412,39.1209629281017],[-77.15860364250881,39.119275290031794],[-77.15962335625306,39.118756686966975],[-77.16352972815054,39.11901881478118],[-77.16463289926948,39.11986331555127],[-77.16454940312012,39.11850017134502],[-77.16879845024707,39.11577652196643],[-77.17253264863469,39.118374996722146],[-77.17193600569837,39.12064648904167],[-77.17329499614821,39.120517416585],[-77.1729540654645,39.12181541505967],[-77.17040652170739,39.121424542268116],[-77.17015078292751,39.12239803541444],[-77.16616067638427,39.120772971699935],[-77.16556556423353,39.12135679564645],[-77.16709338444498,39.12226644060295],[-77.16675233471791,39.12356442251882],[-77.16513922137905,39.122979267417556],[-77.16479813338046,39.1242772441563],[-77.16191123802992,39.123496533603266],[-77.16224872031515,39.12557384374151],[-77.16012570344579,39.125247937025534],[-77.15986981339736,39.126221409758045],[-77.15808608628527,39.12628514441231],[-77.15613763353207,39.121934911798796],[-77.15494921594657,39.12141482250711],[-77.1536775220909,39.11953157013658],[-77.15189395384107,39.11959521588597],[-77.15181069707742,39.11823206320953],[-77.1503663801944,39.118685384668645],[-77.14798975103385,39.11764508513378],[-77.14688462346638,39.11848807414386],[-77.14739669027115,39.11654118476474],[-77.1456131899521,39.11660474038522],[-77.14052112136986,39.11413418713502],[-77.1401796350052,39.11543209404883],[-77.13890605989741,39.11523632869778],[-77.13856453949197,39.116534231454736],[-77.13771547867636,39.116403711612215],[-77.13670048214948,39.113546862611685],[-77.13372891658547,39.11308997352773],[-77.13211377527657,39.114192026634775],[-77.12965213712538,39.11347584847527],[-77.12990838722159,39.112502440408974],[-77.12829581646048,39.11191680866757],[-77.1274494631163,39.11009858434398],[-77.12710776216797,39.11139645432626],[-77.12863228358617,39.1139942051882],[-77.13033031929106,39.114255363007686],[-77.13041316837575,39.115618528971886],[-77.13236495312593,39.11659388511974],[-77.13108882806142,39.118085676302464],[-77.13074459581351,39.12107119591182],[-77.1309128831955,39.12210989272751],[-77.13312109004335,39.12211182575351],[-77.13184235015945,39.12529126534762],[-77.13345524648032,39.12587685262471],[-77.13158354135699,39.12795231976314],[-77.13345025425507,39.12925213284434],[-77.13421651988737,39.12801951507048],[-77.13540489704978,39.12853980317988],[-77.13668111715012,39.12704796462256],[-77.13744490140614,39.12750296736694],[-77.13940181578407,39.125102935481685]],[[-77.1033974507873,39.12091415077791],[-77.10390751799032,39.12065507661432],[-77.10348299428261,39.120589699038085],[-77.1033974507873,39.12091415077791]],[[-77.10537420180205,39.1083888492236],[-77.10639101845457,39.10955831712821],[-77.10707202281979,39.10865032439038],[-77.10537420180205,39.1083888492236]],[[-77.06984818586038,39.08569181544523],[-77.07035812540695,39.08543288066254],[-77.06993383768173,39.08536738899119],[-77.06984818586038,39.08569181544523]],[[-77.07578702984843,39.04980536774996],[-77.07544853001272,39.04941546687717],[-77.07536294515656,39.04973989503222],[-77.07578702984843,39.04980536774996]],[[-77.08038134981504,39.04409944939177],[-77.08089096013443,39.04384047332289],[-77.08046690563893,39.04377501809698],[-77.08038134981504,39.04409944939177]],[[-77.09844880852822,39.045874004188896],[-77.0979392465051,39.04613305237795],[-77.09836333047681,39.046198447980956],[-77.09844880852822,39.045874004188896]],[[-77.11044886092884,39.072369851924016],[-77.11095856230922,39.072110751215604],[-77.11053431580913,39.072045398312795],[-77.11044886092884,39.072369851924016]],[[-77.14582584533204,39.08389078491529],[-77.14616488328579,39.08428049632425],[-77.14625019269747,39.08395601746589],[-77.14582584533204,39.08389078491529]],[[-77.14616488328579,39.08428049632425],[-77.14650392487606,39.0846702068364],[-77.14658923323131,39.08434572772195],[-77.14616488328579,39.08428049632425]],[[-77.14794543173261,39.085904559778385],[-77.1476063766523,39.085514853109416],[-77.14752107146643,39.08583933299243],[-77.14794543173261,39.085904559778385]],[[-77.16463289926948,39.11986331555127],[-77.16497220604514,39.120252978323286],[-77.1650574736854,39.11992848433325],[-77.16463289926948,39.11986331555127]],[[-77.16989668642837,39.12168388918938],[-77.16955734654857,39.12129423974596],[-77.16947209740933,39.121618736908594],[-77.16989668642837,39.12168388918938]],[[-77.16955734654857,39.12129423974596],[-77.16921801030973,39.12090458940641],[-77.16913276011176,39.12122908631147],[-77.16955734654857,39.12129423974596]],[[-77.1664982675545,39.12285026918525],[-77.16615894045754,39.12246061037817],[-77.1660736747657,39.12278510528536],[-77.1664982675545,39.12285026918525]],[[-77.15503452973024,39.121090335317874],[-77.1555444139057,39.12083104936677],[-77.1551198427516,39.12076584809089],[-77.15503452973024,39.121090335317874]],[[-77.13744490140614,39.12750296736694],[-77.13761329952301,39.12854165643543],[-77.13786949607075,39.127568229079124],[-77.13744490140614,39.12750296736694]],[[-77.08392655816647,39.13108186720915],[-77.08426548418736,39.131471750938886],[-77.08435112559415,39.13114731168757],[-77.08392655816647,39.13108186720915]],[[-77.08392655816647,39.13108186720915],[-77.0835876357848,39.13069198258615],[-77.08350199150401,39.131016421282105],[-77.08392655816647,39.13108186720915]],[[-77.15459191519926,39.13621389996569],[-77.15246862162881,39.13588786183351],[-77.15145069435474,39.13471876484464],[-77.14915674801664,39.135041641410744],[-77.15119465463889,39.13569222156483],[-77.15110722043902,39.13770435064337],[-77.15238327899418,39.136212348219246],[-77.1539965834957,39.13679767033694],[-77.15459191519926,39.13621389996569]],[[-77.15611991052916,39.13712368244282],[-77.15535590807823,39.13666879352997],[-77.1552705774279,39.136993281947916],[-77.15611991052916,39.13712368244282]],[[-77.09532484748544,39.12304697025709],[-77.09456137403613,39.122591709262245],[-77.09439020185543,39.12324060068159],[-77.09532484748544,39.12304697025709]],[[-77.12683558247879,39.12249567601186],[-77.12420010010587,39.124115962985535],[-77.1283603271473,39.125093435861956],[-77.12878750399695,39.12347108963501],[-77.12810925233737,39.12269156527832],[-77.12683558247879,39.12249567601186]],[[-77.1610620538904,39.12336617301282],[-77.1614013578724,39.123755845797746],[-77.1614866455791,39.12343135403253],[-77.1610620538904,39.12336617301282]],[[-77.16140320437803,39.12206820675668],[-77.16055403785028,39.12193784273367],[-77.1606374629638,39.12330099054423],[-77.1610620538904,39.12336617301282],[-77.16140320437803,39.12206820675668]],[[-77.10995773833604,39.10943230569755],[-77.10961877726228,39.109042493690886],[-77.10953327477004,39.109366948920645],[-77.10995773833604,39.10943230569755]],[[-77.10815670056768,39.072691968364545],[-77.10790338704894,39.07197770233316],[-77.10773245319452,39.072626605889035],[-77.10815670056768,39.072691968364545]]],[[[-77.0511798630605,39.147977625958376],[-77.05271992960486,39.14382574771968],[-77.0552676238783,39.14421903308034],[-77.05526330981843,39.14590667700777],[-77.05424246996772,39.146424426730206],[-77.05670019979524,39.148829747390316],[-77.05415233596995,39.14843649099904],[-77.05457264765555,39.15018968273962],[-77.0524493957181,39.14986193629536],[-77.0511798630605,39.147977625958376]]],[[[-77.11959853515577,38.82800270906738],[-77.12450777430118,38.82606022757537],[-77.1256964920147,38.82320545917601],[-77.12781056192871,38.82353193889524],[-77.127722856807,38.82554395568009],[-77.12374451752486,38.82729272911569],[-77.12120198825532,38.830275992287476],[-77.12035629164544,38.830145359512656],[-77.12078191874846,38.82852311318927],[-77.11959853515577,38.82800270906738]]],[[[-77.08551119362137,38.82712085789916],[-77.08331192104495,38.827118079600304],[-77.08382363895537,38.82517153739559],[-77.08019291336966,38.82224609254093],[-77.07985917204245,38.82016865505427],[-77.07665538782935,38.81562100312775],[-77.07834629052533,38.815882859280364],[-77.08188398237883,38.82250790056367],[-77.08484338235989,38.82296600905558],[-77.08467644143425,38.821927296560375],[-77.08620055828894,38.82115033299354],[-77.0883996510045,38.821153059996995],[-77.08907467377497,38.82193276564571],[-77.08822559929108,38.823489475048085],[-77.09042128112272,38.82517972787312],[-77.089906245682,38.828813859739356],[-77.08643849367229,38.8286148651383],[-77.08551119362137,38.82712085789916]]],[[[-77.07620980435465,38.82568089980912],[-77.07554253620684,38.82152600144938],[-77.07359940852429,38.82054979640803],[-77.0731805392261,38.81879675784216],[-77.0702213817144,38.8183383708503],[-77.06853443895072,38.81638884379175],[-77.06599812472435,38.81599584991862],[-77.06650215770411,38.81742450064643],[-77.06326645259485,38.82637698557636],[-77.06115258967336,38.82604940403603],[-77.05996548560502,38.82721599159808],[-77.05971349683946,38.826501652446126],[-77.0567541113569,38.826042943285636],[-77.05658329886411,38.826691753628815],[-77.05404669072352,38.826298514557394],[-77.05379043381318,38.82727172442449],[-77.05209935527152,38.82700953266382],[-77.05287252087167,38.82240235193933],[-77.05236872049758,38.82097364502685],[-77.05110052381673,38.82077698893945],[-77.05246285861934,38.81727412367641],[-77.05347910403255,38.81675641462149],[-77.05719813076091,38.817670675891534],[-77.05847051040843,38.81617970994588],[-77.06058407522005,38.81650733693589],[-77.06109632525387,38.81456089080408],[-77.06016972302554,38.81306669602431],[-77.06820105650446,38.81431137613623],[-77.07013999534018,38.81697522502523],[-77.07461939649718,38.81834435331148],[-77.07723357182198,38.821787872954026],[-77.0773966235505,38.8245141567478],[-77.08203618270363,38.83029686485563],[-77.08440612600218,38.8296508171103],[-77.08466198265465,38.8286775437052],[-77.0878739217322,38.82984986863674],[-77.08973572168505,38.82946271595452],[-77.09489143233753,38.83161081184943],[-77.09497329776873,38.832973943425806],[-77.09192472425151,38.83452806970721],[-77.0904038712227,38.83361754123276],[-77.08744400399866,38.83315956510287],[-77.08685060917833,38.833742986704806],[-77.07898744540965,38.8318506722604],[-77.07754834872098,38.83230312817531],[-77.07678803043105,38.83184777811267],[-77.07857213769971,38.82841008757021],[-77.07738905729406,38.82788928019895],[-77.07815310370798,38.826657064406085],[-77.07620980435465,38.82568089980912]],[[-77.07781185360811,38.82795474397871],[-77.0783199625405,38.82769578620066],[-77.07789716727173,38.82763032415727],[-77.07781185360811,38.82795474397871]]],[[[-77.09440469752884,38.90547406377312],[-77.09787944285243,38.903985259324976],[-77.1001728590287,38.90028818656369],[-77.10423786430194,38.89990329162373],[-77.10287967076513,38.90171918175645],[-77.10084874108664,38.90106783511666],[-77.0998316562707,38.901585937837865],[-77.09813207390636,38.904699527198545],[-77.09609774974787,38.905735680236404],[-77.09440469752884,38.90547406377312]]],[[[-77.09894900577562,38.92001852773802],[-77.10013373694338,38.92053913484392],[-77.09869301916316,38.92099184123951],[-77.09894900577562,38.92001852773802]]],[[[-77.0611028766969,38.91484177590259],[-77.06398041967871,38.91562479955414],[-77.06423275864479,38.91633913754089],[-77.05957653156997,38.91561843907141],[-77.0611028766969,38.91484177590259]]],[[[-77.05784097314258,38.9322321308899],[-77.05894008810748,38.933077542483815],[-77.0541117592044,38.93300545888392],[-77.0552151452573,38.9321633208659],[-77.05784097314258,38.9322321308899]]],[[[-77.07950877111057,38.94031071571597],[-77.07934912455973,38.935896812067654],[-77.07765543124673,38.935634965835995],[-77.07952372977971,38.933560377902765],[-77.08231311716727,38.93635498734428],[-77.08002511416545,38.936676577818446],[-77.07950877111057,38.94031071571597]]],[[[-77.05460773527079,38.9378093448272],[-77.05824742833464,38.93904799612542],[-77.05316639287607,38.93826152331111],[-77.05460773527079,38.9378093448272]]],[[[-77.06652890913466,38.94775749813667],[-77.06737989682206,38.946200913865255],[-77.06992075462381,38.94659388559119],[-77.06703386478677,38.949186169591954],[-77.06466396058157,38.94814430758681],[-77.06652890913466,38.94775749813667]]],[[[-77.05532939229246,39.02030813183148],[-77.05610012104408,39.01738841579202],[-77.05270475297603,39.01855166299789],[-77.05585180421566,39.014986446765235],[-77.05779988817378,39.015962955442525],[-77.05532939229246,39.02030813183148]]],[[[-76.99609527465117,39.030720639352516],[-76.99754445101856,39.02858151243109],[-76.99796834212155,39.02864725054938],[-76.99626142951576,39.031759500203755],[-76.99439395337163,39.03214525820307],[-76.99414189867254,39.031430765847674],[-76.99609527465117,39.030720639352516]]],[[[-76.97594539769938,39.0434662545678],[-76.97662127803714,39.0442465964613],[-76.97899913055753,39.04360254702783],[-76.98027706717863,39.04211233909785],[-76.9820528748612,39.04373876441685],[-76.98188088434016,39.044387491043324],[-76.97644923785111,39.04489531562288],[-76.97441544324732,39.044241884340735],[-76.97594539769938,39.0434662545678]]],[[[-76.9144383431639,39.118679292191906],[-76.91633108997806,39.11323184824088],[-76.91549002900368,39.111412185066094],[-76.91617343558055,39.11050523950806],[-76.91726607983777,39.11303955688025],[-76.91503544983934,39.118096672469385],[-76.91758149350541,39.118492775512635],[-76.92089733943912,39.11765752873881],[-76.92183978669276,39.115777574838354],[-76.92191872448734,39.11714087685341],[-76.92319174486279,39.11733886437826],[-76.92250836162508,39.11824584971941],[-76.91851654777699,39.11830047455108],[-76.91825744482679,39.119273445625474],[-76.9144383431639,39.118679292191906]]],[[[-76.95769225065571,39.13384433783469],[-76.9531093672491,39.13279526403562],[-76.95099381956942,39.130778152399124],[-76.94929604550342,39.13051454497382],[-76.94810216817197,39.131680113464064],[-76.94853340989671,39.13005838725547],[-76.94734634899629,39.12953631423255],[-76.94470661119011,39.13115279640139],[-76.94376455639893,39.133032929296284],[-76.93782230848615,39.13210985612512],[-76.93977894299543,39.13140060238703],[-76.94168402506241,39.12257749577496],[-76.9381304424236,39.119323418920246],[-76.93982791436461,39.1195871781927],[-76.94228094520236,39.12199474479144],[-76.94410612529657,39.11180832944449],[-76.94596906497107,39.113110950069434],[-76.94494790768219,39.113627799094566],[-76.94355410613029,39.12219252402484],[-76.94159080242602,39.12458946740202],[-76.94096597996382,39.13192274783662],[-76.94377146081979,39.131345294797036],[-76.94539670501442,39.12855805311602],[-76.94845395844627,39.12869509871224],[-76.9488919594566,39.12538573947536],[-76.94914389503349,39.126100335905804],[-76.95101402726237,39.12571525169799],[-76.95357388600668,39.12273535374543],[-76.9549266558112,39.124296300275496],[-76.94990649291132,39.12655648952085],[-76.94930282114292,39.12882691102061],[-76.95218763566216,39.12961255636009],[-76.95277783459034,39.13071738835494],[-76.95413739942607,39.13059071121385],[-76.95472763596706,39.131695534171165],[-76.95702233630811,39.131376244677774],[-76.95676370263365,39.13234929843397],[-76.95761262312439,39.132481054116084],[-76.95820949683899,39.13189822552888],[-76.95795087721277,39.132871281855664],[-76.96185727178134,39.133139745656194],[-76.96287858307764,39.13262275576687],[-76.96246058689381,39.13086926127762],[-76.96366066234098,39.12801592070704],[-76.96450954468776,39.12814762919574],[-76.96562333022591,39.12561862731875],[-76.9664721881113,39.12575032234732],[-76.96339568157573,39.130676622370466],[-76.96305095232314,39.13197404478935],[-76.96466263345363,39.13256182120908],[-76.9598146055631,39.13417370043387],[-76.96031875762279,39.135602851128446],[-76.95649845335065,39.13500998770303],[-76.95769225065571,39.13384433783469]]],[[[-76.97050654059493,39.13718324688415],[-76.97400731496012,39.1323225857005],[-76.97621582520935,39.13232730512244],[-76.97759373426352,39.12713746545346],[-76.97894710229829,39.128698151986995],[-76.97697865849763,39.13278329326734],[-76.98190629314874,39.13253401325328],[-76.98293344740034,39.13032922260589],[-76.98463133912192,39.13059237078882],[-76.98309365142825,39.13305575666647],[-76.98513001150727,39.133709056671755],[-76.98402275052395,39.13455059963325],[-76.98079901272476,39.13337552731432],[-76.97884272581582,39.134085426647424],[-76.97502235019867,39.13349313242115],[-76.97262905119088,39.137512391021694],[-76.97050654059493,39.13718324688415]]],[[[-76.9267281996799,38.81020379950918],[-76.9189577367801,38.80797701798719],[-76.91912972944138,38.80732839936375],[-76.91549144749224,38.80777323775868],[-76.91574948085102,38.806800316991904],[-76.91490442635134,38.80666828198404],[-76.91600750732643,38.80582739577988],[-76.91491196756112,38.80498073115131],[-76.91668804451146,38.80492048769067],[-76.91769760389438,38.80609144495069],[-76.9272439769418,38.80825791024562],[-76.92791715669547,38.80903849218739],[-76.93148379980816,38.805542502526265],[-76.93495002770813,38.80574583499893],[-76.93690496818455,38.80334910908272],[-76.92693644501273,38.80111741259171],[-76.92677180274838,38.80007849092436],[-76.91983995050275,38.79967127127751],[-76.9218738169179,38.79863802439697],[-76.92196716679672,38.796626163475906],[-76.92576218092833,38.7989076083386],[-76.92728750725878,38.798132603390194],[-76.92778869974066,38.79956181468993],[-76.93040963210582,38.799633321403995],[-76.9302377578838,38.8002819552083],[-76.93471350347257,38.80165614045885],[-76.93826545974396,38.80153506000193],[-76.93843026899133,38.80257396652211],[-76.93969784457349,38.80277177593663],[-76.94207506395982,38.800440902650124],[-76.94681544282703,38.799154123360026],[-76.94868396510549,38.797081541210915],[-76.95146981381407,38.79819149426864],[-76.95325234854776,38.79644317478895],[-76.95578737387589,38.79683847690553],[-76.95662581316168,38.79865778465558],[-76.9578933700101,38.79885540770265],[-76.95737847683078,38.80080142276207],[-76.95905556769522,38.80444001272798],[-76.96083159482306,38.80437913604094],[-76.96226441805821,38.80561559120089],[-76.96209281301624,38.806264269567066],[-76.95955742593901,38.80586909620663],[-76.95988767523674,38.80794685326667],[-76.95843524366451,38.811773031940575],[-76.95623644071293,38.81176799709227],[-76.9550412783527,38.81462113106181],[-76.95343670035258,38.814033258080435],[-76.95335750150535,38.81267003712176],[-76.9565797778096,38.81047065569715],[-76.95811810218228,38.80632016292323],[-76.95434157685273,38.798977051244165],[-76.94993801305613,38.80065434901394],[-76.94679503419881,38.804216779373476],[-76.9456132881793,38.803694714991124],[-76.94171767495779,38.80511330655306],[-76.93823745546906,38.80828526821935],[-76.93635425837071,38.81373280119199],[-76.93363976638668,38.81567329334553],[-76.93329599674034,38.816970571768685],[-76.93566682170956,38.816327371817756],[-76.93591756011541,38.81704196200781],[-76.94361048419016,38.81790445322064],[-76.94673379131322,38.81940476247297],[-76.94115376716185,38.81887213040455],[-76.94098194315904,38.819520780351986],[-76.938868830017,38.81919111214672],[-76.93818843551375,38.82009814341743],[-76.9356597595765,38.81801492577545],[-76.93430598956776,38.81814139499037],[-76.93116149349551,38.821703434627196],[-76.93123312201224,38.824754225857205],[-76.93038783143604,38.8246222962898],[-76.9299579924189,38.826243884393996],[-76.92792347059493,38.82727726692005],[-76.92598216819891,38.826298746243026],[-76.92624012714295,38.825325801801554],[-76.92879045401881,38.82234654867028],[-76.92786646454672,38.8208513641219],[-76.92922029602572,38.820724965269555],[-76.92965011891759,38.819103380645636],[-76.93244365604698,38.81852621024697],[-76.93033061032833,38.81819639638192],[-76.93042375195715,38.81618452523598],[-76.93452040135352,38.807367435853706],[-76.93028777127233,38.80839539572847],[-76.92993678240934,38.811380216412815],[-76.92756606772394,38.81202330634058],[-76.9234903485279,38.815777509377654],[-76.92180000653228,38.81551353902501],[-76.9200162518166,38.81726140879196],[-76.91730868087001,38.81751399036772],[-76.91705063040575,38.818486915422405],[-76.91358384692596,38.81828308158338],[-76.91299677009336,38.81717811560825],[-76.91231607262728,38.81808500451093],[-76.91062571760838,38.817820881564415],[-76.90868489904112,38.81684209071907],[-76.90885700396817,38.81619348579735],[-76.91190109477726,38.816331423386586],[-76.91114960757201,38.814187505785405],[-76.91367745063091,38.816271223047046],[-76.91621295045036,38.816667336270044],[-76.91638498801595,38.81601872089911],[-76.91909250665113,38.81576615955819],[-76.9193505202506,38.81479323051596],[-76.92095484012304,38.81538154519865],[-76.92341905269478,38.81272671646059],[-76.92578982680747,38.8120837058862],[-76.9267281996799,38.81020379950918]]],[[[-76.97642398920867,38.86523093309913],[-76.97811568182293,38.865494159173934],[-76.97819540116093,38.866857372038275],[-76.97608074739023,38.86652833714534],[-76.97642398920867,38.86523093309913]]],[[[-76.84472942633072,39.10004241712912],[-76.84343845950525,39.10321886275633],[-76.84393088590868,39.106336094630926],[-76.84639861831668,39.105370305894546],[-76.84596524334428,39.1069916691464],[-76.84859718619512,39.107064911171854],[-76.85342786841419,39.108832617903],[-76.8532545752416,39.10948117355652],[-76.8641204126837,39.11016367120267],[-76.86412916519738,39.10847604931409],[-76.86540187599331,39.10867462813698],[-76.86669197938623,39.10549795119142],[-76.8691507454718,39.10621933179479],[-76.86889102446297,39.10719219758534],[-76.87262259040439,39.10811203981275],[-76.87594695671615,39.10559037198712],[-76.8758688941855,39.104227043994996],[-76.8764577260094,39.1053322323423],[-76.88036233720263,39.10560325435474],[-76.88741786211261,39.10400077820364],[-76.8878502940762,39.102379271535504],[-76.89064692032832,39.103490641675045],[-76.89252487229629,39.101418817436546],[-76.89430821494085,39.10135889251122],[-76.89361655487929,39.10395333813084],[-76.8897903046766,39.10504605163843],[-76.88978214871238,39.10673367415683],[-76.88528845733751,39.10535780397723],[-76.88222397433246,39.10690682825337],[-76.8766223405024,39.10637126640548],[-76.87585193523513,39.10760228718489],[-76.87296027433656,39.10850249668524],[-76.87312484598795,39.109541536013275],[-76.87414645656445,39.10902527743448],[-76.87881323247628,39.109752960188025],[-76.87719430383042,39.11085169712454],[-76.87405138072212,39.11103719258863],[-76.87176553433521,39.109667326931024],[-76.87126330463086,39.10823782520458],[-76.86863129649757,39.10816506301544],[-76.86719410019359,39.10692747062849],[-76.86445806045148,39.11055415132168],[-76.87022446316026,39.11212930537586],[-76.87445010234003,39.11616622520693],[-76.87572297609059,39.1163646986685],[-76.87470127349036,39.11688097093784],[-76.87301264858536,39.1149286981675],[-76.87089125048365,39.11459785567937],[-76.87005131209361,39.11277788484573],[-76.86598187519327,39.111467489445786],[-76.86267446753128,39.11061364812654],[-76.85766128540071,39.11118248364543],[-76.85189523034174,39.10960674721935],[-76.85146195278178,39.11122813095442],[-76.85239708835475,39.11103632753546],[-76.85067293880186,39.11583424193946],[-76.84966015508584,39.11466268541912],[-76.85104676944118,39.109474270583135],[-76.84595606903088,39.10867928924199],[-76.84493426302235,39.10919531611599],[-76.84519431202166,39.108222500028994],[-76.84231150593276,39.10743437654527],[-76.84145380894093,39.10898945442379],[-76.83907259908204,39.10963087778796],[-76.84111629211112,39.10859891195953],[-76.84112557884778,39.10691129224944],[-76.83281508835357,39.104937004807006],[-76.83280560880817,39.106624623248905],[-76.83059789182282,39.106617357143094],[-76.82940250367588,39.10778177975262],[-76.82762855043539,39.10615315518001],[-76.82490989200579,39.10640372710046],[-76.82525696665608,39.1051066954758],[-76.82832258787258,39.10355907623092],[-76.82577755539464,39.103161146827155],[-76.82622099010311,39.099852238880615],[-76.82749344611491,39.10005120542721],[-76.82784044429533,39.09875416816461],[-76.82513172049099,39.097317128971525],[-76.8238593188315,39.09711813835352],[-76.82266397898198,39.09828249405449],[-76.8210542088593,39.09769288203457],[-76.82115073476629,39.09568101285687],[-76.81946404170587,39.09372802108235],[-76.82074613017191,39.09223944312835],[-76.82396544989695,39.09341865315544],[-76.82457274336201,39.09114885759839],[-76.82652937893775,39.09044139175814],[-76.82517999888643,39.0888790600399],[-76.82552698501003,39.087582031963755],[-76.82773412314492,39.08758938809834],[-76.82808105752048,39.08629235320385],[-76.8264715090637,39.085702812664394],[-76.82485232505644,39.08680086285451],[-76.82077540209366,39.08717660602042],[-76.82042833309119,39.0884736207316],[-76.818057430031,39.08742702718276],[-76.81694894110429,39.088267073835716],[-76.81662150544014,39.08618885519518],[-76.81390355601243,39.086439185472976],[-76.81578325475668,39.084368527870964],[-76.81849131099763,39.085805767283375],[-76.81942620638308,39.08561421278902],[-76.81926245676289,39.08457510725212],[-76.82053462620351,39.08477414445732],[-76.82088167563975,39.08347713034083],[-76.82427410353334,39.08400782299424],[-76.82411028821176,39.08296872415517],[-76.82571975695386,39.08355829497481],[-76.82640402165556,39.08265184804665],[-76.82852428440474,39.08298344753783],[-76.82735806185056,39.07908501397656],[-76.82871687819538,39.07895970932392],[-76.82907331649254,39.07597506476211],[-76.82806143644639,39.07480334115003],[-76.82832158823123,39.073830566645555],[-76.83027772107164,39.07312304405726],[-76.8284950188855,39.07318205010234],[-76.82875515906369,39.07220927497694],[-76.8252765220467,39.072002961811755],[-76.82275202853042,39.06822975963068],[-76.81944709655184,39.06737477533334],[-76.8173944224445,39.07009398276288],[-76.81738458937787,39.07178158903748],[-76.81593911865946,39.07223101913176],[-76.81626647192562,39.07430923423351],[-76.81489782967782,39.076122010054526],[-76.81777909629379,39.07691076455536],[-76.81751879236704,39.07788351753005],[-76.81624675180905,39.07768444970835],[-76.81632366731057,39.07904780808263],[-76.81505160964706,39.07884872798515],[-76.81563931081367,39.07995419890317],[-76.81486815272679,39.08118483540214],[-76.81429035961223,39.07839175200568],[-76.8126711544626,39.0794896420101],[-76.81208350220354,39.078384157150495],[-76.81038745784598,39.0781186562923],[-76.81150583837551,39.0755910622434],[-76.8143969504214,39.07469228786588],[-76.81390600514078,39.07157495758046],[-76.81143898859719,39.07254009520178],[-76.81167942328113,39.07494256897121],[-76.80650475894844,39.07447022401224],[-76.8044615343159,39.07550161421407],[-76.80376691313386,39.07809554623562],[-76.8022445803462,39.0771814515352],[-76.80310274085363,39.07562665357568],[-76.80242843293023,39.07484536448734],[-76.80438484509087,39.07413824939264],[-76.80473213194173,39.072841282922916],[-76.80863472905433,39.07311455598764],[-76.81009026530019,39.07097760482793],[-76.81255724671819,39.070012494256744],[-76.81281758885883,39.06903975306806],[-76.81036064006065,39.0683172634672],[-76.80985990383637,39.066887525014685],[-76.80519657173761,39.06615726007221],[-76.8022392296729,39.06400485173982],[-76.80111049473999,39.06821996095587],[-76.79890394757687,39.068212132068716],[-76.79786180418834,39.07210297734236],[-76.79625281517389,39.07151304702314],[-76.79497059071409,39.07300136658897],[-76.79464385227949,39.07092309593348],[-76.7925240960779,39.070590919191496],[-76.79601290175724,39.06911054493209],[-76.79764241845984,39.0663252705345],[-76.80053333335395,39.06542682020939],[-76.79909814191042,39.06418845076079],[-76.79986938666174,39.062957915927356],[-76.80147821565296,39.06354779851054],[-76.80132497721137,39.06082107134971],[-76.79308690188658,39.06189510993253],[-76.79273945955198,39.06319204129032],[-76.78807653663274,39.06246113430629],[-76.78635984696453,39.065570509761585],[-76.78372946991861,39.06549595075252],[-76.78281600945101,39.062312033376216],[-76.78478286385051,39.05991762815134],[-76.78293480975056,39.05692500769757],[-76.78582553256376,39.05602690108219],[-76.78634682506781,39.05408153526834],[-76.78719452137382,39.054214452062254],[-76.78712871151434,39.051163483692335],[-76.78815011200125,39.050647937510966],[-76.7865522227009,39.04837028646558],[-76.78324861945306,39.04751434241682],[-76.78446494370533,39.04297518511272],[-76.78726823170106,39.04240127285389],[-76.7853336537649,39.03973292477777],[-76.78686552730355,39.03895962604156],[-76.79033201747663,39.04085460816479],[-76.79135325043634,39.0403390365664],[-76.79465662306171,39.04119476401786],[-76.79509074990943,39.03957359924953],[-76.79669902272072,39.040163541299314],[-76.79840440132315,39.038741631765895],[-76.79774077057357,39.03627272761629],[-76.79969619051927,39.035565691132135],[-76.80088065587921,39.03608916381943],[-76.79968595136681,39.0372532857474],[-76.8042707268945,39.036620397973394],[-76.80638954643163,39.036952372355145],[-76.8077375590806,39.03851489354724],[-76.81087751594804,39.038331076956986],[-76.81233229001964,39.03619411260404],[-76.81107096794092,39.03430739798361],[-76.81100417435879,39.03125645281022],[-76.81117765791053,39.03060796528094],[-76.81244886111686,39.03080708334614],[-76.81175495179038,39.03340103962452],[-76.81538540636663,39.036334427013706],[-76.81613636544972,39.03847898918715],[-76.80933589538665,39.04079226815253],[-76.8049345825382,39.03908926737295],[-76.80145759773579,39.0388822886068],[-76.79950210572467,39.0395893532214],[-76.79949186150087,39.041276948979935],[-76.79668871335568,39.04185113699209],[-76.79990541176275,39.043030959404625],[-76.79877686714636,39.04724603184459],[-76.8004721488906,39.04751168970046],[-76.80217762605857,39.04608972656276],[-76.80565495759491,39.04629668542459],[-76.80530781400351,39.047593648358266],[-76.80190703452747,39.048750039636026],[-76.80240748942477,39.05017980554085],[-76.80469015791078,39.05155093104503],[-76.80647234893917,39.05149226673696],[-76.8066358412281,39.052531382918964],[-76.809362564864,39.05059361334256],[-76.81291695543777,39.05216372514718],[-76.81563362683417,39.05191341800702],[-76.81793623515647,39.04990909986329],[-76.82217479290613,39.050572547747976],[-76.81944841158837,39.052510598523305],[-76.81724233929707,39.05250309530706],[-76.81460250825003,39.05411679099319],[-76.81053735521657,39.05280459522324],[-76.80993994771383,39.05338670571592],[-76.81120157147842,39.05527343803916],[-76.81628815163191,39.05606983463904],[-76.81729958113706,39.0572416501706],[-76.82153856061989,39.057905120624994],[-76.82178901018032,39.05861996537449],[-76.8262015274135,39.0586347711612],[-76.82899552761096,39.05974751899976],[-76.82917847642771,39.057411399793594],[-76.83180860723583,39.05748499654654],[-76.83035397965898,39.059622196882565],[-76.83364923325732,39.062164494516296],[-76.83534499026773,39.06242967713334],[-76.83542224784028,39.0637930198961],[-76.83585560042368,39.06217170638833],[-76.8387458775603,39.06127236772402],[-76.83825397876352,39.05815514124987],[-76.84317702529798,39.05791136162686],[-76.84077892703476,39.06192802162321],[-76.83864988434682,39.06328423781159],[-76.8397484286556,39.06413160714645],[-76.83864054570421,39.064971843658036],[-76.83948846451412,39.06510440386263],[-76.84056845766241,39.06932698016871],[-76.8418404185228,39.0695257987273],[-76.84158973417877,39.06881099302102],[-76.84328567522364,39.06907606757703],[-76.84634939282185,39.06752801417013],[-76.84663673402258,39.061492383451146],[-76.85028813583844,39.061049552740265],[-76.84942206857765,39.064292278706716],[-76.85043414661105,39.06546382612898],[-76.84890239112848,39.06623791229112],[-76.85017432072175,39.06643664542877],[-76.85417231505792,39.06469660779793],[-76.8542768560432,39.06099711892822],[-76.8557218662172,39.06054724382129],[-76.85613688289877,39.06230107263817],[-76.85851639168254,39.06165932810798],[-76.85970170560581,39.0621822421185],[-76.86014334611238,39.058873238355176],[-76.86124207428156,39.05972041696777],[-76.86353491209404,39.0594028569225],[-76.86327528319877,39.06037570255609],[-76.86479803118054,39.06128904666909],[-76.86334429753315,39.063426634573965],[-76.85969285587254,39.06386984917355],[-76.85636983387191,39.0663910628007],[-76.84820944458347,39.06883208807993],[-76.84846019410283,39.069546880432135],[-76.85363478000548,39.07001747784093],[-76.8538855869707,39.07073225939679],[-76.85482019511501,39.07054043920589],[-76.85474256651187,39.06917710688087],[-76.85643856405039,39.06944200193354],[-76.86052313884326,39.0673774815205],[-76.8627296668246,39.06738421616873],[-76.85821226674692,39.071070204185695],[-76.85574585595121,39.07203622124263],[-76.85422299656483,39.07112276442597],[-76.85353918739075,39.072029362568244],[-76.84947232980214,39.070718436796746],[-76.84709244458338,39.07136000915569],[-76.84726570184972,39.07071146671842],[-76.84599370540003,39.07051270365294],[-76.84454843688853,39.0709624664171],[-76.84462587617362,39.07232580554335],[-76.8421685002186,39.07160394449906],[-76.84248735002274,39.07536969948903],[-76.84358612175619,39.07621703674321],[-76.84305696479599,39.07985026084361],[-76.84168888654217,39.081663333497474],[-76.8447439697494,39.081802927363064],[-76.84602532995389,39.080314092016785],[-76.84780819282965,39.08025483440395],[-76.84875204546589,39.078375448377635],[-76.85563242819345,39.07742332960407],[-76.85640285601744,39.07619244112149],[-76.85648052326064,39.077555774147726],[-76.86233949567277,39.07711939443729],[-76.86344728977232,39.07627894479195],[-76.86303201685746,39.0745251359808],[-76.8649791019444,39.075504677924926],[-76.8648147238241,39.07446563445637],[-76.86770513137282,39.07356562017331],[-76.86769646610102,39.07525323125649],[-76.87007629685814,39.07461126384431],[-76.87168595321292,39.07520023842189],[-76.87347720087061,39.07345300129465],[-76.8781416859055,39.07418070435727],[-76.87796869590578,39.07482929021954],[-76.87448979420978,39.07462435467454],[-76.87473232007719,39.077026706832044],[-76.87294955841507,39.07708635065956],[-76.8730189947722,39.08013728650593],[-76.86767913435013,39.07862845498095],[-76.86666659499717,39.07745704525032],[-76.86394914487421,39.07770846949892],[-76.86266819783876,39.07919748891028],[-76.86376726272735,39.080044648301275],[-76.8628325559714,39.080236536117894],[-76.85969977210402,39.07873405535722],[-76.85774377476659,39.07944204178915],[-76.85571008229894,39.078786663419095],[-76.85400488552588,39.08020936961219],[-76.85154714983597,39.079487693005255],[-76.85068998032317,39.08104282640557],[-76.8522996219857,39.08163205277974],[-76.85033440503295,39.084027535674295],[-76.84914880219532,39.08350453022491],[-76.84795409154265,39.084669126103904],[-76.84498553617541,39.08420534062462],[-76.84606613266584,39.08842788389087],[-76.8452179296917,39.08829536800816],[-76.84487129165608,39.089592451201746],[-76.84215331234826,39.08984339940457],[-76.8422307268158,39.09120674476562],[-76.84401386005813,39.091147541468274],[-76.84460210132126,39.09225287789408],[-76.8460477929873,39.09180311273818],[-76.84621194195334,39.092842184344754],[-76.84782180869877,39.093431470010515],[-76.84911241000948,39.09025498475037],[-76.85243677515203,39.087733954200885],[-76.85624480962886,39.090017623229244],[-76.85659124666459,39.088720508222345],[-76.85726626562017,39.089501505281724],[-76.85837430717173,39.088661098938026],[-76.85904934474019,39.08944208630486],[-76.8596466551734,39.08885973592792],[-76.86168066507416,39.08951505109731],[-76.86856193309669,39.08856221454797],[-76.8704229219101,39.08986596093618],[-76.87559909691868,39.09033564544684],[-76.8767069391314,39.08949507555384],[-76.88086184070734,39.090480818614296],[-76.88401214558544,39.088607534846645],[-76.88553574583229,39.08952062947814],[-76.89301373706994,39.08798396165377],[-76.89309210382933,39.089347274667766],[-76.88672170865149,39.09004328835608],[-76.88646228072781,39.09101618785103],[-76.89002031359696,39.092584104604896],[-76.88976092077009,39.09355701144806],[-76.88391736963113,39.09061944972217],[-76.88221244754557,39.092042546016074],[-76.88060233275985,39.09145370595623],[-76.8766900225495,39.09287030942151],[-76.8761012881831,39.09176512478842],[-76.86668363020874,39.09063367168824],[-76.86396568734854,39.09088509691762],[-76.86200060475832,39.0932807683962],[-76.85699752946738,39.09216195875095],[-76.85605371102257,39.09404141220966],[-76.8544437640037,39.09345223309466],[-76.85197654332701,39.09441817933822],[-76.85154335815778,39.0960395586499],[-76.85366412625093,39.096370730070255],[-76.85467671954419,39.09754224985755],[-76.85723062463097,39.096251969730886],[-76.85637337898767,39.097807147194565],[-76.85662430882951,39.09852192690206],[-76.85866744003468,39.09748967477034],[-76.8602775107697,39.09807879962748],[-76.86096148103196,39.097172160028684],[-76.86393066814169,39.09763556502877],[-76.8652119143753,39.0961465274875],[-76.8670817197408,39.09576270789832],[-76.87225829325321,39.09623253206544],[-76.87472530583703,39.095266182943085],[-76.87327118442349,39.09740390032925],[-76.87530555639282,39.0980589935791],[-76.87334919087704,39.09876722817801],[-76.87376485141658,39.10052101042057],[-76.87105515366876,39.09908497162691],[-76.87140136952137,39.0977878131407],[-76.86664886365354,39.09738414024273],[-76.86612941084547,39.09932985772372],[-76.86358431963198,39.09893270266625],[-76.86128141715895,39.100937884620386],[-76.85890064630382,39.1015796867418],[-76.85966241983182,39.10203639138664],[-76.85880515799009,39.10359158733129],[-76.8578790321036,39.102095819297766],[-76.85550714515354,39.10104993753069],[-76.85286640021516,39.102664460533035],[-76.85033033682122,39.100579415338025],[-76.85101445475468,39.09967283004591],[-76.85008853921735,39.09817700509533],[-76.84339794192873,39.0951050475055],[-76.84220294834374,39.096269590625646],[-76.84414112006145,39.09893707967982],[-76.84388109019594,39.09990989183378],[-76.84218442721149,39.09964482388515],[-76.8419243686124,39.10061763207674],[-76.84302351563396,39.10146497829836],[-76.84472942633072,39.10004241712912]],[[-76.8349360307775,39.105268496308305],[-76.83587113325454,39.105076817412154],[-76.83502275449399,39.10494423153745],[-76.8349360307775,39.105268496308305]],[[-76.83587113325454,39.105076817412154],[-76.83638204129558,39.104818842468404],[-76.83595785256834,39.10475255200088],[-76.83587113325454,39.105076817412154]],[[-76.81432998010582,39.071641322879636],[-76.814590304355,39.07066857769044],[-76.81586221758539,39.07086766221375],[-76.81715381489704,39.06769152216529],[-76.81426301541259,39.06859035954444],[-76.81432998010582,39.071641322879636]],[[-76.83069121125915,39.06001276501837],[-76.83018059794153,39.06027071444003],[-76.83060452182566,39.06033702407581],[-76.83069121125915,39.06001276501837]],[[-76.8481228227873,39.06915635986706],[-76.84761220710654,39.0694143813474],[-76.8480362002182,39.06948063161275],[-76.8481228227873,39.06915635986706]],[[-76.87559909691868,39.09033564544684],[-76.8759367142315,39.09072609291543],[-76.87602323760974,39.09040180046693],[-76.87559909691868,39.09033564544684]],[[-76.84259934043008,39.10139871053513],[-76.84200179026443,39.10198098035578],[-76.84242596832291,39.10204725016532],[-76.84259934043008,39.10139871053513]],[[-76.83626500102663,39.095341672034635],[-76.83288143284135,39.09312369090363],[-76.83211042703046,39.09435443739029],[-76.83626500102663,39.095341672034635]],[[-76.84025561391245,39.095289688063446],[-76.84212552900307,39.09490624394937],[-76.84042898926754,39.094641152291686],[-76.84025561391245,39.095289688063446]],[[-76.82884187090893,39.07188501651894],[-76.82935257057466,39.07162707206149],[-76.82892858198045,39.07156075801954],[-76.82884187090893,39.07188501651894]],[[-76.82943927905995,39.07130281322086],[-76.82994997251448,39.07104486633535],[-76.82952598677157,39.07097855433876],[-76.82943927905995,39.07130281322086]],[[-76.83012338199177,39.07039634784727],[-76.8306340666491,39.07013839819257],[-76.83021008556993,39.07007208854103],[-76.83012338199177,39.07039634784727]],[[-76.81017027089803,39.05747677553801],[-76.81068093558487,39.057218908488224],[-76.81025704806774,39.057152530910194],[-76.81017027089803,39.05747677553801]]],[[[-76.89112802324519,39.09174340582926],[-76.89676060596068,39.08552784244681],[-76.89802504156512,39.08741370323861],[-76.89665819269935,39.0892273832417],[-76.90284776836575,39.09086710087452],[-76.90496081713373,39.0928850156627],[-76.90427743633423,39.09379189653029],[-76.90174020768599,39.091707903950564],[-76.8981740054607,39.091827941240126],[-76.89546414956648,39.09039243691877],[-76.89196824638934,39.09356322691153],[-76.89153595879907,39.09518474518878],[-76.89077405679947,39.09472823647967],[-76.8918034414679,39.09252421571089],[-76.89112802324519,39.09174340582926]]],[[[-76.85244220903175,39.102598226340625],[-76.8529440293927,39.104027802521166],[-76.85107393662807,39.10441141004351],[-76.85244220903175,39.102598226340625]]],[[[-76.8821906442024,39.11365732203717],[-76.8785536282423,39.11072584682292],[-76.88102940912137,39.1080717471583],[-76.88187790827527,39.10820401913575],[-76.88119409521262,39.109110775714875],[-76.88476117390725,39.10899122519565],[-76.88203427036939,39.11093066996475],[-76.88559318311634,39.11249871941623],[-76.8881470647426,39.111207800462786],[-76.8917142349558,39.111088050402614],[-76.89470831363768,39.10648785046796],[-76.89487319178556,39.10752686057667],[-76.89657023084736,39.107791209747404],[-76.8995480083711,39.106566141444034],[-76.90022365490856,39.107346907768374],[-76.90370419613309,39.10755112410708],[-76.90064001334468,39.10910060295896],[-76.8966486857212,39.109154525642815],[-76.89596504809644,39.11006136362055],[-76.89580014857914,39.109022354452065],[-76.89410308355865,39.10875799470658],[-76.89298706686961,39.11128634692762],[-76.89408697081382,39.112133243270804],[-76.88729030455531,39.112763195514106],[-76.88694430107367,39.11406040196791],[-76.88584445122842,39.11321344212142],[-76.8821906442024,39.11365732203717]]],[[[-76.91397602566626,39.12705141602279],[-76.91219206838988,39.12711162339178],[-76.91193284927273,39.12808458297897],[-76.91125688392923,39.12730387712631],[-76.89580644087832,39.12557431304355],[-76.89615234092412,39.12427707900084],[-76.89776330944582,39.12486572133986],[-76.89853352642392,39.12363456066309],[-76.89954722349893,39.1248057209881],[-76.90082031720539,39.12500393785268],[-76.90074176690418,39.12364062036799],[-76.9040502150559,39.12449345110705],[-76.90482812990766,39.121574622667865],[-76.9076334981786,39.12099798608198],[-76.9074684069136,39.11995899018179],[-76.90874143727856,39.12015712576065],[-76.91002216198603,39.11866762004049],[-76.91120877688708,39.119190048173664],[-76.9118923101033,39.118283124774244],[-76.91367605079138,39.11822292181191],[-76.91384122690916,39.11926190911362],[-76.90967653637817,39.11996489121497],[-76.90609340255223,39.12346041440216],[-76.90956703415124,39.12535209694992],[-76.91025064586249,39.12444518147359],[-76.91084016477407,39.125550211253476],[-76.91211330234252,39.12574831253036],[-76.91228610868828,39.12509967289498],[-76.91381082990407,39.12601242730235],[-76.91594030722624,39.12465490756962],[-76.91618437129492,39.127057201497806],[-76.91830633942193,39.12738727196244],[-76.91745003433559,39.12894287971351],[-76.91490362502502,39.12854677315634],[-76.91397602566626,39.12705141602279]]],[[[-76.87628649131834,39.12253276904108],[-76.8743379930013,39.12155339552193],[-76.87544632597412,39.12071283182936],[-76.87375759195733,39.11876056771154],[-76.87742015191162,39.11662930969235],[-76.87793942598633,39.11468353856549],[-76.87929042002288,39.11624530495085],[-76.88192273160769,39.11631784158994],[-76.88013063000862,39.11806521459102],[-76.8784334107619,39.1178006404899],[-76.87808722510228,39.11909782356623],[-76.88011386587671,39.12144046743462],[-76.88504932874754,39.1195073991757],[-76.88419240431953,39.121062775400965],[-76.88291942509471,39.12086438846062],[-76.88172464147358,39.12202931721463],[-76.88222717244838,39.1234587805212],[-76.877983813326,39.12279737269281],[-76.8773948166856,39.121692187818816],[-76.87654616812249,39.121559884896286],[-76.87628649131834,39.12253276904108]]],[[[-76.87946181964745,38.82578228908937],[-76.87616721099603,38.82492884277402],[-76.87567530686712,38.821811867961834],[-76.8740627230266,38.822910517258116],[-76.86695650513347,38.82314889275637],[-76.86739636896738,38.81983997395401],[-76.86630118319708,38.81899287812795],[-76.86367961857027,38.81892001409933],[-76.86402463563253,38.817622929029554],[-76.86283451803517,38.81878762356794],[-76.86148938644335,38.81722574725526],[-76.86004042077745,38.81936322354791],[-76.85919532171357,38.81923080817544],[-76.85835907681789,38.81741083786205],[-76.8554013333885,38.81694731876864],[-76.85532396383815,38.815584035434384],[-76.85270253272994,38.81551093904859],[-76.85253891546176,38.81447191751136],[-76.85491037056201,38.81383026408236],[-76.85611833813081,38.80929055071669],[-76.85148002127492,38.80687450145338],[-76.85183419870762,38.803889905498444],[-76.85361925971311,38.802143020618985],[-76.85516326548564,38.79799381278567],[-76.85727538554532,38.79832490850983],[-76.85677558314241,38.796895412312644],[-76.85838785224753,38.79579699095616],[-76.86117227683467,38.79690897531147],[-76.86143977316954,38.79424862334822],[-76.85771553880542,38.795016032202824],[-76.85932775222452,38.79391759879983],[-76.86002650150812,38.78963591368572],[-76.86231961286164,38.787630843118016],[-76.86020777949089,38.78729983378522],[-76.86046647758585,38.78632703028086],[-76.85827729844921,38.78463271193137],[-76.85532088426089,38.78416919235801],[-76.8532002167019,38.78552560708606],[-76.85457139088183,38.782024938354155],[-76.86200975931362,38.782177743186494],[-76.8606477332612,38.783990950443716],[-76.86283694818658,38.78568522676957],[-76.86461259818108,38.78562573044122],[-76.86527621177079,38.788094195670546],[-76.86806907024497,38.78751847931275],[-76.86899141194917,38.789014104880856],[-76.87085332642584,38.7886302450588],[-76.87017237152824,38.789536899710875],[-76.8715257216443,38.78941113199067],[-76.87041380754803,38.79193916606694],[-76.87574118689956,38.791760274479344],[-76.87768089613445,38.79273957920962],[-76.87649140249039,38.793904402157466],[-76.87698315331127,38.79702136514902],[-76.87519877716262,38.79876858598056],[-76.87840602548464,38.799946336692514],[-76.87932873625834,38.80144188697378],[-76.88043214821612,38.80060131820143],[-76.88061279999401,38.79826520606948],[-76.88525976062186,38.798992613888494],[-76.88543203170725,38.79834404267844],[-76.88669938988929,38.79854239458948],[-76.88686345797015,38.79958136930263],[-76.8915966744437,38.79998425261766],[-76.89295018140679,38.79985825054482],[-76.89346678648775,38.79791250405834],[-76.89540689722702,38.79889153158917],[-76.8971047108729,38.79746831328549],[-76.89785561306752,38.79961231259237],[-76.89853631792438,38.79870550483425],[-76.89971764607145,38.79922801824373],[-76.90040620010367,38.79663365170647],[-76.90133717432577,38.79644148890486],[-76.90092258348966,38.794687874708686],[-76.9028705271382,38.7939792367888],[-76.90228380814418,38.792874222647804],[-76.90330077811184,38.79235774792109],[-76.90322253960073,38.79099449793618],[-76.89840377420126,38.790916353926875],[-76.89475017246319,38.794735677622114],[-76.89237968866529,38.795378092794316],[-76.8921133165179,38.79803851175587],[-76.89118229762263,38.798230605221065],[-76.89033738688813,38.79809840265339],[-76.89153480879743,38.79524589843429],[-76.89027560463039,38.79336004868687],[-76.8890863019733,38.794524992712624],[-76.88781900709202,38.79432666531219],[-76.88687983587573,38.79620627377552],[-76.88189675190297,38.79508851280806],[-76.88190505542737,38.79340096595736],[-76.87743921818564,38.79033732685534],[-76.88107686239061,38.78989360738607],[-76.88199950077342,38.79138913634344],[-76.88520653445818,38.79256671005529],[-76.88833570985183,38.79238094125656],[-76.88699051924156,38.790819346010274],[-76.88885238505163,38.79043521539755],[-76.88480058942666,38.78912549612887],[-76.88303314751549,38.78749773607599],[-76.88346380111673,38.78587631716177],[-76.8852394388964,38.7858165249367],[-76.88826590687839,38.789330135194355],[-76.89130883786973,38.78946857861741],[-76.89198145973805,38.790249354477844],[-76.89299846604266,38.78973296451571],[-76.89181733976014,38.78921038745941],[-76.89207562315367,38.78823751777605],[-76.88954124245069,38.78784091144321],[-76.88946326587245,38.786477653345],[-76.89622154822898,38.787535159081656],[-76.89629965221663,38.78889841305133],[-76.89689420484491,38.78831590810752],[-76.89849776138414,38.78890451222025],[-76.89875595461612,38.78793162862776],[-76.90103222770671,38.78930093521114],[-76.90255761583795,38.7885262356776],[-76.90407518167095,38.78943906480825],[-76.90509209107526,38.788922575530115],[-76.91016112415039,38.78971509959759],[-76.90745454137736,38.789967465030784],[-76.9076111772788,38.792693959511446],[-76.90626556834624,38.79113257371089],[-76.90482620606564,38.79158302021299],[-76.9048889319016,38.796321366070075],[-76.90319910805596,38.79605714230927],[-76.90387191792345,38.79683785403592],[-76.9025967176276,38.79832722667075],[-76.90513153359086,38.798723566083105],[-76.90563229603755,38.80015286712038],[-76.90343384733767,38.80014689463321],[-76.90384852956991,38.801900501329364],[-76.90197076983037,38.80565995735749],[-76.90213507144243,38.8066989125324],[-76.90441977774461,38.8063806089988],[-76.90416159475204,38.80735350610743],[-76.90560127233722,38.80690306665332],[-76.90711925859831,38.807815860062114],[-76.90549193912102,38.81229001928767],[-76.90371567348106,38.81235010218283],[-76.9010003647492,38.81428987846267],[-76.89855112504696,38.8135691586213],[-76.89609395650034,38.81453594135283],[-76.89508462709865,38.81336480699386],[-76.89602380781227,38.81148513316761],[-76.89890340881097,38.81058442641789],[-76.89713513220576,38.808956864411606],[-76.89636821449957,38.81018795902613],[-76.89340248345869,38.81141289841773],[-76.89348056032436,38.812776157281654],[-76.89161814857995,38.81316035832713],[-76.89049846185524,38.817376129702076],[-76.88736003966665,38.8192495048048],[-76.88482460691453,38.818852800722844],[-76.88398772681701,38.81703300361544],[-76.87993454091577,38.815723121728354],[-76.87884764786772,38.81318858726403],[-76.87656261679224,38.813506419124764],[-76.87415742293284,38.820898687820964],[-76.87765783935194,38.81435342372677],[-76.87908944792942,38.81559084217129],[-76.8783221558649,38.81682182580524],[-76.88043492625965,38.81715252701914],[-76.87958145601579,38.81870780144201],[-76.88042658601312,38.81884007768279],[-76.88136621500739,38.81696051402129],[-76.88135789633219,38.81864806471485],[-76.8843937888361,38.82047422954009],[-76.88107438564765,38.824683569166105],[-76.88403260591944,38.82514647540321],[-76.8838602590702,38.82579504639478],[-76.88166103916645,38.825788687268414],[-76.88131629718086,38.827085822540745],[-76.8808770213075,38.83039479323307],[-76.8830680994342,38.83208871943599],[-76.88602663278958,38.83255157840553],[-76.88756126191278,38.83008950707618],[-76.88856254841593,38.83294825843604],[-76.89228032768636,38.83386747276408],[-76.89296142166815,38.8329606925306],[-76.89490245818277,38.83393973142807],[-76.899223183946,38.83258868220237],[-76.90294107924545,38.8335075764989],[-76.90455346224898,38.83240855000446],[-76.90347327315217,38.828186673278445],[-76.90178271600722,38.827922429351474],[-76.90196275148968,38.82558627975592],[-76.90018615907212,38.82564631210359],[-76.90035836036746,38.824997718412384],[-76.89799487691806,38.823952689892195],[-76.89579571136298,38.82394658176305],[-76.89418338347915,38.82504549327271],[-76.89308780841367,38.824198633925285],[-76.89207032207851,38.824715026362604],[-76.89046602997463,38.824126336922795],[-76.89038799731007,38.822763074592224],[-76.89250099452829,38.823093570140166],[-76.89275938880557,38.82212069581772],[-76.89064641860453,38.82179020471178],[-76.89141355490911,38.82055914410317],[-76.88938677908983,38.819904341017356],[-76.89236098715389,38.81699194533392],[-76.89489639619684,38.81738849503933],[-76.89524085081348,38.816091323267955],[-76.89683704423311,38.81836750203506],[-76.89437969129673,38.81933425121899],[-76.89412132850728,38.82030712864463],[-76.89698538665674,38.822781569907775],[-76.89791670369713,38.82258943233407],[-76.89783853339883,38.82122617491756],[-76.89598390957354,38.8199228896718],[-76.89809684985582,38.8202532896463],[-76.90070275376881,38.82370053044218],[-76.90315235500779,38.824421208463725],[-76.90332452702883,38.8237726107307],[-76.90459237577728,38.823970779969365],[-76.90381762620362,38.82688947621751],[-76.90524992475379,38.82812659376071],[-76.90666680315768,38.83273880418758],[-76.91208313068056,38.83223404638554],[-76.91368777565195,38.83282245627837],[-76.91538602250357,38.83139898244236],[-76.91656800104342,38.83192133677552],[-76.9189394596447,38.83127845610209],[-76.92402625346116,38.8286953052069],[-76.92377559151677,38.8279806900892],[-76.92589618035458,38.826623060959285],[-76.92826015009696,38.82766755724563],[-76.92629699336607,38.831751708335325],[-76.92798772806952,38.83201561774083],[-76.92848916717604,38.833444831078204],[-76.93398425308196,38.834302355182615],[-76.93482257912217,38.83612181742116],[-76.93642749311668,38.83670993293915],[-76.93431390240235,38.836380186422346],[-76.93363329083087,38.83728719429501],[-76.93270901271491,38.8357920435398],[-76.9308462199329,38.83617683548371],[-76.92485695304325,38.832202389557544],[-76.92400425425393,38.83375797239839],[-76.92239950545141,38.83316969610455],[-76.91638841786735,38.83425750912981],[-76.9157936463734,38.83484011035189],[-76.91790710865254,38.835170172831255],[-76.91789963364323,38.83685772905402],[-76.91585712219793,38.83957847123155],[-76.9172748942062,38.84419056593224],[-76.91134889641887,38.84495382632431],[-76.912115926863,38.84372263448032],[-76.91440174982303,38.84340414554481],[-76.9145889714314,38.839380416988554],[-76.91222481780238,38.83833565846644],[-76.91510527906378,38.837434572450825],[-76.91486221998053,38.83503238260646],[-76.91206791132905,38.83560915736857],[-76.90386471794535,38.83500294894529],[-76.90293325802377,38.83519513149811],[-76.90326202647209,38.83727304546531],[-76.90233837137599,38.83577766816217],[-76.90022496199647,38.83544734001813],[-76.89987261220178,38.838432083651114],[-76.89749280511091,38.840762155391744],[-76.89799370654629,38.842191493455694],[-76.89714827400195,38.84205933678022],[-76.8952771341431,38.84413115029504],[-76.8954414270649,38.8451701184924],[-76.90016976426693,38.84726023271365],[-76.90016187741669,38.84894779005761],[-76.89855698669467,38.8483592039063],[-76.89753920188578,38.84887564261187],[-76.90074901554976,38.85005282059952],[-76.90049062889244,38.8510257145002],[-76.8919572822052,38.84834079220186],[-76.89127603203833,38.84924756842716],[-76.89279472066235,38.85016054149303],[-76.89253622746605,38.8511334188122],[-76.88610044889371,38.85215366773785],[-76.8845038509419,38.849877342408284],[-76.88027639554566,38.8492160404604],[-76.87943928042546,38.847396206756706],[-76.88283772401306,38.84455017086916],[-76.88242330457808,38.84279648616158],[-76.88614150864795,38.84371588573147],[-76.88715930215578,38.84319954096073],[-76.88759019301678,38.8415780986393],[-76.88445890417329,38.84176384948949],[-76.88733984393157,38.84086340885069],[-76.8876927185252,38.83787870011257],[-76.88693352931361,38.8374221852379],[-76.88889089718936,38.8350262100254],[-76.88559576050137,38.83417301371388],[-76.88398305276402,38.83527179360208],[-76.88161947102137,38.834226451459884],[-76.87958404164337,38.83525904063481],[-76.88035985014295,38.832340493512774],[-76.87495176421264,38.83115631129351],[-76.87376160027411,38.83232111247117],[-76.87451217498425,38.83446526082293],[-76.8762027849338,38.834729877161664],[-76.87534901866597,38.836285125258264],[-76.87610812350015,38.83674171107607],[-76.87584945522727,38.83771455213492],[-76.87322720791802,38.83764189009097],[-76.87355514075871,38.83971988335114],[-76.87245105748644,38.84056039418514],[-76.87076889238959,38.838608172678164],[-76.86983729923071,38.838800106409906],[-76.87102763162153,38.83763534213687],[-76.87019945938913,38.834127895301734],[-76.87197628306916,38.834068293062934],[-76.87223499008259,38.833095460471824],[-76.87088083038418,38.8332212364872],[-76.87038052206405,38.831791790223306],[-76.86877624941557,38.831202819393454],[-76.86614557098333,38.83281755978873],[-76.86436877301962,38.83287707837663],[-76.8634285007695,38.83475651613677],[-76.8636960536308,38.83209614920787],[-76.86564535826204,38.83138809446052],[-76.86599039935055,38.83009100224275],[-76.86083275946477,38.82962093582646],[-76.86109159936466,38.828648126973846],[-76.86278202573062,38.828912926327526],[-76.86295456741938,38.828264384473904],[-76.86819837234366,38.82841008785846],[-76.86769814961536,38.826980631482826],[-76.86930232066773,38.82756961601668],[-76.86895735042224,38.8288667171171],[-76.87124289597287,38.828549025097324],[-76.87478779481215,38.83011731751126],[-76.87648673789472,38.82869437756204],[-76.87885006673886,38.82973981703812],[-76.88012630134496,38.82825068437649],[-76.87945345589412,38.82746984118258],[-76.87767679910998,38.827529550642886],[-76.87946181964745,38.82578228908937]],[[-76.89274079300264,38.843734607259265],[-76.89528513353892,38.842443594158404],[-76.89546541307519,38.84010745040607],[-76.89809570505236,38.838492086094895],[-76.8982758847667,38.83615593925022],[-76.8996300516533,38.836029863690364],[-76.8904092597339,38.835939210915726],[-76.89006462539146,38.83723637192388],[-76.89141073823973,38.838797941030215],[-76.88887460365805,38.8384013190641],[-76.88852177491937,38.8413860313376],[-76.89021259617873,38.841650456650214],[-76.88816891729103,38.84437074357391],[-76.89163687014226,38.844575289448606],[-76.89391477812332,38.845944734759236],[-76.89400896012395,38.8439328852663],[-76.89274079300264,38.843734607259265]],[[-76.8632658054502,38.81716627007219],[-76.86386085232779,38.81658392223863],[-76.86343831504695,38.816517728327746],[-76.8632658054502,38.81716627007219]],[[-76.86267950003494,38.81606106582844],[-76.8620844479905,38.81664340795447],[-76.86250698477066,38.81670960648589],[-76.86267950003494,38.81606106582844]],[[-76.86225696685555,38.81599486789004],[-76.86209321238894,38.81495585893189],[-76.86183443444318,38.81592866851032],[-76.86225696685555,38.81599486789004]],[[-76.86580974075747,38.81587586603432],[-76.86515454951137,38.81171984839538],[-76.86448201684684,38.8109389251893],[-76.86327454257685,38.815478720877216],[-76.86580974075747,38.81587586603432]],[[-76.86329201561726,38.812103623342786],[-76.8638007744715,38.81184554672603],[-76.86337826469553,38.81177935264159],[-76.86329201561726,38.812103623342786]],[[-76.88139948585888,38.81021031410273],[-76.88226941118623,38.805279930605195],[-76.87864776710785,38.802348589341214],[-76.87702724098594,38.80513482335489],[-76.8804932971802,38.80533968033111],[-76.88006246263417,38.80696109189343],[-76.88107146221495,38.80813234794339],[-76.88046828338656,38.81040232722151],[-76.87953707601146,38.81059433334079],[-76.88139948585888,38.81021031410273]],[[-76.89088348546764,38.80764121857473],[-76.8914863173409,38.80537118918927],[-76.88988245538957,38.80478249332922],[-76.88793409708228,38.80549092759942],[-76.88852885175645,38.80490846192279],[-76.8884508758538,38.80354520099212],[-76.88513247720492,38.8077546422388],[-76.88876279695303,38.80899824550738],[-76.89088348546764,38.80764121857473]],[[-76.89825430612711,38.804741036558404],[-76.89978004663828,38.8039663701232],[-76.90038257128818,38.80169629824309],[-76.89869263925709,38.80143201283505],[-76.89843439739593,38.80240489753224],[-76.89716694020672,38.802206665680536],[-76.89733116561976,38.80324562688056],[-76.89546901748841,38.803629885483225],[-76.89605571975734,38.804734933052956],[-76.89715898875838,38.80389421494864],[-76.89825430612711,38.804741036558404]],[[-76.90197861015213,38.803972407493745],[-76.90248717538,38.803714172152404],[-76.90206467763093,38.803648110131306],[-76.90197861015213,38.803972407493745]],[[-76.87055193116413,38.798040800538836],[-76.87015522219373,38.79291199086017],[-76.86869838432742,38.796737109683924],[-76.86700868205794,38.79647239193524],[-76.86761216450556,38.79420248129481],[-76.86661223070287,38.79134357166242],[-76.86568123013434,38.791535473224165],[-76.86450897582996,38.78932509043672],[-76.86315561521877,38.78945078144166],[-76.86255203341989,38.79172066934628],[-76.86584498313123,38.79257447507988],[-76.86581895715139,38.79763711273737],[-76.87055193116413,38.798040800538836]],[[-76.88562073546443,38.79432037651127],[-76.88612929130232,38.79406220860325],[-76.88570686426905,38.79399609082334],[-76.88562073546443,38.79432037651127]]],[[[-76.84818205401925,38.822571529930826],[-76.84741416682552,38.823802322862235],[-76.84598293460218,38.822564537252404],[-76.84366989222882,38.82794441095957],[-76.84663713063026,38.82672066083356],[-76.84561013316552,38.828924221669986],[-76.84645531989328,38.82905672988303],[-76.8484137930331,38.82666139665167],[-76.84925895862816,38.82679388570092],[-76.84924989579116,38.82848143584708],[-76.85026773781482,38.82796539506265],[-76.84976786963131,38.826535866359016],[-76.85069935891636,38.82634408381888],[-76.85128556543249,38.827449345941176],[-76.85477048021889,38.82427982347352],[-76.85646078236917,38.82454470898226],[-76.85442526705893,38.82557688363829],[-76.85534781029705,38.82707261642969],[-76.85450263041035,38.826940168928125],[-76.85338955389277,38.82946805940801],[-76.85161282715165,38.829527394986066],[-76.85228539343008,38.83030838956548],[-76.84982704769243,38.83127425575875],[-76.84957710412905,38.83055949049523],[-76.84653253792969,38.83042002064225],[-76.84341082241167,38.82891718331438],[-76.84204746085436,38.83073019414565],[-76.84407411223235,38.831385772659054],[-76.84381503558083,38.832358546211296],[-76.84212459825105,38.832093487891655],[-76.8409431505768,38.831570423293314],[-76.84163410098466,38.82897637574004],[-76.84256564283429,38.82878465432729],[-76.84206592002619,38.827355094420206],[-76.84325650913013,38.82619059848006],[-76.843783815608,38.82255750552315],[-76.84606927301672,38.82224027827026],[-76.84548318742925,38.821134992054745],[-76.84625107912628,38.819904211433226],[-76.84700983124364,38.82036097477407],[-76.8469326149356,38.81899768573072],[-76.84971775065009,38.82010993025121],[-76.85158956825288,38.81803881038286],[-76.85243463969249,38.81817127764301],[-76.85073547252546,38.81959388606813],[-76.85046749273157,38.82225422150998],[-76.84818205401925,38.822571529930826]],[[-76.84845011834857,38.81991119934889],[-76.8479412489117,38.820169213100016],[-76.84836379327726,38.82023545991347],[-76.84845011834857,38.81991119934889]],[[-76.85047652661963,38.82056667236107],[-76.84996765977844,38.82082469445623],[-76.85039020978253,38.82089093435986],[-76.85047652661963,38.82056667236107]]],[[[-76.85394000724745,38.83732351560125],[-76.84718683576583,38.83457614473591],[-76.8456598961963,38.83535016534555],[-76.84691867142622,38.83723647666502],[-76.84598703304012,38.83742823098983],[-76.8422881066592,38.83313252507169],[-76.84423764683352,38.832424807187444],[-76.8444967180825,38.831452032744416],[-76.84644619189004,38.83074428022311],[-76.84762766565166,38.83126729228258],[-76.8464370634643,38.83243183086234],[-76.84753222029252,38.83327910352697],[-76.85209475698204,38.83433201917513],[-76.85192210434191,38.83498054631086],[-76.85589845654252,38.83492806192775],[-76.85377632339696,38.836284493346795],[-76.85394000724745,38.83732351560125]]],[[[-76.83567303671639,38.85134993285729],[-76.83854564398699,38.85213817965982],[-76.84031365959355,38.85376658549302],[-76.83575007671854,38.85271323362744],[-76.83515451037135,38.85329544859748],[-76.83567303671639,38.85134993285729]]],[[[-76.83367577468572,38.86049528861808],[-76.8331571299675,38.86244079801821],[-76.83442546022863,38.86263968637588],[-76.83568441600664,38.86452611758228],[-76.83364748989597,38.86555795525472],[-76.83204277097208,38.864968506470774],[-76.83367577468572,38.86049528861808]]],[[[-76.8701664860978,38.890532040142965],[-76.86882848989735,38.88728266769363],[-76.86569518910014,38.88746794523822],[-76.86586784352045,38.886819395003926],[-76.8625706342536,38.88596558113208],[-76.86104278118138,38.8867397959358],[-76.85986031164582,38.88621690853507],[-76.85790061398903,38.88861243897354],[-76.85527655281867,38.88853939650913],[-76.85179759827759,38.8900213938425],[-76.85162481102503,38.89066992472723],[-76.85373960164786,38.89100108416127],[-76.85339405399304,38.89229815131395],[-76.85888384544165,38.89484657620935],[-76.85871110982617,38.89549511736063],[-76.85414464716267,38.89444243790209],[-76.85397187031772,38.8950909724159],[-76.85978970269987,38.8997174169055],[-76.86410625302258,38.90005514739869],[-76.8666617363791,38.89707714881256],[-76.86783578988796,38.89928753730169],[-76.87130629985766,38.89949265368783],[-76.8705379925596,38.90072360085314],[-76.86240540385674,38.901477929281974],[-76.86138662068208,38.90199407421233],[-76.86120509508072,38.904330185324376],[-76.8593578491817,38.90133877358582],[-76.85522295978544,38.898664776613344],[-76.85590512076814,38.89775819338732],[-76.85294413088873,38.897294611408945],[-76.85353991474733,38.896712307878076],[-76.85000128698418,38.89345583214863],[-76.85034690053054,38.89215877426728],[-76.84915534672386,38.89332334715123],[-76.84721334310026,38.89234358472976],[-76.84711780628515,38.8943554098315],[-76.84855955553557,38.89390562936152],[-76.85205310741891,38.905599970320104],[-76.85323583555585,38.90612293347367],[-76.85289020719556,38.907420001709276],[-76.85086136102008,38.90676456159001],[-76.85016094933408,38.91104625084711],[-76.851075456342,38.91422959772448],[-76.85276783255576,38.91449453644928],[-76.8519900432925,38.917412939189475],[-76.85325938227155,38.91761163611889],[-76.85291369980922,38.9189087063721],[-76.85096192890168,38.91961656811399],[-76.85086645986216,38.92162840319547],[-76.84781808404763,38.921488963472285],[-76.84629847201988,38.92057543117303],[-76.84417366437938,38.92193171206019],[-76.8439915369201,38.924267804041115],[-76.84145268444662,38.923870207101416],[-76.84213525294041,38.922963696675886],[-76.84070216168286,38.921725835503494],[-76.84113455140267,38.920104539528104],[-76.84334582689468,38.91842405028874],[-76.8456342945326,38.91810682751042],[-76.8465761019975,38.916227506162684],[-76.84767252045789,38.91707478605017],[-76.84929666004926,38.9142889006853],[-76.84735409552698,38.913309137841914],[-76.8459119547486,38.913758905408855],[-76.84574821364879,38.91271986308158],[-76.8436328287732,38.91238856638711],[-76.84193129170971,38.91381106961646],[-76.8406620498778,38.91361225682941],[-76.84126732391519,38.911342444771755],[-76.83915199942705,38.91101107169197],[-76.83814224889609,38.909839460382784],[-76.84212269760148,38.909787417846225],[-76.84280512579102,38.90888090542122],[-76.84170888728453,38.90803358340745],[-76.84323739245647,38.9072596048549],[-76.84484313364426,38.907848911714936],[-76.84755431293071,38.90759791199313],[-76.84781360724746,38.90662512202164],[-76.84857327248436,38.90708188036472],[-76.84874612583522,38.906433352386344],[-76.84663090988681,38.90610210710991],[-76.84562110711649,38.90493055745605],[-76.848928056229,38.90409725890541],[-76.84816841989239,38.90364050291171],[-76.84936015823419,38.902475937994986],[-76.84817751713307,38.90195293811509],[-76.84776360555072,38.90019912565515],[-76.84445682007502,38.90103239273294],[-76.84667657148997,38.89766428466262],[-76.84464805290776,38.89700874368624],[-76.84490734834263,38.89603596110793],[-76.84321542951074,38.895770915732385],[-76.84151427241959,38.897193410197296],[-76.84354276794458,38.89784900246761],[-76.84311056391473,38.89947030214388],[-76.8396308398921,38.9009519600298],[-76.84012173607992,38.904069106260515],[-76.83698764038785,38.90425365851227],[-76.83570919243797,38.90574235969208],[-76.83410357158789,38.9051529347015],[-76.83437245394563,38.90249260929382],[-76.83565087218126,38.90100392251826],[-76.83691988065927,38.901202786277146],[-76.83726576386572,38.89990576361368],[-76.83710217722097,38.89886671173057],[-76.83557378296712,38.89964061381426],[-76.8345642475834,38.898468975079076],[-76.84169641162985,38.894857330082054],[-76.84324306118685,38.89070822855372],[-76.83901361162633,38.89004551549458],[-76.84029171663477,38.88855678319171],[-76.837331200078,38.88809282883121],[-76.83514889824322,38.884710522687584],[-76.83455306555614,38.88529273695263],[-76.83252500048317,38.884636998613615],[-76.8314967599017,38.88684045688198],[-76.83092936472178,38.88235997457581],[-76.82763276686961,38.881505231828875],[-76.82918946744742,38.87566875473334],[-76.83053498546502,38.87723099189432],[-76.83222642770741,38.87749620973311],[-76.8332639534394,38.87360519013174],[-76.83529171815252,38.87426091550978],[-76.83936595262949,38.872197150635834],[-76.84039374868652,38.869993630977284],[-76.8414893997045,38.870840960632975],[-76.84251711243363,38.86863742371588],[-76.84343075338053,38.87182081017247],[-76.84429480002511,38.86857821835553],[-76.84684086571838,38.86728819682849],[-76.84674535146581,38.8693000155423],[-76.84852305178188,38.86924074952111],[-76.85071454567974,38.87093525532204],[-76.85384717373198,38.87075035684487],[-76.85468391801237,38.87257036828044],[-76.85349275379485,38.87373498007783],[-76.85509783921343,38.8743241516682],[-76.85542542015351,38.87640220154322],[-76.85703057994549,38.87699134828926],[-76.8558393809658,38.878155983256065],[-76.85406146911508,38.87821535429464],[-76.85422525121875,38.87925438112978],[-76.8529565777575,38.87905569505527],[-76.85294759405375,38.880743255395885],[-76.85421629687181,38.880941941602714],[-76.85353427230608,38.88184851364778],[-76.85226555556333,38.88164982043755],[-76.85250670642357,38.88405214540146],[-76.85826378712585,38.88394023605508],[-76.86039603627583,38.88089615910314],[-76.85812652960857,38.87783853154217],[-76.85880845951293,38.876931934666466],[-76.85678040892377,38.876276593887034],[-76.85687565528671,38.87426476579079],[-76.85857597728547,38.872842064541544],[-76.85317421749653,38.869969367226936],[-76.85394249384329,38.868738532320485],[-76.85572017460461,38.86867916305709],[-76.85572909262315,38.8669916049358],[-76.84992318184749,38.86067743182437],[-76.85220980780089,38.8603600899468],[-76.85338283158615,38.86257060548438],[-76.85541047025639,38.86322600080907],[-76.85666997927817,38.86511221888364],[-76.85853390265918,38.864728541343176],[-76.86195151685398,38.85850795929074],[-76.86136489883262,38.85740274391802],[-76.85857816049932,38.856290756872184],[-76.86264197495673,38.85591378695848],[-76.86265948697731,38.85253867500138],[-76.8603819602384,38.85116865404442],[-76.85885481323196,38.851942838713676],[-76.85818197696973,38.851161877977056],[-76.85395468605056,38.850499677771715],[-76.85276387082469,38.85166427960155],[-76.85302289667078,38.850691485293794],[-76.84871839877489,38.848665816853305],[-76.84889111232634,38.84801729321899],[-76.85328191560379,38.84971869055006],[-76.85590457739636,38.84979177492229],[-76.85700899123948,38.84895141072936],[-76.8558360766417,38.84674093291874],[-76.85971793820303,38.848700146783706],[-76.86058098639168,38.84545745000738],[-76.86114991674751,38.84993777710554],[-76.86241810578932,38.85013637864098],[-76.86557587370017,38.84488852006115],[-76.86606750172207,38.84800554264021],[-76.86291838387471,38.851565859914444],[-76.86476451457419,38.854557200721736],[-76.86322860035874,38.85701899609774],[-76.86567895062139,38.857740417888415],[-76.86313355187802,38.85903082502727],[-76.86422058207764,38.86156550986427],[-76.86244308174368,38.86162500102148],[-76.86217537474965,38.86428537394649],[-76.86031148187219,38.8646691062427],[-76.86004368588769,38.867329475500156],[-76.85800702636426,38.86836171390272],[-76.85766166200021,38.86965878940078],[-76.85986220358076,38.86966557471709],[-76.85968070963885,38.87200167430957],[-76.86111314541671,38.87323930836963],[-76.86340011677655,38.872921759520224],[-76.86391802870745,38.87097612125319],[-76.86594599597053,38.871631344818006],[-76.86662777051806,38.87072470558994],[-76.86840548937504,38.87066515433728],[-76.86858670032602,38.86832904234424],[-76.8686643739651,38.86969232521955],[-76.86984663854822,38.87021512759045],[-76.87045064322513,38.867945185409596],[-76.87146033263689,38.869116527465216],[-76.87281515829483,38.8689907446062],[-76.87299622373857,38.866654626625966],[-76.87332428053952,38.86873262727116],[-76.87543853313835,38.869063415617354],[-76.87824281083999,38.86679990540983],[-76.88010666376391,38.86641590330257],[-76.87867403959046,38.865178489798964],[-76.88138351491233,38.864926751653385],[-76.88096901460806,38.86317305805854],[-76.88215956714016,38.86200818365542],[-76.88081322384778,38.86044650998789],[-76.87718047733006,38.8592026668015],[-76.8770164130702,38.85816367277405],[-76.87364261444907,38.855946880625396],[-76.872288032659,38.85607267234319],[-76.87296958280392,38.85516599985684],[-76.87120080385547,38.853538059873884],[-76.87264159716864,38.85308800150854],[-76.87341787335306,38.85016949220192],[-76.87383211805772,38.851923208457805],[-76.87585964437011,38.85257826834667],[-76.8751696882638,38.855172513334594],[-76.87694702085045,38.85511283965532],[-76.8776979239508,38.85725697406339],[-76.87997596634735,38.858626677610275],[-76.88252105276887,38.857335924550675],[-76.88431494171331,38.85390102994979],[-76.88617022139604,38.855204494695876],[-76.89082897124024,38.85424414009753],[-76.88268519362936,38.858374911189514],[-76.88183128871988,38.85993020802805],[-76.88284104998732,38.861101456257884],[-76.88936385447907,38.85975708514052],[-76.88962242059992,38.85878421349362],[-76.89156409994531,38.85976330749802],[-76.89486847422565,38.85892878820645],[-76.89274636769308,38.86028589077886],[-76.88868246534622,38.86066384827115],[-76.88800105925961,38.86157060774898],[-76.88427366476704,38.86233882100048],[-76.88410123211732,38.86298739496854],[-76.88536971071791,38.86318576184791],[-76.88350596812694,38.863569842974194],[-76.88265201986863,38.86512514639851],[-76.88348941884192,38.86694496205638],[-76.88171180307157,38.86700472966711],[-76.88128063109858,38.86862615619419],[-76.87865726617188,38.86855360886347],[-76.87822601707747,38.87017502505563],[-76.87543007125524,38.87075097553081],[-76.87466213661996,38.87198194391589],[-76.87365235604848,38.87081062755394],[-76.86907861525165,38.87144606129589],[-76.86780139845256,38.87293508727618],[-76.86560075741333,38.87292844293726],[-76.86423712456597,38.874741706912175],[-76.8615272251417,38.87499307041875],[-76.86176865929649,38.87739537542206],[-76.86345147865174,38.87934772778493],[-76.8665844359969,38.87916250714563],[-76.86590258196476,38.8800691470479],[-76.86759421869026,38.880333882264246],[-76.86844866655149,38.87877867983245],[-76.86988138446047,38.880016213541175],[-76.87115868286921,38.878527164864536],[-76.87411902596996,38.87899031071447],[-76.8721685302879,38.87969850262333],[-76.87224628305844,38.88106178509866],[-76.87064091060098,38.88047283514121],[-76.86758557382838,38.88202144390677],[-76.86420223437834,38.88149195004834],[-76.86359792275515,38.883761865441656],[-76.86266573341157,38.8839537462347],[-76.86926004936447,38.88566128088068],[-76.86951037502621,38.886376010898104],[-76.86976930068515,38.88540317763571],[-76.8720566160939,38.885085468576605],[-76.8712021712837,38.886640697073986],[-76.87272138774912,38.88755392019336],[-76.87043399774753,38.887871641615696],[-76.87118504679752,38.89001582381052],[-76.8701664860978,38.890532040142965]],[[-76.85349275379485,38.87373498007783],[-76.85256066610987,38.87392678463784],[-76.85340638740337,38.874059246084016],[-76.85349275379485,38.87373498007783]],[[-76.85884384710339,38.87018169673688],[-76.85909401744011,38.87089644645628],[-76.85926669134504,38.87024790671265],[-76.85884384710339,38.87018169673688]],[[-76.87043399774753,38.887871641615696],[-76.87009734986925,38.887481191491915],[-76.87001104108302,38.88780546960449],[-76.87043399774753,38.887871641615696]],[[-76.84894184176373,38.91727352716657],[-76.85072071123956,38.917214229271856],[-76.84902827927694,38.91694926251139],[-76.84894184176373,38.91727352716657]],[[-76.8399087930175,38.89660406102933],[-76.84041822479152,38.896346078037766],[-76.83999524621224,38.89627980353815],[-76.8399087930175,38.89660406102933]],[[-76.8457807678522,38.8911057871454],[-76.84654025852943,38.891562557045674],[-76.8467130931576,38.89091403317748],[-76.8457807678522,38.8911057871454]],[[-76.84520329710578,38.88831292925906],[-76.84901883430305,38.88722162556449],[-76.84860498615343,38.8854678191453],[-76.8500465503664,38.88501802187473],[-76.84870955265345,38.88176843452133],[-76.84896873963649,38.88079564528079],[-76.85125600105897,38.880478320259],[-76.85135140543272,38.87846649539798],[-76.84991903270375,38.877228747739366],[-76.851110311142,38.8760641698073],[-76.84958254391955,38.876838242412134],[-76.8475545789175,38.87618275067018],[-76.84787285197349,38.879948380748196],[-76.84618129588468,38.87968337637475],[-76.84592207564582,38.88065615965482],[-76.84456698673016,38.880781648658626],[-76.84222095889568,38.876360430684514],[-76.8431715243935,38.872793586784624],[-76.84105731016766,38.872462247790985],[-76.84037520127065,38.873368746494144],[-76.83757883401081,38.87394384314523],[-76.83468656598674,38.87653068785943],[-76.83493652116941,38.87724548686289],[-76.83409079648766,38.87711289932561],[-76.83425429135912,38.87815195239153],[-76.8359457685132,38.878417119498515],[-76.83525414679677,38.88101114979392],[-76.84243407967831,38.88382545320545],[-76.84520329710578,38.88831292925906]],[[-76.85822174085034,38.87582670203599],[-76.85881730702515,38.875244374676974],[-76.85839443420024,38.87517816312857],[-76.85822174085034,38.87582670203599]],[[-76.85154219837747,38.87444284691359],[-76.85205143404673,38.87418481681802],[-76.85162857351851,38.87411858219183],[-76.85154219837747,38.87444284691359]],[[-76.87416013238995,38.854001203382026],[-76.87475539291508,38.853418800911875],[-76.87433263223102,38.853352643915386],[-76.87416013238995,38.854001203382026]],[[-76.87365961714613,38.85257176712344],[-76.87416862172783,38.852313646805285],[-76.87374586798562,38.85224748781476],[-76.87365961714613,38.85257176712344]]],[[[-76.82669108534773,38.898248198663815],[-76.82735443984419,38.90071689736608],[-76.83013288589024,38.90351715599035],[-76.83020036351193,38.90656803283307],[-76.83180598396946,38.907157508479095],[-76.83179650678407,38.90884507318025],[-76.82874870252714,38.90870516492647],[-76.82797957893332,38.90993584967702],[-76.82307616247327,38.9084914574415],[-76.82164367985713,38.907253378407866],[-76.82180706482441,38.90829245179272],[-76.82112438083969,38.909198848552776],[-76.82036486567968,38.908741921921205],[-76.82330728986724,38.89771758745101],[-76.82669108534773,38.898248198663815]]],[[[-76.82312399175075,38.91491747044565],[-76.81837389716446,38.91619952925963],[-76.81889331956214,38.9142540688545],[-76.82007595006738,38.91477734889403],[-76.82126831974863,38.91361305238201],[-76.82482592194184,38.913495225121245],[-76.82644125377328,38.912397205456465],[-76.8276239083514,38.912920413377606],[-76.82507590720601,38.91421004732714],[-76.82608550813502,38.9153817657066],[-76.82312399175075,38.91491747044565]]],[[[-76.86303264143862,38.94379958191867],[-76.8636199809156,38.94490480156117],[-76.86116671742784,38.94418333101245],[-76.8613395466842,38.94353478223348],[-76.86303264143862,38.94379958191867]]],[[[-76.8326589710261,38.98160963412008],[-76.8292712556629,38.98107917958034],[-76.82995451251081,38.98017272876912],[-76.82732717786293,38.9800990937311],[-76.82809705405319,38.978868400846395],[-76.82597982670703,38.978536799903324],[-76.82605681976074,38.97990012957983],[-76.82436301976416,38.979634823826935],[-76.82443032605818,38.982685736463125],[-76.8272213829837,38.98379851019698],[-76.82577772076877,38.984248048102295],[-76.8260183371288,38.98665045847836],[-76.83313120002123,38.98810201045464],[-76.83294855238648,38.990438108578324],[-76.83066726871799,38.98906751621588],[-76.82828988839749,38.98970871962304],[-76.82811665488082,38.990357226751804],[-76.83099466849212,38.99114566335507],[-76.83123547992577,38.99354806618335],[-76.82885795820617,38.9941892809203],[-76.82859809836569,38.99516204341721],[-76.82469960768259,38.99488940098419],[-76.82545041352233,38.99703389226952],[-76.82274552403159,38.99559682640095],[-76.8199443194863,38.99617153487844],[-76.82071449063362,38.99494088473634],[-76.81894348312349,38.99331216830581],[-76.81665253370764,38.993628901918235],[-76.8154785129991,38.99141799953713],[-76.81386126134312,38.99251588882176],[-76.81360120697597,38.99348861965714],[-76.8149584484036,38.99336346725347],[-76.81519873764775,38.99576590199252],[-76.81349469467514,38.9971880320612],[-76.81323461870613,38.9981607628426],[-76.81441857248034,38.9986841032056],[-76.81296460977791,39.00082107881857],[-76.81067339787401,39.001137702456575],[-76.8108567876363,38.998801633253265],[-76.809749565928,38.9996416028594],[-76.80898917799625,38.999184600592095],[-76.81010639372573,38.99665705312998],[-76.8081521207236,38.997364249009465],[-76.80754509782878,38.999633927492866],[-76.80551408880496,38.998977736713655],[-76.80469735586762,38.99378219431832],[-76.80732516166262,38.99385630857504],[-76.80758530125112,38.992883590834246],[-76.80894254173836,38.99275850422071],[-76.80877915081834,38.99171940135873],[-76.81073326610834,38.991012196234934],[-76.81031975048673,38.989258236806066],[-76.81202366980264,38.98783615208418],[-76.81135007965844,38.98705492296432],[-76.81049314000349,38.98860975463744],[-76.8087991940321,38.98834423612041],[-76.80923269046289,38.98672303590654],[-76.80712538027699,38.984703531431656],[-76.80688539410497,38.982301085196035],[-76.80926272096778,38.981660292505495],[-76.81171673297837,38.98238279341402],[-76.81104319660898,38.98160156328366],[-76.81190998984111,38.97835914942694],[-76.81318028235117,38.97855825833602],[-76.81437380740034,38.97739401761876],[-76.81776124258734,38.97792487850121],[-76.81877160969864,38.97909666701405],[-76.82233241728335,38.97897891024931],[-76.82387228885791,38.97651758232308],[-76.82244815651666,38.97359192098999],[-76.82058125482567,38.97397506122701],[-76.81906088882205,38.97306118838791],[-76.82194783457494,38.972162253604424],[-76.82169768097538,38.97144741927007],[-76.8171269885136,38.970393365347014],[-76.8161069196395,38.970909143053895],[-76.81492340555732,38.97038582102946],[-76.81425983773633,38.96791703211879],[-76.81180628822133,38.967194583073336],[-76.81401967142232,38.965514605763296],[-76.81673310489045,38.96526427804354],[-76.82324709813973,38.9672985238557],[-76.82436332930212,38.96477086043036],[-76.82351660688462,38.96463819918719],[-76.82377642566152,38.96366545184497],[-76.82292971717297,38.96353278661848],[-76.82300663722403,38.96489611512538],[-76.8189463156724,38.9635842133329],[-76.82140953979952,38.96261894397076],[-76.81845592494886,38.96046695787748],[-76.8177057023399,38.95832243617783],[-76.81575253236909,38.95902974758943],[-76.81644559029878,38.956435799263986],[-76.81899522234615,38.95514633513625],[-76.8184950949928,38.953716657710046],[-76.81612860852785,38.95267005061025],[-76.81834145037459,38.95098999976099],[-76.81699483079285,38.94942761509762],[-76.81768775305099,38.946833663413145],[-76.8164180017542,38.94663460157085],[-76.81777436486144,38.94650941924766],[-76.81873682841149,38.94125515896602],[-76.81671717805007,38.93891158628161],[-76.8163904206369,38.93683341748791],[-76.81443781432723,38.93754070603771],[-76.81314840733144,38.940716751759595],[-76.81196540528879,38.9401934038054],[-76.81343800007183,38.93468131983357],[-76.81810279283725,38.93372369074527],[-76.8185357569683,38.932102470977945],[-76.81692969392266,38.93151282152403],[-76.81794920509294,38.930997039963934],[-76.81822856739724,38.926649172521806],[-76.8160361529436,38.924954080376246],[-76.81874806820927,38.92470371001146],[-76.81909438666416,38.92340673407926],[-76.81707521976156,38.92106317294571],[-76.81768129080136,38.918793473860056],[-76.81963336299916,38.9180861360559],[-76.82047953713915,38.9182188229343],[-76.82096973000009,38.92133605196208],[-76.82215249042694,38.921859312688845],[-76.82249873472811,38.920562327745415],[-76.82436425715791,38.92017916157634],[-76.82420080904082,38.91914008993898],[-76.8276721417985,38.91934642836086],[-76.82834528079002,38.92012756127888],[-76.82902797734774,38.919221123459536],[-76.8302107613193,38.91974430717933],[-76.83055685206155,38.91844730010716],[-76.83309545599906,38.91884511982271],[-76.83173963444855,38.918970469190356],[-76.83148008148088,38.91994322710756],[-76.83308600717194,38.92053268721433],[-76.83147059507984,38.92163079462306],[-76.82597013045407,38.920768713852574],[-76.82495081927705,38.921284560631435],[-76.82502773254055,38.92264787978525],[-76.82248904012894,38.92224989470604],[-76.82231591542195,38.922898387403414],[-76.82348903908748,38.925109203086535],[-76.82321967562935,38.92776951280385],[-76.82898025729186,38.927658963096825],[-76.83059584065712,38.92656088723689],[-76.83313472764829,38.92695870658449],[-76.83007664312102,38.928506399852274],[-76.82558545479891,38.92881598100022],[-76.82642215989476,38.930636196632214],[-76.82929779479835,38.931424665665865],[-76.83098099209224,38.93337747239089],[-76.83453012694947,38.93494693693094],[-76.83656898162826,38.93391507564188],[-76.83580911175646,38.93345824211433],[-76.83760707917125,38.930023991533574],[-76.83997313831439,38.93107018558614],[-76.84488758736259,38.93082634287139],[-76.84251223374169,38.931467813201905],[-76.84225278013987,38.93244059530389],[-76.84106970342971,38.93191752554793],[-76.83995455584491,38.934445327376864],[-76.83749253068143,38.93541096101311],[-76.83917603989953,38.937363657589586],[-76.84120563349664,38.938019291603574],[-76.83663675709624,38.936965961349],[-76.83654086948908,38.93897779013575],[-76.83898439866886,38.94138731980074],[-76.83863834901295,38.94268435445553],[-76.84066808609107,38.94333999775407],[-76.84186059421535,38.94217549872711],[-76.84270708880833,38.94230803436231],[-76.8419378461889,38.94353881128081],[-76.84345788279879,38.94445239989257],[-76.84744022007327,38.9444001864317],[-76.8461612808851,38.9458890034494],[-76.84438170706511,38.945948236164156],[-76.84623861733446,38.94725231403784],[-76.84267016990931,38.94905833092381],[-76.84239218143047,38.95340626688698],[-76.8434891111658,38.95425358811803],[-76.84780881966641,38.95459188861814],[-76.85019393793866,38.952262738277064],[-76.84977969173332,38.9505089206097],[-76.85138643984163,38.951098146204004],[-76.85145485231186,38.95414903116476],[-76.84916527697983,38.95446636293394],[-76.84779970729971,38.95627946548891],[-76.8524564272251,38.957008118560395],[-76.85168719410696,38.958238958516674],[-76.85041715096146,38.95804024436816],[-76.85083145538641,38.95979406181457],[-76.84905154541639,38.95985336164192],[-76.84870558736024,38.9611504278043],[-76.85360408086385,38.96428139609759],[-76.85699119160064,38.96481118510053],[-76.8571641070432,38.9641626402117],[-76.85783797698895,38.964943617910755],[-76.8574921513206,38.96624070953713],[-76.85520222194097,38.966558153280126],[-76.85400952779031,38.96772278465454],[-76.85612656816343,38.96805390686196],[-76.8544060518052,38.97285175511068],[-76.85566743208112,38.974738010895265],[-76.85702425133718,38.97461239891439],[-76.85692887774566,38.97662425439391],[-76.85836332610998,38.9778619377193],[-76.85597763027788,38.98019125392402],[-76.85428371449893,38.97992635652805],[-76.85359178171335,38.9825205250925],[-76.85528575536189,38.98278543203707],[-76.85596870415006,38.981878837806164],[-76.85909724116293,38.98338138816585],[-76.85773137632218,38.98519460784354],[-76.85941658048239,38.98714704388873],[-76.85864714647724,38.98837793255725],[-76.85610597697504,38.98798063194844],[-76.85544085149952,38.98551205690419],[-76.85307279974732,38.984466149659845],[-76.85193922297961,38.990369249905655],[-76.851110232518,38.98686160536924],[-76.84899266777077,38.98653039663119],[-76.84600063541298,38.99112939909286],[-76.84464348912425,38.99125489086286],[-76.84610548617057,38.98742996251412],[-76.84356441828156,38.987032405199],[-76.8402536384385,38.98786557041196],[-76.83882862537466,38.984940092043296],[-76.84188889541754,38.983392170308925],[-76.84459370923292,38.98482881629022],[-76.84519945300529,38.98255896205385],[-76.84646990983809,38.98275773033799],[-76.84697078641241,38.984187301105514],[-76.85027226335177,38.9850415414832],[-76.85163831118348,38.983228403939215],[-76.85131939156224,38.979462730478986],[-76.84988503144976,38.97822496543934],[-76.84632430547147,38.9783435127187],[-76.84615125972827,38.978992043873106],[-76.84344663210543,38.97755543311756],[-76.84106974049011,38.978196880158876],[-76.84055045456712,38.98014245106312],[-76.83784589476299,38.97870571800056],[-76.83555548749257,38.97902279976104],[-76.83541055261655,38.974608571869936],[-76.8329565675957,38.97388654032759],[-76.8319365619602,38.97440244842135],[-76.83185946457787,38.97303912352798],[-76.8300696894379,38.97478573144603],[-76.82796214674202,38.972766584465084],[-76.8265957054608,38.97457945848075],[-76.82692292378557,38.97665761174603],[-76.82870326274542,38.97659862921895],[-76.83021430069377,38.97919996568607],[-76.83209076539092,38.97712909890435],[-76.8341214041968,38.97778485262992],[-76.83292818869676,38.97894928330797],[-76.83783654832928,38.98039330016601],[-76.83749029272073,38.98169033902698],[-76.83867415292076,38.98221344669857],[-76.83841446707326,38.98318622793401],[-76.83646083105344,38.98389386795853],[-76.83687494629345,38.98564773877732],[-76.83331383592818,38.98576591290714],[-76.83315011268921,38.98472684328564],[-76.83145617448025,38.98446163414531],[-76.83247632452714,38.98394572921059],[-76.8326589710261,38.98160963412008]],[[-76.8233449428581,38.92069499511465],[-76.82368149357478,38.921085573834745],[-76.82376804807919,38.920761326634725],[-76.8233449428581,38.92069499511465]],[[-76.84344663210543,38.97755543311756],[-76.84310971415835,38.97716490490382],[-76.84302317874982,38.97748916820391],[-76.84344663210543,38.97755543311756]],[[-76.83315011268921,38.98472684328564],[-76.83374677080731,38.98414462777417],[-76.83332328794222,38.984078329697255],[-76.83315011268921,38.98472684328564]],[[-76.80927934847878,38.993149126104754],[-76.80978956482693,38.99289126548049],[-76.80936605289625,38.992824885572716],[-76.80927934847878,38.993149126104754]],[[-76.82988779579912,38.991985811546066],[-76.83039793093971,38.99172786626675],[-76.82997440698904,38.99166155668562],[-76.82988779579912,38.991985811546066]],[[-76.81660522421903,38.98720281403149],[-76.81752903919437,38.98869885968993],[-76.8187226609957,38.98753457534179],[-76.81660522421903,38.98720281403149]],[[-76.81618173918082,38.98713645743672],[-76.81593159074853,38.98642160985265],[-76.81466115343396,38.98622252886478],[-76.81491128870066,38.9869373789873],[-76.81618173918082,38.98713645743672]],[[-76.81763533396139,38.98499944871952],[-76.82154299346337,38.98358473042869],[-76.82374697680052,38.98359215720833],[-76.82273646715215,38.98242040839882],[-76.82291942249472,38.98008432819858],[-76.81673123680271,38.980128242472524],[-76.81595130075094,38.98304644623326],[-76.81764514948595,38.98331186692535],[-76.81763533396139,38.98499944871952]],[[-76.83655678006009,38.9818820260321],[-76.8356232624814,38.982073706021275],[-76.83647020984144,38.982206284994916],[-76.83655678006009,38.9818820260321]],[[-76.83437765634679,38.94708419941626],[-76.83328094068136,38.94623679849742],[-76.83539726194329,38.94656827331926],[-76.83718621559757,38.94482159576438],[-76.83618540798565,38.94196239010393],[-76.83500222014597,38.941439261781724],[-76.83552137829021,38.93949372508208],[-76.8335012365806,38.93715042629574],[-76.83180840392077,38.93688522379993],[-76.83097149237393,38.935065042945034],[-76.82927871741074,38.93479980600028],[-76.82817268144984,38.93563993193325],[-76.8272493209598,38.93414397712596],[-76.82513339789872,38.93381236387939],[-76.82590282178984,38.932581692853795],[-76.82421977907612,38.93062881742889],[-76.82134423058993,38.92984023074442],[-76.82033450549706,38.928668471491875],[-76.82090160959854,38.9331490291413],[-76.81859298832829,38.936840935727226],[-76.81967962952382,38.93937603605915],[-76.82137247590542,38.93964140417859],[-76.82017968163035,38.940805705800216],[-76.82093953010839,38.941262635541975],[-76.81999673708356,38.94314176852137],[-76.82126643724845,38.94334079363479],[-76.8200735806692,38.94450509484075],[-76.82142017527082,38.94606744499125],[-76.81971741709074,38.94748964989357],[-76.82072739329463,38.94866141723982],[-76.82045784176987,38.95132172967236],[-76.82426739488358,38.95191875256754],[-76.82171796926845,38.95320832444147],[-76.82204495227758,38.95528648401424],[-76.8245847944131,38.9556844800048],[-76.82347838695378,38.95652456655926],[-76.8245654921358,38.95905963118011],[-76.82370916436271,38.96061454753726],[-76.82582586005705,38.96094618633628],[-76.82720165506488,38.95744574844394],[-76.8296645619942,38.95648031606796],[-76.8327914643346,38.95798352375783],[-76.83268597931769,38.96168293265322],[-76.83353268406493,38.961815531267206],[-76.8321665871171,38.96362846367035],[-76.82836592034904,38.96134410525027],[-76.82750006283001,38.96458662574122],[-76.82936668728816,38.96420338195701],[-76.83088699765285,38.96511712732513],[-76.82893377345678,38.96582464693828],[-76.82891467017096,38.969199803808316],[-76.82569113802654,38.969708325212025],[-76.82559490470695,38.97172015502067],[-76.83229235614866,38.971417846600986],[-76.83298494254653,38.96882380119406],[-76.83433226425605,38.97038601668316],[-76.83797917011074,38.969943554249255],[-76.83814292903767,38.97098261517082],[-76.83364915381203,38.971292490255955],[-76.83406312958847,38.97304636710083],[-76.83981797882021,38.974622893766096],[-76.8400776153511,38.97365011085842],[-76.8418578700574,38.973590939644644],[-76.84235859294311,38.97502052703251],[-76.84405235111497,38.97528558699386],[-76.84363812186817,38.97353174289236],[-76.84508146115631,38.973081997981424],[-76.84625608534206,38.97529261404963],[-76.8445531287699,38.976715165891896],[-76.84734426433421,38.977827486065365],[-76.84887417550645,38.977053430443966],[-76.85217535114278,38.97790761926524],[-76.85287628780017,38.973625878436835],[-76.85068165132856,38.971931387553695],[-76.8520474428896,38.970118249106626],[-76.84848711705105,38.9702368582895],[-76.85078623649765,38.96823195783245],[-76.85130516382965,38.96628634759037],[-76.84630183380729,38.966854710854804],[-76.85004404307251,38.964400049843924],[-76.84784063827522,38.96439309006823],[-76.84581940892448,38.96204998358585],[-76.83852643918753,38.962935261127015],[-76.84014266151388,38.96183705544229],[-76.84285586793567,38.961586156614274],[-76.84252826248505,38.95950805003984],[-76.84633842494283,38.9601043958888],[-76.84634757166631,38.958416818188816],[-76.84482720718675,38.957503263159296],[-76.84160430421448,38.95801219705572],[-76.84101719326073,38.956906871130414],[-76.8385637493811,38.9561849523508],[-76.83933318268281,38.95495419413747],[-76.83772644704035,38.95436481211278],[-76.83688918656955,38.95254466670179],[-76.8332431457225,38.952987095987716],[-76.83358934047828,38.9516900744897],[-76.83545560219505,38.95130673982274],[-76.83351223619749,38.95032675516587],[-76.83461843367016,38.94948657988559],[-76.83437765634679,38.94708419941626]],[[-76.83613850261044,38.95040025895555],[-76.83520538762596,38.95059193490746],[-76.83596543255008,38.95104877323184],[-76.83613850261044,38.95040025895555]],[[-76.8397164768327,38.94690685519935],[-76.84022626127765,38.94664887126014],[-76.83980299061837,38.946582595658896],[-76.8397164768327,38.94690685519935]],[[-76.84107280490808,38.946781418131756],[-76.84073604210965,38.94639088523537],[-76.84064953270756,38.946715145417734],[-76.84107280490808,38.946781418131756]],[[-76.84090905860205,38.94574236473443],[-76.84378544703608,38.94653049951477],[-76.8432848920761,38.94510092382998],[-76.84090905860205,38.94574236473443]]],[[[-76.80451238983044,38.96807786199916],[-76.80638929899766,38.96600738735692],[-76.80765936082892,38.966206552406085],[-76.80783271913418,38.96555807621798],[-76.80664935155902,38.96503467569755],[-76.80690939716965,38.96406196363275],[-76.80563937481207,38.96386279097059],[-76.8061594777035,38.96191737100401],[-76.80785279902987,38.96218292449254],[-76.80817942647764,38.96426112330146],[-76.81063284110694,38.9649836437479],[-76.81019950534272,38.966604843522646],[-76.80884275472047,38.96672994338468],[-76.80864935916419,38.970753575549],[-76.80745585144294,38.97191776004726],[-76.80516552551913,38.97223428060997],[-76.80364538947609,38.97132021915731],[-76.80451238983044,38.96807786199916]],[[-76.80679252296376,38.969448930648156],[-76.80441557323252,38.970089674844466],[-76.80424217368582,38.97073814669442],[-76.80729252853695,38.97087865853835],[-76.80679252296376,38.969448930648156]]],[[[-76.79929355634853,39.004083537925816],[-76.79531825387045,39.002446621073936],[-76.79677276738546,39.00030985162109],[-76.79794636307854,39.002520933981344],[-76.79955383990034,39.003110835447394],[-76.80099803844018,39.002661601258936],[-76.80194209353711,39.00078259596618],[-76.80439667788531,39.0015052437705],[-76.80294236440817,39.00364210294911],[-76.80497348045932,39.00429833628924],[-76.80480000434436,39.00494681234914],[-76.80225855056831,39.00454840833336],[-76.80106438610653,39.00571253745251],[-76.7992833122867,39.005771123735606],[-76.79929355634853,39.004083537925816]]],[[[-76.79203403825171,39.02625627273885],[-76.79406568745557,39.02691268696127],[-76.79340231193649,39.024443764555905],[-76.79510738638268,39.02302190405709],[-76.7938467396065,39.02113501870979],[-76.7996045218148,39.02271342213911],[-76.79952797929954,39.021350066837265],[-76.80181987646654,39.02103364786127],[-76.80251402212599,39.018439752456146],[-76.8017534831332,39.017982704483906],[-76.8028610763892,39.01714280371365],[-76.80025288061141,39.01369341718232],[-76.80346839156853,39.01487314174364],[-76.80584681312826,39.01423241119723],[-76.80465254710546,39.01539657665296],[-76.80557647431992,39.01689271797795],[-76.80464242579158,39.01708416599367],[-76.806250278781,39.01767398214282],[-76.80624019422254,39.01936157224413],[-76.80871550321066,39.01670895669705],[-76.81058356426841,39.016325992391366],[-76.81059354763282,39.01463840277901],[-76.81398268978194,39.01516936993375],[-76.8109105128919,39.01840420150927],[-76.81294211307842,39.01906030605109],[-76.8116611548906,39.02054878429364],[-76.81267201586017,39.021720630382376],[-76.8085219677149,39.020732620155265],[-76.80605660433086,39.02169764239664],[-76.80579634123154,39.022670361447034],[-76.80765451840178,39.023975032183436],[-76.81265214318505,39.02509581434684],[-76.81425033846249,39.02737312054366],[-76.81111086325025,39.027557022065096],[-76.80823162431649,39.02676811979616],[-76.80806816714468,39.025729010291],[-76.80383118606058,39.025065083938536],[-76.80288686455232,39.02694411103103],[-76.80440815378127,39.027858189824876],[-76.80388753242416,39.02980362262472],[-76.80227943041554,39.02921377469187],[-76.80110527221777,39.027002723659535],[-76.79729197619912,39.026404982510805],[-76.79728168254454,39.02809257432024],[-76.800508001177,39.027584786219705],[-76.80159536785486,39.030120080222794],[-76.80057435102322,39.03063573513355],[-76.79769510452037,39.02984658817594],[-76.79479521704626,39.03243255975831],[-76.79174230433306,39.03229173930352],[-76.79317674097301,39.03353018684385],[-76.79012378531336,39.03338932657792],[-76.78892895295905,39.03455334449432],[-76.7866365736014,39.03486952625441],[-76.78906822437965,39.025791156486086],[-76.79186039437846,39.02690473304025],[-76.79203403825171,39.02625627273885]]],[[[-76.77873060174197,39.07755059808018],[-76.78153526871112,39.07697681169916],[-76.78773172199598,39.07693465146066],[-76.78542742444778,39.078938419323045],[-76.77974172452967,39.07872272381273],[-76.77820893700914,39.07949594013355],[-76.77802429408719,39.081831993265055],[-76.77386043920598,39.08253042068627],[-76.77490401711309,39.07863976942501],[-76.77753486083608,39.07871451543969],[-76.77873060174197,39.07755059808018]]],[[[-76.7781776906538,39.09773540977371],[-76.78020051285722,39.10007967109081],[-76.78528989003178,39.10087734342465],[-76.78595368779274,39.103346342896316],[-76.78663863497904,39.10244011161694],[-76.79070613369716,39.10375310128106],[-76.78933629895803,39.10556560549977],[-76.79214196371413,39.10499157673762],[-76.79143617969657,39.109273070208744],[-76.78252869552169,39.107877445041694],[-76.7807557910238,39.106248151799115],[-76.77846111369783,39.10656418678199],[-76.77940710193133,39.10468531864458],[-76.77873277914539,39.10390389675634],[-76.77533975526853,39.10337195906177],[-76.77526358313777,39.10200856923942],[-76.77288201829137,39.102648723843195],[-76.77417605945413,39.09947301213815],[-76.76994602662658,39.09712030990381],[-76.77238184587056,39.08804216642761],[-76.77407798285788,39.0883081864419],[-76.7748499072915,39.0870778015399],[-76.77654603080298,39.087343787825695],[-76.77662221162353,39.088707173088004],[-76.77814446350078,39.089621583579195],[-76.78052555500675,39.088981329740236],[-76.78138431957377,39.08742667841551],[-76.7822323958067,39.08755962987181],[-76.78137364781345,39.08911428709479],[-76.7848529790237,39.08932182990814],[-76.7855378077379,39.08841560709507],[-76.78876688682647,39.08790811864386],[-76.78902761155199,39.086935424137394],[-76.7892778413219,39.08765033815198],[-76.79275712499302,39.08785765964429],[-76.79489810150372,39.08481461492727],[-76.79573583411926,39.08663508322174],[-76.7978560730394,39.08696720614831],[-76.7950511493734,39.0875413619191],[-76.79385550549955,39.08870543844678],[-76.7999558509924,39.090674513863156],[-76.80795671957654,39.08719752709257],[-76.80565265434828,39.08920167373185],[-76.80589295284207,39.09160416608009],[-76.80301123263345,39.09081513384779],[-76.8029142109225,39.09282698705829],[-76.80054341813096,39.09178005858222],[-76.79731424923908,39.09228785335324],[-76.79630265422566,39.091115867665856],[-76.79299699265823,39.09026017629817],[-76.79240955262938,39.08915459622402],[-76.78697324658731,39.089654138650985],[-76.78789775399271,39.09115043099047],[-76.79111649218613,39.09233049148873],[-76.79237830334878,39.09421742830133],[-76.78864846827227,39.0932951803241],[-76.78882229947554,39.092646716872814],[-76.78517952014653,39.09140013334303],[-76.78535337777477,39.09075167497418],[-76.7838203962179,39.091524962231546],[-76.78144992107389,39.09047766984702],[-76.78025401099126,39.09164161615916],[-76.77728560367254,39.09117621315487],[-76.77880791562606,39.092090615943434],[-76.7769377392779,39.092473107256964],[-76.77871022203533,39.094102450678015],[-76.77802525456286,39.09500863683602],[-76.7795476561237,39.095923031224636],[-76.7781776906538,39.09773540977371]]],[[[-76.79823334743338,39.10864835865301],[-76.79748219151662,39.10650366095562],[-76.79875468526733,39.10670292192176],[-76.79978703088874,39.10449965921772],[-76.80190780971559,39.10483171414986],[-76.80438618904678,39.102179144628145],[-76.80599592327846,39.10276897299391],[-76.80616962230494,39.10212048412877],[-76.80888818504023,39.10187032223464],[-76.80684422362361,39.10290175689367],[-76.80759561868206,39.105046396530945],[-76.80369131009363,39.10477308917574],[-76.80240865097726,39.106261494733005],[-76.80164719322326,39.10580443895839],[-76.80257220840107,39.10730062671722],[-76.79874441421532,39.10839053823134],[-76.7982230639945,39.11033597555293],[-76.79712430545348,39.109488231863686],[-76.7973849957251,39.10851551584794],[-76.79823334743338,39.10864835865301]]]]},"properties":{"lid":"GFLV2_major","stage_ft":20.0,"site_id":"01646000","level":"major"}}]}