{"type":"FeatureCollection","features":[{"type":"Feature","geometry":{"type":"MultiPolygon","coordinates":[[[[-77.38469270856643,38.86763646804404],[-77.38333551226862,38.866080275509646],[-77.38562330074885,38.86744066440066],[-77.38951700419076,38.86769568153889],[-77.38918110782919,38.86899421796699],[-77.38664124817606,38.8686077915608],[-77.38368141949213,38.86984446528702],[-77.38469270856643,38.86763646804404]]],[[[-77.38351341586734,38.870493725843644],[-77.3790282290241,38.87082334101949],[-77.37683078520196,38.872513345899115],[-77.37725726559376,38.874265358808714],[-77.3752308799423,38.87699365541343],[-77.37623625474664,38.87141058264461],[-77.37936431471385,38.86952483184019],[-77.38300280433616,38.869066365103265],[-77.38351341586734,38.870493725843644]]],[[[-77.34310133551348,38.90246779887577],[-77.3453028845472,38.90246596389573],[-77.3460631783332,38.901232089549744],[-77.34656839415409,38.89928445248601],[-77.34521142276064,38.89772783653032],[-77.34715531639671,38.8953246305215],[-77.3480021738712,38.895453715279686],[-77.34673434104798,38.896947662697826],[-77.34690764606341,38.89967360420204],[-77.35333848707225,38.89694184694912],[-77.35841985543514,38.89771601546143],[-77.36044744698792,38.8949879868304],[-77.35993435774249,38.89187295111519],[-77.36154112018231,38.890767980893266],[-77.3620430430735,38.88713270864735],[-77.36297677327913,38.888624649273524],[-77.36095501655822,38.89472786865904],[-77.36688028544506,38.89394310452359],[-77.36764012484326,38.89270909921343],[-77.36941794581102,38.89264236144896],[-77.37060115464672,38.891472805215045],[-77.37178735787579,38.89199081298147],[-77.3700966354725,38.89342053824071],[-77.36840289253817,38.893162664887406],[-77.36713551794625,38.8946568204872],[-77.363834973396,38.8955039279174],[-77.36222533015099,38.89492135220317],[-77.35859087243949,38.89875436365248],[-77.35393287925977,38.89804472346647],[-77.35004020753902,38.89947616446097],[-77.34386643866196,38.90460909451162],[-77.34352955833475,38.90590751293875],[-77.34208830229753,38.904675465915425],[-77.34310133551348,38.90246779887577]]],[[[-77.37392917593044,38.9058137072232],[-77.36943879235483,38.90445539870473],[-77.36706895384782,38.905106903304635],[-77.3663089754497,38.90634090705495],[-77.36140078948098,38.908292985266534],[-77.3608959077844,38.91024068500803],[-77.36479468369102,38.912184060065535],[-77.36623937714708,38.91510342454109],[-77.36827306359027,38.915750422227674],[-77.36802069215985,38.91672428723455],[-77.36488456407706,38.915234601061194],[-77.36310052320896,38.91192611364746],[-77.36072760788531,38.91088991790806],[-77.3586968541014,38.91193037660077],[-77.35615565912917,38.91154332333533],[-77.35352769787858,38.90979324984869],[-77.34776941201714,38.909928162243595],[-77.34760099584165,38.9105773772935],[-77.34455217298142,38.91045015029188],[-77.34125297604828,38.91298423841854],[-77.3379490507676,38.912143078120195],[-77.33709978746977,38.910326344242804],[-77.3358314721626,38.91182018299545],[-77.33362964016811,38.91182184978374],[-77.3313477180158,38.915523235707006],[-77.32813011419636,38.916044798021225],[-77.3271164383368,38.918252346606394],[-77.32356138182139,38.92007216586074],[-77.32297107467903,38.9223443056568],[-77.32127682614777,38.92208578746347],[-77.32271617798659,38.921630496276734],[-77.32195151788827,38.91948906540199],[-77.32593012524073,38.91773390967405],[-77.32685952284201,38.91585096457159],[-77.33041429091338,38.914031051786324],[-77.3332039893099,38.91006967872231],[-77.33625277640718,38.91019718476017],[-77.33777605134911,38.909417119736936],[-77.3382815455181,38.90746951440457],[-77.33988898040325,38.90636482268996],[-77.34344533637643,38.906232117436396],[-77.34276917283216,38.907141372486954],[-77.3401439919549,38.9070785953265],[-77.33836805075468,38.908832492807605],[-77.33803105288169,38.9101308970017],[-77.3405744122861,38.912205901794614],[-77.3429423537087,38.909867323092485],[-77.34590450010424,38.908631616383296],[-77.35064728590844,38.90901694971197],[-77.35183106209054,38.90784757023263],[-77.35589780995184,38.90914200369382],[-77.35674752828297,38.91095860849892],[-77.35844164376057,38.91121664168745],[-77.36198978400296,38.9060206669247],[-77.3651225775003,38.905822845921854],[-77.36926760734082,38.903417064731],[-77.37434959658172,38.90419058093243],[-77.37392917593044,38.9058137072232]]],[[[-77.326618518688,38.926950241641],[-77.33161108815283,38.922987355329276],[-77.33550757172344,38.923244071327204],[-77.33660755111148,38.92239943475556],[-77.34228259764929,38.9225896449007],[-77.34380606720393,38.92180950452105],[-77.34634755474752,38.92219681140886],[-77.34660268503687,38.92291057224746],[-77.35176999915545,38.92336040859861],[-77.35405899732092,38.92472138996969],[-77.35710843423905,38.92484838343796],[-77.35931340423296,38.92653388268663],[-77.3632943326645,38.926465109575666],[-77.36287353700556,38.9280882031436],[-77.36177097451892,38.927245489843905],[-77.35914505257008,38.92718311484477],[-77.35812672708103,38.92601575322996],[-77.35465362715914,38.92582426703432],[-77.34524769138893,38.92304153434763],[-77.33728616745593,38.92317779413992],[-77.33567832198479,38.924282454555765],[-77.33212107040086,38.92441493732078],[-77.32467504531081,38.93104072016288],[-77.326618518688,38.926950241641]]],[[[-77.32925669407958,38.93713881549682],[-77.32730307983007,38.93279141007186],[-77.32543990681042,38.93318213759031],[-77.32526928168195,38.93214373901449],[-77.32721675324161,38.93142841960195],[-77.32755404249885,38.930130041120194],[-77.32882488485133,38.930323867823695],[-77.32907782758011,38.92935008089388],[-77.33263532578118,38.929217685330435],[-77.33288821371322,38.92824389077685],[-77.33534339397642,38.92726843771625],[-77.338732244046,38.92778506695423],[-77.34254711418623,38.930053748328035],[-77.3496621172948,38.9297880824181],[-77.3500882794303,38.931540201568936],[-77.3575482662141,38.935038396784854],[-77.35365107388223,38.934782372897914],[-77.34856217772744,38.93063283562136],[-77.3437337462739,38.93057202713889],[-77.34297310667642,38.931805891985974],[-77.34382276702947,38.93362259085799],[-77.34509612921642,38.93550383628722],[-77.34755386328428,38.936215726042676],[-77.34569071134935,38.9366067579482],[-77.34365426086268,38.93427180260799],[-77.34229905049541,38.93440273269373],[-77.34237860490492,38.930702958027084],[-77.34008963704025,38.929341759969255],[-77.33619281104144,38.92908518772472],[-77.33593996437932,38.93005898912765],[-77.3322981313506,38.93051607746735],[-77.33196092489518,38.93181446891795],[-77.3304350433525,38.930906879900554],[-77.32891124023097,38.93168685696788],[-77.32857396796246,38.93298523941734],[-77.33120426006315,38.936423432980774],[-77.32925669407958,38.93713881549682]]],[[[-77.33086909272279,38.93940940902422],[-77.33204945394839,38.93486504158435],[-77.3338283366852,38.934798813887156],[-77.33340683605253,38.93642180924988],[-77.33679609839865,38.93693849204782],[-77.33696689915071,38.937976875445905],[-77.34052480448408,38.937844253425915],[-77.33874812203744,38.93959816360889],[-77.34052942425157,38.941219426558796],[-77.33798730365477,38.94083199941729],[-77.33781648165248,38.939793617011375],[-77.33501934823673,38.938692348599005],[-77.33434277802256,38.93960156165529],[-77.33273239595492,38.9390185996103],[-77.33307389617835,38.94109537811317],[-77.33239727933952,38.942004580863006],[-77.33087117879873,38.941096995931574],[-77.33163212053844,38.93986320372828],[-77.33086909272279,38.93940940902422]]],[[[-77.36426576816888,38.94989566559072],[-77.36511041069114,38.94833704605165],[-77.36595791665272,38.94846600906198],[-77.36799547951074,38.950800602785435],[-77.36749047944741,38.952748340690846],[-77.36562411938591,38.95145208388432],[-77.36587664326647,38.950478219100326],[-77.36426576816888,38.94989566559072]]],[[[-77.3427510369808,38.95471834549893],[-77.33978696167868,38.95595398466094],[-77.34104899739106,38.94939732783094],[-77.34427037966653,38.95056301680824],[-77.34257775657058,38.95199237790102],[-77.34130649934275,38.9517986915327],[-77.3411402531703,38.95413549136767],[-77.34647827952064,38.95393634002211],[-77.34630975001443,38.95458555723839],[-77.3427510369808,38.95471834549893]]],[[[-77.34630975001443,38.95458555723839],[-77.34902090291659,38.954323593862924],[-77.34961569823335,38.955426499642584],[-77.3461412175022,38.95523477428654],[-77.34630975001443,38.95458555723839]]],[[[-77.33479257619597,38.9599172183712],[-77.34174194318528,38.96030120767407],[-77.34157335669838,38.96095041905544],[-77.33682723508613,38.960564735802784],[-77.33309954947002,38.96134645207615],[-77.33479257619597,38.9599172183712]]],[[[-77.36117290796524,38.975407342597165],[-77.36006412019476,38.97118941983817],[-77.36074066269948,38.970280062370996],[-77.35938481258859,38.970411179822406],[-77.35997437275151,38.968138851423554],[-77.36082210019362,38.96826784989247],[-77.36166702966779,38.96670924963585],[-77.36022703012351,38.96716499577301],[-77.35954775833636,38.96638675711496],[-77.3608979670674,38.96288045354371],[-77.36310701117817,38.96625348681855],[-77.36099610270205,38.970993798453755],[-77.36235477777895,38.97255025735095],[-77.36142837020408,38.976121078339496],[-77.35964850257182,38.97618770227048],[-77.35939305755517,38.9754739628573],[-77.36117290796524,38.975407342597165]]],[[[-77.34039547473661,38.967182487112304],[-77.33717341895527,38.96601669469006],[-77.33488561776234,38.966342986689476],[-77.33505427639182,38.96569378388203],[-77.33327463968013,38.96576002944896],[-77.3330194898957,38.96504623688748],[-77.33369631315769,38.96413702773126],[-77.33539158462476,38.964395377766074],[-77.33649218725682,38.963550737329214],[-77.33996933724609,38.965430325776495],[-77.34174895979747,38.96536398419592],[-77.34175129888511,38.96705157720869],[-77.3451420467916,38.9675680342392],[-77.34565260682385,38.96899556957876],[-77.34115885310993,38.96763622502501],[-77.3420088864709,38.96945294563263],[-77.34099488771672,38.97166062425732],[-77.34014715591802,38.971531490272454],[-77.34099256602029,38.9699730300741],[-77.34039547473661,38.967182487112304]]],[[[-77.35627598379928,38.9874848173291],[-77.35568082547536,38.98638193820013],[-77.35864860192461,38.986833511416286],[-77.35848010481361,38.98748274834903],[-77.35627598379928,38.9874848173291]]],[[[-77.33931768993635,38.98490311915437],[-77.33931997326394,38.986590717191454],[-77.33609928395644,38.987112491643586],[-77.33592838024835,38.98607409957108],[-77.33931768993635,38.98490311915437]]],[[[-77.33016402525483,38.986208195931845],[-77.32872344259003,38.98666357779366],[-77.32541631670138,38.985822074756555],[-77.3236323398956,38.98251298648737],[-77.31828856388748,38.97933596131942],[-77.31871065025129,38.97771300725159],[-77.3219329280814,38.9788792811082],[-77.32286701308462,38.98037154260041],[-77.32422311447917,38.98024082396349],[-77.32473529802489,38.983356045511634],[-77.32651735920665,38.98497752007875],[-77.3357596821781,38.98672330556542],[-77.33483178898003,38.9902939356008],[-77.33763090333065,38.99139521660517],[-77.33729350988699,38.992693634129935],[-77.33500268694989,38.99133232986239],[-77.3333933006827,38.99243697159877],[-77.33415040934729,38.98782795632673],[-77.33016402525483,38.986208195931845]]],[[[-77.33254534030482,38.992307785273624],[-77.33407253589466,38.99321535648951],[-77.33238084285,38.99633218828803],[-77.33356848353667,38.99685056941202],[-77.33323313484064,38.99983657864146],[-77.33238508849946,38.999707391071496],[-77.33170370363537,38.997241394731404],[-77.33254534030482,38.992307785273624]]],[[[-77.32060458480531,39.00432397336909],[-77.32204745124189,39.005556287829656],[-77.3190827673715,39.00847904606706],[-77.32060458480531,39.00432397336909]]],[[[-77.31628152695964,39.00568973989445],[-77.31772434725025,39.006922104866504],[-77.31772613030536,39.00860970911194],[-77.31551963627898,39.006923450105226],[-77.31628152695964,39.00568973989445]]],[[[-77.31772613030536,39.00860970911194],[-77.3190827673715,39.00847904606706],[-77.31883122443648,39.011140429000456],[-77.31772613030536,39.00860970911194]]],[[[-77.33581693779341,39.03060101585786],[-77.3363188966789,39.02527816486362],[-77.33588810718642,39.020150757873495],[-77.33690739374607,39.021318318573265],[-77.33725387282846,39.02677032910094],[-77.33581693779341,39.03060101585786]]],[[[-77.3145316552419,39.036132659511516],[-77.31520592080464,39.03184831804052],[-77.314185133646,39.02899296676372],[-77.31443178710492,39.02126875927569],[-77.31460075567898,39.020619578703446],[-77.3157886662211,39.02113813195657],[-77.31629552565033,39.019190584262134],[-77.31841434428519,39.01782621089125],[-77.31934157392001,39.012568082211544],[-77.31866231563836,39.01178961432112],[-77.31993456100666,39.01198353449486],[-77.31942967198772,39.01561870088128],[-77.32112609268307,39.01587724789415],[-77.32222763996779,39.01503272724518],[-77.32612902138581,39.01528974151726],[-77.32790583756817,39.01184838658321],[-77.32816312668743,39.014249800465],[-77.3273149213061,39.014120577960256],[-77.32646870500905,39.015678955711145],[-77.32358630796324,39.016589621219616],[-77.31976932129717,39.01600793342254],[-77.31858507255164,39.018864632316415],[-77.31714377057547,39.01931988214978],[-77.31561970704567,39.0217873142008],[-77.31477486592232,39.02503322302116],[-77.31579388192486,39.026200957945015],[-77.31503348915662,39.02912227927798],[-77.31613705452148,39.02996542102153],[-77.31470237104222,39.03717108945413],[-77.31334519078936,39.0373017052531],[-77.3145316552419,39.036132659511516]]],[[[-77.32173597907968,39.03048116659578],[-77.31825798599263,39.03028865816435],[-77.31715439113228,39.02944553522174],[-77.3219893651097,39.02950737927727],[-77.32173597907968,39.03048116659578]]],[[[-77.33379111051563,39.03839153149119],[-77.3341266141068,39.035405501856395],[-77.33624114377346,39.03066559897025],[-77.33632997273689,39.03371621475959],[-77.33522830621853,39.03456086313363],[-77.33463961053089,39.03852071027723],[-77.33158755122513,39.040080774889475],[-77.3320096933637,39.03845775969533],[-77.33379111051563,39.03839153149119]]],[[[-77.32115217141332,39.039503784090115],[-77.32166276555087,39.0409314345149],[-77.31555255624109,39.03898801139158],[-77.32115217141332,39.039503784090115]]],[[[-77.32157828956636,39.04125603073487],[-77.328704250943,39.04099156293656],[-77.32887313791895,39.0403423607958],[-77.33099442867912,39.0406653809967],[-77.32912851122516,39.04105617045763],[-77.3288751805635,39.04202997424982],[-77.32734702454448,39.04112233181825],[-77.32437916508445,39.04235761977601],[-77.32157828956636,39.04125603073487]]],[[[-77.3145350746642,39.03950788490968],[-77.31470579843803,39.04054631544588],[-77.3106340540683,39.04093811869671],[-77.31241223031675,39.037496970802714],[-77.31224485958812,39.0398337633029],[-77.3143660616101,39.040157067454814],[-77.3145350746642,39.03950788490968]]],[[[-77.3106340540683,39.04093811869671],[-77.30927838401244,39.04275630407541],[-77.30622560285136,39.04431574657388],[-77.30842831153677,39.04093933802336],[-77.3106340540683,39.04093811869671]]],[[[-77.3052079800301,39.044835544160236],[-77.30308812645826,39.04619969837759],[-77.30181532730288,39.04600560446928],[-77.30308668224943,39.044512083349495],[-77.3052079800301,39.044835544160236]]],[[[-77.31098353897171,39.05145306835686],[-77.30232701398128,39.04912095184586],[-77.30419181250222,39.04704294871792],[-77.31556469196825,39.0508013145513],[-77.31251004474434,39.050673297000436],[-77.31098353897171,39.05145306835686]]],[[[-77.3289344585308,39.09097098350935],[-77.32943939561547,39.08733573059287],[-77.33079748142774,39.08720493776237],[-77.33350933521912,39.083568054277336],[-77.33249561382792,39.08746333268562],[-77.33105303833534,39.08791874945063],[-77.33139729299954,39.09168321148643],[-77.32587809903902,39.09084329376352],[-77.32613164005315,39.08986948755438],[-77.3289344585308,39.09097098350935]]],[[[-77.318489988222,39.088706135993604],[-77.31466754006577,39.08643665654274],[-77.31984811934845,39.08857546277336],[-77.32239341863573,39.0872756432212],[-77.32562061422978,39.08844184299171],[-77.32613164005315,39.08986948755438],[-77.32213983657412,39.08824944133241],[-77.31747361067106,39.09091366661946],[-77.318489988222,39.088706135993604]]],[[[-77.31747361067106,39.09091366661946],[-77.31730450429703,39.09156285914673],[-77.31475896379236,39.092862575522105],[-77.31501266087301,39.091888791632215],[-77.31747361067106,39.09091366661946]]],[[[-77.32367084182083,39.090844783796086],[-77.32587809903902,39.09084329376352],[-77.32384181678452,39.091883211332],[-77.3222338133573,39.09636298705933],[-77.32121557608674,39.096882920676364],[-77.32367084182083,39.090844783796086]]],[[[-77.31475896379236,39.092862575522105],[-77.31255331003761,39.09455149774241],[-77.3139098645418,39.092733259663994],[-77.31475896379236,39.092862575522105]]],[[[-77.3101783712949,39.09688956484185],[-77.31255331003761,39.09455149774241],[-77.31085833429472,39.097668090794116],[-77.3101783712949,39.09688956484185]]],[[[-77.3101783712949,39.09688956484185],[-77.30754636260318,39.09682609563504],[-77.30652648862157,39.09565827836666],[-77.3101783712949,39.09688956484185]]],[[[-77.32037011170974,39.10012891091546],[-77.31909813881063,39.101622623996555],[-77.32121557608674,39.096882920676364],[-77.32037011170974,39.10012891091546]]],[[[-77.31043375968254,39.097603420208145],[-77.31103077196825,39.10039416881154],[-77.31001400424427,39.10260164330547],[-77.30958620892672,39.09916170584213],[-77.31043375968254,39.097603420208145]]],[[[-77.31697865710206,39.104674662157386],[-77.3185044133261,39.10220717697253],[-77.31791246802375,39.104479359928796],[-77.31697865710206,39.104674662157386]]],[[[-77.30899559208687,39.10312147743559],[-77.30958940155112,39.10253696977482],[-77.30925099076009,39.10383533607865],[-77.30636335865114,39.10305798310707],[-77.30449570624903,39.1034484069454],[-77.30330798090118,39.104617371035545],[-77.30424035566249,39.102734538586716],[-77.30610799108494,39.10234411863804],[-77.30899559208687,39.10312147743559]]],[[[-77.31574654345003,39.144984062546484],[-77.31659625701813,39.145113367181686],[-77.31617315020628,39.14673636249203],[-77.31371029080837,39.14771147242668],[-77.3131144657173,39.146608357521984],[-77.3148985536283,39.14654239896369],[-77.31574654345003,39.144984062546484]]],[[[-77.28303683367209,39.14337671494211],[-77.28490562845563,39.142986610414845],[-77.28660383891076,39.141557989097606],[-77.28618008243244,39.14318088112746],[-77.28295206582364,39.14370129111027],[-77.28235866966358,39.14597332327235],[-77.28150900706159,39.14584378473663],[-77.28099846473452,39.14441594122683],[-77.28303683367209,39.14337671494211]]],[[[-77.30343767123499,39.15660968101296],[-77.30369174294734,39.15563590795007],[-77.30734659470322,39.15686729232828],[-77.30845044163193,39.15602287180334],[-77.31134020288052,39.15680018449406],[-77.31473787986468,39.155629839275555],[-77.3129552442816,39.15738344630917],[-77.3047124139394,39.15680376238141],[-77.30360851165726,39.15764814987528],[-77.29953013923623,39.158039597942995],[-77.30343767123499,39.15660968101296]]],[[[-77.27548067324295,39.15369966658263],[-77.27871006764184,39.15486709955158],[-77.2788805502376,39.15590560195945],[-77.27548067324295,39.15369966658263]]],[[[-77.29307778478741,39.16583164218527],[-77.2966469386893,39.16570027371118],[-77.29843284917744,39.16732220543336],[-77.29817866600693,39.168295970143255],[-77.29562881870964,39.16790765951395],[-77.2957982968127,39.167258486602385],[-77.29307778478741,39.16583164218527]]],[[[-77.3048951808389,39.171343458425795],[-77.30744055457005,39.166668613774995],[-77.30939449415284,39.165953545073016],[-77.31058474600123,39.16647216230408],[-77.3124523229121,39.16439398828106],[-77.31169034794367,39.16731536553706],[-77.31084038321042,39.167186026790084],[-77.31092831163758,39.17023673993238],[-77.30684927134715,39.17062842898705],[-77.30455932718934,39.17601714421063],[-77.30183973239427,39.17627814622755],[-77.29996879711543,39.17498085019678],[-77.30039658349574,39.17842087356999],[-77.29861438444242,39.18186194313466],[-77.29682941345865,39.1819276686128],[-77.29691286056018,39.17991542086602],[-77.29818666225523,39.17842191108856],[-77.29809925949506,39.175371183641644],[-77.29979796797225,39.17394237253654],[-77.29758818308738,39.173943399424815],[-77.29537966568252,39.1756320444373],[-77.29274481435327,39.17556826084188],[-77.29257528953315,39.17621743074313],[-77.29189478674914,39.17543879244842],[-77.29036543528422,39.176218329366506],[-77.2901947406392,39.17517983825276],[-77.28585988721085,39.17485693147764],[-77.28662404492343,39.17362336456232],[-77.29503940016666,39.17524273345589],[-77.29724791364194,39.17355409462321],[-77.30175217866666,39.17322742275036],[-77.30268835002751,39.17471988914213],[-77.30438547597886,39.17160335916792],[-77.29987995144477,39.170242470264064],[-77.2996244112699,39.169528582801235],[-77.3048951808389,39.171343458425795]]],[[[-77.26826497903588,39.17116218564297],[-77.26987999370075,39.17174600836742],[-77.27005038959797,39.1727845265618],[-77.26826497903588,39.17116218564297]]],[[[-77.28654138184446,39.17732326073778],[-77.28994041941861,39.17615358775941],[-77.28645659001972,39.17764784160196],[-77.28654138184446,39.17732326073778]]],[[[-77.31561522398536,38.852379436866414],[-77.31536236850035,38.85335318701004],[-77.31409290383505,38.853159224226175],[-77.31434577560469,38.85218547669468],[-77.31561522398536,38.852379436866414]]],[[[-77.34617547820125,38.86176868326431],[-77.34532659679994,38.859952016967384],[-77.34693042143726,38.85715967130341],[-77.34946967145711,38.857546911082736],[-77.34888067832868,38.859819156523656],[-77.35015035147092,38.860012762990166],[-77.35082598575012,38.859103472907194],[-77.35362030370028,38.86020437377024],[-77.35091521604917,38.862154004074334],[-77.3482916484766,38.86209139975545],[-77.34846243760363,38.86312975744019],[-77.34549976120003,38.86267794826541],[-77.34558634825738,38.86404091414472],[-77.3437226492747,38.862744342762355],[-77.34414349413962,38.86112132750214],[-77.34617547820125,38.86176868326431]]],[[[-77.3282359623493,38.86308076312037],[-77.33026372003556,38.86035323969355],[-77.33077323765278,38.86178081607949],[-77.33500546122204,38.86242673902339],[-77.33458440533413,38.86404972348344],[-77.32993092610212,38.865026754864274],[-77.3282359623493,38.86308076312037]],[[-77.33263668162543,38.86307758207515],[-77.332129231424,38.86333758329448],[-77.33255246064664,38.86340217747173],[-77.33263668162543,38.86307758207515]]],[[[-77.32182216402953,38.879311785432606],[-77.32106168851124,38.8805455077185],[-77.3202150520544,38.88041623916149],[-77.32088939582654,38.87781953662491],[-77.32182216402953,38.879311785432606]]],[[[-77.33791307556714,38.88514183895514],[-77.33587831264025,38.88280677157437],[-77.33714835177774,38.88300051180032],[-77.33858909555957,38.88423261290411],[-77.34350102575819,38.88565659220928],[-77.33791307556714,38.88514183895514]]],[[[-77.31479801957053,38.8809388426656],[-77.31708499442388,38.882300498980115],[-77.31539169784399,38.882041901699885],[-77.31479801957053,38.8809388426656]]],[[[-77.30845619480564,38.888406740887795],[-77.30718460179463,38.8865251310106],[-77.31108067549845,38.88847018884298],[-77.31260708879796,38.89106558699732],[-77.31065893617583,38.89009309700742],[-77.31014961468702,38.88866543312076],[-77.30845619480564,38.888406740887795]]],[[[-77.3158271730144,38.89391958202774],[-77.31489434058258,38.89242728543042],[-77.31320081641864,38.89216865789782],[-77.31548638552994,38.891842769033985],[-77.31684261215248,38.893399709135565],[-77.31836574368782,38.89261988426456],[-77.317343240681,38.886389466022415],[-77.31624183588507,38.88554635259079],[-77.31776124792808,38.88139138686371],[-77.31970743679074,38.88067619004081],[-77.31810026267091,38.88178061652963],[-77.31768227644594,38.88677869706908],[-77.31946545943,38.89177540310328],[-77.31650530205175,38.89469805223324],[-77.31599931435801,38.896645565555225],[-77.31811815339107,38.89865637632339],[-77.32285254596178,38.89229246383874],[-77.32420700796085,38.89216174696329],[-77.326067165149,38.890083464072106],[-77.32767641228078,38.89066650889846],[-77.32987142051113,38.8856022217688],[-77.33122574554926,38.88547142830969],[-77.33164700003364,38.88384845113046],[-77.33359311820679,38.88313303605967],[-77.33342035061295,38.88040708155715],[-77.33595813671397,38.879107025695355],[-77.3376514380377,38.87936534189988],[-77.33764247335034,38.87261505096755],[-77.33459308571689,38.87080000780118],[-77.33492996297224,38.869501619277536],[-77.33357379469119,38.86794488159627],[-77.3317965434898,38.868011105089984],[-77.33230191026483,38.866063534075714],[-77.33433609114869,38.86839865550408],[-77.33560587510593,38.868592411200915],[-77.3358629121971,38.87099376091911],[-77.33899654308527,38.872484172804256],[-77.34034830434254,38.870665708063676],[-77.34297217375457,38.870728480629516],[-77.3439870960875,38.87020838686557],[-77.3439005316111,38.86884541888952],[-77.34584612886097,38.868129812712965],[-77.3451655186646,38.86566393485291],[-77.34245529771403,38.864238240514446],[-77.34541801866936,38.864690122562855],[-77.34600959348613,38.864105462362495],[-77.34626695753543,38.86650678922749],[-77.3488065296888,38.86689404301742],[-77.34990550449079,38.86604929446481],[-77.35295247932396,38.866176389158355],[-77.35405401598854,38.86701917436442],[-77.35650685046129,38.866043309874826],[-77.35566297767133,38.86760185421325],[-77.34787584564604,38.867089570148295],[-77.34753921017737,38.868387993485726],[-77.34457872717623,38.86962373311993],[-77.34415784290553,38.87124675146503],[-77.34678173651504,38.87130944337404],[-77.34856154827656,38.872930576676296],[-77.35109880388572,38.87163021196428],[-77.3579557197162,38.87233789670725],[-77.35821078914573,38.87305162916367],[-77.3567726186243,38.87350732950853],[-77.35507938566819,38.873249274734526],[-77.35524764895837,38.872600052543994],[-77.35423277368709,38.873120238674986],[-77.35135380368315,38.87234395847226],[-77.34847738684293,38.8732551832667],[-77.35288650147338,38.87831400050481],[-77.35381731542476,38.87811843548094],[-77.35500318194161,38.87863660300466],[-77.35305739409658,38.8793523538403],[-77.35136147960458,38.877406675200056],[-77.35000734061948,38.877537688543285],[-77.34932650175301,38.8750718307998],[-77.34610593861558,38.87221871269338],[-77.34322709080561,38.87144224378103],[-77.3411971864393,38.87248241073074],[-77.33840710267668,38.87475637239599],[-77.33832966476436,38.88014369130342],[-77.33612878997197,38.8801454024558],[-77.33587831264025,38.88280677157437],[-77.33266431193866,38.885016023792154],[-77.33207457267983,38.88728819669802],[-77.33072021539601,38.8874189994609],[-77.3303009910508,38.890729549915505],[-77.3258162861113,38.89274481608932],[-77.3224329360587,38.89560298967904],[-77.32184279199262,38.89787511688246],[-77.31921977811048,38.89949947445942],[-77.31888248213319,38.900797825024135],[-77.31752785001291,38.90092848386135],[-77.31744529191586,38.902940648982145],[-77.32074856299404,38.90378235460762],[-77.32134251754714,38.904885388281365],[-77.3183029484971,38.91319541565732],[-77.32008498530506,38.91650454781633],[-77.31686725750822,38.917025817940655],[-77.31669854947025,38.9176749915868],[-77.31813963319944,38.918907335812285],[-77.31763352101176,38.92085486191064],[-77.3211924862972,38.92241037752648],[-77.31636462307956,38.922348503585944],[-77.31543141550003,38.92085620554257],[-77.31323098669495,38.92254509296156],[-77.31661243925069,38.916311996521486],[-77.31881440734632,38.9163106319192],[-77.31898309336513,38.915661455511696],[-77.31838908666734,38.9145584089881],[-77.31669503551274,38.914299828463804],[-77.31635237902034,38.91053543189242],[-77.31017048175794,38.91060394824225],[-77.31127056402967,38.909759537852246],[-77.31160967612121,38.91014878665928],[-77.31389581653478,38.909822926381615],[-77.31762284968332,38.91072937287033],[-77.31880176702708,38.90449756983537],[-77.31617495756367,38.902746706380675],[-77.3157480449248,38.899306899370615],[-77.31210597239068,38.89807581505761],[-77.31007488166483,38.89911547556562],[-77.30575636661304,38.89879327677419],[-77.30228328004272,38.89691274690181],[-77.30050529381971,38.896978521846584],[-77.29787919522614,38.895227272445915],[-77.29516628476368,38.89042538564467],[-77.29093278842022,38.88977809982171],[-77.29110166142537,38.88912896357466],[-77.29618182260191,38.889905682235174],[-77.29669087905401,38.89133340371918],[-77.29804537011253,38.8912029727237],[-77.29923375655109,38.8950968284019],[-77.30431589024626,38.89756079186678],[-77.30990455533339,38.89807706053467],[-77.31066540279264,38.89684340404401],[-77.3166792267333,38.899111612780686],[-77.3152368365671,38.89619167729752],[-77.3158271730144,38.89391958202774]],[[-77.3166792267333,38.899111612780686],[-77.3170183181581,38.89950084626172],[-77.31710265008417,38.89917626000801],[-77.3166792267333,38.899111612780686]]],[[[-77.29992403095137,38.911063600744725],[-77.30085679533518,38.912556013534285],[-77.30043468874207,38.91417889188617],[-77.29967212440859,38.913724906876865],[-77.29992403095137,38.911063600744725]]],[[[-77.30162217008673,38.916385154121926],[-77.3012844822069,38.91768345963034],[-77.30086096530702,38.91761875822149],[-77.30026721711468,38.91651562461998],[-77.30162217008673,38.916385154121926]]],[[[-77.30204851565179,38.919825017379495],[-77.30281259403077,38.921966571032286],[-77.30247490149272,38.92326488074839],[-77.30111702978638,38.92002019459647],[-77.3012844822069,38.91768345963034],[-77.30280972337584,38.9185914056287],[-77.30204851565179,38.919825017379495]]],[[[-77.32036009906236,38.93578178489229],[-77.32027389889099,38.93441878903251],[-77.32214089844746,38.93740331101794],[-77.32036009906236,38.93578178489229]]],[[[-77.29800198692244,38.94384259491977],[-77.30477926634012,38.943190215655136],[-77.30596584358683,38.943708856725074],[-77.30579697651521,38.944358017903426],[-77.30308603948805,38.944619036319054],[-77.30062845683366,38.94390626466894],[-77.29859592365318,38.944945743488844],[-77.29740937875277,38.944427031832134],[-77.29774725977529,38.94312873213351],[-77.29800198692244,38.94384259491977]]],[[[-77.31810718544592,38.96817197492383],[-77.31767979774453,38.964732143581834],[-77.31471317693037,38.96427959233247],[-77.31310408095203,38.96538396644624],[-77.30946033710572,38.9658403864827],[-77.3075133155726,38.968243024413376],[-77.30335820621885,38.96558397975662],[-77.2992919490178,38.967663000198975],[-77.29547772252828,38.967080570091746],[-77.29852749451432,38.96552141107161],[-77.30022267328263,38.96578024164107],[-77.30191644862222,38.96435145569841],[-77.30615438014672,38.96499837285902],[-77.3066641574292,38.966426067951765],[-77.30793557787416,38.966620109704095],[-77.30920542059184,38.96512654496643],[-77.31090062812315,38.96538522964107],[-77.31217038845334,38.96389163483315],[-77.31394999865003,38.963825691969156],[-77.31428427034821,38.95915215935641],[-77.31462704875331,38.9629165870117],[-77.31750920936653,38.96369372967148],[-77.31691659621914,38.964278261435105],[-77.31878061098602,38.963887660221744],[-77.320138250527,38.96544457953663],[-77.32234170497941,38.96544315230068],[-77.32335235800109,38.959860443832824],[-77.3256380418073,38.95784677336142],[-77.32580282505829,38.95382240263488],[-77.32614617404067,38.95758679552177],[-77.32784126615714,38.957845248464274],[-77.32817866667827,38.956546863450946],[-77.33021110124302,38.955506898241204],[-77.33343258032113,38.95667286966154],[-77.33521199472796,38.95660662191906],[-77.33563357198888,38.9549836157881],[-77.33978696167868,38.95595398466094],[-77.33860220970047,38.957123256856114],[-77.33326392812978,38.95732206940709],[-77.32953431469211,38.956416087240406],[-77.32818069087088,38.95823445452214],[-77.32546931738005,38.9584959626199],[-77.32419992406807,38.95998969232548],[-77.32428816211716,38.963040282725956],[-77.32759423984581,38.96388181294862],[-77.3292030827414,38.96277725118491],[-77.33047449949837,38.962971061884815],[-77.33022145861698,38.96394485630371],[-77.33276434511569,38.96433244387659],[-77.33251133013755,38.9653062431603],[-77.32979764683357,38.96388025331052],[-77.32691734273341,38.96479098878386],[-77.32445884567649,38.96407868721382],[-77.32395258847241,38.96602625145271],[-77.32183350430932,38.9657031148578],[-77.32158033831958,38.966676892042905],[-77.31886862661823,38.96693825621992],[-77.32031256458701,38.96985817783075],[-77.31810718544592,38.96817197492383]]],[[[-77.29685179840642,38.99057650702949],[-77.2932054771161,38.989344851680876],[-77.29244097396261,38.98720321802779],[-77.28921880039003,38.986036177006184],[-77.28828533278124,38.98454366106394],[-77.28557283583497,38.98480429830206],[-77.28548722920259,38.98344126861266],[-77.28379169143916,38.98318223604492],[-77.28523660211651,38.989477771387],[-77.28633922085015,38.99032117246447],[-77.28481370086179,38.99110061443963],[-77.28311406756723,38.98409117546406],[-77.27828127708443,38.98234022030265],[-77.27980668338762,38.98156085966778],[-77.27946561840776,38.977796325597154],[-77.28175402778226,38.9774710548966],[-77.27997314798621,38.97584893965201],[-77.28251618248511,38.976237557639166],[-77.28268533119538,38.975588425152466],[-77.28421155390588,38.97649660735918],[-77.28395784696338,38.97747030928058],[-77.28065257947416,38.97831521141334],[-77.28065442477762,38.98169040603359],[-77.28370612007777,38.98181920546626],[-77.28599568356715,38.98318145424196],[-77.28717848293368,38.97694988866237],[-77.28819528524802,38.976430244505366],[-77.29209447678042,38.976688326542835],[-77.29514724125944,38.97850444116685],[-77.29548532085971,38.97720614116108],[-77.2976033072257,38.975842131962175],[-77.30540172156088,38.97635758229883],[-77.30565664010469,38.9770714328271],[-77.30743657850293,38.97700558325433],[-77.30904917961129,38.979276473530284],[-77.31210082378736,38.97940457472441],[-77.31328972322787,38.9816107456689],[-77.31456142664622,38.98180471997418],[-77.31523863638922,38.980895609230636],[-77.31786645869629,38.98095891435216],[-77.31862803774743,38.979725194753044],[-77.31930699636209,38.98050365890389],[-77.31812151563474,38.98167273976935],[-77.31812509901282,38.98504793530168],[-77.32160467430958,38.988615643364966],[-77.32228752457408,38.99276929173099],[-77.32135515913751,38.99296462303134],[-77.32042094347081,38.99147234726342],[-77.32067236026481,38.988810969410196],[-77.31787181608894,38.98602170776348],[-77.3171048538213,38.98219262950992],[-77.31566426894324,38.982647859514856],[-77.31600722942738,38.98641229662317],[-77.31524553594815,38.98764600140477],[-77.3143925478502,38.98245389648481],[-77.30981408826518,38.981418002246265],[-77.31006746298944,38.98044424691833],[-77.30684530605876,38.97927766471725],[-77.3066748381874,38.97823923365899],[-77.30209675364769,38.97720305538813],[-77.30141941409798,38.97811209390279],[-77.29853685431831,38.977334575836046],[-77.29472462479485,38.980127315238754],[-77.29048476322009,38.97779240934872],[-77.28650413430081,38.982921637798654],[-77.28904745084547,38.983310122368984],[-77.29057506772226,38.98590582593047],[-77.29277914226606,38.98590492366731],[-77.29345910170933,38.988371129087724],[-77.29642657252572,38.98882419012291],[-77.29625751563991,38.98947334264732],[-77.29769835704495,38.98901833742963],[-77.29753062527486,38.99135509159334],[-77.29931227602479,38.99297695871634],[-77.30177150330849,38.993689761628225],[-77.30236590412113,38.99479290033443],[-77.30490972030736,38.995181060569514],[-77.30592815984723,38.99634887079343],[-77.30406324440818,38.996739280849916],[-77.30389277533202,38.99570084316686],[-77.301772916002,38.995377362529624],[-77.29702215498482,38.99161495354567],[-77.29906141332064,38.997325896415575],[-77.29880783249229,38.998299631818995],[-77.29795986525352,38.9981702091186],[-77.29795854095349,38.996482607433826],[-77.2971105964035,38.99635317896921],[-77.29787268854064,38.995119583825],[-77.29592066971692,38.99245924739628],[-77.29685179840642,38.99057650702949]]],[[[-77.26557172495261,38.99895977286664],[-77.2687087811916,38.998764385599614],[-77.27150721984162,38.999867158928645],[-77.27600003193714,38.99785382730791],[-77.27769588388541,38.99811296690805],[-77.28015598428277,39.00051380110654],[-77.28744834751812,39.00129017283733],[-77.28719459743198,39.00226388512269],[-77.28515921434268,39.001615549734716],[-77.28193747195374,39.00213591992864],[-77.27574614061338,38.99882751565505],[-77.27074463092644,39.001100593084075],[-77.2685394538895,38.99941350135544],[-77.26557172495261,38.99895977286664]]],[[[-77.27532457189281,39.003825535077674],[-77.27261130957505,39.00408588983899],[-77.27074463092644,39.001100593084075],[-77.27244127225654,39.003047407811906],[-77.27557848630232,39.00285184681967],[-77.2770213993446,39.005772288056455],[-77.27532457189281,39.003825535077674]]],[[[-77.25964465355207,39.03011662693117],[-77.26099946005405,39.02154854940104],[-77.26218650873507,39.02038000695984],[-77.26057674614778,39.02654653714787],[-77.26286728448754,39.02790922231528],[-77.27134852085847,39.02583037164544],[-77.27575989998087,39.02751682069559],[-77.27703146675569,39.02602357099837],[-77.27669283076466,39.02732183080328],[-77.27881350964356,39.027645741399496],[-77.28161037647389,39.02368546286576],[-77.28203258349549,39.0203750138886],[-77.28330389662312,39.018881701738145],[-77.28440592849196,39.01803751627717],[-77.28720534666267,39.01913993915483],[-77.2890709269417,39.01874978095261],[-77.2899179801836,39.017191657408745],[-77.29119024335078,39.017385872280066],[-77.29203604810208,39.014140128100074],[-77.29390024380415,39.01206229170392],[-77.29500330534509,39.01290561884262],[-77.29347740453814,39.0136851700981],[-77.29288539786572,39.01595719815182],[-77.29738123431946,39.01731830095774],[-77.29585526642298,39.018097881998436],[-77.29220758229062,39.016866191939954],[-77.28830843791498,39.019983326745844],[-77.28449155558083,39.019400554211444],[-77.27957713832028,39.028099862402435],[-77.27355456409907,39.02751742072402],[-77.2707550304153,39.02641468857356],[-77.26770210943828,39.02797317984244],[-77.26363081634311,39.02836344138499],[-77.26074666898403,39.027585039405245],[-77.25964465355207,39.03011662693117]]],[[[-77.2761815761115,39.02251878052427],[-77.2763525357647,39.02524486999349],[-77.27592841467185,39.02518008239099],[-77.2761815761115,39.02251878052427]]],[[[-77.29790046938774,39.030559307873524],[-77.29900115969251,39.028027380902245],[-77.29951123837397,39.02945511957005],[-77.29849511284672,39.03166247172748],[-77.2972225803959,39.03146833124099],[-77.29696885588383,39.03244206831629],[-77.2945941977171,39.033092199822484],[-77.2954412996769,39.0315340348818],[-77.29790046938774,39.030559307873524]]],[[[-77.29289867732521,39.03452090135393],[-77.29213489803142,39.03406686177766],[-77.29408542508946,39.03335205150752],[-77.29357664882566,39.03361190111985],[-77.29289867732521,39.03452090135393]]],[[[-77.28806339499933,39.03445792468887],[-77.28433341511338,39.03861341039574],[-77.28746888693955,39.03335471037368],[-77.2885721968831,39.03419809762478],[-77.29205029821738,39.034391437520036],[-77.29145690426627,39.03497585421144],[-77.28806339499933,39.03445792468887]]],[[[-77.29503598113486,39.05678353397944],[-77.29597051500333,39.058276016970254],[-77.29435905359333,39.05938016483856],[-77.29512563205877,39.06320943253406],[-77.29648462002221,39.064766635842155],[-77.2978423433716,39.06463620365251],[-77.29852321114923,39.06710241374748],[-77.29725005815048,39.066908272347376],[-77.2958961243019,39.0721015651092],[-77.29394457509845,39.07281640866585],[-77.29530371739749,39.07437362758892],[-77.29241860210767,39.075283578802164],[-77.2920800114653,39.076581891728075],[-77.29165439742405,39.07482953301731],[-77.28698577399115,39.07411735841198],[-77.28698898687644,39.07918023216793],[-77.2893663452889,39.08021786618925],[-77.29064086626072,39.08209971481646],[-77.29038687677271,39.08307344715427],[-77.28970726966706,39.08229481136571],[-77.28792473628313,39.08236040779622],[-77.28758711737095,39.08534633718377],[-77.28682390433788,39.08657988825906],[-77.287500271529,39.08229565906653],[-77.28512287178894,39.08125798895058],[-77.2877542969771,39.08132193276815],[-77.28792364349391,39.080672781711236],[-77.28597073827294,39.079699875376484],[-77.28681750136155,39.07645413167757],[-77.28520343871836,39.074182915711475],[-77.2863062870715,39.07333870530437],[-77.28299570863125,39.07249605983334],[-77.28571148764115,39.07223547505191],[-77.28791927284459,39.073922282599575],[-77.29216346910744,39.0745696893973],[-77.29377407216033,39.071777943708916],[-77.29564096831433,39.071387683257385],[-77.29665514523926,39.06580509576639],[-77.29376793048573,39.06333983500415],[-77.29444491601761,39.060743205539865],[-77.29359377990544,39.05723851339846],[-77.29274513443184,39.05710905380276],[-77.29427195458533,39.05632950579813],[-77.29189412281346,39.05360435226772],[-77.2884997408592,39.05308643301503],[-77.28230377185726,39.049778327802215],[-77.27899254272023,39.04556034763202],[-77.27262899279383,39.04458851342818],[-77.26567078513901,39.04082541878235],[-77.26142879463558,39.0401771110819],[-77.26117408909181,39.039463162519944],[-77.25582920522214,39.03797103246479],[-77.25642290992431,39.0373867857362],[-77.2502299555964,39.03576470224478],[-77.24751510322872,39.03264928550046],[-77.24318888228713,39.03063728958566],[-77.24174683465371,39.02771644341958],[-77.23784522671299,39.024081557826456],[-77.23776054046381,39.021030878152246],[-77.23708198874408,39.02193957162726],[-77.23648835641708,39.020836115748196],[-77.23665801964043,39.02018704149885],[-77.23826942805084,39.02077125778161],[-77.24250988968618,39.01298231736975],[-77.2407290093261,39.01473484254809],[-77.23894808769867,39.01479973572939],[-77.24030499434647,39.01298232694471],[-77.23835454365492,39.01200868387935],[-77.24106822395831,39.0117490774841],[-77.24301870401159,39.01272267787879],[-77.24488407700508,39.00727036793649],[-77.24734280316007,39.00292143816822],[-77.24937788560624,39.00357039365341],[-77.24819107536283,39.006426414649646],[-77.24929352140234,39.00727014700701],[-77.24895447767766,39.008568327125325],[-77.25081999184981,39.00817874430838],[-77.25107424944686,39.00720510552154],[-77.25234623414059,39.00739971805976],[-77.25234650043053,39.009087322974594],[-77.2531945136814,39.009217057463545],[-77.24590230588893,39.016876703311745],[-77.24471523129861,39.02142030556706],[-77.24709038706044,39.02583395635358],[-77.25073775648937,39.02706697348865],[-77.25404619872121,39.02959808226014],[-77.25922051893814,39.030051782214834],[-77.25905103408967,39.030700888340384],[-77.26193528687762,39.03147933010549],[-77.26923056079731,39.03225677599569],[-77.27533896586587,39.03420247542971],[-77.28628624905764,39.041273949141335],[-77.2901912008278,39.04490732288799],[-77.29248167451071,39.04458185085457],[-77.29273550148139,39.043608120930664],[-77.30181532730288,39.04600560446928],[-77.30274986179734,39.04749803364517],[-77.29978132424624,39.04873273519895],[-77.3059779992943,39.05203996802632],[-77.3114078445498,39.0515177365218],[-77.3156509418452,39.05216433850302],[-77.31938711717918,39.05475836916047],[-77.32032028044104,39.05456305063496],[-77.31980961692565,39.05313539131589],[-77.32065826417296,39.053264665943026],[-77.32278179705867,39.05527544459387],[-77.32864017849836,39.058192323599826],[-77.33373255565948,39.05896752318279],[-77.33856723906995,39.057341103806934],[-77.33628100007913,39.06104266367021],[-77.33449903008238,39.06110892784309],[-77.33101744481377,39.059229156818766],[-77.33033970263747,39.06013836540241],[-77.33399020405557,39.06136894423905],[-77.33170360529141,39.0650704225226],[-77.33425003756963,39.06545798608164],[-77.33662984496824,39.06818233437444],[-77.33315000840612,39.06799024175943],[-77.33400101525876,39.06980704721222],[-77.32865852154444,39.073380910337924],[-77.3300122080542,39.069874881419615],[-77.33272558733205,39.06792564766837],[-77.32899030519546,39.06701963295646],[-77.32839490966941,39.06591660838326],[-77.3241508962301,39.06527044009548],[-77.32508418164645,39.065075085422656],[-77.32440437118275,39.06429664197014],[-77.32296220477924,39.064751962897134],[-77.31939623217535,39.06319646336004],[-77.31650659379238,39.059044113094004],[-77.30929267769208,39.05794485187147],[-77.30836257525401,39.0615153261666],[-77.30886833648108,39.057880176408965],[-77.30445582313607,39.057882513169254],[-77.29486550021008,39.05574507349898],[-77.29681788092806,39.05671783586135],[-77.29664866964184,39.05736699622964],[-77.29503598113486,39.05678353397944]],[[-77.24530806600592,39.007335261370415],[-77.24556250333126,39.00804923864819],[-77.24573205576324,39.007400153357],[-77.24530806600592,39.007335261370415]],[[-77.29095508186356,39.045361375259226],[-77.29647171009859,39.04789045242791],[-77.29935704526699,39.04866802735505],[-77.29995048746541,39.04808357154663],[-77.29977995674518,39.04704511939244],[-77.29579236670381,39.0471118548237],[-77.29231245275308,39.04523100393997],[-77.29095508186356,39.045361375259226]],[[-77.31344485878638,39.05216564691985],[-77.30937245683809,39.0525574096136],[-77.30954313751296,39.053595849592725],[-77.31471951120389,39.0540472390598],[-77.31531287379816,39.05346270931955],[-77.31548190933114,39.05281352398933],[-77.31344485878638,39.05216564691985]],[[-77.30928791246858,39.05288199812656],[-77.30877905387004,39.053141910886836],[-77.30920336734408,39.053206586600396],[-77.30928791246858,39.05288199812656]],[[-77.33033970263747,39.06013836540241],[-77.3294064947295,39.06033375937883],[-77.33025524307884,39.06046296861085],[-77.33033970263747,39.06013836540241]],[[-77.32957542037234,39.05968455409209],[-77.32855571361172,39.05851692554091],[-77.32728263083337,39.05832309217168],[-77.32821784652158,39.05981533291761],[-77.32957542037234,39.05968455409209]],[[-77.29486550021008,39.05574507349898],[-77.29410148563943,39.05529104435246],[-77.29401686990616,39.05561562262446],[-77.29486550021008,39.05574507349898]],[[-77.3249957863276,39.06202444499281],[-77.32219414366739,39.06092286605804],[-77.32482681434486,39.0626736443224],[-77.3249957863276,39.06202444499281]],[[-77.32219414366739,39.06092286605804],[-77.32185427150638,39.06053363716558],[-77.32176977359656,39.06085823462722],[-77.32219414366739,39.06092286605804]],[[-77.32151440298513,39.060144407370395],[-77.32058117128148,39.06033973505783],[-77.32134540428038,39.06079360174764],[-77.32151440298513,39.060144407370395]],[[-77.32796443828299,39.06078913804349],[-77.32830434435566,39.0611783502382],[-77.32838881345735,39.06085374831472],[-77.32796443828299,39.06078913804349]],[[-77.32745559112138,39.06104912766243],[-77.32711569019752,39.0606599131547],[-77.32703121563588,39.06098451420141],[-77.32745559112138,39.06104912766243]],[[-77.32711569019752,39.0606599131547],[-77.32550268416695,39.060076846075575],[-77.32541820308002,39.06040144599186],[-77.32711569019752,39.0606599131547]],[[-77.32550268416695,39.060076846075575],[-77.32516279824603,39.05968762629246],[-77.32507831609371,39.060012225955205],[-77.32550268416695,39.060076846075575]],[[-77.3253317602872,39.059038426850684],[-77.32609600926529,39.05949226421375],[-77.32618048626888,39.05916766388896],[-77.3253317602872,39.059038426850684]],[[-77.32151253071807,39.058456788466835],[-77.32397419087044,39.05916915929129],[-77.32439661383971,39.05754616458625],[-77.32100181643486,39.05702913306898],[-77.31921811199834,39.05540756002563],[-77.32151253071807,39.058456788466835]],[[-77.31921811199834,39.05540756002563],[-77.31887828155719,39.0550183233722],[-77.31879377676991,39.05534291849297],[-77.31921811199834,39.05540756002563]],[[-77.26329453241539,39.03809972529752],[-77.26889435821181,39.040305467393814],[-77.2744937432787,39.04082334363506],[-77.27805765760868,39.04238012563394],[-77.29121360633232,39.05113811175562],[-77.29876762556225,39.054315331279966],[-77.30301077369208,39.05496236530605],[-77.30063265906458,39.052237379699875],[-77.29044851206052,39.0489964440441],[-77.28128121099518,39.04185985263843],[-77.27746323659281,39.041276861939345],[-77.2796689897741,39.04127619249499],[-77.27898988811518,39.04049750390126],[-77.27635994810002,39.04043337499065],[-77.27457764654852,39.03881116587271],[-77.2666868366459,39.035243106107856],[-77.2544709574205,39.03303816731857],[-77.24929625875814,39.03089665778687],[-77.25328357811995,39.034206638471694],[-77.25990063639743,39.03589341318144],[-77.26329453241539,39.03809972529752]],[[-77.26057949061916,39.03667220551562],[-77.26007057141989,39.03693191800057],[-77.26049474692326,39.03699675988923],[-77.26057949061916,39.03667220551562]],[[-77.30496175444299,39.054247381653845],[-77.30419769256045,39.053793414718854],[-77.3025004473108,39.053534634759345],[-77.30394398355905,39.054767169785144],[-77.30496175444299,39.054247381653845]],[[-77.30521544799775,39.053273624598035],[-77.30597951077263,39.05372758523204],[-77.30606407089722,39.053402998922714],[-77.30521544799775,39.053273624598035]],[[-77.32074461247461,39.054627686944805],[-77.32099995614765,39.05534151508749],[-77.3215932788054,39.054756955218586],[-77.32074461247461,39.054627686944805]],[[-77.30241444236653,39.05217160136352],[-77.30275417134614,39.05256088285183],[-77.30283874451416,39.05223629880442],[-77.30241444236653,39.05217160136352]],[[-77.28917681907339,39.050489836960914],[-77.28883717247605,39.05010051848782],[-77.28875253928112,39.050425092878484],[-77.28917681907339,39.050489836960914]],[[-77.28883717247605,39.05010051848782],[-77.28807325487313,39.04964645271882],[-77.28798861879628,39.049971026563306],[-77.28883717247605,39.05010051848782]],[[-77.28510335353123,39.04919318741003],[-77.28586724782221,39.04964727140629],[-77.28595189299293,39.04932269902553],[-77.28510335353123,39.04919318741003]],[[-77.29842523743183,39.050550804567024],[-77.29876493747645,39.050940096853886],[-77.29884952656955,39.050615515614616],[-77.29842523743183,39.050550804567024]],[[-77.29681268586698,39.04996736607703],[-77.29715237455062,39.05035666273379],[-77.29723697016435,39.05003208262561],[-77.29681268586698,39.04996736607703]],[[-77.2862058239704,39.048348981647145],[-77.28654544829408,39.048738307195734],[-77.28663008937876,39.04841373440423],[-77.2862058239704,39.048348981647145]],[[-77.28399985626841,39.04834976717269],[-77.28501767988355,39.04783014302638],[-77.28306569573476,39.04685719674624],[-77.2828963846087,39.047506337256586],[-77.28399985626841,39.04834976717269]],[[-77.29604871985356,39.049513349365036],[-77.29486048649943,39.04899460478556],[-77.294775881483,39.04931918321657],[-77.29604871985356,39.049513349365036]],[[-77.29486048649943,39.04899460478556],[-77.29452081645218,39.04860530195427],[-77.29443621037233,39.048929880131965],[-77.29486048649943,39.04899460478556]],[[-77.29248407066125,39.047957081670425],[-77.291211269058,39.047762879050474],[-77.29044736119023,39.04730882806569],[-77.29104202855294,39.04841203076291],[-77.29231484106884,39.0486062351388],[-77.29248407066125,39.047957081670425]],[[-77.28221719019008,39.04672766547165],[-77.28255678558082,39.04711700181515],[-77.2826414425845,39.046792431833026],[-77.28221719019008,39.04672766547165]],[[-77.27296778176806,39.043290260900626],[-77.27330731157288,39.04367962229721],[-77.27339200586393,39.04335505881312],[-77.27296778176806,39.043290260900626]],[[-77.27542765031994,39.04231597696339],[-77.27508811552845,39.04192662145404],[-77.27500343047257,39.04225118601478],[-77.27542765031994,39.04231597696339]],[[-77.2751727998283,39.04160205685358],[-77.27313642274886,39.04095352014188],[-77.27084597682186,39.04127863525172],[-77.27457921138127,39.04218639361812],[-77.2751727998283,39.04160205685358]],[[-77.25922222268274,39.03680222987943],[-77.25811921369856,39.035958581567506],[-77.25837387697177,39.03667253596671],[-77.25922222268274,39.03680222987943]],[[-77.2801769570003,39.03932878577875],[-77.28051650691016,39.039718127203706],[-77.28060116440682,39.039393559025804],[-77.2801769570003,39.03932878577875]],[[-77.27678332495809,39.03881054767204],[-77.2779712628995,39.03932946424398],[-77.27805593130495,39.03900489782254],[-77.27678332495809,39.03881054767204]],[[-77.27856480076383,39.03874511155601],[-77.27296405689187,39.034852193542584],[-77.26821347698254,39.034463881328215],[-77.27483169313054,39.0378374735159],[-77.27856480076383,39.03874511155601]],[[-77.26795872483792,39.03374994737543],[-77.26872234982389,39.034204135587956],[-77.26880705354306,39.03387957575577],[-77.26795872483792,39.03374994737543]],[[-77.26329297102748,39.03303688775955],[-77.26363240115266,39.033426274917986],[-77.26371712668353,39.03310171860035],[-77.26329297102748,39.03303688775955]],[[-77.25353759971071,39.031545378819565],[-77.25387697063516,39.03193479253935],[-77.2539617379678,39.03161024296018],[-77.25353759971071,39.031545378819565]],[[-77.26643150348333,39.03284155697012],[-77.2638865754764,39.03245260584513],[-77.26380185145813,39.03277716224274],[-77.26668623745137,39.03355549394571],[-77.26643150348333,39.03284155697012]],[[-77.24471558839278,39.02817074357597],[-77.24649696293628,39.029793378196025],[-77.24853278984934,39.03044235039806],[-77.24802370517305,39.02901440231957],[-77.24471558839278,39.02817074357597]],[[-77.24463060918505,39.02512006651972],[-77.24395203359398,39.024341188538834],[-77.24378242577875,39.024990273199045],[-77.24463060918505,39.02512006651972]],[[-77.24395203359398,39.024341188538834],[-77.24361275124893,39.0239517481958],[-77.24352794665982,39.02427629029338],[-77.24395203359398,39.024341188538834]],[[-77.2409834356045,39.02051165287066],[-77.23928711894938,39.02362722822281],[-77.24123789372565,39.02460085849513],[-77.2409834356045,39.02051165287066]]],[[[-77.26236491989869,39.050107919981976],[-77.26202492756754,39.04803091186582],[-77.26244916956959,39.048095747203696],[-77.26236491989869,39.050107919981976]]],[[[-77.2644867478554,39.052119693575754],[-77.26304393325009,39.0508867007538],[-77.26542002459345,39.05192478755002],[-77.26584603183085,39.05705246542422],[-77.26499743798192,39.05692281629843],[-77.2644867478554,39.052119693575754]]],[[[-77.26584719162192,39.06042770399508],[-77.26610084488955,39.057766406589266],[-77.26694945055408,39.05789604819761],[-77.26584719162192,39.06042770399508]]],[[[-77.28810066504023,39.09183702275673],[-77.28945778071241,39.090019052529236],[-77.2885251860684,39.09190176955077],[-77.28810066504023,39.09183702275673]]],[[[-77.27298791104883,39.08885604140501],[-77.27476982986443,39.08710303093604],[-77.27612800951124,39.08697283550092],[-77.27434612665489,39.08872586539947],[-77.27366968586635,39.09469765816576],[-77.27298791104883,39.08885604140501]]],[[[-77.27366968586635,39.09469765816576],[-77.27536939267009,39.098332095832596],[-77.27418128238374,39.099500780451784],[-77.27443710600997,39.10190234244742],[-77.27324741799609,39.09969575398748],[-77.27188899534075,39.09982591825457],[-77.27384148702248,39.09911141750617],[-77.27366968586635,39.09469765816576]]],[[[-77.27188899534075,39.09982591825457],[-77.2705312568627,39.10164369998965],[-77.27061534011881,39.099631502779005],[-77.27188899534075,39.09982591825457]]],[[[-77.27520148785806,39.10235649639938],[-77.27316565833897,39.10677085321273],[-77.27477691761713,39.10229170397189],[-77.27520148785806,39.10235649639938]]],[[[-77.25575791642942,39.1041128879731],[-77.25091733445123,39.09898556662348],[-77.25405905550288,39.100478178233004],[-77.2540593619225,39.102165810776185],[-77.25558788591043,39.10307436464512],[-77.25575791642942,39.1041128879731]]],[[[-77.25737210679758,39.10807213345463],[-77.25643808712111,39.10826698102865],[-77.25635396092413,39.11196680767655],[-77.2555047424984,39.11183709239434],[-77.2564377254151,39.10657934651877],[-77.25575791642942,39.1041128879731],[-77.25728650262737,39.10502142129521],[-77.25652293208321,39.10794242522458],[-77.25737210679758,39.10807213345463]]],[[[-77.2469276938137,39.10917653483178],[-77.24531425470748,39.108592421649675],[-77.24556893755356,39.1076187768446],[-77.24675777768168,39.10813799842038],[-77.2469276938137,39.10917653483178]]],[[[-77.25397847183845,39.124429639026275],[-77.25567754488037,39.12637672576791],[-77.2555078035696,39.12702583852721],[-77.25363896491257,39.125727859256514],[-77.25397847183845,39.124429639026275]]],[[[-77.26468996635052,39.154416206828174],[-77.26392563813111,39.155649634019255],[-77.26460565540081,39.15642842197948],[-77.26316128393924,39.15688305683046],[-77.26367156309902,39.15831097720545],[-77.26095248489351,39.158571084628704],[-77.26129343912777,39.162335792525724],[-77.25976315659337,39.159739645475135],[-77.25670439241233,39.16129790556514],[-77.25738361718885,39.158701428966026],[-77.25942272524551,39.157662586637194],[-77.26103643073664,39.154871220241425],[-77.26044134734221,39.15376785157002],[-77.2624792683359,39.149353661839335],[-77.2607794751919,39.147406658997504],[-77.25916550041151,39.14851036914851],[-77.2592508075035,39.1498734573695],[-77.25653275771151,39.15350876665748],[-77.25517329818936,39.15363874965312],[-77.25491858270954,39.154612423095074],[-77.2523694476823,39.15422322709744],[-77.25152023732122,39.157468785230435],[-77.24939588783566,39.15714440063448],[-77.24803651409997,39.158961957428616],[-77.24854651035551,39.16038994044334],[-77.246592121553,39.16110405259221],[-77.24676215929613,39.162142600308215],[-77.24395791260922,39.162726889205516],[-77.24115361414616,39.16162346173222],[-77.24013386400162,39.16383039116655],[-77.24081370262981,39.16460931048709],[-77.23987891102625,39.16480403587676],[-77.23936908912535,39.161688362755896],[-77.23580002951394,39.16181808801691],[-77.23299589017616,39.16071447688194],[-77.23427036289338,39.16259693313695],[-77.23146599813508,39.163180940525685],[-77.23078580437674,39.16577727797028],[-77.22840619188896,39.16642616028335],[-77.22891585438487,39.16785422598135],[-77.22687537279764,39.172267882676955],[-77.22789504131694,39.17343637106195],[-77.22457981843355,39.17596746771785],[-77.22067016158135,39.175707254839864],[-77.22228575854255,39.17291638071413],[-77.22373030648856,39.17414987602227],[-77.22517526844887,39.173695697353864],[-77.2249208218011,39.171293999498964],[-77.2237311034634,39.17077456246487],[-77.22483650701366,39.168243226143495],[-77.2238169606839,39.16707471398619],[-77.22084265660482,39.166619902220475],[-77.21931272831723,39.16739856421798],[-77.21650862412015,39.166294580196656],[-77.21438355717777,39.16765725188218],[-77.20971044735181,39.165254506894044],[-77.20656523993591,39.167136063558836],[-77.20495083745976,39.16655141976122],[-77.20767118667959,39.16460488172698],[-77.20690736161619,39.16246265354946],[-77.20776016429197,39.15584209414276],[-77.20894952362394,39.15636168224265],[-77.20750247820298,39.16187862691365],[-77.20818118841788,39.164345377674515],[-77.21039068142402,39.16434593853141],[-77.21429907175391,39.166294127985],[-77.2159992166751,39.16486646415944],[-77.22058790660016,39.165905853232736],[-77.22169289980283,39.16506220126649],[-77.22619663545737,39.166425919355426],[-77.2268769994375,39.16382960664725],[-77.22925627050444,39.164868407712305],[-77.22942660106816,39.162531672236085],[-77.23078627319205,39.16240197036619],[-77.23274104135358,39.160000453670335],[-77.23027685841565,39.159286261572795],[-77.22730314833655,39.15714395334336],[-77.22942739903758,39.1574687151841],[-77.23078674196377,39.15902666515528],[-77.2350354037188,39.15967603387379],[-77.23681988314465,39.15961119503785],[-77.23962409584581,39.15733941569012],[-77.24191834334204,39.15701486913971],[-77.24480752258245,39.15948137914006],[-77.24761163705851,39.158897071492],[-77.24752653790824,39.15753397274948],[-77.24616698688843,39.15766385743173],[-77.24523219762996,39.156170971449995],[-77.2465917223642,39.15604109702389],[-77.24735634919467,39.154807776251424],[-77.2489708318532,39.15539186833456],[-77.24914050563369,39.153055110546845],[-77.25270911056693,39.152925002833626],[-77.25474812326914,39.151886238371155],[-77.25279346996446,39.14922514835416],[-77.25474780062929,39.15019858916934],[-77.25772125240894,39.148964940093194],[-77.25950458186502,39.14552448029795],[-77.2627328475046,39.14500467864807],[-77.26409159203843,39.143186966533776],[-77.26196760425145,39.14286279756501],[-77.2589095983535,39.144421106423806],[-77.25780495813086,39.143577438337864],[-77.25593635284763,39.14565478275739],[-77.25457672067694,39.14409711193956],[-77.25168807321674,39.14331848290003],[-77.24964925734177,39.14435719537724],[-77.24956413698018,39.142994102119964],[-77.2454013612996,39.143708327803935],[-77.24582603225304,39.14208557467711],[-77.24276766856647,39.141955840051146],[-77.24106858649165,39.14338386281863],[-77.24200307275872,39.14150148314694],[-77.24004914705206,39.14052784384615],[-77.24030401250793,39.13955420367543],[-77.24225791543205,39.14052783878009],[-77.24633561234182,39.14013826971868],[-77.24616550910996,39.13741208132845],[-77.24820469133306,39.14143636249901],[-77.25279208412613,39.14078691278073],[-77.25270690895246,39.13942382266546],[-77.25398151895686,39.141306068690284],[-77.25695499349581,39.14176008587452],[-77.2578898382442,39.14325287932713],[-77.25975876488585,39.14286315264477],[-77.25967345649431,39.141500066728625],[-77.26324147462974,39.14136965717818],[-77.26230654410699,39.13987690452211],[-77.26332528395872,39.137669804327416],[-77.2622206951364,39.13682617661477],[-77.26357982728557,39.136696117053965],[-77.26553281886355,39.13429409796011],[-77.26255959641006,39.133840286530805],[-77.26137069901353,39.135008856815475],[-77.2582277371965,39.13520406335182],[-77.26187981260172,39.13306149098382],[-77.25941625730967,39.13234788001309],[-77.25882138309603,39.13124450865971],[-77.25695275043593,39.131634220344566],[-77.25720735804812,39.13066054729704],[-77.2549988898043,39.13066081784471],[-77.25635755954366,39.128843195486226],[-77.2555078035696,39.12702583852721],[-77.25788667377917,39.1297517258271],[-77.2611995708856,39.13059504938875],[-77.26298382623486,39.13221747808831],[-77.26595698489733,39.13267127922853],[-77.26655138234263,39.13208697382629],[-77.26425748898669,39.13072433050436],[-77.26366149515364,39.126245700141574],[-77.26485076952328,39.12676475058772],[-77.26655078549683,39.13039933146126],[-77.26875924572622,39.13039885576998],[-77.2699479487603,39.12923021593871],[-77.26986381274115,39.131242424319964],[-77.27113731693272,39.129749206570665],[-77.27648927017147,39.13124070308467],[-77.27631887967287,39.1302022026232],[-77.27385527951672,39.12948887809314],[-77.27402486258963,39.128839739983825],[-77.27759223289644,39.128708919086264],[-77.27444880700881,39.12721689406632],[-77.27359861737514,39.125399661347494],[-77.27801609683671,39.127086061050825],[-77.27877988514065,39.12585255446211],[-77.27767529654238,39.12500906601267],[-77.28064825186527,39.12546251527215],[-77.28132722562889,39.12455356672605],[-77.27843819579012,39.12208792251957],[-77.27699459385138,39.12254271480177],[-77.27724890090953,39.12156900250334],[-77.27427534994139,39.11942783367679],[-77.27206722333453,39.119428407327234],[-77.27223679889856,39.11877927294878],[-77.27300134460062,39.11923344191329],[-77.27452968254723,39.11845412753666],[-77.27588926257442,39.12001157221477],[-77.27920192436508,39.12085441455829],[-77.27903151944642,39.119815919953275],[-77.28039030316592,39.119685677129425],[-77.28064640319583,39.122087235729765],[-77.28378873704767,39.12189146317076],[-77.2843839139341,39.12299471300585],[-77.2865074206774,39.12331849789136],[-77.28506179098757,39.12039810561461],[-77.28735574846446,39.12176036237107],[-77.28854290312364,39.118903908444445],[-77.28522919118771,39.11637367772326],[-77.28888175427927,39.11760559475411],[-77.28845487138057,39.114165574698276],[-77.28658577496806,39.112868093923154],[-77.2891336418596,39.11325658554754],[-77.28947132692142,39.11027063616293],[-77.29032403456654,39.1154630277023],[-77.29338136730276,39.115591592295125],[-77.29270262816169,39.116500605048465],[-77.29355196747434,39.116630066362774],[-77.29066515176069,39.117539984151115],[-77.29041103866778,39.118513723106865],[-77.29202506064357,39.11909725209761],[-77.29041218982236,39.12020136132717],[-77.2913474446772,39.121693896777835],[-77.28998864304403,39.12182425938851],[-77.2904992033027,39.123252059508836],[-77.29185803073187,39.123121691282066],[-77.29330276947374,39.124354365971826],[-77.29559573475764,39.12402883174764],[-77.29635790295207,39.12110757893035],[-77.29720992095127,39.124612294070396],[-77.30035231934846,39.12441610284392],[-77.29941684439176,39.122923634327094],[-77.30222053321579,39.12402573965724],[-77.3014543465666,39.12188411071915],[-77.30485352295942,39.124089321956774],[-77.30595690069946,39.12324492917258],[-77.30604002750329,39.12123269971361],[-77.30417043511773,39.1199354815215],[-77.30748342146076,39.12077757037076],[-77.30748187364345,39.11908993214468],[-77.30561231066154,39.11779273617793],[-77.30807582583839,39.11850542990656],[-77.30858357152043,39.116557879496945],[-77.30739260623817,39.114351611728694],[-77.30909287509063,39.11629796448066],[-77.31113005292222,39.11525828368605],[-77.31104707396713,39.117270514184405],[-77.30994384616046,39.118114951141145],[-77.31121793065364,39.118308964336315],[-77.31028553684523,39.12019185479747],[-77.31113495064785,39.12032119609581],[-77.31096571914782,39.12097038366553],[-77.30969158864215,39.1207763677844],[-77.3090992162894,39.123048516961916],[-77.31029037603105,39.12525477215268],[-77.31241240177557,39.12389047500333],[-77.31309264151591,39.12466899280505],[-77.31487619050839,39.1246030348553],[-77.31547186182684,39.125706136425045],[-77.31691351849798,39.12356325760783],[-77.31810312932863,39.124081798415276],[-77.31869703686468,39.123497244870684],[-77.31818951387365,39.12544483922974],[-77.32005765829393,39.12505420798923],[-77.32065341201235,39.12615728483552],[-77.3222640638686,39.12336514265727],[-77.32311353610879,39.12349440220801],[-77.32099917099349,39.1316094451109],[-77.31972482702555,39.13141553163029],[-77.31836769551394,39.133233846835],[-77.31624375688561,39.1329106054038],[-77.31692588976483,39.13537674664614],[-77.31590706743123,39.13589664074258],[-77.31539591872098,39.13446894139458],[-77.31437880657745,39.13667646634028],[-77.31480017667721,39.133365837531414],[-77.31199758936273,39.1339516563712],[-77.3103000564271,39.135380622149526],[-77.30953510750015,39.13492668110127],[-77.311317274409,39.13317313113783],[-77.31471384632609,39.13200279221095],[-77.31326859202699,39.130770364434916],[-77.31675138423466,39.13096301609002],[-77.31759915238344,39.1294046719538],[-77.31598469589511,39.1288214737579],[-77.31394720709422,39.129861236872856],[-77.31462580517103,39.12895210577284],[-77.31318061307591,39.12771967772488],[-77.3109722348389,39.12772094227066],[-77.30969958537946,39.12921456721242],[-77.30834067599807,39.129345130558555],[-77.30901775576446,39.12674838938397],[-77.30731878838438,39.12648967173272],[-77.30596143832018,39.128307849750634],[-77.30477184496831,39.12778919235741],[-77.30400847779953,39.1290228590199],[-77.30273422460853,39.12882877154],[-77.30188756223309,39.13207465621712],[-77.29755654725149,39.13343980228273],[-77.29730378249627,39.136101201882255],[-77.29543396338063,39.134803848498244],[-77.29780929348026,39.13077840359217],[-77.2938183343512,39.13253271904732],[-77.29118504815658,39.13246890297914],[-77.29127093742342,39.13383196471847],[-77.28957186757647,39.13357300424275],[-77.28940241242861,39.134222164159546],[-77.29212285920171,39.13733672360648],[-77.29365505334295,39.14162010590429],[-77.28982945812416,39.13766219465476],[-77.28915159039288,39.14025883699352],[-77.28660383891076,39.141557989097606],[-77.28753712113208,39.139675268236395],[-77.2883867223062,39.13980476543249],[-77.28863982676977,39.13714338197757],[-77.28592163070873,39.13740403397587],[-77.28736439156214,39.13526149283323],[-77.28405097781966,39.13441886552354],[-77.2854100257766,39.134288567469035],[-77.28489948798574,39.132860743316996],[-77.2865985245048,39.13311976758855],[-77.28778698497572,39.131950956624806],[-77.28472897341695,39.13182225404564],[-77.28404897077009,39.13104358001178],[-77.28277570938225,39.1325369303554],[-77.28107670013686,39.13227785388854],[-77.28175763272633,39.13474418753671],[-77.2801442582696,39.13584816701306],[-77.28167381757164,39.13675640611934],[-77.28065472356174,39.137276011543136],[-77.28065564826171,39.13896365615744],[-77.27972039074567,39.137471035152636],[-77.27844605426702,39.13727669847873],[-77.27870039346207,39.13630298034862],[-77.27513265207962,39.136433833229106],[-77.27394237720448,39.13422723649056],[-77.27300806559118,39.13442220955434],[-77.27080017865316,39.136110404403766],[-77.27411351579356,39.136953385019986],[-77.27343433579072,39.13786229643107],[-77.27691820003281,39.139743708820006],[-77.27700383008491,39.141106782399234],[-77.27454063583916,39.14208111559095],[-77.27292624350949,39.14149735696874],[-77.27437102645142,39.142730256136375],[-77.274201414031,39.143379396536425],[-77.27301180068982,39.14286043378117],[-77.27309736108249,39.144223510913534],[-77.27122776537924,39.142925791507615],[-77.27292847897726,39.14656029705029],[-77.26952988661102,39.146041850384314],[-77.26732156545002,39.147729987469255],[-77.2657919545258,39.14682156983528],[-77.2655374053668,39.14779526364372],[-77.26885186512055,39.15032603506658],[-77.27335557184331,39.15168804175525],[-77.27548067324295,39.15369966658263],[-77.26851250305971,39.15162430269037],[-77.26638943520082,39.15467550832714],[-77.26808954899555,39.15662243743006],[-77.26468996635052,39.154416206828174]],[[-77.2645163918716,39.1432517959777],[-77.26570595090055,39.14377084002393],[-77.26740455742521,39.14234248064337],[-77.26816805196451,39.13942139002765],[-77.2659593173179,39.13942185521863],[-77.26536428573112,39.138318513592914],[-77.2646855369998,39.14091502284927],[-77.26579021666122,39.14175862936952],[-77.2645163918716,39.1432517959777]],[[-77.30222053321579,39.12402573965724],[-77.30247593880699,39.12473961512229],[-77.30264525497547,39.1240904386266],[-77.30222053321579,39.12402573965724]],[[-77.31759915238344,39.1294046719538],[-77.3181085137792,39.129144719349995],[-77.31768374868989,39.129080073131576],[-77.31759915238344,39.1294046719538]],[[-77.29738453691536,39.130713688019334],[-77.29661971788589,39.13025966796227],[-77.29653502605673,39.130584252523995],[-77.29738453691536,39.130713688019334]],[[-77.24939568959508,39.155456749582015],[-77.249735617563,39.15584618370251],[-77.24982054809632,39.155521629379365],[-77.24939568959508,39.155456749582015]],[[-77.28447270405036,39.1294206992171],[-77.28523743829759,39.12987479389853],[-77.28532217979308,39.1295502170789],[-77.28447270405036,39.1294206992171]],[[-77.29517228148947,39.12565174868981],[-77.29194510844466,39.126172390212034],[-77.29313458370089,39.126691170134094],[-77.29517228148947,39.12565174868981]]],[[[-77.26808954899555,39.15662243743006],[-77.27165972687294,39.159867089298444],[-77.27038501882448,39.15967266913741],[-77.26808954899555,39.15662243743006]]],[[[-77.25024715159846,39.16908773320741],[-77.25288145076433,39.167464761258],[-77.2536454969113,39.16285609095982],[-77.25517496107695,39.162077007599606],[-77.25500480312829,39.16103847139977],[-77.25670439241233,39.16129790556514],[-77.25806439241751,39.16285555867559],[-77.2565349428597,39.163634677683454],[-77.25594090732454,39.16759424787061],[-77.25432609717004,39.16701024474941],[-77.2506723186048,39.17084026619362],[-77.25024715159846,39.16908773320741]]],[[[-77.23698941687297,39.16740037093121],[-77.2358846817534,39.16655650416601],[-77.23622469717586,39.16525832158163],[-77.2374994900627,39.163765437969154],[-77.23877418182964,39.16396019522997],[-77.23970893857626,39.16545313217102],[-77.23868914136955,39.16597239676315],[-77.2388590307258,39.16869861149448],[-77.23800924630152,39.166881120113885],[-77.23698941687297,39.16740037093121]]],[[[-77.2506723186048,39.17084026619362],[-77.25024758776023,39.17246304559054],[-77.2481229737856,39.173826295222156],[-77.2479528891983,39.17278774679759],[-77.24982242150342,39.170710510548076],[-77.2506723186048,39.17084026619362]]],[[[-77.30538894105878,38.86634009629159],[-77.3036102506945,38.864718344375135],[-77.30420216105307,38.864133883824564],[-77.30081651547358,38.86361631526197],[-77.30022320786753,38.86251318883199],[-77.29853043083746,38.8622543618004],[-77.2950617812155,38.863748778960925],[-77.29438416917633,38.86297019437308],[-77.299714283508,38.86108548677606],[-77.3010668132812,38.859267453085906],[-77.30267518002684,38.85985082031915],[-77.30631215279529,38.85770703617535],[-77.3090198459052,38.857445950182374],[-77.31088279200466,38.85874304264846],[-77.31088441303412,38.8604306125606],[-77.30859824020335,38.85906884535263],[-77.30580614954339,38.859654499244286],[-77.30411488339337,38.86108331869192],[-77.30022183362935,38.8608256183879],[-77.30225484043557,38.86316126488955],[-77.30530161108564,38.86328953121669],[-77.30504857996077,38.864263261515894],[-77.30691162963825,38.86556041470729],[-77.30589650753846,38.8660802045013],[-77.30708337052798,38.86828640123999],[-77.30598386575643,38.869130770148125],[-77.30471415123546,38.868936710916316],[-77.30538894105878,38.86634009629159]]],[[[-77.29354388235213,38.87127860170288],[-77.29904472819211,38.87043235495681],[-77.30048457919983,38.87166489702806],[-77.29879427136642,38.874781218713245],[-77.29701552173944,38.87315937052983],[-77.2957457609164,38.87296521931475],[-77.29540816954544,38.874263501737985],[-77.29227535393778,38.87277198750627],[-77.29354388235213,38.87127860170288]],[[-77.2957457609164,38.87296521931475],[-77.29549130360729,38.872251358452885],[-77.29532250881223,38.872900499352944],[-77.2957457609164,38.87296521931475]]],[[[-77.287284086147,38.87673326466304],[-77.28668981548556,38.873942498579346],[-77.28804400120279,38.87381217714386],[-77.2892282098133,38.87264340073717],[-77.29100561249466,38.872577787732496],[-77.28914490237344,38.87465553991006],[-77.29033025241876,38.87517432591118],[-77.29024697251513,38.87718646643169],[-77.287284086147,38.87673326466304]]],[[[-77.27805773656982,38.8766714700211],[-77.28093516804205,38.8757618795805],[-77.28118856128242,38.87478819723731],[-77.28245831507216,38.87498249764585],[-77.28601219811003,38.87316386728211],[-77.28609768501786,38.874526876138816],[-77.28169721837806,38.87621597765006],[-77.2815292331507,38.87855267386138],[-77.27975167621224,38.878618150997134],[-77.28026124419034,38.881733512419956],[-77.2762818626139,38.880112045317944],[-77.27805773656982,38.8766714700211]]],[[[-77.27315516886111,38.892120650005275],[-77.27188298604447,38.88686352506571],[-77.27018974404739,38.8866043101225],[-77.26908953539025,38.887448353474],[-77.26866557902565,38.88569596666898],[-77.26502498278121,38.884463501400695],[-77.26663302029525,38.88335976295991],[-77.26637822110618,38.88095826673606],[-77.26764804290642,38.88115271902863],[-77.26857847976493,38.8792702198236],[-77.26696995747324,38.87868640869617],[-77.26595436770305,38.87920587204364],[-77.26553053468531,38.877453476271825],[-77.26756227512043,38.87810212224933],[-77.26798490478599,38.87647936325138],[-77.2702708646812,38.87784188247548],[-77.26934048978141,38.87972439406128],[-77.2721343664083,38.88082713487629],[-77.27010318634939,38.88186613818764],[-77.26934246807467,38.88478711847943],[-77.27365999171042,38.885110585177095],[-77.27264509607156,38.887317679405676],[-77.27315442102221,38.89043307335032],[-77.2742554009726,38.89127657007918],[-77.27315516886111,38.892120650005275]]],[[[-77.28772688607454,38.90717439300566],[-77.28518418147905,38.90341072654088],[-77.28577655405677,38.90282635126097],[-77.28848930737806,38.90762845108607],[-77.28730559400567,38.91048480599847],[-77.28772688607454,38.90717439300566]]],[[[-77.2707065613073,38.90828307532523],[-77.26833508013391,38.907245112374135],[-77.26816532983165,38.90620663901639],[-77.26409976844683,38.90322174958779],[-77.26359126769597,38.901793892207486],[-77.26511514455119,38.90101472093964],[-77.26562252281207,38.899067414512146],[-77.2669778180508,38.90062490137334],[-77.26587793979841,38.903156496736536],[-77.27265466686188,38.90925619538479],[-77.27189304602494,38.91048962044874],[-77.2707065613073,38.90828307532523]]],[[[-77.27282448827577,38.9102946630054],[-77.27460282446843,38.91022928495792],[-77.27561959024422,38.9113973295046],[-77.27468814137423,38.911592307973294],[-77.27282448827577,38.9102946630054]]],[[[-77.2787546038888,38.91457685339924],[-77.2769761652735,38.914642291030525],[-77.27485799722699,38.912630773125116],[-77.27511159996821,38.91165709871899],[-77.2787546038888,38.91457685339924]]],[[[-77.2613982984967,38.93217075759968],[-77.26419298600621,38.92989851371368],[-77.26470224717485,38.93301395965581],[-77.25860302554337,38.93275535314011],[-77.25860261453624,38.931067767453825],[-77.2613982984967,38.93217075759968]]],[[[-77.25258904822779,38.93554707530106],[-77.25343562290398,38.93230163434071],[-77.25453700746212,38.93314531081015],[-77.25360551916614,38.9350277176925],[-77.25479192143239,38.93723443434772],[-77.2530975689429,38.936974984216086],[-77.2535208626823,38.935352262221116],[-77.25258904822779,38.93554707530106]]],[[[-77.25716418628058,38.938272660500935],[-77.25479192143239,38.93723443434772],[-77.2573334728057,38.9376235661649],[-77.25716418628058,38.938272660500935]]],[[[-77.25716418628058,38.938272660500935],[-77.25818106389838,38.939440852448755],[-77.25648664798778,38.939181448533866],[-77.25716418628058,38.938272660500935]]],[[[-77.25835034407429,38.93879175661938],[-77.26089196882286,38.93918081560594],[-77.26190891893376,38.940348977139685],[-77.26097706297799,38.940543853370855],[-77.25835034407429,38.93879175661938]]],[[[-77.31001935262081,38.92981652169216],[-77.30891579882181,38.927285754027864],[-77.30730589271099,38.926702462878865],[-77.30764351506197,38.92540413940803],[-77.31323098669495,38.92254509296156],[-77.31077728955256,38.92520769114611],[-77.31010214637641,38.92780435438971],[-77.31086654532722,38.92994586071603],[-77.30807175527102,38.93053157089874],[-77.30815772244149,38.93189457449913],[-77.31247821122763,38.93221669101173],[-77.31349589150136,38.93338442830942],[-77.31688487112548,38.93390165495334],[-77.31959535964738,38.933640335375685],[-77.32137235801497,38.93188670100995],[-77.32306683492399,38.93214521824006],[-77.32281380210024,38.933118993281155],[-77.32400034366118,38.933637461103416],[-77.3225607625088,38.93409276793637],[-77.32154292696914,38.932925104909266],[-77.32027389889099,38.93441878903251],[-77.31425874789852,38.933838329498634],[-77.31315833649924,38.93468276912483],[-77.31154659480704,38.93241194689825],[-77.30917532892617,38.933062347195],[-77.30756529302231,38.932479058954314],[-77.30756374730998,38.93079147371822],[-77.3059537745244,38.9302081647392],[-77.30468447404013,38.931701688780734],[-77.30349810157679,38.93118303631941],[-77.30239760552445,38.93202738016189],[-77.30070320478059,38.93176858055496],[-77.29850210464056,38.93345720910774],[-77.29494433750506,38.93358862564249],[-77.29409836437024,38.93514676379789],[-77.29842031776101,38.93715695663937],[-77.29867637045581,38.93955840443727],[-77.29723782046617,38.941701005206596],[-77.29774725977529,38.94312873213351],[-77.29571343588921,38.94248057552024],[-77.29512207798636,38.94475258964207],[-77.29325842626677,38.94514283435586],[-77.29300494958268,38.94611655029935],[-77.29444619518705,38.947349174650036],[-77.29377149053552,38.95163334684924],[-77.29453441516584,38.95208737051008],[-77.29250156655063,38.95312675068392],[-77.29191002191514,38.955398752938244],[-77.29343715511817,38.95799441045109],[-77.29276108925664,38.96059099121691],[-77.29055893328118,38.96227948571075],[-77.29013630872078,38.96390234022016],[-77.2915790337121,38.96682259473271],[-77.29301945596453,38.96636764538902],[-77.29547772252828,38.967080570091746],[-77.29513968982697,38.96837886810509],[-77.2926813827237,38.96766593656786],[-77.29335995129406,38.96844454122564],[-77.29200401433695,38.96857492238964],[-77.2906469182942,38.96701769459383],[-77.28835887734112,38.96734312876732],[-77.285818206896,38.97032981979621],[-77.28132548929635,38.96896830839711],[-77.28064888938071,38.97156482734623],[-77.27886905988478,38.971630292661175],[-77.27929465360559,38.97507026093384],[-77.27709006710447,38.97338332788141],[-77.27539559420475,38.974811776801744],[-77.27268341385545,38.97507213195438],[-77.2715811844275,38.97422861154788],[-77.27183504565788,38.97325493541265],[-77.27378414222916,38.97254045091454],[-77.27361416187703,38.971501975562596],[-77.26827464944728,38.971697992232954],[-77.26717313217425,38.97254202837424],[-77.26556255967381,38.971958191635906],[-77.2637832383711,38.97371103616398],[-77.26208800459912,38.97345170748455],[-77.25810481236047,38.975204828237736],[-77.25615513602729,38.97423147056797],[-77.25352819803675,38.97754205164663],[-77.25064639965231,38.978451018214976],[-77.24929019985987,38.97858093281927],[-77.24912055493677,38.977542423005595],[-77.24640805046043,38.97611460733717],[-77.24513662846567,38.97591993491383],[-77.24488240073457,38.9768935567851],[-77.24395003124619,38.97708830613534],[-77.24479756552549,38.97553050079757],[-77.24657752094883,38.97546552412449],[-77.24691645285667,38.97416735719533],[-77.24555989105755,38.967546850374546],[-77.24691589190351,38.967416976750776],[-77.2464075366464,38.96936422492313],[-77.24759412443846,38.96988342622695],[-77.2470013261631,38.975530411453846],[-77.25301938540194,38.97611413610489],[-77.25496874324362,38.97539994683849],[-77.25581602199452,38.973842066657724],[-77.25751124250729,38.97410148103094],[-77.25818909310497,38.97319268280671],[-77.25929115161037,38.97403632202135],[-77.26683336497639,38.97046505949265],[-77.26751106529846,38.96955621084789],[-77.26666348864951,38.96942657494468],[-77.2666628905382,38.96773898044884],[-77.26835673279841,38.96462305857396],[-77.26776309383676,38.96351976214746],[-77.26920425652649,38.96475268281957],[-77.26742581485566,38.968193171866965],[-77.26827401395832,38.97001039717384],[-77.27234274774085,38.97130758201094],[-77.27429178717601,38.97059308974744],[-77.27463176782393,38.97267003824092],[-77.27581861081708,38.97318896988782],[-77.27700463277658,38.972020294709104],[-77.27564779344195,38.970462902091626],[-77.27954662075287,38.97072137813489],[-77.27895187935947,38.96793053978368],[-77.28081619126776,38.96754050871827],[-77.2810699056263,38.96656681466779],[-77.2853077807726,38.96721444402725],[-77.28606976784656,38.96598092683976],[-77.2878494527124,38.96591535830367],[-77.28632340648761,38.9650072222737],[-77.28674505879891,38.96169678763361],[-77.28479434296798,38.95903628970338],[-77.28614801561282,38.95553080440544],[-77.286061384943,38.95248019045498],[-77.28411194350082,38.951507275297374],[-77.28495832048964,38.949949201683246],[-77.28089148339848,38.95034002427381],[-77.28105965474091,38.948003306911666],[-77.2756365066713,38.946836614209445],[-77.27512747503313,38.9454087957684],[-77.27343285987159,38.94514962313347],[-77.27224576365423,38.942943082381824],[-77.26995772280728,38.94158058802434],[-77.26690773842907,38.9414514513218],[-77.26538303440589,38.94223064883656],[-77.26521324464153,38.9411921665443],[-77.26199354383778,38.94002442666186],[-77.2629248791964,38.938141955488355],[-77.26207718482772,38.93632470195062],[-77.26351718802817,38.935870097085434],[-77.26385669919883,38.93794706468968],[-77.26267102123907,38.93911560844324],[-77.26402699881498,38.940673135882115],[-77.26597529979799,38.9399587774015],[-77.267246149514,38.940153235312835],[-77.26741596585126,38.94119171467111],[-77.2680933864292,38.9402828666897],[-77.27029608011,38.94028236367166],[-77.27012690296692,38.94093147593391],[-77.27343135026612,38.9417744464841],[-77.27385574789004,38.94352682992367],[-77.27673753690048,38.94599250611075],[-77.27987228084362,38.94579683826213],[-77.28029685695118,38.9475492006555],[-77.28233068515911,38.94819761049338],[-77.28199250568045,38.949495869114514],[-77.28656750221614,38.94884519508389],[-77.28521294609217,38.950663091415706],[-77.28817992526515,38.952803937319956],[-77.28699546514747,38.95566030695602],[-77.28758933149872,38.956763510079895],[-77.28623465354386,38.95858141964066],[-77.29089585948401,38.9592936091207],[-77.29004494035017,38.95410135902644],[-77.29123042292889,38.95293255117482],[-77.29012831382838,38.95208919826395],[-77.29241467250151,38.95007614223047],[-77.29122575334324,38.94618219259409],[-77.29139475456883,38.94553305109215],[-77.29258127464011,38.94605182036023],[-77.29232420744196,38.94196276977898],[-77.28893391311603,38.939757283942534],[-77.28766084330981,38.936187874447185],[-77.28461105346605,38.936059173134275],[-77.28393387836687,38.9369681107754],[-77.28147580032598,38.93456737409571],[-77.28511918009205,38.935799364149055],[-77.2857963295259,38.93489042018381],[-77.2874907499143,38.935149423550875],[-77.28961105173659,38.938848318652234],[-77.29308460108479,38.939041626673706],[-77.29325599760288,38.94176765802442],[-77.29444246957213,38.94228640921485],[-77.2951195629422,38.941377413533054],[-77.29333926821796,38.93975549862513],[-77.29520152228149,38.93767766601216],[-77.2929132174004,38.9363155961217],[-77.29248840317432,38.93456327967955],[-77.29282632616662,38.933264995170234],[-77.29587473865767,38.93170590885279],[-77.29248481432735,38.92950052319448],[-77.2927382401291,38.928526810559674],[-77.28850255033622,38.92787943856871],[-77.28731312646597,38.922297879929395],[-77.28451540631978,38.91782031003116],[-77.28282042760112,38.9158736845309],[-77.27883912378432,38.91425229256851],[-77.27985511032341,38.91373272134783],[-77.28434439329628,38.91509427549355],[-77.28544484276307,38.91425009377525],[-77.28713878172903,38.9145091012265],[-77.28798357240703,38.911263433843644],[-77.28730559400567,38.91048480599847],[-77.28857598638866,38.910679044595014],[-77.28925398017824,38.911457665513396],[-77.28815361704892,38.91230188072728],[-77.28798575572972,38.914638596277506],[-77.2856993483323,38.914963979010736],[-77.28451439499504,38.91613272788988],[-77.28603939460754,38.91704087996151],[-77.28621047564623,38.919766912864425],[-77.28926070739975,38.92158315751857],[-77.28884051337253,38.92658116610609],[-77.2927370381008,38.92683922606906],[-77.29350091623583,38.928980839109265],[-77.29909191600498,38.929497597405714],[-77.3015475911016,38.92852281329292],[-77.30247490149272,38.92326488074839],[-77.30332345184218,38.92508185478442],[-77.30231032208826,38.92897678766641],[-77.30425793442603,38.92826182908705],[-77.31001935262081,38.92981652169216]],[[-77.30231032208826,38.92897678766641],[-77.30180230441158,38.92923666683115],[-77.30222588971668,38.929301365125944],[-77.30231032208826,38.92897678766641]],[[-77.28301970976648,38.967539779760045],[-77.28335893996793,38.967929108949555],[-77.28344350128745,38.9676045425565],[-77.28301970976648,38.967539779760045]]],[[[-77.25166123111698,38.96274331835616],[-77.25420365646718,38.963132515731864],[-77.25411835554098,38.9600818762795],[-77.2530165682614,38.95923819287251],[-77.2536093579865,38.95696637498921],[-77.25530384296063,38.955538227345166],[-77.25708330014652,38.95547310017753],[-77.25445676629747,38.957096099818514],[-77.25437271410779,38.96079583031856],[-77.25547454068393,38.961639501874515],[-77.25488177111629,38.96391133021999],[-77.252424009452,38.9631976016686],[-77.25157678201003,38.96475545622066],[-77.24878017878136,38.96533983310151],[-77.24886507669694,38.96670288428924],[-77.24691589190351,38.967416976750776],[-77.2462377053348,38.96495052446986],[-77.2492886376871,38.96508016983537],[-77.25166123111698,38.96274331835616]]],[[[-77.26242865025317,38.97890388368859],[-77.26174934665876,38.97474991569351],[-77.26259697655145,38.97487958526504],[-77.2641240122501,38.97916320792734],[-77.26242865025317,38.97890388368859]]],[[[-77.23877957210053,38.976633973877675],[-77.24064432211726,38.976244545895696],[-77.24089860498405,38.97695852926538],[-77.23877957210053,38.976633973877675]]],[[[-77.24089860498405,38.97695852926538],[-77.24259384489899,38.97721814753556],[-77.24395003124619,38.97708830613534],[-77.24293290390922,38.97760758777207],[-77.24089860498405,38.97695852926538]]],[[[-77.25480225585895,38.99123742695491],[-77.24776516905258,38.98611031062344],[-77.24759552834087,38.98507179753019],[-77.25166473559217,38.98636966330324],[-77.25505640096634,38.99026378262534],[-77.25480225585895,38.99123742695491]]],[[[-77.24717239806579,38.993444911377104],[-77.2457305893127,38.985461330483176],[-77.24835903654918,38.99058890598188],[-77.24717239806579,38.993444911377104]]],[[[-77.26328256732837,38.99928474624315],[-77.26260453724603,39.000193575948366],[-77.26040002955074,39.00019394236816],[-77.2610780871758,38.999285124703526],[-77.26285860921972,38.999219914277425],[-77.26328204739683,38.99759714400371],[-77.26574107767757,38.998310661205714],[-77.264978407319,38.99954405963368],[-77.26328256732837,38.99928474624315]]],[[[-77.24835921029569,38.992276506406334],[-77.24997030561687,38.99454816924568],[-77.25319222634103,38.995716230627856],[-77.25293831721781,38.99837747400211],[-77.25599136491383,39.00188216072422],[-77.2557371917308,39.002855808749615],[-77.25488924809818,39.002726091760294],[-77.254634418511,39.00032453121021],[-77.2537865063482,39.00019480674108],[-77.25404130748957,39.002596368982054],[-77.25132801492242,39.00285625853762],[-77.25107377592148,39.00382989716533],[-77.24971689848233,39.00227221341894],[-77.24598602255313,39.001363713870774],[-77.24852976725211,39.001753029819945],[-77.24869927853521,39.0011039411308],[-77.25022561217615,39.002012544842515],[-77.25107330243999,39.000454690629475],[-77.25192121279348,39.00058443363569],[-77.25225963788105,38.995911042973276],[-77.24640946394062,38.994678194755984],[-77.24835921029569,38.992276506406334]],[[-77.24776596893724,38.994548311307675],[-77.24903772350281,38.994742957349736],[-77.24861362490066,38.992990475725364],[-77.24818971654503,38.992925593727904],[-77.24776596893724,38.994548311307675]]],[[[-77.25514310103254,39.000064842563845],[-77.25921285600009,38.99967486110099],[-77.25675421214706,39.00064881705723],[-77.25514310103254,39.000064842563845]]],[[[-77.25904428512068,39.003699170418045],[-77.2594674029942,39.00038880900111],[-77.25912814930383,38.999999412568386],[-77.26040002955074,39.00019394236816],[-77.26014636847518,39.002855202364884],[-77.25904428512068,39.003699170418045]]],[[[-77.26659018251658,39.00181550933408],[-77.26769277205261,39.00265907767284],[-77.2679480409143,39.00506061228881],[-77.26659077922137,39.003503112688726],[-77.26659018251658,39.00181550933408]]],[[[-77.24352714456884,39.0023374081166],[-77.24335752651703,39.00129888659294],[-77.24598602255313,39.001363713870774],[-77.24462938729623,39.00149357800702],[-77.24352714456884,39.0023374081166]]],[[[-77.24030507274595,39.002856697897165],[-77.23971154724839,39.00175326084506],[-77.24208570078729,39.00279178537968],[-77.2420009140527,39.00311632531605],[-77.24030507274595,39.002856697897165]]],[[[-77.23369064140073,39.00960690923136],[-77.23631932348674,39.0113595468148],[-77.2361496778313,39.01200861966359],[-77.23360564077204,39.011619049400785],[-77.23369064140073,39.00960690923136]]],[[[-77.22724345463661,39.02245814613847],[-77.22970297177397,39.02317238004334],[-77.22707370209336,39.02310720776513],[-77.22724345463661,39.02245814613847]]],[[[-77.25964726835491,39.04024230143327],[-77.26261664530759,39.0406961746224],[-77.2635503068842,39.04218889720774],[-77.25964726835491,39.04024230143327]]],[[[-77.2187551942889,39.04478533040803],[-77.22121583949642,39.043812119974135],[-77.22443948124217,39.044980937105485],[-77.22630606100226,39.04459172028096],[-77.22706985986724,39.04335855035562],[-77.22902100043336,39.04433237579183],[-77.23122751780735,39.03926972354845],[-77.22868255331439,39.03888005065245],[-77.22749466423734,39.040048276374016],[-77.2249496925026,39.03965852694135],[-77.22478025273018,39.0386199736579],[-77.22257458000367,39.03861966838047],[-77.22232026143588,39.03790564039293],[-77.22495006196117,39.037970913472655],[-77.22511950264649,39.039009466409304],[-77.22673123547598,39.039593834267315],[-77.22842817385697,39.03816603514109],[-77.23020967716602,39.03810129259122],[-77.23088823395891,39.03888024746356],[-77.23233046312127,39.03842599750559],[-77.23555404471071,39.03959452510304],[-77.23792951089116,39.03725790857057],[-77.23962614603346,39.037517569907756],[-77.2401351253267,39.03894555446016],[-77.24217115170518,39.0395946319533],[-77.24242570726211,39.041996233652974],[-77.24573453946488,39.044527570266595],[-77.24658295427629,39.04465735068333],[-77.24938223082354,39.04069778683346],[-77.25226677664435,39.04147645446121],[-77.25243661567931,39.04251497071309],[-77.25438807328894,39.04348839751563],[-77.25540604043044,39.04296901645709],[-77.26007235424836,39.043682373559605],[-77.26431399296222,39.042643113178535],[-77.26541717523175,39.04348670743872],[-77.26482349299656,39.044070997768905],[-77.26092078477967,39.04381205602665],[-77.25990417077702,39.04939432974534],[-77.25659498881816,39.04855098452595],[-77.25591641566686,39.049459785146375],[-77.25684931026576,39.047577327334096],[-77.2592252049971,39.04861553201494],[-77.25990284523084,39.04433148235474],[-77.25693333675444,39.043877544003756],[-77.25404895163557,39.044786599387315],[-77.25201241517101,39.042450101243475],[-77.24895823141165,39.04232052120876],[-77.24827962095635,39.04322927913029],[-77.25048543354127,39.04322912793248],[-77.25057045437688,39.04459219495629],[-77.24539525845073,39.045825748740604],[-77.24183185245337,39.04258041392855],[-77.24149248186555,39.04050335236745],[-77.23784459524056,39.039270060892804],[-77.23792937447381,39.04063313562957],[-77.2369113152143,39.04115237324452],[-77.23283930549084,39.039854012172505],[-77.23080312155568,39.040892395524274],[-77.22961471127047,39.045435871748474],[-77.2285965253835,39.04595504164125],[-77.22723902703524,39.04608471669925],[-77.22800282576046,39.04485154071912],[-77.22715444186548,39.044721633395774],[-77.22503312783769,39.046084455082735],[-77.2228272286572,39.04608415429348],[-77.2187551942889,39.04478533040803]]],[[[-77.2515044124251,39.04946024125305],[-77.25549217153211,39.04939492748264],[-77.25532260830131,39.05004403066964],[-77.25133481343777,39.050109339003704],[-77.25099560637747,39.05140753403086],[-77.25014710491396,39.051277783600824],[-77.2515044124251,39.04946024125305]]],[[[-77.22291131746105,39.04913485708231],[-77.22723902703524,39.04608471669925],[-77.22723871066788,39.04777233253129],[-77.22545696773697,39.04783703257395],[-77.22350497477998,39.05023838315848],[-77.22291131746105,39.04913485708231]]],[[[-77.22502981907876,39.061273015451725],[-77.22358829454987,39.05666432408615],[-77.22511657792275,39.052510390317984],[-77.22367442341317,39.051276940266476],[-77.22392919527658,39.05030335006888],[-77.22596504907028,39.052640311735395],[-77.22443719290182,39.05510663754995],[-77.2254548210365,39.05796273809337],[-77.22502981907876,39.061273015451725]]],[[[-77.2542228536544,39.06776415763421],[-77.25345867436397,39.065622255960214],[-77.25507056557056,39.062831016654194],[-77.25286360115554,39.05945600917017],[-77.25354201155396,39.05685960461124],[-77.25108088341945,39.05445822045082],[-77.24734746262574,39.055237371962484],[-77.24599006221821,39.05874248981969],[-77.24234121821266,39.05919694573406],[-77.2412380739402,39.06004076371833],[-77.24081377862436,39.06335109624593],[-77.23903166592073,39.06341599117387],[-77.24106835394741,39.05900222898316],[-77.24200178181196,39.05880749865873],[-77.24081378368314,39.05660061738854],[-77.2437837788817,39.05874256118399],[-77.24471719613729,39.058547810467495],[-77.245311055059,39.05627599591174],[-77.24760193131978,39.054263732569474],[-77.2502323461967,39.05432847053374],[-77.25014732031389,39.05296540096922],[-77.25192916689653,39.05290034673009],[-77.25099560637747,39.05140753403086],[-77.25320166709567,39.05140733459972],[-77.25328674842423,39.05277040170069],[-77.25082622946667,39.053744248905005],[-77.25489966413825,39.056729641865964],[-77.25388180279704,39.058936639154766],[-77.25473040032443,39.05906636425045],[-77.25634353437701,39.06302559008034],[-77.25507089531649,39.06451863746078],[-77.25473168773959,39.06581684599782],[-77.25583511051339,39.06666052879462],[-77.25498675016097,39.068218432994655],[-77.2532045307867,39.0682835312635],[-77.25201655533198,39.069451997504345],[-77.25235582836943,39.06815379553164],[-77.2542228536544,39.06776415763421]]],[[[-77.22375656757858,39.06276574154471],[-77.2242654118918,39.06419379740671],[-77.22333186735823,39.06438839465917],[-77.22375656757858,39.06276574154471]]],[[[-77.22358347930341,39.07691578507129],[-77.22553654220151,39.07282679797953],[-77.23105366125421,39.070295921362394],[-77.23665538028422,39.06575263946559],[-77.23716467091647,39.063805400505125],[-77.23903166592073,39.06341599117387],[-77.23674016810506,39.067115721345615],[-77.23258141978377,39.06951712984522],[-77.23224178718334,39.070815278116626],[-77.22935602427334,39.07172376442561],[-77.23300503059882,39.07633256055558],[-77.22680797452581,39.081459799082594],[-77.22409164011253,39.08171909690587],[-77.22494119022024,39.07847377431046],[-77.22358347930341,39.07691578507129]]],[[[-77.24327525985888,39.07756605035209],[-77.2456516078354,39.07354164638132],[-77.24539694035336,39.07282766127263],[-77.24403897006776,39.07295752054482],[-77.24115327619997,39.075553905357175],[-77.24268099492969,39.07308736498],[-77.24658494466374,39.0699716346183],[-77.25150737601054,39.06971167639434],[-77.25125290554843,39.0706853264685],[-77.24633040734922,39.07094527465623],[-77.24700958615347,39.07341176947228],[-77.24471817930947,39.077111653451226],[-77.24463340505721,39.07912382460247],[-77.24327537165466,39.08094130152964],[-77.23996492521886,39.08178513468029],[-77.2413230571826,39.07996769364649],[-77.24319044512428,39.07957822068645],[-77.24327525985888,39.07756605035209]]],[[[-77.2448039541733,39.093663382091066],[-77.24378513324181,39.092495050995026],[-77.2410684469003,39.09275472040995],[-77.24089865291798,39.09171617923953],[-77.24471898409676,39.092300299067304],[-77.2448039541733,39.093663382091066]]],[[[-77.22230604452953,39.09359714955404],[-77.2283342667975,39.09080682377599],[-77.22952270867995,39.09132620849213],[-77.2313057365172,39.089573820543265],[-77.23504109350237,39.08879514624414],[-77.23911584458274,39.091781075717],[-77.24081375711407,39.09204072337454],[-77.24064396323107,39.09268981152984],[-77.23860646268301,39.09204070280782],[-77.23529571518817,39.08950915467272],[-77.23206971901264,39.090028238598464],[-77.22986223010555,39.09171569196792],[-77.22773989976749,39.09139094179615],[-77.22502282937818,39.093337890179626],[-77.22230604452953,39.09359714955404]]],[[[-77.22128758631459,39.09242863410066],[-77.22230604452953,39.09359714955404],[-77.2215416366784,39.09483030136187],[-77.22069314936961,39.09301271860017],[-77.22128758631459,39.09242863410066]]],[[[-77.2159338346226,39.10781109234033],[-77.21737698005649,39.109044645069524],[-77.2203489050575,39.10949953441086],[-77.22357504616146,39.11235602389347],[-77.22697173409811,39.11287572263286],[-77.22841574622612,39.110733876135996],[-77.23300155973968,39.10839752515975],[-77.23342630125553,39.1067748257421],[-77.23419047791432,39.10722923224529],[-77.23512454389606,39.107034551857446],[-77.23028473190587,39.1052816909126],[-77.22773776495359,39.103204360587014],[-77.22332249778898,39.10320381582736],[-77.2228133987809,39.10177574580602],[-77.22103032746644,39.1018403830019],[-77.2212853120803,39.10086678923558],[-77.21975726361634,39.099957814039115],[-77.22281381817959,39.100088113402535],[-77.22204935065098,39.10132126984908],[-77.22374742512788,39.10158115110237],[-77.22391699698096,39.10261971762513],[-77.2300303559599,39.10288003676496],[-77.23053960457287,39.10430807752804],[-77.23325658375664,39.10573627136921],[-77.23487000181233,39.1046329068085],[-77.23648326899482,39.105217155084475],[-77.2366530314102,39.106255704948204],[-77.24030427466607,39.10580141210851],[-77.24565360797722,39.10391896061894],[-77.24624780849277,39.10164712262802],[-77.24769118762843,39.10119268916544],[-77.24786093842091,39.10054359034112],[-77.24531373832346,39.100154253932736],[-77.2460777986753,39.098920954730694],[-77.24743625060582,39.098791072548956],[-77.24862441912619,39.09424738209801],[-77.24718118380069,39.09470182579874],[-77.2448039541733,39.093663382091066],[-77.24735092398468,39.09405272846921],[-77.24887900733252,39.09327373317382],[-77.2493033058475,39.09165098420412],[-77.25303885933921,39.09255939821254],[-77.25414205196232,39.090027841233216],[-77.25583997719595,39.09028728354096],[-77.26135736616484,39.08775505346542],[-77.26076236549946,39.08496407331138],[-77.26195045391182,39.08379552014571],[-77.26653408506968,39.083145570801314],[-77.26797634027814,39.08100327706287],[-77.26823125824875,39.081717216945314],[-77.27519271698178,39.08379256836333],[-77.27850284554965,39.08294779658686],[-77.28011598194104,39.08353147619778],[-77.28350974565116,39.08067437457331],[-77.28512287178894,39.08125798895058],[-77.28130467476367,39.08405036502246],[-77.27672111868377,39.08470085922235],[-77.27638220369808,39.08599913161072],[-77.27264595770914,39.08340379324357],[-77.26882586989886,39.08282053276574],[-77.26755314064118,39.08431371336143],[-77.26313902132007,39.08431458273008],[-77.26203672051994,39.088533845035876],[-77.25923543743693,39.08911846970195],[-77.25643447081703,39.09139066039636],[-77.25431203128653,39.091066363973646],[-77.25473683979246,39.092818855713396],[-77.25269948454421,39.09385760788654],[-77.250237348672,39.09314382051938],[-77.24896424464039,39.096324444284974],[-77.25057766618642,39.098596140136145],[-77.24955868323943,39.097427855278234],[-77.24811539057886,39.09788231009937],[-77.24803068618016,39.099894491365234],[-77.24972882017923,39.100154017639376],[-77.24947421925144,39.10112766957253],[-77.24709689127431,39.10177690088384],[-77.24777622387168,39.10255577245269],[-77.2469272715238,39.10411363200125],[-77.2460781617343,39.10398385252877],[-77.24556893755356,39.1076187768446],[-77.24438003283645,39.10541190980038],[-77.24268179504442,39.10515231019807],[-77.23970985429446,39.10807322349538],[-77.23716243387496,39.10768371950348],[-77.23571897953899,39.106450396790834],[-77.23529429113351,39.10807310393952],[-77.23614342945045,39.108202957169325],[-77.23512427701527,39.110409821762],[-77.23741706244029,39.11008536126887],[-77.23699239071665,39.11170807535716],[-77.23937006439937,39.114434308583746],[-77.23622804160853,39.11294132173921],[-77.23546391767096,39.11079929135241],[-77.23435990985223,39.11164305634863],[-77.23563392177552,39.10846257288963],[-77.23436021225275,39.10826778564162],[-77.23240688973735,39.11066930276013],[-77.23070857183993,39.11040953933874],[-77.22875507100623,39.11281100007766],[-77.22680176782309,39.11352479445712],[-77.22595223744881,39.11508251402917],[-77.22671645475015,39.115536967203724],[-77.22586689901203,39.1170946868043],[-77.22705575337405,39.11761409772565],[-77.2265458144234,39.11956131489452],[-77.22382805412755,39.11982060885366],[-77.22382765818169,39.12150824770977],[-77.22280878410908,39.120339738445914],[-77.21983640014659,39.11988490694018],[-77.21966635370454,39.12053396989787],[-77.21626935991019,39.120014070796834],[-77.21406059256,39.12170125323314],[-77.21066358430708,39.12118120086774],[-77.20964420111102,39.1217002226817],[-77.20879271648342,39.126633107919986],[-77.20802849459245,39.12617854359395],[-77.20879420713275,39.12325782749191],[-77.2063307038376,39.12423080613728],[-77.20208437244155,39.12358046189874],[-77.20131930568002,39.12481349646056],[-77.20191506385228,39.12254186139406],[-77.20505762855805,39.122348078477856],[-77.20650087811119,39.12358176094981],[-77.208115860044,39.12079110072733],[-77.20888002579493,39.12124566403227],[-77.21015460819136,39.11975307404004],[-77.21482541022777,39.1204681410501],[-77.21754376884172,39.11852140542752],[-77.22119529104688,39.119755311005356],[-77.22493230858475,39.11897693603572],[-77.22552799322527,39.11332991653237],[-77.22255587907789,39.112875150654865],[-77.21899020449844,39.10962912083795],[-77.21729195891567,39.10936917419972],[-77.21712191435499,39.11001823234672],[-77.21839560832673,39.11021319626539],[-77.21729141117602,39.11105680958912],[-77.21236671817731,39.10962777884848],[-77.20998806314233,39.11196393717381],[-77.20786523011182,39.11163884640038],[-77.2065907430529,39.113131410558445],[-77.20574159999529,39.113001355364005],[-77.20659153941428,39.1114437745483],[-77.20294068312636,39.110209442130795],[-77.20285647923575,39.108846326322194],[-77.20047942063242,39.107807032219654],[-77.19979959203359,39.10871553602316],[-77.19895051275499,39.10858543455939],[-77.20158376360568,39.10696356875077],[-77.20379064993512,39.10865188130531],[-77.20387487112997,39.11001499642994],[-77.20531868147049,39.10956105426937],[-77.20837485928908,39.11137934433391],[-77.20820548919897,39.11034075487528],[-77.2118571155491,39.10988729718949],[-77.21202720684379,39.109238246260745],[-77.2159338346226,39.10781109234033]]],[[[-77.21253680431114,39.10897872725505],[-77.20829206571082,39.106640962443464],[-77.20651045843141,39.1033301241279],[-77.20922619349977,39.106446476666875],[-77.21143392553866,39.10644701897531],[-77.21253680431114,39.10897872725505]]],[[[-77.23767155930464,39.11586227710524],[-77.24021928436488,39.11456413413539],[-77.23826598624615,39.11696574624048],[-77.23767155930464,39.11586227710524]]],[[[-77.24072881520951,39.115992136375674],[-77.24174791656549,39.11716049778601],[-77.2412383746886,39.11910777501367],[-77.24072881196965,39.1176797739913],[-77.23911523383494,39.11709557939717],[-77.23937002959,39.11612194568564],[-77.24072881520951,39.115992136375674]]],[[[-77.22849870764456,39.122222801345416],[-77.22714042157976,39.11897719942652],[-77.2286689625721,39.119886087204954],[-77.22849870764456,39.122222801345416]]],[[[-77.22849870764456,39.122222801345416],[-77.23045198603968,39.12319661852369],[-77.23028178071921,39.12553333663248],[-77.22875310068932,39.12462446766694],[-77.22849870764456,39.122222801345416]]],[[[-77.2221286820988,39.12293600587044],[-77.2242522952439,39.1215732143777],[-77.22280794482438,39.12371501705814],[-77.22340180432968,39.1265061994654],[-77.22212781117634,39.12631128620998],[-77.221702702952,39.1279339532202],[-77.22034365992373,39.128063554909104],[-77.22221283054165,39.125986752696335],[-77.2221286820988,39.12293600587044]]],[[[-77.20267477180666,39.13143466764094],[-77.20369520531767,39.12922806005719],[-77.20454453444198,39.129358129642846],[-77.20403562134959,39.12792997545866],[-77.2066686653131,39.12799563673696],[-77.20836806367132,39.12656808839397],[-77.2089621329675,39.12767169989971],[-77.20709332495097,39.12806066208455],[-77.20573343703057,39.129877745682066],[-77.20615730019982,39.13163041640768],[-77.20267477180666,39.13143466764094]]],[[[-77.23146949437258,39.13617856046914],[-77.22943112142356,39.13384165227269],[-77.23112998275975,39.134101434341446],[-77.2331682387186,39.1381259592861],[-77.23155426707815,39.13754166419855],[-77.23146949437258,39.13617856046914]]],[[[-77.23775548447736,39.13916470942209],[-77.24013412002621,39.13851565197334],[-77.23945453298393,39.137736733137075],[-77.24089867128569,39.13559473113784],[-77.2393696465802,39.13468599086414],[-77.24081372545042,39.13423163431926],[-77.24140835050771,39.1353350924523],[-77.24030401250793,39.13955420367543],[-77.23826513949562,39.14059272874905],[-77.23546178236545,39.13948917801697],[-77.23342284192697,39.14052762369808],[-77.23393274369907,39.13858037018723],[-77.23775548447736,39.13916470942209]]],[[[-77.23299808581505,39.14046268810102],[-77.23359264312425,39.141566184989045],[-77.23172339694828,39.14364316474838],[-77.2303640777766,39.143772876357666],[-77.23299808581505,39.14046268810102]]],[[[-77.21294838534382,39.14279654409647],[-77.21048568716537,39.1403943167861],[-77.2081074866109,39.139355162058195],[-77.20504930557632,39.13922450006618],[-77.20487908166741,39.139873545300745],[-77.20233073263775,39.13948332517748],[-77.20173666749628,39.138379679378446],[-77.20496502845634,39.137861377860155],[-77.20513441638963,39.13889997739353],[-77.20572935412531,39.13831596207688],[-77.21133584545579,39.13883669507231],[-77.21294838534382,39.14279654409647]]],[[[-77.2161762887189,39.14396559751444],[-77.21643148635252,39.14299200561154],[-77.21541183817693,39.14351107697854],[-77.21328869956392,39.14149843062621],[-77.21261002939109,39.139031719377726],[-77.21405373886323,39.14026531830604],[-77.21991509312207,39.14149972342773],[-77.21880992514761,39.14403100193981],[-77.2161762887189,39.14396559751444]]],[[[-77.22339774460511,39.14338263604908],[-77.22722097062446,39.142279653186975],[-77.22739068721013,39.14331822331296],[-77.22577664665177,39.14273385263575],[-77.22399217991517,39.14448617947985],[-77.21991460610934,39.143187369596],[-77.22339774460511,39.14338263604908]]],[[[-77.23010906422284,39.14474649699104],[-77.2276454248644,39.14403225502056],[-77.22739068721013,39.14331822331296],[-77.2303640777766,39.143772876357666],[-77.23010906422284,39.14474649699104]]],[[[-77.21744785383021,39.15259881365519],[-77.21600441940232,39.14967760202698],[-77.21464495918595,39.14980714201003],[-77.21371091929278,39.14831402168492],[-77.21668442876752,39.14876900220488],[-77.21642921421972,39.149742595779465],[-77.21855319971452,39.15006754279511],[-77.21931723799854,39.15220969392455],[-77.21744785383021,39.15259881365519]]],[[[-77.22730314833655,39.15714395334336],[-77.22084684616141,39.15143103434671],[-77.21948736175325,39.151560627297634],[-77.21931773895777,39.15052204463538],[-77.22373548550034,39.152210380891596],[-77.22730314833655,39.15714395334336]]],[[[-77.2071674496077,39.151363170943924],[-77.20818650730301,39.15253181567172],[-77.21005593937771,39.15214283512197],[-77.21065024360747,39.15324644429072],[-77.20852544864997,39.15460901219461],[-77.20878004036757,39.155323084184445],[-77.206570821985,39.15532249472842],[-77.20767658857221,39.15279131910585],[-77.2071674496077,39.151363170943924]]],[[[-77.2434372395937,38.857529573475354],[-77.23759816953127,38.85967147295404],[-77.23675182857896,38.86122920514716],[-77.23539778513505,38.861358965895874],[-77.23692120932618,38.8588925746325],[-77.24369107032324,38.85655596994371],[-77.2434372395937,38.857529573475354]]],[[[-77.24826331454071,38.88290787312238],[-77.24970214369084,38.880765857058535],[-77.25224143493467,38.87946751585973],[-77.2536797825294,38.875637880816484],[-77.25266386735875,38.874469661605765],[-77.2542712508144,38.86999093942109],[-77.25427094046458,38.86830336719843],[-77.25342456489922,38.86817364261279],[-77.2554545878635,38.86207220036876],[-77.25359254338271,38.860774274235986],[-77.25426938893101,38.85986551105715],[-77.25308426175943,38.85765881096664],[-77.25206886602126,38.858178159245035],[-77.24927616113713,38.85707496907595],[-77.24758415800605,38.86187815719516],[-77.2441145574023,38.86505871917664],[-77.2430991496244,38.87064071048827],[-77.2441148580926,38.87180900756977],[-77.24276067501296,38.87362642190219],[-77.24360715834419,38.8754437927321],[-77.24115249734538,38.87641742282237],[-77.2388669876401,38.88011708860167],[-77.24149110850004,38.88018200990369],[-77.24047531628989,38.880701264541294],[-77.24005203060716,38.88401150555384],[-77.23878223268714,38.88381677046942],[-77.23607319766779,38.88576389766062],[-77.2352263903578,38.88900920036092],[-77.23395651823844,38.88881441571901],[-77.23480323937373,38.88725669750678],[-77.23387215201447,38.88576379296834],[-77.23480352030782,38.88388154638629],[-77.23607330872264,38.88407632223332],[-77.23675068456896,38.88148007737166],[-77.23598885936505,38.88102570269223],[-77.23835908444772,38.880376706201474],[-77.238528458164,38.878040068232195],[-77.24242210069815,38.87323698666525],[-77.24276049973855,38.86687613206589],[-77.24005221960313,38.867135770259836],[-77.23658204000348,38.87031612326951],[-77.23649748409117,38.868953081120104],[-77.24386063343009,38.86434475306821],[-77.2458069773478,38.861943147344746],[-77.24758369155418,38.8568154462347],[-77.24707583805713,38.8553875291239],[-77.24504491308198,38.85473854903931],[-77.24462189878504,38.856361225651085],[-77.24369107032324,38.85655596994371],[-77.24445260480914,38.85532272626299],[-77.24242166903262,38.85298613391564],[-77.23734473604348,38.85051964673145],[-77.23810631483136,38.84928644289644],[-77.23624501285077,38.84630068995202],[-77.23277603361672,38.846105792554624],[-77.23311460988293,38.844807685207265],[-77.23023829601922,38.84234102718526],[-77.22761554720763,38.842275867929274],[-77.22575380430573,38.844352660695314],[-77.22372337658798,38.84370333191546],[-77.22211556430811,38.84480650848077],[-77.22152270520266,38.84707814322907],[-77.22067663438223,38.84694819529299],[-77.22186192631892,38.844092498942096],[-77.22067756914946,38.84357306004949],[-77.22135511691748,38.84097691148482],[-77.21746451826318,38.83734147871039],[-77.22245560296625,38.83844572994489],[-77.22245432435207,38.84350843046233],[-77.22363909194334,38.84234028511604],[-77.22516178941731,38.843249177586806],[-77.22973088306786,38.84091304129546],[-77.23066131283878,38.84240596919114],[-77.23514528446617,38.84376929259767],[-77.23641427205933,38.84565163161682],[-77.24030628515324,38.84591133621955],[-77.2408985508881,38.84701474726015],[-77.24284457546601,38.84630076045672],[-77.24555218007593,38.84772862981596],[-77.24707511957675,38.84694968531303],[-77.2463135908685,38.84649537591402],[-77.24707497590062,38.84526211750004],[-77.25172830228597,38.84428820027843],[-77.25401294893916,38.84565101430997],[-77.26069697335318,38.84532559250792],[-77.26272777540582,38.84597431533426],[-77.26425049471845,38.8451951598513],[-77.26594333427383,38.84714202247881],[-77.26306633156928,38.846363693871815],[-77.26162809353043,38.84681828845341],[-77.26137406157795,38.84610435971878],[-77.25680528787295,38.84675409630476],[-77.25139005987208,38.84558635840011],[-77.24809039449687,38.846430378614016],[-77.24665219566587,38.8485723674423],[-77.2420831080222,38.847533993009954],[-77.24191391912093,38.84987062758581],[-77.243437061176,38.8524668650052],[-77.24546780206464,38.851428302309756],[-77.25105251266156,38.85194722105989],[-77.25257575254453,38.852855777486106],[-77.25257602358347,38.854543346716454],[-77.25384534840387,38.854737939817625],[-77.25486133146539,38.85759371647393],[-77.25943166145993,38.86031919108822],[-77.26230867978853,38.85941003486517],[-77.2646785187961,38.860448107040014],[-77.27111037894501,38.86109576977771],[-77.27136385244214,38.86012210919828],[-77.27500254974102,38.85966681429836],[-77.27517070067016,38.8573301321015],[-77.2766935241868,38.856550822689556],[-77.27863770376847,38.8524611344952],[-77.28253023043831,38.852719512712035],[-77.28329106771906,38.851486030946205],[-77.2865061424983,38.850965636328304],[-77.28845292718182,38.851938501402806],[-77.27923060289085,38.85356436299068],[-77.27982351995985,38.85466758878561],[-77.27830076924944,38.85544693650142],[-77.27618755536304,38.86018573465352],[-77.27915058641403,38.862326771433736],[-77.28219728144373,38.862455605844204],[-77.28702328550318,38.86589395169835],[-77.28939031671014,38.86186883865414],[-77.29065986729209,38.86206305473617],[-77.29285899314705,38.86037458058221],[-77.29480611392685,38.86134734686177],[-77.29852642590053,38.857191651541434],[-77.29666761482909,38.860957083099066],[-77.29514491284691,38.86173663838363],[-77.29302898852767,38.86141301429067],[-77.29066102015769,38.86375062551833],[-77.28888383242825,38.86381623351446],[-77.2892237308126,38.865893112553536],[-77.29429977797146,38.863294763739354],[-77.29337020943693,38.865177452414855],[-77.29108537770666,38.865502932451655],[-77.28990131489853,38.86667172562443],[-77.28871610619075,38.866152936041175],[-77.288039631811,38.86706188799025],[-77.28973248323751,38.86732085848366],[-77.28973361471225,38.86900843030569],[-77.29252858526912,38.871798282329536],[-77.29041238044009,38.871474613176716],[-77.29032681641763,38.87011160779009],[-77.28710878279271,38.8672569586912],[-77.28770084608908,38.86667257680152],[-77.28516160687722,38.86628407079008],[-77.28456851450626,38.86518086907561],[-77.28313003928979,38.865635714247254],[-77.28406187837054,38.867128244971454],[-77.28321644403223,38.868686295698154],[-77.28626551448431,38.872190174860435],[-77.28787404793191,38.87277373509473],[-77.2871975015911,38.8736826831544],[-77.28491135572696,38.87232047683721],[-77.2822855613582,38.86888133020469],[-77.28219823837338,38.864143176774924],[-77.27999784582275,38.864143891163444],[-77.27974357355328,38.863429998713706],[-77.27796638382807,38.8634954501245],[-77.27593414608167,38.86115940510668],[-77.27280303163153,38.86135497136241],[-77.27280377103614,38.86304254214315],[-77.27195742359125,38.86291294421999],[-77.27051960098692,38.86505521405649],[-77.27178915676299,38.86524962355343],[-77.27145117439397,38.866547839497414],[-77.27399111664313,38.8686241983332],[-77.27458485765023,38.871415023527334],[-77.26950422645953,38.86557470565397],[-77.27060341163435,38.86304308970779],[-77.26958806573543,38.86356258187103],[-77.2626478003717,38.86148698566533],[-77.26129427121526,38.86330460028945],[-77.262140604243,38.86343427105067],[-77.26214109678824,38.865121842289724],[-77.26417246329316,38.86577054288993],[-77.2656133512752,38.87206620616286],[-77.26442877334924,38.873234756795966],[-77.26425861629112,38.8705087098381],[-77.26112566161748,38.86564126523388],[-77.26053248300543,38.8628503774637],[-77.25672405148357,38.862266764144906],[-77.25444103307055,38.872716999910786],[-77.2551186389305,38.87518337700667],[-77.25418821502018,38.878753348199865],[-77.25291847096166,38.878558758064514],[-77.25274928232497,38.879207841401445],[-77.25740508350572,38.879921281398886],[-77.25723593167058,38.880570370966566],[-77.25384985644969,38.88005151819059],[-77.25325741301187,38.88063573923376],[-77.25317310314007,38.88264785601204],[-77.25469701125543,38.883556389622946],[-77.25325856080899,38.887386040147916],[-77.25444417680063,38.88959274636022],[-77.2528358170856,38.89069632750058],[-77.25325798688384,38.884010888995746],[-77.25105675822223,38.88232351440836],[-77.24792548491061,38.89095633149642],[-77.2464862721442,38.89141075266242],[-77.24834845323099,38.88764606078803],[-77.24767111819811,38.88686721862029],[-77.24877138312021,38.88433578998612],[-77.24826331454071,38.88290787312238]],[[-77.24809440905493,38.886932101428904],[-77.24860232325213,38.88667244372762],[-77.2481790334515,38.886607562655534],[-77.24809440905493,38.886932101428904]],[[-77.27001056599242,38.861939818741085],[-77.27026473773103,38.86265373103703],[-77.27043373195788,38.8620046250666],[-77.27001056599242,38.861939818741085]],[[-77.28050548752933,38.86388410345218],[-77.2813518614471,38.8640136430032],[-77.28152076008601,38.86336452181409],[-77.28109757636987,38.863299753342716],[-77.28050548752933,38.86388410345218]],[[-77.27187221473112,38.861549927476794],[-77.27221089209255,38.861939281704416],[-77.27229538008812,38.86161472744154],[-77.27187221473112,38.861549927476794]]],[[[-77.2666306336641,38.876609465535935],[-77.26442877334924,38.873234756795966],[-77.26883075517448,38.874921415025526],[-77.26849267524472,38.87621962437944],[-77.2666306336641,38.876609465535935]]],[[[-77.23294257130064,38.870770290392606],[-77.23615885590712,38.87025120127655],[-77.2348045033722,38.8720685283292],[-77.2314187641626,38.873236636143524],[-77.23294257130064,38.870770290392606]]],[[[-77.21498742884525,38.90412992147161],[-77.21634230364266,38.90400038308947],[-77.21634173544645,38.905687962680844],[-77.21498742884525,38.90412992147161]]],[[[-77.26317614519705,38.92873037259068],[-77.26435946840947,38.92081149010482],[-77.26173289634306,38.917371887149656],[-77.25851430435233,38.916204060729704],[-77.25792120912574,38.915100724679576],[-77.25360197769227,38.91477670848367],[-77.2542793249577,38.913867939211876],[-77.25300896850263,38.913673349146734],[-77.252839421734,38.91263485395011],[-77.24911309821297,38.91172646011932],[-77.24504820325383,38.912116105598095],[-77.24530220267671,38.911142492274976],[-77.24708058420262,38.91107750896397],[-77.24691112799952,38.91003900601562],[-77.24945168834384,38.91042829789847],[-77.25351675859558,38.9117260890993],[-77.25682005823039,38.914257080311714],[-77.25597279415342,38.91243979091763],[-77.25656511081614,38.91016797358242],[-77.25571824470735,38.91003826399303],[-77.25647977301597,38.90711735807086],[-77.25334605274081,38.90393727417715],[-77.24995891907312,38.9034183136037],[-77.24564063687387,38.90646917982602],[-77.23945905269548,38.90484659075886],[-77.23514037879028,38.9062095116766],[-77.23293889905032,38.90452181065895],[-77.23039863299157,38.904132180734216],[-77.22785809270864,38.90543007835671],[-77.22870513738334,38.90387239854626],[-77.23005998298189,38.90374271025965],[-77.23031415352678,38.90276912870695],[-77.23632596273043,38.90504123629058],[-77.23988246355022,38.903223922279004],[-77.24496315576684,38.90569032101385],[-77.24860393575364,38.90186064015974],[-77.25046671921186,38.90147106863292],[-77.25503930937535,38.902509140469284],[-77.25503963767144,38.90419671977505],[-77.25741121338638,38.90692251650362],[-77.25918948106649,38.906857359552426],[-77.25732736915974,38.91062222343879],[-77.2580058224635,38.91477617803487],[-77.26249476120539,38.91613852338811],[-77.26605348496244,38.921070785825464],[-77.26453029509118,38.925225138155625],[-77.26529276072172,38.92567933994941],[-77.26461654171354,38.92996334046047],[-77.26317614519705,38.92873037259068]]],[[[-77.24928473478946,38.931328378346045],[-77.2480984280786,38.927434025937174],[-77.24606548470562,38.92678505678853],[-77.24640419917709,38.92548690029223],[-77.24005157665948,38.92451341493466],[-77.23666367820115,38.922306506033664],[-77.23700253942755,38.92100837600413],[-77.23835763085283,38.92256618013592],[-77.24310080392503,38.92464321168451],[-77.24631939536911,38.924123855362666],[-77.24818293001329,38.925421901049106],[-77.2497074661304,38.92464291676882],[-77.2514864194589,38.926265454369826],[-77.25097847368978,38.92821270987686],[-77.25182554271304,38.92834245215255],[-77.25174113804121,38.93035458031944],[-77.25343562290398,38.93230163434071],[-77.25064028101299,38.93288605042933],[-77.2512331705595,38.93230183795481],[-77.24928473478946,38.931328378346045]]],[[[-77.21234991623614,38.93612851516274],[-77.20752123924201,38.93606240375496],[-77.20913128764015,38.93495940413761],[-77.209640399498,38.93301231841597],[-77.20862364322558,38.93353131551916],[-77.20667653680694,38.93086960089691],[-77.20896379595351,38.93054567469018],[-77.20701597243219,38.929571551369634],[-77.20735539595645,38.92827350114321],[-77.20625382968242,38.92911699112761],[-77.20506820102356,38.92859739758792],[-77.20532279243498,38.92762386411091],[-77.20710161197741,38.927559454078],[-77.20888116964379,38.92580743412155],[-77.2081190546452,38.92535288557391],[-77.21049378621592,38.91795408555171],[-77.21125583861311,38.91840861905544],[-77.21006892128808,38.92126423971112],[-77.21193240702934,38.92087524623068],[-77.21260967610557,38.921654287040894],[-77.20939095363015,38.92217276826985],[-77.20930172621176,38.9326227897549],[-77.21158902874788,38.93229881505627],[-77.21268992831061,38.933142863049945],[-77.21294443371468,38.93216931332549],[-77.2150620574257,38.932494307762056],[-77.21472275161038,38.93379237982584],[-77.21082613266698,38.93353186855868],[-77.21234991623614,38.93612851516274]],[[-77.2106564410976,38.934180898975455],[-77.21014806023538,38.93444040277066],[-77.21057159417853,38.934505414118554],[-77.2106564410976,38.934180898975455]],[[-77.21014806023538,38.93444040277066],[-77.20963967574957,38.934699904491424],[-77.21006321074822,38.934764917577596],[-77.21014806023538,38.93444040277066]]],[[[-77.24106800614155,38.93243208518521],[-77.24589658904897,38.934184476613275],[-77.24750601449128,38.93308097923014],[-77.24826845617787,38.9335352861711],[-77.24606608697455,38.9352229843127],[-77.24267754988604,38.934703822668304],[-77.24039031023801,38.93502837079036],[-77.24106800614155,38.93243208518521]]],[[[-77.21904394928748,38.93074257951567],[-77.22022971258394,38.931262039594515],[-77.219043443495,38.9324301651116],[-77.2179424810644,38.93158617359739],[-77.21904394928748,38.93074257951567]]],[[[-77.2150626554878,38.93080672216908],[-77.2168415441549,38.9307421724079],[-77.2187890187232,38.93340372738426],[-77.22133024381937,38.93379359668795],[-77.22234648391918,38.93496208160081],[-77.22446423080267,38.93528691562998],[-77.2242946567091,38.93593596485641],[-77.21599335665182,38.933987362650406],[-77.21582429050656,38.93294881408337],[-77.21472335754673,38.93210479393387],[-77.2150626554878,38.93080672216908]]],[[[-77.23894995704146,38.943920644766514],[-77.2405597172923,38.939442060287426],[-77.23928895131435,38.939247328988195],[-77.2395431223944,38.93827372389885],[-77.24039028808282,38.938403544457444],[-77.24157629558246,38.93554762707485],[-77.24301641137777,38.93509326027985],[-77.24072915133513,38.94048057603642],[-77.24115276748134,38.94560824800626],[-77.23894995704146,38.943920644766514]]],[[[-77.21158495679829,38.94242433649587],[-77.20963605650417,38.943137840793234],[-77.20489179970377,38.94274711207383],[-77.2050615626259,38.94209808877197],[-77.21158495679829,38.94242433649587]]],[[[-77.22378354041508,38.94800864115056],[-77.22268186588056,38.948852279355975],[-77.2226814442943,38.95053986923967],[-77.22183416897052,38.95040992751023],[-77.22242785984353,38.94813826161903],[-77.22378354041508,38.94800864115056]]],[[[-77.24564406680958,38.95878434395491],[-77.24369499692605,38.95781079289708],[-77.24471157490161,38.95222873311978],[-77.24157644330319,38.9507359222476],[-77.24250840559418,38.9471660120628],[-77.24352517225057,38.948334325608776],[-77.24250848163618,38.95054119148645],[-77.24538938161685,38.951320007737316],[-77.24471184220715,38.95729150654013],[-77.24733890038546,38.95904389670416],[-77.24589868760319,38.96456109399934],[-77.24471219867239,38.964041876893106],[-77.24606789461917,38.960536826657986],[-77.24564406680958,38.95878434395491]]],[[[-77.22174935296401,38.95073445103718],[-77.22056232021974,38.95359018488868],[-77.22157882435944,38.95475867935398],[-77.22098551394606,38.955342751889646],[-77.21996901117419,38.95417425246468],[-77.22098689667143,38.95027997999664],[-77.22174935296401,38.95073445103718]]],[[[-77.20386972807907,38.953391607711275],[-77.20471616793469,38.955209263108415],[-77.20310648019249,38.954624617387495],[-77.20386972807907,38.953391607711275]]],[[[-77.22310302397251,38.95904279357798],[-77.2265773595663,38.959237964585554],[-77.22903583132756,38.95320183838018],[-77.23090003322977,38.952812558159],[-77.22954401334981,38.95462984737819],[-77.23013700050396,38.95573332513815],[-77.22734025823182,38.95800480972976],[-77.22801803766578,38.95878377041619],[-77.2271703392867,38.96034145726259],[-77.22378076772638,38.95982177752882],[-77.22183107981523,38.96222306793909],[-77.21996658840207,38.96261221241451],[-77.22310302397251,38.95904279357798]]],[[[-77.21878185249282,38.95702997069521],[-77.21979886455615,38.956510888596654],[-77.21928935979321,38.96014561468687],[-77.21801775953446,38.961638257473545],[-77.21878185249282,38.95702997069521]]],[[[-77.20598631132574,38.95709194042108],[-77.20471616793469,38.955209263108415],[-77.20649486522083,38.95683245285283],[-77.20539203432145,38.95936353052134],[-77.20649327136148,38.96020763675318],[-77.2043723412689,38.96494527342249],[-77.20564591241607,38.960077584283475],[-77.20488345881144,38.95962301366455],[-77.20598631132574,38.95709194042108]]],[[[-77.21360855158149,38.96838774205394],[-77.21394803854862,38.96708966661899],[-77.21479609849004,38.96553206858076],[-77.21360855158149,38.96838774205394]]],[[[-77.20394777969749,38.966567834338676],[-77.202761557437,38.96604821598659],[-77.20352493095825,38.96481520637738],[-77.20394863573499,38.96488024062306],[-77.20394777969749,38.966567834338676]]],[[[-77.23589785602692,38.974167405044085],[-77.23759301308415,38.974427091515345],[-77.23776248624337,38.975465616590064],[-77.23505014711952,38.975725149274524],[-77.23589785602692,38.974167405044085]]],[[[-77.21936821615442,38.98007223079913],[-77.22038554606495,38.979553142115655],[-77.22021679029048,38.9768269958655],[-77.22106437029271,38.976956949145105],[-77.22250500773833,38.97819041454031],[-77.2203006896308,38.9798776660479],[-77.22089327911517,38.98266879000693],[-77.21936821615442,38.98007223079913]]],[[[-77.23827075403281,38.98364398463265],[-77.24081383674361,38.9857210563138],[-77.23810119039979,38.98429305730726],[-77.23326929398996,38.98422794789079],[-77.23445617912081,38.983059677528935],[-77.23827075403281,38.98364398463265]]],[[[-77.22012953163869,38.985589508403635],[-77.22131710336394,38.982733765117594],[-77.22055337221748,38.98565448615151],[-77.22012953163869,38.985589508403635]]],[[[-77.19046140406144,38.98272506892534],[-77.18825742586947,38.98272415423216],[-77.18859743193195,38.98142614539689],[-77.19173279848165,38.98292030167114],[-77.1907140539754,38.98512675405216],[-77.19283311953538,38.98545213053527],[-77.19435950566839,38.98467382005493],[-77.19919042991012,38.98642804300327],[-77.20071676851103,38.98564965422529],[-77.20291995532858,38.9873379466678],[-77.20648051516358,38.98720916885895],[-77.20749726281802,38.988377784558686],[-77.20317390677036,38.98805200848988],[-77.19961425666465,38.98649309226194],[-77.19851171925868,38.9873365206147],[-77.19639257342929,38.98701124098897],[-77.19622366384736,38.985972657688514],[-77.19495220404575,38.98577747085511],[-77.19291699286266,38.98681522390646],[-77.1931719505438,38.98584170715879],[-77.18935762303231,38.98525601382939],[-77.19046140406144,38.98272506892534]]],[[[-77.22241759508384,38.98864052995597],[-77.22326531662948,38.98877046843932],[-77.22385848680197,38.989873981850664],[-77.22216301890616,38.98961410715457],[-77.22241759508384,38.98864052995597]]],[[[-77.20960272004285,39.02076734889934],[-77.21172493721342,39.01602958167482],[-77.20986117075904,39.01135575837834],[-77.21079546611924,39.00778605374492],[-77.21359527157183,39.00382732094483],[-77.21334243986617,38.999738072649706],[-77.20885074932305,38.99499872801854],[-77.20842611225005,38.99662131169316],[-77.20656066761062,38.99701025675931],[-77.20494837379385,38.9998008354323],[-77.20376160251384,38.9992812239978],[-77.20834193704958,38.99525822673856],[-77.20910699589759,38.990649976167205],[-77.20741233860996,38.98870230011547],[-77.20800602999024,38.988118289579454],[-77.21114208339948,38.98961195704172],[-77.2093617503942,38.989676425598915],[-77.21003963237045,38.99045548819693],[-77.20885149197048,38.99331112696652],[-77.21113932528444,38.99636236007226],[-77.2124110134776,38.99655738140208],[-77.21207136157986,38.99785545848572],[-77.21469909816551,38.9996085504589],[-77.21503751298955,39.00168567110703],[-77.2180899301959,39.00181608433258],[-77.21859823694867,39.00324414868894],[-77.2208872550141,39.00460760280534],[-77.22003886995061,39.0061652518498],[-77.2185133449066,39.00356867259776],[-77.21478279239464,39.002659235162525],[-77.21300020386082,39.007786568203244],[-77.21130367138214,39.00921414933101],[-77.21172561338939,39.01434197492574],[-77.21376006849405,39.01667912235929],[-77.2118934656521,39.0187557563349],[-77.21172290849721,39.0210924047245],[-77.20960272004285,39.02076734889934]]],[[[-77.18509756474818,39.01329434259337],[-77.18382698065957,39.011411435218996],[-77.18637200788838,39.010114419983616],[-77.18755883167529,39.010634198553994],[-77.18509885867707,39.01160673680773],[-77.18594550689153,39.01342453646215],[-77.18950618202896,39.014983851337284],[-77.19154223005083,39.013946149569236],[-77.19323815563595,39.0142064435212],[-77.18882708395736,39.01589228011051],[-77.18509756474818,39.01329434259337]]],[[[-77.18916603531356,39.01628186955368],[-77.19103091086902,39.0175807917083],[-77.19085968621364,39.01991741093372],[-77.19052187704978,39.0178402183219],[-77.18848692087424,39.0171902966595],[-77.18916603531356,39.01628186955368]]],[[[-77.19221450305113,39.023163350727756],[-77.19068845055605,39.02225403082324],[-77.19085968621364,39.01991741093372],[-77.19094356230096,39.02128051313824],[-77.19221450305113,39.023163350727756]]],[[[-77.22172716702826,39.035114498364266],[-77.22028493731767,39.0355686249425],[-77.220539699526,39.034595044329734],[-77.22172716702826,39.035114498364266]]],[[[-77.22189655502618,39.03615305519176],[-77.22189611470729,39.03784066812722],[-77.22147241889905,39.03608808149858],[-77.22189655502618,39.03615305519176]]],[[[-77.20874719667503,39.03751342263245],[-77.20832381969461,39.035760791263755],[-77.20857874271938,39.03478723516167],[-77.20976612790678,39.03530680356736],[-77.20874719667503,39.03751342263245]]],[[[-77.2056058529802,39.04277013717791],[-77.20730328029315,39.04134262592597],[-77.20687833802181,39.04296521668218],[-77.20331504845873,39.04309400703714],[-77.20399421957164,39.04218549489051],[-77.2056058529802,39.04277013717791]]],[[[-77.18082864674841,39.048083112512415],[-77.1819364143145,39.04217698821184],[-77.18295353611757,39.04334581542564],[-77.18388691845861,39.04315152229025],[-77.18354653964464,39.04444953125195],[-77.18439484236094,39.04457973639221],[-77.18159187764142,39.04853783736646],[-77.18082864674841,39.048083112512415]]],[[[-77.20431046434703,39.08814081853477],[-77.20949009977296,39.08522133949886],[-77.21220861398034,39.079899481150626],[-77.21170057396328,39.07678374685384],[-77.21254930451003,39.07691376046344],[-77.21365366991441,39.07438257040352],[-77.21263627563707,39.071526364821516],[-77.21144827820707,39.07100682055198],[-77.21153396169915,39.06899467513344],[-77.20975240705162,39.06737152804663],[-77.21009242520896,39.066073442085894],[-77.20865025657,39.06483981467248],[-77.20788898236611,39.05932239424882],[-77.21187866735241,39.05588324264223],[-77.21518826015257,39.055040161618884],[-77.2170557005208,39.05296346530561],[-77.21832839469874,39.053158427856566],[-77.22087473180223,39.050173079339],[-77.22011027439163,39.05309383000004],[-77.21629163087256,39.054196575707195],[-77.21578184845694,39.05614372574114],[-77.21264217432477,39.05633777731882],[-77.20899176274914,39.06016649195231],[-77.20958384619674,39.064645327716185],[-77.21111102506768,39.06555442203483],[-77.2109403329411,39.06789108818873],[-77.21255259220293,39.06847564299203],[-77.21238193956204,39.07081231235574],[-77.21399427521976,39.07139684876167],[-77.21560546360041,39.075356611922594],[-77.21416239704136,39.0758106706274],[-77.21263299752293,39.07996448698185],[-77.21356677079217,39.0797699695657],[-77.21373614625386,39.0808085457236],[-77.21152851173703,39.082495670561755],[-77.21059329180201,39.08606542695826],[-77.20932004203418,39.08587038400305],[-77.20787596117161,39.08801199855237],[-77.2056687892717,39.08801139306743],[-77.20422455824308,39.09015296604577],[-77.202951253948,39.08995785769751],[-77.20431046434703,39.08814081853477]]],[[[-77.19837846787193,39.07035395298757],[-77.19812328346407,39.071327494219524],[-77.19727464396796,39.071197382218784],[-77.19600377391295,39.06762695866224],[-77.19837846787193,39.07035395298757]]],[[[-77.18037779921077,39.08008279022611],[-77.17918846023483,39.08125056236031],[-77.18249687629793,39.08378360068806],[-77.18224143196063,39.084757111685455],[-77.17961139952858,39.08300330710414],[-77.17689186782047,39.08663682736272],[-77.17943680009228,39.088715192620235],[-77.17909612834053,39.09001320001022],[-77.18070722488815,39.09228579941199],[-77.18274421469096,39.0929358571438],[-77.1824887414908,39.09390937031298],[-77.18401619638793,39.09481880251313],[-77.1838458886301,39.09546781330418],[-77.18265770566474,39.094947991506444],[-77.18223189947045,39.0965705135818],[-77.18358909080989,39.098128960160764],[-77.18273881403667,39.09968637970028],[-77.18401223452715,39.09988169546573],[-77.18528437069907,39.10176463033529],[-77.18163436291876,39.10052967457951],[-77.18256983768347,39.09864775768589],[-77.18248602938453,39.097284631128744],[-77.18121265851615,39.097089299825484],[-77.1821494638027,39.093519757321516],[-77.18053689351082,39.09293480535946],[-77.17655116035218,39.08793482727351],[-77.17502241432823,39.0887129323914],[-77.17417361317605,39.088582662210705],[-77.17442917904927,39.087609167106585],[-77.17595790820428,39.08683106944561],[-77.17663932181274,39.084235072788424],[-77.17833828663912,39.08280794687668],[-77.18021171936404,39.07566891949038],[-77.1822496002,39.07463135924444],[-77.18225096135194,39.07294373566258],[-77.184373861339,39.07158163822539],[-77.18386574914862,39.070153417222016],[-77.18573319249626,39.06976480839128],[-77.18709245569612,39.0679479642838],[-77.18955430887735,39.06697537714221],[-77.18930021549028,39.06626127804017],[-77.19218626194115,39.065353722931675],[-77.19422476558258,39.06262834769964],[-77.19278293460853,39.06139453689168],[-77.18887955410476,39.061133330984205],[-77.1875229400712,39.0595749527544],[-77.19447997166434,39.06165481599571],[-77.19549862106808,39.061135924349585],[-77.19592496698438,39.05782574824859],[-77.19804617512052,39.05815103965776],[-77.20008425709274,39.055425571781264],[-77.20110370232727,39.05321901695746],[-77.20042533087042,39.05243989747348],[-77.20398822750968,39.053998807354674],[-77.20653438588025,39.052701369547755],[-77.20899472270085,39.05341601728072],[-77.20992888293252,39.051533910767816],[-77.21179570860859,39.051144911550935],[-77.21196633392617,39.048808251149545],[-77.21417231570373,39.04880874480786],[-77.21578476003516,39.04770563943611],[-77.21671867112111,39.04582348374348],[-77.21434347484981,39.044784466689244],[-77.21179975729726,39.04101921840014],[-77.20891566326262,39.04023961114143],[-77.20730328029315,39.04134262592597],[-77.20900064095545,39.039915091828206],[-77.2080681285889,39.038421960039315],[-77.20213027961563,39.0375115351452],[-77.20399678700217,39.03712265406634],[-77.20857724388215,39.038162460605555],[-77.20959546356693,39.03764345551207],[-77.20925556948278,39.03894153364783],[-77.21307222831115,39.04121423439294],[-77.21451339164739,39.04413542008976],[-77.21629505359567,39.04407087705585],[-77.21680362051143,39.04549895878095],[-77.21833101061233,39.04472034589124],[-77.2187551942889,39.04478533040803],[-77.21637829751006,39.04880919929196],[-77.2127297671457,39.04926278472411],[-77.21238921360899,39.05224849112758],[-77.21060734778231,39.05231297822894],[-77.21086160170661,39.05302703197332],[-77.20890972919999,39.05374053734957],[-77.20865474414445,39.054714097318104],[-77.20797627781111,39.05393501886513],[-77.20483667824905,39.054128873106436],[-77.20025338320963,39.056464161749645],[-77.1976209279571,39.05977360349725],[-77.19761992389303,39.06146122322828],[-77.19439382473523,39.06366694697009],[-77.19396846377005,39.065289499901034],[-77.19532638006788,39.06516018800156],[-77.19600377391295,39.06762695866224],[-77.19481595912563,39.067107255752695],[-77.19507117301501,39.06613372205415],[-77.1937983140666,39.065938520797715],[-77.19057190020966,39.06814414707294],[-77.18785593437379,39.068402652249674],[-77.18513736117961,39.07203634319369],[-77.18521860565423,39.07677470960178],[-77.18496452060837,39.07606060036604],[-77.18360638221091,39.076189799275646],[-77.18403203831116,39.074567278631804],[-77.18267392616251,39.07469646731526],[-77.18071979830609,39.077097156867126],[-77.18037779921077,39.08008279022611]],[[-77.18403203831116,39.074567278631804],[-77.18454149261726,39.07430787607481],[-77.18411716725053,39.074242774385674],[-77.18403203831116,39.074567278631804]]],[[[-77.17393047790365,39.076055146736586],[-77.17817523617607,39.07501882233878],[-77.17902532214985,39.07346144116165],[-77.18208068909108,39.07359274140524],[-77.18191041378915,39.07424174699127],[-77.1786847145511,39.074759443771946],[-77.17791976475631,39.075992322883934],[-77.17528863098008,39.07592605357845],[-77.17452361129365,39.07715891204707],[-77.17393047790365,39.076055146736586]]],[[[-77.16951686131044,39.07605269096127],[-77.17146971964678,39.07533980171708],[-77.17350615184323,39.07599000879428],[-77.17291146541575,39.076573862932136],[-77.17045069962602,39.07585849766646],[-77.16977079453467,39.076766831771245],[-77.16951686131044,39.07605269096127]]],[[[-77.1876770773992,39.08086503314807],[-77.1852173133458,39.07846233439541],[-77.18547269569348,39.07748881841119],[-77.1871700823901,39.077749198118035],[-77.18818656284374,39.08060561534854],[-77.19022329214076,39.08125554909639],[-77.19005307160542,39.08190456674847],[-77.1876770773992,39.08086503314807]]],[[[-77.18224143196063,39.084757111685455],[-77.18512700661078,39.085537344459496],[-77.18572038746947,39.086641058250564],[-77.18241037131867,39.08579573143738],[-77.18224143196063,39.084757111685455]]],[[[-77.18775726387767,39.087291033140346],[-77.18597451694046,39.08735516733423],[-77.18572038746947,39.086641058250564],[-77.18750311711119,39.08657692771042],[-77.18775726387767,39.087291033140346]]],[[[-77.17018034834318,39.0920206231178],[-77.17018199014144,39.09033299426201],[-77.17238923212285,39.09033422993203],[-77.17256121666327,39.08799760731915],[-77.17366558259437,39.087154395045545],[-77.17442609279185,39.09098442373995],[-77.17213362933386,39.091307721337074],[-77.16941341284293,39.09494108358616],[-77.16763046204333,39.095004954751595],[-77.17018034834318,39.0920206231178]]],[[[-77.16771398899776,39.09636809071986],[-77.16983784591135,39.09500623573238],[-77.17034585614918,39.09643452064645],[-77.16932487042068,39.09864084036248],[-77.17127672128629,39.09961558242179],[-77.17110628848081,39.10026457634218],[-77.16991811823007,39.099744632300514],[-77.16923798294077,39.10065296753755],[-77.16839073626376,39.09883502601985],[-77.16907253282989,39.09623906501353],[-77.16771398899776,39.09636809071986]]],[[[-77.17679032182969,39.10552526351793],[-77.17390715389523,39.10136956883914],[-77.17110628848081,39.10026457634218],[-77.17492650706359,39.10085084207675],[-77.17492497524233,39.102538474349835],[-77.17585913955067,39.102344239453046],[-77.17840314143335,39.106110265483686],[-77.17806236963634,39.10740827432168],[-77.17627912045705,39.10747226969557],[-77.17679032182969,39.10552526351793]]],[[[-77.16957225619791,39.10610551472712],[-77.17068019314516,39.10188706047163],[-77.16948536664192,39.10811764494853],[-77.16727758437014,39.10811635770161],[-77.16710880946462,39.10707771300899],[-77.16957225619791,39.10610551472712]]],[[[-77.1644641348868,39.1188246648956],[-77.16837052790125,39.119086640632645],[-77.16956066034285,39.11791896363144],[-77.17117369691552,39.11850406079282],[-77.16879342645515,39.12083943481825],[-77.16896225743055,39.12187808000851],[-77.16488693764299,39.12057747227549],[-77.1644641348868,39.1188246648956]]],[[[-77.19936444569134,39.127214502086545],[-77.19970492969085,39.125916429864304],[-77.19800637232069,39.1256562189695],[-77.19452307545008,39.12714788275543],[-77.19418249305726,39.12844594110556],[-77.19282339139589,39.12857524204578],[-77.18976331667577,39.131819488152935],[-77.18874363479584,39.13233833971057],[-77.18789429912974,39.13220816213463],[-77.18814983459714,39.131234630615],[-77.1862808234685,39.13162328030272],[-77.18611172214646,39.13058465663407],[-77.18967933507103,39.13045635763868],[-77.19052982325786,39.12889888129465],[-77.18985085832324,39.128119693030456],[-77.19120995675134,39.127990424588695],[-77.19121111068692,39.12630278377175],[-77.19248502065183,39.12649801375425],[-77.19316510720459,39.125589546789094],[-77.1897680668027,39.12506892319198],[-77.18730673649901,39.1226662455468],[-77.18959893087178,39.12403030562095],[-77.19197750082688,39.12338217119689],[-77.19469443504885,39.12481121300816],[-77.19588423802779,39.12364328277637],[-77.19308217935462,39.12253878068944],[-77.1932524680551,39.12188975385585],[-77.19546066937717,39.121890579829795],[-77.19546172444814,39.12020294101215],[-77.19783911694401,39.12124233355834],[-77.1993683031633,39.120463942965046],[-77.19834983727577,39.119295233563605],[-77.19911489632183,39.118062218612785],[-77.19614275403504,39.11760682093548],[-77.19444548236494,39.115658924508],[-77.19555001477976,39.114815513355275],[-77.19707807282701,39.115724788685995],[-77.19937119579674,39.11540102951254],[-77.19903075512492,39.11669909813207],[-77.20064400191752,39.11728381281665],[-77.19987897702849,39.118516836987745],[-77.20174666913366,39.119815622133274],[-77.1985181032841,39.122021477143626],[-77.19622476748535,39.122345221002085],[-77.19605450427811,39.122994251964215],[-77.19953661010915,39.12319018579427],[-77.20021563286971,39.12396932040989],[-77.20140349923199,39.12617661757163],[-77.19936444569134,39.127214502086545]]],[[[-77.15707015040482,39.123428456218434],[-77.15919689592262,39.120379137530485],[-77.16114919504521,39.12135404270599],[-77.16030190935389,39.11953603878448],[-77.16378375272336,39.119732973640645],[-77.16548029718648,39.1216812900761],[-77.16429003749396,39.122848928884515],[-77.16216709111613,39.1225230571954],[-77.16191123802992,39.123496533603266],[-77.16063932720773,39.121613351666106],[-77.15995887108757,39.12252163997996],[-77.16080618302252,39.12433964730921],[-77.15919120247159,39.125442054554],[-77.1588538082495,39.123364736173194],[-77.15707015040482,39.123428456218434]]],[[[-77.1579077617693,39.133684689484795],[-77.16198552539598,39.13329788650813],[-77.16402171208229,39.135635899293504],[-77.15994570870015,39.13433512606485],[-77.15756649423031,39.134982649155006],[-77.1579077617693,39.133684689484795]]],[[[-77.15612188011782,39.13543603897909],[-77.1570545700469,39.136929587540635],[-77.15493124449256,39.13660359140441],[-77.15612188011782,39.13543603897909]]],[[[-77.15577859487018,39.1384216381071],[-77.15246451251984,39.13926314952644],[-77.15221259143676,39.136861320878786],[-77.15493124449256,39.13660359140441],[-77.15476057878719,39.13725256761176],[-77.1577332653962,39.137708956197095],[-77.1567966437334,39.13959070054631],[-77.15756068595329,39.1400455808778],[-77.15951538270272,39.1393328707258],[-77.16206349611879,39.139723968041416],[-77.16189288682514,39.140372954443954],[-77.15934475155377,39.139981853581354],[-77.15747536118744,39.14037007103021],[-77.1577294009084,39.141084245303205],[-77.15603063932231,39.140823460289106],[-77.1550125855082,39.13965439128773],[-77.15577859487018,39.1384216381071]]],[[[-77.1577294009084,39.141084245303205],[-77.15891625557478,39.143291955688035],[-77.1575568133186,39.14342087158047],[-77.1577294009084,39.141084245303205]]],[[[-77.18363303537079,39.15012128663876],[-77.18236145470182,39.1465506691893],[-77.17989822415379,39.14583548133101],[-77.17947491193937,39.14408271613836],[-77.18083293222229,39.14564120739614],[-77.18346659742383,39.14570736017924],[-77.18601123821264,39.151160911595575],[-77.18363303537079,39.15012128663876]]],[[[-77.15950781888796,39.146083453594684],[-77.15891625557478,39.143291955688035],[-77.16019037670755,39.14348751716171],[-77.16010318241698,39.14549965574146],[-77.16239558648547,39.146864223486624],[-77.16213965068611,39.14783770513702],[-77.15950781888796,39.146083453594684]]],[[[-77.18652122291894,39.150901497063224],[-77.1869447450093,39.15265424072773],[-77.18584081612053,39.15180993234693],[-77.18652122291894,39.150901497063224]]],[[[-77.20342074015882,39.16732988632658],[-77.20104268420059,39.16460293656021],[-77.19883318345718,39.16460220969613],[-77.19721991442326,39.16232981258135],[-77.19518084771295,39.161679983098814],[-77.19603158367724,39.16012245918109],[-77.19407777358799,39.159148094066936],[-77.19390849659672,39.158109475157765],[-77.18898107213475,39.156679504668794],[-77.18490213911134,39.157067194604004],[-77.18184462594397,39.15524831089196],[-77.17683237892128,39.1541423677978],[-77.17470846116623,39.15381670817097],[-77.17249769968738,39.1555031637012],[-77.16994897623208,39.155112278881894],[-77.16978005385188,39.154073628048394],[-77.1731783080594,39.15459480071324],[-77.17351938866875,39.15329679302203],[-77.17496424950673,39.15284319946813],[-77.17666336032,39.153103726522694],[-77.1772571647588,39.15420749537432],[-77.18006161852831,39.153624711051286],[-77.18507258193705,39.15641817443087],[-77.18813145126269,39.15654932806593],[-77.1869447450093,39.15265424072773],[-77.18923667916594,39.1557059660514],[-77.19195476918108,39.15713507711206],[-77.19178780920863,39.152721155408756],[-77.19306329556714,39.15122873116156],[-77.19246477461613,39.156875637892085],[-77.19356885757428,39.157719888375944],[-77.19501368113622,39.157266061546764],[-77.19518297197288,39.15830467876925],[-77.1942481392646,39.15849906104402],[-77.1971367741959,39.159279026354994],[-77.19815478850626,39.16213540781999],[-77.20163877758836,39.16233128437237],[-77.20350762851874,39.163630054643335],[-77.20495083745976,39.16655141976122],[-77.20367446148715,39.16973162606092],[-77.20367532627564,39.168043970667256],[-77.20240065705815,39.167848853654355],[-77.20342074015882,39.16732988632658]]],[[[-77.17384643533484,39.167187650982186],[-77.17571642877849,39.16679918531885],[-77.17732912389478,39.16907186335151],[-77.17562963689386,39.168811344515746],[-77.17546060134538,39.16777269841316],[-77.17384643533484,39.167187650982186]]],[[[-77.21619559349145,38.83714651327435],[-77.21441776336357,38.840586185901095],[-77.21357178054569,38.840456189534244],[-77.21484196073783,38.83727604903951],[-77.21408073395303,38.836821542002994],[-77.21619559349145,38.83714651327435]]],[[[-77.20764844747939,38.842921186874754],[-77.21145683669998,38.84013117334801],[-77.21357178054569,38.840456189534244],[-77.21331760366952,38.84142972957159],[-77.21179509186075,38.84052069169898],[-77.20950994369454,38.84253223348062],[-77.20764844747939,38.842921186874754]]],[[[-77.19131824031203,38.844798018205566],[-77.19047224983485,38.84466786402498],[-77.1900480793573,38.846290352221715],[-77.18920207383027,38.8461601893456],[-77.19089640143291,38.84304537466461],[-77.19131824031203,38.844798018205566]]],[[[-77.19985740733038,38.855900149431555],[-77.19537334982262,38.8545355469597],[-77.19622049720809,38.85297809873207],[-77.19283725061076,38.85077001215933],[-77.19139619754499,38.85459892922734],[-77.18995735047407,38.85505269202425],[-77.19071977820542,38.85381977901902],[-77.19004337332575,38.8530406251861],[-77.19249904919661,38.85038044160936],[-77.18911603587759,38.848172254055314],[-77.179725036892,38.847064564947395],[-77.17515547708813,38.847711290132004],[-77.17447929524064,38.846932051866716],[-77.17024939965384,38.84628064809021],[-77.16779474163877,38.847252821669656],[-77.16534176651024,38.846537379193954],[-77.16635761752643,38.84601874255054],[-77.16517362474055,38.845498772978914],[-77.16847253088413,38.84634452891808],[-77.1701661118183,38.84491756473867],[-77.17380312784829,38.84615280997778],[-77.17828771454842,38.84583062426226],[-77.1831939194153,38.847260947888245],[-77.18759368508596,38.847262918082016],[-77.1886942304172,38.84641960236543],[-77.19072326087412,38.84875707336176],[-77.19368440841968,38.849212581929685],[-77.19452938466273,38.85103028261773],[-77.19732102901766,38.85213470584422],[-77.19723520811571,38.85414677752459],[-77.19833476115768,38.85499094467159],[-77.19977355485437,38.85453708459041],[-77.19985740733038,38.855900149431555]]],[[[-77.20502071945378,38.85298095755126],[-77.20738953321862,38.854020124494355],[-77.20950413579389,38.856032780054136],[-77.21255044387514,38.856163326818276],[-77.21339597114377,38.85798090021454],[-77.21923511596484,38.85752771153096],[-77.21855785538168,38.8584362830264],[-77.21644236760801,38.85811135131727],[-77.21398792755612,38.8590844413601],[-77.21356293226113,38.86408215434009],[-77.21144662166562,38.865444708400425],[-77.21356230002128,38.86576972567852],[-77.21254650974643,38.8662887505053],[-77.21305311859912,38.86940438289808],[-77.21017580238603,38.86862482413129],[-77.20916068240608,38.86745624939194],[-77.21051488579373,38.867326775271756],[-77.21076988733999,38.864665666709605],[-77.2087382833284,38.86570366215211],[-77.20586115936811,38.864924003538604],[-77.20408216390994,38.8683635385336],[-77.20255831758166,38.86914195632412],[-77.20179683457263,38.86868737217429],[-77.20171293111252,38.86732430664158],[-77.20298321977663,38.86583184947981],[-77.204337403954,38.86570244289347],[-77.2052692785765,38.86382042283008],[-77.2075544398796,38.86349652533562],[-77.20890783254778,38.86505464000168],[-77.21093941605376,38.86401664185771],[-77.21187109864904,38.86213457251705],[-77.21187244134653,38.85875943160102],[-77.20620351287786,38.856875685497556],[-77.20535817777224,38.85505806325175],[-77.20375069645077,38.85447343340401],[-77.19977355485437,38.85453708459041],[-77.20079020014295,38.8523305961795],[-77.20502071945378,38.85298095755126]]],[[[-77.22058489062687,38.872586269954176],[-77.22041495424689,38.874922881834586],[-77.22016170760529,38.872521293315856],[-77.22058489062687,38.872586269954176]]],[[[-77.22126134938857,38.875052831974116],[-77.22193610020632,38.88426968930745],[-77.21837903528193,38.88946163610986],[-77.22058019259735,38.8894620159241],[-77.22032593840551,38.89043557588345],[-77.21854803693275,38.890500175288956],[-77.21930985242359,38.89095465769211],[-77.21871653030907,38.89322629131029],[-77.21786992857926,38.89309632350175],[-77.21804051771295,38.88907213352684],[-77.2175324778979,38.88933166605733],[-77.21634741622415,38.88881218303107],[-77.21880282618608,38.887839042804366],[-77.22041211198497,38.88504832811684],[-77.21888809119245,38.88582694826195],[-77.21863434203875,38.88511292871641],[-77.22083583194792,38.88342572874025],[-77.22049780106614,38.88134865832592],[-77.21846690811668,38.87901166627666],[-77.2169435468634,38.87810268778114],[-77.21541963427296,38.87888126462167],[-77.2166904035741,38.87570109125926],[-77.21804474679207,38.875571534725815],[-77.21584516800304,38.87219596364181],[-77.21499881570051,38.872065976556385],[-77.21178095324649,38.8759596629463],[-77.21144048923837,38.88063286484595],[-77.20923959868747,38.88063232273403],[-77.21034181137708,38.876413663592785],[-77.20873307482533,38.877516670600215],[-77.20661707696519,38.87719157041612],[-77.20848020415261,38.87511505748556],[-77.21118889317749,38.87485610908387],[-77.21347500856747,38.872844528924134],[-77.21305311859912,38.86940438289808],[-77.21736948039741,38.86972980971958],[-77.21719944758452,38.872066416399505],[-77.21956856212385,38.87479292591662],[-77.21838320166937,38.87596103665798],[-77.2195680688686,38.87648049941017],[-77.22126134938857,38.875052831974116]]],[[[-77.20000620077464,38.892377747135114],[-77.19865151309287,38.89250710680144],[-77.19805951742893,38.891403487999206],[-77.20026073326018,38.89140422864216],[-77.20000620077464,38.892377747135114]]],[[[-77.1896684323016,38.90496584070514],[-77.18864950571832,38.90885983193462],[-77.18729449134405,38.90898906775827],[-77.18890304365556,38.90957391497095],[-77.18763170364579,38.911066235829395],[-77.18746309509085,38.910027651838234],[-77.18610932557277,38.908469294373106],[-77.18763663690775,38.90431591581492],[-77.18712962743238,38.90288774508],[-77.18797628806766,38.90301792298618],[-77.18822857959483,38.90541958619123],[-77.19000805028844,38.90366784220222],[-77.19237942147335,38.90301972328471],[-77.1896684323016,38.90496584070514]],[[-77.18814366626395,38.905744084738295],[-77.18763540367797,38.90600349526622],[-77.18805875217653,38.90606858324079],[-77.18814366626395,38.905744084738295]]],[[[-77.18737569427964,38.913727311965786],[-77.18382001467903,38.912167959291665],[-77.17814329555206,38.91534566047164],[-77.17576988804117,38.91768109000831],[-77.17415662487488,38.92215881929064],[-77.17229290467101,38.92254724514335],[-77.1730531951919,38.92468959708764],[-77.17228972639859,38.92592241217507],[-77.17203788948123,38.92352071008874],[-77.17042916458729,38.92293564300664],[-77.1743312391213,38.916447092855094],[-77.1678987365607,38.91241923981172],[-77.16892048911335,38.906837837623584],[-77.16968216572779,38.907292625908326],[-77.16933885425239,38.91196573002254],[-77.17433278078569,38.91475951125577],[-77.17483962196809,38.91618773651597],[-77.1761947923582,38.91605863668556],[-77.17721301064543,38.913852325245585],[-77.1785681333758,38.91372319951685],[-77.1778927612978,38.91125639279405],[-77.1795848272494,38.913204450208845],[-77.18576961572414,38.9097672830001],[-77.18703972411416,38.909962561796334],[-77.1872920088146,38.912364229066654],[-77.18822370111748,38.91216990719506],[-77.19110250251244,38.91294997984951],[-77.19169684647103,38.91067847277735],[-77.19432310439679,38.90905681248239],[-77.19525579239122,38.90717485771864],[-77.19711899677813,38.90678608756414],[-77.19745949614351,38.903800488923835],[-77.20406512017388,38.9021150464124],[-77.20694526554014,38.89951959273955],[-77.21007819640116,38.89932568982859],[-77.21574994657236,38.90289684718978],[-77.21515701182463,38.90348088772392],[-77.21278647890571,38.9024418631013],[-77.21185564868537,38.90094879037935],[-77.20813043434353,38.90003916634911],[-77.20525031066087,38.902634647727474],[-77.1987295318252,38.903995647820786],[-77.19796572057162,38.90691619731575],[-77.19584787375304,38.908278492120736],[-77.19694822785934,38.909122677118994],[-77.19754135452028,38.908538723255354],[-77.20042011217103,38.90931857920618],[-77.20185906222105,38.91055227247607],[-77.19643997305666,38.90938212385329],[-77.19449180851787,38.91009538701085],[-77.19135607873643,38.91366405825097],[-77.18966250090563,38.913403742460055],[-77.19033946229192,38.91418290410458],[-77.19347306804781,38.91398942047315],[-77.1929636569627,38.91593643481173],[-77.19169342851637,38.91574121654538],[-77.19186324610102,38.9150922136991],[-77.19042320687952,38.915545985272125],[-77.18898435188657,38.914312158486574],[-77.18923910833948,38.91333865989943],[-77.18737569427964,38.913727311965786]],[[-77.18813877989534,38.912494406023264],[-77.18847724640229,38.91288399141046],[-77.18856216657073,38.91255949233389],[-77.18813877989534,38.912494406023264]]],[[[-77.17076108657311,38.93007561350448],[-77.17465737692407,38.93033738335077],[-77.17499738080107,38.92903942162286],[-77.1786415645323,38.92689936857748],[-77.183469607546,38.92696660420966],[-77.18838381319691,38.925021568250884],[-77.18524843031918,38.926902507627],[-77.18533209423927,38.92826559454971],[-77.1815208455593,38.92767966522643],[-77.17779318124254,38.92845671086723],[-77.17567433062017,38.92981866495416],[-77.17448583201502,38.932673949236474],[-77.17076108657311,38.93007561350448]]],[[[-77.16330520354543,38.93162894649137],[-77.16660971103988,38.9307871760029],[-77.17076271126203,38.9283880288662],[-77.16991743068291,38.92657014876084],[-77.17228972639859,38.92592241217507],[-77.17093274487353,38.92773905360142],[-77.17186307839214,38.92923243871712],[-77.17059267461984,38.9290370039551],[-77.16779510083879,38.93130713731561],[-77.16652467179038,38.93111166082827],[-77.16347351754952,38.932667566301745],[-77.16330520354543,38.93162894649137]]],[[[-77.2020920723003,38.95008079106774],[-77.20209386997922,38.94670561214582],[-77.20116177273675,38.9469000391507],[-77.2010777910297,38.945536959403256],[-77.20200987104528,38.94534253306689],[-77.20235035016792,38.94235690548163],[-77.20506405231352,38.93703532662262],[-77.20752123924201,38.93606240375496],[-77.20345129470907,38.943201036655616],[-77.2034504273983,38.94488862508686],[-77.20489179970377,38.94274711207383],[-77.20480608122122,38.94475921206965],[-77.20412782909808,38.945667714790815],[-77.20243346114225,38.94540757230336],[-77.20217876890523,38.94638110225],[-77.20378826693145,38.94696575931929],[-77.20353272190057,38.949626881827136],[-77.20505741237702,38.95053603369977],[-77.20471700602558,38.95352167218557],[-77.20395462688624,38.953067096290376],[-77.20454889734336,38.9507955151407],[-77.2020920723003,38.95008079106774]]],[[[-77.18421845749315,38.94429716771665],[-77.18608648023229,38.93884579852568],[-77.1852406956774,38.937028020274035],[-77.18668119205005,38.93657430756717],[-77.18676489390582,38.937937395332746],[-77.1885439817977,38.93787325138647],[-77.1897296435644,38.93839300355129],[-77.18744205238653,38.93871657538174],[-77.18676363990139,38.9396249823769],[-77.18735585642132,38.940728662148345],[-77.18616763785006,38.94358406266943],[-77.18303139830618,38.94546495082833],[-77.18150296094599,38.94961829581015],[-77.18142072221625,38.94656761322114],[-77.1823528679035,38.946373334559695],[-77.18294775769596,38.944101859108116],[-77.18421845749315,38.94429716771665]]],[[[-77.18251878260196,38.950787109542276],[-77.18836556329383,38.95033537048254],[-77.188534278081,38.95137395897007],[-77.18353463687707,38.95195591515177],[-77.18175383002769,38.953707577726135],[-77.18090381073391,38.95695253828316],[-77.17836054478005,38.95824943085771],[-77.17946287508715,38.95740618520138],[-77.17988934265126,38.95409611945313],[-77.18200882103872,38.95273408871955],[-77.18234879844506,38.9514361027739],[-77.18107936505848,38.94955318506493],[-77.18251878260196,38.950787109542276]]],[[[-77.17361547124834,38.95785750512485],[-77.17328000905066,38.95409269482736],[-77.17505797798746,38.955716334913674],[-77.17496989180913,38.95941600959021],[-77.17361547124834,38.95785750512485]]],[[[-77.15777120141964,38.95609540524264],[-77.16260479029408,38.952788272602696],[-77.16217936869796,38.954410687572725],[-77.16031475887802,38.95479893515487],[-77.15759905377121,38.9584319562232],[-77.15777120141964,38.95609540524264]]],[[[-77.17836054478005,38.95824943085771],[-77.17581718820217,38.95954627154179],[-77.17666597611417,38.95798893595751],[-77.17836054478005,38.95824943085771]]],[[[-77.17251148158579,38.960388290757535],[-77.17581718820217,38.95954627154179],[-77.1741210509682,38.960973333894934],[-77.17360767448777,38.96629546770413],[-77.17377932682814,38.96395889185617],[-77.17174602658169,38.96330870128545],[-77.17251148158579,38.960388290757535]]],[[[-77.18207882509826,38.970973110088906],[-77.1800438443719,38.97201064970928],[-77.18173875161072,38.97227109901064],[-77.18156871031803,38.97292009321662],[-77.17936502918293,38.97291902061139],[-77.17996022920877,38.97064755071621],[-77.18207882509826,38.970973110088906]]],[[[-77.18258350672164,38.97577650624461],[-77.17961727885393,38.975320724731546],[-77.17961869918874,38.973633129036024],[-77.18105995514766,38.97317947921945],[-77.18131364269259,38.973893584207275],[-77.18470356609355,38.9744144251299],[-77.18495729369616,38.975128522801185],[-77.18258350672164,38.97577650624461]]],[[[-77.18249848612582,38.976101004118725],[-77.18376974345425,38.97629631823919],[-77.18300457293608,38.97921680512665],[-77.18224341978907,38.97707449748696],[-77.18249848612582,38.976101004118725]]],[[[-77.14969944773861,38.97342003258852],[-77.14978249929077,38.974783152469506],[-77.15181592385161,38.975433704050616],[-77.15164560832763,38.97608265753121],[-77.14927361783207,38.97504240821621],[-77.14876686851434,38.973614066637694],[-77.14969944773861,38.97342003258852]]],[[[-77.18300457293608,38.97921680512665],[-77.18681853276067,38.979802693159314],[-77.1863934931054,38.98142519760386],[-77.18512213913453,38.98122991020783],[-77.18546219413966,38.97993191025855],[-77.18317327817027,38.98025540533152],[-77.18300457293608,38.97921680512665]]],[[[-77.15299989754563,38.97764140600472],[-77.15164560832763,38.97608265753121],[-77.15605119442948,38.97777334408581],[-77.15655811568554,38.97920165681221],[-77.15554231439461,38.97803262565464],[-77.15299989754563,38.97764140600472]]],[[[-77.1778299585617,38.98382272590817],[-77.18224070065868,38.98044969112391],[-77.18088295073335,38.982266455692645],[-77.18003538072325,38.982136227892575],[-77.1799489285182,38.98414832229687],[-77.1778299585617,38.98382272590817]]],[[[-77.15867113724637,38.98459040820354],[-77.15621754854358,38.98049957735965],[-77.15876008254764,38.98089073126059],[-77.15732047245724,38.97965652566768],[-77.15952435724355,38.97965798973883],[-77.16003135979932,38.981086288687045],[-77.15799578195707,38.98212346830761],[-77.1590968135032,38.982967997983444],[-77.15867113724637,38.98459040820354]]],[[[-77.19350968680328,38.98791888195962],[-77.19062672825645,38.98882645609677],[-77.19376464042178,38.98694536382852],[-77.19444125315508,38.98941211074444],[-77.19350968680328,38.98791888195962]]],[[[-77.15900978132117,38.98498007801044],[-77.15994247889577,38.98478596665153],[-77.16053465612893,38.98588978175303],[-77.15960194598524,38.98608389759498],[-77.15900408544513,38.99004287434053],[-77.15900978132117,38.98498007801044]]],[[[-77.17782118542928,38.99394832226174],[-77.17705707064717,38.99518117915971],[-77.17663321346137,38.99511605278869],[-77.17612578723202,38.993687818585116],[-77.17782118542928,38.99394832226174]]],[[[-77.16544295845928,38.994071233598085],[-77.1621373893328,38.993225380238165],[-77.16180052409763,38.991148118473944],[-77.16052906628683,38.99095257886535],[-77.16069747789716,38.99199121147103],[-77.15832292478568,38.99263873251867],[-77.1589983887764,38.995105674654546],[-77.15831909535883,38.99601393363198],[-77.15739205844466,38.991145232017914],[-77.1599349707722,38.99153636249543],[-77.15934275668032,38.99043254356752],[-77.16163209869302,38.99010948750128],[-77.1616339364554,38.988421888226966],[-77.16248154673471,38.98855224181633],[-77.16222434488655,38.9912132954506],[-77.16493575918531,38.99264295389502],[-77.16510423761575,38.993681580794814],[-77.16679959619542,38.993942235003985],[-77.16696810424197,38.99498085958523],[-77.16908735055578,38.99530664197575],[-77.16891547356217,38.9976432225014],[-77.16883203743926,38.99628011065343],[-77.16527272085642,38.99472020763487],[-77.16544295845928,38.994071233598085]]],[[[-77.17332746678447,38.99427049728824],[-77.17527809268626,38.993557558067245],[-77.17587057397101,38.99466130148914],[-77.17052910151735,38.994853112960485],[-77.17171716715991,38.99368544090146],[-77.17332746678447,38.99427049728824]]],[[[-77.17697200272649,38.99550567421711],[-77.18197468910579,38.994923978646824],[-77.18214341606026,38.995962582774624],[-77.17697200272649,38.99550567421711]]],[[[-77.15721593504254,38.99685699633321],[-77.15603152071606,38.99464932806015],[-77.15772686933605,38.994910106221546],[-77.15831909535883,38.99601393363198],[-77.15661785612328,39.0008159682595],[-77.15721593504254,38.99685699633321]]],[[[-77.14752464840615,39.01697153615026],[-77.14973812148286,39.01022275170985],[-77.15126548835558,39.009444968249035],[-77.15330598957404,39.005032686964725],[-77.157041728591,39.00088116303102],[-77.15712494907024,39.00224428378635],[-77.15228371479138,39.00892643555768],[-77.15236685531161,39.01028956125939],[-77.15033035094531,39.01132661992692],[-77.1485408646583,39.01814064011838],[-77.14752464840615,39.01697153615026]]],[[[-77.15369348134313,39.03547482903171],[-77.15470805568899,39.03833149854028],[-77.1535189874188,39.03949901632041],[-77.15309693013657,39.037746196397336],[-77.15097651858633,39.03742013874075],[-77.15072081513378,39.0383935768701],[-77.14554658183623,39.03793535602726],[-77.14495643428799,39.03514384829171],[-77.14639693305786,39.036378208322816],[-77.1461411719613,39.03735163685005],[-77.14919496205123,39.03748374480345],[-77.15123221519259,39.03644670024642],[-77.1532673771414,39.037097234495654],[-77.15267694000389,39.03430576385157],[-77.15428798594803,39.03489107110043],[-77.15615664770336,39.0328152978618],[-77.15633490305348,39.02541589245512],[-77.15743850678545,39.02457283368188],[-77.16023624940355,39.025678119218746],[-77.16057881950229,39.022692569753005],[-77.16236000374003,39.022628800564696],[-77.16100652931372,39.01938253550262],[-77.16321161794428,39.01938393411497],[-77.16380770267538,39.01711252515787],[-77.16592931847926,39.0157507559635],[-77.17008390765773,39.01672681364055],[-77.16915415546286,39.01354578947007],[-77.16745833152554,39.01328516659999],[-77.16610306884806,39.01172656720324],[-77.16797248954725,39.00796301960059],[-77.16424412174082,39.00536445909852],[-77.16475492769254,39.00341753743723],[-77.16738342936534,39.00348402897355],[-77.16687612636804,39.00205575507559],[-77.16849160932232,38.99757806830555],[-77.16891213531306,39.00101842658221],[-77.17026725868466,39.00257699263305],[-77.17331806568377,39.00439610989162],[-77.17492708552219,39.00666875036586],[-77.17713178899919,39.006669901776874],[-77.17789310128323,39.008812250676776],[-77.180097869772,39.008813349416975],[-77.18111310917307,39.0116697904797],[-77.18272388250634,39.01225472664898],[-77.18085789956721,39.01264328642983],[-77.17984265660088,39.00978684282983],[-77.17738408197509,39.00907162305983],[-77.176537698371,39.00725376631491],[-77.17390905212378,39.00718746855619],[-77.17348669101385,39.0054347273423],[-77.17187614297652,39.00484967198454],[-77.17170754199671,39.00381105244383],[-77.17001193584109,39.0035504648585],[-77.167979253563,39.001212605837196],[-77.16772220805883,39.00387367616148],[-77.16602487848057,39.00530063751977],[-77.16924426468714,39.00815848348873],[-77.1669509587011,39.0118568907542],[-77.16805254429298,39.01270134494096],[-77.17110533918006,39.01283291363152],[-77.17034091218075,39.014065732906275],[-77.17169630925255,39.0156242866375],[-77.17059137597693,39.018155077818996],[-77.171097245301,39.02127094808475],[-77.1738950684441,39.02237592528445],[-77.17363816460313,39.025037017017],[-77.17474002748531,39.025881413701626],[-77.17185693128346,39.02510094800002],[-77.17363972465195,39.023349408105666],[-77.1697401054174,39.02139999421313],[-77.17016575019211,39.01977753652859],[-77.16821774247981,39.01711518373899],[-77.16474079949437,39.01691837675131],[-77.16388928238423,39.02016325236946],[-77.16236182543395,39.02094119248095],[-77.16303949527806,39.021720515573335],[-77.16099911638568,39.026132968848515],[-77.15803096998647,39.02567666776631],[-77.15641225877474,39.031841849464655],[-77.15700476562142,39.03294568979039],[-77.15836214357282,39.03281678259849],[-77.16039726770744,39.03346719961645],[-77.15886759086236,39.035932710294716],[-77.1588694939418,39.034245098501145],[-77.15768248992511,39.03372504368079],[-77.1557286381091,39.03612532284355],[-77.15369348134313,39.03547482903171]],[[-77.15640833859631,39.03521707208398],[-77.15564540502946,39.03476219355834],[-77.15556019525557,39.03508667603224],[-77.15640833859631,39.03521707208398]]],[[[-77.17423397002544,39.022765555899916],[-77.1753373260369,39.02192233844671],[-77.1780501429742,39.02335171748681],[-77.17423397002544,39.022765555899916]]],[[[-77.1822904072791,39.02400287065956],[-77.18288324302026,39.025106586035456],[-77.1780501429742,39.02335171748681],[-77.1822904072791,39.02400287065956]]],[[[-77.14183586588244,39.02183523196858],[-77.14251788841368,39.019239452141484],[-77.1442137617578,39.01950041589239],[-77.14404552184475,39.01846175635952],[-77.14769293455578,39.01801019071418],[-77.14293958333758,39.02099230255682],[-77.14336129858843,39.0227451520477],[-77.14047866361648,39.02196395830294],[-77.14013760926971,39.02326184352979],[-77.13835639009537,39.02332529397266],[-77.13920672443706,39.021768199322004],[-77.14183586588244,39.02183523196858]]],[[[-77.17566866868037,39.030750013072996],[-77.17660340020183,39.02886816459196],[-77.1765167974792,39.030880271709016],[-77.17566866868037,39.030750013072996]]],[[[-77.1805831012314,39.037243312963696],[-77.1754954022304,39.03477422790144],[-77.1765167974792,39.030880271709016],[-77.1777038897298,39.03140014626344],[-77.17660041735373,39.03224338607915],[-77.1763435776557,39.03490448780913],[-77.18151641157206,39.03704903784392],[-77.18202424628464,39.038477260144155],[-77.18380579833239,39.03841318317902],[-77.18346544025161,39.03971119086257],[-77.18193914987793,39.03880176090846],[-77.1819364143145,39.04217698821184],[-77.18074911585282,39.04165715316007],[-77.1805831012314,39.037243312963696]]],[[[-77.13537381278726,39.032994108026166],[-77.13757931360846,39.03299596182692],[-77.13808625699318,39.03442436263792],[-77.13562726032195,39.03370831314787],[-77.13537381278726,39.032994108026166]]],[[[-77.16344013886645,39.04372463431334],[-77.15903228426176,39.040346578413114],[-77.15886759086236,39.035932710294716],[-77.15928788331003,39.03937312285173],[-77.16208622352464,39.04047836947905],[-77.16344013886645,39.04372463431334]]],[[[-77.13297515957491,39.048829666898556],[-77.13000883592656,39.04668507938159],[-77.12771757203937,39.04700755515649],[-77.12398592814166,39.0460953831464],[-77.12788826728719,39.04635862707321],[-77.12899251871991,39.045515818140174],[-77.13230007948694,39.046362561362216],[-77.13263635764515,39.048439921993925],[-77.13475700830789,39.04876629336385],[-77.13679478352789,39.04772948362115],[-77.13713842010182,39.04474398773794],[-77.13815962562828,39.04253795402173],[-77.13663384277005,39.04162796700415],[-77.13587340262559,39.03948535362077],[-77.1373991310054,39.040395349645216],[-77.13748202845574,39.041758492443726],[-77.13909311719618,39.04234399752959],[-77.14011189115686,39.04182556182471],[-77.140964723024,39.03858083755907],[-77.138337356578,39.03682617409268],[-77.13808625699318,39.03442436263792],[-77.13893436126064,39.03455487799944],[-77.13960955681759,39.03702194247201],[-77.1452077632875,39.03754564614418],[-77.14554436943799,39.039622968660474],[-77.1438480219925,39.03936202219724],[-77.14359221627623,39.04033544597113],[-77.14240522211996,39.0398152446083],[-77.14181058185704,39.04039894614607],[-77.14129890172426,39.04234578528278],[-77.14256892491473,39.04422913742463],[-77.13934663385749,39.04305819619998],[-77.13781843337587,39.043835837391015],[-77.13798186675216,39.04824973930873],[-77.13569058892426,39.048572362234104],[-77.13458390154526,39.0511028469272],[-77.13288732558803,39.050841750255074],[-77.13237785149168,39.05110093992274],[-77.13305798369264,39.050192814636034],[-77.13424508039749,39.05071310625576],[-77.13458636871742,39.04941523115549],[-77.13297515957491,39.048829666898556]]],[[[-77.17081260731722,39.052621452792785],[-77.16631869202165,39.0495681439638],[-77.16572765250663,39.04677672940687],[-77.16386248021085,39.045477420878555],[-77.16344013886645,39.04372463431334],[-77.16649250165534,39.04554393175938],[-77.1661518010984,39.04684189357064],[-77.16750942226513,39.04671288610071],[-77.16649077522723,39.04723154693375],[-77.16682803434064,39.04930881518581],[-77.1688636958686,39.04995909531349],[-77.17081260731722,39.052621452792785]]],[[[-77.15401217762786,39.052740659471006],[-77.15418466387311,39.05040407821552],[-77.15248803386172,39.050143249269055],[-77.15232371556738,39.045729365038255],[-77.15046090817408,39.042742241387],[-77.15190784556874,39.03891369863677],[-77.15275602699928,39.039044119714504],[-77.15207624511544,39.039952351078156],[-77.15292239774419,39.041770384408956],[-77.15173324456117,39.042937885782095],[-77.15367931667795,39.04728812372143],[-77.15308470581304,39.04787187998129],[-77.15723513403309,39.05391122220095],[-77.15579410383397,39.05267698414083],[-77.15401217762786,39.052740659471006]]],[[[-77.13449857861605,39.0514273158565],[-77.13534687479725,39.05155785609816],[-77.13500067476795,39.056230967866824],[-77.13364779651502,39.052984386133176],[-77.13449857861605,39.0514273158565]]],[[[-77.1288114310996,39.052915209419595],[-77.13152956597371,39.05097037941751],[-77.13237785149168,39.05110093992274],[-77.13016923184595,39.052786609921604],[-77.12948645364169,39.05538233673719],[-77.12728027385928,39.05538033920871],[-77.1288941817972,39.05427836090587],[-77.1288114310996,39.052915209419595]]],[[[-77.16333875738292,39.05923767274069],[-77.16155667696474,39.059301456362036],[-77.16121952212387,39.057224170160374],[-77.15943748920786,39.05728792336164],[-77.15782783325082,39.05501506279816],[-77.15960792542798,39.0566389505598],[-77.16283295640571,39.0561217506709],[-77.16181414415952,39.05664037400768],[-77.16181230885613,39.05832799239225],[-77.16469661504995,39.059108695733414],[-77.16622138303873,39.06170596022827],[-77.16333875738292,39.05923767274069]]],[[[-77.15128625965338,39.06143645551737],[-77.15043781957442,39.061306023892485],[-77.15061044103639,39.058969444074144],[-77.14840415185486,39.05896782166738],[-77.15044201837875,39.05793078620751],[-77.15001992827622,39.05617795021754],[-77.14883262944393,39.05565780884873],[-77.15019044596632,39.05552899046549],[-77.15129665747322,39.052998364813746],[-77.14968523434446,39.0524130169338],[-77.15206181678379,39.05176565469923],[-77.15206387826109,39.050078038413716],[-77.15308063028179,39.05124711178416],[-77.1513777524098,39.05604911884597],[-77.15230932630519,39.057542680562506],[-77.15154203659169,39.060463012316184],[-77.15459280139027,39.063970227419496],[-77.15323483498582,39.06409909411006],[-77.15128001980264,39.06649931601081],[-77.15128625965338,39.06143645551737]]],[[[-77.13125828772425,39.06206948600377],[-77.1288837831472,39.06102883229934],[-77.13227739402286,39.06155111277025],[-77.13253342591895,39.060577708701324],[-77.13338182535604,39.0607082625724],[-77.13287479111398,39.059279836050635],[-77.13550772951773,39.05765938494126],[-77.13482509617819,39.060255143325335],[-77.13389136320835,39.06044906834834],[-77.13405707539373,39.063175368454914],[-77.13219204853368,39.06187558071344],[-77.13023659833918,39.06427547053464],[-77.12972960102269,39.06284703027045],[-77.13125828772425,39.06206948600377]]],[[[-77.14737000209865,39.07129967064942],[-77.1443103103541,39.07454276251512],[-77.1428668149395,39.07499599310908],[-77.14329337351234,39.07337361251096],[-77.14915664821105,39.067860846738725],[-77.1492397974987,39.06922398826589],[-77.14737217307105,39.06961204858324],[-77.14737000209865,39.07129967064942]]],[[[-77.14907350204221,39.06649770549042],[-77.15204325918013,39.066954223872315],[-77.15221172562912,39.06799288124104],[-77.15195180202659,39.0723415715432],[-77.1493976095873,39.07870076654024],[-77.14838053272028,39.07753165728153],[-77.14897755790487,39.07526029662519],[-77.15042102045707,39.07480699502783],[-77.1506831385352,39.068770684119364],[-77.14975145414918,39.06727710721849],[-77.14822285578137,39.068054879730276],[-77.14661112359978,39.067469490411895],[-77.14907350204221,39.06649770549042]]],[[[-77.13563440547716,39.08738764818352],[-77.13724649101992,39.08797318201244],[-77.1376732512551,39.086350816833054],[-77.13945601596075,39.08628737547455],[-77.13945837117667,39.084599748917526],[-77.1413264230615,39.0842118064807],[-77.14455057093576,39.08538270494313],[-77.14607957311226,39.08460497514356],[-77.14752107146643,39.08583933299243],[-77.14531396652416,39.08583765570865],[-77.14463365386612,39.08674585392285],[-77.14098509169744,39.08550970822051],[-77.14072908517251,39.08648313411536],[-77.13775620627578,39.08771397065212],[-77.13817818372546,39.08946685833282],[-77.13478569049393,39.08725710905941],[-77.13104934037506,39.088032769694166],[-77.13274928918716,39.08660626616028],[-77.13589048343714,39.086414232620356],[-77.13563440547716,39.08738764818352]]],[[[-77.12892496049186,39.089393960033554],[-77.12663234503826,39.089716418284766],[-77.12561548029562,39.088547120361056],[-77.12035240464485,39.0884123108728],[-77.12111846178392,39.08717978352431],[-77.1233256068685,39.08718189047893],[-77.12366998338462,39.08419641074944],[-77.12451864264682,39.08432702570318],[-77.12400347575795,39.087961435614886],[-77.12731291049224,39.08880831811786],[-77.13104934037506,39.088032769694166],[-77.12892496049186,39.089393960033554]]],[[[-77.16313044793364,39.09532676636045],[-77.16763046204333,39.095004954751595],[-77.16652590674512,39.09584811463906],[-77.16202583552227,39.096169886310584],[-77.16313044793364,39.09532676636045]]],[[[-77.1433424493931,39.10005116815683],[-77.13926881274772,39.09874972632883],[-77.13816864262995,39.09621737379604],[-77.13901983408758,39.09466026031097],[-77.14275416099971,39.095571988654314],[-77.14233203769659,39.09381911450369],[-77.1450513408237,39.0918739742369],[-77.14708799994357,39.09252461620535],[-77.14513221691648,39.09492475392253],[-77.14563974089471,39.09635313973638],[-77.14385448117223,39.09810430028978],[-77.1437668889193,39.10011640938429],[-77.14546465464684,39.10037735981045],[-77.14656514207934,39.10290964976341],[-77.14919722681847,39.10297652755105],[-77.15148808420305,39.10434128479341],[-77.15046851473082,39.104859819690446],[-77.14936573611115,39.10401519572343],[-77.14775103379115,39.10511745001624],[-77.14520421128978,39.104726062169725],[-77.14503353357935,39.10537502095279],[-77.14342099911754,39.10478958619805],[-77.14435976044939,39.10122032356577],[-77.1433424493931,39.10005116815683]]],[[[-77.1361197945607,39.10400474044079],[-77.13909336782098,39.10277393925358],[-77.13815671376706,39.104655530249346],[-77.13892027183809,39.10511052194116],[-77.1361197945607,39.10400474044079]]],[[[-77.12516425191505,39.105358116341506],[-77.12432076078183,39.10185224126662],[-77.11956378238057,39.10314587066424],[-77.11786604505605,39.10288456636906],[-77.1198201312099,39.10217248533346],[-77.11812526699424,39.10022355351805],[-77.11855536732673,39.09691362026943],[-77.1167752061253,39.09528913249391],[-77.11754139645106,39.09405662560513],[-77.1194924291733,39.09503217976793],[-77.1199966422084,39.098148300152545],[-77.11914500218735,39.09970528436683],[-77.12041545375885,39.10158888256058],[-77.1254258970786,39.101009455536875],[-77.12584231014048,39.106137654129306],[-77.12872812783112,39.10691919936356],[-77.1281328283838,39.107502842539084],[-77.12652038291812,39.106917188335615],[-77.1273666759418,39.10873541786618],[-77.1241417686463,39.107564068459745],[-77.12516425191505,39.105358116341506]]],[[[-77.14308188016923,39.10439986579779],[-77.14401390352994,39.10589350301532],[-77.13900563806864,39.10478604678243],[-77.14138402899596,39.104138882627986],[-77.14308188016923,39.10439986579779]]],[[[-77.135014736766,39.10484762171704],[-77.13425120591938,39.104392606060955],[-77.13467566264406,39.104457878383066],[-77.13476104706585,39.104133406179976],[-77.13560995916514,39.10426394588783],[-77.13569533918609,39.10393947305504],[-77.1361197945607,39.10400474044079],[-77.135014736766,39.10484762171704]]],[[[-77.13416581891578,39.10471707793005],[-77.12966247188356,39.106725311475095],[-77.13246799236849,39.10445597297517],[-77.13416581891578,39.10471707793005]]],[[[-77.12965213712538,39.11347584847527],[-77.12990838722159,39.112502440408974],[-77.12838123814745,39.11159234038044],[-77.12770573081474,39.10912518145491],[-77.13033288743213,39.112567727660796],[-77.13330441027085,39.113024697864304],[-77.13219918258457,39.11386755558131],[-77.12965213712538,39.11347584847527]]],[[[-77.1547805864391,39.12037615839684],[-77.15206460367017,39.11894624589474],[-77.15189602114378,39.11790757837678],[-77.14960260772229,39.11823046208354],[-77.14748203206982,39.116216703068595],[-77.14451028947839,39.115760071429],[-77.14188004573127,39.11400545819046],[-77.13763249165473,39.11504055030897],[-77.13602223823956,39.112767382934656],[-77.13738114500266,39.112638703195834],[-77.13788864032635,39.11406712550216],[-77.13916219219213,39.11426290123019],[-77.14052345274303,39.11244655162709],[-77.14264600747872,39.112772792180685],[-77.14391729698566,39.11465615487135],[-77.14867245325532,39.115049226684356],[-77.15070769982492,39.117387448959235],[-77.15164211983947,39.11719339549273],[-77.1552904665075,39.12011687352344],[-77.15664947660912,39.11998798300507],[-77.157411372524,39.12213050089915],[-77.15647690440672,39.12232459790994],[-77.1560542944407,39.12057176133811],[-77.1547805864391,39.12037615839684]]],[[[-77.14406326608443,39.13257122423658],[-77.14117626401126,39.13179003103287],[-77.13871156594979,39.132761671487636],[-77.13795011020814,39.1306190345338],[-77.13395778835843,39.13068057587204],[-77.13242516613937,39.133145805123995],[-77.13301813491269,39.13424978052457],[-77.13080955896906,39.134247845662316],[-77.12851292463554,39.13625798413021],[-77.13004059409903,39.137168086982264],[-77.13003801829456,39.13885573055998],[-77.12663815580343,39.140021025097234],[-77.12621083356515,39.1416433693253],[-77.12875884853219,39.14203514911527],[-77.1293518341567,39.14313914398152],[-77.12883909591947,39.14508596936732],[-77.12450676317053,39.14475744420604],[-77.12407936543113,39.14637978267802],[-77.12645659252534,39.14742054519279],[-77.12526259615895,39.15027546382218],[-77.1267905198323,39.151185609200354],[-77.13078397532094,39.151124297676134],[-77.13222400884139,39.15404649788182],[-77.13528022777284,39.155866600441904],[-77.14224957507194,39.15457412693193],[-77.13638363016251,39.156711358099855],[-77.13315644618378,39.15554023130359],[-77.13162581154195,39.15631781295132],[-77.1312814200834,39.159303357163914],[-77.13043187212996,39.15917278645664],[-77.13086431785783,39.15417512231976],[-77.12865774429905,39.15248550035408],[-77.12356100942027,39.15170188277092],[-77.123392758628,39.15066316980594],[-77.12500884366045,39.14956122193523],[-77.12263706370825,39.145145138390134],[-77.12399931660434,39.14332895855273],[-77.12739673896317,39.14385138059779],[-77.12519324841453,39.14047405610821],[-77.12562058650664,39.138851715761376],[-77.12740465071087,39.138788446631914],[-77.12834202364354,39.136906924015385],[-77.12545501836935,39.13612536518612],[-77.12656066309697,39.13528256370527],[-77.12868382257304,39.135609044095204],[-77.13013118494975,39.133468330660584],[-77.12834986873148,39.131843997100724],[-77.12970914605746,39.131715400733206],[-77.1310709701707,39.12989914838095],[-77.12818421411032,39.12911765400058],[-77.1289531683859,39.12619742886774],[-77.12326278496057,39.12599744956528],[-77.12453920978763,39.1245057363818],[-77.1282748894872,39.12541790499383],[-77.12895576895001,39.124509789591485],[-77.12819468753032,39.1223670964353],[-77.12522012740797,39.12359764159848],[-77.12258731752114,39.123530255874144],[-77.12607191734897,39.12204060856048],[-77.12497185456886,39.11950812786131],[-77.12700910866157,39.1201591022788],[-77.12718262368,39.11782252937705],[-77.12633356826402,39.11769193177922],[-77.12735349012709,39.117173593547506],[-77.1278686965785,39.11353914952944],[-77.127022335023,39.11172092172608],[-77.13194042755902,39.116528604754734],[-77.13049089143753,39.12035696941085],[-77.1309128831955,39.12210989272751],[-77.132101139997,39.12263021179745],[-77.13175692782313,39.12561573688435],[-77.13294524803192,39.126136048249364],[-77.13192524021426,39.126654433263724],[-77.13217645493141,39.12905629802929],[-77.13336483444378,39.12957660574123],[-77.13642490650913,39.128021389429755],[-77.13752789914754,39.128866132145525],[-77.13906025784081,39.12640084212104],[-77.13820630956981,39.129645606080175],[-77.1394777793097,39.13152902043217],[-77.14380939054396,39.131857023285455],[-77.1471232351983,39.13101574375036],[-77.15119673865154,39.13400457866818],[-77.15748311334318,39.13361949611171],[-77.1556118954536,39.135695328052286],[-77.15340327499901,39.13569379441942],[-77.15026210112647,39.134198629433975],[-77.14873209951364,39.134976418139914],[-77.1491588793711,39.13335399876957],[-77.14805568327877,39.132509358462144],[-77.14474401517275,39.131663021104316],[-77.14406326608443,39.13257122423658]],[[-77.13276938653247,39.13016027371158],[-77.1335331790126,39.13061530076348],[-77.13361859929347,39.130290827683616],[-77.13276938653247,39.13016027371158]]],[[[-77.14992069451371,39.1354965682542],[-77.15178378874627,39.140171396308475],[-77.14991012497107,39.14393479093649],[-77.14897749201945,39.14244118667901],[-77.15059510387792,39.13965126350778],[-77.14957927569623,39.13679450647663],[-77.14796600687316,39.13620912706037],[-77.1469459648036,39.13672763632057],[-77.14771208023004,39.13549493355449],[-77.14567421034707,39.13484429636186],[-77.14992069451371,39.1354965682542]]],[[[-77.1459016298366,39.15581025226363],[-77.14250351471001,39.15528833437814],[-77.14267661500399,39.15295172331779],[-77.14445876967012,39.15457585863895],[-77.14717811362203,39.154318297715236],[-77.14819624690763,39.15548743435938],[-77.15032009453552,39.15581354673483],[-77.1516777082986,39.15737236000228],[-77.14649718254431,39.15522651836883],[-77.1459016298366,39.15581025226363]]],[[[-77.16840437264501,38.82979335278669],[-77.17170100496654,38.83232658598014],[-77.16705079167009,38.829922366165526],[-77.16518939107874,38.83031068095908],[-77.16417552551644,38.82914174280631],[-77.16840437264501,38.82979335278669]]],[[[-77.14810015536763,38.831727000343086],[-77.14683151411047,38.831531324489575],[-77.14455154357081,38.828478972825884],[-77.14556949630737,38.82627294414919],[-77.15148943770399,38.82718604682245],[-77.15131946552182,38.82783498758059],[-77.15258805451296,38.828030617389174],[-77.1519102376476,38.82893882143294],[-77.15309386696077,38.82945891684089],[-77.15368669677056,38.82887517828496],[-77.15351674020552,38.82952412217311],[-77.15588405763393,38.83056427106306],[-77.15410755927857,38.83062794573948],[-77.15410555130401,38.83231551018971],[-77.1524139960031,38.832054688164845],[-77.15224402070024,38.83270363052376],[-77.14877804560558,38.830818816885674],[-77.14810015536763,38.831727000343086]]],[[[-77.1408973963555,38.84074338860569],[-77.13895288188687,38.83976820727538],[-77.14259138680906,38.83931680233638],[-77.1426741527088,38.840679903336934],[-77.14436587327491,38.840940858619376],[-77.1408973963555,38.84074338860569]]],[[[-77.14571309138668,38.84587479239016],[-77.14393845481831,38.84425075453184],[-77.14487161421029,38.84236919361292],[-77.14529234268295,38.844121993547844],[-77.14884387917382,38.8456824381903],[-77.14994695342352,38.84315190027934],[-77.15206171025643,38.84347796670428],[-77.15299465011174,38.841596344759566],[-77.15485441284245,38.84289577914836],[-77.15485242181796,38.84458334583537],[-77.15865911195885,38.8451700887661],[-77.16018292579255,38.844392213004944],[-77.16229776436967,38.844718104728805],[-77.16288883952845,38.84582188820466],[-77.16508867858518,38.84582325340487],[-77.16432590104027,38.847056007536764],[-77.15992802228821,38.84536564375664],[-77.15831920835161,38.84646799227161],[-77.15417447926278,38.845491563882526],[-77.15417648600473,38.8438039970386],[-77.15282261974122,38.84393285511395],[-77.15002775845633,38.84620256383687],[-77.15290150967844,38.848671084470176],[-77.15459345228732,38.848931900304],[-77.15289743680202,38.85204622024808],[-77.15171344214146,38.85152612168809],[-77.15315448810244,38.8493852353766],[-77.15070158493505,38.84866950285313],[-77.15095662318869,38.84769609073627],[-77.14875672791065,38.847694474583044],[-77.14901178872158,38.84672106657519],[-77.14545798949165,38.84684819351493],[-77.14410181129408,38.848664523608846],[-77.14571309138668,38.84587479239016]]],[[[-77.14367883544463,38.84859928599657],[-77.14376163221695,38.84996238765813],[-77.14232258034151,38.85041559696595],[-77.14249268526171,38.84976666697774],[-77.14367883544463,38.84859928599657]]],[[[-77.15535047515226,38.8527619095626],[-77.15298040987143,38.85340931626683],[-77.15289743680202,38.85204622024808],[-77.15535047515226,38.8527619095626]]],[[[-77.14839308832624,38.867555613859246],[-77.14349071010727,38.862748767923115],[-77.14044425131824,38.86261652311124],[-77.1329195101012,38.857742201182255],[-77.12902725048565,38.857479122587606],[-77.12673928738697,38.85948914052671],[-77.12555535852232,38.85896879156244],[-77.12868935905225,38.8570893776384],[-77.13596575151188,38.857874630926865],[-77.13714733555629,38.86008244964694],[-77.14526800062856,38.86268524529715],[-77.14704094319937,38.8659968381096],[-77.14831018494698,38.866192512563416],[-77.14839308832624,38.867555613859246]]],[[[-77.18409324845105,38.887568377055075],[-77.1827386219566,38.88769756273901],[-77.18367133574537,38.88581570020843],[-77.18223318216874,38.884581799743984],[-77.17969246593758,38.8858787070364],[-77.17994865805073,38.88321765615255],[-77.18096491645791,38.8826988975287],[-77.179441946059,38.88178945774588],[-77.1794433686313,38.880101883485224],[-77.17775061339938,38.87984140609524],[-77.17648254601723,38.87795845909678],[-77.17784284079883,38.871079050226335],[-77.17530555360307,38.86900072113254],[-77.17632164681541,38.868482001461466],[-77.17454577780717,38.86685839799968],[-77.17276841111723,38.86692234059712],[-77.17141575646151,38.86536383098833],[-77.16946687044056,38.86776426839502],[-77.1695501713075,38.86912735575301],[-77.16777274490339,38.86919122671377],[-77.16751615750808,38.87185224792934],[-77.16666989551022,38.871721930802096],[-77.16709644270463,38.86841194624777],[-77.16845073844976,38.868282931814576],[-77.1696384234741,38.8654277286802],[-77.17056956282946,38.86523354059021],[-77.17074107455691,38.86289700003587],[-77.16930359210191,38.861662952918095],[-77.1658340616253,38.8614661807051],[-77.16490471657804,38.859972763057236],[-77.16354877881211,38.86178930868741],[-77.16397362933786,38.860166908461416],[-77.16160523503915,38.85912691080813],[-77.15940876649664,38.855750345070675],[-77.15467246273985,38.853670131160335],[-77.15687253848178,38.85367164226339],[-77.15991677911383,38.855491051845924],[-77.16295936798602,38.85899795652717],[-77.16634381668638,38.85951929096524],[-77.16820427469261,38.86081852752395],[-77.17091257528827,38.8605604598742],[-77.17226354161744,38.86380654469539],[-77.17513873999509,38.86627455436071],[-77.17615479638816,38.865755836222725],[-77.17725280738294,38.868287763082215],[-77.1773391965887,38.86627570202852],[-77.17996276376057,38.86634192592218],[-77.18013257070153,38.865692943126135],[-77.18131699825173,38.86621277090737],[-77.17818396298702,38.86809351771046],[-77.18012835150836,38.87075565826435],[-77.17885607302297,38.87393545461794],[-77.18689738508742,38.873484870806266],[-77.18892831430276,38.87413480534026],[-77.18384907863339,38.87504126598256],[-77.1796174677469,38.874390180006614],[-77.17775207510218,38.87815383225127],[-77.18020623633326,38.878869031583775],[-77.1814730402352,38.88243951510432],[-77.18384247578992,38.88347913581898],[-77.18477250877747,38.88497241555031],[-77.18612708100197,38.884843207682216],[-77.186718842627,38.88594688256834],[-77.19154417948887,38.886013803448996],[-77.19137442683392,38.8866628034552],[-77.19856764104634,38.89114403521938],[-77.19678970304402,38.89120832255025],[-77.19289653693005,38.88925967308739],[-77.1927279037917,38.88822109913235],[-77.19044306909366,38.88685714837358],[-77.1887501176089,38.88659682100375],[-77.18807220671556,38.88750522894326],[-77.18485611564867,38.88633549541289],[-77.18527805986417,38.888088168338534],[-77.18409324845105,38.887568377055075]],[[-77.18485611564867,38.88633549541289],[-77.18451779182708,38.88594590145391],[-77.18443288466443,38.88627039666463],[-77.18485611564867,38.88633549541289]]],[[[-77.1466723812716,38.889233165026944],[-77.1465960358689,38.882807334974736],[-77.14380398564576,38.88170176495378],[-77.14236202584047,38.88384255055138],[-77.14218726922319,38.8878666325017],[-77.14142366406347,38.88909925163953],[-77.14007360278374,38.88585282096623],[-77.1423643072109,38.88215497642418],[-77.14075673389735,38.88156952753787],[-77.1410971140488,38.88027166697749],[-77.13534322639192,38.878709139662604],[-77.13534567014311,38.87702156671666],[-77.13373826646482,38.876436027161],[-77.13213340666186,38.874162894494354],[-77.13289701244754,38.872930334823685],[-77.13112454391845,38.86961853699419],[-77.12799529482159,38.86812287287402],[-77.12494863955797,38.867990247006134],[-77.1235969878291,38.866431215407594],[-77.13222608006596,38.868775720934714],[-77.13433656751948,38.872477233827205],[-77.13348787109032,38.87403426208803],[-77.13433163347185,38.87585237818668],[-77.13686799041156,38.87793154772416],[-77.14143748207552,38.87897380568588],[-77.14312782368805,38.88092235253912],[-77.15159122726443,38.88222687288003],[-77.1524355362105,38.88404486748375],[-77.14786556924095,38.88300301437581],[-77.14743806302378,38.8863129384596],[-77.14861831921529,38.89020823076135],[-77.1466723812716,38.889233165026944]],[[-77.14185833929051,38.88072662466009],[-77.14261957403771,38.88118157769229],[-77.14270466146445,38.88085711135704],[-77.14185833929051,38.88072662466009]]],[[[-77.15607420465827,38.88528063884309],[-77.1524355362105,38.88404486748375],[-77.15379014845801,38.88391601303668],[-77.15582501226763,38.881191342240705],[-77.15811093781006,38.88086835596641],[-77.15827906052733,38.88190697601326],[-77.1611563455989,38.88268774089809],[-77.16132635812589,38.882038782624214],[-77.16217273038393,38.88216913640203],[-77.16140952302787,38.88340187777242],[-77.16310050142401,38.88535015323665],[-77.16479333224436,38.885610830888965],[-77.16529978367248,38.88703908983348],[-77.16656944098276,38.88723457775205],[-77.16589124763317,38.88814286442678],[-77.16834562888437,38.888858299488334],[-77.16647928353267,38.89262178867528],[-77.17054025173047,38.895609873753145],[-77.17020032446078,38.896907817570344],[-77.16833890924671,38.8956086053393],[-77.1661375668408,38.89560729783456],[-77.16707081068506,38.89372555840445],[-77.16554778324105,38.89281594666836],[-77.16588951100839,38.889830440174784],[-77.16098447993265,38.8850242736707],[-77.15726071535906,38.8841131229988],[-77.15649154187436,38.890408560545296],[-77.1556450840684,38.89027816784002],[-77.15607420465827,38.88528063884309]]],[[[-77.13598284923184,38.904802233156076],[-77.13539414668313,38.902010735412695],[-77.13573471788368,38.90071288628452],[-77.13708726545212,38.902271791998174],[-77.13666157056697,38.90389410826334],[-77.13902870488569,38.9066221671974],[-77.13767364428995,38.90675086067822],[-77.13725273741518,38.904998021802065],[-77.13598284923184,38.904802233156076]]],[[[-77.14495731643409,38.90584801173449],[-77.1478354043653,38.906629088204305],[-77.14537841361926,38.9076008246406],[-77.14427420463707,38.91013134138824],[-77.1435977737404,38.90935192875388],[-77.14495731643409,38.90584801173449]]],[[[-77.14265917250246,38.91460865620158],[-77.14325504067955,38.91233738113495],[-77.14037677631593,38.91155619775805],[-77.14105550580281,38.910648048017606],[-77.13987064313875,38.9101278325951],[-77.13852026133063,38.90688137637411],[-77.14173421836513,38.90973989466948],[-77.14207013482557,38.9118171866166],[-77.14384862389358,38.91175368397459],[-77.14469753833652,38.91019657745116],[-77.14325277900183,38.91402496171979],[-77.14562269636205,38.915065317165805],[-77.14612678144204,38.91818124133278],[-77.14469085345718,38.91525931898446],[-77.14265917250246,38.91460865620158]]],[[[-77.15577180124379,38.92675597061124],[-77.15806107625676,38.92474539979484],[-77.156788839429,38.92623740733322],[-77.15687002328829,38.92928809752833],[-77.15577180124379,38.92675597061124]]],[[[-77.14187694563827,38.92934194382033],[-77.14256037863578,38.92505861646419],[-77.14502021706252,38.92239935075536],[-77.14612678144204,38.91818124133278],[-77.1469735464985,38.91831169950121],[-77.1456967843707,38.92317875697321],[-77.14323694432288,38.92583803638106],[-77.14255354380667,38.930121367918716],[-77.1401761798124,38.93414370580915],[-77.13992537365671,38.93174193595957],[-77.14187694563827,38.92934194382033]]],[[[-77.1306121012224,38.92861846213429],[-77.12967746811839,38.93049993553749],[-77.12925402984676,38.93043464801578],[-77.12993564483473,38.92783897305618],[-77.1306121012224,38.92861846213429]]],[[[-77.158047641725,38.93655849330287],[-77.15669595937203,38.93331222361751],[-77.15440838116851,38.93363518596979],[-77.1522038345445,38.9353212166486],[-77.15017152669235,38.934670675200735],[-77.15644265463713,38.93259807249705],[-77.15754678142602,38.930067439817],[-77.1583937051515,38.930197820210395],[-77.15822163870253,38.93253436352188],[-77.16093264201088,38.93227651171158],[-77.16186282840489,38.93376997276146],[-77.16398027038277,38.93409583938631],[-77.16415037777085,38.93344687291529],[-77.16482725248034,38.93422617591853],[-77.16321654935396,38.935328600195014],[-77.16304823286418,38.9342899796556],[-77.15771308254746,38.93279365229648],[-77.15796447904538,38.93519538648108],[-77.15999499678075,38.93753338649857],[-77.158047641725,38.93655849330287]]],[[[-77.12459625897547,38.929716389900385],[-77.1257813312371,38.93023675263886],[-77.12442310919495,38.932052886020635],[-77.12349371266762,38.93055914465108],[-77.12459625897547,38.929716389900385]]],[[[-77.11985053033933,38.9310099935829],[-77.11875073965156,38.93016512217888],[-77.1215442676343,38.9312712634394],[-77.11985053033933,38.9310099935829]]],[[[-77.14390453642235,38.93336779026972],[-77.14686883156858,38.93382442261432],[-77.14746039616006,38.93492829187478],[-77.14746256097172,38.93324070647036],[-77.14839462660184,38.93304668335172],[-77.15008640965492,38.93499514892328],[-77.14796900373017,38.93466904506502],[-77.14771362090325,38.93564246156615],[-77.1448343874895,38.93486137922861],[-77.1428827650534,38.93726141972495],[-77.14229353555524,38.934469942678746],[-77.14390453642235,38.93336779026972]]],[[[-77.13983553141259,38.93544157289674],[-77.14102311983278,38.934274204892716],[-77.14110596431014,38.9356373228784],[-77.13983553141259,38.93544157289674]]],[[[-77.13797128826887,38.935829483618036],[-77.1374650335568,38.93440110397996],[-77.13450077392508,38.933944246851055],[-77.13390693488404,38.934527900997566],[-77.12730201255648,38.93283444186198],[-77.12561088941396,38.9308856661475],[-77.12848975937641,38.93166719429349],[-77.12950447951737,38.932836438999],[-77.13763537796662,38.933752173872655],[-77.13924172292273,38.93602525270514],[-77.14110365209913,38.937324908726985],[-77.1428827650534,38.93726141972495],[-77.1427124592009,38.93791035735315],[-77.14135682282689,38.93803909163186],[-77.13797128826887,38.935829483618036]]],[[[-77.13894133362768,38.96906285710481],[-77.13775553509419,38.96854261723447],[-77.13877328554526,38.968024198634666],[-77.13894133362768,38.96906285710481]]],[[[-77.14469798191554,38.97400042550711],[-77.1437676335817,38.97250682710776],[-77.14478539664123,38.971988358891835],[-77.14469798191554,38.97400042550711]]],[[[-77.12054243844055,38.973654817072735],[-77.12198406280535,38.97320185345283],[-77.1219015337198,38.971838715350025],[-77.1249552186138,38.970283823975315],[-77.12919191543908,38.970936784613485],[-77.13046549932584,38.96944505076278],[-77.1331779757513,38.96918780428675],[-77.13385733251025,38.96827968664596],[-77.13504309889488,38.968799963747145],[-77.13487264934128,38.96944889355322],[-77.13411053980784,38.968993887518366],[-77.1312275907951,38.96990007921446],[-77.12851247566351,38.97184487707066],[-77.12614095400805,38.97080418629692],[-77.12546147740241,38.97171226203072],[-77.12325783406571,38.97171019307674],[-77.12266085567371,38.97398139095846],[-77.12113392745205,38.974758818194054],[-77.1215520826557,38.978199324322624],[-77.12019845671914,38.97664023262579],[-77.12054243844055,38.973654817072735]]],[[[-77.14164226195763,38.97724339916771],[-77.14037110127863,38.97704765349621],[-77.14215347517207,38.97529657907004],[-77.14164226195763,38.97724339916771]]],[[[-77.13186401082048,38.9976811249965],[-77.129230572275,39.00098908419814],[-77.12965184124721,39.00274197453622],[-77.12812438406523,39.003519491251765],[-77.1264289410099,39.00325830844765],[-77.12633300972571,39.010333182592085],[-77.12438145450125,39.011045354478135],[-77.12369886157647,39.0136410311605],[-77.12200319848976,39.01337978749055],[-77.12302442269319,39.01117388981629],[-77.12574115253695,39.00922920012333],[-77.12591444368393,39.00689267530447],[-77.12481343532549,39.00604784813935],[-77.1249014385412,39.00403578557305],[-77.12380048518533,39.003190949811284],[-77.12032432827755,39.00299289955172],[-77.12024179649539,39.00162975406687],[-77.12778581914375,39.00312973606365],[-77.12940373172675,38.998652557587675],[-77.13203455335378,38.99703219651505],[-77.12635426394922,38.996832363042266],[-77.12228946109538,38.99384278799543],[-77.11652411180656,38.993966962197305],[-77.11796901431956,38.9918264445005],[-77.11890190906522,38.99163264136445],[-77.11898440440375,38.99299578559047],[-77.12288387745518,38.99325918437974],[-77.12618633142263,38.99579368312114],[-77.13678195753285,38.9974257147647],[-77.13746153298499,38.996517573465184],[-77.13975116358118,38.99619492067244],[-77.13975350903462,38.994507320163194],[-77.14145110200883,38.99308072047054],[-77.1402672275089,38.9908729031175],[-77.14416217764877,38.99451083306825],[-77.14679688475036,38.989514961217814],[-77.14832384837779,38.98873721649379],[-77.14832599476428,38.98704961779189],[-77.15248280888278,38.984651063282634],[-77.15239969548388,38.98328794316532],[-77.1534175478256,38.98276940330799],[-77.1558749981426,38.983485094692064],[-77.15621558536718,38.98218717449296],[-77.15706311331627,38.98231756495841],[-77.15723145547062,38.983356200880124],[-77.15646906049517,38.98290133122085],[-77.1562136220997,38.983874772061796],[-77.15316206907144,38.983742837848354],[-77.15205697530908,38.98627345123406],[-77.14908838229654,38.98750453776098],[-77.14526323606867,38.99535548707905],[-77.14195784328848,38.99450909618801],[-77.14034312732032,38.997298834046916],[-77.13432175274579,38.998397244784435],[-77.13186401082048,38.9976811249965]]],[[[-77.12999041436149,39.003131724611166],[-77.13168586725162,39.00339285877157],[-77.13143002527751,39.00436625169547],[-77.12973455061956,39.0041051140003],[-77.12999041436149,39.003131724611166]]],[[[-77.0917328186377,39.0110753388633],[-77.09436832734183,39.007768170018196],[-77.09759497865764,39.00556506555739],[-77.09802545342909,39.00225525818174],[-77.10023328366692,39.00057017398059],[-77.09887311072107,39.0023860463998],[-77.09886652242902,39.00576125022743],[-77.09563990092101,39.00796438780461],[-77.09452904304031,39.01218210198761],[-77.0917328186377,39.0110753388633]]],[[[-77.10038456218571,39.01004690190515],[-77.10428171303793,39.011998489676266],[-77.10402547407548,39.01297182743509],[-77.10004284834727,39.01134467436443],[-77.0987679069695,39.01283610562926],[-77.09860033142529,39.01179738577386],[-77.10038456218571,39.01004690190515]]],[[[-77.11063108791691,39.01804175742934],[-77.1146201759957,39.016293360407026],[-77.11461724667362,39.017980966285315],[-77.11063108791691,39.01804175742934]]],[[[-77.10046021622766,39.0147852712291],[-77.10385146529397,39.0153083239418],[-77.10359520891355,39.0162816613379],[-77.10223804271065,39.01640996959401],[-77.09986544404516,39.01536876945758],[-77.10046021622766,39.0147852712291]]],[[[-77.1030004496449,39.01686517472594],[-77.1049523703279,39.01615333825076],[-77.10562624235065,39.018620579723965],[-77.1046961257029,39.017126678053486],[-77.1030004496449,39.01686517472594]]],[[[-77.10944164394817,39.019208849149635],[-77.10842296822327,39.01972703130142],[-77.10740737475925,39.01855759880922],[-77.10952704086124,39.01888439921521],[-77.10969783240171,39.01823549922222],[-77.11012176427906,39.01830085437345],[-77.11020715709209,39.017976404019784],[-77.11063108791691,39.01804175742934],[-77.10944164394817,39.019208849149635]]],[[[-77.10732196877426,39.01888204726834],[-77.10664180805534,39.01979002679579],[-77.10528458176083,39.019918368424825],[-77.10562624235065,39.018620579723965],[-77.10732196877426,39.01888204726834]]],[[[-77.10595223867321,39.02576082482382],[-77.10968565709038,39.02498592723893],[-77.11180252578869,39.02700029742893],[-77.1095148495882,39.0256348279402],[-77.10595223867321,39.02576082482382]]],[[[-77.10391781746272,39.02510951661065],[-77.10247826301861,39.02387466637122],[-77.10307308380011,39.023291154809684],[-77.10434495226549,39.02348728393858],[-77.10476575172989,39.025240265081486],[-77.10595223867321,39.02576082482382],[-77.10569283673863,39.02842177681522],[-77.10484486370859,39.02829103460498],[-77.10391781746272,39.02510951661065]]],[[[-77.11399312298894,39.03544061889132],[-77.11366334183843,39.02998799259137],[-77.11129013661036,39.028947008428375],[-77.10755962557829,39.0280343457668],[-77.10679396168914,39.02926677663216],[-77.10569283673863,39.02842177681522],[-77.1077304561625,39.02738544749502],[-77.11069835630168,39.02784295088156],[-77.11171413236158,39.02901235825946],[-77.11391951175935,39.02901463221114],[-77.11544183496292,39.03161250599124],[-77.11450255288469,39.03518150532601],[-77.11577466014255,39.035377517781846],[-77.11594253536136,39.03641621851132],[-77.11399312298894,39.03544061889132]]],[[[-77.10161096020897,39.033869555255585],[-77.10059853410331,39.03101245463129],[-77.10085488250212,39.030039121041405],[-77.10229453141118,39.03127399137223],[-77.10245578019841,39.035687930231575],[-77.10355697756391,39.036532959785724],[-77.1024525677706,39.03737554127711],[-77.10109824978217,39.03581622644702],[-77.10161096020897,39.033869555255585]]],[[[-77.06908526452573,39.08523640130562],[-77.06841602041806,39.081081309366965],[-77.06697596058464,39.07984603555309],[-77.06926852892403,39.079524678337776],[-77.07020664240962,39.077643615726075],[-77.07105512892954,39.07777459557218],[-77.07404035223459,39.07148249290847],[-77.07556981608097,39.070705632746716],[-77.07675683607367,39.07122647552375],[-77.07667504394028,39.069863285396906],[-77.0804110397359,39.06908926206334],[-77.08219711493146,39.067339022446035],[-77.08542317048311,39.06682383122994],[-77.08738373218911,39.06273702726243],[-77.08671007038551,39.060269668214126],[-77.09010684265563,39.059105482917396],[-77.09087310373253,39.05787314861239],[-77.09121519998945,39.056575391172],[-77.0889305070455,39.053521919647366],[-77.08986777622853,39.051640717427425],[-77.0883424069996,39.05073013589118],[-77.08903013497154,39.04644702375268],[-77.08581220751613,39.04358708053547],[-77.08768304720297,39.04151233501301],[-77.08224867600153,39.04371239780058],[-77.08164612953327,39.0476710380253],[-77.07994608867128,39.04909683239622],[-77.07553411410508,39.04909103868148],[-77.07621493741432,39.04818322508902],[-77.0782497560374,39.048834989669146],[-77.08079797526123,39.04754013119575],[-77.0809765133796,39.043516041691596],[-77.07766968031892,39.042667932430334],[-77.07784081203347,39.042019073695684],[-77.08148611748993,39.043257063207044],[-77.08335341616036,39.04286999506435],[-77.08488579906242,39.04040541228306],[-77.08624344374877,39.0402772931718],[-77.08565555399247,39.037485503092405],[-77.08141537111159,39.036831049097515],[-77.08158645566495,39.03618218585056],[-77.08285849162569,39.03637853546685],[-77.08269108909177,39.03533979008973],[-77.07930280777924,39.03312854803482],[-77.0821889101851,39.03222355370219],[-77.08430886123504,39.032550785326514],[-77.08836718742762,39.0389168444409],[-77.09074038981595,39.039958268375834],[-77.08955026807175,39.041125173829776],[-77.0914925706244,39.04547638370777],[-77.09768612589852,39.04541876888511],[-77.09810689174518,39.04717177911377],[-77.10327828903425,39.04931959143132],[-77.10336055688255,39.05068275901866],[-77.1019205055298,39.04944789693636],[-77.10047724426265,39.049900633058876],[-77.10073366088538,39.048927296571485],[-77.09674913922858,39.04730002804706],[-77.09700559658941,39.04632669969563],[-77.09208420279785,39.0465805360676],[-77.09284342655911,39.04872341993824],[-77.09122909561356,39.049824928755754],[-77.09096906890944,39.05248586090716],[-77.092066932895,39.05501861066441],[-77.09435520602536,39.056384408425004],[-77.09367453245818,39.057292322726724],[-77.09451942613411,39.05911075906109],[-77.09672237161584,39.060800956129846],[-77.1000302518178,39.061648560828104],[-77.10147374912486,39.061195828960585],[-77.10316725684906,39.06314497375195],[-77.10486401313746,39.06340647686689],[-77.1064784390738,39.06230478823224],[-77.10817518766058,39.06256624608965],[-77.10520273589945,39.063796298529134],[-77.10393015979987,39.06360017681962],[-77.1035882575001,39.064897970880935],[-77.10486085539877,39.06509409613773],[-77.10663689413587,39.06840636581632],[-77.10867255162302,39.069057634365755],[-77.10934704045523,39.07152487815458],[-77.1129118887459,39.0713987828449],[-77.11172160816923,39.07256590717617],[-77.11375742772219,39.07321709291254],[-77.11231376818242,39.073669968468764],[-77.11104401460946,39.07178629726915],[-77.1096858250979,39.07191468816433],[-77.10976519441837,39.07496547938636],[-77.10832147527236,39.07541830870585],[-77.10654206933489,39.07379368086559],[-77.10611468791049,39.075415935311874],[-77.10780865147323,39.07736502184326],[-77.10898682355611,39.082948430230495],[-77.11051312773719,39.083858763525406],[-77.11119383975617,39.082950752621535],[-77.11127629416815,39.08431392320114],[-77.1137367632902,39.08503046120696],[-77.1139017753382,39.08775680033274],[-77.11551078243201,39.0900302432958],[-77.11712276440605,39.09061603841398],[-77.11644205466844,39.091524083085815],[-77.11813667080597,39.093473034642955],[-77.11754139645106,39.09405662560513],[-77.11635371122368,39.09353617027934],[-77.11338901396319,39.08970354093171],[-77.11313855630237,39.08730165648795],[-77.11110536141499,39.08496283286451],[-77.10932260453788,39.08502586754396],[-77.10881587357045,39.08359733658082],[-77.10737197701525,39.08405015558843],[-77.10651711149045,39.08729467532468],[-77.10422446290293,39.08761672011941],[-77.1027772506654,39.08975711294793],[-77.10397113600824,39.086902444112916],[-77.10566844994244,39.08716393737903],[-77.10703936425881,39.08028508888264],[-77.10339815101472,39.075672594672206],[-77.10237864075334,39.07619073232169],[-77.10119135609655,39.0756701338485],[-77.10399338835418,39.075089073437454],[-77.10510150600692,39.07255885058009],[-77.1066306604102,39.07178160799465],[-77.10849548426623,39.073081781702136],[-77.108245245601,39.07067989474503],[-77.10180275742741,39.06664851716909],[-77.09883332876908,39.06619079809393],[-77.09858343310519,39.06378889467504],[-77.09527547237369,39.06294125113233],[-77.09222761331618,39.0594325809008],[-77.08951162473284,39.0596889359526],[-77.08797189256117,39.06552882148876],[-77.08584736391293,39.06688926980108],[-77.08559068457592,39.06786257864408],[-77.08889522765499,39.07039810122612],[-77.08711280882,39.07046081715321],[-77.08516648569677,39.06779713918524],[-77.0828743575846,39.0681187889908],[-77.08015427982936,39.07006256006056],[-77.08107714874365,39.0749319018667],[-77.07955140081911,39.074021208608066],[-77.07973007300566,39.06999710201632],[-77.07735225086913,39.07064308239313],[-77.07743405658194,39.072006272266606],[-77.0753947542618,39.0730421124952],[-77.07437121513472,39.07524764163437],[-77.07156500862203,39.077515656215645],[-77.07096554556608,39.079786645140395],[-77.0686729764666,39.08010803367676],[-77.06994177701688,39.081992140518054],[-77.06951353033108,39.08361427140619],[-77.0714636376733,39.08459057739618],[-77.07128841037111,39.086927057311286],[-77.07281432572039,39.0878378541836],[-77.06984421390924,39.087379440572754],[-77.07078241389696,39.08549837088623],[-77.06908526452573,39.08523640130562]]],[[[-77.11444093521213,39.07062144431322],[-77.11419050854431,39.068219570402725],[-77.11708044391736,39.06562613960677],[-77.11767262879077,39.06673017397718],[-77.11520690508225,39.06938895742734],[-77.11622333432648,39.07055833638477],[-77.11409918756982,39.071919268930095],[-77.1129118887459,39.0713987828449],[-77.11444093521213,39.07062144431322]]],[[[-77.11384286882839,39.072892636976434],[-77.1171514989826,39.073739787677475],[-77.1197853117627,39.07211966559333],[-77.1235182391517,39.073031967985045],[-77.1237717098025,39.07374620231212],[-77.12360091347311,39.074395127895805],[-77.11952906846841,39.07309304540218],[-77.11825344376965,39.074584692582306],[-77.11384286882839,39.072892636976434]]],[[[-77.07979322182602,39.079798400322424],[-77.08107714874365,39.0749319018667],[-77.08268851818134,39.07551814189015],[-77.0809841335674,39.078631580348116],[-77.08284867429202,39.079932140515375],[-77.08225322751397,39.08051556097096],[-77.07979322182602,39.079798400322424]]],[[[-77.08774391137754,39.09317967361273],[-77.09317838562968,39.09266697824259],[-77.09411945818579,39.08909810369487],[-77.0968398749037,39.0871540201469],[-77.09938582070222,39.08754639745639],[-77.1027772506654,39.08975711294793],[-77.1009088505611,39.09014447633411],[-77.0999779153589,39.08865052056873],[-77.09709313257517,39.08786831072001],[-77.09505366536985,39.08890447657735],[-77.09394494854659,39.09143461744941],[-77.09445144179081,39.09286321111571],[-77.0926684766515,39.09292600699882],[-77.09190187634938,39.09415836026499],[-77.09079994117882,39.093313218654394],[-77.0891845885319,39.09441470981013],[-77.08748716456931,39.0941529910832],[-77.08774391137754,39.09317967361273]]],[[[-77.10137011116826,39.1151998811486],[-77.10298574124752,39.11409822725427],[-77.10154443906147,39.1128633463748],[-77.10417684274701,39.112931177493394],[-77.10485790641005,39.11202319629091],[-77.10104091544312,39.1097471424221],[-77.09857642868005,39.1107179831593],[-77.0961152390654,39.11000114153541],[-77.09483848546816,39.111492558651555],[-77.0900873571971,39.10940979498793],[-77.08932053914872,39.11064213621008],[-77.08796158477755,39.11077029059323],[-77.0874479657637,39.11271693262749],[-77.08549327871947,39.113428506206716],[-77.08303212640499,39.112711405218334],[-77.08362783084584,39.11212797747867],[-77.08566450725439,39.11277962828484],[-77.08779393783523,39.10973153805508],[-77.09085414922852,39.10817744932981],[-77.0929729200066,39.1101921706312],[-77.09467073852142,39.11045381524384],[-77.09586191384642,39.10928684596928],[-77.09874753395793,39.1100690875668],[-77.10274196160003,39.1083210435174],[-77.1035908650511,39.108451801969075],[-77.10358767577608,39.110139435350334],[-77.10443660199954,39.110270188073216],[-77.10443977155818,39.10858255462766],[-77.10723994293224,39.10968905069465],[-77.1061407237199,39.107156409540906],[-77.11047073091962,39.10748557196586],[-77.11081271070087,39.1061877487078],[-77.10911799446274,39.104238692598564],[-77.10971951315395,39.10027987852944],[-77.11116070464784,39.101514661645645],[-77.11064777271581,39.10346139599296],[-77.11234251186347,39.105410430957335],[-77.11566133163008,39.101194731125865],[-77.11811956429364,39.10359881620119],[-77.11684337499155,39.10509045740839],[-77.11845570189065,39.105676236913894],[-77.11828478300366,39.10632515906616],[-77.11616252613227,39.10599850304298],[-77.115057206475,39.10684120722161],[-77.11488332767073,39.10917775819231],[-77.11386342910073,39.10969599332426],[-77.1154758341923,39.11028181199656],[-77.11564387824635,39.11132052727382],[-77.1113991154627,39.110667088220374],[-77.11021120266574,39.11014657255432],[-77.11012873891889,39.108783394607634],[-77.10885536142573,39.10858732170789],[-77.10995773833604,39.10943230569755],[-77.10910575085175,39.11098922449256],[-77.10978064375882,39.1134564853232],[-77.10740786784702,39.11072777698067],[-77.10528553127901,39.11040093500277],[-77.10536475783958,39.113451751096235],[-77.10443026244042,39.113645456618954],[-77.10383152879139,39.115916619467576],[-77.10255804324818,39.11572048179769],[-77.10246928576247,39.117732568434924],[-77.1011957720593,39.117536416742865],[-77.10137011116826,39.1151998811486]]],[[[-77.09379791015813,39.122136443620775],[-77.09388008254766,39.123499635935566],[-77.0962594881318,39.122853332814884],[-77.09837552588672,39.126555606438565],[-77.09549263287363,39.12408571534243],[-77.09252089564501,39.123627840477496],[-77.09269208543934,39.12297895158175],[-77.088190007514,39.12329805183091],[-77.08887136824089,39.12239015637037],[-77.09379791015813,39.122136443620775]]],[[[-77.08742657615103,39.12284274700838],[-77.08759424810376,39.12388150270548],[-77.08504709232479,39.123488881107164],[-77.08411605601191,39.12199479698567],[-77.08742657615103,39.12284274700838]]],[[[-77.08061197915407,39.131921462584394],[-77.08070135956437,39.129909385955784],[-77.082995447563,39.12958777244391],[-77.08902494653023,39.13017946514387],[-77.09046637948994,39.13141449536055],[-77.0927639135769,39.129405061575106],[-77.0970096038595,39.130059139245624],[-77.09888235122631,39.12798419174806],[-77.09837552588672,39.126555606438565],[-77.10024487623305,39.12616827840758],[-77.09982360111373,39.124415249699375],[-77.10347980196812,39.12227733641334],[-77.10441758155454,39.120396000371564],[-77.09958003835345,39.11863804811725],[-77.09941220709548,39.11759930966194],[-77.10043231973555,39.11708119228838],[-77.10136362867891,39.11857515277777],[-77.1051842464208,39.11916356370678],[-77.1050924026111,39.12286329118776],[-77.10653396357083,39.12409813335728],[-77.1039866978518,39.12370589970618],[-77.10135066189257,39.12532570275064],[-77.09896462567202,39.129347382282596],[-77.10099867220157,39.13168642451386],[-77.10116006519385,39.13610044708151],[-77.10260182206831,39.137335338101686],[-77.10047872947011,39.13700841235538],[-77.10039641792095,39.13564522072823],[-77.09853013244523,39.13434490989944],[-77.09913247767828,39.130386123756466],[-77.09344184849316,39.13018477970715],[-77.09071972882698,39.132128805030085],[-77.08367327930033,39.130367543852294],[-77.08120786061757,39.13133804422974],[-77.08111849248269,39.13335012179804],[-77.07805701193392,39.134903978568495],[-77.07857103960647,39.13295736680852],[-77.08061197915407,39.131921462584394]]],[[[-77.10081126187357,39.140773537953635],[-77.10302323921739,39.139088361933986],[-77.10243068698412,39.137984242498916],[-77.10302644288194,39.13740071890444],[-77.10387250287059,39.1392191192595],[-77.10514640408513,39.13941524438129],[-77.10471860523492,39.14103751452924],[-77.10649961829414,39.142662189536985],[-77.1066644895678,39.14538856891334],[-77.10428443810284,39.14603507405362],[-77.10402772612818,39.14700843579014],[-77.1052161977049,39.14752901436008],[-77.10367905498484,39.15168154511028],[-77.1064808771036,39.152788067829334],[-77.10418298269501,39.154797764575264],[-77.10393260504446,39.152395830802945],[-77.1022337723031,39.15213431046947],[-77.10257610964094,39.15083649831389],[-77.10172671242732,39.15070573182521],[-77.10342870475229,39.149279611871385],[-77.10317837108393,39.14687767931652],[-77.10462671002907,39.14473725788268],[-77.10386931879007,39.140906762932744],[-77.10276653489576,39.140061719688816],[-77.09851359077386,39.142783125010936],[-77.09698619842405,39.14187263392497],[-77.10081126187357,39.140773537953635]]],[[[-77.09621915462905,39.143105025637894],[-77.09196924782708,39.14413856371175],[-77.08864355107626,39.15004131313713],[-77.0874587232188,39.147832929766096],[-77.0855030908603,39.14854450850362],[-77.08321207965838,39.14717852365713],[-77.08193440724028,39.14866981931271],[-77.07930072863003,39.14860151676745],[-77.08253409593061,39.14639874708101],[-77.08533539186956,39.14750574482307],[-77.08967122552244,39.14614798879863],[-77.09095217920861,39.142968969836964],[-77.0885756069372,39.141927529815604],[-77.08644885416682,39.14328800835014],[-77.08696271621385,39.14134135861098],[-77.0917193109598,39.141736610640564],[-77.09256513829187,39.143555089501824],[-77.09664715555367,39.141482784048065],[-77.09621915462905,39.143105025637894]]],[[[-77.1317835499949,38.82515816080154],[-77.13051506681707,38.82496231795899],[-77.12992465077079,38.82385838253696],[-77.13161593547142,38.824119511474194],[-77.1317835499949,38.82515816080154]]],[[[-77.13262920923188,38.82528871548086],[-77.13228893501622,38.826586544757745],[-77.13127564867808,38.82541733780975],[-77.13262920923188,38.82528871548086]]],[[[-77.12272862440516,38.827811015231795],[-77.12654211770882,38.82333605539301],[-77.12781056192871,38.82353193889524],[-77.12696229579429,38.825088914004844],[-77.12272862440516,38.827811015231795]]],[[[-77.1223057886478,38.82774570479491],[-77.12272862440516,38.827811015231795],[-77.12255839482232,38.82845991653104],[-77.12103451269046,38.829237328091494],[-77.12052932975449,38.8278088978252],[-77.1223057886478,38.82774570479491]]],[[[-77.13490367637105,38.83171641327588],[-77.13228390929676,38.829961671728384],[-77.13330225384809,38.827755743557226],[-77.13363755242634,38.82983303831837],[-77.1359195373537,38.8311980270848],[-77.13625250508446,38.83496288011623],[-77.13490367637105,38.83171641327588]]],[[[-77.10334188259058,38.83629374666818],[-77.10757985505468,38.83188474205021],[-77.10580328258443,38.83194772388418],[-77.10631443397288,38.8300010878212],[-77.10826438918299,38.827601654187376],[-77.10910393594739,38.83110749582619],[-77.10817306888096,38.83130122126686],[-77.10749158163996,38.83389674622133],[-77.10537416634035,38.83525748326224],[-77.10537103029007,38.83694504753069],[-77.10334188259058,38.83629374666818]]],[[[-77.13895524078505,38.838080641750274],[-77.13895288188687,38.83976820727538],[-77.13768412526677,38.839572437560584],[-77.13844727494369,38.83833984852293],[-77.13607995385193,38.837299365509125],[-77.13642021058337,38.83600152435074],[-77.13895524078505,38.838080641750274]]],[[[-77.13150808825384,38.839632045409964],[-77.13396297337509,38.83866059170421],[-77.13277682932565,38.83982787838426],[-77.13150808825384,38.839632045409964]]],[[[-77.13150808825384,38.839632045409964],[-77.12989897121194,38.840734024101664],[-77.12888034240754,38.84293992734385],[-77.12913823815903,38.84027899505721],[-77.13066226465918,38.83950148287658],[-77.13150808825384,38.839632045409964]]],[[[-77.12057269446942,38.85279792931525],[-77.12217947114286,38.85338363801922],[-77.1204875412857,38.85312237938539],[-77.1183698101407,38.85448334144179],[-77.11591707713825,38.853766919837035],[-77.11904828237243,38.8535753184937],[-77.12040517612849,38.85175926172941],[-77.12057269446942,38.85279792931525]]],[[[-77.11312364733165,38.854348230225256],[-77.11159912337746,38.855125527881626],[-77.11041537347808,38.85460503451501],[-77.112362876929,38.8538930974812],[-77.11312364733165,38.854348230225256]]],[[[-77.11125833545124,38.85642330354606],[-77.11277992477922,38.85733357821098],[-77.11252434299733,38.85830691270896],[-77.11125833545124,38.85642330354606]]],[[[-77.12115211724317,38.860652187113544],[-77.1228469568056,38.85922586773191],[-77.12453903679462,38.859487094324386],[-77.12191301307323,38.86110726623522],[-77.12115211724317,38.860652187113544]]],[[[-77.10227439442099,38.86381293511193],[-77.09932305827218,38.858292534892165],[-77.10195913051675,38.85161013973509],[-77.10297231068023,38.85277958979325],[-77.1011067499751,38.85485450990162],[-77.1002542935546,38.858098875391555],[-77.10109704245413,38.859917214267874],[-77.10245129686497,38.85978892129089],[-77.10304158783347,38.860892991965414],[-77.10227439442099,38.86381293511193]]],[[[-77.1142956912804,38.86161897216368],[-77.11869632071327,38.86162338929187],[-77.11835562877592,38.86292118543691],[-77.1142956912804,38.86161897216368]]],[[[-77.11826761524408,38.86493320419737],[-77.11835562877592,38.86292118543691],[-77.11953957043836,38.86344160343101],[-77.11911371176596,38.86506385173518],[-77.11826761524408,38.86493320419737]]],[[[-77.1235969878291,38.866431215407594],[-77.12249812818497,38.86558638413348],[-77.12046803006646,38.864935361765454],[-77.1234293950536,38.865392550294224],[-77.1235969878291,38.866431215407594]]],[[[-77.11707505950534,38.86947548507986],[-77.12046524223311,38.86662293198645],[-77.11919043298826,38.86980211362532],[-77.11732775905857,38.870189710792545],[-77.11588235510337,38.874017756907946],[-77.11707505950534,38.86947548507986]]],[[[-77.09947064904276,38.86945664835711],[-77.09811951517989,38.867897338643665],[-77.09600429147228,38.86757035049362],[-77.0996477199842,38.86543263590756],[-77.10083156883921,38.8659532327942],[-77.10057579726258,38.86692654360357],[-77.09972971236417,38.86679576946074],[-77.0998084415424,38.869846473528206],[-77.1015006854922,38.8701080150568],[-77.10065131516613,38.87166481791499],[-77.09946737481818,38.871144218957376],[-77.10006097316109,38.87056073447034],[-77.0983687238663,38.87029917326742],[-77.09947064904276,38.86945664835711]]],[[[-77.11781607642119,38.881743594858314],[-77.1162087094702,38.88115782762223],[-77.1173986510955,38.87830312126334],[-77.11664335757659,38.87447286910046],[-77.11748956194516,38.87460352787509],[-77.11883558258694,38.87953777277662],[-77.11807166972146,38.88077024676601],[-77.11976142812655,38.8827191126635],[-77.12060773385024,38.8828497502769],[-77.12001699886292,38.88174576044447],[-77.12569096695388,38.880258307489164],[-77.12162440939562,38.88233147833269],[-77.11975862324762,38.88440668644292],[-77.12128090312908,38.885316859712546],[-77.12203930515732,38.88745951383524],[-77.12500159547287,38.887916666033625],[-77.12483124570373,38.88856557490014],[-77.12068457095856,38.8875880213222],[-77.11933264691883,38.886028939551096],[-77.12001140088843,38.88512090796184],[-77.11848630655516,38.88589829318038],[-77.11781607642119,38.881743594858314]]],[[[-77.1135669781543,38.891215698841954],[-77.11136876937555,38.889525843717536],[-77.11339947135596,38.890177017073675],[-77.1135669781543,38.891215698841954]]],[[[-77.09857511356189,38.8946394608556],[-77.10095672568364,38.88893036695306],[-77.10003162228456,38.88574888424587],[-77.10147163489988,38.88529616434562],[-77.10198327624879,38.88334953434686],[-77.10063183101036,38.88179024944166],[-77.10714935491666,38.882121986408094],[-77.1079103874809,38.882577152668254],[-77.10655571915366,38.88270550565472],[-77.1064673558911,38.88471752074838],[-77.10401055255971,38.88568843462957],[-77.10223587598445,38.88406379201242],[-77.10087468543958,38.887567230594584],[-77.10137666649285,38.89068332536445],[-77.10306940003976,38.89094484613327],[-77.10747488977196,38.88926208710816],[-77.10882967838464,38.88913372397157],[-77.10959079468493,38.88958888030517],[-77.10637275761927,38.89010468520343],[-77.10518533406126,38.8912717145996],[-77.10129138354858,38.89100776368749],[-77.09865711874333,38.896002599935755],[-77.09433633986356,38.897360613219945],[-77.09569466508377,38.89554481769237],[-77.09857511356189,38.8946394608556]]],[[[-77.0935718256593,38.89859293887771],[-77.08925079835798,38.89995077535591],[-77.08713468378153,38.89962363453602],[-77.09382780198615,38.897619638783105],[-77.0935718256593,38.89859293887771]]],[[[-77.11683575244905,38.91062618552217],[-77.11742953340631,38.910042614989756],[-77.12005462203643,38.910110107637706],[-77.11988417629105,38.91075901153146],[-77.11683575244905,38.91062618552217]]],[[[-77.11310827173055,38.911401284984485],[-77.11497493880697,38.909326169920774],[-77.11471920392185,38.91029951511891],[-77.11683575244905,38.91062618552217],[-77.11675051501408,38.9109506353007],[-77.1146339574413,38.9106239634285],[-77.11310827173055,38.911401284984485]]],[[[-77.08310381338418,38.92330964556837],[-77.08242791488836,38.92252989801876],[-77.08429936927162,38.91876766127803],[-77.0827768525,38.91785702999393],[-77.0823572026844,38.916104002499836],[-77.08480808869983,38.91850867409313],[-77.08284027945534,38.92765809081132],[-77.08225342929008,38.92486633275944],[-77.08310381338418,38.92330964556837]]],[[[-77.07978001679939,38.9325871023343],[-77.07986917553156,38.930575093876236],[-77.08080138690917,38.93038157883705],[-77.08157014262626,38.92746174428172],[-77.08241689975128,38.92759264341288],[-77.08156275911645,38.93083690969727],[-77.07978001679939,38.9325871023343]]],[[[-77.0785914743108,38.93375388342277],[-77.07994714158187,38.93362583523132],[-77.08028140545157,38.93570330079554],[-77.08146625833031,38.93622408734698],[-77.08011054535544,38.93635215218841],[-77.0794270745186,38.938947555990055],[-77.0785914743108,38.93375388342277]]],[[[-77.09542970570129,38.94344595573851],[-77.09644405900637,38.94461547276983],[-77.09508821613564,38.94474370146977],[-77.09542970570129,38.94344595573851]]],[[[-77.10819833367655,38.95689609533503],[-77.10938982747624,38.954041437217825],[-77.11151062274783,38.95268061126857],[-77.11169022505709,38.94696895023651],[-77.11482837162386,38.94508986587124],[-77.11288141947966,38.94411426263904],[-77.11262553440811,38.94508760811107],[-77.10966099565834,38.94463015666035],[-77.1073697590377,38.94663983928161],[-77.1032200111135,38.94566169399248],[-77.1083051758044,38.94475852982063],[-77.10839663169857,38.941058911131236],[-77.10433251531347,38.93975635850985],[-77.10374156540838,38.938652282926554],[-77.10018646118527,38.93709052730269],[-77.10078059138542,38.936507034434335],[-77.10297997280101,38.93819708774107],[-77.10433567986205,38.938068772903044],[-77.1048413101183,38.93949728840487],[-77.10704397795502,38.93949968439594],[-77.10729682213977,38.940213936991086],[-77.11026116622237,38.94067144465983],[-77.10992602417015,38.93859405856133],[-77.11170519523124,38.938531016750446],[-77.11196106956383,38.93755767407086],[-77.1144165862404,38.93827418151735],[-77.11399017573225,38.93989642770052],[-77.11483713570458,38.94002710569455],[-77.11517825114701,38.93872930648307],[-77.11661633752797,38.93996399342689],[-77.11585175309649,38.94119646344099],[-77.11415780534445,38.94093511548511],[-77.11432837276715,38.94028621681907],[-77.11331083602887,38.94080443283592],[-77.11297560635387,38.938727054939704],[-77.11212866484533,38.93859636425867],[-77.11246386975378,38.94067374440593],[-77.11101982055071,38.94281418178882],[-77.11398429389418,38.9432716006496],[-77.11601362430716,38.945610323052314],[-77.11533425652306,38.94651833999912],[-77.11355489341005,38.946581433933936],[-77.11278721866582,38.94950147435742],[-77.11371663733351,38.95099529990628],[-77.10887788732435,38.95598811612119],[-77.10845124961465,38.957610347345685],[-77.11276940184857,38.959627011733026],[-77.10794234105298,38.95786943292603],[-77.10615957101336,38.959620011360904],[-77.10488881360651,38.959423902775676],[-77.10819833367655,38.95689609533503]]],[[[-77.09355477735986,38.94889596067993],[-77.09364357537852,38.946883937761],[-77.0955937112986,38.9461722559997],[-77.09644405900637,38.94461547276983],[-77.1032200111135,38.94566169399248],[-77.10262582575575,38.946245199293706],[-77.09839080426158,38.94559133404564],[-77.09822008236036,38.946240211271196],[-77.0966114491526,38.94565418493765],[-77.09576109289189,38.94721096954378],[-77.09491408360367,38.9470801611663],[-77.09516345759366,38.949482026920464],[-77.09278970871912,38.95012829006013],[-77.09118103331504,38.94954219298432],[-77.09092483903133,38.95051549441714],[-77.08812749730544,38.95109624842981],[-77.09050480476039,38.9487624866291],[-77.09355477735986,38.94889596067993]]],[[[-77.0902241594559,38.96154891123112],[-77.09666339064071,38.96220563711465],[-77.09692288668234,38.959544731602676],[-77.09895870291929,38.958508557365406],[-77.09930018805619,38.95721079842363],[-77.09726774218991,38.956559388209044],[-77.09837098588535,38.95571686355098],[-77.10226196063891,38.9593560885599],[-77.10488881360651,38.959423902775676],[-77.10361169868713,38.96260296296127],[-77.10284985629092,38.9621477654193],[-77.1037855891696,38.960266485844286],[-77.1015822930228,38.96026403197843],[-77.10107658247217,38.95883549896351],[-77.0987879557847,38.95915743657565],[-77.09751057908365,38.96233643383296],[-77.0930150302833,38.96434329113531],[-77.09284078430692,38.966679754542945],[-77.09199355370151,38.966548925856024],[-77.09276224242888,38.963629006964425],[-77.09378024452438,38.963110957826984],[-77.09005332732421,38.962197778706276],[-77.0902241594559,38.96154891123112]],[[-77.09378024452438,38.963110957826984],[-77.09428924013801,38.962851930140985],[-77.09386564543053,38.96278652150219],[-77.09378024452438,38.963110957826984]]],[[[-77.1049394953779,38.977662979663556],[-77.10206227773566,38.975193305046965],[-77.10172721074404,38.97311588640651],[-77.09927064346165,38.97239912413947],[-77.10020007709895,38.97389305594851],[-77.09926407632143,38.975774312286994],[-77.10036433002568,38.97661936201555],[-77.09993738157837,38.97824156891709],[-77.09841012125425,38.97901871703412],[-77.0973098539669,38.97817364967299],[-77.09909329139938,38.97642319357904],[-77.09800299429199,38.970515351276916],[-77.09944469671196,38.97006264972235],[-77.10012774589705,38.96746712406252],[-77.10191085321583,38.96571663028291],[-77.10513226495395,38.9652009358842],[-77.1036085162858,38.96429055447749],[-77.1046264504292,38.96377241630566],[-77.104629609207,38.96208482489182],[-77.10589728304912,38.963968527702555],[-77.10555588383468,38.965266306082306],[-77.10691209055231,38.96513796258932],[-77.10690898456495,38.966825554819955],[-77.10928010154645,38.967866612499414],[-77.10893874436726,38.96916440093485],[-77.10682363706228,38.967150000312515],[-77.10555274639599,38.966953898310905],[-77.10537889666676,38.96929038020823],[-77.10444941550635,38.96779648821586],[-77.10233126004943,38.967469603758865],[-77.10156291467105,38.970389583578346],[-77.10029198161193,38.97019342760176],[-77.09867950529416,38.97129501923176],[-77.09977968449297,38.972140073574174],[-77.10249236969848,38.97188349776893],[-77.10308037538834,38.97467517871815],[-77.10604297018125,38.97682038415472],[-77.10620744861566,38.979546683689954],[-77.10756082884342,38.98110592866343],[-77.10552764164768,38.980454651453506],[-77.1049394953779,38.977662979663556]]],[[[-77.08521220945163,38.9671896799386],[-77.08775744636479,38.9658946956891],[-77.09199355370151,38.966548925856024],[-77.0879247614794,38.96693342277093],[-77.08656133212637,38.97043674351655],[-77.08452500573898,38.97147271614357],[-77.08521220945163,38.9671896799386]]],[[[-77.07973474155588,38.991328345287805],[-77.08415775306057,38.98458360091886],[-77.08262285090314,38.988735749473435],[-77.08024398456588,38.991069374115696],[-77.0803257549888,38.992432543801314],[-77.07650818086954,38.99353098056476],[-77.07973474155588,38.991328345287805]]],[[[-77.09252607888396,38.99634219271722],[-77.0942246405125,38.99491623865912],[-77.0972765547503,38.995049622152905],[-77.09761824139892,38.99375186067823],[-77.09982255153044,38.993754384941155],[-77.09659649147092,38.99595754316978],[-77.09447755143286,38.99563052325071],[-77.09090594827177,39.00081888858708],[-77.09252607888396,38.99634219271722]]],[[[-77.0975816822701,39.01231547835629],[-77.09842945600163,39.01244626981573],[-77.09741079654208,39.01296436105082],[-77.0973220220604,39.01497640694881],[-77.09986544404516,39.01536876945758],[-77.1000330458848,39.01640748821027],[-77.10130478578047,39.01660364825342],[-77.09977673453271,39.017380817900275],[-77.10206074751154,39.02043407115732],[-77.10163357969057,39.02205629515103],[-77.10264912916944,39.02322577554002],[-77.09899788358659,39.025363625946916],[-77.09687139303159,39.02841186167165],[-77.09992471782874,39.02854518079995],[-77.10085488250212,39.030039121041405],[-77.09975381486971,39.029194068458125],[-77.0966149970525,39.02938518677223],[-77.09568829689954,39.02620360677334],[-77.09441300571902,39.02769499697138],[-77.09169821014514,39.02795139840717],[-77.08864139279271,39.029505485462934],[-77.0876188682226,39.03171110687457],[-77.08515684699715,39.03268166784908],[-77.0850749407531,39.031318492441066],[-77.08830645894957,39.02742801266675],[-77.08957835992669,39.02762429316954],[-77.09034429825748,39.02639196880151],[-77.091106735386,39.02684724770993],[-77.09535317696516,39.02412615413388],[-77.0976405397908,39.02549188414536],[-77.09799230922928,39.019131295127785],[-77.09638206569657,39.01854525929349],[-77.0959615070255,39.01679225168831],[-77.09197885252931,39.01516483894858],[-77.09139094560733,39.012373087721855],[-77.08732314932234,39.011069963845],[-77.0852929152609,39.00873074900599],[-77.0830026489183,39.00905239791732],[-77.0797828755898,39.0078799186093],[-77.08003568976943,39.00859423409022],[-77.0779982022554,39.00963010576448],[-77.07723602764011,39.00917474766957],[-77.07375583499471,39.01066299616023],[-77.0738375058512,39.012026174365516],[-77.0754474233877,39.01261250191281],[-77.07688249125309,39.015535267345626],[-77.07449484352959,39.021244002845954],[-77.07313753345467,39.02137199313218],[-77.07066777024913,39.02571747850895],[-77.06981989177677,39.025586497212885],[-77.07195135305194,39.02085112028162],[-77.0758598065059,39.0177407868082],[-77.0760347202855,39.015404328701784],[-77.07130220940863,39.00825807352426],[-77.06816422038246,39.008448472092354],[-77.06764677524903,39.01208259983779],[-77.06662790168149,39.012600438465704],[-77.06281319339487,39.01201085423129],[-77.06070647747612,39.00662045038996],[-77.05816781130366,39.00453968531481],[-77.05996123018961,38.99941458479531],[-77.06225543819573,38.99740576217309],[-77.06031616751048,38.99305412979846],[-77.06091107440096,38.99247082314606],[-77.05879239645735,38.99214319428914],[-77.05734148996957,38.995970621090244],[-77.0566609197755,38.99687832337351],[-77.05581340262397,38.99674724706013],[-77.05794493062268,38.99201213262558],[-77.06023477128086,38.99169094682932],[-77.061257563497,38.9894855652634],[-77.0584627175849,38.98837805690373],[-77.04863192549621,38.98719488002187],[-77.04490888663973,38.984592746289614],[-77.04236683715595,38.98419926005386],[-77.0422765757327,38.98621125708836],[-77.04126251335605,38.985041290133424],[-77.03990582021304,38.985168916433715],[-77.0405864898879,38.98426130767771],[-77.03923448642885,38.98270133200047],[-77.0395771501558,38.98140373301527],[-77.04170004784103,38.98004409532064],[-77.04297099476818,38.98024085164735],[-77.04373722353994,38.97900882420276],[-77.03959115374685,38.97634095286674],[-77.03943384914045,38.971926975213904],[-77.04147082986773,38.97089174256444],[-77.04409804203964,38.970960843943764],[-77.04708121473871,38.964669500216914],[-77.04276917740896,38.96096295944705],[-77.03911929716362,38.96309902803389],[-77.03937622843299,38.96212583195727],[-77.04124166953784,38.96173940189879],[-77.04158419880306,38.96044180144167],[-77.03997570801037,38.95985503958231],[-77.04082740491276,38.95829863481589],[-77.04176007504897,38.95810541248903],[-77.04082276708422,38.95998622329039],[-77.04336396262401,38.960379739732005],[-77.04826630153173,38.965190606045034],[-77.04672976086754,38.96934229826234],[-77.04537336995608,38.96946998402223],[-77.04384114272064,38.971934051070875],[-77.04223237974008,38.97134731747221],[-77.04028104774235,38.97205816285495],[-77.04027174477717,38.97543334705744],[-77.04196161716642,38.977383298129865],[-77.04399414922402,38.97803561625329],[-77.04483688115475,38.97985436649397],[-77.04059113474322,38.982573713087],[-77.0424524920325,38.983874858135714],[-77.04601316143666,38.98375068382506],[-77.04829832871471,38.98511731365036],[-77.05016431184639,38.98473074811488],[-77.0540587593375,38.986683904164146],[-77.05931856357066,38.98513392267237],[-77.0618607373297,38.985527061761346],[-77.06379989977368,38.98987866490015],[-77.06345351311857,38.99286393006151],[-77.06252045504905,38.99305731647112],[-77.0654826021908,38.99520349605715],[-77.06844892358744,38.99566200668427],[-77.07014794117649,38.994236382276505],[-77.07260495877607,38.994953723417034],[-77.07489867700512,38.99294466855824],[-77.07650818086954,38.99353098056476],[-77.07243389107198,38.99560256991287],[-77.07040061334955,38.9949507158234],[-77.06912535166957,38.99644183872869],[-77.06454951951063,38.99539689778994],[-77.06361232028424,38.99727789133124],[-77.062764785956,38.99714686246941],[-77.06377936283164,38.99831665592241],[-77.06147684539899,39.00370070747048],[-77.06358353384373,39.00909109570523],[-77.06281732435326,39.010323251468634],[-77.06417444641438,39.01019537421979],[-77.0634938283984,39.011103116024266],[-77.06485096382028,39.01097523136463],[-77.06757326143597,39.007344212878756],[-77.06952527319008,39.00663293446231],[-77.07257763361542,39.006766925452006],[-77.07562617177092,39.00858844364071],[-77.07851134627936,39.007683538422825],[-77.07944829430181,39.005802429306684],[-77.08529652451726,39.00704314643713],[-77.08479080858764,39.005614536826],[-77.08844501637945,39.00178950982039],[-77.08920718377598,39.002244798563176],[-77.08708095878717,39.0052928551081],[-77.08563848122125,39.005745415478586],[-77.08563487996248,39.00743301770514],[-77.08724479092089,39.00801919184439],[-77.08876572199568,39.01061738351185],[-77.09283351881291,39.01192046003091],[-77.09503161226607,39.01529827807954],[-77.09630331927798,39.015494489311735],[-77.09528797977681,39.01432495851717],[-77.0966451193332,39.014196726269546],[-77.0975816822701,39.01231547835629]],[[-77.0405864898879,38.98426130767771],[-77.04109582272422,38.98400249742075],[-77.04067215277449,38.9839369069852],[-77.0405864898879,38.98426130767771]],[[-77.09621786735838,39.01581892996827],[-77.09698023041886,39.01627417201964],[-77.09952369594136,39.016666541612494],[-77.09842284621082,39.01582147910211],[-77.09621786735838,39.01581892996827]],[[-77.07953006637527,39.00716560269577],[-77.07986839148373,39.007555489686126],[-77.07995390661486,39.00723106072096],[-77.07953006637527,39.00716560269577]]],[[[-77.05806099771209,39.01330210930188],[-77.05619432358453,39.01368879530069],[-77.05551787375569,39.01290889064735],[-77.05806099771209,39.01330210930188]]],[[[-77.06034731976514,39.01466852367756],[-77.05805675622864,39.01498971272155],[-77.05958520286957,39.01421305686293],[-77.05848485437802,39.013367640682574],[-77.06153747706823,39.01350190324964],[-77.06009467782974,39.01395416741757],[-77.06034731976514,39.01466852367756]]],[[[-77.06946562692991,39.03194701298396],[-77.06505469374447,39.0319408470786],[-77.06743135960191,39.03129510640919],[-77.06939595368591,39.025521004395],[-77.07092055690606,39.026431814637206],[-77.06794092630425,39.03103618403707],[-77.07057033642457,39.0311047256345],[-77.07116153397673,39.03220897490601],[-77.06929046228593,39.034283468263766],[-77.06937207596009,39.03564665474662],[-77.0673336785239,39.03668235605372],[-77.06946164903601,39.033634622004186],[-77.06946562692991,39.03194701298396]]],[[[-77.06171115337821,39.046280809799846],[-77.06187828135089,39.04731958538004],[-77.06348888395917,39.04790607146342],[-77.06331761030026,39.048554911077915],[-77.06043481311617,39.04777185607785],[-77.06171115337821,39.046280809799846]]],[[[-77.06738707356723,39.04985882958445],[-77.07078366878766,39.04869517473497],[-77.074090695664,39.049543468196894],[-77.07485712742893,39.048311234758664],[-77.07553411410508,39.04909103868148],[-77.07408295249876,39.05291869722662],[-77.072553846979,39.05369553662645],[-77.07298574677252,39.050385789521336],[-77.07052685202112,39.049668449313295],[-77.06831684225386,39.051353018893394],[-77.06805597143273,39.054013903719316],[-77.06737499163236,39.05492167351721],[-77.06508319081377,39.05524299438639],[-77.0649934699238,39.05725503148821],[-77.06303592598512,39.05965386112767],[-77.06432061887969,39.05478755350595],[-77.06160470555615,39.05504329827555],[-77.06033659142072,39.05315911546628],[-77.05762072492257,39.05341477306695],[-77.05685821891943,39.05295928652833],[-77.05847314013917,39.051858223836014],[-77.06093199000192,39.052575802902176],[-77.06143756373606,39.05400452092641],[-77.06618830509429,39.05440074263851],[-77.06814961301254,39.05031425124894],[-77.06560513979016,39.04992123676673],[-77.06458981337964,39.04875144821104],[-77.06738707356723,39.04985882958445]]],[[[-77.05287404457198,39.14992748848175],[-77.0527155563507,39.1455133914224],[-77.05365059974358,39.14532007338891],[-77.05322161555786,39.14694216812953],[-77.05525899555798,39.147594321518426],[-77.05508741318265,39.148243162048814],[-77.05338885377955,39.14798097492545],[-77.05372334458019,39.15005858850821],[-77.05287404457198,39.14992748848175]]],[[[-77.087287665985,38.827058167161894],[-77.0812906297507,38.823091294878246],[-77.08078626790241,38.821662703536354],[-77.08365670750565,38.82413282328973],[-77.08501032804122,38.82400472143669],[-77.08492865890656,38.822641584559044],[-77.08577420497865,38.82277245912761],[-77.08720950678844,38.824007469575854],[-77.08593757820555,38.82549873194226],[-77.087287665985,38.827058167161894]]],[[[-77.07908024710495,38.82815112666077],[-77.08178028532116,38.83127013300157],[-77.08491061402259,38.83107939489463],[-77.08550040697315,38.832183545626066],[-77.08296345194395,38.831790898609896],[-77.08228473309933,38.832698721724995],[-77.08160968327104,38.8319189781939],[-77.0798330876058,38.831981587518385],[-77.07949931197163,38.82990414696165],[-77.07865369446687,38.82977322945363],[-77.07908024710495,38.82815112666077]]],[[[-77.09132789307903,38.836799076728006],[-77.09149842006494,38.83615021781639],[-77.09293750610111,38.835697599636404],[-77.09268173528203,38.83667089085724],[-77.09132789307903,38.836799076728006]]],[[[-77.06936601240986,38.8583845038633],[-77.07080567481316,38.85793214172106],[-77.06885367522945,38.86033099335961],[-77.06850811123066,38.86331622024169],[-77.06689751912991,38.864417383220136],[-77.06715775366492,38.86175657413463],[-77.06936601240986,38.8583845038633]]],[[[-77.08710275731909,38.87463445755117],[-77.09174973132625,38.87872926219271],[-77.08929644405829,38.87801231159262],[-77.0883684568329,38.87651831747242],[-77.0840522731291,38.87618839738873],[-77.0838852215565,38.87514967768743],[-77.08541045995422,38.87437271927069],[-77.08092741222977,38.873003972833956],[-77.08024828418517,38.8739117889903],[-77.08008501525954,38.87118549404664],[-77.07915355918098,38.8713790022455],[-77.07797354907497,38.869170628003275],[-77.07501231608408,38.86871235299524],[-77.07239656262936,38.86526876878169],[-77.07112754118839,38.86507231684329],[-77.06985456691085,38.866563420744555],[-77.06858552978012,38.86636694274356],[-77.06808111749814,38.86493829290275],[-77.07019613945863,38.86526575757555],[-77.06994391887112,38.86455143625175],[-77.07358408749666,38.864102057191154],[-77.07493462603351,38.86566163368288],[-77.07383247463565,38.86650394001307],[-77.07594756786678,38.86683130657715],[-77.0780589102663,38.868846206588145],[-77.08127620892903,38.868331138105184],[-77.08059712877281,38.86923895567256],[-77.07932801609995,38.86904258762677],[-77.07940963247631,38.870405735169676],[-77.08152117414956,38.87242057703668],[-77.08490566243483,38.87294413659566],[-77.08507272349644,38.87398285464862],[-77.08811955647242,38.87411646098383],[-77.08710275731909,38.87463445755117]],[[-77.08482032692345,38.87326856288308],[-77.0843119233437,38.87352754864476],[-77.08473499065225,38.873592989124205],[-77.08482032692345,38.87326856288308]],[[-77.07501615645195,38.86702478357857],[-77.0753538068685,38.86741467528547],[-77.0754391776645,38.867090255741765],[-77.07501615645195,38.86702478357857]]],[[[-77.07830624431682,38.90973786479616],[-77.079583536732,38.90655908837439],[-77.07872951654637,38.909803326072414],[-77.07830624431682,38.90973786479616]]],[[[-77.0796577301263,38.91129739858151],[-77.07872951654637,38.909803326072414],[-77.08033721410361,38.91038958143191],[-77.08016269052358,38.91272600946898],[-77.0820229695545,38.91402654802253],[-77.08168137904977,38.91532425162923],[-77.07905988740735,38.9135683672034],[-77.0796577301263,38.91129739858151]]],[[[-77.05855895006744,38.91613620412336],[-77.05280835950053,38.91288226010874],[-77.05044425196644,38.91015255393414],[-77.05957653156997,38.91561843907141],[-77.05864023049261,38.91749937333371],[-77.05855895006744,38.91613620412336]]],[[[-77.05957653156997,38.91561843907141],[-77.06186396329603,38.91529722673103],[-77.06338616505008,38.91620811445536],[-77.05957653156997,38.91561843907141]]],[[[-77.04812120595415,38.92397418665952],[-77.05109770940618,38.91937036723221],[-77.05363754326915,38.91976367101103],[-77.05821693160242,38.91743384341208],[-77.05482194625878,38.9202847109369],[-77.05084108560371,38.92034358174653],[-77.04948117967693,38.92215889143899],[-77.0493867544969,38.925858456358334],[-77.04812120595415,38.92397418665952]]],[[[-77.05181059225256,38.93838927885922],[-77.04766206167926,38.93740927631903],[-77.04766653955784,38.93572169300839],[-77.04588738211208,38.93578381622213],[-77.050215762676,38.93273990212379],[-77.04691431864802,38.93189098861119],[-77.04632430325302,38.93078664087758],[-77.05267050881918,38.93345763130451],[-77.0484322204103,38.934489644537074],[-77.04859444609987,38.937216003189505],[-77.05164385793728,38.93735050741081],[-77.05316639287607,38.93826152331111],[-77.04925235391721,38.944746274653276],[-77.04959466046307,38.9434486552533],[-77.0470540222005,38.94305526738583],[-77.05018924792064,38.9428654042854],[-77.05181059225256,38.93838927885922]]],[[[-77.05873949683257,38.945539455183294],[-77.06026229181225,38.94645038502719],[-77.05729802706283,38.94599168216856],[-77.05873949683257,38.945539455183294]]],[[[-77.06305967720175,38.945870259744886],[-77.06398802903327,38.94736445687269],[-77.06204169763711,38.946388055521936],[-77.06305967720175,38.945870259744886]]],[[[-77.06517295512721,38.94788539991389],[-77.0689883067394,38.9467873192817],[-77.06881731998135,38.94743615612116],[-77.06678138448338,38.94847183408492],[-77.06517295512721,38.94788539991389]]],[[[-77.04560800307513,38.94519494349554],[-77.04882890506137,38.944680712440324],[-77.04806312374198,38.945912765114386],[-77.0457746692348,38.9462337241981],[-77.04458535904119,38.94740018156379],[-77.0446664127201,38.9487633657694],[-77.04381947730131,38.948632208514866],[-77.04560800307513,38.94519494349554]]],[[[-77.04653148334539,38.94837685692481],[-77.04475201565756,38.94843896396509],[-77.04492321924387,38.947790160224244],[-77.04704054399319,38.948118023646],[-77.04729282936364,38.94883239927904],[-77.04686486134484,38.95045441671672],[-77.0449141346055,38.95116533277397],[-77.04661257455295,38.94974004004812],[-77.04653148334539,38.94837685692481]]],[[[-77.05287922993561,38.95104784328626],[-77.05474000075448,38.95234879795751],[-77.05270808959557,38.95169665830645],[-77.05287922993561,38.95104784328626]]],[[[-77.04449065231934,38.951099755692276],[-77.04490959197042,38.952852919659456],[-77.04397699748897,38.953046165515524],[-77.04449065231934,38.951099755692276]]],[[[-77.0557538243167,38.95351864909345],[-77.05770026202183,38.95449515009143],[-77.05744360266573,38.95546838301319],[-77.0557538243167,38.95351864909345]]],[[[-76.90682824237483,39.05602172394295],[-76.9033658297116,39.05244238238377],[-76.9033893322781,39.04737956413377],[-76.89999803712014,39.046851034689546],[-76.90212545377493,39.04549377148084],[-76.9014503616028,39.04471302431382],[-76.89949568626486,39.04542166351741],[-76.89906385280149,39.04704319385335],[-76.89626127021751,39.047619629230326],[-76.89591573683194,39.04891684508133],[-76.89752503356546,39.049505482241706],[-76.8966692011698,39.05106092422839],[-76.88866020318729,39.057918811580436],[-76.88779588508899,39.0611618029564],[-76.88541665119246,39.06180410815233],[-76.88524375556081,39.06245270269371],[-76.88693970726445,39.062717181103274],[-76.88717439285188,39.06680711360285],[-76.88572945297722,39.06725735499674],[-76.8865857101794,39.06570198392637],[-76.88532194906185,39.063816014246626],[-76.88285614480105,39.064782568094344],[-76.88293429602541,39.06614588171772],[-76.8814976870332,39.06490846436353],[-76.88097886381664,39.0668542322093],[-76.87928283727715,39.06658967223901],[-76.874515315386,39.06956152214521],[-76.8732432645917,39.06936303807096],[-76.87834834452221,39.06678167627996],[-76.87963713856568,39.063604889756434],[-76.8826915353848,39.063743550303364],[-76.88125497800465,39.06250613067455],[-76.88202481381848,39.061275086704185],[-76.88490621957774,39.062062282524984],[-76.88440406036999,39.06063284652119],[-76.8859353195752,39.05985832353394],[-76.88500919265542,39.058362769725214],[-76.88806337945068,39.058501298084245],[-76.88738831751824,39.057720472725265],[-76.87975714927296,39.056530166307255],[-76.87941127902042,39.057827338256544],[-76.87711856028552,39.05814519120296],[-76.87814784093304,39.055941298253074],[-76.88358099670596,39.05543777139426],[-76.8857007261327,39.05576839375221],[-76.88586536050012,39.05680740608393],[-76.88773404491778,39.056423278597606],[-76.88799333237033,39.05545038256534],[-76.89130664262318,39.05461593469159],[-76.89080440900248,39.05318652644136],[-76.88902224517886,39.05324640058263],[-76.88834722174339,39.05246558115652],[-76.8881743744673,39.0531141787051],[-76.88469648317003,39.05290952968137],[-76.88317366074453,39.05199643081642],[-76.88860648687476,39.05149268452089],[-76.89140116714461,39.052604027315816],[-76.89386644471563,39.051637305980165],[-76.89404728858973,39.049301095125934],[-76.89515429220488,39.04846036704906],[-76.89567260478414,39.04651454635305],[-76.89236780331842,39.04566150511236],[-76.89092331585508,39.046111805221884],[-76.88965978273261,39.0442258861645],[-76.88651977150097,39.04441169451416],[-76.88363904776747,39.043624538557225],[-76.88474608530038,39.042783904063214],[-76.88635515584988,39.04337268529612],[-76.88924406063192,39.04247217498455],[-76.89575898751673,39.04619024275728],[-76.89882856221148,39.04295329806357],[-76.89867965870705,39.03853909950812],[-76.90139552469171,39.038286917590675],[-76.90148974884166,39.036275008231875],[-76.9000455043393,39.036725413690675],[-76.89998288673902,39.03198691553594],[-76.89590942628858,39.0323651194152],[-76.89098016666989,39.03429858802303],[-76.89234612468519,39.03248498818609],[-76.89591743171744,39.030677519129284],[-76.90083842377828,39.030431455809314],[-76.90197651968761,39.02284027324513],[-76.90112897990956,39.02270814046774],[-76.8998735011102,39.01913473540752],[-76.89503962383517,39.019056458437106],[-76.89316387017222,39.021128290312234],[-76.88951473401777,39.0215723780368],[-76.88780334741082,39.02468313135683],[-76.88551171024811,39.02500113737066],[-76.8850097950352,39.02357171293278],[-76.88322835214997,39.02363150364975],[-76.88363553182344,39.0270728273488],[-76.88549521731677,39.02837633384398],[-76.88540056089197,39.03038822835278],[-76.88386991654296,39.031162740804994],[-76.88217471190731,39.03089822194555],[-76.88362724177527,39.028760425807114],[-76.8821913595205,39.02752302449026],[-76.88288270027104,39.02492867794509],[-76.8788011444798,39.02699391814644],[-76.8778755827869,39.025498319621676],[-76.87151920591783,39.02450594878108],[-76.86998853755689,39.02528028937857],[-76.87039509992805,39.028721657403345],[-76.86858760112723,39.03384403370454],[-76.86865681317319,39.036894948685465],[-76.86755834351497,39.036047839007985],[-76.86937459084052,39.029237877679826],[-76.86820704049447,39.025339864623206],[-76.8689767037462,39.02410890939267],[-76.86557803556407,39.025267038847765],[-76.86016467797825,39.02239458430162],[-76.85753578758035,39.022321588304386],[-76.85856515463101,39.020117871135966],[-76.8570433469053,39.01920445708189],[-76.85730291218958,39.01823163132268],[-76.85451007382835,39.01711952802151],[-76.85400882229052,39.01568998021882],[-76.84672886373315,39.01320056186441],[-76.84334879736876,39.01098289758164],[-76.83978645718594,39.0111012579124],[-76.83580986028693,39.00946563596783],[-76.82725072126435,39.00846378929163],[-76.82589321924864,39.00858907639753],[-76.82503633677511,39.01014401375494],[-76.82325517380872,39.01020294398042],[-76.82342849792983,39.00955444159663],[-76.82479567513542,39.007741592574625],[-76.82700039071689,39.007748961615235],[-76.82692335050366,39.00638562658549],[-76.82819417350481,39.00658458268895],[-76.82835787514753,39.00762366242069],[-76.83140982321397,39.00776358224322],[-76.8320933040515,39.006857115868364],[-76.84039256974512,39.00883141774294],[-76.83964120165228,39.00668701283093],[-76.84091206468986,39.00688583876182],[-76.84176856942605,39.00533079267519],[-76.8404204408214,39.00376864949322],[-76.84271160599677,39.00345147671885],[-76.84263427590074,39.00208815239507],[-76.84365459384459,39.001572154163426],[-76.84424210534375,39.00267747512088],[-76.84322177606442,39.00319347827208],[-76.84431946619824,39.0040407985711],[-76.8427889389913,39.004814801291204],[-76.84175005129306,39.008705972099506],[-76.84673800807492,39.01151297032754],[-76.8505509291586,39.01210919163484],[-76.85401779803969,39.014002387466526],[-76.85528882817587,39.01420106646637],[-76.85529777404395,39.01251347403138],[-76.8561451116823,39.01264591937574],[-76.85715657937938,39.013817401693515],[-76.85663746945882,39.01576305080539],[-76.858920079728,39.01713317163172],[-76.85822795834206,39.01972738134244],[-76.85967212413968,39.01927746346782],[-76.85983630406139,39.02031650378459],[-76.86178189485818,39.02129608658627],[-76.86434173328392,39.01831808326158],[-76.86287251372623,39.00727918408936],[-76.86397923810051,39.006438739781025],[-76.8637198041822,39.007411577628105],[-76.86617522539886,39.00813300455362],[-76.86473132108038,39.008582997243565],[-76.8641259701015,39.010852956065925],[-76.86453217445478,39.01429433509358],[-76.86614045109401,39.01488337535602],[-76.86390053006058,39.021627078957295],[-76.86720390536506,39.02248087406595],[-76.86873454445647,39.02170656815183],[-76.87450249663152,39.021593902567375],[-76.87848062650865,39.023228288334224],[-76.87933652036594,39.021672979045206],[-76.88162807965897,39.021355087163414],[-76.88435163560564,39.01941568247193],[-76.88774153776976,39.01994463662945],[-76.8888481674564,39.01910396892947],[-76.89292092190982,39.01872599749902],[-76.89463194947764,39.015615176714974],[-76.89785703327307,39.01510486085919],[-76.8966801980878,39.01289471973671],[-76.89795132526689,39.01309296196102],[-76.89787294958818,39.011729670159994],[-76.90050939403396,39.010114217239376],[-76.90025833796655,39.009399537294144],[-76.90389898015879,39.0106427294912],[-76.90424418936793,39.00934549977009],[-76.90161572659979,39.00927343711101],[-76.90229834657333,39.0083665842727],[-76.90119991601685,39.00751977618057],[-76.898744168301,39.00679904206171],[-76.89730049201476,39.00724941340125],[-76.89671213747937,39.006144342903184],[-76.89611580299955,39.00672686299519],[-76.89289915111596,39.005549539824564],[-76.89170642129152,39.006714540456606],[-76.8911343829541,39.00223425888867],[-76.8902789700426,39.003789644566965],[-76.88858437997351,39.003525214381625],[-76.88790163447847,39.00443199110457],[-76.8836568799021,39.00545838312076],[-76.88102857804907,39.0053858846667],[-76.87967960547424,39.00382416792302],[-76.8839160402287,39.0044855039391],[-76.88757254933942,39.002353990087805],[-76.88724348300005,39.0002759888868],[-76.88910254812876,39.001579435660275],[-76.89257799788673,39.00178395961257],[-76.89274260830584,39.0028229534138],[-76.89409988725183,39.00269693553309],[-76.89307991148341,39.00321334838647],[-76.89340915783008,39.005291335086056],[-76.89493915624959,39.004516708364335],[-76.89705745349953,39.00484713410758],[-76.89832049441138,39.00673296553838],[-76.90002310197649,39.005309669455904],[-76.90061150005819,39.006414724114556],[-76.90476198009614,39.00739965389828],[-76.90450308819474,39.00837257702782],[-76.90680186866469,39.006366627212444],[-76.91019899717595,39.00520737324215],[-76.91081052017772,39.001249599027794],[-76.91344629752034,38.9996338741243],[-76.91354013835809,38.99762196841332],[-76.91532091936138,38.99756174311874],[-76.91753283479883,38.99587991255165],[-76.9200969368822,38.991213181672386],[-76.91673069258039,38.98562234401903],[-76.91775774759027,38.983418149491776],[-76.91564752263369,38.981400489915686],[-76.91727799932265,38.976926102353914],[-76.9156701478384,38.97633772805754],[-76.91492445562773,38.97250620441124],[-76.91245452286762,38.97516091712932],[-76.91192953917687,38.97879437210542],[-76.91328633670504,38.97866814493233],[-76.91217298163822,38.981196612468736],[-76.9114121436495,38.980740239142136],[-76.90826721407227,38.98261418304726],[-76.9052161739694,38.9824761531303],[-76.9030906573552,38.983833455326675],[-76.89444729585053,38.98316055061975],[-76.89409399376673,38.98614533533322],[-76.89745055735773,38.99342437693776],[-76.89668170049049,38.99465550248887],[-76.89576418731525,38.99147245554395],[-76.89424251184522,38.990559501641634],[-76.8950113667017,38.98932839198599],[-76.89316057322951,38.986337448188266],[-76.89360023190689,38.983028367293215],[-76.88892511106458,38.98567642953637],[-76.88876059394302,38.98463743346411],[-76.89071374101245,38.983928970232796],[-76.89072186160773,38.98224138343549],[-76.88673748483882,38.98229498664229],[-76.88443891176672,38.9843005573255],[-76.88061881550875,38.985392965876926],[-76.88105069412774,38.98377151603253],[-76.88427446181183,38.98326155552759],[-76.8857259791301,38.98112375118022],[-76.88259698946106,38.97962187263308],[-76.87920061581661,38.98078036665878],[-76.87938175442008,38.97844420421979],[-76.87997799107885,38.97786176708726],[-76.8865812229198,38.979568402373886],[-76.88709927405347,38.977622639267594],[-76.8886987559844,38.979898969442466],[-76.891239821055,38.98029560225511],[-76.89133425088849,38.97828371941959],[-76.89218125548825,38.978415918115914],[-76.89225140399726,38.98146679262872],[-76.89368654851084,38.982704068498734],[-76.89385917941068,38.982055470778036],[-76.8969964811794,38.98186947882006],[-76.90156904971252,38.982920592321236],[-76.90547496420425,38.98150323246914],[-76.90996906276146,38.981190755947516],[-76.91124731662869,38.97970127369079],[-76.91126260417317,38.97632610009638],[-76.90964713376563,38.97742523425196],[-76.90617279939005,38.97722118894625],[-76.90169466052997,38.974158356526154],[-76.90473755072668,38.97598405850128],[-76.90939610073278,38.97671057644333],[-76.91203102072107,38.975094887719244],[-76.91348915118725,38.97126917606242],[-76.90647033084757,38.967810342174886],[-76.90350616936962,38.967347963529576],[-76.90240049593578,38.968188755041275],[-76.90223582598016,38.967149779587096],[-76.90715250145979,38.966903468469496],[-76.91044623858994,38.96944368997346],[-76.91468095141758,38.97010397259605],[-76.91493957113578,38.96913103402126],[-76.9173080124812,38.970175758235],[-76.91773898339775,38.968554184580796],[-76.92011488360367,38.967911270284496],[-76.92098407114251,38.96298051965491],[-76.9244651031705,38.96149656623531],[-76.91346367144594,38.9580928191765],[-76.90890018692424,38.95535456663036],[-76.90890788272903,38.95366698584606],[-76.9156668912658,38.95809861362723],[-76.92337448301885,38.95896237742394],[-76.92430013341543,38.96045762111417],[-76.92574271454701,38.96000693907705],[-76.92745822507726,38.95520811221262],[-76.92661142650428,38.955076154742336],[-76.92507548330184,38.957538748213295],[-76.92542006329239,38.95624147021074],[-76.924236002599,38.95571919222144],[-76.92517626714057,38.953839264747],[-76.92254978787378,38.953767645860644],[-76.92272209298362,38.95311901080949],[-76.92661871169433,38.95338857295643],[-76.92569310356048,38.951893348094586],[-76.92967578733882,38.95183849456335],[-76.92866401409326,38.9506676144472],[-76.92884349049976,38.94833139050126],[-76.92977632951774,38.948139010394804],[-76.93029300251878,38.94619307616538],[-76.93394522580691,38.9440602153932],[-76.93573882517545,38.940624538973125],[-76.93598999234759,38.9413391397125],[-76.93700879687492,38.940822379158405],[-76.9377834282024,38.9379034350368],[-76.93609726297169,38.93595207774365],[-76.93619039589494,38.933940173942176],[-76.93492054645067,38.93374232556751],[-76.93611138950801,38.932576922575954],[-76.93578125341581,38.93049907176231],[-76.93713710969922,38.93037258471735],[-76.93536506990273,38.92874554592333],[-76.93553720165775,38.928096895351054],[-76.9367208942601,38.9286190634587],[-76.93698611437067,38.92595850881373],[-76.93428166566058,38.92452388920099],[-76.93692118854977,38.92122010939264],[-76.9329330491336,38.922962769931516],[-76.93362158972897,38.92036818207651],[-76.93532148831225,38.91894442005028],[-76.93405190268861,38.91874656318244],[-76.9343100812666,38.9177735912972],[-76.93287552620258,38.91653679674842],[-76.93092459668642,38.91724591657894],[-76.93075244949644,38.91789455980328],[-76.93278232396325,38.9185486933215],[-76.93243090646064,38.92153355923393],[-76.93227306430255,38.91880705649782],[-76.93082415548484,38.92094538591373],[-76.92956176075963,38.91905990902742],[-76.92524378148292,38.91872445683432],[-76.92507889750198,38.91768551894876],[-76.92084713819088,38.91702559609166],[-76.92101937154163,38.91637696669665],[-76.91974986954062,38.916178963470266],[-76.92009434871385,38.91488170768987],[-76.91289315818115,38.91544703592991],[-76.91441349811129,38.91635975131707],[-76.91474296048776,38.91843765499733],[-76.90922638446236,38.920954413619654],[-76.90846619428046,38.92049802616507],[-76.91008041979279,38.91939891629419],[-76.90652266851583,38.91951918967183],[-76.90533156555242,38.92068430645259],[-76.90304327738384,38.92100263098622],[-76.90227527963185,38.922233778225724],[-76.90083330154458,38.92268418501887],[-76.90142104434851,38.9237892223813],[-76.897079014884,38.92851551003071],[-76.896060099274,38.92903194170197],[-76.89200046245757,38.92772243750355],[-76.89182794380494,38.9283710275485],[-76.89504116921202,38.92954836503846],[-76.89469617434851,38.9308455537274],[-76.89283074923837,38.931229778398986],[-76.89257196873574,38.93220266559603],[-76.89138853459768,38.93168007591764],[-76.89062022718412,38.932911152749796],[-76.88935051965208,38.93271283786635],[-76.88891912868938,38.93433430452681],[-76.88705358372253,38.93471844248984],[-76.88602628622313,38.936922367151695],[-76.8839880484909,38.93795504173135],[-76.88474826747802,38.93841158031313],[-76.88321126005516,38.94087364944352],[-76.87913442568843,38.94293887387262],[-76.87846053098572,38.94215801432435],[-76.87726860862955,38.943322865120024],[-76.87319999099984,38.943700318887785],[-76.87336419355093,38.944739329301065],[-76.8770095771919,38.944295721468],[-76.87894497821927,38.94696260061399],[-76.87716540492964,38.947022303637034],[-76.87505736003709,38.94500396490517],[-76.8710578655643,38.948432217829954],[-76.86885494208788,38.9484256312329],[-76.8681724676063,38.94933229188536],[-76.86046655183935,38.94846510021055],[-76.86208212192025,38.9473666110655],[-76.86411220060593,38.948021871166574],[-76.86691120352603,38.94744617023531],[-76.86759367603392,38.94653951676471],[-76.86480343065023,38.945427657141586],[-76.8675159404571,38.94517621966148],[-76.86803425638486,38.94323054597426],[-76.87133412313254,38.94408422091293],[-76.87354542975898,38.94240318771632],[-76.87523854257564,38.94266782075999],[-76.87465104478004,38.941562656484734],[-76.87701801101174,38.94260814541605],[-76.87871953543058,38.941185155238855],[-76.88143183908944,38.940933413617906],[-76.8824676391166,38.93704195067668],[-76.87950488271971,38.93657900073355],[-76.87933223177745,38.93722757417928],[-76.87814881100537,38.936704857812956],[-76.87619680845526,38.937413118428296],[-76.87671483715853,38.93546741058883],[-76.8824842516943,38.93366680164682],[-76.88333072123454,38.93379905989102],[-76.8825622552319,38.93503008716143],[-76.88476477465505,38.93503643033895],[-76.88562773070072,38.931793524466805],[-76.88732064072141,38.93205799220567],[-76.88944493997995,38.930700970305516],[-76.89071461268908,38.9308992841678],[-76.88970375692355,38.92972808983334],[-76.88996256695161,38.928755208950236],[-76.8912322071448,38.92895351746094],[-76.89106778525328,38.92791453298954],[-76.8880272463493,38.92608850844515],[-76.8859277314096,38.922382788195094],[-76.88533199654402,38.92296524929327],[-76.88160975660152,38.92204581649878],[-76.87890654449804,38.920609990282365],[-76.87907915983732,38.91996141889556],[-76.87704129828766,38.92099397693076],[-76.87560765259614,38.91975651954741],[-76.8685783438091,38.91967070775812],[-76.86696348609539,38.92076927731465],[-76.86484777095717,38.920438342214936],[-76.86509817285281,38.921153084327415],[-76.8635696084488,38.921927333777475],[-76.86331047011602,38.9229001586476],[-76.86474396872764,38.92413775871069],[-76.86337935564133,38.92595102503467],[-76.86472653610024,38.92751290090945],[-76.86235146536318,38.92815475089871],[-76.86158270428936,38.929385647203475],[-76.86225629979779,38.930166597051446],[-76.8602954981597,38.93256217905025],[-76.85953549357619,38.93210549098281],[-76.85614096944437,38.93326334592247],[-76.85487134976154,38.93306467806907],[-76.85513063701099,38.932091869495416],[-76.86013150954058,38.93152315310722],[-76.86124591195302,38.92899517093875],[-76.86057233811586,38.928214215727856],[-76.86201467459745,38.927764276787045],[-76.8628785575095,38.924521532510354],[-76.86144508304479,38.92328391082082],[-76.85924292116215,38.92327715355258],[-76.85992526264259,38.92237054529739],[-76.86204101154368,38.922701564465996],[-76.86332796726366,38.91952501874163],[-76.86722256805074,38.919796445089],[-76.86943323215111,38.91811549078186],[-76.87179936145324,38.919161075935264],[-76.87764549984638,38.91872398524249],[-76.87714447140918,38.91729455172633],[-76.87587507283246,38.91709609930955],[-76.8763066520832,38.915474681803616],[-76.87942438129286,38.918664275569384],[-76.87874231728085,38.91957099064654],[-76.88009806894289,38.919445127373116],[-76.88144548758157,38.921006820243996],[-76.8879655058178,38.921350083938705],[-76.88736979569764,38.921932554745446],[-76.88888995109178,38.92284558382773],[-76.8902294958087,38.92609475457151],[-76.89504918345916,38.92786079123571],[-76.89751018968785,38.92689401628509],[-76.89777683599253,38.92423354634054],[-76.89888189546392,38.92339280126002],[-76.89769855920956,38.92287027241611],[-76.90432061652041,38.91951323288209],[-76.9056918558995,38.91601194599772],[-76.90341153513661,38.91464270563627],[-76.90171897149503,38.9143784581562],[-76.90146036959125,38.91535136169122],[-76.89823972811314,38.91586176367688],[-76.89697826508078,38.91397595646442],[-76.88969073172734,38.91486423507731],[-76.89139136041901,38.91344107644978],[-76.89317010155098,38.91338116963086],[-76.89360127378339,38.91175969275021],[-76.8953799720365,38.91169975424306],[-76.89521552992841,38.91066077766099],[-76.8972448835239,38.911315492237065],[-76.89639066886744,38.91287089948775],[-76.89698623273375,38.912288386048886],[-76.89766004967309,38.91306914177213],[-76.90079437028535,38.912883055595664],[-76.90105297232155,38.911910153765106],[-76.8987807928774,38.908853259062475],[-76.90056730001251,38.90710567677317],[-76.8986242377181,38.906126718209826],[-76.89464403006941,38.90618057459771],[-76.89302180582227,38.9089670506651],[-76.89006012428675,38.908504354583854],[-76.89201121732354,38.907795878557046],[-76.89346905205151,38.90397043813629],[-76.89828735438503,38.90573634376824],[-76.89940003809946,38.90320802760545],[-76.8982952908098,38.904048775074976],[-76.89711227299485,38.90352624196223],[-76.89703403089926,38.90216297132249],[-76.89847562627065,38.901712609919144],[-76.89729264510034,38.9011900786835],[-76.89781779955871,38.89755672488385],[-76.89436336047005,38.893977217810345],[-76.8935334244345,38.89046990422429],[-76.89141846853407,38.89013942374922],[-76.89285986071742,38.889689128326914],[-76.89261736074033,38.8872868804318],[-76.88982900262967,38.886175592429396],[-76.89093357661514,38.8853349222894],[-76.88975091543304,38.884812320159334],[-76.89110600133398,38.88468633709266],[-76.89297830120903,38.882614576866786],[-76.8939264636807,38.879047341487365],[-76.8925795534187,38.87748579255711],[-76.89452177080948,38.878464842361936],[-76.89562617377777,38.877624131190615],[-76.89947201961057,38.869781028358226],[-76.89629965561423,38.87840489090639],[-76.894263200266,38.87943772647855],[-76.89373799914952,38.883071057053726],[-76.89221053801035,38.883845655726006],[-76.89177950001081,38.88546712203934],[-76.89346330985305,38.887419068721705],[-76.89387021170664,38.89086029082882],[-76.89546800041374,38.89313650645077],[-76.89960405278129,38.895809158995],[-76.89916519318798,38.89911822074778],[-76.90135876353871,38.90081183690218],[-76.89982311086987,38.90327409945819],[-76.90184444608637,38.90561630689101],[-76.9026671193714,38.91081114164396],[-76.90342717211732,38.911267564063756],[-76.9028473313599,38.90847496809313],[-76.90924943722815,38.91589169651476],[-76.9115375376909,38.91557325767857],[-76.91485176883008,38.91305062826883],[-76.9125713685921,38.91168155689601],[-76.91257897472734,38.909993986007805],[-76.91511018369108,38.91207769710945],[-76.91824441699569,38.91189116985822],[-76.91925548409259,38.91306212872348],[-76.9239101543848,38.91378809530147],[-76.92339354072836,38.915733994315644],[-76.92695107918063,38.915613236972796],[-76.92398891201816,38.91515135098187],[-76.92416111295779,38.91450271738383],[-76.92585376085731,38.91476665852408],[-76.92526572019555,38.91366173831967],[-76.92865823102385,38.912501994883634],[-76.93144818917125,38.91361241299369],[-76.93076682020734,38.91451941347761],[-76.93262447511864,38.91582219211463],[-76.93288266239901,38.91484922357796],[-76.93457534994833,38.91511304567356],[-76.93577296292064,38.912260076158304],[-76.93983252442214,38.91356814468425],[-76.94009060742526,38.91259516143049],[-76.93924428138793,38.91246329095813],[-76.94043470737049,38.911297849782805],[-76.93552897254636,38.909857905575926],[-76.93511291304098,38.908104383709336],[-76.93646835363509,38.90797790435016],[-76.93663337809039,38.90901682576011],[-76.94095083430621,38.909351880932796],[-76.94257123346824,38.90656477798903],[-76.94579115289692,38.90605322525936],[-76.9452888745164,38.90462406981521],[-76.94284306382062,38.902216647631164],[-76.9412297134739,38.903316181455786],[-76.93996038417825,38.903118385482976],[-76.93963027180273,38.901040553017545],[-76.93819595592475,38.899803822707305],[-76.93320499898755,38.898688114552094],[-76.93142664967776,38.898748595564726],[-76.93065936624208,38.89997991495997],[-76.92727473501817,38.89945214180117],[-76.9260915840403,38.8989298855428],[-76.92668679642087,38.89834723052085],[-76.92499452699694,38.89808330131414],[-76.92525275331079,38.89711035089567],[-76.92347443592058,38.897170717821545],[-76.92288657337166,38.8960657888377],[-76.92203308501149,38.8976213696381],[-76.91924388277582,38.89651074198086],[-76.91916523408302,38.89514748655843],[-76.91358719151533,38.89292604029342],[-76.91342253214125,38.8918870903667],[-76.91147207339317,38.892595901883475],[-76.90962306142988,38.88960524394739],[-76.90725734933281,38.88856038455944],[-76.90887857482754,38.88577372945032],[-76.90769577783587,38.885251298525624],[-76.90728052865825,38.883497688774746],[-76.90567481946917,38.88290919247317],[-76.9056825823198,38.88122162812783],[-76.9080557413953,38.88057895227216],[-76.90677916111002,38.88206838147023],[-76.90947381737176,38.88519115803661],[-76.90869861236934,38.88810990505265],[-76.91232572836422,38.8910403947818],[-76.91309322748103,38.88980919026011],[-76.91233333803412,38.889352828340336],[-76.91326546552284,38.88916057389735],[-76.91242706757014,38.887340954701266],[-76.91506623436328,38.88403765592186],[-76.91499522444046,38.8809868350828],[-76.91678065950687,38.879239025291035],[-76.91611447132745,38.87677081272921],[-76.91714001089085,38.87456665606691],[-76.91678816477685,38.87755146101011],[-76.91797090196908,38.87807380467904],[-76.91668706059446,38.88125090022945],[-76.91575504331463,38.88144318021666],[-76.91573998377037,38.884818310587264],[-76.91412660973494,38.885917489272536],[-76.91401778829683,38.891304496692264],[-76.9165559011953,38.891700606266795],[-76.91942352783859,38.894174548643555],[-76.92204785566334,38.89424623316199],[-76.92263569080986,38.89535116587044],[-76.92678014114868,38.8963353437927],[-76.92770506570781,38.89783054934168],[-76.93354915586049,38.897390824337144],[-76.93904912471638,38.89824813022325],[-76.94158068258041,38.90033129771833],[-76.94420525392077,38.900402513213926],[-76.94292906544564,38.901892318314],[-76.94944766109069,38.90223234848278],[-76.95225091516865,38.89996715496378],[-76.95436643190745,38.900296597841596],[-76.95471021953573,38.89899924864764],[-76.95031407970876,38.89730143709881],[-76.95108100272637,38.89606999650117],[-76.9538773212465,38.89549233758595],[-76.95353353533501,38.896789683895086],[-76.95513993685248,38.89737756111453],[-76.95521926114347,38.8987407939986],[-76.95632327080361,38.89789954001441],[-76.95699759045014,38.89867997168399],[-76.95929146397793,38.896673081865394],[-76.95921858981879,38.8936222819312],[-76.95675952685507,38.89459027702803],[-76.95430703641814,38.89387065365617],[-76.95447891713044,38.893221979759424],[-76.9565149037143,38.892188153223884],[-76.96074554311956,38.89284685672927],[-76.96323664779129,38.88344093879329],[-76.96061915941128,38.88168255876008],[-76.95706333351812,38.88180428153676],[-76.95638916933449,38.88102385185659],[-76.9508043560297,38.880491651100634],[-76.9501302710252,38.879711187501336],[-76.95486904103335,38.880111655296],[-76.9584182467544,38.88167756263549],[-76.95960786311592,38.88051194192249],[-76.95943605804226,38.88116062191561],[-76.96358019796486,38.88214356772539],[-76.96714870797838,38.87864652300181],[-76.96790882894261,38.87910254821034],[-76.9683381352047,38.87748081892351],[-76.96579386628645,38.87877333729672],[-76.96562849459094,38.87773445867436],[-76.96402244148328,38.87714671879472],[-76.96850985235932,38.87683212688086],[-76.96885327749719,38.87553474223289],[-76.9664013089411,38.874815359811784],[-76.96615007285212,38.87410082684289],[-76.96775607599133,38.87468853893704],[-76.9683507572032,38.87410568566595],[-76.96919669040713,38.874237356834236],[-76.9686020148866,38.8748202141737],[-76.97020805365334,38.875407894543024],[-76.9741068697598,38.87398839578601],[-76.97597653450723,38.87191538523389],[-76.98130949761455,38.87173194913631],[-76.98283575717487,38.870956253906634],[-76.98233299428078,38.86952725482661],[-76.97903520532024,38.86867654146923],[-76.9788696677897,38.867637681769644],[-76.98259035390664,38.86855418853496],[-76.98317889959344,38.86965883048024],[-76.9849624215213,38.86791004127244],[-76.98868903746012,38.86713879905997],[-76.99242132721687,38.864679879088825],[-76.99631347438466,38.86494724900844],[-76.99945106174522,38.863071104563986],[-77.00165141514597,38.86307537203694],[-77.00190296125083,38.86378983206149],[-77.00318278011991,38.8606118616252],[-77.00233694370925,38.86048042266235],[-77.00046832208808,38.862553828069494],[-76.99445597814926,38.86364543301211],[-76.99463313146732,38.861309140660666],[-76.9929414763574,38.861046140215805],[-76.99304441993725,38.85565908472015],[-76.99068440664107,38.852928258643544],[-76.99271875421837,38.85189384247511],[-76.99229014106318,38.85351565133998],[-76.9942273479687,38.856180699159275],[-76.99362729591272,38.858451239643735],[-76.99471885436343,38.860984777074414],[-76.99945665128608,38.861383539127516],[-77.00217109268934,38.85944159510723],[-77.00335414741474,38.85996312263023],[-77.00515331985548,38.85315135176699],[-77.00786730296018,38.85120928476839],[-77.01118590667741,38.8453089756298],[-77.01245442232931,38.84550604096384],[-77.01271657629376,38.84284535231381],[-77.01161935775185,38.8419995406005],[-77.01324609524329,38.83583641441345],[-77.0151992682036,38.833438445711266],[-77.01909496390047,38.83201753845475],[-77.0193517005422,38.831044399956596],[-77.02358438779108,38.83001339355123],[-77.0239266124984,38.828715863324966],[-77.02240673014745,38.8278045007215],[-77.02469157085714,38.82748397743487],[-77.02393665325049,38.82534074338375],[-77.02512430307019,38.824174501470004],[-77.02284461331062,38.822807473295086],[-77.02276410751968,38.821444295881705],[-77.01980515991336,38.82098470408533],[-77.01761124164533,38.819293200497796],[-77.01880917071774,38.81475190411078],[-77.02178306701073,38.81014884717019],[-77.01375298508859,38.80890115712418],[-77.00816250849616,38.8117466584226],[-77.00764346930879,38.8153804418603],[-77.00483426412568,38.8210219813373],[-77.00549205182719,38.826864818331934],[-77.00658897156951,38.82771068295232],[-77.00479602477776,38.83283489536498],[-77.0029336884844,38.833220771193],[-77.00165987605158,38.83471116886774],[-77.00039157738541,38.83451399323203],[-76.99945479119619,38.8363944620055],[-76.99818646921318,38.8361972637551],[-76.99640404022888,38.83794623705441],[-76.99522139246453,38.83742464444843],[-76.99403304855583,38.83859060116947],[-76.98988516461249,38.83929623909279],[-76.9882797627275,38.838708816148696],[-76.98014324581713,38.84284598354871],[-76.96930988354802,38.84386121574014],[-76.97024754315363,38.84198097352946],[-76.97295583889344,38.84172723384322],[-76.97447539313269,38.842639204532155],[-76.97464697361846,38.84199050657328],[-76.98023504435717,38.840834070009144],[-76.98150940169532,38.83934389172779],[-76.98353754430399,38.839997188118325],[-76.98405201606496,38.83805105657662],[-76.99479861555139,38.837358898684265],[-76.99870052316793,38.83425107218922],[-77.0005629081779,38.8338652599683],[-77.00302484607943,38.83120884289998],[-77.00404711738852,38.82900397926244],[-77.00390324937584,38.82121492280028],[-77.00569597323278,38.81609072946679],[-77.00459923861162,38.81524485794468],[-77.00434236074847,38.81621796426654],[-77.00256608182184,38.81627946516293],[-77.00222353545152,38.817576934672935],[-77.00095553323122,38.817379765161206],[-77.0007897999001,38.816340940580154],[-76.99698588990502,38.815749349138116],[-76.99715720690979,38.81510062184502],[-76.99580359791162,38.81522776329334],[-76.99318777254611,38.81347008443823],[-76.99108615781903,38.80976619557899],[-76.99411871677466,38.813277223685766],[-76.99825946667697,38.814259002455245],[-76.99833950652236,38.81562219475922],[-77.00087544256051,38.81601657430754],[-77.00307437642714,38.81602081647785],[-77.0038505221698,38.811413947567296],[-77.00698561283639,38.8095376230968],[-77.00901315475245,38.81019050033252],[-77.0114686784393,38.80922147801069],[-77.01410053211872,38.80591610074351],[-77.04368521338058,38.81051019489388],[-77.04190450336847,38.81225981808775],[-77.04038473932054,38.81134867765124],[-77.0404655632974,38.81271184219602],[-77.03809108964289,38.81504460627062],[-77.04027607208415,38.820110864496726],[-77.03993417865361,38.82140843872417],[-77.04331142907371,38.823620691051524],[-77.04372960802169,38.82537383142963],[-77.04524970615748,38.82628493210784],[-77.04431418258318,38.82816573830773],[-77.04489880190955,38.83095764324106],[-77.04675636575544,38.83225869818629],[-77.04674288736146,38.8373213848682],[-77.04555536922064,38.83848783568725],[-77.04681936758178,38.840372112012304],[-77.05172699941923,38.84012007658251],[-77.05258140484749,38.836876051837066],[-77.05664312554204,38.836492720348],[-77.0554643618262,38.83428414047362],[-77.05715562118445,38.83454628648694],[-77.05826170845096,38.832016569213415],[-77.05935931767932,38.83286196678496],[-77.05884689270327,38.83480840941431],[-77.0608714354079,38.83714800200898],[-77.06374590960907,38.837931023788464],[-77.06518520301753,38.83747872797536],[-77.06484367146307,38.83877637329194],[-77.06272944196394,38.83844881823895],[-77.06357102779681,38.8402674082388],[-77.06542916201454,38.84156818441188],[-77.06999535207743,38.84261307171646],[-77.07058501243453,38.84371729482705],[-77.08310848391322,38.84295499839316],[-77.08472197131174,38.840166062783766],[-77.08844963967613,38.83770425909432],[-77.08921009186237,38.838159537851205],[-77.08616117867822,38.839713523139096],[-77.08353137273147,38.843020442753264],[-77.08776384664117,38.84198724195728],[-77.09030118232513,38.84237979107299],[-77.0916516760523,38.84393918152548],[-77.09731663475853,38.84582816477363],[-77.09918207235754,38.8437533038194],[-77.10087370839464,38.8440148531309],[-77.10392248781959,38.84246050500464],[-77.1051091366201,38.841293494343816],[-77.1049450111368,38.83856724232268],[-77.10579077781071,38.83869798044293],[-77.10595493521438,38.84142423138192],[-77.10764654150273,38.84168568813857],[-77.10798732483246,38.840387924529665],[-77.109256015844,38.84058399842454],[-77.10976106642404,38.842012476609696],[-77.10383727261363,38.84278494325478],[-77.10307349131263,38.84401731957433],[-77.09934926993192,38.84479199915452],[-77.09765430625832,38.84621799476794],[-77.10086722703691,38.847389984952194],[-77.1015458512429,38.84648205858461],[-77.10171308875461,38.847520751040776],[-77.10306711179844,38.84739245151076],[-77.10720198118945,38.85343329102076],[-77.10863824972031,38.85466805717314],[-77.11041537347808,38.85460503451501],[-77.11015976968972,38.85557836383399],[-77.10660857948011,38.854016808560935],[-77.10458525554773,38.84999039249628],[-77.10331641339774,38.84979427056058],[-77.1030607316935,38.850767584706006],[-77.10424436676279,38.8512881481162],[-77.10271981213366,38.852065336243555],[-77.10162141101951,38.85122032124183],[-77.102978695055,38.84940445584616],[-77.10170986742587,38.849208317469234],[-77.1015426260887,38.84816962481477],[-77.09224167513287,38.84504330168139],[-77.09046825022136,38.843418498234115],[-77.0890289964515,38.84387108810253],[-77.0870850926487,38.8428950923703],[-77.08412124139535,38.84412460146902],[-77.08293786634069,38.84360384622929],[-77.08259662208457,38.84490154133474],[-77.08470389816691,38.84860388888779],[-77.08166182319881,38.84678263325097],[-77.08217739653729,38.84314852869802],[-77.07709899573548,38.84405061042489],[-77.07692832211467,38.84469945006054],[-77.0744763257547,38.84398220890012],[-77.07337449680765,38.84482450909206],[-77.0737081662176,38.84690196948887],[-77.0752290878351,38.84781270426194],[-77.07496919768333,38.850473526086866],[-77.07657555653682,38.8510598260065],[-77.0748800016795,38.8524855109708],[-77.07462008212507,38.85514633345369],[-77.07198919580202,38.85845301368522],[-77.07427092180427,38.85981914230329],[-77.07960274951004,38.85963147661138],[-77.08087169906109,38.859827841630235],[-77.08070102208083,38.86047668761034],[-77.07663809150095,38.86086080897939],[-77.07097250053464,38.858970876955745],[-77.07301753483883,38.852872441296],[-77.07479849006812,38.85112236324889],[-77.07378578495002,38.84995268305698],[-77.07421256397652,38.84833059349863],[-77.07117076253226,38.84650908030843],[-77.06727932635249,38.84624406232398],[-77.06668566366852,38.84682738813239],[-77.06152970825717,38.84467811468938],[-77.05679265837351,38.84428172694793],[-77.05238871760777,38.84596267563583],[-77.05223091952294,38.84154878899054],[-77.05053951543562,38.84128657553525],[-77.04901459770512,38.842063101808506],[-77.05052629809228,38.84634926756087],[-77.04992808054142,38.848620077805215],[-77.04789910356428,38.84796786796724],[-77.0486638588251,38.84673583150286],[-77.04824097978414,38.846670268089795],[-77.0435802268357,38.849324104237766],[-77.04146578703255,38.84899618588244],[-77.04120928237958,38.84996937208697],[-77.04306726482918,38.85127048504767],[-77.04238786782642,38.85217809138187],[-77.0436565872909,38.85237483735115],[-77.04415587991603,38.85549115032612],[-77.04500173375544,38.85562230372729],[-77.04491170427701,38.857634268102316],[-77.04583856027381,38.85912858416349],[-77.04727838334512,38.858676495369956],[-77.04685094435514,38.860298493967434],[-77.04811981721123,38.860495194412515],[-77.04752140858167,38.862765996658055],[-77.05081972858078,38.863614886637606],[-77.05108054717361,38.86095411160218],[-77.05192210220666,38.86277278529755],[-77.05345610063887,38.85862108697293],[-77.05548542388094,38.85927320657665],[-77.0546438203457,38.85745455781249],[-77.05878367856191,38.86012188422254],[-77.06063806061503,38.86311030293989],[-77.06098394596127,38.86012509808694],[-77.06310291212361,38.85876511629469],[-77.06530313875452,38.858768253459395],[-77.06504691798727,38.85974149006016],[-77.06377801259072,38.85954496297918],[-77.06436362915572,38.86233678560214],[-77.06275299608494,38.863437894585054],[-77.06351355622317,38.86389333239031],[-77.06291559932171,38.86616420984226],[-77.05893770126562,38.86622334012162],[-77.05724995201672,38.864273649215725],[-77.0569081536196,38.865571276536535],[-77.05301575157942,38.86530580994395],[-77.05141365497214,38.8630316357632],[-77.05022137845764,38.86588570273962],[-77.04767896738501,38.86717989985362],[-77.04682848163208,38.86873633302919],[-77.04547396328412,38.86886401816894],[-77.04614896864985,38.86964396180547],[-77.04453789891708,38.87074483494096],[-77.04436687289382,38.871393631647784],[-77.04572144019728,38.871265958570994],[-77.04487086495183,38.87282237905899],[-77.04571692123713,38.87295352784145],[-77.04733250357178,38.870165069981255],[-77.04868704284425,38.87003736450695],[-77.04869149284976,38.86834979570889],[-77.05097748897593,38.868028786071875],[-77.0511528411056,38.86569241213846],[-77.05165692676654,38.86712113099171],[-77.05368647058759,38.86777328070108],[-77.0502980342618,38.868936437523054],[-77.04987060230253,38.87055844846623],[-77.05148158735929,38.86945750602854],[-77.05266515738084,38.86997856326181],[-77.05266079929116,38.87166613252446],[-77.05147720189387,38.87114507514583],[-77.05164378236353,38.87218383797682],[-77.05265644099966,38.873353702123396],[-77.05375894071678,38.872511583482876],[-77.0553613189232,38.87478572986683],[-77.05637834575148,38.87426799374627],[-77.05510921080132,38.874071377556895],[-77.05528014747084,38.873422565823205],[-77.05832690226723,38.87355690460526],[-77.05824567671225,38.872193742703594],[-77.05994201548046,38.870768282179654],[-77.06078807502959,38.870899328036884],[-77.05951478742473,38.872390326729196],[-77.06078390498382,38.87258689776241],[-77.06112982933202,38.8696016892069],[-77.06409101113836,38.870060295998684],[-77.06408282392088,38.87343543567215],[-77.0627282484838,38.87356330948064],[-77.06247194131082,38.87453654243492],[-77.06416416004743,38.874798593946316],[-77.06483534391342,38.87726600710709],[-77.06330982562174,38.87804271254918],[-77.06001070711429,38.877194153593315],[-77.05950638799686,38.875765467028614],[-77.06077556431285,38.87596203822655],[-77.06094645496806,38.8753132185322],[-77.05824144771813,38.87388131260155],[-77.0567971296921,38.876021099866726],[-77.06042541644995,38.8806348193877],[-77.06075888065293,38.88271232324921],[-77.06278894018999,38.88336432509051],[-77.06168638062937,38.884206525160465],[-77.06362694127073,38.88687049680621],[-77.06422504592716,38.884599610310595],[-77.06507127377974,38.88473062714324],[-77.06481495861992,38.8857038662544],[-77.06735369296317,38.88609688739616],[-77.06760997559574,38.88512364298859],[-77.06921703913208,38.8857100407],[-77.06794366519401,38.887201128651505],[-77.06515264100739,38.88609378662702],[-77.06565714232539,38.887522452002266],[-77.06446910880835,38.8886890908871],[-77.06556358341135,38.89122201263363],[-77.06793565452303,38.89057627556962],[-77.07377443959027,38.89181751484938],[-77.0777575010311,38.89007033388969],[-77.079710004193,38.887671333503114],[-77.08352198365434,38.88657281459755],[-77.08326590847156,38.88754609206546],[-77.08055629555392,38.88780224466183],[-77.0774159468702,38.89136802176814],[-77.07614645730618,38.89117162061574],[-77.07250105217992,38.89330865074594],[-77.06988057394211,38.89155257720632],[-77.0681879455141,38.891290603213996],[-77.06699989107742,38.89245726689973],[-77.06547814036543,38.89154642631578],[-77.0685911495751,38.89979397331734],[-77.07400746718764,38.900969707264814],[-77.07477233727053,38.8997375019136],[-77.07451609891484,38.90071076290329],[-77.07688460088714,38.90175243003758],[-77.08204872825345,38.90221350197196],[-77.08315132491371,38.901371118894026],[-77.08340380248966,38.902085416531364],[-77.08882052946376,38.9032605036422],[-77.09025746882786,38.904495490268836],[-77.09440469752884,38.90547406377312],[-77.09457196864938,38.9065127731997],[-77.09736422230436,38.907619455560955],[-77.10243718257753,38.91177927259484],[-77.10826289287358,38.92145679364792],[-77.11283173903334,38.924187694176005],[-77.11299931596398,38.92522638128566],[-77.11393137077965,38.92503261738058],[-77.11612782010876,38.92841001808836],[-77.11782148357388,38.92867133869128],[-77.11654835379814,38.93016293408016],[-77.11942146881447,38.93431984151561],[-77.1285593520003,38.94146824905661],[-77.12855414545012,38.944843423401686],[-77.13016045158292,38.94711662336071],[-77.13143106219513,38.94731247276016],[-77.13015788528104,38.94880421171297],[-77.13142598836777,38.95068765001675],[-77.1307442125814,38.953283341459375],[-77.13625071450465,38.95413190306444],[-77.14056710503226,38.95783518955809],[-77.1431042301722,38.961601845783285],[-77.14716808731025,38.964590724534844],[-77.15301415892921,38.96582824357203],[-77.1596245571498,38.96583274781419],[-77.16572445354616,38.96778381637635],[-77.17089544897732,38.966553597803966],[-77.17259019639415,38.96681417184437],[-77.17199639465709,38.967398011055415],[-77.1817414937132,38.968895909541445],[-77.18470877522664,38.96766404560128],[-77.19428533088758,38.968122362635576],[-77.19776102202044,38.96663074675268],[-77.20318439495736,38.96780084686899],[-77.20657339578966,38.97000868446529],[-77.2095395758381,38.9704638212943],[-77.21115035467483,38.969360790021405],[-77.21284531142469,38.96962081434541],[-77.21403228616386,38.96845274190085],[-77.21445540906468,38.97020533498979],[-77.21852319389389,38.97150428428438],[-77.2220829514295,38.97137505919743],[-77.22640506595567,38.97338777135205],[-77.22767578175011,38.97695782806758],[-77.22920134642418,38.977866686836165],[-77.22920107586087,38.97955428394961],[-77.23242219515045,38.979035284261336],[-77.23505014711952,38.975725149274524],[-77.23988141191786,38.980852980368454],[-77.2414072106837,38.981761689625785],[-77.24445883926592,38.981891454082415],[-77.24632394666085,38.98487713700603],[-77.24488286622488,38.98533154550179],[-77.24420458160328,38.98286507544941],[-77.24047476952069,38.98195641301097],[-77.23632132784147,38.97929511871239],[-77.23479550347398,38.980073944528705],[-77.2342867354622,38.98202114674193],[-77.2330998645502,38.983189415297545],[-77.23225219046549,38.98305954409419],[-77.22538678817443,38.978969698464276],[-77.22445510119181,38.9757891078317],[-77.21979349014347,38.97507442068466],[-77.21877621861897,38.97559350416297],[-77.21674219151096,38.974944049899584],[-77.21665788562572,38.97358097513599],[-77.21487794967486,38.97364552265217],[-77.21394491723356,38.975527642507345],[-77.2106382250437,38.978058276151216],[-77.20809551151426,38.97766818526961],[-77.20809627149845,38.97598058872618],[-77.2043681098064,38.97338324632774],[-77.20318264733152,38.9711760361749],[-77.19953888500899,38.96994163344888],[-77.19021581887867,38.97019780812133],[-77.18699603926719,38.969028117012186],[-77.18504618559022,38.96974123770017],[-77.17979159209692,38.96960894764785],[-77.17962153966077,38.97025793892726],[-77.17606326443814,38.96869835151566],[-77.17182467696537,38.96973458562672],[-77.1686869398769,38.97161511825888],[-77.1571618434988,38.970179913588105],[-77.15792603279073,38.968947183898266],[-77.15580760398659,38.96862121228015],[-77.15478996653796,38.969139770631394],[-77.1563144567165,38.97004952403641],[-77.14461949020911,38.969262113809705],[-77.14614605219792,38.968484398268146],[-77.14530092082539,38.966666340090185],[-77.14005129727039,38.963157181753424],[-77.14394250605153,38.96848269663134],[-77.14148798396079,38.96607917739492],[-77.14013182076091,38.966207898808165],[-77.14081106294256,38.96529974350051],[-77.13928686604837,38.96438980028507],[-77.13954246243536,38.96341639714645],[-77.13310773473795,38.95938671329267],[-77.13116269863919,38.95672380427045],[-77.13082688621465,38.95464646995783],[-77.12820540522507,38.95120402594876],[-77.1288872520586,38.948608349231286],[-77.12710784962437,38.9486716375855],[-77.12609294726349,38.94750237068496],[-77.12677747932429,38.94321911959462],[-77.1209392289056,38.938605195906455],[-77.12018032652846,38.936462520714564],[-77.11933339843085,38.93633187926962],[-77.11941583919238,38.937695012095325],[-77.11806016568148,38.93782349174954],[-77.11890993552174,38.936266556379366],[-77.1154398939401,38.934380786188285],[-77.11620441377697,38.933148319878704],[-77.11476354644705,38.93360121375019],[-77.11180843512562,38.92808106255313],[-77.10665161621269,38.922558481251386],[-77.10132171862452,38.9193721494408],[-77.1016629781571,38.918074391061495],[-77.0995528300948,38.91437230083904],[-77.09355135019143,38.908718403066814],[-77.08432838712035,38.905267029823506],[-77.08094240120342,38.90474345238746],[-77.07848458233585,38.90571386272526],[-77.07687700288399,38.90512758369967],[-77.07602287893717,38.908371802152324],[-77.07415898920225,38.90875875226355],[-77.07390271091585,38.90973201311413],[-77.07533952499836,38.91096717366005],[-77.07669477388151,38.910839161406564],[-77.07592981974166,38.91207138038157],[-77.0771142570805,38.91259220684648],[-77.07592599816792,38.91375895925595],[-77.07567355346202,38.91304464531292],[-77.07313383496333,38.91265179322812],[-77.0749162490525,38.91090170080118],[-77.07339401401337,38.90999095525971],[-77.07331246586004,38.90862779707909],[-77.07458610446095,38.90713664994195],[-77.07594128340045,38.90700864598763],[-77.07645375948834,38.905062116139],[-77.06714259728605,38.90362146440237],[-77.06527878193609,38.904008280778534],[-77.06502647542668,38.903293946066825],[-77.06121750403483,38.9027043220786],[-77.05638691230666,38.904319903637706],[-77.05392011864294,38.90866498078966],[-77.0495977550889,38.91002143681743],[-77.0496021864378,38.90833385964254],[-77.05358239174865,38.908275028707536],[-77.05630568875299,38.90295673529126],[-77.0572376092695,38.90276339807787],[-77.05597225887854,38.90087921421539],[-77.05665194082017,38.89997152811091],[-77.05513446506163,38.89737298463963],[-77.05607059799028,38.89549208173791],[-77.05489089705475,38.89328348129144],[-77.05361709755279,38.89477442344689],[-77.05159118648375,38.89243469663716],[-77.04414117786321,38.89229328325748],[-77.04430770209086,38.8933320586152],[-77.03465157443048,38.89487413852229],[-77.03244543098975,38.896558030662106],[-77.02550381215711,38.89615672344118],[-77.02490940830458,38.89673985243432],[-77.02398250311784,38.89524537310894],[-77.01662312056098,38.8930903477292],[-77.01543421122098,38.89425651728973],[-77.0165270644844,38.896789873423465],[-77.01466315543621,38.89717592848874],[-77.01448655726796,38.899512259557],[-77.01338846470121,38.898666457868],[-77.01322764235368,38.89594006725942],[-77.01374171603847,38.89399379979562],[-77.01526809656394,38.89321770307253],[-77.0137469769399,38.89230622746897],[-77.012210006434,38.89645745058122],[-77.01321709572142,38.89931521376705],[-77.01245118905459,38.90054703901632],[-77.00948373346847,38.90177477040156],[-77.01007295534184,38.902879289071464],[-77.00736251554589,38.903133842058025],[-77.00617329403916,38.90429992427694],[-77.00684820691866,38.90508008532035],[-77.00540176078077,38.90721928159063],[-77.00683736336606,38.90845523521865],[-77.00853555236644,38.90703047219737],[-77.01141222127214,38.90781471483407],[-77.01124081316837,38.90846346876187],[-77.0148835377623,38.908015811855655],[-77.01530151699109,38.90976906539842],[-77.02029448874865,38.91088146955776],[-77.0241942269421,38.909460388985366],[-77.02732311869327,38.91095868108609],[-77.02689492851151,38.91258062119721],[-77.02892060654122,38.91492075758668],[-77.0281548013711,38.916152682325894],[-77.02578154478633,38.91679766018193],[-77.02527762290802,38.915368827298366],[-77.02341328478836,38.91575501485345],[-77.02450673818362,38.91828830766093],[-77.02297993068267,38.919064520646316],[-77.0238214554319,38.92088339824325],[-77.02255159611842,38.92068644749288],[-77.02153876297395,38.919516330429126],[-77.02247098761684,38.91932325414833],[-77.02180085146317,38.916855598710356],[-77.02265243391109,38.91529932802908],[-77.01850561103609,38.9143183534034],[-77.0180018490443,38.91288949142236],[-77.01495352363396,38.91275416057994],[-77.0147873736465,38.91171534325906],[-77.01300877465685,38.911776994646786],[-77.01300349524524,38.9134645711469],[-77.01537153173949,38.914507414971744],[-77.0146911997616,38.91541487637727],[-77.01646988616316,38.915353200825976],[-77.01866667153942,38.91704474362948],[-77.0192510210992,38.919836799027976],[-77.01822277587706,38.923729391050045],[-77.02075238259361,38.92749852794291],[-77.01812159871287,38.92911651299329],[-77.0178748355549,38.92671449996317],[-77.01558685142635,38.92703490127486],[-77.0150025845906,38.924242825918746],[-77.01212522810188,38.923458664877096],[-77.01348608933348,38.92164376465827],[-77.01763326170982,38.922624908098676],[-77.01831878134718,38.920029851115295],[-77.01561295165918,38.91859700680763],[-77.01688794568794,38.917106450705965],[-77.0145198029786,38.91606363548278],[-77.01434840314215,38.91671239440704],[-77.01172317616816,38.91664266374114],[-77.01088200254978,38.91482370508287],[-77.01123549303591,38.91015104445661],[-77.00564804657233,38.909621313200674],[-77.00497310446998,38.908841145166015],[-77.00437295356461,38.91111175225578],[-77.00217114888176,38.911107533073164],[-77.00114766843603,38.91331240258248],[-77.00019315883875,38.92025562595405],[-76.9976479610477,38.92154880521563],[-76.99595489579771,38.92128584395224],[-76.99807685527746,38.91992696425792],[-76.99835104099085,38.913891129037665],[-76.99987800246687,38.91311521985273],[-77.00166772952892,38.909678605351374],[-77.00293734043902,38.90987576966663],[-77.00454990424409,38.90877543212896],[-77.0049785695909,38.907153570030495],[-77.00278240039076,38.90546178693651],[-77.00312535007765,38.90416430279299],[-77.00177563548634,38.902603936763406],[-77.00338805586891,38.90150361536659],[-76.99838475064982,38.90376567889214],[-76.99601730655753,38.90272251213577],[-76.99161420557928,38.90271373793502],[-76.99228318900543,38.90518155183075],[-76.98913777120302,38.90874509880562],[-76.98778240799003,38.90887215395126],[-76.98650106922068,38.91204998409918],[-76.98565466559208,38.911918430429175],[-76.98447683405959,38.909709155840076],[-76.98744503428404,38.90848202180138],[-76.99109947916665,38.90465991573551],[-76.9900015805826,38.903813906362586],[-76.99085948157979,38.90057028372513],[-76.98755431971246,38.90140736676084],[-76.9877259221486,38.90075864618735],[-76.98459828316543,38.899259356961224],[-76.98383189319637,38.900491005336086],[-76.97934914939538,38.899118580720305],[-76.9801156007126,38.897886960273055],[-76.97740524212841,38.8981408581486],[-76.97707408437567,38.896063126860696],[-76.97148796718274,38.895531857177005],[-76.96826237865356,38.89773164756718],[-76.96815122511069,38.90480628212629],[-76.96484561019814,38.90564276018151],[-76.96381465807558,38.90953489316703],[-76.96228738761029,38.91031035782272],[-76.9655009542428,38.911485866644355],[-76.96929073151394,38.91714115642471],[-76.97522199435643,38.9163751175967],[-76.97640578086443,38.916896906072466],[-76.97657751909384,38.91624819963034],[-76.98030065967542,38.91716478073561],[-76.98098143644255,38.916257507867485],[-76.98258848882291,38.91684503085944],[-76.98055218314185,38.917879288880314],[-76.97852189853845,38.91722593746963],[-76.97699462340263,38.91800158406026],[-76.9716582614049,38.91818483546299],[-76.9718113421001,38.9225988642359],[-76.96986062946787,38.923308597166525],[-76.97113039181549,38.92350608752151],[-76.97053532945333,38.92408895778012],[-76.97197067275737,38.925325317793956],[-76.97095233319139,38.925842364368755],[-76.96833313452642,38.924084137705954],[-76.9688486066006,38.922138049517145],[-76.96732746408239,38.92122600099602],[-76.96775703159337,38.91960426505654],[-76.96564089346548,38.919275049851706],[-76.96581273318473,38.91862635811812],[-76.97106324674449,38.91876770783995],[-76.97123503697082,38.918119008637156],[-76.96564727072985,38.91758747428395],[-76.96709509027713,38.91544873909201],[-76.96540865966125,38.91349778628189],[-76.96405316665943,38.91362458210751],[-76.96397366082219,38.912261352268644],[-76.96076008462555,38.91108580374385],[-76.96101787927788,38.91011277727115],[-76.95738128739978,38.90887127844319],[-76.95406207468447,38.91308261656955],[-76.95328835974976,38.916001652492],[-76.95404878378032,38.91645776485383],[-76.95006805316778,38.916513400587185],[-76.947012894348,38.918063973905646],[-76.94354128726992,38.9178609764427],[-76.94641768345623,38.918646727995615],[-76.94607365536493,38.91994405750285],[-76.9454784215923,38.920526807230345],[-76.94302516924787,38.919806958255045],[-76.94165565340016,38.92330865948758],[-76.94241608086648,38.92376484362749],[-76.94394384505198,38.9229896223759],[-76.94368577669371,38.9239626149923],[-76.94791135719181,38.92630933524236],[-76.94603266441958,38.930069513577116],[-76.94974938030305,38.93267459122919],[-76.95195183376298,38.93267974131287],[-76.95254043292607,38.93378453774272],[-76.95093324922128,38.93319662401085],[-76.94991465021889,38.93371349838033],[-76.94932609146926,38.93260868950069],[-76.94568857550205,38.931366844015564],[-76.9451000998374,38.93026201543854],[-76.94629754960627,38.92740893850728],[-76.94537186765179,38.92591386591896],[-76.94020693052501,38.92544709981221],[-76.93995577678443,38.92473250917329],[-76.9410186664772,38.934016848091204],[-76.94279786915399,38.933956229193036],[-76.94509324527426,38.93194959279458],[-76.94652148975442,38.93487382666839],[-76.94608452702404,38.938183071230725],[-76.94810831933546,38.94052453508151],[-76.94843885268833,38.94260235595093],[-76.94945758652528,38.942085493062606],[-76.95097894097825,38.9429977633753],[-76.95327437665843,38.9409909730579],[-76.95547708193477,38.94099606054912],[-76.95564245246946,38.94203496126611],[-76.95428641117648,38.94216165081684],[-76.95402841308211,38.94313466751473],[-76.95555646006136,38.94235930114458],[-76.95716388335899,38.94294715571495],[-76.95588721430862,38.94443710269591],[-76.95554984672978,38.94404688190109],[-76.95461712827976,38.944239455696696],[-76.95732271000938,38.94567363570519],[-76.95409447189367,38.94787307222549],[-76.95773951915835,38.94742709194012],[-76.95883770048904,38.94827339195128],[-76.95901620273213,38.94593712526624],[-76.96002839833433,38.94710775699213],[-76.96139100011196,38.94529342281831],[-76.9628266061737,38.94652989228439],[-76.96282016098941,38.94821747441817],[-76.96460609644181,38.9464689604451],[-76.96528095474339,38.947249352142],[-76.9675761302185,38.945242295986546],[-76.97173026633068,38.944537395716445],[-76.97147873734663,38.94382286707543],[-76.97334406940597,38.94343745893845],[-76.97556529851894,38.938379446307174],[-76.97463887617823,38.93688458999559],[-76.975485550116,38.937016219303125],[-76.97668192032182,38.93416284650081],[-76.97837521534876,38.9344260713479],[-76.97922793130726,38.932870095368465],[-76.98100707400523,38.93280892837474],[-76.98117279018955,38.933847793837174],[-76.97786600647504,38.934684622291556],[-76.979050109598,38.93520638681563],[-76.97870658470659,38.9365038096958],[-76.97692734979486,38.93656494372017],[-76.9776022483527,38.937345267297005],[-76.97631996417873,38.940523004417706],[-76.98503894752352,38.94255342486689],[-76.99106952864032,38.93808710224679],[-76.99267714422665,38.93867449622957],[-76.99191047604089,38.939906201009954],[-76.98962196320787,38.94022612387319],[-76.98868353869995,38.94210653570527],[-76.9869041752569,38.942167812892926],[-76.98562812855533,38.943658065724534],[-76.9830878292075,38.9432633678064],[-76.98283619316368,38.942548862328074],[-76.98046167496216,38.943192975059105],[-76.97978669155196,38.94241266640405],[-76.97580456164599,38.942469128566415],[-76.97231926148288,38.94564210008528],[-76.96621368354118,38.947056698083365],[-76.9654337098736,38.95166340648886],[-76.96670395478408,38.9518609429464],[-76.96976011247395,38.95030987727484],[-76.970938154269,38.95251930391219],[-76.97025691322072,38.953426526176],[-76.97144126665971,38.95394836471884],[-76.97212249783146,38.95304113588356],[-76.97414754066115,38.95538217973783],[-76.97635068280495,38.95538689657335],[-76.9765225123312,38.95473818675337],[-76.97922891577532,38.9561718910931],[-76.97991007069655,38.95526461920787],[-76.98118041771473,38.95546200754184],[-76.98101465221748,38.95442313892449],[-76.98416244125845,38.9508597758039],[-76.98628548285491,38.949501092345194],[-76.9897587175633,38.94970289396856],[-76.99053132831548,38.94678361722455],[-76.99282004328165,38.94646367728664],[-76.99340937402066,38.947568281792144],[-76.99086310085477,38.94886132667705],[-76.99898282264195,38.953161321265696],[-76.9994864899991,38.95459026841085],[-76.99618464709684,38.953740002050125],[-76.99568105043488,38.952311041676126],[-76.99255103278638,38.95081194267437],[-76.9859420194593,38.950798537868565],[-76.98219909898076,38.954944874840926],[-76.98372113241795,38.95585674520393],[-76.98812744691864,38.95586579973919],[-76.9908341208301,38.95729925114651],[-76.98202731955413,38.95559359254117],[-76.9793946597695,38.95721076235893],[-76.97609293277328,38.95635996097117],[-76.97566333407367,38.95798173408238],[-76.97481641595554,38.95785010559578],[-76.98038922309144,38.9634439886043],[-76.98045097824294,38.96986998134211],[-76.98137793984384,38.97136480134374],[-76.98307211741236,38.971627963480145],[-76.98484626769532,38.973254330393765],[-76.99121128727407,38.97086571243024],[-76.98509802964355,38.9739688349843],[-76.98340379025561,38.97370570041388],[-76.985006197608,38.97598078687043],[-76.98246477335937,38.97558607434379],[-76.98153773566771,38.974091261514246],[-76.98272849230456,38.97292540430721],[-76.97765201300624,38.97044824554502],[-76.97960391312746,38.969738385305966],[-76.97791588927272,38.967787587784876],[-76.97937041001677,38.96396110708475],[-76.97869524571334,38.963180790160656],[-76.97437442311187,38.9628470467888],[-76.97438060170943,38.96115946050515],[-76.97539941101824,38.960642383209006],[-76.97404305748815,38.96076928907633],[-76.97403687109771,38.962456875246716],[-76.97157567967035,38.96342517333042],[-76.97291344903657,38.96836105587228],[-76.97223831314541,38.96758070330789],[-76.96918778258359,38.967444246340484],[-76.97045204300423,38.96932933251487],[-76.96731547040875,38.96951718089944],[-76.96595256279649,38.97133158653568],[-76.9659461879019,38.97301917493696],[-76.96942048853536,38.973221546682595],[-76.96848111659371,38.97510181464609],[-76.9666149471725,38.975487151428844],[-76.96711813345375,38.97691623460542],[-76.96583469417901,38.980093881620085],[-76.96668185492746,38.98022557185153],[-76.96667549616696,38.98191316255964],[-76.9659875518498,38.98450795671423],[-76.96505434239094,38.984700610137295],[-76.96632516299505,38.98489815144583],[-76.96572317877514,38.987168595825636],[-76.96919815439983,38.98737097424154],[-76.96843057568157,38.98860254268305],[-76.97138976469887,38.99075096502912],[-76.97359397762601,38.99075573085256],[-76.97487109677634,38.98926559143589],[-76.97724716801474,38.988621581322334],[-76.97495089093508,38.99062882931713],[-76.97834010895095,38.991155307496605],[-76.97774455106982,38.99173821807355],[-76.97181341175816,38.99081679201569],[-76.97121780436052,38.991399671245375],[-76.97612974317833,38.99283821998376],[-76.97671919614858,38.99394291140449],[-76.97011254817667,38.99224106896928],[-76.97028452035791,38.99159236419919],[-76.96672969764381,38.99002677279133],[-76.96198370374287,38.98962675228228],[-76.96055376315016,38.98670267308354],[-76.96335992565248,38.98443720149448],[-76.95979908301189,38.984559004551144],[-76.95878637014557,38.983388364480426],[-76.96014317188116,38.98326162496511],[-76.96151292637717,38.979759689543414],[-76.96516591903506,38.977625899204675],[-76.96339853642154,38.974311660867336],[-76.96357695611933,38.97197537874095],[-76.96605128796428,38.9676320627171],[-76.96825480038528,38.96763692333],[-76.96759239382601,38.963481372049316],[-76.97141628041015,38.96069870465942],[-76.97236161572431,38.957130833301434],[-76.97371790439023,38.95700394588282],[-76.97388976119585,38.95635523955766],[-76.9698272018148,38.95504827838838],[-76.9693241135081,38.9536192108101],[-76.96763040477232,38.95335586168124],[-76.9673725453684,38.95432890767314],[-76.96550690261095,38.954714226608765],[-76.96627417346745,38.95348268248602],[-76.96610862520163,38.95244379426139],[-76.96483197268361,38.95393383530789],[-76.96143810750411,38.95509457498318],[-76.96077620418495,38.950938994919845],[-76.95908258873581,38.95067552919759],[-76.9584937537258,38.949570761200945],[-76.95306234690783,38.951765138153156],[-76.95314169155706,38.95312838237638],[-76.94975442632628,38.95260121920752],[-76.94831892258023,38.95136459740218],[-76.94951659330219,38.948511480996416],[-76.94867660586605,38.94669209279519],[-76.94663898371596,38.9477257980861],[-76.9451175848466,38.946813473937105],[-76.94537571506895,38.94584047527194],[-76.94427085192052,38.94668163716019],[-76.941056074628,38.945505572484684],[-76.94130731083027,38.94622016294702],[-76.93961387564752,38.94595643162345],[-76.93629900461988,38.9484797341447],[-76.93916953873376,38.95095323849716],[-76.93746193441548,38.95406464173619],[-76.93525883500402,38.95405923432218],[-76.93500054041388,38.955032213073096],[-76.93423983279799,38.95457598147414],[-76.93313470839293,38.9554170452237],[-76.93152720384344,38.954828878245905],[-76.9308382626333,38.95742346692581],[-76.92922350735329,38.95852285280259],[-76.92761596582143,38.95793463488323],[-76.92666842687589,38.96150216532644],[-76.92531197254557,38.96162853847811],[-76.93056550897622,38.96177160384505],[-76.93360860534723,38.963596594461706],[-76.93377371508623,38.96463552767988],[-76.93589102776987,38.964965288765605],[-76.9370823661235,38.96379987127159],[-76.93835274583931,38.96399769835726],[-76.93724048601554,38.96652638511729],[-76.9394439629447,38.9665317573479],[-76.94468414603514,38.97004939705794],[-76.95189049172473,38.96948221808816],[-76.95162565787146,38.972142821076595],[-76.94976622529822,38.97084031679348],[-76.94620602520385,38.97096172960636],[-76.9467087794296,38.97239089452955],[-76.94551745460191,38.97355640593251],[-76.94375106560206,38.970241889876895],[-76.93917868482994,38.96919233258101],[-76.9366448005593,38.967109096262696],[-76.93308476113376,38.967230132555926],[-76.9340249458227,38.96535013486457],[-76.93334312462217,38.96625715605902],[-76.93309189744915,38.965542547398165],[-76.93173537897502,38.965668990848435],[-76.93140521771129,38.963591118610864],[-76.92903678830784,38.96254666449255],[-76.92707731279496,38.96494331271113],[-76.92732120888593,38.967345518336856],[-76.92656042071458,38.966889238831364],[-76.92630196430956,38.967862201294174],[-76.92376114241485,38.96746628713802],[-76.92360352541495,38.9647397557646],[-76.92216083723454,38.9651904132422],[-76.92257691101639,38.966943992457075],[-76.92164381195289,38.96713631895023],[-76.92078204171153,38.97037949159084],[-76.9188220834747,38.97277601222242],[-76.92135565483063,38.97485961421437],[-76.9198265611531,38.97563456289217],[-76.92346584837404,38.97687717472783],[-76.92787342731576,38.976888369282136],[-76.92811738972162,38.979290577640704],[-76.92855541629108,38.975981376702705],[-76.93077356072347,38.97261172913368],[-76.93153443512965,38.97306798319639],[-76.93179284006904,38.97209500908121],[-76.93365910676222,38.97171019616399],[-76.93466415250057,38.97456862624411],[-76.93363773446887,38.97677295766924],[-76.93516670497696,38.9759978386924],[-76.93744954565271,38.97736650686508],[-76.93940202331751,38.97665727831771],[-76.94015602064574,38.978801068236734],[-76.94354443586073,38.97932849549622],[-76.94447075974784,38.980823593211205],[-76.94769395164353,38.98031198576037],[-76.95014928997337,38.98103174857527],[-76.946416433159,38.98180184343292],[-76.94387501515409,38.98140634031739],[-76.94286260234571,38.98023557089619],[-76.9410822682016,38.98029619112178],[-76.93871315622536,38.97925191910988],[-76.93854794280547,38.97821299019462],[-76.93566927719303,38.97742704941402],[-76.93422641222057,38.97787784802934],[-76.9355760742069,38.97943896550285],[-76.93429832296215,38.98092869822828],[-76.93235283581869,38.979950258169985],[-76.93133345042152,38.9804669834349],[-76.9276076884162,38.979548923894136],[-76.92793781364566,38.981626811206276],[-76.92700454047609,38.98181917843648],[-76.92717687229921,38.98117053450041],[-76.92167817832517,38.9786251040439],[-76.92319258127806,38.98122530802117],[-76.92200813004942,38.98070300683221],[-76.9206513097147,38.98082932939599],[-76.9247932713719,38.98350117409954],[-76.93089552318743,38.98377619643644],[-76.9302134903244,38.98468320295251],[-76.93266880320826,38.98540331206759],[-76.93266165513222,38.98709090226552],[-76.93452119677535,38.988393666045766],[-76.93561264631697,38.990927768092845],[-76.93628760597939,38.99170832264632],[-76.93806822336114,38.991647771091955],[-76.93865708874493,38.992752642961676],[-76.94831466527953,38.99459320531819],[-76.95145908088242,38.992718243316915],[-76.95653622209754,38.99519648193933],[-76.95525862332636,38.996686434059306],[-76.95272332111541,38.99460351735695],[-76.94967169420545,38.99446658005889],[-76.94898979521477,38.99537369124219],[-76.9401793672285,38.99366505258912],[-76.93746530153146,38.99391808069846],[-76.93576369315343,38.99534188758511],[-76.93839168624831,38.995413227156334],[-76.93879431012864,39.000541947752914],[-76.9350603320521,39.00131170340349],[-76.94082656296943,39.00119595748946],[-76.9391108498246,39.005995002795764],[-76.94207681217979,39.00645653362161],[-76.9459832007489,39.00503789383536],[-76.94971050005094,39.00595540534945],[-76.9538682762839,39.00525109686978],[-76.95038575041438,39.00673588508956],[-76.945638756337,39.00633523858362],[-76.94224214014656,39.00749546242528],[-76.94105712441626,39.006973340896614],[-76.9391038491774,39.00768259883359],[-76.93867312272259,39.009304256489415],[-76.94079175781835,39.00963393623615],[-76.94103625668363,39.012036131513874],[-76.94627295992028,39.0172413278957],[-76.94668308677468,39.02068244047805],[-76.94838507424197,39.01925847810922],[-76.94897431990249,39.02036330592361],[-76.95262303158033,39.01991747106978],[-76.95356339228826,39.01803730989757],[-76.95602006226194,39.01875696087936],[-76.95329844282745,39.02069793674196],[-76.95168933238723,39.020110025088734],[-76.94862985626543,39.02166066220662],[-76.94702076226663,39.02107268996352],[-76.94904689131947,39.023414168121555],[-76.94870241452671,39.024711525261736],[-76.94573566564358,39.024250151335664],[-76.94497416667849,39.02379398065822],[-76.94532556349668,39.020809033596976],[-76.9438026523211,39.019896683097734],[-76.94424020978575,39.016587405621976],[-76.94187680762366,39.01385558955519],[-76.94059858082649,39.015345395233],[-76.93949959906554,39.01449892510223],[-76.93687091530647,39.014427608761046],[-76.93472374614771,39.02084825667305],[-76.93557132523154,39.02098016011325],[-76.93531279715216,39.02195314959365],[-76.93309335810825,39.02532290459519],[-76.93173572456864,39.02544934924332],[-76.92977464311647,39.02784606374899],[-76.93103174158573,39.03141917149489],[-76.93025584302433,39.03433811553227],[-76.93152743650207,39.03453601471375],[-76.93092395483558,39.03680630842206],[-76.93286379544803,39.03947238442075],[-76.93200883718673,39.041028067064396],[-76.93310098929071,39.04356221302487],[-76.9310460480848,39.047970891564006],[-76.9291778099462,39.04835566991449],[-76.92953720049202,39.04368314907373],[-76.93166397293344,39.042325380781165],[-76.93014078253596,39.04141285943467],[-76.92998276601858,39.03868630400161],[-76.92754022472472,39.034590928326026],[-76.92889803623487,39.034464529349954],[-76.92924291255333,39.03316722505201],[-76.92754749632581,39.032903325460296],[-76.92586671322977,39.02926419879478],[-76.92603916763419,39.028615551507514],[-76.92875456801819,39.02836277179145],[-76.92893423325991,39.02602651959711],[-76.9280003929423,39.02621889568309],[-76.92767006350866,39.0241409937589],[-76.93047869470007,39.0218762521861],[-76.93057209307614,39.019864326397894],[-76.93438613768303,39.020457973765886],[-76.9345584952259,39.01980931560107],[-76.93218818985005,39.01876491250804],[-76.93270530002519,39.016818947198516],[-76.9338904162082,39.01734114927606],[-76.93457270945514,39.01643411785182],[-76.9356067414096,39.01254216732497],[-76.93407700740913,39.01331729616269],[-76.93468019578889,39.01104699599592],[-76.93146272893414,39.009870671260764],[-76.93325806820246,39.0064349966357],[-76.93386122507427,39.004164702968495],[-76.93302098658127,39.00234519351261],[-76.93327947563189,39.00137221189965],[-76.93412682518678,39.001504124782144],[-76.9354191124141,38.996639201974546],[-76.93338703547113,38.995985104190154],[-76.93337990301575,38.997672697213495],[-76.9323602765905,38.99818943233412],[-76.93330801423664,38.99462183857893],[-76.93220943032694,38.99377530673174],[-76.93424854711762,38.992741831353754],[-76.93476541723946,38.99079586557192],[-76.93391819123381,38.99066395727084],[-76.93417662678796,38.98969097557794],[-76.92866980322952,38.98883344233017],[-76.92935189423712,38.987926443716226],[-76.92765753175105,38.98766254755196],[-76.92724121705821,38.98590897988441],[-76.92546073111433,38.98596937607085],[-76.92504447904881,38.98421580149304],[-76.9241973472824,38.98408382697643],[-76.92444121245146,38.98648604520082],[-76.92131119335045,38.98498514161376],[-76.92215093855938,38.98680472535562],[-76.92375907373511,38.98739301662538],[-76.92357933772277,38.98972924679147],[-76.92452005872299,38.98784931472243],[-76.92570464431327,38.98837159251125],[-76.92544610015639,38.98934455636168],[-76.92756409411936,38.98967446077539],[-76.92475661526576,38.99193912471549],[-76.92464842235599,38.997326221491335],[-76.92057703090951,38.99770523224707],[-76.92430363401202,38.99862350542282],[-76.92480614911699,39.000052765132985],[-76.92353517665163,38.99985479826007],[-76.92234303085415,39.001020092097136],[-76.92065581693,38.99906850661288],[-76.92022473026137,39.000690098003055],[-76.91827142067295,39.00139902745958],[-76.91929865172746,38.999194814751036],[-76.91802770923987,38.998996791518984],[-76.91820016178792,38.99834815831845],[-76.92006717381683,38.99796354826861],[-76.92109430195998,38.995759321899094],[-76.92024704295086,38.99562732018372],[-76.92041203457399,38.99666627624005],[-76.91879625074687,38.997765532943355],[-76.91565831929356,38.99795207640946],[-76.91777651945023,38.99828214827955],[-76.917517834044,38.99925509712257],[-76.91403485358609,39.00073886415343],[-76.91334485371726,39.00333337375437],[-76.91656173841525,39.004510166747444],[-76.91570684244658,39.006065728141714],[-76.91281210048878,39.008654443194935],[-76.90984623434889,39.00819221309933],[-76.90542897941893,39.00986797283176],[-76.90415007628705,39.01135740221802],[-76.90583713238179,39.013309215855486],[-76.90447967575385,39.01343536227266],[-76.90557823382764,39.014282142158365],[-76.90394619995267,39.01875640235836],[-76.90580603676834,39.02005960287547],[-76.90503703976725,39.02129078545104],[-76.90622203010903,39.021813251966265],[-76.90585347544811,39.028173287600715],[-76.91000526831353,39.02915804563784],[-76.9104214149667,39.030911683317875],[-76.90779216656841,39.03083975116985],[-76.9081374022047,39.029542506303926],[-76.90517071388724,39.029080162939124],[-76.90491175026962,39.03005309039072],[-76.90304383424605,39.030437474505575],[-76.90371881099915,39.031218211111444],[-76.90269850349648,39.03173470540547],[-76.90337348858296,39.03251544405885],[-76.90251798125183,39.03407092179551],[-76.90276914470745,39.034785600090494],[-76.90455084474439,39.03472552893721],[-76.90353049393867,39.03524203037284],[-76.90429185272781,39.03569845602343],[-76.90343632759264,39.03725394092568],[-76.90495909567954,39.03816678906181],[-76.90564194520084,39.03725991349341],[-76.91064199065232,39.03837675408634],[-76.90995919300514,39.03928365731568],[-76.90699209565888,39.038821356702584],[-76.90630924831319,39.039728239935556],[-76.90309097147208,39.03855117441554],[-76.90359334553666,39.03998052935707],[-76.90163881830861,39.04068920170651],[-76.90094799696797,39.04328365954329],[-76.90230601699335,39.043157551103675],[-76.90196061266352,39.04445478276393],[-76.90331865280672,39.04432866322793],[-76.90508499834621,39.04764379415464],[-76.9080447179625,39.049793747116595],[-76.90736178068772,39.05070063785499],[-76.90516354798143,39.04900708963354],[-76.90430788488312,39.050562584104775],[-76.90599585502179,39.05251440849912],[-76.90497526480671,39.05303092338953],[-76.90700868061172,39.053685492446505],[-76.90682824237483,39.05602172394295]],[[-76.8689767037462,39.02410890939267],[-76.87033442108797,39.023983150908954],[-76.86906317890463,39.0237846256071],[-76.8689767037462,39.02410890939267]],[[-76.9022041809394,39.010378484926804],[-76.90254156993166,39.01076885466456],[-76.90262787958983,39.01044454823573],[-76.9022041809394,39.010378484926804]],[[-76.90254156993166,39.01076885466456],[-76.90287896254526,39.011159223510155],[-76.90296527116239,39.010834916826255],[-76.90254156993166,39.01076885466456]],[[-76.9261164831194,38.95195933065564],[-76.92645372957752,38.952349631920356],[-76.9265398634458,38.9520253117725],[-76.9261164831194,38.95195933065564]],[[-76.93692118854977,38.92122010939264],[-76.93743044859382,38.92096172704454],[-76.93700723898749,38.920895783378526],[-76.93692118854977,38.92122010939264]],[[-76.91008041979279,38.91939891629419],[-76.9105897623061,38.91914064424511],[-76.91016658760171,38.91907460899684],[-76.91008041979279,38.91939891629419]],[[-76.90244769070353,38.92158517418898],[-76.90211071536966,38.92119480934388],[-76.90202450917921,38.92151911113396],[-76.90244769070353,38.92158517418898]],[[-76.86734316232477,38.94582477719467],[-76.86954600696713,38.9458313906358],[-76.86971876549171,38.94518283003407],[-76.8675159404571,38.94517621966148],[-76.86734316232477,38.94582477719467]],[[-76.86971876549171,38.94518283003407],[-76.87031480705774,38.94460044216571],[-76.86989152093838,38.94453426925112],[-76.86971876549171,38.94518283003407]],[[-76.87124775275333,38.944408502310935],[-76.8725176149238,38.944607002836314],[-76.87269034407164,38.94395843820857],[-76.8718437757494,38.94382610715967],[-76.87124775275333,38.944408502310935]],[[-76.90171897149503,38.9143784581562],[-76.9010450989343,38.913597724356684],[-76.9009588969909,38.913922025079266],[-76.90171897149503,38.9143784581562]],[[-76.90300404964871,38.911201504441514],[-76.90249473575633,38.91145974506155],[-76.90291785926317,38.9115258064241],[-76.90300404964871,38.911201504441514]],[[-76.92593985295201,38.914442340469655],[-76.92644910455918,38.91418400345224],[-76.92602594428003,38.914118022369266],[-76.92593985295201,38.914442340469655]],[[-76.94462148829945,38.90215600282364],[-76.94487260997086,38.9028705818929],[-76.94504459592724,38.90222192034255],[-76.94462148829945,38.90215600282364]],[[-76.95234355598144,38.897955248647335],[-76.95285259869041,38.897696803750385],[-76.95242951028008,38.897630912916945],[-76.95234355598144,38.897955248647335]],[[-76.99962246803673,38.86242237054718],[-76.99928524596167,38.86203227283729],[-76.99919954215527,38.862356639621474],[-76.99962246803673,38.86242237054718]],[[-77.01143748491879,38.84602341486367],[-77.01279163842395,38.84589610210373],[-77.01152311507342,38.84569904021431],[-77.01143748491879,38.84602341486367]],[[-77.07032496738167,38.846378105702804],[-77.06998744129129,38.845988201224635],[-77.06990207094604,38.84631261623524],[-77.07032496738167,38.846378105702804]],[[-77.04436687289382,38.871393631647784],[-77.04334980085487,38.87191126901547],[-77.04377282195946,38.871976849313604],[-77.04436687289382,38.871393631647784]],[[-77.05620741687635,38.87491680705989],[-77.05654500322179,38.87530675037257],[-77.0566304669943,38.87498234349103],[-77.05620741687635,38.87491680705989]],[[-77.23064190264057,38.98078765537188],[-77.23242180339568,38.98241047953439],[-77.23394770216112,38.98163168262358],[-77.23420224733647,38.97897048505292],[-77.23064190264057,38.98078765537188]],[[-77.23462606192493,38.979035414678165],[-77.23589751022796,38.979230194873836],[-77.23598229635178,38.97890566031383],[-77.23462606192493,38.979035414678165]],[[-77.01775514480902,38.910487483349414],[-77.01809269013128,38.91087753310599],[-77.01817836689125,38.91055315132759],[-77.01775514480902,38.910487483349414]],[[-77.00003278277535,38.91752921062498],[-76.9996953033507,38.91713911136907],[-76.9996095365243,38.9174634806504],[-77.00003278277535,38.91752921062498]],[[-77.00373097613499,38.90020613020499],[-77.00337705252737,38.90487876340737],[-77.00422340635008,38.90501019597799],[-77.00524121847292,38.90449287765633],[-77.00448059891616,38.90403708000618],[-77.00473778461085,38.90306396362229],[-77.00558411980349,38.90319538687336],[-77.00644131969119,38.89995165670869],[-77.00576645868094,38.89917149396145],[-77.00373097613499,38.90020613020499]],[[-76.98502141010444,38.89932513801661],[-76.98553034642637,38.89906655890791],[-76.98510722052968,38.899000779591816],[-76.98502141010444,38.89932513801661]],[[-76.98679972870104,38.899263888194646],[-77.00247257661903,38.89663382839541],[-77.0067841782725,38.89865416335819],[-77.01059783098627,38.8975578860077],[-77.00984260189061,38.895414548806464],[-77.01171710740903,38.89165342174575],[-77.01156167423338,38.887239460189285],[-77.01038345616168,38.88503043868103],[-77.00776477325371,38.88327305417971],[-77.00844489139284,38.882365634475825],[-77.00768448277026,38.881909857741064],[-77.00861626299856,38.88171688653877],[-77.00599774178937,38.87995946541075],[-77.00964442855505,38.87782439501001],[-77.01143282834042,38.87438765473782],[-77.0120377557572,38.87042945608946],[-77.01305502946265,38.86991207582298],[-77.01288900420562,38.868873261484694],[-77.01187174382159,38.869390640325165],[-77.01094545381758,38.86789606849859],[-77.00950522333633,38.86834773552948],[-77.00949986594344,38.870035302776444],[-77.00712253349104,38.872367487484944],[-77.00609974693377,38.874572387203465],[-77.00736875821642,38.87476950527661],[-77.00719739184262,38.87541825094639],[-77.00592836972639,38.87522113110321],[-77.00337934688342,38.87820198933547],[-77.0024531190558,38.87670735247322],[-76.99745712440529,38.87728180284345],[-76.99729130471098,38.876242966713725],[-76.99027766157775,38.87278891835319],[-76.9902718586029,38.874476485619326],[-76.98756240610106,38.87473060482107],[-76.98196585681431,38.87757494383407],[-76.97976506680446,38.877570326780365],[-76.97950763760899,38.87854338824571],[-76.97671217275656,38.87912162409306],[-76.9758600320487,38.880677571973365],[-76.97238390805249,38.88216295106779],[-76.97186881319608,38.88410904398977],[-76.97330339156468,38.88534538222031],[-76.97066681819048,38.88864992095084],[-76.97159878258634,38.888457227898115],[-76.97294758877356,38.890017919600936],[-76.97235281445825,38.89060079605632],[-76.97040922833952,38.88962296482768],[-76.97023749794984,38.89027166051325],[-76.97302723824649,38.89138113980941],[-76.97150044639095,38.89215671615012],[-76.97539398457268,38.89242474405826],[-76.97614816917135,38.894568290185596],[-76.97674294551123,38.89398539523131],[-76.97784054200889,38.89483152095404],[-76.97758302611581,38.895804580485425],[-76.97902399721404,38.89535328298388],[-76.98054474593648,38.89626518496359],[-76.9802014312859,38.89756260530341],[-76.98274610074228,38.89626978817757],[-76.98400947682099,38.89815471776743],[-76.98679972870104,38.899263888194646]],[[-77.01111730827294,38.89392405649813],[-77.01145474131678,38.894314123498624],[-77.01154042815304,38.8939897469946],[-77.01111730827294,38.89392405649813]],[[-76.94801550732242,38.94253644965885],[-76.94784345260273,38.94318511883985],[-76.94665262383673,38.94435063618713],[-76.94818077488316,38.943575360544976],[-76.94801550732242,38.94253644965885]],[[-76.94665262383673,38.94435063618713],[-76.9461432329223,38.944609057236576],[-76.94656658864503,38.944674969937736],[-76.94665262383673,38.94435063618713]],[[-76.9536050595619,38.943068780294105],[-76.95266566823268,38.944948920256465],[-76.9539357613404,38.94514658725587],[-76.95436576827947,38.94352489239719],[-76.9536050595619,38.943068780294105]],[[-76.9623967699568,38.94815161715581],[-76.9609546507552,38.94860272455968],[-76.96171546334232,38.94905879194697],[-76.9623967699568,38.94815161715581]],[[-76.96044528086215,38.94886120449207],[-76.96018734134272,38.949834234920445],[-76.96061074016231,38.94990009973925],[-76.96129206841618,38.948992930906456],[-76.96044528086215,38.94886120449207]],[[-76.97541172002707,38.957267212042325],[-76.97507418832751,38.95687704363989],[-76.97498826496926,38.9572013976694],[-76.97541172002707,38.957267212042325]],[[-76.9457990772575,38.945906390603966],[-76.94597115662307,38.94525772400986],[-76.9464805526868,38.944999303643414],[-76.94563383839174,38.9448674762036],[-76.9457990772575,38.945906390603966]],[[-76.92073750315328,38.9805050119104],[-76.92040015687087,38.98011469348163],[-76.92031396239113,38.98043901071363],[-76.92073750315328,38.9805050119104]],[[-76.93576369315343,38.99534188758511],[-76.93525390654943,38.9956002658819],[-76.93567754912067,38.99566621624731],[-76.93576369315343,38.99534188758511]],[[-76.92131119335045,38.98498514161376],[-76.92055025843881,38.98452882404509],[-76.92046405939928,38.98485314160046],[-76.92131119335045,38.98498514161376]],[[-76.92315574068844,38.98966325519923],[-76.92281096204321,38.99096053342663],[-76.92196375580002,38.99082854352743],[-76.92127413266356,38.99342309313574],[-76.92383055497957,38.99044387732933],[-76.92315574068844,38.98966325519923]],[[-76.9044011773495,39.01207207451987],[-76.90364006517154,39.011615651330935],[-76.90355375863662,39.01193995852499],[-76.9044011773495,39.01207207451987]],[[-76.90447967575385,39.01343536227266],[-76.90414226399167,39.01304499763259],[-76.90405595799987,39.013369305251054],[-76.90447967575385,39.01343536227266]],[[-76.90553933285113,39.02272012837005],[-76.90502924698626,39.02297838367065],[-76.90545302160767,39.02304443747501],[-76.90553933285113,39.02272012837005]],[[-76.90497526480671,39.05303092338953],[-76.90446496426077,39.0532891777081],[-76.9048889150599,39.05335523377957],[-76.90497526480671,39.05303092338953]],[[-76.8803038004145,39.06607336719544],[-76.87979332065888,39.06633152075987],[-76.88021732509486,39.066397661176545],[-76.8803038004145,39.06607336719544]],[[-76.94659696142189,39.02100677804037],[-76.94566323229218,39.02119928678211],[-76.94651083530093,39.02133111556034],[-76.94659696142189,39.02100677804037]],[[-76.94077783349687,39.013009130943566],[-76.94026794088192,39.01326753056184],[-76.94069169089819,39.013333464001505],[-76.94077783349687,39.013009130943566]],[[-76.9351971844324,39.00910102275721],[-76.93468729938881,39.00935939929368],[-76.93511102157937,39.00942535173728],[-76.9351971844324,39.00910102275721]],[[-76.92261642307426,38.996671947325744],[-76.923126262064,38.99641362088669],[-76.92270262652202,38.99634762767919],[-76.92261642307426,38.996671947325744]],[[-76.92270262652202,38.99634762767919],[-76.9223651962381,38.9959573136343],[-76.92227899174861,38.99628163302667],[-76.92270262652202,38.99634762767919]],[[-76.92377378255155,38.984017837550844],[-76.92326403271235,38.98427616615152],[-76.92368759848465,38.98434215731928],[-76.92377378255155,38.984017837550844]],[[-76.92258928169606,38.983495541685286],[-76.92207953131066,38.983753865400324],[-76.92250309296846,38.983819860605195],[-76.92258928169606,38.983495541685286]],[[-76.92083111774545,38.97849310666391],[-76.92142702300458,38.97791047044717],[-76.92024263840038,38.97738815267206],[-76.92083111774545,38.97849310666391]],[[-76.91906573332024,38.97517823687158],[-76.91957543433567,38.97491992587165],[-76.9191519271318,38.9748539207651],[-76.91906573332024,38.97517823687158]],[[-76.91923812017511,38.97452960461452],[-76.91721431119349,38.97218765829925],[-76.91594384600988,38.97198961455402],[-76.9160375821628,38.96997771550881],[-76.91501066472915,38.97218189131157],[-76.91704191184867,38.97283628751661],[-76.91830491502874,38.97472190621796],[-76.91923812017511,38.97452960461452]],[[-76.91916684707465,38.97147874867702],[-76.91865716870923,38.97173705786534],[-76.91908065732692,38.97180306462954],[-76.91916684707465,38.97147874867702]],[[-76.92923073233165,38.956835270022374],[-76.9289795780467,38.956120654021326],[-76.9281255157514,38.95767628942629],[-76.92948189154782,38.95754988558909],[-76.93067321114846,38.95638453089692],[-76.92923073233165,38.956835270022374]],[[-76.93017088229878,38.954955304393664],[-76.92966135867422,38.955213658149],[-76.93008476114088,38.955279627199054],[-76.93017088229878,38.954955304393664]],[[-76.9639055728071,38.952438895551936],[-76.96424302406629,38.95282909408634],[-76.96432899013953,38.95250474770512],[-76.9639055728071,38.952438895551936]],[[-76.96432899013953,38.95250474770512],[-76.96483837173646,38.95224625169167],[-76.96441495544676,38.95218040127946],[-76.96432899013953,38.95250474770512]],[[-76.96483837173646,38.95224625169167],[-76.96534774971589,38.951987753596384],[-76.96492433446892,38.951921904925086],[-76.96483837173646,38.95224625169167]],[[-76.96196044918896,38.95146092378072],[-76.96212593602101,38.95249981739314],[-76.96339618654994,38.9526973877425],[-76.9634821562407,38.95237304195427],[-76.96196044918896,38.95146092378072]],[[-76.96196044918896,38.95146092378072],[-76.96162301650641,38.95107071911434],[-76.9615370400704,38.95139506355364],[-76.96196044918896,38.95146092378072]],[[-76.96162301650641,38.95107071911434],[-76.96128558744115,38.950680513552],[-76.96119960996262,38.95100485773933],[-76.96162301650641,38.95107071911434]],[[-76.96128558744115,38.950680513552],[-76.96094816199313,38.950290307093645],[-76.96086218347212,38.950614651029],[-76.96128558744115,38.950680513552]],[[-76.88382370964206,38.93691604637364],[-76.88331414786391,38.937174209095865],[-76.88373740339077,38.93724033613991],[-76.88382370964206,38.93691604637364]],[[-76.93870910676537,38.93939856672337],[-76.93811365500595,38.93998128264598],[-76.93853697654984,38.94004722270779],[-76.93870910676537,38.93939856672337]],[[-77.20809779136106,38.9726053969279],[-77.20411505008356,38.97098159329706],[-77.20987555186763,38.97760373499525],[-77.21199515356123,38.97624118731826],[-77.21191093508519,38.97487810906509],[-77.20902946100198,38.97409851271856],[-77.20809779136106,38.9726053969279]],[[-77.21216493126555,38.97559215112952],[-77.21318224992551,38.975073121846606],[-77.21275847755503,38.97500811903258],[-77.21216493126555,38.97559215112952]],[[-77.16724734492782,38.970381029548236],[-77.16758596880261,38.97077067511476],[-77.16767104966002,38.97044618772081],[-77.16724734492782,38.970381029548236]],[[-77.16767104966002,38.97044618772081],[-77.16945094902232,38.97038231733895],[-77.16775612975876,38.9701217002842],[-77.16767104966002,38.97044618772081]],[[-77.22682786433954,38.97851551678398],[-77.22631923142956,38.97877508852598],[-77.2267430378451,38.97884004506921],[-77.22682786433954,38.97851551678398]],[[-77.2212345240807,38.97462030422082],[-77.22369236550574,38.97533465174721],[-77.22445548179515,38.97410151169187],[-77.22157390410011,38.97332220671787],[-77.2212345240807,38.97462030422082]],[[-77.21903079105894,38.97461993599888],[-77.21979397883973,38.97338682474274],[-77.21809890955694,38.97312689518506],[-77.21742055900296,38.97403547433434],[-77.21903079105894,38.97461993599888]],[[-77.21089569521556,38.97033434124904],[-77.2098784264887,38.97085335141868],[-77.2068273226087,38.97072273693153],[-77.20970791689935,38.973189979432334],[-77.21191160656578,38.973190513209836],[-77.21335329040829,38.97104889307994],[-77.21089569521556,38.97033434124904]],[[-77.13759708325317,38.960753587437694],[-77.13776748815656,38.960104654721704],[-77.13692025342542,38.959974132927705],[-77.13683504772968,38.96029859871926],[-77.13759708325317,38.960753587437694]],[[-77.13692025342542,38.959974132927705],[-77.13658184394727,38.959584404321404],[-77.13649663719926,38.95990886986214],[-77.13692025342542,38.959974132927705]],[[-77.21987882996521,38.97306230147532],[-77.21886209747025,38.97189378993642],[-77.21818376793787,38.97280237308941],[-77.21987882996521,38.97306230147532]],[[-77.13319545228048,38.957374659201015],[-77.13421060637344,38.958543869649816],[-77.13404265007686,38.95750520638035],[-77.13319545228048,38.957374659201015]],[[-77.13319545228048,38.957374659201015],[-77.13285707482974,38.95698492058306],[-77.13277185452182,38.957309383442855],[-77.13319545228048,38.957374659201015]],[[-76.91398276200725,38.91798130151417],[-76.91347343963417,38.91823958745979],[-76.9138966124848,38.918305611415796],[-76.91398276200725,38.91798130151417]],[[-76.91017425022956,38.91738703661445],[-76.90924175332898,38.917579268505385],[-76.91008808445133,38.91771134384437],[-76.91017425022956,38.91738703661445]],[[-76.93574468505304,38.91901036945222],[-76.93557257662174,38.919659019519344],[-76.93692823146134,38.91953253494183],[-76.9370142798738,38.91920820899586],[-76.93574468505304,38.91901036945222]],[[-76.90418723438863,38.91172398185166],[-76.90265144726827,38.91418628291863],[-76.90519029571128,38.91458262637571],[-76.90629512318195,38.913741816317966],[-76.90418723438863,38.91172398185166]],[[-76.92373060485778,38.91612430103453],[-76.92313522354821,38.916706943202875],[-76.92355839625014,38.916772934173466],[-76.92373060485778,38.91612430103453]],[[-76.92754642102409,38.91503057656748],[-76.9286437629979,38.915877140066314],[-76.928815924199,38.91522849994265],[-76.92754642102409,38.91503057656748]],[[-76.93068074951516,38.91484373488632],[-76.92974833931993,38.91503612091772],[-76.93059467805647,38.91516805624915],[-76.93068074951516,38.91484373488632]],[[-76.92797683770576,38.91340897990386],[-76.92653519331428,38.913859685009264],[-76.92771858999662,38.91438193803982],[-76.92797683770576,38.91340897990386]],[[-77.12711839688228,38.94192128697702],[-77.12728885110356,38.94127237040557],[-77.1256800937567,38.94068672146102],[-77.1259331248799,38.94140093617258],[-77.12711839688228,38.94192128697702]],[[-76.95365885924875,38.90795401021384],[-76.95204554509915,38.9090536855935],[-76.94646543517936,38.906833715025954],[-76.9440057567586,38.90780145874905],[-76.94324548598483,38.90734528531832],[-76.9429874637243,38.90831827447237],[-76.94450803187387,38.90923061997815],[-76.94764206722519,38.90904334970174],[-76.94975108203697,38.91106044451173],[-76.95229007748657,38.91145582338573],[-76.9542472845024,38.90905879489261],[-76.95365885924875,38.90795401021384]],[[-76.96255160723105,38.90764975506719],[-76.9615334479205,38.90816672308743],[-76.96195660576,38.908232582938695],[-76.96255160723105,38.90764975506719]],[[-76.95299782804369,38.903798415369],[-76.95426056485921,38.90568364984714],[-76.9569712846938,38.90543025774732],[-76.95859098365861,38.90264294688245],[-76.95766536411332,38.90114797093738],[-76.9538507275053,38.9022426202464],[-76.95299782804369,38.903798415369]],[[-76.95537791863205,38.90146726032152],[-76.95504075277842,38.90107704039245],[-76.95495480603952,38.90140137807511],[-76.95537791863205,38.90146726032152]],[[-76.96266330891373,38.90057512296759],[-76.96419037128095,38.89979965465388],[-76.96343005763909,38.89934360547205],[-76.96266330891373,38.90057512296759]],[[-76.91325787746322,38.89084814035574],[-76.91274874219734,38.89110642242396],[-76.91317175679715,38.891172448623124],[-76.91325787746322,38.89084814035574]],[[-76.96446088609206,38.895451480756186],[-76.96395190025514,38.8957099732443],[-76.96437498792778,38.89577582473696],[-76.96446088609206,38.895451480756186]],[[-77.00288467901379,38.90007469435371],[-77.00237579725668,38.9003333447357],[-77.00279894647886,38.9003990651223],[-77.00288467901379,38.90007469435371]],[[-76.96404421253142,38.893698059279075],[-76.96353523746599,38.89395654999959],[-76.96395831457949,38.89402240289982],[-76.96404421253142,38.893698059279075]],[[-76.97352996942367,38.89281018042007],[-76.97302103421846,38.8930687100582],[-76.97344411474803,38.893134530576226],[-76.97352996942367,38.89281018042007]],[[-77.0651241482665,38.897906804781435],[-77.06192201034325,38.891671157516924],[-77.06107570754152,38.8915401190708],[-77.06165732657874,38.896019539740095],[-77.06385047736424,38.89939785295063],[-77.0651241482665,38.897906804781435]],[[-77.03356772305722,38.88896579760962],[-77.03364850559151,38.89032897841051],[-77.035764109734,38.89065703177066],[-77.03686706651119,38.88981506165515],[-77.03602557493441,38.887996279863714],[-77.033653305154,38.888641406044975],[-77.03501297983097,38.88682627776758],[-77.03400041724701,38.885656267567754],[-77.03213688561506,38.88604258481475],[-77.03290230700239,38.884810640203575],[-77.02985512863917,38.88467567617644],[-77.0305349847519,38.88376813512568],[-77.02799653034043,38.88337436000262],[-77.0287619936991,38.88214244136185],[-77.02157504375272,38.87933893758274],[-77.01801943473191,38.87946240909656],[-77.01809475660124,38.882513168552336],[-77.01986751866838,38.88413901497375],[-77.02011420332775,38.88654101083114],[-77.02442068352754,38.89024830162915],[-77.02873742933421,38.89058029898786],[-77.0297499758326,38.8917503528918],[-77.03356772305722,38.88896579760962]],[[-77.05362143487393,38.89308684941179],[-77.05463872953692,38.89256912641328],[-77.05336928048365,38.892372491968885],[-77.05362143487393,38.89308684941179]],[[-77.04592379023735,38.89054361222956],[-77.04490646193322,38.891061263575104],[-77.0456671988588,38.89151681242272],[-77.04592379023735,38.89054361222956]],[[-77.0505870945341,38.8878896750453],[-77.048723593749,38.88827624176867],[-77.04871914326998,38.88996381462031],[-77.05117243346442,38.890681569421915],[-77.05244621143692,38.889190653147594],[-77.0505870945341,38.8878896750453]],[[-77.05303598277632,38.89029496576735],[-77.05252734743421,38.89055382165622],[-77.05295048503734,38.89061937077416],[-77.05303598277632,38.89029496576735]],[[-77.01030311475044,38.883667243647295],[-77.00979437391548,38.88392592395121],[-77.01021743454487,38.88399161888211],[-77.01030311475044,38.883667243647295]],[[-76.97664470564999,38.87438327409444],[-76.97418652339896,38.875351612591835],[-76.97291759181518,38.875154154739285],[-76.97308306156826,38.876193023311195],[-76.97621560249326,38.876005031547294],[-76.97664470564999,38.87438327409444]],[[-77.06226797866894,38.88868593889264],[-77.05931866628731,38.88316456996849],[-77.05728864336915,38.882512511304604],[-77.05889135167149,38.88478661478322],[-77.05854948628058,38.88608424980585],[-77.06226797866894,38.88868593889264]],[[-77.03324943161303,38.88182550522942],[-77.03274078511127,38.88208427965261],[-77.03316385572352,38.88214989624438],[-77.03324943161303,38.88182550522942]],[[-77.03689068923227,38.88137720324094],[-77.0359589882651,38.88157038699085],[-77.03680513007943,38.881701596752094],[-77.03689068923227,38.88137720324094]],[[-77.02140887556092,38.878300133498826],[-77.02090021162324,38.87855885921728],[-77.02132325110259,38.878624516197725],[-77.02140887556092,38.878300133498826]],[[-77.01786364582915,38.87504846200791],[-77.01752109558073,38.87634598222033],[-77.0187901686332,38.87654298338157],[-77.01955571586393,38.87531112261862],[-77.01786364582915,38.87504846200791]],[[-77.05779720566531,38.882253636134614],[-77.05686981029643,38.880759405476276],[-77.05661339956542,38.88173262715297],[-77.05779720566531,38.882253636134614]],[[-77.03842124737865,38.878913252167315],[-77.03791263957172,38.87917204772374],[-77.03833569793241,38.87923764663844],[-77.03842124737865,38.878913252167315]],[[-77.05382275703863,38.8806250307521],[-77.05331419198954,38.88088388956271],[-77.05373727414823,38.88094943591713],[-77.05382275703863,38.8806250307521]],[[-76.9886773585695,38.87051393152858],[-76.98774566880182,38.87070675257023],[-76.9885915975756,38.8708382912941],[-76.9886773585695,38.87051393152858]],[[-76.99088951302599,38.86714325764204],[-76.98724281135783,38.869277773453824],[-76.98910615208833,38.868892131996446],[-76.98842591891375,38.869799444101965],[-76.98918608072181,38.870255338322885],[-76.99088951302599,38.86714325764204]],[[-77.01820618387957,38.87375094104944],[-77.01761190438778,38.87433403345054],[-77.01803491637907,38.87439970162199],[-77.01820618387957,38.87375094104944]],[[-77.0564552681312,38.87731872773543],[-77.05628005803342,38.87965511238682],[-77.05704074697869,38.88011059079418],[-77.05831422010306,38.87861961614751],[-77.0564552681312,38.87731872773543]],[[-77.04469983701729,38.87347117638475],[-77.04368273834838,38.873988816612474],[-77.04452880603743,38.87411997352446],[-77.04469983701729,38.87347117638475]],[[-77.0432642815666,38.872235666616994],[-77.04267021494458,38.872818879055416],[-77.04309324070599,38.87288446168034],[-77.0432642815666,38.872235666616994]],[[-77.00376059417354,38.86509153644124],[-77.0031662697266,38.86567455897065],[-77.00401216791272,38.865805992350765],[-77.00376059417354,38.86509153644124]],[[-77.00173157204173,38.864438569335306],[-77.0012229350052,38.8646972138644],[-77.00164587629305,38.864762937901574],[-77.00173157204173,38.864438569335306]],[[-77.0423373116599,38.870741329026174],[-77.04360635415169,38.87093807593145],[-77.04547848761636,38.867176449719274],[-77.0425938743585,38.869768138172496],[-77.0423373116599,38.870741329026174]],[[-77.04547848761636,38.867176449719274],[-77.04607248577443,38.86659322420605],[-77.04564949384805,38.86652765179934],[-77.04547848761636,38.867176449719274]],[[-77.04607248577443,38.86659322420605],[-77.04658097682446,38.86633439555055],[-77.04615798594276,38.86626882488159],[-77.04607248577443,38.86659322420605]],[[-77.04743143983464,38.8647779645097],[-77.04692296266361,38.86503679660821],[-77.04734594708327,38.865102364656465],[-77.04743143983464,38.8647779645097]],[[-77.04819637938192,38.86354592858809],[-77.04768791352257,38.86380476378864],[-77.04811089148035,38.86387032921636],[-77.04819637938192,38.86354592858809]],[[-77.05302445035983,38.861930674232184],[-77.05251601291465,38.86218952919604],[-77.05293898584141,38.86225507813053],[-77.05302445035983,38.861930674232184]],[[-77.0087076672848,38.853028249761294],[-77.00989601182162,38.851862150421724],[-77.00862739248123,38.85166505875067],[-77.0087076672848,38.853028249761294]],[[-77.01193005699065,38.85082741894019],[-77.01125027648058,38.85173485442867],[-77.01167315160039,38.851800544143146],[-77.01193005699065,38.85082741894019]],[[-77.01896316191743,38.847529976625985],[-77.01566594079785,38.8466802402761],[-77.01582674566446,38.84940661180963],[-77.01421566535807,38.8505070881299],[-77.01776470378803,38.85207129030101],[-77.01896316191743,38.847529976625985]],[[-77.01430653320372,38.848495147774834],[-77.01464900980002,38.84719764060594],[-77.01346608143879,38.846676221679985],[-77.01354644122861,38.84803940879672],[-77.01430653320372,38.848495147774834]],[[-77.01448301355866,38.846158831090364],[-77.01355170333409,38.8463518456051],[-77.01439739603389,38.84648320780199],[-77.01448301355866,38.846158831090364]],[[-77.01889297806274,38.842791667279045],[-77.01744812118436,38.844930988176884],[-77.01584237319548,38.8443439221227],[-77.01524831451026,38.844927001229294],[-77.01964280721195,38.8466224992446],[-77.01922508561736,38.84486927361704],[-77.02057920408015,38.84474187574727],[-77.02058430315903,38.84305431287346],[-77.01889297806274,38.842791667279045]],[[-77.01407066853594,38.842718025616776],[-77.01339099028304,38.84362547203769],[-77.01381382029437,38.84369115438648],[-77.01407066853594,38.842718025616776]],[[-77.0129734362011,38.841872225909015],[-77.01237937471144,38.84245529109992],[-77.01280219702475,38.84252097689325],[-77.0129734362011,38.841872225909015]],[[-77.0704142816209,38.84436612546278],[-77.07015817970242,38.8453393710617],[-77.0710039625024,38.845470346791075],[-77.07117469065392,38.84482151526412],[-77.0704142816209,38.84436612546278]]],[[[-77.06887091812627,38.96061244302794],[-77.0630308214049,38.957683372003586],[-77.05930035869726,38.95845685880655],[-77.05828640936183,38.95728703581811],[-77.06031852654154,38.95793908462826],[-77.0632018838107,38.957034542186975],[-77.06430143553776,38.957879909231444],[-77.06735174200658,38.95801402767686],[-77.07107028689474,38.96230306786996],[-77.06929049973994,38.962365527023216],[-77.06887091812627,38.96061244302794]]],[[[-77.04150781183817,38.95739102465289],[-77.0422738248565,38.95615901042445],[-77.04269733457812,38.956224595121114],[-77.04218359563207,38.9581709989579],[-77.04150781183817,38.95739102465289]]],[[[-77.05619867223251,38.97857363858194],[-77.04832512195703,38.97499174959563],[-77.04782035453579,38.973562996618185],[-77.04392220978372,38.97329724064778],[-77.04384114272064,38.971934051070875],[-77.04451708656268,38.972714014339694],[-77.04875320172356,38.97336972128731],[-77.04925798611825,38.97479847042879],[-77.0546752559268,38.977662654561264],[-77.05975905874888,38.978449070016715],[-77.06298133252878,38.977934469012375],[-77.0600115741255,38.97916342296518],[-77.05619867223251,38.97857363858194]]],[[[-77.06425230011699,38.9781310073361],[-77.06433375643795,38.979494184822315],[-77.06263910247482,38.97923213189063],[-77.06425230011699,38.9781310073361]]],[[[-77.03769706066477,38.98685292333163],[-77.03659264255148,38.987694912204496],[-77.03532158267517,38.98749809033378],[-77.03600233131867,38.98659050639359],[-77.03769706066477,38.98685292333163]]],[[[-77.04269566419688,38.98796443770124],[-77.03997750983088,38.989907302957086],[-77.0381113398338,38.9902937156476],[-77.04193393750533,38.98750886448476],[-77.0422765757327,38.98621125708836],[-77.04362870962919,38.98777120046847],[-77.04412893019273,38.990887570042496],[-77.04269566419688,38.98796443770124]]],[[[-77.04412893019273,38.990887570042496],[-77.04437677775816,38.99328955324019],[-77.04344366354435,38.99348279626207],[-77.04412893019273,38.990887570042496]]],[[[-77.04301993627345,38.993417213744586],[-77.04327233924364,38.994131602390354],[-77.04199192288748,38.997310044409126],[-77.04105875077342,38.99750326962522],[-77.04301993627345,38.993417213744586]]],[[[-77.0546572109014,39.01784061706348],[-77.05466153142832,39.016153012974435],[-77.05746164226314,39.015573007793066],[-77.0559245621031,39.019724846526124],[-77.0561857537524,39.01706400268997],[-77.0546572109014,39.01784061706348]]],[[[-77.03487848388502,39.02423528977333],[-77.03251142972947,39.02150519669426],[-77.03106829129216,39.02195712414782],[-77.0293531358164,39.02844503682566],[-77.03044849061938,39.030978320113924],[-77.0300147700297,39.034287907951764],[-77.03120086911099,39.034809182517556],[-77.03077203610599,39.03643116620695],[-77.03305857251034,39.037798088281995],[-77.03423995495518,39.04000694369396],[-77.03805119279866,39.042285018924765],[-77.04381593191788,39.04385209952792],[-77.04389707869761,39.04521530493404],[-77.04211523862395,39.045277375115816],[-77.04152437598522,39.044172985165915],[-77.03465915970997,39.04176016680949],[-77.03144357877824,39.03889881788148],[-77.032039092348,39.038315645258685],[-77.02865713834166,39.03441541231364],[-77.02951485579155,39.03117145961196],[-77.02824798943844,39.02928695709002],[-77.02834362426451,39.025587350608056],[-77.02979664757692,39.02176024462227],[-77.03183516118223,39.020725162039895],[-77.03226387787429,39.019103178943524],[-77.03108776241315,39.01520670952077],[-77.03261650152335,39.0144303856452],[-77.03337845178962,39.01488601798969],[-77.0343022818953,39.01806805631326],[-77.03310679231733,39.020922020656435],[-77.03428790209281,39.023130869340726],[-77.0373408898236,39.023265727008464],[-77.03759334059986,39.0239801306406],[-77.03827440237544,39.02307252893397],[-77.03903179508208,39.025215732782975],[-77.04208026620141,39.02703808007077],[-77.04725756223655,39.02581300356311],[-77.05114972908758,39.029453870882634],[-77.04944951626624,39.030879243382486],[-77.04852486064799,39.02769731103413],[-77.04555735825157,39.02723832190791],[-77.0431806308147,39.0278836435248],[-77.04512889010184,39.028860353077505],[-77.04588654510437,39.03100351718727],[-77.04511980488158,39.03223556817228],[-77.04190885068557,39.027686887842364],[-77.04055136309225,39.027814522077556],[-77.03902711131762,39.02690333883474],[-77.03970818257532,39.02599572882308],[-77.03487848388502,39.02423528977333]],[[-77.03742189226281,39.02462893188736],[-77.03793151907324,39.02437013294566],[-77.0375076168137,39.02430453128485],[-77.03742189226281,39.02462893188736]]],[[[-77.04414406365831,39.079357629015576],[-77.04508737167033,39.075789134986245],[-77.04229406440712,39.07299362613981],[-77.0397489370998,39.07260008048585],[-77.03694175255902,39.07486731198676],[-77.03397239731594,39.07440804227419],[-77.03337660351558,39.07499122788065],[-77.03244725083137,39.073496770865695],[-77.033214641168,39.07226478922516],[-77.02821038483768,39.0711528771834],[-77.02659457650542,39.07225355019814],[-77.02598876199042,39.07621193983269],[-77.02691801658231,39.07770644588635],[-77.02434766750441,39.085750694563615],[-77.02578212418771,39.08867408750734],[-77.02705492806848,39.088871010457666],[-77.0278077271152,39.09270193292438],[-77.02950490188609,39.092964466502956],[-77.03112112670146,39.0918637514353],[-77.03553092524409,39.09355874841598],[-77.03689438767525,39.09174354167922],[-77.03604104226854,39.093299954071995],[-77.03773354253379,39.09525000175188],[-77.03780048201767,39.10167610782105],[-77.04230144079955,39.10135883333275],[-77.0480664803813,39.10461336325057],[-77.04696039216621,39.1054554615518],[-77.04603037033569,39.10396109763036],[-77.04161969542335,39.10226646979944],[-77.03770994816541,39.10368814230123],[-77.03761940929822,39.105700177490306],[-77.0343912887277,39.106214131184835],[-77.03327054930767,39.1121190016983],[-77.0340287228668,39.11426227047235],[-77.04005655010813,39.11485633544756],[-77.04344744883694,39.11706868092907],[-77.04429178024435,39.11888747885472],[-77.05609120611172,39.12104758013855],[-77.0582178761865,39.11968762680361],[-77.05898109125124,39.12014311064702],[-77.06144642686566,39.119173053085696],[-77.0623894018938,39.11560440086343],[-77.06137320914684,39.11443457183828],[-77.06323831774894,39.11573543502208],[-77.06229538272937,39.119304093773984],[-77.06543817653571,39.119113839708646],[-77.06551981322889,39.12047704989195],[-77.06348310176443,39.119825068127156],[-77.05796064001179,39.12066088820345],[-77.06262171278442,39.12475694483832],[-77.0626134285659,39.12813222052514],[-77.06227878443406,39.12605464007316],[-77.05922987110185,39.12254511896541],[-77.0522708875335,39.120457660603726],[-77.05040142857612,39.120844266981315],[-77.05140432705191,39.12707709761088],[-77.0542901748819,39.12786037371747],[-77.05504913310881,39.13000352090304],[-77.05282757968877,39.135063120114985],[-77.05460728496782,39.136688535954406],[-77.05299041851457,39.13778956599416],[-77.05240301780022,39.134997567968675],[-77.05155389632273,39.13486645933059],[-77.05274616486116,39.13369989765723],[-77.05343677792031,39.129416916395826],[-77.0503837243673,39.12759481369518],[-77.04971960152457,39.12175195129523],[-77.04785458057208,39.120450883801816],[-77.04208367477655,39.1188839683659],[-77.0416638456949,39.11713074547022],[-77.03954161839579,39.11680278087869],[-77.04013770565662,39.11621956110987],[-77.03538306334619,39.11582233858909],[-77.03580273326087,39.11757558223895],[-77.0341812048702,39.120363998120446],[-77.03451022404194,39.12412928753084],[-77.03339886045161,39.12665890499093],[-77.03483927733052,39.12789457887627],[-77.03312678454331,39.13269503044709],[-77.0345673165222,39.133930708973914],[-77.03253050573946,39.133278218506156],[-77.0338185450858,39.12841215908528],[-77.03237813530879,39.127176473249605],[-77.03357540254177,39.12432246085442],[-77.0327312763189,39.122503588225975],[-77.0345294026646,39.11737874778843],[-77.03292232499012,39.11510424543684],[-77.03164904552284,39.11490738158414],[-77.03089093544482,39.11276409803077],[-77.03243141501152,39.108612500210405],[-77.0314206683268,39.1057547978192],[-77.02912710497607,39.106075458383664],[-77.02716209642668,39.11016137523535],[-77.02740483048201,39.1142510746248],[-77.02178629604359,39.11878495296269],[-77.02068480340766,39.11793918599466],[-77.02503010943487,39.1132084266101],[-77.02427221238328,39.111065103411924],[-77.02529276888723,39.11054760332643],[-77.02658089001405,39.10568164060717],[-77.02377705952662,39.10626095860794],[-77.02352445869055,39.10554651636909],[-77.02760135444345,39.10516412210844],[-77.03074850842998,39.10328711614573],[-77.03253178101063,39.103225208350594],[-77.03507316145972,39.10530653367586],[-77.03516377035596,39.10329450049366],[-77.03652267781864,39.103166923415706],[-77.0367801392411,39.102193709690674],[-77.03576454647522,39.10102367443207],[-77.03637003526451,39.097065218892894],[-77.03382890592918,39.094983923345886],[-77.03213166836322,39.09472144870786],[-77.03417219574013,39.09368631442142],[-77.02695417580863,39.09425828320655],[-77.02415582279956,39.09314998254377],[-77.02484271831955,39.090554818400044],[-77.02162536465255,39.08769319033009],[-77.02282240366459,39.08483930313255],[-77.02172141351606,39.08399355081955],[-77.02368602039564,39.07990774014227],[-77.02267601682261,39.07704998208443],[-77.02344865909254,39.074130440143456],[-77.01732809169145,39.077235203726666],[-77.01051971541298,39.08293475142983],[-77.01086336450763,39.08163720983492],[-77.01630794628173,39.077752635186215],[-77.0161413997059,39.076713792780986],[-77.01741396798812,39.07691081402215],[-77.02268614996312,39.07367474220566],[-77.02456961068168,39.06822570017444],[-77.02822519746799,39.06609002288512],[-77.02585703022356,39.06335978327639],[-77.02272160854417,39.06186141886174],[-77.02255500671865,39.06082258803404],[-77.01525429157205,39.06171826622726],[-77.01296733759037,39.060351010709475],[-77.00830239479762,39.05962837103508],[-77.00983231141157,39.0588523218387],[-77.01060527608111,39.05593286932177],[-77.00849037021489,39.05391676527679],[-77.00960148845364,39.05138740487876],[-77.00442722573086,39.05092330466035],[-77.00968736869379,39.05106302201452],[-77.01045490789595,39.049831185883455],[-77.0101221146927,39.04775349571433],[-77.00715403637744,39.047293587399665],[-77.00741711190275,39.04463283412035],[-77.00894672242711,39.04385679786317],[-77.00742253050323,39.04294522427896],[-77.00861399966591,39.041779105802256],[-77.00649412091,39.04145058169777],[-77.00683764577771,39.04015306081924],[-77.00954782620103,39.041586123083874],[-77.00919896568992,39.044571261677596],[-77.00741169305073,39.04632044445332],[-77.01037973326807,39.04678034653453],[-77.01130829080289,39.048274961447596],[-77.01054078248994,39.04950680251731],[-77.01215101918027,39.05009395436128],[-77.01018656972008,39.054179560764695],[-77.01280087862472,39.059312167086546],[-77.01890982477914,39.05958286549193],[-77.02018722404445,39.0580922429251],[-77.02188356325085,39.05835487890099],[-77.02171189362522,39.05900366227871],[-77.02425644719673,39.059397576398304],[-77.02628613176798,39.0617378089545],[-77.0261194792847,39.06069898293013],[-77.0306179517637,39.060382133813256],[-77.03316742393469,39.05908824995388],[-77.03631718816588,39.055523504324874],[-77.03767520061953,39.05539591576318],[-77.03734160400272,39.05331829657918],[-77.03989070877785,39.05202427636786],[-77.03971454523037,39.05436069790087],[-77.03827079933865,39.0548127115953],[-77.03843761197056,39.055851520229815],[-77.03452550851188,39.05896069574169],[-77.03571204252182,39.0594819294575],[-77.03859973364308,39.0585779440511],[-77.03995313474405,39.06013794620764],[-77.0335057419936,39.05947826666325],[-77.0298506428637,39.0616140967863],[-77.02713435339331,39.06186908828404],[-77.0296692298245,39.06563812502889],[-77.02856352159755,39.06648005353934],[-77.0294118026774,39.0666113174323],[-77.02957360977504,39.06933775825253],[-77.03287626515068,39.071874770828614],[-77.03381041391786,39.07168160468437],[-77.03473977142123,39.07317605101133],[-77.03728489177259,39.07356969930186],[-77.04000624704108,39.071626865620146],[-77.04179797973443,39.06818958738914],[-77.04043042756366,39.07169245929064],[-77.04382389930623,39.07221715655467],[-77.04525887226542,39.07514031737093],[-77.04814259152405,39.075923728354184],[-77.04992517782779,39.07586157136906],[-77.04975815506906,39.07482277444074],[-77.05247922379438,39.07287966717364],[-77.05307920749672,39.070608770324114],[-77.05486165921928,39.07054654258659],[-77.05315619919833,39.07365959643729],[-77.05230779299272,39.07352849448471],[-77.05034939201687,39.07592713123042],[-77.05119782269107,39.076058246611],[-77.05178470070838,39.07885021866265],[-77.05390587492313,39.07917797193516],[-77.05296295596958,39.08274653511004],[-77.05415001058337,39.08326759497542],[-77.0531213223191,39.087160577710335],[-77.05388416379343,39.08761609000093],[-77.05260693685197,39.089107066941594],[-77.05276966440607,39.09183348873881],[-77.05403391768822,39.09540538916437],[-77.0564084729492,39.096447479610624],[-77.0571671655129,39.09859060077876],[-77.06149643979695,39.09892146832717],[-77.0662541747013,39.09763006218924],[-77.06607874841262,39.09996654047723],[-77.0673518592365,39.10016305116787],[-77.06785789038464,39.101591755501325],[-77.06870665236349,39.10172275196949],[-77.06955939685405,39.10016611292882],[-77.07083252058861,39.100362587979866],[-77.07133862157559,39.10179127819792],[-77.06929839626277,39.10282702412952],[-77.06760084742943,39.102565033426465],[-77.06412830072212,39.09899014717564],[-77.06174939098531,39.09963583245051],[-77.0584402281171,39.09878720268468],[-77.05699571590988,39.09923943765615],[-77.05699144466338,39.100927066658464],[-77.0586889169557,39.10118920215295],[-77.05902334388695,39.10326678219615],[-77.06454037511955,39.10411854805491],[-77.06529938769572,39.10626162271611],[-77.05842751453139,39.1038500910323],[-77.05800737791557,39.10209692844808],[-77.0561427131109,39.10079599022408],[-77.05631846093789,39.098459525602394],[-77.05504972610974,39.09657527389777],[-77.05301377863621,39.09592312365247],[-77.05259819147848,39.09248231872248],[-77.05141099745045,39.091961243140005],[-77.0523497337837,39.0900803110242],[-77.05125272453368,39.08754719441488],[-77.05218702591192,39.08735388957083],[-77.05313004275388,39.083785329242204],[-77.05202871589232,39.08293984562198],[-77.0519517616918,39.079889013632865],[-77.05008777511296,39.078587989991256],[-77.05068346428779,39.0780047238896],[-77.04966798572329,39.076834807519056],[-77.0458500434257,39.076244695629974],[-77.04507827865486,39.079164377902195],[-77.04414406365831,39.079357629015576]],[[-77.02963733270458,39.105816689705215],[-77.02929881961275,39.10542665912424],[-77.0292129626778,39.10575105877354],[-77.02963733270458,39.105816689705215]],[[-77.0458500434257,39.076244695629974],[-77.04551158107195,39.07585471136133],[-77.0454258314423,39.076179120405655],[-77.0458500434257,39.076244695629974]]],[[[-77.02068586387627,39.08957388945911],[-77.01583672113021,39.09287556377711],[-77.01386077627835,39.100336514011175],[-77.01301212952959,39.10020514313197],[-77.01438680095833,39.09501492860706],[-77.01371004280178,39.094234785114466],[-77.01635211826809,39.09092922549442],[-77.01516520963683,39.09040780390619],[-77.01728655592126,39.09073618289537],[-77.01916056571451,39.0886624524409],[-77.02162536465255,39.08769319033009],[-77.02068586387627,39.08957388945911]]],[[[-77.02190781435881,39.106647135512944],[-77.01876544624116,39.106836288860066],[-77.01859363419794,39.107485073742254],[-77.0168961596312,39.10722239045399],[-77.01800262319804,39.10638055939574],[-77.02190781435881,39.106647135512944]]],[[[-77.02579898134962,39.140341902025206],[-77.02597580124132,39.13800546227545],[-77.02071444550849,39.13617879235197],[-77.01944597560431,39.134294163493045],[-77.0203860870523,39.132413457440634],[-77.01877911965532,39.130138765546526],[-77.01716705455598,39.12955169081909],[-77.0197191945812,39.1282580660995],[-77.02006289377496,39.12696048779265],[-77.01854198451929,39.12436140077917],[-77.01471128667426,39.12714559866544],[-77.00663538995127,39.12927266222826],[-77.00366400204324,39.12881266356998],[-77.01394827575211,39.12668984251486],[-77.01786490827578,39.123581275486615],[-77.0185523163752,39.120986130911554],[-77.01609156951766,39.12026770394543],[-77.00088697978963,39.12095329228112],[-77.0002101249581,39.120173071397275],[-76.99409615249307,39.119901450332556],[-76.9943542416864,39.1189283214163],[-76.99919486997622,39.11900273338792],[-77.00114498173575,39.11998014907101],[-77.00607166464285,39.119729912192774],[-77.00506727908983,39.11518435728154],[-77.00693139821679,39.11648606505992],[-77.0065820704167,39.11947123745837],[-77.01499012070984,39.119421886285224],[-77.01745082801666,39.120140334929665],[-77.01975002481737,39.1181322551466],[-77.02042707051292,39.11891236933749],[-77.02348405851757,39.11904757006983],[-77.02322635919666,39.12002075942625],[-77.02152857490638,39.1197581387502],[-77.02058865684987,39.12163884870744],[-77.02211466547617,39.12255027396689],[-77.02084128477502,39.12235329914915],[-77.01990131533553,39.124234004873585],[-77.02108881077349,39.124755384629886],[-77.02133635314595,39.127157470760814],[-77.01962812663537,39.13027009782083],[-77.02055794205985,39.1317646669039],[-77.02183148701927,39.131961644991],[-77.02071956190903,39.134491153067074],[-77.02241261077663,39.1364414250005],[-77.02555625052125,39.13625217834675],[-77.02691081910812,39.13781234555394],[-77.02707269096169,39.14053882678103],[-77.03080796922208,39.141453925873755],[-77.03165226757578,39.14327281847443],[-77.0302926009547,39.143400343319755],[-77.03046439344722,39.142751537655904],[-77.02757821089745,39.14196770631171],[-77.02579898134962,39.140341902025206]]],[[[-77.0125623620559,39.135255360850806],[-77.00516256164295,39.13816248857496],[-77.00388895316827,39.13796533954634],[-77.00763464819104,39.13550585565382],[-77.01324478029088,39.13434787790917],[-77.01580761940862,39.129679056969366],[-77.01716705455598,39.12955169081909],[-77.012723689459,39.13798185931111],[-77.0125623620559,39.135255360850806]]],[[[-77.06023420054773,38.82118008674477],[-77.05490083102744,38.82305447854718],[-77.05313746123774,38.81805402484512],[-77.05550297340821,38.81909609055569],[-77.05668149280098,38.82130466656223],[-77.05769776443056,38.82078692267494],[-77.0577020029265,38.8190993626742],[-77.06260816561242,38.81884689668341],[-77.06101511364034,38.81319773950625],[-77.06524211227863,38.81385287036544],[-77.06879046087845,38.81541560451394],[-77.07047738797421,38.81736512789331],[-77.07343650760562,38.81782350872288],[-77.07461554951179,38.82003191373475],[-77.07655867699727,38.82100810278039],[-77.0764695608857,38.82302008245351],[-77.07908399119691,38.826463564689845],[-77.0788280678641,38.8274368263451],[-77.07326586277837,38.818472341517186],[-77.06954659378643,38.81755856273847],[-77.06625417911748,38.815022615923446],[-77.06396991165833,38.81534390553747],[-77.06557135221607,38.817617905612686],[-77.06301855013858,38.82397509217838],[-77.06014045163474,38.824879615468596],[-77.06023420054773,38.82118008674477]]],[[[-77.05085492475587,38.8501143548229],[-77.0509535735267,38.84472725882312],[-77.05179931470678,38.84485836565898],[-77.05162841403386,38.845507170472345],[-77.05297813836519,38.84706698294257],[-77.05382391032944,38.8471980759901],[-77.05356757697982,38.84817128757956],[-77.0552591516935,38.84843345988564],[-77.05694648096541,38.850383174399354],[-77.0549173921287,38.84973107938091],[-77.05330689489845,38.85083206399895],[-77.05314033952118,38.84979330594995],[-77.05085492475587,38.8501143548229]]],[[[-77.03597337253501,38.90655959504163],[-77.03344370540809,38.9027907790692],[-77.03438046797729,38.90091003871992],[-77.03632995178842,38.90019929313844],[-77.04055713623748,38.90254284825598],[-77.04351952751882,38.903001948475975],[-77.04462258156504,38.90215990804632],[-77.04860245356588,38.902101237018236],[-77.0508851080978,38.90346780348319],[-77.05070525090856,38.90749176451766],[-77.04926448419491,38.907943895816075],[-77.04799478170747,38.90774720594956],[-77.04757602721688,38.905994063181986],[-77.04435682699514,38.906508259040606],[-77.03707656768111,38.9057176213693],[-77.036986257384,38.907729592204504],[-77.0403720658219,38.90825437025545],[-77.03977302328427,38.910525148360165],[-77.04163252477449,38.91182629238744],[-77.04103812218062,38.91240949988082],[-77.04230788715319,38.91260626110711],[-77.0395925347511,38.91454909693543],[-77.03958787109592,38.916236675116465],[-77.0372147130348,38.91688187179489],[-77.03636816177108,38.916750664243075],[-77.03772829353375,38.914935499671884],[-77.0361208387643,38.91434869153924],[-77.03663443063239,38.9124023245961],[-77.0375665241971,38.9122091350162],[-77.03604472896598,38.91129793084699],[-77.03723358645419,38.91013156110079],[-77.03419012920536,38.9083091265158],[-77.03597337253501,38.90655959504163]],[[-77.03723358645419,38.91013156110079],[-77.03774241285144,38.9098727673264],[-77.03731917709345,38.90980716613432],[-77.03723358645419,38.91013156110079]]],[[[-77.02305550130815,38.92211529246441],[-77.0238214554319,38.92088339824325],[-77.02534329801331,38.921794753580016],[-77.02474868362157,38.92237788374619],[-77.02305550130815,38.92211529246441]]],[[[-77.02515698543012,38.92750626728634],[-77.02474868362157,38.92237788374619],[-77.0269409158503,38.92575686128922],[-77.02634131051866,38.92802757975469],[-77.02515698543012,38.92750626728634]]],[[[-77.04421204317283,38.92877118445548],[-77.04430217992741,38.926759202753956],[-77.04540558477372,38.92591715272644],[-77.04853561993878,38.92741491277953],[-77.04514886183055,38.92689035631532],[-77.04472097501007,38.92851236140105],[-77.04632430325302,38.93078664087758],[-77.04421204317283,38.92877118445548]]],[[[-77.01524924463392,38.926644843858654],[-77.01541543527317,38.92768366262733],[-77.01423119400134,38.927162245850255],[-77.01388833388619,38.92845976465012],[-77.01253264696561,38.92858709068333],[-77.01355599737491,38.92638212272518],[-77.01524924463392,38.926644843858654]]],[[[-77.03715807177993,38.93713284043797],[-77.04105888673878,38.935711224459986],[-77.04224345911572,38.936232385650506],[-77.03723897497414,38.938496027524614],[-77.0359687722068,38.93829921369957],[-77.03715807177993,38.93713284043797]]],[[[-77.0265734585584,38.93549232136532],[-77.02852394444805,38.93478169528315],[-77.03148757145351,38.935241084983545],[-77.03292416925792,38.93647674115497],[-77.03555013156702,38.93654602314944],[-77.03571663443708,38.937584816100866],[-77.02928013176643,38.93692492977932],[-77.0265734585584,38.93549232136532]]],[[[-77.01538095847302,38.9661737253998],[-77.01708032688872,38.964748833959945],[-77.01555768967086,38.96383737171549],[-77.0163242097406,38.96260551659175],[-77.0151393937869,38.96208410591885],[-77.01599686134858,38.958840283564854],[-77.01532135196192,38.95806016658045],[-77.01685944568746,38.95390887036664],[-77.0137236576194,38.9540978913371],[-77.01262475052236,38.953252076637426],[-77.01296774992504,38.95195455683618],[-77.01423812873625,38.95215160657671],[-77.0140666414206,38.95280036834006],[-77.01796357944185,38.95306706134376],[-77.01966259135072,38.95164213725622],[-77.02211767353303,38.952360473006785],[-77.02449212194777,38.9517155621017],[-77.02508197575526,38.95282001690826],[-77.02610030807587,38.95230252399262],[-77.02584821865013,38.95158810492477],[-77.02788482345514,38.9505530983774],[-77.02797543840786,38.94854112247032],[-77.0303497103568,38.947896099805504],[-77.03044025388397,38.9458841228591],[-77.03248146416387,38.94316145727417],[-77.03180592362652,38.94238143180129],[-77.02790950686556,38.942115174018504],[-77.02689628952201,38.94094509728726],[-77.02859484374211,38.93952005332232],[-77.03028845077492,38.939782569593866],[-77.03130170645358,38.94095261842566],[-77.0307069833248,38.94153577869128],[-77.03273841380046,38.94218827773195],[-77.03435124280243,38.94108754785593],[-77.03512197417693,38.93816799725947],[-77.0359687722068,38.93829921369957],[-77.0352837096522,38.940894374687474],[-77.03222450765806,38.944134636417346],[-77.03008782257041,38.950556860952574],[-77.02762777941064,38.95152626901879],[-77.02779420349357,38.95256507479702],[-77.02355445012795,38.953596240680874],[-77.01829100360054,38.956832286023015],[-77.01725700008008,38.962412478346074],[-77.018356099305,38.96325825313963],[-77.01749868484187,38.96650209390108],[-77.0182600387105,38.96695781561335],[-77.01638913695653,38.969031490187966],[-77.01538095847302,38.9661737253998]]],[[[-77.03861010357376,38.963357829367084],[-77.0300193937585,38.974183105127274],[-77.02866288332844,38.97431060832014],[-77.03283255835001,38.968540886080994],[-77.03597366989705,38.96666379135031],[-77.03725380994595,38.96348542626013],[-77.03861010357376,38.963357829367084]]],[[[-77.00273872512123,38.97062873794045],[-77.0006209452997,38.97030011733542],[-77.00291035542108,38.96997999014675],[-77.00273872512123,38.97062873794045]]],[[[-77.0275585510372,38.97515251519212],[-77.02976229479601,38.97515628356823],[-77.02950518895734,38.976129461619294],[-77.0275585510372,38.97515251519212]]],[[[-77.00053511995102,38.97062448968625],[-76.9981598424142,38.97126894382258],[-76.99884090262334,38.9703615660067],[-77.00053511995102,38.97062448968625]]],[[[-77.02552624685434,38.974499928187086],[-77.02713494481414,38.97508687863558],[-77.0275585510372,38.97515251519212],[-77.02730141574212,38.976125688676746],[-77.02568770357742,38.97722633249913],[-77.02407896999685,38.97663936310024],[-77.02552624685434,38.974499928187086]]],[[[-76.99990079502798,38.98302064398858],[-76.99617971280937,38.980417050550756],[-76.99863553392426,38.981135854045824],[-76.99990079502798,38.98302064398858]]],[[[-77.00438361056167,38.986079935060246],[-77.00311266609488,38.98588278341214],[-77.00184727203067,38.98399802538623],[-77.00396545605483,38.98432662574042],[-77.00422293241417,38.98335349942247],[-77.0064269232714,38.983357682193486],[-77.00923152829706,38.98109117490129],[-77.0125400599149,38.98025350458682],[-77.01228270574865,38.98122664769374],[-77.00387962907133,38.984651001093404],[-77.00674845679745,38.988810548702354],[-77.00614770166816,38.99108119031237],[-77.00623896816509,38.98906921818144],[-77.00496796645643,38.98887208544061],[-77.00438361056167,38.986079935060246]]],[[[-76.99699865435205,38.9889864993155],[-76.9950521090345,38.98800904112571],[-76.99421052715748,38.986189950805034],[-76.997594035449,38.98840349661947],[-76.99843010440172,38.9919101594625],[-76.99699865435205,38.9889864993155]]],[[[-76.99923823007313,39.00385480435566],[-76.99697036995406,38.997424476021564],[-76.9982471273351,38.9959340945761],[-76.99843010440172,38.9919101594625],[-76.99952383240797,38.99444370034864],[-76.99790365805367,38.99723158225343],[-76.999421172242,38.999830862748354],[-76.99923823007313,39.00385480435566]]],[[[-77.03066879677664,39.01345348214243],[-77.02779268602322,39.010982072502074],[-77.02355456952377,39.010325646178664],[-77.02211159724501,39.01077746871184],[-77.02193496251166,39.013113848717836],[-77.021087318824,39.01298253498531],[-77.02135485340408,39.00863416677434],[-77.01695053342983,39.00693869209666],[-77.01543224465269,39.00433962298446],[-77.01196164050293,39.00245093976602],[-77.00942988309701,38.998681582046515],[-77.00918317095645,38.996279527200855],[-77.00418450848409,38.99516666182843],[-77.00495702319279,38.992247275442345],[-77.00563273885543,38.99302745287425],[-77.0046940471196,38.99490800053616],[-77.00723626683045,38.99530225898804],[-77.00876484216653,38.99452623127193],[-77.01045431349225,38.996476617005676],[-77.01154320926368,39.00069765149034],[-77.01755108231707,39.00466799253067],[-77.01763169319247,39.00603120615109],[-77.02127416987186,39.007270955002255],[-77.02279272856606,39.00986995388979],[-77.02601665552054,39.00935631017705],[-77.02662191175304,39.00539796578917],[-77.02857427151592,39.00468733152143],[-77.02660699989102,39.010460767449175],[-77.03042133317138,39.011051463885224],[-77.03134984638947,39.01254591998557],[-77.03508338019083,39.01177326713548],[-77.03491193823814,39.01242206361527],[-77.03168793822506,39.01293593855926],[-77.0322783977623,39.01404036950503],[-77.03108776241315,39.01520670952077],[-77.03066879677664,39.01345348214243]]],[[[-77.00337336835649,39.009899234313174],[-77.00143173268813,39.007234273332124],[-77.0032071618561,39.00886038672675],[-77.00498814293915,39.00879887504855],[-77.00600195300133,39.009969142676056],[-77.00812091206814,39.01029767346339],[-77.0082871920298,39.011336514712035],[-77.00337336835649,39.009899234313174]]],[[[-76.98996112241207,39.01389715931109],[-76.98819172881208,39.0105832553564],[-76.98888497359911,39.00630072885281],[-76.98592463539697,39.00415271835653],[-76.98338222196831,39.0037580229006],[-76.98195114356042,39.00083418380158],[-76.98449344704372,39.001228908381634],[-76.98389785600064,39.00181184940559],[-76.98524902777196,39.00337243228563],[-76.99032806336541,39.00584929283154],[-76.98929121789925,39.01142929386637],[-76.99115239567685,39.012731214016874],[-76.99334579028465,39.01611083069522],[-76.98996112241207,39.01389715931109]]],[[[-76.98554536828856,39.015575770370205],[-76.98716642490173,39.01278804159071],[-76.98809993612363,39.012595221056664],[-76.98613514853301,39.01668042109379],[-76.98554536828856,39.015575770370205]]],[[[-76.99655319578856,39.02066075731236],[-76.99646162169559,39.02267273250839],[-76.99587732079337,39.019880526994534],[-76.99655319578856,39.02066075731236]]],[[[-76.99924562720842,39.02715685127678],[-77.00322686139779,39.028787240892015],[-77.00314097864657,39.029111618051836],[-76.99983570947617,39.02826143903129],[-76.99924562720842,39.02715685127678]]],[[[-77.00627458477588,39.03061046808166],[-77.00314097864657,39.029111618051836],[-77.00653219410827,39.02963732973156],[-77.00627458477588,39.03061046808166]]],[[[-77.00777145614407,39.03996009150943],[-77.00998252188924,39.038276602688875],[-77.0085443027279,39.037040661398116],[-77.00974102129067,39.03418692592553],[-77.00762135877372,39.033858421482805],[-77.00652675583729,39.0313249357089],[-77.01058889165972,39.034318317578524],[-77.00931171328212,39.03580883530645],[-77.01193061359773,39.039253834709],[-77.00777145614407,39.03996009150943]]],[[[-77.01532236561934,39.03977930726794],[-77.01769454926013,39.04082212670701],[-77.0155746573842,39.040493757632966],[-77.01532236561934,39.03977930726794]]],[[[-77.01421688451663,39.04062110428107],[-77.01175890026268,39.03990260217287],[-77.01184475731323,39.03957821846164],[-77.01523652384601,39.04010369339398],[-77.01421688451663,39.04062110428107]]],[[[-77.00393929332986,39.044431523810566],[-77.00606469758351,39.0430724818664],[-77.00691266492628,39.043203898815676],[-77.00529715535033,39.04430428942685],[-77.00393929332986,39.044431523810566]]],[[[-77.01818368565326,39.04731384940126],[-77.02115693456884,39.046085882837495],[-77.01979393549175,39.04790090195004],[-77.01860770462528,39.0473795172805],[-77.01750214599767,39.048221344636495],[-77.01478631362087,39.048476065569965],[-77.01232805817477,39.0477575737537],[-77.01818368565326,39.04731384940126]]],[[[-76.99113302310026,39.06777354397638],[-76.9883420994264,39.064976826857375],[-76.99071471824931,39.066020166136646],[-76.9963140787528,39.066550582917266],[-76.9914769465901,39.06647605959913],[-76.99113302310026,39.06777354397638]]],[[[-76.99163733036453,39.069202549535795],[-76.99671551482176,39.07336679436114],[-76.99747220602315,39.0755102702537],[-76.99840649555739,39.07531737014705],[-76.9975525188354,39.07687351344103],[-76.9968817760509,39.07440566214465],[-76.99298416535002,39.07245068354548],[-76.99163733036453,39.069202549535795]]],[[[-76.97155583350313,39.08331078864759],[-76.97580389220934,39.082281377868405],[-76.97666453375777,39.07903776326337],[-76.97488798412591,39.07741125070292],[-76.97422419777111,39.07325565954861],[-76.9753368040916,39.07072659706631],[-76.97135389844911,39.06909530148565],[-76.97058549316812,39.07032690013508],[-76.96897514416726,39.069739207452955],[-76.96744456227884,39.070514754965956],[-76.97059176887753,39.068639284374065],[-76.97517085923393,39.06968770117691],[-76.97678738903303,39.0685876975034],[-76.9761235746651,39.06443212313301],[-76.9797004302201,39.060934621780035],[-76.9776722680905,39.058593628810215],[-76.9769224643579,39.05476242700717],[-76.97922678650043,39.05106751030472],[-76.97964472823895,39.05282092215626],[-76.98236084588677,39.05256696933152],[-76.98218883722791,39.05321569738039],[-76.97904867563511,39.053403844945045],[-76.97971255651107,39.05755939553448],[-76.98309894528668,39.05977336270445],[-76.98360303910454,39.06120239882009],[-76.9872476998688,39.06244315751511],[-76.98851408099905,39.06432808893832],[-76.98791800516456,39.064911055467874],[-76.98707571145357,39.063091893462676],[-76.98266889171903,39.0613951871374],[-76.98115069136423,39.05879567503115],[-76.97911646559756,39.058142319135065],[-76.97919641498065,39.05950556989963],[-76.98139668932768,39.06119781066407],[-76.97866807093588,39.06482697127467],[-76.97671360814483,39.0655368278536],[-76.97781379489656,39.066382975937735],[-76.97704552775238,39.067614613930154],[-76.97823179061488,39.06813639730756],[-76.97567486593168,39.07111677199464],[-76.97643705337441,39.071572758132504],[-76.97590841955322,39.07689415933936],[-76.97819519674945,39.07826210098126],[-76.97699038558132,39.08280317449427],[-76.97851503169139,39.08371512794388],[-76.97995972322695,39.08326380641691],[-76.98284306022931,39.08404873369391],[-76.98343335514312,39.08515341045134],[-76.98758945354548,39.086135584392615],[-76.99182009825482,39.09016849227928],[-76.99215256237166,39.09224624736823],[-76.99613720394842,39.093876883177124],[-76.99698008142785,39.09569599403119],[-77.00028838497818,39.09654625923718],[-77.00146972632554,39.098755449594044],[-76.99714639753755,39.09673486576362],[-76.99325333333647,39.093092262885555],[-76.99155628669551,39.092829234337835],[-76.99088560027899,39.090361343395315],[-76.98623077885858,39.0862626261511],[-76.98359945344846,39.0861922982466],[-76.98267098135501,39.084697466092585],[-76.98021181826701,39.08397833409636],[-76.97588380600601,39.083644636720486],[-76.97435300496457,39.08442027130183],[-76.97417465564298,39.086756613007196],[-76.9774700503514,39.090982728225526],[-76.97898270875528,39.09526992453418],[-76.98050764148245,39.09618185566553],[-76.97914876654868,39.09630882024471],[-76.97332623931666,39.086624971545675],[-76.97316650412779,39.08389844934129],[-76.96866000447427,39.085900840043024],[-76.97155583350313,39.08331078864759]]],[[[-76.96645290574963,39.085895986497945],[-76.96866000447427,39.085900840043024],[-76.96491554767188,39.08835912629084],[-76.96372905029898,39.08783721385369],[-76.96645290574963,39.085895986497945]]],[[[-76.96209894545258,39.092312295290974],[-76.9687690179752,39.102128359003714],[-76.97437100115727,39.10265976823191],[-76.97538562780808,39.10383030518134],[-76.98242687367853,39.105597691810104],[-76.981658270024,39.106829367306055],[-76.97979485161557,39.10552728310688],[-76.97597597005752,39.104935021473935],[-76.97673237811665,39.10707863626818],[-76.97587140737379,39.11032226849136],[-76.97672010508605,39.11045389316984],[-76.97501653638128,39.11187826712915],[-76.97365735821882,39.11200517205972],[-76.97426012897796,39.109734639910705],[-76.97502271273724,39.110190638022786],[-76.97596366224384,39.10831027690675],[-76.97486904160799,39.10577647817543],[-76.97555165372825,39.10486920738866],[-76.97411270208823,39.10363285258033],[-76.96732388179099,39.102579552040844],[-76.96461867633661,39.09945792765758],[-76.96378300175435,39.09595097224151],[-76.96056781465995,39.09308776132694],[-76.95895049423233,39.094187558937755],[-76.95671674425752,39.10093302819821],[-76.95527155701306,39.10138408102202],[-76.95415778266636,39.10391297822221],[-76.95431019133498,39.10832716198258],[-76.9561666104688,39.11131725677983],[-76.9545554694419,39.11072937272468],[-76.95422399612448,39.10865150992341],[-76.9527853325845,39.10741490738443],[-76.9545887243902,39.10229123982813],[-76.95187065074848,39.10254458772838],[-76.95110829258901,39.102088448292726],[-76.9559543725835,39.10047691862216],[-76.95682271368989,39.095545807069485],[-76.96091240375868,39.091790355579896],[-76.96142926433382,39.089844245760204],[-76.95897013735554,39.0891246927889],[-76.95880438448489,39.088085771546424],[-76.96151540507128,39.08951989398363],[-76.96288064028496,39.08770550106222],[-76.96482942348807,39.08868348035342],[-76.96209894545258,39.092312295290974]]],[[[-76.98216867207303,39.10657079344148],[-76.98326954381825,39.107416899675506],[-76.9820765912719,39.108582788951054],[-76.9810617904317,39.10741230554542],[-76.98216867207303,39.10657079344148]]],[[[-76.96553076689914,39.1276306180419],[-76.96356804158299,39.13002791092896],[-76.9659615953938,39.12600883273479],[-76.96553076689914,39.1276306180419]]],[[[-76.97715090216687,39.13213456273336],[-76.97767373101783,39.1285007348922],[-76.97852264443559,39.128632347736605],[-76.97715090216687,39.13213456273336]]],[[[-76.97374890550918,39.13329567494895],[-76.97630195029515,39.13200294043266],[-76.9764680537346,39.13304184715539],[-76.98063284656303,39.13233662630758],[-76.98182019246589,39.132858381858206],[-76.98412077701086,39.13085095598218],[-76.9826691643383,39.1329899665117],[-76.98419493545656,39.13390185911491],[-76.98088511858208,39.13305115938274],[-76.97799374807086,39.13395381584415],[-76.97510848199798,39.13316876848202],[-76.97220454753239,39.13744656509023],[-76.97093104117478,39.1372490786077],[-76.97374890550918,39.13329567494895]]],[[[-76.96372751785754,39.1327544697153],[-76.96262002343514,39.133595821943565],[-76.96177108082843,39.133464100412915],[-76.96305095232314,39.13197404478935],[-76.96372751785754,39.1327544697153]]],[[[-77.00467393277879,38.818295603779156],[-76.99966521307508,38.823932813897606],[-76.99822578099742,38.824384347640276],[-76.99830021788482,38.827435100166554],[-76.99567254596218,38.829052589476525],[-76.99203364815924,38.82949967787082],[-76.97994030263973,38.82863100508472],[-76.98197412477363,38.82759676807006],[-76.98400194482208,38.8282500560388],[-76.9885719713839,38.827610384349526],[-76.99271346050976,38.82859235002581],[-76.99660933536838,38.82717215076823],[-76.99754607646148,38.82529170534297],[-76.9904458310185,38.82384960820144],[-76.98817264918642,38.820794384352446],[-76.98690462902753,38.820597070903055],[-76.98758442220236,38.81968977204695],[-76.9907029211936,38.82287652996121],[-76.99518119196149,38.82424853207177],[-76.99713464854318,38.82185085118388],[-76.99840271817284,38.82204805990921],[-76.99832267009337,38.82068486675809],[-76.99950506857289,38.82120642883945],[-77.00009905989812,38.82062342670247],[-76.99993333139558,38.81958460063326],[-77.001115723555,38.82010614727766],[-77.00467393277879,38.818295603779156]]],[[[-76.9891819148223,38.84695379817368],[-76.99121033788984,38.84760696948064],[-76.99053032951547,38.8485142909337],[-76.99179884507744,38.848711567842635],[-76.99145595467483,38.85000901202254],[-76.9891819148223,38.84695379817368]]],[[[-76.99059867526718,38.85325261914152],[-76.98797575649981,38.853182386239986],[-76.98645581360192,38.852270580101795],[-76.98983868192921,38.85279673447747],[-76.99059867526718,38.85325261914152]]],[[[-77.00246442505819,38.9249982436696],[-76.9999358517092,38.92122873509869],[-77.00019315883875,38.92025562595405],[-77.0027272301492,38.92233755036922],[-77.00238418778821,38.923635036510376],[-77.00382006276625,38.924871027756474],[-77.00263042956433,38.92603707932981],[-77.00296245278552,38.92811475042182],[-77.00203006389397,38.92830768026828],[-77.00246442505819,38.9249982436696]]],[[[-76.99366698584944,38.92160584062472],[-76.99595489579771,38.92128584395224],[-76.9938156826465,38.92770742298542],[-76.9947651952336,38.92245181951134],[-76.99366698584944,38.92160584062472]]],[[[-77.00117233370189,38.931551392069736],[-77.00329449495314,38.930192421211565],[-77.00355178887317,38.92921930392101],[-77.00270515489272,38.92908786634325],[-77.0033857639691,38.92818046904589],[-77.00523960538199,38.93116974190714],[-77.00234549706123,38.93544809551031],[-77.00117233370189,38.931551392069736]]],[[[-76.99579020573077,38.970225762982906],[-76.9982456791093,38.970944573083415],[-76.99231597489973,38.970024129607516],[-76.99486296264033,38.96873105091066],[-76.99579020573077,38.970225762982906]]],[[[-76.987879471687,38.978453173830644],[-76.98779944869206,38.97708994682072],[-76.98568154833336,38.97676107094114],[-76.985006197608,38.97598078687043],[-76.98830891899016,38.97683135351027],[-76.98881254057585,38.97826034897778],[-76.9897456045199,38.97806751711542],[-76.99032933440787,38.9808597329487],[-76.99338046691477,38.980995670437004],[-76.99465700957592,38.97950532971008],[-76.99617971280937,38.980417050550756],[-76.99490888947803,38.9802198150685],[-76.9941418213579,38.98145154111137],[-76.99058117650614,38.98157422723714],[-76.98905851920556,38.98066243754765],[-76.98957383778514,38.97871624748411],[-76.987879471687,38.978453173830644]]],[[[-76.96628695391506,38.995023709458636],[-76.96833194303898,38.992302080205526],[-76.97011254817667,38.99224106896928],[-76.96781596003427,38.99424818609801],[-76.96704193376874,38.99716734202883],[-76.96628695391506,38.995023709458636]]],[[[-76.97696482851646,38.996345029747154],[-76.97671919614858,38.99394291140449],[-76.97756653784813,38.99407452761831],[-76.97722270854298,38.99537195766419],[-76.9796727884618,38.997778733433584],[-76.97975268193365,38.99914197004541],[-76.97696482851646,38.996345029747154]]],[[[-76.9659651627048,39.01287272718523],[-76.96785129764007,39.00742460262053],[-76.96971827984159,39.00703924532211],[-76.97133975272307,39.00425172705973],[-76.9733786070862,39.00321760725304],[-76.9703077505189,39.00814396967653],[-76.96895050238852,39.00827082080408],[-76.9666342890516,39.01534071899084],[-76.965786719396,39.01520902770331],[-76.9659651627048,39.01287272718523]]],[[[-76.98018372368064,39.02082219626319],[-76.97908419854694,39.01997607580629],[-76.98307056956689,39.01991950762189],[-76.98290463016309,39.01888063118225],[-76.98571133787067,39.016614642716796],[-76.98510969632756,39.01888519253833],[-76.98349439709864,39.019985295047995],[-76.9847599416631,39.02187025097083],[-76.98315055104865,39.02128274692338],[-76.98204497878879,39.02212425493252],[-76.98162715558128,39.02037086031493],[-76.98018372368064,39.02082219626319]]],[[[-76.9711724213877,39.02651488272517],[-76.97685459551195,39.02672181778978],[-76.97761632506662,39.02717779316809],[-76.97193411314663,39.026970892940106],[-76.96896081500977,39.028197677178],[-76.96939097796327,39.026575909497154],[-76.97057651648365,39.027097762237034],[-76.9711724213877,39.02651488272517]]],[[[-76.9669211974724,39.029231728653144],[-76.96896081500977,39.028197677178],[-76.96589498574845,39.031436345971805],[-76.9665770120128,39.030529136614916],[-76.9669211974724,39.029231728653144]]],[[[-76.94936429936506,39.02886721734852],[-76.95038423507738,39.02835033998829],[-76.95039097594635,39.02666273760593],[-76.9493710639503,39.027179614875564],[-76.94776184184632,39.02659165169691],[-76.94870241452671,39.024711525261736],[-76.94955006397835,39.02484333337178],[-76.94938459217896,39.02380441135545],[-76.95107987548187,39.02406801244002],[-76.95115926185329,39.02543127320702],[-76.95243075644505,39.02562895807202],[-76.95600023277804,39.023819763699656],[-76.95497376636501,39.02602428876562],[-76.95149698341423,39.02582151082735],[-76.95106642588505,39.0274432162926],[-76.95251016984372,39.02699221832989],[-76.95352338889421,39.028162917795086],[-76.95198681340983,39.03062587247097],[-76.95460945430092,39.03238447273291],[-76.95554992486363,39.030504292613735],[-76.95834482087562,39.031614125156466],[-76.96004683582669,39.03019000036404],[-76.9617423066299,39.03045345616954],[-76.96233184593552,39.031558222648854],[-76.96029855121566,39.03090456172077],[-76.95817264753582,39.03226281759439],[-76.95580159715237,39.03121886312186],[-76.95545720389849,39.03251624069148],[-76.9531656163041,39.03283549550904],[-76.95291396432297,39.032120919464674],[-76.94901302938915,39.03185217985054],[-76.94936429936506,39.02886721734852]]],[[[-76.96436517720873,39.03221185035953],[-76.96410699448354,39.033184901568994],[-76.96325922141999,39.033053192638704],[-76.96233184593552,39.031558222648854],[-76.96436517720873,39.03221185035953]]],[[[-76.96046419509658,39.031943470422114],[-76.9602920398832,39.03259216583402],[-76.96088157449452,39.03369693959619],[-76.95902040217102,39.03239456122809],[-76.96046419509658,39.031943470422114]]],[[[-76.9648687117998,39.03364095562942],[-76.96410699448354,39.033184901568994],[-76.96537865983693,39.03338245411943],[-76.9664718599891,39.03591630320324],[-76.96418663503613,39.03454815608132],[-76.9648687117998,39.03364095562942]]],[[[-76.96687668883582,39.04104496663616],[-76.9678232914752,39.037477084487925],[-76.9666376034886,39.036955204550196],[-76.96867112438352,39.03760876236223],[-76.96738668166164,39.040786456555416],[-76.96814849918358,39.04124249109109],[-76.96780427876762,39.04253990510199],[-76.96924821864839,39.042088711403125],[-76.96839400818402,39.043644645076505],[-76.96720821552282,39.04312277003507],[-76.96687668883582,39.04104496663616]]],[[[-76.97289789614491,39.0416422791919],[-76.97263356820099,39.04430295781436],[-76.97348148941671,39.04443460300688],[-76.9727994188646,39.045341852430084],[-76.96942031644117,39.04144000253037],[-76.97187793405163,39.04215934260294],[-76.97289789614491,39.0416422791919]]],[[[-76.95819313324067,39.04881453625333],[-76.96163031581605,39.03752822418288],[-76.96129897402199,39.03545040788787],[-76.96223284474053,39.03525778111768],[-76.96222637791101,39.036945386575766],[-76.95896152107721,39.04758301894305],[-76.95954462675489,39.05037541107841],[-76.95819313324067,39.04881453625333]]],[[[-76.97313113441132,39.04741964155753],[-76.97322338529679,39.045407675195236],[-76.97364114971347,39.04716110551292],[-76.97609900247542,39.047880362780816],[-76.97584092115639,39.04885344098881],[-76.97313113441132,39.04741964155753]]],[[[-76.93564452130019,39.04395794073654],[-76.93971143399683,39.04526603951292],[-76.9395390620789,39.0459147076193],[-76.9350481886496,39.0445406514529],[-76.93564452130019,39.04395794073654]]],[[[-76.94157258989638,39.04656871008023],[-76.93894274459296,39.04649743722916],[-76.94013537000593,39.04533197520563],[-76.94174494522186,39.04592003907872],[-76.94157258989638,39.04656871008023]]],[[[-76.93462426186865,39.044474698407534],[-76.93470336196783,39.04583797439287],[-76.93274898061031,39.046547136961166],[-76.93249748183904,39.04583251788855],[-76.93462426186865,39.044474698407534]]],[[[-76.95954462675489,39.05037541107841],[-76.96055177782331,39.053233667941086],[-76.95978335720038,39.05446519630363],[-76.95954462675489,39.05037541107841]]],[[[-76.94932187344946,39.06060741513311],[-76.94940126675601,39.061970685600635],[-76.94712236379377,39.05891460662191],[-76.94932187344946,39.06060741513311]]],[[[-76.93918946466809,39.068826647134],[-76.94240273623902,39.07169039814914],[-76.9420579120251,39.072987747741664],[-76.93741400337227,39.06719960200085],[-76.93266313197103,39.0667984553176],[-76.93028411030663,39.06744162028075],[-76.92906924513218,39.07366983429131],[-76.93110345532459,39.074324011363345],[-76.9310100016695,39.07633595659342],[-76.93008273731394,39.07484073451628],[-76.92838634586548,39.074576844451094],[-76.92700591947585,39.07976608600544],[-76.92598509589311,39.08028277601539],[-76.92643113003346,39.075285911245345],[-76.92873866947436,39.071591918049414],[-76.92781151237007,39.0700966803142],[-76.92841536766208,39.06782638849349],[-76.92681270712413,39.0655505371974],[-76.92809209934688,39.064060860649256],[-76.9258929796618,39.062367675302696],[-76.9263243056576,39.06074604739947],[-76.92768260784408,39.060619661139796],[-76.92641056854741,39.06042172169527],[-76.9283154130369,39.051598937417864],[-76.9310460480848,39.047970891564006],[-76.93358972314881,39.04836666165491],[-76.9307801654655,39.050631483781395],[-76.9323897823326,39.05121966941481],[-76.93222449572963,39.05018071987893],[-76.93468914805531,39.049213188924945],[-76.9375636048938,39.05168677000365],[-76.94451270690024,39.05378061986615],[-76.946625834008,39.055797812551326],[-76.94712236379377,39.05891460662191],[-76.94593647478749,39.058392527133805],[-76.94577782891963,39.05566598378082],[-76.94103462569653,39.05357754806958],[-76.93755656392865,39.05337437890569],[-76.93772897122325,39.05272571270765],[-76.93187959190728,39.051478036251],[-76.93000405174972,39.05355043589287],[-76.93067953261983,39.054331029042814],[-76.92810662248243,39.060685638062104],[-76.92927071805143,39.066270723265774],[-76.93368371869886,39.06628171172201],[-76.933432142454,39.06556709205537],[-76.93911025540797,39.06746336847542],[-76.94386120583394,39.067864268697654],[-76.94233039551136,39.06863950657555],[-76.94080651975445,39.06772711180622],[-76.93918946466809,39.068826647134]],[[-76.92889737373031,39.054391475222744],[-76.92923511031785,39.0547817753097],[-76.92932135314419,39.05445744792671],[-76.92889737373031,39.054391475222744]]],[[[-76.94213718259851,39.074351025883765],[-76.9420579120251,39.072987747741664],[-76.94256129046613,39.07441695363778],[-76.94696796308416,39.07611508635772],[-76.94213718259851,39.074351025883765]]],[[[-76.9310100016695,39.07633595659342],[-76.93193730418106,39.0778311721598],[-76.93074401395238,39.078996562216766],[-76.9310100016695,39.07633595659342]]],[[[-76.93694054493547,39.078946962099124],[-76.93591980349824,39.07946373363334],[-76.93193730418106,39.0778311721598],[-76.93617852804105,39.07849073312649],[-76.93694054493547,39.078946962099124]]],[[[-76.93990248174481,39.08109616796843],[-76.93744386401187,39.08037619028019],[-76.93685430705042,39.079271296197916],[-76.93863706945017,39.079210735598394],[-76.93837837526168,39.080183741352066],[-76.93990248174481,39.08109616796843]]],[[[-76.93259871409109,39.08198699226962],[-76.93158508170637,39.08081611103135],[-76.93141973929256,39.07977715491145],[-76.93260587296304,39.08029937497254],[-76.93259871409109,39.08198699226962]]],[[[-76.92340348327143,39.08832493636372],[-76.92468334637086,39.08683528872062],[-76.92589149286597,39.08229471959152],[-76.92521580349974,39.0815140964776],[-76.92598509589311,39.08028277601539],[-76.92648090766654,39.08339966628956],[-76.92433813392533,39.08813259273212],[-76.92594852936601,39.088720865813684],[-76.92611381390063,39.089759830933865],[-76.92340348327143,39.08832493636372]]],[[[-76.93343272304853,39.085494147973336],[-76.93512228688535,39.08744558882443],[-76.93494977394117,39.08809425547776],[-76.93308767318112,39.086791475957334],[-76.93343272304853,39.085494147973336]]],[[[-76.93468388744313,39.09075487531972],[-76.93596356207357,39.08926511085249],[-76.93604273606108,39.090628396972896],[-76.93468388744313,39.09075487531972]]],[[[-76.91514140483218,39.0944699328497],[-76.91709724707114,39.093761041166886],[-76.91719110838176,39.091749099929075],[-76.9203330867011,39.09156251464314],[-76.92144784888139,39.08903392655174],[-76.92374134807169,39.08871525378557],[-76.92348242058067,39.089688230233506],[-76.92169938850888,39.08974857354915],[-76.92058462411798,39.09227716423493],[-76.91880152610933,39.09233746600909],[-76.918966716673,39.093376441334726],[-76.91590345719972,39.094926292162036],[-76.91496112681901,39.096806193528295],[-76.9136884886392,39.096608122521204],[-76.91514140483218,39.0944699328497]]],[[[-76.9277097129547,39.0937233220517],[-76.92685400595391,39.09527898439626],[-76.9270338977735,39.09294270716079],[-76.9277097129547,39.0937233220517]]],[[[-76.92650879214776,39.09657629649152],[-76.92718463548601,39.097356914772575],[-76.9274289796504,39.099759173885545],[-76.92582564561096,39.09748329643678],[-76.92650879214776,39.09657629649152]]],[[[-76.929032414144,39.10203503163834],[-76.92714819969608,39.105795032013226],[-76.92835650743265,39.10125442270972],[-76.929032414144,39.10203503163834]]],[[[-76.94109406103894,39.12147261292391],[-76.94270533140791,39.12206067265009],[-76.94418547667611,39.11317161623154],[-76.94486854149515,39.11226451267335],[-76.94468229394903,39.11628845328139],[-76.9430434568673,39.122450940121595],[-76.94090758074992,39.125496555145446],[-76.94098688704358,39.1268598476377],[-76.9403106208084,39.126079299939875],[-76.9417702928001,39.122253155649624],[-76.94109406103894,39.12147261292391]]],[[[-76.91684176944169,39.11297354231857],[-76.91503544983934,39.118096672469385],[-76.91656005859612,39.119009391905955],[-76.91410038897584,39.118288947244906],[-76.91684176944169,39.11297354231857]]],[[[-76.95186285977621,39.12584704645344],[-76.94990649291132,39.12655648952085],[-76.9521215359562,39.124874004151636],[-76.95186285977621,39.12584704645344]]],[[[-76.94921657923761,39.12915125679376],[-76.95828913493644,39.1332615087058],[-76.95879980595933,39.13300302944782],[-76.96168488910557,39.133788455131004],[-76.95947633539308,39.133783477661304],[-76.9598942762899,39.135536983206066],[-76.95734740446461,39.135141745266125],[-76.95769225065571,39.13384433783469],[-76.94692191489241,39.12947040211551],[-76.94334010510984,39.13296700490862],[-76.93867119179595,39.132241741093665],[-76.94063479873904,39.12984484016403],[-76.94098688704358,39.1268598476377],[-76.94096597996382,39.13192274783662],[-76.94368519121903,39.131669636896895],[-76.94582113240195,39.1286239704265],[-76.94845395844627,39.12869509871224],[-76.94905765565618,39.126424681392734],[-76.94990649291132,39.12655648952085],[-76.94921657923761,39.12915125679376]]],[[[-76.93616830343483,38.81775655174173],[-76.9308391743311,38.81793804422878],[-76.93058848260348,38.81722344369225],[-76.93212842841882,38.81307327119643],[-76.93391179043645,38.81132522770762],[-76.93469225418764,38.806718795659854],[-76.93037371810217,38.8080710785612],[-76.92859035085768,38.80981907052918],[-76.92866908370144,38.81118230689628],[-76.9227311653588,38.815321214989794],[-76.92197199168906,38.81486491596851],[-76.92553190869126,38.81305664807967],[-76.92723672071395,38.809945462357405],[-76.91963825733923,38.80707009349202],[-76.91743959902811,38.807064369709764],[-76.91651603581609,38.805569102769624],[-76.928339709067,38.80910446601998],[-76.9322429359497,38.80599874280953],[-76.93528664542356,38.80613610537431],[-76.93680498712972,38.80704853472557],[-76.93782892121737,38.80484422357797],[-76.93689793595259,38.805036660942115],[-76.93706976215375,38.80438801759596],[-76.93808664627538,38.80387125656486],[-76.93133340494549,38.80112848383317],[-76.92828991186157,38.800991024155756],[-76.92685775541071,38.79975417645946],[-76.92221033187596,38.79902833005212],[-76.9224682446945,38.798055396107486],[-76.93420506670465,38.801914508107615],[-76.93809365089518,38.8021837048285],[-76.93893171030729,38.804003133311255],[-76.94223992499113,38.80147980398889],[-76.94477506566102,38.80187533179389],[-76.94478191536248,38.80018778000769],[-76.94800389885329,38.79798862443189],[-76.95146981381407,38.79819149426864],[-76.95325234854776,38.79644317478895],[-76.95536486774672,38.796772596823246],[-76.95510739821646,38.797745599124255],[-76.95747085029755,38.7987895347952],[-76.95679087738594,38.799696666428815],[-76.95770864112103,38.80287918461168],[-76.95855372911535,38.80301092741337],[-76.95939230834534,38.804830217504346],[-76.96184185524054,38.80554973316837],[-76.95913486409704,38.80580322893382],[-76.9593792838078,38.808205324447044],[-76.95776171210001,38.81099261574877],[-76.9539451534639,38.81377481115124],[-76.95369424966799,38.81306025771101],[-76.95776826219314,38.809305061760824],[-76.9587981203322,38.8054130234203],[-76.95778791065412,38.80424240147351],[-76.95838209720296,38.80365960047195],[-76.95644101485318,38.8026815595966],[-76.95578077907821,38.79852602874961],[-76.9527373485913,38.79838917009694],[-76.95095475396344,38.80013748248461],[-76.94884215723943,38.79980798508938],[-76.94815529598286,38.802402621472616],[-76.94562011866009,38.80200716286306],[-76.9466301021072,38.80317788382738],[-76.94129513361086,38.80504737840125],[-76.93934029187292,38.80744417403114],[-76.93688387051246,38.80841176549209],[-76.93755715484653,38.80919229503087],[-76.93670499593273,38.8107479616273],[-76.93585985778113,38.81061606959515],[-76.93593167193646,38.81366685468022],[-76.93288052080841,38.815217061189415],[-76.93278744818711,38.817228933986144],[-76.93473568415665,38.81651979314256],[-76.93828136280406,38.81808626598033],[-76.94352458463591,38.81822877989123],[-76.9454659075543,38.81920702476688],[-76.93819543933675,38.81841058895971],[-76.93802359010951,38.81905923477166],[-76.93599643771928,38.81840519469743],[-76.93616830343483,38.81775655174173]],[[-76.9366331523066,38.80769717787261],[-76.93696978803297,38.808087443746466],[-76.93705570478943,38.80776312195158],[-76.9366331523066,38.80769717787261]]],[[[-76.98640802168991,38.8174805394265],[-76.97280392886235,38.81401179281846],[-76.97424331356481,38.81356055504316],[-76.98573413811862,38.81670027497859],[-76.98641390953324,38.81579298290633],[-76.9839697204726,38.81338639667786],[-76.98692225802277,38.81553440053802],[-76.98640802168991,38.8174805394265]]],[[[-76.98386021921296,38.82046097707267],[-76.97921090956096,38.81973726909039],[-76.9793823940438,38.81908856613834],[-76.98360899931994,38.81974648380082],[-76.98631053244308,38.821180009745824],[-76.98360304625098,38.82143404086415],[-76.98386021921296,38.82046097707267]]],[[[-76.96539689317783,38.82704175310199],[-76.9570225221784,38.82708774989269],[-76.96354091449334,38.825739479158294],[-76.96725927015927,38.8266564419522],[-76.96742454925227,38.82769531244442],[-76.97021185273745,38.828804847135544],[-76.96539689317783,38.82704175310199]]],[[[-76.97266231174488,38.829524150471514],[-76.97994030263973,38.82863100508472],[-76.97951154201687,38.8302527656316],[-76.97393044858903,38.8297216099318],[-76.97333617394804,38.83030448707859],[-76.97012605866168,38.8291291926102],[-76.97266231174488,38.829524150471514]]],[[[-76.92640481883535,38.826364726794175],[-76.92929905241945,38.822088202732836],[-76.92956415586836,38.81942769766832],[-76.93379743642828,38.818399761386274],[-76.9305669424171,38.8222861060166],[-76.9295353392682,38.82617791596944],[-76.9275008132954,38.82721129154523],[-76.92640481883535,38.826364726794175]]],[[[-76.95422885168911,38.82766547524019],[-76.9570225221784,38.82708774989269],[-76.9562564250004,38.82831921746298],[-76.95405712327505,38.8283141439113],[-76.95337683257961,38.82922125947389],[-76.94974440488907,38.82797954838419],[-76.94779600872388,38.82868892618306],[-76.94805368506626,38.82771593608978],[-76.95084740640864,38.82713835003228],[-76.95422885168911,38.82766547524019]]],[[[-76.9656764551193,38.84261997000652],[-76.96356256087408,38.842290722384874],[-76.96331146468518,38.84157618630923],[-76.96542533707893,38.841905438190295],[-76.9656764551193,38.84261997000652]]],[[[-76.96168684050917,38.84605109900788],[-76.96033259507965,38.846177853121986],[-76.95932179589342,38.84500723875041],[-76.96059016591731,38.845204835129316],[-76.96168684050917,38.84605109900788]]],[[[-76.94483408388814,38.84984147307766],[-76.94348662297018,38.84828048289454],[-76.93697991400042,38.84625258224204],[-76.9363062935831,38.84547204654802],[-76.94408128277989,38.84769774786837],[-76.94382348278977,38.84867073178893],[-76.94855343357403,38.85075899986487],[-76.95675877054906,38.85136224955569],[-76.95607829838148,38.85226938222133],[-76.95303262355132,38.85213253009297],[-76.94626752933694,38.851078119215956],[-76.94483408388814,38.84984147307766]]],[[[-76.96302178636084,38.85098701322088],[-76.96420442369477,38.851508914004754],[-76.96428386758659,38.85287213362632],[-76.96302178636084,38.85098701322088]]],[[[-76.9343652278945,38.86442006123897],[-76.93461611898991,38.86513465779124],[-76.93266658233209,38.86584380048699],[-76.93240856576972,38.86681676265297],[-76.92919028591568,38.86732796537995],[-76.9249614132732,38.86666818702043],[-76.9236140669215,38.86510697773883],[-76.92268227436242,38.86529930944792],[-76.92285436914733,38.864650681670575],[-76.91930675689446,38.86308375919975],[-76.91685569656718,38.86236339765917],[-76.91583784587752,38.86287998750639],[-76.91229807804525,38.859625304025116],[-76.91416156797037,38.8592407900303],[-76.9157592971785,38.86151673544687],[-76.92066138766637,38.862957453339526],[-76.92091213936666,38.86367207751014],[-76.92311250558147,38.86367773964789],[-76.9212637496037,38.86068726572377],[-76.92253965943043,38.8591976911094],[-76.92145063681264,38.856663519062614],[-76.92247573213577,38.85445932340107],[-76.92002493048427,38.85373902525714],[-76.91943747046994,38.85263408563618],[-76.9223970683731,38.85309607685983],[-76.92214633849532,38.85238145655496],[-76.92485518774293,38.85212876825262],[-76.9245110898418,38.85342602731967],[-76.92315664286554,38.85355237512991],[-76.922274154924,38.861858192600195],[-76.92463189359157,38.864590323882794],[-76.924036940462,38.86517296665277],[-76.92953436616466,38.86603069125535],[-76.93479519399821,38.86279845105292],[-76.93708151603079,38.86247954295358],[-76.937339454861,38.86150657154761],[-76.93801323453388,38.86228710303198],[-76.93979068875801,38.862226527808744],[-76.94860552033762,38.85887247581598],[-76.95455214541238,38.85304474620601],[-76.95836419701081,38.851950081809875],[-76.95684465026568,38.851037912563385],[-76.95853594277911,38.851301405509105],[-76.96193793618751,38.84676563872681],[-76.96371499203765,38.846704720418586],[-76.96354972270976,38.84566584286025],[-76.96549841927376,38.84495621594451],[-76.96584174784775,38.84365884438022],[-76.9686359391366,38.84308085609355],[-76.96922406774118,38.84418556111303],[-76.96226843860207,38.84884339829488],[-76.96039248287049,38.852603758044665],[-76.95793481921727,38.8535717717263],[-76.95582064235724,38.85324239159557],[-76.95309853516079,38.85687088054237],[-76.94894245651408,38.85926271125593],[-76.94919347276803,38.85997727786016],[-76.94741608121498,38.8600379879495],[-76.94512303369514,38.86204464915798],[-76.94055046728032,38.86268271990696],[-76.9402925671528,38.86365569812877],[-76.93699553489036,38.862803866660485],[-76.9371604645787,38.863842781613364],[-76.9343652278945,38.86442006123897]],[[-76.93741840717944,38.86286980989006],[-76.93792725776636,38.86261142737825],[-76.937504386516,38.862545485887246],[-76.93741840717944,38.86286980989006]],[[-76.9588728971194,38.85169161360883],[-76.9594674617513,38.851108804513665],[-76.95904463775213,38.85104293662165],[-76.9588728971194,38.85169161360883]],[[-76.9594674617513,38.851108804513665],[-76.95997615207746,38.85085033180695],[-76.95955332911785,38.850784465653014],[-76.9594674617513,38.851108804513665]],[[-76.95997615207746,38.85085033180695],[-76.96048483879633,38.85059185701909],[-76.96006201687631,38.8505259926031],[-76.95997615207746,38.85085033180695]]],[[[-76.97131153679025,38.87456650950125],[-76.96919669040713,38.874237356834236],[-76.96928254172407,38.87391301036723],[-76.97030016749645,38.873395980915035],[-76.97131153679025,38.87456650950125]]],[[[-76.96141810293987,38.87201322499196],[-76.96632180151911,38.873452138093754],[-76.96615007285212,38.87410082684289],[-76.96141810293987,38.87201322499196]]],[[[-76.9607310088924,38.87460795123268],[-76.96089630367453,38.87564683599967],[-76.96165635422197,38.8761028993901],[-76.95929033474393,38.87505903494419],[-76.95946212673,38.87441035562833],[-76.9607310088924,38.87460795123268]]],[[[-76.9618281276078,38.87545421671395],[-76.96385709873256,38.876107838011634],[-76.96410831925765,38.87682237579998],[-76.96317648385683,38.87701501226165],[-76.9618281276078,38.87545421671395]]],[[[-76.94717621796299,38.87756229131572],[-76.94852429937646,38.87912324665043],[-76.9501302710252,38.879711187501336],[-76.94801537106534,38.879381673181854],[-76.94717621796299,38.87756229131572]]],[[[-76.91503295493631,38.872549015856016],[-76.91671708908746,38.874500643543335],[-76.91511150193904,38.87391227013428],[-76.91503295493631,38.872549015856016]]],[[[-76.9525421794636,38.89055629896274],[-76.94882074796233,38.88963888759685],[-76.9467983461375,38.88729745104176],[-76.94535733484216,38.88774837347381],[-76.94409513921251,38.88586305257906],[-76.9444390416183,38.884565734210625],[-76.94983873855459,38.88912202519008],[-76.95389726331854,38.89042962934924],[-76.95414179424948,38.8928317577914],[-76.95186128873404,38.89146341266473],[-76.9525421794636,38.89055629896274]]],[[[-76.94862851857404,38.895350260652556],[-76.94829819418483,38.893272453317984],[-76.94135735484048,38.89286643453541],[-76.937721958898,38.891624361834495],[-76.93713392503757,38.8905195011925],[-76.9340866869108,38.89038218271186],[-76.93392174097576,38.88934326036774],[-76.93645989370064,38.88973896229219],[-76.93680395034868,38.88844166449366],[-76.93496108914536,38.8837638194336],[-76.93285327382348,38.88174648002047],[-76.92913254022285,38.88082847857074],[-76.92930461426687,38.880179840643066],[-76.93302531691491,38.88109783685544],[-76.93589308540679,38.883571394969685],[-76.93882606273773,38.89078326443677],[-76.94076925582598,38.89176159096904],[-76.94923027684818,38.89307992834209],[-76.95109442739614,38.89269485737899],[-76.95235692250829,38.89458010858963],[-76.95048600406813,38.896652768459624],[-76.94862851857404,38.895350260652556]]],[[[-76.93053017763575,38.91042966028193],[-76.92842895197943,38.9067246676229],[-76.93071668059619,38.906405875266856],[-76.93123303247421,38.90445994811248],[-76.93224420520707,38.90563079992523],[-76.93656144054309,38.905966007792465],[-76.93375035245982,38.909918420010676],[-76.93205778861413,38.90965458683341],[-76.93255984207309,38.9110837967977],[-76.93053017763575,38.91042966028193]]],[[[-76.91139575789926,38.90947158879507],[-76.91225722546857,38.90622850883768],[-76.91310343017844,38.90636056339993],[-76.91257897472734,38.909993986007805],[-76.91139575789926,38.90947158879507]]],[[[-76.95254043292607,38.93378453774272],[-76.95465693347673,38.93411397714697],[-76.95533157063717,38.93489442161643],[-76.95270574518332,38.93482344133298],[-76.95254043292607,38.93378453774272]]],[[[-76.95575487819285,38.934960302869655],[-76.95771260291417,38.93256321213227],[-76.95872459165167,38.933733852310084],[-76.96177369033865,38.93387056586162],[-76.96100655002381,38.93510207874451],[-76.95762006641993,38.934575131661155],[-76.95735556889167,38.937235733511834],[-76.95414099732542,38.93606000949802],[-76.95575487819285,38.934960302869655]]],[[[-76.92067941098786,38.93591323498207],[-76.91729318183093,38.93538518681938],[-76.91746549026706,38.934736560750935],[-76.92702872301851,38.936903076210996],[-76.93033619130068,38.93606760298913],[-76.93110386047493,38.93483627970347],[-76.932710920233,38.935424450508215],[-76.93356462357167,38.93386878843849],[-76.93559496861582,38.93452287733241],[-76.93634841754401,38.93666667729242],[-76.93575296923339,38.93724938166084],[-76.93169216073227,38.93594117537364],[-76.92685649464758,38.937551715756285],[-76.9243167274317,38.93715581468869],[-76.92414447430339,38.93780445049072],[-76.92067941098786,38.93591323498207]]],[[[-76.92742295767128,38.94371936810718],[-76.92523480432831,38.94033862488404],[-76.92040613123348,38.940261336221184],[-76.91734934436207,38.94181118364622],[-76.91498182510813,38.940766464513025],[-76.91667505030266,38.94103053189357],[-76.92066456844842,38.939288389905734],[-76.92422326230204,38.939167710455095],[-76.92717913736682,38.941317170863805],[-76.92793240879773,38.94346102396837],[-76.93293349199324,38.94288937139103],[-76.93072354225498,38.94457146307348],[-76.92742295767128,38.94371936810718]]],[[[-76.9498269628834,38.95565204894823],[-76.95398851552979,38.953260158724284],[-76.94990625117795,38.957015296003945],[-76.9498269628834,38.95565204894823]]],[[[-76.90366279112581,38.95183542364639],[-76.90197721790575,38.94988359880607],[-76.89715590421959,38.948117825951826],[-76.9006288244045,38.94832212283682],[-76.9050191005288,38.95170928735572],[-76.90831978505433,38.95256197937774],[-76.90814735293702,38.95321059436671],[-76.90925273250059,38.952369753489876],[-76.90890788272903,38.95366698584606],[-76.90712817020099,38.95372711875309],[-76.90730061262263,38.95307850513255],[-76.90366279112581,38.95183542364639]]],[[[-76.9192165772758,39.01775836342861],[-76.91821902790947,39.013212192113286],[-76.91694784343531,39.01301415738125],[-76.91620170794212,39.00918261944794],[-76.9142405532415,39.0115790822059],[-76.91101574075385,39.012089823305914],[-76.91630301461437,39.005483114023406],[-76.91799775097485,39.00574716592443],[-76.91628795481583,39.00885830360971],[-76.91882271035864,39.01094196905515],[-76.91839151245445,39.012563557167915],[-76.92076141762236,39.01360822255302],[-76.91990650453712,39.015163815153116],[-76.92185276612356,39.01614245574613],[-76.9215078387179,39.017439735839936],[-76.9192165772758,39.01775836342861]]],[[[-76.91325630705153,39.04182383368396],[-76.91029675775533,39.039674007856995],[-76.911065860115,39.038442788907666],[-76.91318521897627,39.038772941327444],[-76.91477172517853,39.04442416707105],[-76.91325630705153,39.04182383368396]]],[[[-76.90827282820965,39.05557123810736],[-76.91308631946437,39.06071182778224],[-76.91341639818928,39.06278978157041],[-76.91213672758566,39.06427930664671],[-76.91147664864151,39.06012339106036],[-76.91012600620262,39.05856199081207],[-76.90656920496525,39.05699465936403],[-76.90827282820965,39.05557123810736]]],[[[-76.8983013112453,39.06482611164311],[-76.89693489403713,39.06663978719176],[-76.89608685269931,39.06650761900342],[-76.8974612617286,39.063006342963966],[-76.89432045915653,39.063192349127284],[-76.8966212542727,39.06118656919656],[-76.89611887074827,39.05975718077436],[-76.89833312291407,39.058075674868995],[-76.898600220278,39.055415148780334],[-76.89725791856573,39.05216600325788],[-76.89632365870693,39.052358141992514],[-76.89828650402389,39.049961945825046],[-76.89963673239596,39.051523472408896],[-76.8988672980921,39.052754623364],[-76.90020177403348,39.05769135976835],[-76.89867071249621,39.05846605828077],[-76.89943228401334,39.05892251555978],[-76.89841155719334,39.059438977109956],[-76.89968350299857,39.059637203174056],[-76.89857638155664,39.06047797326309],[-76.8983013112453,39.06482611164311]],[[-76.89841155719334,39.059438977109956],[-76.89790118834428,39.05969720475807],[-76.89832517055079,39.059763283303575],[-76.89841155719334,39.059438977109956]]],[[[-76.91358144462887,39.06382875842447],[-76.9157878694414,39.06383455085453],[-76.91374649578678,39.06486773525215],[-76.91356624635982,39.06720398117121],[-76.91169742135723,39.06758849793176],[-76.91075533662786,39.06946835792501],[-76.90939683966171,39.069594559322894],[-76.9110296794943,39.065120188395305],[-76.91358144462887,39.06382875842447]]],[[[-76.89921986151417,39.068009179052],[-76.89718611513925,39.067354480840464],[-76.89804212832145,39.065799030804634],[-76.89965181606001,39.066387642172394],[-76.89921986151417,39.068009179052]]],[[[-76.8967461096177,39.0706636210549],[-76.89624365813167,39.069234230709846],[-76.89488514036151,39.06936027344697],[-76.89549001795677,39.067090142074065],[-76.89718611513925,39.067354480840464],[-76.89928246040216,39.07274770748667],[-76.89691093562791,39.07170262150867],[-76.89776700591021,39.07014717214879],[-76.8967461096177,39.0706636210549]]],[[[-76.88640458566475,39.06803819069803],[-76.8876848497307,39.066548929692765],[-76.88878401489727,39.0673958658649],[-76.89022893860295,39.06694558893888],[-76.8931106579994,39.067732595287595],[-76.89140645278394,39.069155811692625],[-76.8919952367305,39.07026091921521],[-76.88970218082625,39.07057900508893],[-76.88780854895418,39.07602599965152],[-76.88687395739001,39.07621806814029],[-76.88586114225285,39.07504681534275],[-76.8874791422949,39.07394797295139],[-76.8902207970987,39.06863319952232],[-76.89005607368391,39.06759419077309],[-76.88827355597482,39.067654054329836],[-76.88759020420324,39.068560839226045],[-76.88640458566475,39.06803819069803]],[[-76.8902207970987,39.06863319952232],[-76.89073125598055,39.068375003012335],[-76.89030723044448,39.068308898450546],[-76.8902207970987,39.06863319952232]]],[[[-76.90916252304154,39.08374410504617],[-76.91020655240811,39.07816470543423],[-76.90868288031494,39.07725191517236],[-76.90894196163114,39.076278971803404],[-76.90698651033595,39.0769877328647],[-76.90801515204915,39.074783585117196],[-76.90971147431901,39.0750477532773],[-76.9086196646563,39.07251338762137],[-76.90922413949943,39.070243188120486],[-76.91092036019323,39.07050733956017],[-76.90946779885516,39.072645470413896],[-76.91275117076728,39.07856090436837],[-76.91104709629782,39.07998439292229],[-76.91043492359427,39.08394222191453],[-76.90916252304154,39.08374410504617]]],[[[-76.89063367104593,39.08862636990114],[-76.89309210382933,39.089347274667766],[-76.88961246442541,39.08914276195212],[-76.89063367104593,39.08862636990114]]],[[[-76.89298949839574,39.093046815077045],[-76.89154407273138,39.0934971262641],[-76.89198445343443,39.0901879905696],[-76.89283276368789,39.09032018733028],[-76.89514248843533,39.08662680802168],[-76.89692546589481,39.08656684571458],[-76.89623404008633,39.0891612986526],[-76.89792269002514,39.09111324637648],[-76.89461583368231,39.09026025811566],[-76.89298949839574,39.093046815077045]]],[[[-76.90335049936603,39.09229647020512],[-76.89834685556833,39.09117932522706],[-76.89818196484423,39.09014032295073],[-76.90276136415825,39.091191412011526],[-76.90335049936603,39.09229647020512]]],[[[-76.88400385726379,39.09029515172583],[-76.87686306691602,39.092221723174355],[-76.87585019008093,39.091050385323435],[-76.87662041988426,39.0898193684233],[-76.88077533883033,39.090805114435426],[-76.88426331552976,39.0893222574937],[-76.88587341275093,39.089911049894255],[-76.88791588621662,39.088878318745415],[-76.88961246442541,39.08914276195212],[-76.88680818308224,39.08971898844346],[-76.88603812694843,39.09095006844604],[-76.88400385726379,39.09029515172583]]],[[[-76.87327118442349,39.09740390032925],[-76.87165244714247,39.09850256250043],[-76.87148792155286,39.0974635234183],[-76.87327118442349,39.09740390032925]]],[[[-76.89064692032832,39.103490641675045],[-76.89320039548366,39.10219962115737],[-76.89174667896242,39.10433755744876],[-76.88945254635962,39.104655640744646],[-76.8886823767075,39.10588674061478],[-76.88546145468212,39.10470920422448],[-76.88852577595274,39.103160100800636],[-76.89064692032832,39.103490641675045]]],[[[-76.88146200791314,39.10645026144912],[-76.8767088794539,39.106046972517134],[-76.87509000157097,39.107145681266296],[-76.8764577260094,39.1053322323423],[-76.88027581508895,39.10592755075839],[-76.88546145468212,39.10470920422448],[-76.88146200791314,39.10645026144912]]],[[[-76.89385174960398,39.10804328931086],[-76.8969080419951,39.10818160153743],[-76.89937513237676,39.10721476102353],[-76.90098574863431,39.107803359651605],[-76.89715940649788,39.1088963007732],[-76.89367881923354,39.108691901152774],[-76.89281412105768,39.11193495797359],[-76.89111699885945,39.111670557318824],[-76.89385174960398,39.10804328931086]]],[[[-76.86540187599331,39.10867462813698],[-76.8670296192907,39.10588842397526],[-76.86897759890552,39.10686790902854],[-76.86880444924745,39.107516486102064],[-76.86719410019359,39.10692747062849],[-76.86540187599331,39.10867462813698]]],[[[-76.87185209889522,39.10934303621791],[-76.87134986972947,39.10791353493056],[-76.86947977415976,39.10829741961049],[-76.86880444924745,39.107516486102064],[-76.8718606716923,39.10765541405798],[-76.87278715634113,39.10915107950947],[-76.87185209889522,39.10934303621791]]],[[[-76.87456219505039,39.1107790604607],[-76.87270059618417,39.10947537086166],[-76.87872669850425,39.11007725577285],[-76.87456219505039,39.1107790604607]]],[[[-76.87974827680117,39.10956095110995],[-76.88280460616565,39.10969961008627],[-76.88118573908149,39.11079839898462],[-76.88380955980057,39.11255851944441],[-76.88644174229104,39.1126309603592],[-76.88899561348614,39.1113400239424],[-76.89103051753314,39.111994861585075],[-76.88312572985814,39.11346528741252],[-76.8785536282423,39.11072584682292],[-76.87974827680117,39.10956095110995]]],[[[-76.86928936060518,39.11232124292055],[-76.86148834193664,39.11009075776656],[-76.86403381262969,39.11048795658283],[-76.86480444876857,39.10925700836242],[-76.86479571184928,39.11094463055326],[-76.86928936060518,39.11232124292055]]],[[[-76.87301264858536,39.1149286981675],[-76.8705535493368,39.11420739272583],[-76.87072669932662,39.113558812376276],[-76.87318577833723,39.11428011430248],[-76.87301264858536,39.1149286981675]]],[[[-76.90805784708228,39.12106403217231],[-76.90780633322917,39.1203493532814],[-76.90984935072538,39.1193162557065],[-76.90950371894432,39.12061352656592],[-76.90805784708228,39.12106403217231]]],[[[-76.87920388044672,39.116569601277185],[-76.88141190448684,39.1165760042368],[-76.88021716722899,39.1177409175248],[-76.87851995524476,39.117476344621736],[-76.87741170722872,39.118316935176225],[-76.87960299629762,39.12169862290932],[-76.883430277018,39.120606219403136],[-76.88130031089278,39.121963181247835],[-76.88137849444115,39.12332651053284],[-76.87883247896748,39.1229296658358],[-76.87748137044284,39.12136789242566],[-76.87561096085795,39.12175187034052],[-76.87604376209451,39.12013039916893],[-76.87435502556121,39.11817814338843],[-76.87648501044039,39.11682130152422],[-76.87775790123057,39.117019754179175],[-76.87776633771925,39.115332129099954],[-76.87920388044672,39.116569601277185]]],[[[-76.90396377621263,39.124817765181625],[-76.90525247962918,39.12164067833939],[-76.90754707949567,39.12132230242326],[-76.90592832772172,39.122421415953006],[-76.90600697406214,39.12378472983064],[-76.90829391047443,39.125153969619866],[-76.91262408481758,39.125490023297296],[-76.91245128056156,39.12613866345253],[-76.9161055303648,39.12569389318102],[-76.91609798358752,39.12738152416951],[-76.9178819442535,39.127321260764454],[-76.91694677215716,39.127513557295885],[-76.91702563085485,39.128876865572714],[-76.91490362502502,39.12854677315634],[-76.91491119967736,39.126859141849415],[-76.91176768039064,39.12704559133116],[-76.91193284927273,39.12808458297897],[-76.90837260418027,39.126517282738526],[-76.9058263294398,39.12612099050286],[-76.9056534629699,39.12676962129135],[-76.90370445505093,39.12579070716998],[-76.90302074893,39.1266975868989],[-76.89580644087832,39.12557431304355],[-76.8964902265064,39.12466747318378],[-76.89861203526655,39.124997879540736],[-76.89887142181641,39.124024948326124],[-76.89946076417607,39.12513003195232],[-76.90115823126091,39.12539431940749],[-76.90099322263683,39.12435531401074],[-76.90396377621263,39.124817765181625]]],[[[-76.88662563744053,38.813730336437345],[-76.88705636606876,38.81210890095835],[-76.88452118319016,38.811712190946295],[-76.8837540236056,38.81294320775701],[-76.88248642320086,38.81274482541453],[-76.88401249859436,38.811970352688085],[-76.88444327491983,38.81034892658326],[-76.88511601584908,38.81112974130826],[-76.8881680107984,38.80958071254102],[-76.8902806160712,38.809911245530365],[-76.89062511746404,38.808614087567356],[-76.89265964699261,38.80758131978655],[-76.89402934194644,38.80408020697778],[-76.89486632395112,38.80589993387289],[-76.8989271431677,38.805521775808025],[-76.8991853894915,38.80454888978964],[-76.9005389680396,38.80442280469636],[-76.90080505620922,38.801762365991856],[-76.89801984244839,38.8006512726198],[-76.89708880576212,38.8008434105514],[-76.8970808526548,38.80253095959267],[-76.89217522211088,38.80277686691195],[-76.89006281487326,38.80244636648005],[-76.8890537495775,38.80127518435384],[-76.88819248991422,38.804518064519456],[-76.88624412225751,38.80522647217735],[-76.88439011239635,38.803923015383845],[-76.88515716638253,38.80269199572222],[-76.87957887156155,38.80215659006503],[-76.88169953201849,38.800799721338905],[-76.88187183902473,38.800151154971324],[-76.88018200988598,38.79988661694087],[-76.88061279999401,38.79826520606948],[-76.88525976062186,38.798992613888494],[-76.88543203170725,38.79834404267844],[-76.88669938988929,38.79854239458948],[-76.88686345797015,38.79958136930263],[-76.89328654722406,38.80024863484699],[-76.8932945878561,38.79856108641995],[-76.89447587611826,38.79908364983857],[-76.89421758633343,38.80005652552011],[-76.89523471353374,38.79954011670963],[-76.89632994318747,38.8003869549879],[-76.89658820597104,38.799414074868864],[-76.89810592360774,38.80032697811333],[-76.90114933197151,38.80046517978368],[-76.90064865521641,38.79903586057267],[-76.90320691893223,38.79436959391846],[-76.90373100996075,38.79073625780336],[-76.8973947344817,38.789745241062064],[-76.89687829199107,38.79169100244327],[-76.89518860441235,38.79142666945465],[-76.89255994493492,38.79304196440276],[-76.89263798639556,38.794405221378874],[-76.89145678705191,38.79388264065531],[-76.89180119184454,38.79258548141752],[-76.88799124440763,38.79367809082721],[-76.88723251328891,38.793221579812624],[-76.88960297233908,38.792579263331554],[-76.88910257591232,38.79114989850042],[-76.89239581043671,38.79200299788176],[-76.89451593736824,38.790645910936014],[-76.89392937171863,38.78954085754587],[-76.89553293126144,38.79012950013248],[-76.89536876097905,38.789090537834916],[-76.90483397882775,38.789895472425535],[-76.90762659384714,38.78931886350369],[-76.90491224627101,38.79125872125256],[-76.90456030166375,38.79424346498328],[-76.9021742509783,38.79826116505771],[-76.90335559798596,38.79878364373118],[-76.90233853882427,38.79930011922116],[-76.90146218920803,38.80591819062648],[-76.89977215545292,38.80565391984627],[-76.89959999461173,38.806302511460544],[-76.90247151796122,38.80708927213639],[-76.90431814489706,38.81008000928899],[-76.90211939708993,38.81007401345742],[-76.90253410415971,38.81182762625429],[-76.90075784734547,38.81188766671654],[-76.9015247088314,38.810656544707946],[-76.90093787607461,38.80955152241484],[-76.89924776003343,38.809287244383185],[-76.89883314641597,38.80753362102064],[-76.8944358055998,38.80752139551959],[-76.89095341545199,38.81069202850491],[-76.89238517771582,38.81192929277205],[-76.89010024510418,38.81224737440545],[-76.8896695833278,38.813868820494264],[-76.88882449417508,38.813736607400365],[-76.89017014674195,38.81529818617283],[-76.88847178270811,38.81672131185198],[-76.88830765315807,38.815682337523924],[-76.88703999276129,38.81548400174247],[-76.88780712360862,38.81425296426168],[-76.88662563744053,38.813730336437345]],[[-76.88942744050942,38.811466586674726],[-76.88891877499297,38.811724768565405],[-76.88934130761662,38.811790875498176],[-76.88942744050942,38.811466586674726]],[[-76.8978238699289,38.806362509801176],[-76.8985828040199,38.806818956471446],[-76.89866888995503,38.80649466137996],[-76.8978238699289,38.806362509801176]],[[-76.89866888995503,38.80649466137996],[-76.8991774844855,38.806236439570405],[-76.8987549751247,38.80617036623888],[-76.89866888995503,38.80649466137996]],[[-76.88389799856166,38.800806079772535],[-76.88414817645204,38.80152077358764],[-76.88490697458975,38.801977303865506],[-76.88516539534686,38.80100444743405],[-76.88389799856166,38.800806079772535]],[[-76.88271675818991,38.80028341533978],[-76.88212199481794,38.80086585283575],[-76.88254445838335,38.80093198289141],[-76.88271675818991,38.80028341533978]]],[[[-76.87577668742232,38.80156127653666],[-76.87400065864541,38.801620933102484],[-76.87288864420539,38.80414899233052],[-76.8748201760075,38.80681589117574],[-76.87497562819186,38.80954243118177],[-76.87666566214996,38.80980704052195],[-76.87674342447079,38.811170309700984],[-76.87454464616253,38.81116382421095],[-76.87314835776908,38.81972737393435],[-76.87145810668429,38.81946271632162],[-76.87056103517467,38.81290445606506],[-76.86934531008059,38.81913186187336],[-76.8684139619639,38.81932378450795],[-76.86761203316635,38.81075367992814],[-76.86609448031435,38.809840401978754],[-76.86846566555393,38.809198489248466],[-76.86619805139875,38.80614103344902],[-76.86629294644345,38.80412921340353],[-76.86493931424005,38.80425492408741],[-76.86621538693595,38.80276593860909],[-76.86410309771752,38.80243499526628],[-76.86394806705226,38.79970844351021],[-76.86257701046617,38.80320922187875],[-76.86080972327467,38.801581142393545],[-76.86062842907826,38.80391722632169],[-76.86366318944728,38.80574389662826],[-76.86356821976914,38.8077557149743],[-76.86313699472075,38.809377068000096],[-76.86229200573847,38.809244673892515],[-76.86238701255489,38.807232856231934],[-76.8615420497735,38.80710045703418],[-76.86067070162007,38.8120306956642],[-76.85948062171609,38.81319535731426],[-76.85839447711942,38.810660644018746],[-76.85925713405715,38.80741796935062],[-76.85833475923901,38.80592226864617],[-76.85706735002437,38.805723626232705],[-76.85818878988083,38.80150816224492],[-76.85649901524802,38.801243300933024],[-76.85625800665868,38.798841005357474],[-76.85930127347478,38.798980235716854],[-76.85904251496909,38.79995303793712],[-76.86022358033294,38.800475928217494],[-76.86015494526413,38.797425104113465],[-76.86210335783925,38.79671710756401],[-76.8620346476982,38.793666285589374],[-76.8608536795945,38.79314341292389],[-76.86025879990274,38.79372574497916],[-76.86026760377686,38.792038199838984],[-76.86282820450643,38.787372771100706],[-76.8583635373413,38.784308445570886],[-76.85540713574389,38.78384492807109],[-76.8534590019351,38.784552818387205],[-76.853890295323,38.78293150287785],[-76.8591308242013,38.78307758946155],[-76.86038904586566,38.78496375411973],[-76.86401780978429,38.786208080154836],[-76.86476762375625,38.7883522777631],[-76.86687950827408,38.788683209332504],[-76.86906040862003,38.79206492165986],[-76.87303440938197,38.79201188735399],[-76.87311208488002,38.793375156479264],[-76.87556039523308,38.79409637806371],[-76.87268115694376,38.794996540495184],[-76.87386223980657,38.79551930041433],[-76.87325894094218,38.7977892418005],[-76.87519877716262,38.79876858598056],[-76.87358669553377,38.79986722656688],[-76.87561277279492,38.80052228694117],[-76.87577668742232,38.80156127653666]],[[-76.86080972327467,38.801581142393545],[-76.86055977383995,38.80086640143542],[-76.8603872756646,38.80151493816966],[-76.86080972327467,38.801581142393545]],[[-76.86245705135515,38.793732484142886],[-76.8628881990435,38.79211113591813],[-76.86204341048828,38.791978740332574],[-76.86144854978963,38.79256107804164],[-76.86245705135515,38.793732484142886]],[[-76.87358669553377,38.79986722656688],[-76.87307805484218,38.80012534308848],[-76.87350050591866,38.80019150400007],[-76.87358669553377,38.79986722656688]],[[-76.87117309662321,38.808946975852145],[-76.8702933260232,38.799013626180084],[-76.87225020985242,38.79661792325836],[-76.87150009100749,38.79447376933364],[-76.87066382293527,38.79265388652301],[-76.86939661066243,38.792455370569044],[-76.86820698938755,38.7936201138792],[-76.86720704025785,38.790761209206934],[-76.86341428163567,38.78847797158472],[-76.86170724999604,38.791588271471426],[-76.8655087995479,38.792184016520764],[-76.864982794541,38.79581719101012],[-76.86581895715139,38.79763711273737],[-76.87012949521662,38.79797462957961],[-76.86931066520515,38.809330841223904],[-76.87049195602356,38.8098536340208],[-76.87117309662321,38.808946975852145]]],[[[-76.91654951830219,38.8170576580022],[-76.92137742294526,38.81544754283263],[-76.91976566846127,38.816546786398824],[-76.91654951830219,38.8170576580022]]],[[[-76.91046126998708,38.8167819365126],[-76.91249574642595,38.81574884197403],[-76.91621295045036,38.816667336270044],[-76.91654951830219,38.8170576580022],[-76.91646349940817,38.81738196586057],[-76.91730868087001,38.81751399036772],[-76.91713664799217,38.81816260711989],[-76.91510970789011,38.81750822520928],[-76.91409247084992,38.81802479820766],[-76.91266022069975,38.81678778421554],[-76.91104830521527,38.817886914463514],[-76.91046126998708,38.8167819365126]]],[[[-76.87836640448748,38.824935299456676],[-76.877193228815,38.822725029583424],[-76.87997896826252,38.823836593892835],[-76.88039322116677,38.82559028323982],[-76.87836640448748,38.824935299456676]]],[[[-76.84692349923598,38.82068523434949],[-76.84852736399172,38.82127448757289],[-76.84716427252071,38.82308755328618],[-76.84573305856665,38.82184976487946],[-76.84692349923598,38.82068523434949]]],[[[-76.88735620905807,38.83748829912043],[-76.8898223919556,38.83483413307765],[-76.88450014803634,38.83332607759066],[-76.88466426304805,38.834365058862105],[-76.88128301092782,38.833836034121994],[-76.88061843917522,38.83136764359296],[-76.87757378000606,38.831228936781315],[-76.87605567626898,38.8303157790155],[-76.87342519104683,38.831930673868214],[-76.87433123804897,38.83680137260369],[-76.87195920676456,38.83744339947705],[-76.87171756915225,38.835041125214275],[-76.8737700963112,38.83063355990753],[-76.87164842064024,38.83199029687878],[-76.86810349827101,38.83042191430213],[-76.86598172332735,38.83177855417052],[-76.86649927415331,38.82983291406432],[-76.86540394871989,38.828985809429305],[-76.86768951348387,38.828668182979435],[-76.87470157478276,38.83044159676571],[-76.87640052710314,38.82901865795067],[-76.8795229266743,38.83052066369572],[-76.88039322116677,38.82559028323982],[-76.88123843240004,38.825722554033796],[-76.88079082803006,38.83071907673527],[-76.88298191389887,38.832413004520944],[-76.88780340509327,38.83249174913299],[-76.8876310744231,38.8331403258709],[-76.89303951336083,38.83432395469364],[-76.8994736210946,38.83330334733448],[-76.90327765378106,38.83389793498032],[-76.90557096752575,38.831892054597105],[-76.9020488445487,38.8252619817017],[-76.89934881768427,38.82382661756739],[-76.89461401089757,38.823424029647185],[-76.89377683406502,38.8216042978573],[-76.89166387421494,38.821273824128546],[-76.89327615667804,38.82017494584667],[-76.89268937231456,38.819069883409604],[-76.89455192932691,38.81868566602268],[-76.89378486570651,38.81991674583651],[-76.89529497832505,38.822517237571425],[-76.8977444863727,38.823238022468836],[-76.89918451717868,38.82278765691084],[-76.90306626784879,38.82474550725682],[-76.90624413344446,38.83267275623474],[-76.90742606713681,38.83319519787776],[-76.91267031489038,38.83333901841516],[-76.91936213277121,38.83134446072174],[-76.92623284598562,38.82701335676932],[-76.92783749023064,38.82760158301712],[-76.9262110004915,38.83207602345554],[-76.92790174240375,38.83233993404395],[-76.92882587818434,38.83383512011925],[-76.93389829139173,38.834626675726724],[-76.93448582545541,38.83573154458745],[-76.93025873743292,38.83507194930724],[-76.92409759031275,38.831746102774794],[-76.92341689491953,38.832653054058355],[-76.91512035820114,38.834059460439605],[-76.9149482668195,38.83470807526608],[-76.91334357017895,38.83411968158542],[-76.91308540803665,38.83509260005534],[-76.90539103207938,38.83422821098379],[-76.90242447479793,38.835453369499085],[-76.90081986283391,38.83486481352495],[-76.8996300516533,38.836029863690364],[-76.8901589023778,38.8352245272588],[-76.88801289745065,38.84164421031075],[-76.88735620905807,38.83748829912043]]],[[[-76.84111589278761,38.8309219117],[-76.84394732627564,38.82359653947819],[-76.84564671911951,38.82217402361417],[-76.84316094981973,38.82820240528138],[-76.84493765114891,38.82814319095735],[-76.84510119078264,38.82918222399125],[-76.84636897512456,38.82938098936362],[-76.84840471065343,38.82834894671258],[-76.85102659896972,38.828422134172904],[-76.85374376290615,38.826483451187066],[-76.85220806795799,38.82894510241143],[-76.85000875594105,38.828938181218504],[-76.85050864531532,38.830367709309],[-76.84298823223895,38.828850919541544],[-76.8417112287978,38.83033966949183],[-76.84398775411658,38.83171003055885],[-76.84381503558083,38.832358546211296],[-76.84111589278761,38.8309219117]]],[[[-76.91482448914033,38.84347016573555],[-76.9151762511736,38.840485377983526],[-76.91433836525117,38.838665781963265],[-76.91587216697596,38.83620335835309],[-76.9149482668195,38.83470807526608],[-76.91706172144478,38.83503815216555],[-76.91722630429199,38.83607709042133],[-76.91551292342766,38.84087570350653],[-76.91626481403593,38.843019600611676],[-76.91498905914075,38.84450910791118],[-76.91287533934401,38.84417899530598],[-76.91482448914033,38.84347016573555]]],[[[-76.89409511022826,38.843608592108595],[-76.8986045248143,38.8382338657909],[-76.89869856745227,38.83622201441896],[-76.90047541878295,38.83616200334214],[-76.89655328512269,38.842641846090416],[-76.89502670093687,38.84341647584514],[-76.8953552811041,38.84549441264185],[-76.89754714943895,38.84718808544902],[-76.89509683862329,38.84646729480025],[-76.89409511022826,38.843608592108595]]],[[[-76.85065420750192,38.834781837663414],[-76.84456473001812,38.834502875939584],[-76.84355595201654,38.83333131932178],[-76.84441036176757,38.83177629094121],[-76.84618714916334,38.831717058670954],[-76.84660063408329,38.833470862385575],[-76.8539489626323,38.835635963536404],[-76.85369000262759,38.83660875817866],[-76.85065420750192,38.834781837663414]]],[[[-76.88859979262006,38.84274929753348],[-76.88690075843924,38.844172405771864],[-76.88843560265111,38.84171032054014],[-76.88859979262006,38.84274929753348]]],[[[-76.88375282368295,38.84773325102776],[-76.88436446143689,38.843775691234086],[-76.88614150864795,38.84371588573147],[-76.88681457566702,38.84449669394535],[-76.88859163844162,38.844436853290624],[-76.89129221681732,38.84587245508769],[-76.88917042377224,38.8472294944213],[-76.88790221246651,38.84703116680913],[-76.88873138302901,38.85053850014788],[-76.8866176074,38.850207939304376],[-76.88375282368295,38.84773325102776]]],[[[-76.86428161600286,38.849752615293454],[-76.86369503310883,38.84864741204156],[-76.86530834248983,38.84754889473114],[-76.86428161600286,38.849752615293454]]],[[[-76.8387091463426,38.853177223834784],[-76.83532735556166,38.85264694354472],[-76.83550019767665,38.851998438298025],[-76.83845923669482,38.85246243443669],[-76.8387091463426,38.853177223834784]]],[[[-76.83374336077698,38.86354614753255],[-76.83204277097208,38.864968506470774],[-76.83282079926332,38.86205024786623],[-76.83374336077698,38.86354614753255]]],[[[-76.91026427361685,38.87889727856039],[-76.9080557413953,38.88057895227216],[-76.90908157830538,38.878374861295704],[-76.91026427361685,38.87889727856039]]],[[[-76.86378805334363,38.87973819557059],[-76.8679308201358,38.88072433884569],[-76.87234110868606,38.8790499439874],[-76.87157303441016,38.880280894449115],[-76.86724896824103,38.8816309863263],[-76.86361539719081,38.880386742347895],[-76.86378805334363,38.87973819557059]]],[[[-76.88718861429712,38.88947835458393],[-76.89141846853407,38.89013942374922],[-76.89124603369169,38.89078800981639],[-76.88515172029142,38.890511041837854],[-76.88718861429712,38.88947835458393]]],[[[-76.84121176637339,38.92146784840933],[-76.84214449239477,38.92127612805417],[-76.84206726016747,38.91991281978869],[-76.8437597356693,38.920177881660074],[-76.84452870076039,38.9189470973806],[-76.84681717968068,38.91862985275034],[-76.84724941489536,38.917008536125124],[-76.84961518970132,38.91805454439113],[-76.85105739266692,38.9176047334982],[-76.85123024887206,38.9169562011639],[-76.84877804953804,38.916234488359635],[-76.84971975167521,38.91435514360113],[-76.84845957112523,38.91246884340732],[-76.84839132325749,38.90941797422578],[-76.84474751102704,38.90986073896364],[-76.84287313917207,38.911931777458676],[-76.84144025242568,38.91069392662208],[-76.84899632159174,38.90714812568663],[-76.84883255135645,38.90610908832714],[-76.84756342489268,38.90591034638298],[-76.84891897610824,38.90578482422122],[-76.84978318130867,38.902542180592775],[-76.84903263306346,38.90039786540533],[-76.84709044250049,38.89941810018714],[-76.84727240846681,38.897082011227454],[-76.84516663685305,38.895063178106334],[-76.841350631272,38.89615436427767],[-76.84150502142067,38.898880973479244],[-76.83972659211683,38.89894013903214],[-76.83827536260924,38.901077380562576],[-76.83751582455936,38.900620559477844],[-76.83863053900203,38.898092790880064],[-76.8372751131953,38.89821820043079],[-76.83609262798113,38.89769508555651],[-76.83914929136243,38.8961472502109],[-76.84075475455359,38.896736609181254],[-76.84059112526437,38.895697562318844],[-76.84432987200039,38.893243097437015],[-76.84408896033145,38.890840753854654],[-76.84172414850944,38.88979464381978],[-76.84071465064916,38.888623056616],[-76.84181982827204,38.88778282401814],[-76.83962803451975,38.88608815748895],[-76.83633116595998,38.88523364571983],[-76.83532181800412,38.88406201525455],[-76.83430308652981,38.884577936479445],[-76.83193861847212,38.88353164056654],[-76.83270739649818,38.882300935348724],[-76.83085238356732,38.88099666609524],[-76.83086187899538,38.87930910735014],[-76.82823818005913,38.879235492572306],[-76.82901651303045,38.87631725295191],[-76.83044851277444,38.87755524202698],[-76.83298569157233,38.87795306191717],[-76.83393672985926,38.87438628819086],[-76.83520527015108,38.87458516884585],[-76.84199864579546,38.870582971956665],[-76.84343075338053,38.87182081017247],[-76.84429480002511,38.86857821835553],[-76.84556326748012,38.86877699284825],[-76.84707267165693,38.87137808624988],[-76.84851396662576,38.87092830756419],[-76.84994619165782,38.87216607053359],[-76.85054179404102,38.871583783199036],[-76.85214680822301,38.87217299285924],[-76.85070551105954,38.87262281386249],[-76.85078285476807,38.87398610861253],[-76.85002352067688,38.873529365683574],[-76.8501008525892,38.874892661006015],[-76.84840940575141,38.87462768720253],[-76.85035095334524,38.875607428771644],[-76.8460359149447,38.87526922038553],[-76.84399883512597,38.87630122951712],[-76.84291228848582,38.87376636296664],[-76.84368077817403,38.87253559113635],[-76.84080731135685,38.87174746154066],[-76.83384085005537,38.87639809862783],[-76.83423545749618,38.88152707027129],[-76.84201117194688,38.883759185687],[-76.84428018672962,38.88681711050754],[-76.84351155653476,38.88804788817889],[-76.8455398154116,38.88870344702094],[-76.8457126521624,38.888054924777315],[-76.84893243201437,38.88754588898148],[-76.84996015526437,38.885342285920366],[-76.85080600432869,38.8854747652951],[-76.85006465278414,38.88164290021014],[-76.8513423846277,38.88015405550202],[-76.85210179601879,38.880610790712375],[-76.85182463147518,38.88495870838182],[-76.85766814545087,38.88452256136532],[-76.85843649933075,38.88329169645431],[-76.859791611024,38.88316605577205],[-76.86081894410239,38.8809623638671],[-76.8587221129865,38.87725620450041],[-76.85924901793659,38.87362302508907],[-76.85613409864207,38.87043294217767],[-76.85690232988712,38.8692020888544],[-76.85597030914889,38.869393918955865],[-76.85759306902158,38.86660794146407],[-76.8547196854883,38.865820135010885],[-76.85144159050853,38.86159091291365],[-76.85203709453059,38.86100861911011],[-76.85683376912364,38.86615124066041],[-76.85827490048312,38.86570134872726],[-76.86168380336655,38.86116833020055],[-76.86246060434586,38.85824988690321],[-76.86127858681311,38.857727014793376],[-76.86323734312354,38.85533143970661],[-76.86274578671087,38.85221440335406],[-76.86215920729254,38.85110919252703],[-76.8600455356979,38.85077817830511],[-76.86030446122527,38.84980536887216],[-76.85860471028553,38.851228090066925],[-76.85302289667078,38.850691485293794],[-76.85116832464628,38.84938752492691],[-76.8563273006985,38.84985799477295],[-76.85726795079901,38.847978607840794],[-76.86081349377395,38.84954730350512],[-76.86097730770518,38.850586317963376],[-76.8633498633486,38.849944500469014],[-76.86258194391488,38.851175391045565],[-76.86400529527269,38.85410054449372],[-76.86244308174368,38.86162500102148],[-76.85741150995932,38.868944036893865],[-76.86018108413047,38.87343117023221],[-76.86280460620348,38.87350410874096],[-76.86408193506836,38.87201513416037],[-76.86831919297578,38.870989430614465],[-76.86857807986968,38.87001660163985],[-76.86976034909432,38.87053940485395],[-76.87272888349902,38.86931502388988],[-76.87577512455529,38.86945385036904],[-76.87993418438631,38.86706447177794],[-76.88197880694607,38.86434431375263],[-76.88233201475074,38.861359612462586],[-76.87397913567916,38.85633731966459],[-76.87213258177285,38.85334611557539],[-76.87348711316506,38.85322032559611],[-76.87491094206251,38.85614535441016],[-76.88115813257008,38.85914937139051],[-76.88439289413186,38.855264300684745],[-76.88786135465529,38.855468952509035],[-76.88447084946621,38.856627571580695],[-76.88174506476135,38.86025449324676],[-76.88360046020753,38.8615579974164],[-76.88987285361763,38.859498900095794],[-76.89096892192222,38.860345791137526],[-76.88351424219469,38.861882283926825],[-76.88103025097607,38.867911451473994],[-76.87823441415316,38.86848746506619],[-76.8749209423688,38.87100910157865],[-76.87373862850575,38.87048634757029],[-76.86958776788278,38.871187959237915],[-76.8606814782527,38.874860664377],[-76.86167354393059,38.87940720803055],[-76.8639519775602,38.880777209737374],[-76.86207012680653,38.884536092699584],[-76.86875079443597,38.8859193820415],[-76.8710295647684,38.8872892547234],[-76.86916513005878,38.88767312125399],[-76.86443506000917,38.88558181387524],[-76.85885057175828,38.885045469570606],[-76.85833242450528,38.88699108995356],[-76.8568045048963,38.88776525261178],[-76.85282526979096,38.88781776635418],[-76.8517202185602,38.88865809707657],[-76.85120185520746,38.89060368851258],[-76.85406721883137,38.89307914185195],[-76.85313488517765,38.893270951183915],[-76.85346249531983,38.89534901106204],[-76.85658726477305,38.89685160651151],[-76.85632812239847,38.89782441361311],[-76.8576835080509,38.89769879575425],[-76.85852065770148,38.8995187872865],[-76.86308750179624,38.90057130621244],[-76.86639405316629,38.89973754226049],[-76.86623005145667,38.89869852888442],[-76.87028760751443,38.90000887163005],[-76.86579834731847,38.90031990778591],[-76.8604541922053,38.90218593880999],[-76.85995361484648,38.90075643893364],[-76.85707885886977,38.89996868392505],[-76.85599150413293,38.89743392469788],[-76.85353991474733,38.896712307878076],[-76.85051970268911,38.89151024504389],[-76.84916441981665,38.89163578448155],[-76.84890519688261,38.89260857542706],[-76.84679038157768,38.8922773334488],[-76.8459353130996,38.89383238909924],[-76.848714210722,38.89663222880495],[-76.84995601311637,38.9018936513059],[-76.8508020543556,38.90202613098248],[-76.85078398103899,38.90540126135582],[-76.85196669683813,38.90592423660281],[-76.8517938733686,38.906572769028195],[-76.85027452265183,38.90565928724072],[-76.84932387607903,38.90922620017574],[-76.85005641451967,38.91474565039776],[-76.85300012157911,38.91858443887818],[-76.85087549683216,38.919940834231916],[-76.84604825661346,38.919860651168605],[-76.84400992970475,38.92089266631229],[-76.84374133146987,38.92355301902836],[-76.84121176637339,38.92146784840933]],[[-76.84848684465473,38.90740614428388],[-76.84882346877227,38.90779665407375],[-76.84890989556673,38.907472389903496],[-76.84848684465473,38.90740614428388]],[[-76.85120185520746,38.89060368851258],[-76.85060610261478,38.89118598036147],[-76.85102906127108,38.89125221861376],[-76.85120185520746,38.89060368851258]],[[-76.8514714824869,38.91935853893246],[-76.85122122049236,38.91864376948274],[-76.85104836020155,38.91929230194984],[-76.8514714824869,38.91935853893246]],[[-76.84400992970475,38.92089266631229],[-76.84367327086659,38.92050214278139],[-76.84358680529395,38.920826403856516],[-76.84400992970475,38.92089266631229]],[[-76.84937402163311,38.915652203427236],[-76.84971068861938,38.91604271122931],[-76.84979712124887,38.91571844609096],[-76.84937402163311,38.915652203427236]],[[-76.84528055451634,38.889676230031874],[-76.84518496782856,38.89168805297524],[-76.84687679901097,38.89195307133509],[-76.84747258768091,38.89137079735447],[-76.84604002715577,38.89013300291596],[-76.84629927953635,38.88916021826157],[-76.84528055451634,38.889676230031874]],[[-76.85113351299547,38.88755282931786],[-76.85147005957444,38.8879433309424],[-76.85155645104092,38.88761906574081],[-76.85113351299547,38.88755282931786]]],[[[-76.88110569244155,38.90406499316601],[-76.88398913755952,38.90316462384261],[-76.88440393813298,38.90491831589281],[-76.88373033867445,38.90413748896624],[-76.88110569244155,38.90406499316601]]],[[[-76.88474074327756,38.90530872801306],[-76.88583744121381,38.906155669169905],[-76.88608799995906,38.90687036754064],[-76.88439567978867,38.906605883867684],[-76.88474074327756,38.90530872801306]]],[[[-76.88861834247372,38.90895461852217],[-76.88591547804785,38.9075189475664],[-76.88608799995906,38.90687036754064],[-76.89006012428675,38.908504354583854],[-76.88861834247372,38.90895461852217]]],[[[-76.8271044785246,38.90000208100123],[-76.82707572168839,38.90506477045652],[-76.83020987737842,38.90488046875066],[-76.82909476685269,38.907408163815425],[-76.8296812979186,38.908513538636264],[-76.826883497024,38.90908839647691],[-76.82349919656386,38.9085577897722],[-76.82164367985713,38.907253378407866],[-76.82121093260228,38.90887460364559],[-76.82036486567968,38.908741921921205],[-76.82296116853789,38.89901457079618],[-76.82524911518011,38.89869772502474],[-76.8271044785246,38.90000208100123]],[[-76.82521060059845,38.905447976659666],[-76.82656618169214,38.90532269890155],[-76.82538365806256,38.90479948140867],[-76.82521060059845,38.905447976659666]],[[-76.82538365806256,38.90479948140867],[-76.82504717346255,38.90440890814208],[-76.82496064408184,38.90473315553987],[-76.82538365806256,38.90479948140867]],[[-76.82454727567284,38.90297926499595],[-76.82488375098887,38.90336983954766],[-76.82497027909245,38.90304559226024],[-76.82454727567284,38.90297926499595]],[[-76.82303802105405,38.90037788722258],[-76.82337447626291,38.90076846574069],[-76.82346100799435,38.900444219614364],[-76.82303802105405,38.90037788722258]]],[[[-76.86065163922012,38.91302608903483],[-76.85837225889186,38.911656021086905],[-76.85998704413132,38.91055756473468],[-76.86192970517946,38.911537129303014],[-76.86183454967656,38.91354897066486],[-76.85903680927554,38.91412455439707],[-76.86065163922012,38.91302608903483]]],[[[-76.86443335289346,38.91868458121351],[-76.8636909463828,38.9148527814986],[-76.86106593402907,38.914779861360124],[-76.86132507344998,38.9138070422299],[-76.86386368356493,38.91420423179482],[-76.86487390832545,38.91537563425877],[-76.86595315291066,38.919597891037036],[-76.86443335289346,38.91868458121351]]],[[[-76.820748965361,38.91555852257109],[-76.82109520470213,38.914261542631415],[-76.82473938078154,38.9138194727474],[-76.8244797526774,38.914792215346495],[-76.820748965361,38.91555852257109]]],[[[-76.81981625626582,38.91575008185017],[-76.81846046949106,38.91587528597519],[-76.81872018184606,38.91490255584257],[-76.82007595006738,38.91477734889403],[-76.81981625626582,38.91575008185017]]],[[[-76.82232561411908,38.92121082030984],[-76.824960456705,38.91959699369667],[-76.83012423670765,38.920068558831474],[-76.83131653237251,38.91890416488492],[-76.83020124553155,38.92143187455277],[-76.82563356892788,38.92037814136033],[-76.82282559344087,38.92264047583029],[-76.82232561411908,38.92121082030984]]],[[[-76.8954483810543,38.9329896008513],[-76.89392793166047,38.932076650907916],[-76.8952056514849,38.930587344472485],[-76.89681232740428,38.931175980021536],[-76.89689059652373,38.93253925604275],[-76.90001785776396,38.9340407639788],[-76.89679637953462,38.93455112977373],[-76.89635715883048,38.93786019855331],[-76.89475033909711,38.93727155656454],[-76.8954483810543,38.9329896008513]]],[[[-76.83853060019923,38.93151986837551],[-76.84208904924483,38.931401545540936],[-76.84005034316863,38.93243349721353],[-76.83902165536641,38.93463703160277],[-76.83699217570874,38.933981362160516],[-76.8386942805836,38.93255892285231],[-76.83853060019923,38.93151986837551]]],[[[-76.82334287263582,38.980150661733056],[-76.81470068935036,38.979472203978354],[-76.81547077243701,38.97824158954762],[-76.82046537678212,38.979362049056],[-76.82275586045702,38.97904524577546],[-76.82471915014108,38.976650241373896],[-76.82219799308868,38.97287708751108],[-76.82398791019799,38.971130593626725],[-76.820437238209,38.96956081925593],[-76.81933057192558,38.97040087053385],[-76.81585682771623,38.97019429708049],[-76.8158666824822,38.96850671920603],[-76.81367306217817,38.96681157523633],[-76.81571310510918,38.96578005211999],[-76.82307387303082,38.96794702173804],[-76.82520041716623,38.96659109360442],[-76.82529665460828,38.96457926563436],[-76.82394963432135,38.963016953391964],[-76.82106307602513,38.96391593352879],[-76.82234284528732,38.96242737145363],[-76.8201492573782,38.96073234349371],[-76.8195722177222,38.95793934009001],[-76.81889882321806,38.95715815543945],[-76.81745563796011,38.95760759475205],[-76.81771551263596,38.95663486110264],[-76.82009190592998,38.9559938634243],[-76.81924529338968,38.9558611732039],[-76.82001504987343,38.95463053488171],[-76.81792797878393,38.94923607615394],[-76.81874661250882,38.93956758791289],[-76.81722698799278,38.938653697154464],[-76.81656363125002,38.93618493183174],[-76.81427446889296,38.93650161886927],[-76.8125618678541,38.93961129395167],[-76.81419774233204,38.93513829048327],[-76.81792960178652,38.93437217833025],[-76.81929550431211,38.932559410238945],[-76.81806519230477,38.92561009189681],[-76.81908461279707,38.92509430141703],[-76.81961384121836,38.9214612687914],[-76.81724838677049,38.92041468772484],[-76.81861404448698,38.91860193056271],[-76.82021983645657,38.91919155717896],[-76.82121970432861,38.92205088268529],[-76.82248904012894,38.92224989470604],[-76.82162338576082,38.92549235634168],[-76.82304654430656,38.92841800700462],[-76.82524885814341,38.928425407040216],[-76.82465258862157,38.929007576998664],[-76.82700883748694,38.93174158751592],[-76.8303077023411,38.9325963523792],[-76.83384735144338,38.935853406974736],[-76.83690566437792,38.93430561916932],[-76.83817525665964,38.93450447095953],[-76.83680978770404,38.93631744742219],[-76.83596337349091,38.936184871654135],[-76.83670453824412,38.94001684831004],[-76.83855183467249,38.943008613005276],[-76.84303462196763,38.9443861353385],[-76.84032205714911,38.94463703746184],[-76.84031277248621,38.94632461137597],[-76.83624379584384,38.94670085314306],[-76.83760947363656,38.944887880277676],[-76.83930251349938,38.94515300389532],[-76.83947553981932,38.944504485507316],[-76.8367723250726,38.94306773653397],[-76.83502103396333,38.93806411746879],[-76.83231814621894,38.9366272727221],[-76.83148122489467,38.934807095371625],[-76.82615288315144,38.933296514722436],[-76.82506610732148,38.93076147323399],[-76.82151738045381,38.92919173879464],[-76.82094053824844,38.92639875415597],[-76.81975771280302,38.92587548155005],[-76.8206516002938,38.93243419670083],[-76.81783320071891,38.936383991892875],[-76.82001624692799,38.93976662572289],[-76.81941007409166,38.94203634272367],[-76.82032362574988,38.945219929648104],[-76.81862086597123,38.94664211932808],[-76.81980402064197,38.94716540428092],[-76.82037123618626,38.95164597593371],[-76.82248765590066,38.95197767124859],[-76.82113119901535,38.9521029052035],[-76.82230475734204,38.954313741079886],[-76.82093852155664,38.956126547870056],[-76.82314167347971,38.95613398536071],[-76.82177542437255,38.95794680184461],[-76.82295878546694,38.95847005755874],[-76.82353595927727,38.961263045426136],[-76.82573926693472,38.96127043679635],[-76.82796172131849,38.95790263625303],[-76.8298281719476,38.957519385899765],[-76.82837548390485,38.95965652860007],[-76.82980911231381,38.960894538786356],[-76.82769239997397,38.960562967943495],[-76.82734605793897,38.96185997465128],[-76.82590283162001,38.9623095125292],[-76.82691311303763,38.963481232023135],[-76.82639355369658,38.965426739385556],[-76.82859698768439,38.96543408001465],[-76.82706710514,38.96620788430133],[-76.82825063858988,38.96673109017679],[-76.8268073212675,38.96718063889876],[-76.82679772036198,38.968868217298116],[-76.82535435168414,38.969317749262515],[-76.82508489278702,38.97197807977181],[-76.83262918944239,38.971808403841756],[-76.83297548466822,38.97051138048033],[-76.8339088609147,38.97031972074223],[-76.83287945165237,38.97252321617363],[-76.83431341013976,38.97376117667354],[-76.83888456294723,38.97481459807395],[-76.83684459524994,38.97584650350974],[-76.83549711851875,38.97428431402004],[-76.83152262971875,38.97264856412595],[-76.83041604444617,38.9734887146486],[-76.82804874363909,38.97244233190158],[-76.82431503854997,38.9732087526899],[-76.82430537905576,38.97489633241603],[-76.82920374790277,38.97802827032027],[-76.82894395039419,38.9790010311147],[-76.83063775233705,38.979266274321574],[-76.83081093698468,38.97861776477995],[-76.835719232244,38.98006186530224],[-76.83418911790763,38.980835759097985],[-76.83460316099038,38.982589636673886],[-76.8366339748182,38.98324534983409],[-76.83535413178478,38.98473406394912],[-76.83315956836528,38.9830392603577],[-76.83283214323785,38.980961121526626],[-76.82986791490636,38.98049698304134],[-76.83055115885571,38.979590529025764],[-76.82877074819643,38.979649538088694],[-76.8274233743729,38.97808726003974],[-76.82615305112753,38.97788829693424],[-76.82402619460984,38.979244243689266],[-76.82383360536359,38.98326790705434],[-76.82334287263582,38.980150661733056]]],[[[-76.88166888678637,38.96157477524429],[-76.88142651665449,38.95917248220192],[-76.88429560731281,38.961647259672525],[-76.88402833117709,38.96430771463816],[-76.88166888678637,38.96157477524429]]],[[[-76.86191664802645,38.96287908690885],[-76.86218472708842,38.96021868020221],[-76.86549399832708,38.95938493350442],[-76.86666902138474,38.96159535181928],[-76.8658999801327,38.96282628070461],[-76.86369662148668,38.96281960249727],[-76.86335091031563,38.96411671004358],[-76.86089700195872,38.96339523216958],[-76.86191664802645,38.96287908690885]]],[[[-76.86627125815853,38.973017955179486],[-76.86822431226926,38.97230984712424],[-76.86627994430549,38.971330372827126],[-76.86510477589576,38.969119947649794],[-76.86687622753044,38.97074799926901],[-76.86856997550191,38.97101272442487],[-76.86949465303181,38.97250837940353],[-76.8720353553483,38.97290540496665],[-76.87449819042479,38.9719390804944],[-76.87594976908515,38.969801394153436],[-76.88248244281158,38.96845736631612],[-76.88342395028216,38.96657775195759],[-76.88096976002399,38.965856670816144],[-76.87054012751557,38.966929416899],[-76.87232873813664,38.965182227514674],[-76.86920932736373,38.961992434595416],[-76.86776635710247,38.96244245938026],[-76.86666902138474,38.96159535181928],[-76.86837119195465,38.96017249973541],[-76.86997830384136,38.96076148534984],[-76.87402237641638,38.965446878030036],[-76.87825652599578,38.966108403225924],[-76.8802956334415,38.965075818660075],[-76.88368297528196,38.965604879087955],[-76.88402833117709,38.96430771463816],[-76.88495324116734,38.96580325291866],[-76.8899480601708,38.966920913725815],[-76.89325731795047,38.966086425741025],[-76.89513966642983,38.96232702824144],[-76.8918467855451,38.95978640315447],[-76.89109440801478,38.957642326068445],[-76.89573564496663,38.96174451681164],[-76.89615106239621,38.96349818367759],[-76.90047156359384,38.96383465096433],[-76.90029903483345,38.9644832561066],[-76.90266711476897,38.96552825902776],[-76.90155359179784,38.96805662629454],[-76.89554706631912,38.965768279755565],[-76.8912183660972,38.967119223457544],[-76.89087312500804,38.96841640845536],[-76.88782271312891,38.96827795124559],[-76.88469423244084,38.96677612846848],[-76.88256048360284,38.96982065863114],[-76.87713371222458,38.97032413398807],[-76.87406623603566,38.97356050462108],[-76.87219960716675,38.973944421339134],[-76.86983169099227,38.97289883569756],[-76.8658304173083,38.97632693408674],[-76.86430943411766,38.97541361539348],[-76.86575268294494,38.97496362994195],[-76.86627125815853,38.973017955179486]]],[[[-76.84289049697733,38.98625134738764],[-76.85060925620996,38.98543205072031],[-76.85214830781538,38.982970369626734],[-76.85157889161235,38.978489922803604],[-76.85336824156775,38.97674300374292],[-76.85329972764617,38.97369210969163],[-76.85203842686404,38.97180583013781],[-76.8526438300627,38.969535944049596],[-76.8505267624275,38.96920476235036],[-76.85222942651076,38.96778213014112],[-76.85190152554308,38.96570404643214],[-76.85054486351528,38.96582960223795],[-76.85106378017176,38.96388399369646],[-76.84733988082839,38.96296352706268],[-76.8468391430513,38.961533962336524],[-76.84421246413177,38.961460684955036],[-76.84667528124494,38.96049491434605],[-76.84694390856487,38.957834541530026],[-76.83949692721644,38.95599325098423],[-76.84001606902933,38.954047691451265],[-76.83731248924165,38.95261095230142],[-76.83664832419733,38.950142289591724],[-76.83801405647372,38.948329311386466],[-76.83691727972528,38.947481942467064],[-76.84022626127765,38.94664887126014],[-76.84267940027591,38.94737075617946],[-76.84429521442652,38.946272498868304],[-76.84521907899334,38.947768329289275],[-76.84241989223199,38.9483435407911],[-76.84173708932394,38.949250055967404],[-76.84196886950889,38.953339998612066],[-76.84340260468305,38.9545778505846],[-76.84636586384103,38.955041664028066],[-76.84882843521667,38.95407585157872],[-76.84703953349808,38.955822699326816],[-76.8500802859444,38.95764973620988],[-76.84914711475034,38.95784151722472],[-76.84785886271962,38.96101793274552],[-76.85427791370982,38.96506239314399],[-76.85307623779933,38.967914595505654],[-76.85451044898662,38.96915232174505],[-76.85348168000675,38.97135598764305],[-76.85590900371525,38.977140359722746],[-76.85564956636229,38.97811317625211],[-76.85386921225674,38.97817254535682],[-76.85283129742741,38.98206379263508],[-76.85417929033298,38.98362579572642],[-76.85646976128447,38.983308370039985],[-76.85688435546184,38.98506217390082],[-76.856201388204,38.98596877361318],[-76.85442980487683,38.98434056586037],[-76.85273579814152,38.98407564716975],[-76.85204377071264,38.986669808753874],[-76.84772213817605,38.98633165405543],[-76.84737603052746,38.98762872167228],[-76.84636508434103,38.98645716455479],[-76.84289049697733,38.98625134738764]]],[[[-76.80578248265587,38.968277046320416],[-76.80825607100874,38.96562446108242],[-76.80581274553168,38.96321431782884],[-76.8061594777035,38.96191737100401],[-76.80910277707456,38.96575722647985],[-76.807302581977,38.96919108117884],[-76.80645583924709,38.96905830342965],[-76.80578248265587,38.968277046320416]]],[[[-76.83930799697171,38.974880877082136],[-76.84396582214126,38.97560985085915],[-76.84259972616539,38.9774229018461],[-76.83954902902491,38.97728325777133],[-76.8396262749624,38.97864657875631],[-76.83623864675484,38.97811631463896],[-76.83624802995057,38.97642873317726],[-76.83930799697171,38.974880877082136]]],[[[-76.88086959584551,38.98610768281103],[-76.8791502842223,38.990905887141736],[-76.87745603467725,38.99064130559335],[-76.87583973582971,38.991740002019654],[-76.87431830480371,38.990826803844534],[-76.87398966912802,38.988748771296244],[-76.87737806719484,38.98927800575214],[-76.87755085906333,38.98862943006801],[-76.87365253543709,38.98835832535187],[-76.87382535832933,38.98770975494703],[-76.87128412931335,38.98731276513175],[-76.87145697083277,38.98666419812965],[-76.8762886707183,38.98674339276748],[-76.8761243316202,38.98570437978397],[-76.87755928546794,38.98694184292664],[-76.87858754558863,38.984737972278474],[-76.87943460215229,38.98487025809918],[-76.88086959584551,38.98610768281103]],[[-76.87704935113103,38.987199981805155],[-76.87645301450974,38.98778240570005],[-76.8773001026341,38.98791470615038],[-76.87704935113103,38.987199981805155]]],[[[-76.81651855875982,38.987527059335704],[-76.81608521987756,38.98914828519308],[-76.81888618451985,38.98857366443322],[-76.8201761891049,38.98539753673666],[-76.82476716931171,38.983076315709155],[-76.82449763799632,38.98573665048797],[-76.82543123186974,38.98554505407522],[-76.82745245729163,38.98788850092035],[-76.82965657158812,38.987895822764465],[-76.82752948783386,38.989251831640054],[-76.82431471911117,38.988072735042],[-76.82396818592002,38.98936973769651],[-76.82726003464299,38.99191217495702],[-76.82691353566985,38.99320918660883],[-76.82852104154213,38.99379871210458],[-76.82826117859196,38.99477147383661],[-76.82623011850936,38.994115622503536],[-76.82427607052227,38.994823071927556],[-76.82445900761924,38.99248698497817],[-76.82267827644193,38.99254590675904],[-76.82190816386371,38.99377656862299],[-76.81886660916577,38.991948831401835],[-76.81691254778141,38.99265616466947],[-76.81743255507187,38.990710688981316],[-76.81531503174782,38.990378905498105],[-76.81394794458694,38.9921916451218],[-76.81259072328072,38.992316786453756],[-76.81359129627755,38.99517620379505],[-76.81273430886243,38.99673105291125],[-76.81188723569646,38.996598311665565],[-76.81240740553824,38.99465285583154],[-76.81164705305038,38.99419587020377],[-76.8078253454418,38.99528603965823],[-76.80730504854682,38.99723147648282],[-76.80637125699056,38.997422936896946],[-76.80588117697627,38.99430561574209],[-76.80799877155685,38.99463756036437],[-76.8083456145125,38.99334060124752],[-76.81003967515579,38.993606126160586],[-76.8101363675361,38.99159430171441],[-76.8125139694105,38.99095344583036],[-76.81201372328538,38.98952373460881],[-76.8145645932997,38.988234355153985],[-76.81482461600912,38.98726162309537],[-76.81194693128337,38.9864728120584],[-76.81305392724298,38.98563282458327],[-76.81067650397824,38.98627369028331],[-76.8101863146182,38.98315639153353],[-76.81357398750606,38.98368736717733],[-76.81383400720964,38.982714637875084],[-76.81620143777407,38.983761293406374],[-76.81576811425265,38.98538251721463],[-76.81686521596237,38.98623007785321],[-76.81381419908642,38.98608980098525],[-76.81651855875982,38.987527059335704]],[[-76.81390087488465,38.98576555764141],[-76.8135640775113,38.98537494874528],[-76.81347740067757,38.985699191834456],[-76.81390087488465,38.98576555764141]],[[-76.82140771373223,38.992346894639],[-76.82174458548751,38.99273748267202],[-76.82183123386316,38.99241323345669],[-76.82140771373223,38.992346894639]]],[[[-76.86152389585146,39.005717269622465],[-76.85874033823643,39.002917673451876],[-76.85704588321693,39.00265281282169],[-76.85908631600145,39.00162057104383],[-76.85747838968557,39.00103144067418],[-76.85842096469507,38.999152006700015],[-76.85774677163273,38.9983710280843],[-76.85977823452033,38.9990263641375],[-76.86036597042397,39.00013160832686],[-76.85917280851498,39.00129629533299],[-76.86009767776706,39.00279202732195],[-76.86365082724076,39.004360674751084],[-76.86433387432653,39.00345403143342],[-76.86307177144403,39.001567855356164],[-76.86426487538526,39.000403130827216],[-76.86316700785888,38.999555987390636],[-76.86621868420505,38.999695051351935],[-76.86538018925982,38.997875085843056],[-76.86707456333627,38.998139832517836],[-76.86774885438547,38.99892076044216],[-76.86536276848021,39.00125026466828],[-76.86518112288992,39.00358641491795],[-76.86636553849235,39.0041092602186],[-76.86483524445062,39.004883534715994],[-76.86491299359257,39.00624684578291],[-76.86270831986158,39.00624014999253],[-76.86220698218331,39.00481063781025],[-76.86135972477466,39.00467823400259],[-76.86152389585146,39.005717269622465]]],[[[-76.8007377758062,39.0036343066953],[-76.80226872543885,39.00286082260897],[-76.80243204838816,39.00389993586618],[-76.8007377758062,39.0036343066953]]],[[[-76.79963036370917,39.004474186688576],[-76.79540503159313,39.00212238982147],[-76.7956653601201,39.00114969580053],[-76.79785959620703,39.002845167030685],[-76.8007377758062,39.0036343066953],[-76.8006510200482,39.0039585417531],[-76.79963036370917,39.004474186688576]]],[[[-76.78750509000538,39.03162725521047],[-76.78854720746452,39.02773652427949],[-76.79007879413558,39.02696318748118],[-76.7931210896347,39.02879164036442],[-76.7954235862689,39.02678774748293],[-76.7944129328159,39.0256157600173],[-76.79595473667179,39.02315476036947],[-76.7973993554664,39.02270556658291],[-76.80027831604939,39.02349471945924],[-76.80028853951968,39.021807128694014],[-76.80291735340894,39.02188133660808],[-76.8029275154179,39.02019374607675],[-76.80462218175474,39.020459346075164],[-76.80327457067726,39.01889679580441],[-76.80287123904186,39.015455214502246],[-76.80456579476903,39.01572081506266],[-76.80379513035933,39.01695136909599],[-76.80531622199311,39.017865435251686],[-76.80530611573502,39.019553025330154],[-76.80793485326507,39.01962712699661],[-76.80896568488602,39.017423822268974],[-76.81092048895562,39.016716611296125],[-76.80980299338486,39.019244174251284],[-76.81065032649516,39.01937693020285],[-76.81039013313872,39.02034965850708],[-76.80580643654778,39.0209827704607],[-76.80443853712019,39.02279541425886],[-76.81044690320624,39.02508819048547],[-76.8101866866952,39.02606091928431],[-76.80366779558955,39.02402596893739],[-76.80246316061383,39.026877707206374],[-76.80060500241372,39.02557295816087],[-76.79602089145698,39.02620570945422],[-76.79575014868784,39.02886600009525],[-76.79702127918674,39.02906527601146],[-76.79676086886269,39.03003797731544],[-76.79496884794834,39.031784094751835],[-76.79131857941572,39.03222529739618],[-76.79105808149392,39.033197987258255],[-76.78750509000538,39.03162725521047]]],[[[-76.84760332129464,39.03968605650084],[-76.8455800066468,39.03734291810979],[-76.84480980724949,39.038573731037154],[-76.84243093300401,39.03921521047847],[-76.84122756681805,39.04206733185699],[-76.84037991349133,39.04193478405731],[-76.84147815539446,39.04278213492511],[-76.83790490105544,39.04458804193967],[-76.83595900874431,39.04360808120844],[-76.83876191424432,39.04303300683834],[-76.84166992586613,39.038758405441094],[-76.84201637867378,39.03746134295795],[-76.83973344882416,39.03609090675561],[-76.8438847973654,39.0370778763482],[-76.84872891811989,39.03547054650082],[-76.84953534658122,39.027489322288275],[-76.8481866403851,39.025927257787664],[-76.84479674737082,39.02539722331983],[-76.8424864107489,39.02908962652389],[-76.84130176001584,39.028566551283006],[-76.84326577578489,39.02617123462148],[-76.84327500211775,39.02448363973932],[-76.84030893323369,39.02401974743604],[-76.83920166780814,39.0248599831292],[-76.83445410663029,39.02445508453096],[-76.83249932346176,39.02516266687606],[-76.82951420471619,39.02807370543106],[-76.82984174715163,39.030151868712124],[-76.82874383158747,39.02930441678658],[-76.82914846451818,39.032745921840544],[-76.82779051247087,39.032871230196115],[-76.82769425364405,39.03488308187618],[-76.82658667704278,39.03572320661583],[-76.82708752753912,39.03715286984016],[-76.82606659277157,39.03766873492439],[-76.8249686077085,39.036821248547184],[-76.82575839248727,39.032215367084056],[-76.8270392676144,39.03072674053939],[-76.82637473789089,39.02825799284441],[-76.83131480853433,39.02463949671475],[-76.82885917600235,39.02391737844413],[-76.82189681876946,39.02519225713248],[-76.8209724503868,39.02369623521778],[-76.81970134813929,39.023497204635504],[-76.82089550627857,39.02233289289918],[-76.81971112091996,39.021809612305745],[-76.82048156750697,39.02057895852263],[-76.8198075832697,39.01979777121822],[-76.82183930263368,39.02045373034105],[-76.82250360709166,39.02292249909122],[-76.82478579886977,39.024293248938136],[-76.82852212161262,39.023526807757754],[-76.82980278715004,39.02203815487315],[-76.83115102634365,39.02360041799124],[-76.832845875056,39.0238656329498],[-76.83929759504183,39.02284812592703],[-76.83880593247147,39.01973092216583],[-76.8366968448944,39.017711909265365],[-76.83169935708068,39.01659209616585],[-76.82983140041152,39.01697537815633],[-76.82992757642627,39.0149635308175],[-76.83246954555813,39.015361369069254],[-76.83264279981643,39.01471285328165],[-76.83441463515881,39.016341379818],[-76.8370432861358,39.01641486522266],[-76.83974923230176,39.01785162432303],[-76.8424460406797,39.02097591815985],[-76.84371716106678,39.02117471584107],[-76.84363979327772,39.01981138822326],[-76.84432323490178,39.01890485275043],[-76.84573996588796,39.023517878209375],[-76.84879261432901,39.023657371097954],[-76.85092030783545,39.02230099037799],[-76.85101590753376,39.0202891249921],[-76.85431907078893,39.021143262661816],[-76.85771772553487,39.01998544214478],[-76.85727621081396,39.02329441520741],[-76.85167216981485,39.02444533248771],[-76.85140346941702,39.027105743218684],[-76.85258816900476,39.02762872196785],[-76.85088411071764,39.02905137254912],[-76.84975873819393,39.03326689749516],[-76.85068382043093,39.03476270746635],[-76.85016438778598,39.03670833629971],[-76.84889297823075,39.03650960409608],[-76.84769903562633,39.03767418779159],[-76.84794967268014,39.03838897726449],[-76.84930769300115,39.0382634483755],[-76.84800890467888,39.0431275061144],[-76.84959952169777,39.047091965437744],[-76.84831882021732,39.04858082878557],[-76.84858771285539,39.045920415010535],[-76.84630439353734,39.044550097604585],[-76.84760332129464,39.03968605650084]]],[[[-76.86640775579849,39.04532632461996],[-76.86098405459403,39.04414149776351],[-76.86115712308747,39.04349293908418],[-76.85549186187227,39.0399055089317],[-76.85422038185261,39.03970683115453],[-76.85480836210445,39.040812109068135],[-76.85403828217903,39.042042979946125],[-76.85193715150449,39.038336618752986],[-76.84990466103942,39.037681150143214],[-76.84930769300115,39.0382634483755],[-76.85153140892909,39.034895184786876],[-76.85280279746685,39.03509388992764],[-76.85279379091553,39.03678148852209],[-76.8575244648782,39.04056088635986],[-76.86141672003849,39.04252010074901],[-76.86158097737597,39.04355914282848],[-76.8678610374792,39.04318870766306],[-76.86700464486458,39.04474394350288],[-76.86895098591617,39.04572341802638],[-76.8669094554529,39.04675582949331],[-76.86706512400461,39.0494824683642],[-76.8652052291079,39.04817868120871],[-76.86640775579849,39.04532632461996]]],[[[-76.78868940344702,39.03215084380718],[-76.78834202480013,39.033447756167654],[-76.78672342872709,39.034545299343264],[-76.78741824185015,39.03195148250823],[-76.78868940344702,39.03215084380718]]],[[[-76.81928473621367,39.051471499216404],[-76.81468926164023,39.053792543461874],[-76.81341765036787,39.053593447539946],[-76.81342757306099,39.05190584704867],[-76.81554687989839,39.05223766609092],[-76.81809988773949,39.05094820066301],[-76.81928473621367,39.051471499216404]]],[[[-76.83668913509057,39.09540796133548],[-76.83803888387673,39.09697017000879],[-76.84312867721819,39.097765473767076],[-76.84030508576926,39.10171588665236],[-76.84232076475486,39.10574675712432],[-76.85283034389836,39.10941494060182],[-76.85885627647538,39.11001778860913],[-76.86131511772899,39.11073932481077],[-76.85638855183107,39.11098382548616],[-76.85528910488878,39.11013659589455],[-76.85189523034174,39.10960674721935],[-76.8512976871721,39.1101890626391],[-76.85070919878663,39.109083754127305],[-76.84553184902639,39.10861303139341],[-76.84282240768219,39.10717637501735],[-76.84180060055434,39.10769237598641],[-76.84079736753358,39.10483313003962],[-76.84019977467526,39.10541539158092],[-76.8376546121221,39.1050177051916],[-76.83995829598383,39.103012959430025],[-76.8379147436474,39.10404490511584],[-76.83545636146388,39.10332290707792],[-76.83606337870799,39.10105305113838],[-76.83436671755666,39.10078787643131],[-76.83462687796137,39.09981508402188],[-76.83215917778224,39.10078063805769],[-76.83189898087711,39.101753425481206],[-76.8292672473305,39.10167983002586],[-76.82936355109962,39.09966795295557],[-76.83378801895408,39.0979948735109],[-76.83498317579006,39.09683041091218],[-76.83226489157774,39.09708114322224],[-76.83047207041936,39.098827793785894],[-76.82649088166151,39.097191848233926],[-76.82607638132362,39.09543790924443],[-76.82378224279633,39.09575478005914],[-76.8239460822551,39.09679388181542],[-76.82233633470992,39.096204286565204],[-76.82209547729049,39.09380182396572],[-76.82540164251691,39.09465674196709],[-76.82583540277976,39.0930354542409],[-76.82693424745334,39.0938829414914],[-76.82719448264334,39.09291016591083],[-76.82592215250942,39.09271119657334],[-76.82695347551393,39.09050771421684],[-76.82526674657865,39.08855480308226],[-76.82603780676504,39.08732410038588],[-76.82815820417517,39.08765570641103],[-76.82842797951106,39.08499531765374],[-76.82579685640371,39.08492164895511],[-76.82553663111275,39.08589442015731],[-76.82350304866537,39.085238513990234],[-76.81772013911184,39.087036422811124],[-76.81721912909353,39.08560670912463],[-76.81628422798686,39.08579824701678],[-76.81654457679201,39.08482549520888],[-76.81882860034979,39.0861963694728],[-76.8219803180016,39.08432465987177],[-76.82494873133959,39.08478899483705],[-76.82843755789904,39.0833077064332],[-76.83259145042638,39.08429506181025],[-76.8325142241662,39.08293171220655],[-76.83073128316958,39.082990750440935],[-76.82888075034744,39.07999880132185],[-76.83001759800204,39.074095822531476],[-76.83418042920441,39.0733955148488],[-76.83275398364889,39.07046992476228],[-76.82580651066307,39.06836981867245],[-76.82638466666384,39.07116284340454],[-76.82511271945167,39.07096386657802],[-76.8237637314632,39.069401525077396],[-76.82478512831231,39.06888567604882],[-76.82344587789412,39.06563572618453],[-76.81988082682415,39.06575351652638],[-76.82004454288179,39.06679261767877],[-76.8185124358264,39.067566329347024],[-76.81551513878512,39.07216465931578],[-76.81430026542566,39.076704143945776],[-76.81531195005482,39.07787598000647],[-76.81344233176476,39.0782590195275],[-76.81225708862593,39.07773566274022],[-76.81226704156495,39.076048055045334],[-76.81422339036234,39.07534078490421],[-76.81484072955686,39.071383438078286],[-76.81714397656874,39.06937912768851],[-76.81732733054501,39.06704302193289],[-76.8188594391849,39.066269324950255],[-76.81316470087322,39.06774276423351],[-76.81434978759279,39.06826611141513],[-76.8135688100985,39.071184343080574],[-76.81221011302367,39.071309481925844],[-76.81024385401392,39.07370432614731],[-76.80659157276197,39.07414598095642],[-76.80395071909633,39.075759456545576],[-76.80378721294532,39.074720332516755],[-76.80642803248303,39.0731068607081],[-76.8094826880937,39.07324732114782],[-76.81085141127033,39.071434605917666],[-76.81280764966297,39.070727358656804],[-76.81324154804147,39.06910612205046],[-76.81205645560554,39.068582764219826],[-76.81282752759314,39.067352147992395],[-76.81011026948606,39.067602394447206],[-76.80994669362602,39.06656328005994],[-76.80452232915579,39.065375983684106],[-76.8023260500147,39.06368061227648],[-76.80052310943196,39.06711442370318],[-76.79796922196525,39.068403531578454],[-76.7973612877582,39.07067318755622],[-76.79540490054427,39.07138019162796],[-76.79661055003551,39.06852849979046],[-76.80035967173005,39.06607529679136],[-76.80096747385721,39.06380562802224],[-76.80190213244654,39.06361420611629],[-76.80208596172079,39.06127812529535],[-76.80302058486558,39.06108669506204],[-76.80133518163224,39.0591334696863],[-76.79759674222167,39.05989909749599],[-76.79556413919947,39.05924273730505],[-76.79267340883364,39.060141071023985],[-76.79157547372301,39.05929328618437],[-76.79210705394088,39.055660295265554],[-76.790759059343,39.054097599813424],[-76.78928232568282,39.05960951814175],[-76.78843456264454,39.059476615467105],[-76.78876107209696,39.06155489817431],[-76.78552259194745,39.06374998527364],[-76.78665216134057,39.0595350210824],[-76.78496723391893,39.057581574231634],[-76.7872603367574,39.05726542203301],[-76.78744462048697,39.05492936553279],[-76.78880305400425,39.054804497849005],[-76.7886398115036,39.05376535780224],[-76.78957437346,39.05357402897322],[-76.78857394139703,39.050714390438294],[-76.78976904503918,39.04955037270254],[-76.7884212139804,39.04798765355389],[-76.78333550479361,39.04719011717179],[-76.78446494370533,39.04297518511272],[-76.78888699443313,39.041303721106416],[-76.79091903568502,39.04196018848312],[-76.79262456945699,39.040538357873054],[-76.79448296690208,39.04184322962648],[-76.79474344997998,39.04087053114951],[-76.79703598327127,39.040554199435185],[-76.79925194082628,39.03887446593169],[-76.79883842996705,39.037120454579956],[-76.80579223596477,39.03753446130626],[-76.80934591106798,39.03910467173131],[-76.81172507344436,39.03846382600035],[-76.81275605725467,39.03626048286061],[-76.81402736360117,39.036459584959616],[-76.81401745693651,39.038147180993924],[-76.81086753592136,39.04001867327816],[-76.80739048978958,39.0398118605628],[-76.8034130517153,39.038175193291266],[-76.79907833119108,39.039522937706394],[-76.79813369908294,39.04140193324732],[-76.7949935774177,39.04158542776341],[-76.79473309512487,39.042558126884444],[-76.79702568167184,39.042241795269014],[-76.79837359114727,39.04380441949768],[-76.79791894912593,39.048800792064796],[-76.79970107819902,39.048742224926],[-76.80200402528934,39.04673820323187],[-76.80327548539806,39.04693741574252],[-76.80343892175256,39.04797653530621],[-76.80021171866412,39.0484844013051],[-76.80003809464154,39.04913287549629],[-76.80341861323872,39.05135173285389],[-76.8007019208023,39.05160177284595],[-76.80052829370722,39.05225024807502],[-76.80111555899408,39.053355782384415],[-76.80340845827465,39.05303933237255],[-76.80364856306525,39.05544181329369],[-76.80492017990869,39.055641009273764],[-76.80774390443564,39.051691433676034],[-76.81325405875495,39.05255434009245],[-76.81265667506226,39.05313646362366],[-76.80875513529772,39.05286331786166],[-76.80662576078471,39.05421898304858],[-76.80839797613007,39.05584789170038],[-76.80812757592078,39.05850822286403],[-76.8118459129006,39.061117483084416],[-76.81396548108854,39.061449329646564],[-76.81448605937562,39.05950384397709],[-76.81601803935581,39.05873018307098],[-76.82526699686588,39.05882637568354],[-76.82933275249354,39.06013809083143],[-76.82985291010787,39.05819254125233],[-76.83070073381309,39.0583251612656],[-76.82975667483082,39.060204403358554],[-76.83145237191418,39.060469639010336],[-76.83068168826307,39.061700369276046],[-76.83254130978709,39.06300467634675],[-76.83474770234646,39.06301190789421],[-76.83149153666425,39.068583406247335],[-76.83233948456623,39.068716015324114],[-76.83610620548141,39.062886522810246],[-76.83737804143466,39.06308538681687],[-76.83857256677823,39.06192089718025],[-76.83892851686512,39.05893623354086],[-76.83977636579758,39.05906879163794],[-76.84003630450178,39.05809599536493],[-76.84122142736419,39.05861908533716],[-76.83984439258283,39.062119735906194],[-76.83592346554121,39.065222654488046],[-76.8384672251613,39.06562037339598],[-76.83997115490442,39.06990923676018],[-76.84251510069602,39.070306873134236],[-76.84235105547536,39.06926780096027],[-76.84753471490797,39.068051044800384],[-76.84652264758392,39.06687947321734],[-76.84754384744002,39.0663634373608],[-76.84815929631056,39.06240593165727],[-76.84942206857765,39.064292278706716],[-76.84788120268121,39.066753959301465],[-76.8490665231667,39.06727697524623],[-76.85229421883292,39.06676783840667],[-76.85204344119677,39.06605305414962],[-76.8550202589709,39.06482906200144],[-76.85553976259064,39.06288340332428],[-76.85952857962774,39.06283080089578],[-76.86054963026177,39.06231465852719],[-76.86064501607106,39.06030277192093],[-76.8619168739052,39.06050138464224],[-76.8616484151856,39.0631618340651],[-76.85782383191084,39.06425355537134],[-76.85706246590311,39.06379684265042],[-76.85458731804202,39.066450443090815],[-76.84625360181654,39.06953989238203],[-76.85473360077764,39.07086471570078],[-76.85499338147164,39.06989188609214],[-76.85668939660346,39.07015677775554],[-76.85839430498547,39.06873403733548],[-76.8607740044396,39.068092248830446],[-76.85838542409729,39.07042164628253],[-76.85540843393419,39.071645720283975],[-76.84608033831189,39.07018843327068],[-76.84132050069384,39.071471402428294],[-76.84307544036056,39.07647503991118],[-76.84033004202252,39.08178878004707],[-76.84592951312233,39.082325974668],[-76.84899373300101,39.08077785232872],[-76.85002418708126,39.07857418349105],[-76.85427368703476,39.07754892851126],[-76.85809013463357,39.07814492514485],[-76.86055672158346,39.07717886048088],[-76.86216635765123,39.077767958640614],[-76.8649791019444,39.075504677924926],[-76.87091579476534,39.07643122141525],[-76.8727070912785,39.07468399499709],[-76.87406574699152,39.07455819461471],[-76.87320911750477,39.07611348188567],[-76.87185043123309,39.07623927293782],[-76.87073413977,39.078767409860525],[-76.86827628674959,39.078046064300075],[-76.868622451974,39.07674891864107],[-76.86717719952539,39.07719894509732],[-76.86565408828547,39.07628562752126],[-76.8659050350957,39.07700038562606],[-76.86250384440595,39.0781584416835],[-76.86215756325498,39.07945557063099],[-76.86080762134408,39.07789362899495],[-76.85834101346936,39.078859698765186],[-76.8512963356542,39.07877290558924],[-76.84940870283921,39.082531710045174],[-76.84864719821941,39.08207494424268],[-76.84685514107738,39.08382182615396],[-76.84252775492259,39.08348348511753],[-76.84405072632418,39.08439708732328],[-76.84403229404738,39.087772313335655],[-76.8418251487343,39.08776524662595],[-76.84183441634559,39.086077633521846],[-76.84310667388037,39.08627643973008],[-76.84336666532714,39.08530363168808],[-76.83980999601621,39.08373438179],[-76.83954064207825,39.08639479461136],[-76.84114102826258,39.08867177930858],[-76.83918458262333,39.08937947492367],[-76.83953132115339,39.08808240764361],[-76.83868313413176,39.08794984717378],[-76.83748818265879,39.089114343402215],[-76.84037020959462,39.08990257599629],[-76.84054357107303,39.089254040720746],[-76.84181588069254,39.089452860260096],[-76.84087170475658,39.09133219746129],[-76.84493956095613,39.0926434096791],[-76.84789933335402,39.09479481275727],[-76.84815929111316,39.09382199314059],[-76.85011576894979,39.09311415566971],[-76.84987400328284,39.09071174839672],[-76.8514062643407,39.089937646781316],[-76.85530995471906,39.09020945482179],[-76.85513672276116,39.090858010801526],[-76.85640910038144,39.09105668101546],[-76.85615819843727,39.09034190187924],[-76.85802790224955,39.08995821890023],[-76.865246813834,39.08939606090751],[-76.87551257172623,39.090659937596136],[-76.87525299151481,39.09163281380062],[-76.8654978019168,39.090110821567414],[-76.85962894623997,39.092234967017454],[-76.85827882126142,39.09067299421074],[-76.8579324050429,39.09197011439524],[-76.85632248868451,39.09138095984303],[-76.85401962516498,39.093386004400344],[-76.85105067494509,39.092922363040124],[-76.85172567338101,39.09370339080392],[-76.85018426178608,39.09616511328155],[-76.85475437721959,39.0989055893847],[-76.85814777272131,39.09943535893031],[-76.85993109492358,39.09937592719441],[-76.86121245381894,39.09788693038762],[-76.86435484082064,39.09770175995676],[-76.86699515006895,39.096086994448015],[-76.87217174612665,39.09655682224862],[-76.87199864955575,39.09720540249397],[-76.86945360068131,39.09680836776452],[-76.86792138703419,39.097582692851184],[-76.86682200840684,39.09673556742614],[-76.86503002667475,39.09848271616953],[-76.86375749543274,39.09828413392823],[-76.86051964497179,39.10048118999222],[-76.85432122728807,39.10052697975464],[-76.85458111956699,39.09955414565383],[-76.8509368664389,39.09830948798487],[-76.84967346361,39.09642314452033],[-76.8473793969513,39.09674045089539],[-76.84730187997629,39.0953771073239],[-76.84187475428558,39.0941914354713],[-76.84188402156437,39.092503820334336],[-76.83959004464407,39.09282098271838],[-76.83873246191226,39.094376037491955],[-76.83754677373437,39.09385292035745],[-76.83643841212586,39.0946931418231],[-76.8375655088172,39.09047769148127],[-76.8368039953774,39.090020852440354],[-76.83645719891122,39.09131791258138],[-76.83366187048861,39.090205326130246],[-76.83340173157194,39.091178114755024],[-76.83238957001014,39.09000642309542],[-76.83203319910436,39.09299108492807],[-76.82947896126969,39.09428084651733],[-76.83287195637824,39.09481130555871],[-76.83269851316284,39.09545983080866],[-76.83473246470079,39.096115587766946],[-76.83668913509057,39.09540796133548]],[[-76.84747519264441,39.09472856171515],[-76.84696439494705,39.09498658175143],[-76.84738853669711,39.095052834539814],[-76.84747519264441,39.09472856171515]],[[-76.82947896126969,39.09428084651733],[-76.82896810282097,39.09453879257424],[-76.82939222553954,39.09460510676281],[-76.82947896126969,39.09428084651733]],[[-76.83648537581688,39.08625507271431],[-76.83911655802147,39.08632851515224],[-76.8389525252285,39.08528943544244],[-76.83589730657334,39.085149699117345],[-76.83648537581688,39.08625507271431]],[[-76.83438386210506,39.08254838543702],[-76.83454782338302,39.083587470647636],[-76.83659084823987,39.08255558428456],[-76.8355787553551,39.081383920473755],[-76.8352319782377,39.082680975113476],[-76.83438386210506,39.08254838543702]],[[-76.83659084823987,39.08255558428456],[-76.83710159538822,39.08229760747702],[-76.83667753746663,39.0822313197459],[-76.83659084823987,39.08255558428456]],[[-76.8282923537294,39.064029185475135],[-76.82744446788698,39.06389654889203],[-76.82709762904823,39.065193576706996],[-76.82811894310574,39.06467770066478],[-76.8268374917959,39.06616634713066],[-76.82870672842654,39.06578310693379],[-76.8282923537294,39.064029185475135]],[[-76.80313788591808,39.055699651356164],[-76.80161603003172,39.05478555262984],[-76.80152921714641,39.05510979108539],[-76.80313788591808,39.055699651356164]],[[-76.7915303381916,39.05286711894654],[-76.79211747162351,39.0539726959064],[-76.79237802981265,39.05300000034241],[-76.7915303381916,39.05286711894654]],[[-76.79076950809358,39.052410001030715],[-76.79110649354318,39.05280067608065],[-76.79119335015632,39.05247644504179],[-76.79076950809358,39.052410001030715]],[[-76.78893188914343,39.04772987633638],[-76.7892688430255,39.04812055605194],[-76.78935570224267,39.04779632656271],[-76.78893188914343,39.04772987633638]],[[-76.78792104922488,39.04655783186463],[-76.78808426526913,39.04759697154813],[-76.78876866068597,39.046690737742594],[-76.78792104922488,39.04655783186463]],[[-76.79209312565902,39.044171341427145],[-76.79098499626784,39.04501114996294],[-76.79140879539555,39.04507759315326],[-76.79209312565902,39.044171341427145]],[[-76.79209312565902,39.044171341427145],[-76.79260376099833,39.04391354928498],[-76.79217996756365,39.043847110184885],[-76.79209312565902,39.044171341427145]]],[[[-76.7766868964189,39.07858153214807],[-76.78187231843357,39.07736751351503],[-76.78484019109312,39.07783280579499],[-76.7794046799764,39.07833201612135],[-76.77505630175101,39.08136653786515],[-76.7752194120128,39.08240570091648],[-76.77386043920598,39.08253042068627],[-76.774643133112,39.07961243280079],[-76.77642603648955,39.07955419925595],[-76.7766868964189,39.07858153214807]]],[[[-76.79607300499094,39.08702574721447],[-76.79402927925395,39.08805696827181],[-76.79360522705822,39.08799053350858],[-76.79446370007066,39.08643579211439],[-76.79607300499094,39.08702574721447]]],[[[-76.82772490551604,39.104141277659096],[-76.83130134203661,39.102335643902585],[-76.83292077479678,39.10123750648375],[-76.83444399756218,39.10215122945721],[-76.83383692054471,39.10442107796529],[-76.83128231285346,39.10571087941695],[-76.82780206444149,39.10550463568494],[-76.82772490551604,39.104141277659096]]],[[[-76.78440984317622,39.105807253668885],[-76.77661213339947,39.103571446543334],[-76.77435003461053,39.098824568176845],[-76.77029403807154,39.09582343423722],[-76.77238184587056,39.08804216642761],[-76.77356696981995,39.08856590447517],[-76.7748499072915,39.0870778015399],[-76.776121998761,39.087277293423014],[-76.77577413226385,39.088574183322756],[-76.77830763645916,39.09066074417068],[-76.77856851107401,39.08968807111089],[-76.78094960102213,39.08904780914044],[-76.78510317593751,39.0900367526452],[-76.7868099519621,39.08861498963548],[-76.79275712499302,39.08785765964429],[-76.79444296389788,39.08981101159399],[-76.79935804735531,39.09125657746425],[-76.80471767650539,39.089393124745136],[-76.80488122898059,39.090432250365886],[-76.80318492972164,39.09016665061936],[-76.80232659924555,39.09172145332946],[-76.80003247456591,39.09203788558435],[-76.7946932568522,39.09052591508831],[-76.79292050296661,39.088896800697384],[-76.78654919152314,39.08958767979428],[-76.78628842410274,39.09056036958281],[-76.79127985675325,39.09336963556858],[-76.78915946107116,39.093037400058996],[-76.78586436437608,39.09049390837843],[-76.78017775894854,39.09027823237608],[-76.77982995047473,39.09157513435346],[-76.7731320700428,39.09018700819697],[-76.77642670709149,39.09273083724878],[-76.77656829385455,39.09714522178394],[-76.77816694289359,39.09942302145001],[-76.78053766258269,39.10047037821157],[-76.77951550761883,39.10098586648716],[-76.78077716778775,39.10287292414823],[-76.78544261110773,39.10360411048618],[-76.78585617695798,39.10535818754028],[-76.78645420481043,39.10477618732658],[-76.78806385096959,39.105366248176],[-76.7889226479,39.10381153995424],[-76.78977092919995,39.103944440383415],[-76.78822720118528,39.10640539884169],[-76.7915439796567,39.10557360433518],[-76.79058783312519,39.109140181006126],[-76.78677031196668,39.108542108001274],[-76.78729195601461,39.10659671939272],[-76.78499729611676,39.10691287503905],[-76.78440984317622,39.105807253668885]],[[-76.78440984317622,39.105807253668885],[-76.78492093902518,39.105549490215985],[-76.78449679305314,39.105483024156996],[-76.78440984317622,39.105807253668885]]],[[[-76.8051375040668,39.10432379882517],[-76.80377817267652,39.104448846249284],[-76.80310358996518,39.1036675566154],[-76.80590907260233,39.103093217365654],[-76.8051375040668,39.10432379882517]]],[[[-76.8508462701821,39.115185689084655],[-76.85017108157285,39.11440465333136],[-76.85103771287065,39.11116189186044],[-76.8518861934666,39.11129436860167],[-76.8508462701821,39.115185689084655]]],[[[-76.80012430645967,39.104890313537986],[-76.80326715148931,39.10470668716783],[-76.80088574505075,39.10534737856006],[-76.80087552369727,39.10703499460508],[-76.79823334743338,39.10864835865301],[-76.79824363039447,39.1069607423019],[-76.80012430645967,39.104890313537986]]]]},"properties":{"lid":"RCKD2_minor","stage_ft":7.0,"site_id":"01648000","level":"minor"}}]}