{"type":"FeatureCollection","features":[{"type":"Feature","geometry":{"type":"MultiPolygon","coordinates":[[[[-77.34414349413962,38.86112132750214],[-77.34617547820125,38.86176868326431],[-77.34532659679994,38.859952016967384],[-77.34693042143726,38.85715967130341],[-77.34946967145711,38.857546911082736],[-77.34888067832868,38.859819156523656],[-77.35015035147092,38.860012762990166],[-77.35082598575012,38.859103472907194],[-77.35362030370028,38.86020437377024],[-77.35286056580772,38.86143828832356],[-77.34990045531048,38.862674154090456],[-77.3482916484766,38.86209139975545],[-77.34846243760363,38.86312975744019],[-77.34549976120003,38.86267794826541],[-77.34558634825738,38.86404091414472],[-77.34329941397534,38.86267978674331],[-77.34414349413962,38.86112132750214]]],[[[-77.38435340405837,38.86724742127756],[-77.38341951016083,38.86575564554186],[-77.38562330074885,38.86744066440066],[-77.38960097641095,38.867371047320425],[-77.38909713186854,38.86931885196267],[-77.38706455624784,38.86867219957564],[-77.38368141949213,38.86984446528702],[-77.38435340405837,38.86724742127756]]],[[[-77.3748075339945,38.876929206911754],[-77.37632029040543,38.87108595728726],[-77.37936431471385,38.86952483184019],[-77.38334211010283,38.86945541565075],[-77.38351341586734,38.870493725843644],[-77.38038219101436,38.87069201069881],[-77.38021415604334,38.87134126684707],[-77.3790282290241,38.87082334101949],[-77.37742217147965,38.87192853522658],[-77.37565422663891,38.87705810246957],[-77.3748075339945,38.876929206911754]]],[[[-77.34310133551348,38.90246779887577],[-77.3453028845472,38.90246596389573],[-77.3460631783332,38.901232089549744],[-77.34631334694153,38.8985706937767],[-77.34478798290323,38.89766328532325],[-77.34715531639671,38.8953246305215],[-77.3480021738712,38.895453715279686],[-77.34673434104798,38.896947662697826],[-77.34690764606341,38.89967360420204],[-77.35333848707225,38.89694184694912],[-77.35841985543514,38.89771601546143],[-77.3606998443551,38.894014139965385],[-77.35993435774249,38.89187295111519],[-77.36154112018231,38.890767980893266],[-77.36111213604566,38.88732833566359],[-77.3624664370119,38.88719720083067],[-77.36212996865858,38.88849566692492],[-77.36297677327913,38.888624649273524],[-77.36095501655822,38.89472786865904],[-77.36688028544506,38.89394310452359],[-77.36865517724424,38.89218880205039],[-77.37043298458589,38.89212204973256],[-77.3706852385532,38.89114818289043],[-77.37221078866925,38.89205527191826],[-77.3700966354725,38.89342053824071],[-77.36840289253817,38.893162664887406],[-77.36713551794625,38.8946568204872],[-77.363834973396,38.8955039279174],[-77.36222533015099,38.89492135220317],[-77.35808326637421,38.89901447227572],[-77.35393287925977,38.89804472346647],[-77.35004020753902,38.89947616446097],[-77.34733356577897,38.901425725853855],[-77.34691255914372,38.903048759891114],[-77.34386643866196,38.90460909451162],[-77.34352955833475,38.90590751293875],[-77.34208830229753,38.904675465915425],[-77.34310133551348,38.90246779887577]]],[[[-77.326618518688,38.926950241641],[-77.33161108815283,38.922987355329276],[-77.34228259764929,38.9225896449007],[-77.34338248857485,38.92174494831117],[-77.35219359461385,38.92342493617296],[-77.35405899732092,38.92472138996969],[-77.35837926301927,38.92504190715576],[-77.35931340423296,38.92653388268663],[-77.36380211145767,38.9262049786798],[-77.36329716980104,38.9281526928316],[-77.35914505257008,38.92718311484477],[-77.35812672708103,38.92601575322996],[-77.35423001556482,38.925759747841965],[-77.34524769138893,38.92304153434763],[-77.33728616745593,38.92317779413992],[-77.33567832198479,38.924282454555765],[-77.33212107040086,38.92441493732078],[-77.32467504531081,38.93104072016288],[-77.326618518688,38.926950241641]]],[[[-77.33162160312705,38.93142527465381],[-77.33085866379348,38.930971480414584],[-77.32882692329143,38.932011452644545],[-77.32857396796246,38.93298523941734],[-77.33128857151372,38.936098835490725],[-77.32925669407958,38.93713881549682],[-77.32798169356131,38.93356982146775],[-77.32543990681042,38.93318213759031],[-77.32526928168195,38.93214373901449],[-77.32958574868678,38.92909009000988],[-77.33263532578118,38.929217685330435],[-77.33288821371322,38.92824389077685],[-77.33534339397642,38.92726843771625],[-77.34034242572031,38.928367950202464],[-77.34254711418623,38.930053748328035],[-77.35008574827532,38.92985261724859],[-77.3500882794303,38.931540201568936],[-77.35509047418311,38.934326705189335],[-77.35729298614038,38.93432465729174],[-77.35780355129246,38.93575213582294],[-77.35365107388223,38.934782372897914],[-77.34856217772744,38.93063283562136],[-77.3437337462739,38.93057202713889],[-77.34297310667642,38.931805891985974],[-77.34509612921642,38.93550383628722],[-77.34645135504688,38.93537287561942],[-77.34789329253174,38.93660487696895],[-77.34569071134935,38.9366067579482],[-77.34365426086268,38.93427180260799],[-77.34229905049541,38.93440273269373],[-77.34271798079807,38.93109212281999],[-77.34008963704025,38.929341759969255],[-77.33619281104144,38.92908518772472],[-77.33593996437932,38.93005898912765],[-77.3322981313506,38.93051607746735],[-77.33162160312705,38.93142527465381]]],[[[-77.33179863927234,38.937526421364865],[-77.33103563490683,38.937072627832784],[-77.33204945394839,38.93486504158435],[-77.3338283366852,38.934798813887156],[-77.33340683605253,38.93642180924988],[-77.33679609839865,38.93693849204782],[-77.33696689915071,38.937976875445905],[-77.34052480448408,38.937844253425915],[-77.33874812203744,38.93959816360889],[-77.3409531136479,38.941283992685975],[-77.33790301658797,38.941156601673896],[-77.33781648165248,38.939793617011375],[-77.33501934823673,38.938692348599005],[-77.33476645251736,38.93966614889938],[-77.33273239595492,38.9390185996103],[-77.33307389617835,38.94109537811317],[-77.33239727933952,38.942004580863006],[-77.33087117879873,38.941096995931574],[-77.33179863927234,38.937526421364865]]],[[[-77.36553994325766,38.95177670539493],[-77.36401037013901,38.94918193843727],[-77.36511041069114,38.94833704605165],[-77.36799547951074,38.950800602785435],[-77.3674063101429,38.953072963528186],[-77.36689543521652,38.951645521050885],[-77.36553994325766,38.95177670539493]]],[[[-77.33978696167868,38.95595398466094],[-77.34113327997149,38.94907272305891],[-77.3443546492327,38.950238409793826],[-77.34308578743646,38.951732330908236],[-77.34130649934275,38.9517986915327],[-77.3411402531703,38.95413549136767],[-77.34478321228633,38.953678141857196],[-77.34647827952064,38.95393634002211],[-77.34630975001443,38.95458555723839],[-77.34902090291659,38.954323593862924],[-77.34961569823335,38.955426499642584],[-77.34317480691536,38.954782904161505],[-77.33978696167868,38.95595398466094]]],[[[-77.33479257619597,38.9599172183712],[-77.33733534632573,38.960304712036326],[-77.34216574472744,38.960365769835725],[-77.34199716187092,38.96101498179899],[-77.33682723508613,38.960564735802784],[-77.33259141582727,38.96160645853543],[-77.33479257619597,38.9599172183712]]],[[[-77.33123567663799,38.96173726824826],[-77.33259141582727,38.96160645853543],[-77.33047449949837,38.962971061884815],[-77.33123567663799,38.96173726824826]]],[[[-77.36116732865521,38.972032153593545],[-77.36006412019476,38.97118941983817],[-77.36074066269948,38.970280062370996],[-77.35938481258859,38.970411179822406],[-77.35997437275151,38.968138851423554],[-77.36166702966779,38.96670924963585],[-77.36022703012351,38.96716499577301],[-77.35954775833636,38.96638675711496],[-77.3608979670674,38.96288045354371],[-77.36310701117817,38.96625348681855],[-77.36099610270205,38.970993798453755],[-77.36235477777895,38.97255025735095],[-77.360920234635,38.976381201374984],[-77.35922459338695,38.976123199674255],[-77.36117290796524,38.975407342597165],[-77.36116732865521,38.972032153593545]]],[[[-77.34099256602029,38.9699730300741],[-77.34005594297808,38.96679331396296],[-77.33327463968013,38.96576002944896],[-77.33369631315769,38.96413702773126],[-77.33539158462476,38.964395377766074],[-77.33649218725682,38.963550737329214],[-77.33996933724609,38.965430325776495],[-77.34174895979747,38.96536398419592],[-77.34175129888511,38.96705157720869],[-77.3451420467916,38.9675680342392],[-77.34565260682385,38.96899556957876],[-77.34115885310993,38.96763622502501],[-77.34209788248522,38.972503527584635],[-77.34150306153265,38.97140058299694],[-77.34014715591802,38.971531490272454],[-77.34099256602029,38.9699730300741]]],[[[-77.32395258847241,38.96602625145271],[-77.32590295118071,38.96699854253148],[-77.32573420790065,38.96764773302252],[-77.32395258847241,38.96602625145271]]],[[[-77.35568082547536,38.98638193820013],[-77.35864860192461,38.986833511416286],[-77.35839585513052,38.987807366754026],[-77.35542804052936,38.98735578742608],[-77.35568082547536,38.98638193820013]]],[[[-77.33592838024835,38.98607409957108],[-77.33931768993635,38.98490311915437],[-77.33931997326394,38.986590717191454],[-77.33609928395644,38.987112491643586],[-77.33592838024835,38.98607409957108]]],[[[-77.3541745267115,38.99897542936666],[-77.35578374204373,38.9978705170822],[-77.3554466425569,38.99916898524603],[-77.3541745267115,38.99897542936666]]],[[[-77.33254534030482,38.992307785273624],[-77.33415690035959,38.99289075433209],[-77.33280484596906,38.99639678277693],[-77.33356848353667,38.99685056941202],[-77.33323313484064,38.99983657864146],[-77.33204544779771,38.99931819406433],[-77.33170370363537,38.997241394731404],[-77.33254534030482,38.992307785273624]]],[[[-77.3208578948718,39.00335019253456],[-77.3225559295643,39.0052963228002],[-77.3190827673715,39.00847904606706],[-77.3208578948718,39.00335019253456]]],[[[-77.31503521030933,39.030809889726],[-77.31401104971286,39.02457931871072],[-77.31485591965267,39.02133341533132],[-77.31341286207612,39.020101014130915],[-77.3157886662211,39.02113813195657],[-77.31637999958281,39.01886599283935],[-77.3177368303737,39.0187353442842],[-77.31934157392001,39.012568082211544],[-77.31738652647269,39.00822047144958],[-77.31509558715875,39.00685879646857],[-77.31594194448829,39.005300498463455],[-77.31772434725025,39.006922104866504],[-77.31806573777244,39.008998945869834],[-77.3190827673715,39.00847904606706],[-77.31883122443648,39.011140429000456],[-77.32010529726229,39.013021952838],[-77.31942967198772,39.01561870088128],[-77.32222763996779,39.01503272724518],[-77.32562048597204,39.01554972160118],[-77.32756616414346,39.01145917656381],[-77.3284987499609,39.011263798035166],[-77.32748375829104,39.01347138062523],[-77.32816312668743,39.014249800465],[-77.3273149213061,39.014120577960256],[-77.32646870500905,39.015678955711145],[-77.32401042136132,39.016654245957504],[-77.31976932129717,39.01600793342254],[-77.31858507255164,39.018864632316415],[-77.31714377057547,39.01931988214978],[-77.31553522632684,39.02211190526288],[-77.31503348915662,39.02912227927798],[-77.31613705452148,39.02996542102153],[-77.31537836538119,39.03457435781691],[-77.31419364174535,39.03743102368642],[-77.31334519078936,39.0373017052531],[-77.3145316552419,39.036132659511516],[-77.31503521030933,39.030809889726]]],[[[-77.33632111168488,39.02696577388806],[-77.33563933796874,39.024499788236795],[-77.33597249479223,39.01982615307764],[-77.33725387282846,39.02677032910094],[-77.33581693779341,39.03060101585786],[-77.33522173689583,39.02949803098284],[-77.33632111168488,39.02696577388806]]],[[[-77.32216017185073,39.03054579780257],[-77.31953055392528,39.03048258307233],[-77.31706990836692,39.029770127742346],[-77.32156517854769,39.02944274749834],[-77.32216017185073,39.03054579780257]]],[[[-77.33531271349263,39.03423625800418],[-77.33581693779341,39.03060101585786],[-77.336665350507,39.03073018063437],[-77.33463961053089,39.03852071027723],[-77.33158755122513,39.040080774889475],[-77.3320096933637,39.03845775969533],[-77.33379111051563,39.03839153149119],[-77.3341266141068,39.035405501856395],[-77.33531271349263,39.03423625800418]]],[[[-77.3288751805635,39.04202997424982],[-77.32734702454448,39.04112233181825],[-77.32437916508445,39.04235761977601],[-77.32157828956636,39.04125603073487],[-77.32412383383341,39.041643800191096],[-77.33158755122513,39.040080774889475],[-77.33090999466314,39.04098998354678],[-77.32912851122516,39.04105617045763],[-77.3288751805635,39.04202997424982]]],[[[-77.32115217141332,39.039503784090115],[-77.32166276555087,39.0409314345149],[-77.32098321744857,39.04015297563725],[-77.31495931369473,39.03957254081074],[-77.31606129157343,39.03872807152426],[-77.32115217141332,39.039503784090115]]],[[[-77.31054952884129,39.04126270741416],[-77.30927838401244,39.04275630407541],[-77.30622560285136,39.04431574657388],[-77.30732621149598,39.04178373990587],[-77.31173610287635,39.04009368758754],[-77.31241223031675,39.037496970802714],[-77.31334519078936,39.0373017052531],[-77.31224485958812,39.0398337633029],[-77.31495931369473,39.03957254081074],[-77.31470579843803,39.04054631544588],[-77.31054952884129,39.04126270741416]]],[[[-77.30571679325955,39.04457564640334],[-77.30181532730288,39.04600560446928],[-77.30308668224943,39.044512083349495],[-77.30571679325955,39.04457564640334]]],[[[-77.3289344585308,39.09097098350935],[-77.32893036783153,39.08759572750875],[-77.33079748142774,39.08720493776237],[-77.33350933521912,39.083568054277336],[-77.33249561382792,39.08746333268562],[-77.33105303833534,39.08791874945063],[-77.33139729299954,39.09168321148643],[-77.32587809903902,39.09084329376352],[-77.32613164005315,39.08986948755438],[-77.3289344585308,39.09097098350935]]],[[[-77.318489988222,39.088706135993604],[-77.31466754006577,39.08643665654274],[-77.31984811934845,39.08857546277336],[-77.32239341863573,39.0872756432212],[-77.32562061422978,39.08844184299171],[-77.32613164005315,39.08986948755438],[-77.32213983657412,39.08824944133241],[-77.31747361067106,39.09091366661946],[-77.318489988222,39.088706135993604]]],[[[-77.3170490696398,39.090849018710806],[-77.31730450429703,39.09156285914673],[-77.31475896379236,39.092862575522105],[-77.31501266087301,39.091888791632215],[-77.3170490696398,39.090849018710806]]],[[[-77.32367084182083,39.090844783796086],[-77.32587809903902,39.09084329376352],[-77.32384181678452,39.091883211332],[-77.3222338133573,39.09636298705933],[-77.32121557608674,39.096882920676364],[-77.32299271281714,39.09175395754484],[-77.32367084182083,39.090844783796086]]],[[[-77.28775865274507,39.08807244108727],[-77.2890332698529,39.08995430894326],[-77.28784442525881,39.08943549346941],[-77.28775865274507,39.08807244108727]]],[[[-77.31475896379236,39.092862575522105],[-77.31297786870216,39.09461616105169],[-77.31255331003761,39.09455149774241],[-77.3139098645418,39.092733259663994],[-77.31475896379236,39.092862575522105]]],[[[-77.28852407918967,39.090214140477855],[-77.28903438855436,39.091641937929424],[-77.28801597994061,39.092161599098674],[-77.28852407918967,39.090214140477855]]],[[[-77.30610192961021,39.09559359300968],[-77.3101783712949,39.09688956484185],[-77.31255331003761,39.09455149774241],[-77.31085833429472,39.097668090794116],[-77.30610192961021,39.09559359300968]]],[[[-77.32121557608674,39.096882920676364],[-77.31909813881063,39.101622623996555],[-77.32079099684623,39.09681828547618],[-77.32121557608674,39.096882920676364]]],[[[-77.3100091858262,39.09753874817278],[-77.31103077196825,39.10039416881154],[-77.31001400424427,39.10260164330547],[-77.30958940155112,39.10253696977482],[-77.31043699161468,39.10097868311828],[-77.3100091858262,39.09753874817278]]],[[[-77.31807980538176,39.10214253244663],[-77.31833708947748,39.104544005055175],[-77.31630031524877,39.10558380177691],[-77.31663860819688,39.10428541585233],[-77.31807980538176,39.10214253244663]]],[[[-77.30610799108494,39.10234411863804],[-77.30899559208687,39.10312147743559],[-77.30958940155112,39.10253696977482],[-77.30925099076009,39.10383533607865],[-77.30636335865114,39.10305798310707],[-77.30279873852375,39.10487726176804],[-77.30424035566249,39.102734538586716],[-77.30610799108494,39.10234411863804]]],[[[-77.30076034122526,39.10422917053232],[-77.30279873852375,39.10487726176804],[-77.30254483236386,39.105851023121886],[-77.30076034122526,39.10422917053232]]],[[[-77.31523706247974,39.14524400630751],[-77.31761520374496,39.14459346646625],[-77.31617315020628,39.14673636249203],[-77.31371029080837,39.14771147242668],[-77.3131144657173,39.146608357521984],[-77.31498318197617,39.14621780085362],[-77.31523706247974,39.14524400630751]]],[[[-77.28261201657983,39.143311948749954],[-77.28490562845563,39.142986610414845],[-77.28660383891076,39.141557989097606],[-77.28618008243244,39.14318088112746],[-77.282272933345,39.144610252029665],[-77.2822738957519,39.146297899150625],[-77.28065934749144,39.14571424040054],[-77.28261201657983,39.143311948749954]]],[[[-77.30343767123499,39.15660968101296],[-77.30377643200347,39.15531131685765],[-77.30734659470322,39.15686729232828],[-77.30845044163193,39.15602287180334],[-77.31227469947176,39.1566049225812],[-77.31473787986468,39.155629839275555],[-77.31439931365655,39.156928233357306],[-77.31312454287475,39.156734251243165],[-77.3129552442816,39.15738344630917],[-77.3047124139394,39.15680376238141],[-77.30403343136538,39.15771284454566],[-77.30284336993775,39.157194165598554],[-77.29953013923623,39.158039597942995],[-77.30343767123499,39.15660968101296]]],[[[-77.27582073289655,39.15408902927007],[-77.27871006764184,39.15486709955158],[-77.2799856229512,39.1567490849967],[-77.27726581558616,39.15532189800552],[-77.27743542850745,39.15467275183162],[-77.27582073289655,39.15408902927007]]],[[[-77.27038501882448,39.15967266913741],[-77.26808954899555,39.15662243743006],[-77.27165972687294,39.159867089298444],[-77.27038501882448,39.15967266913741]]],[[[-77.29715924734091,39.16881571419025],[-77.29307778478741,39.16583164218527],[-77.2966469386893,39.16570027371118],[-77.29843284917744,39.16732220543336],[-77.29817866600693,39.168295970143255],[-77.29715924734091,39.16881571419025]]],[[[-77.2997146077302,39.17595461963281],[-77.29912418202113,39.181602065460886],[-77.29682941345865,39.1819276686128],[-77.29835614203168,39.1777727332367],[-77.29809925949506,39.175371183641644],[-77.29979796797225,39.17394237253654],[-77.29707843380399,39.174203270378634],[-77.29537966568252,39.1756320444373],[-77.29274481435327,39.17556826084188],[-77.29257528953315,39.17621743074313],[-77.29146977408433,39.175374056075576],[-77.28730663379461,39.17777734720475],[-77.28645659001972,39.17764784160196],[-77.2871359792514,39.17673885154835],[-77.2901947406392,39.17517983825276],[-77.28670989723338,39.17498644107905],[-77.28594467844357,39.17453235121426],[-77.28662404492343,39.17362336456232],[-77.29503940016666,39.17524273345589],[-77.29724791364194,39.17355409462321],[-77.30175217866666,39.17322742275036],[-77.30268835002751,39.17471988914213],[-77.30438547597886,39.17160335916792],[-77.29987995144477,39.170242470264064],[-77.29928415159965,39.169139283933895],[-77.3048951808389,39.171343458425795],[-77.30744055457005,39.166668613774995],[-77.30939449415284,39.165953545073016],[-77.31058474600123,39.16647216230408],[-77.3124523229121,39.16439398828106],[-77.31169034794367,39.16731536553706],[-77.31084038321042,39.167186026790084],[-77.31092831163758,39.17023673993238],[-77.30684927134715,39.17062842898705],[-77.30455932718934,39.17601714421063],[-77.2997146077302,39.17595461963281]],[[-77.30022435987493,39.17569473778257],[-77.29988406807823,39.17530544004396],[-77.29979933828315,39.17563002985595],[-77.30022435987493,39.17569473778257]]],[[[-77.26826497903588,39.17116218564297],[-77.26987999370075,39.17174600836742],[-77.27005038959797,39.1727845265618],[-77.26826497903588,39.17116218564297]]],[[[-77.31603837494676,38.85244408736743],[-77.31570124003659,38.85374242196217],[-77.31400861174387,38.853483806645635],[-77.31434577560469,38.85218547669468],[-77.31603837494676,38.85244408736743]]],[[[-77.32815172176836,38.863405355525586],[-77.33026372003556,38.86035323969355],[-77.33119645663407,38.86184541487669],[-77.33475065621481,38.861712959712435],[-77.33458440533413,38.86404972348344],[-77.32908445418678,38.86489754713214],[-77.32933716639091,38.86392376771083],[-77.32815172176836,38.863405355525586]]],[[[-77.29219094199024,38.87309655580844],[-77.29354388235213,38.87127860170288],[-77.29566009539536,38.871602217372775],[-77.29904472819211,38.87043235495681],[-77.30048457919983,38.87166489702806],[-77.29913315404647,38.87517049994221],[-77.29659226738003,38.873094654903184],[-77.2957457609164,38.87296521931475],[-77.29540816954544,38.874263501737985],[-77.29219094199024,38.87309655580844]],[[-77.2957457609164,38.87296521931475],[-77.29549130360729,38.872251358452885],[-77.29532250881223,38.872900499352944],[-77.2957457609164,38.87296521931475]]],[[[-77.32055038461405,38.87743031477427],[-77.32182216402953,38.879311785432606],[-77.32106168851124,38.8805455077185],[-77.3202150520544,38.88041623916149],[-77.32055038461405,38.87743031477427]]],[[[-77.33765816264324,38.88442806369895],[-77.33630386854675,38.88455892742536],[-77.33587831264025,38.88280677157437],[-77.34062167478223,38.88488006152221],[-77.34239932940856,38.884813711321115],[-77.34341682708062,38.885981195860715],[-77.33748971531851,38.88507726292045],[-77.33765816264324,38.88442806369895]]],[[[-77.31708499442388,38.882300498980115],[-77.31496837557697,38.881977248766454],[-77.31479801957053,38.8809388426656],[-77.3164069745689,38.88152203313636],[-77.31708499442388,38.882300498980115]]],[[[-77.31014961468702,38.88866543312076],[-77.30769385022462,38.887952806702735],[-77.3067612607647,38.88646045001075],[-77.31108067549845,38.88847018884298],[-77.31260708879796,38.89106558699732],[-77.31065893617583,38.89009309700742],[-77.31014961468702,38.88866543312076]]],[[[-77.29992403095137,38.911063600744725],[-77.30128168253312,38.914308296111166],[-77.300859575252,38.91593117628348],[-77.29967212440859,38.913724906876865],[-77.29992403095137,38.911063600744725]]],[[[-77.30170659017557,38.916060577635996],[-77.3014533276517,38.91703430696316],[-77.3012844822069,38.91768345963034],[-77.30018279008388,38.91684020014549],[-77.300859575252,38.91593117628348],[-77.30170659017557,38.916060577635996]]],[[[-77.31540550788078,38.89554250744113],[-77.31557244576258,38.893205760593645],[-77.31320081641864,38.89216865789782],[-77.313792872851,38.891584149608754],[-77.31650355006262,38.89301047547291],[-77.31836574368782,38.89261988426456],[-77.317343240681,38.886389466022415],[-77.31624183588507,38.88554635259079],[-77.31776124792808,38.88139138686371],[-77.31970743679074,38.88067619004081],[-77.31810026267091,38.88178061652963],[-77.3177665906895,38.88645411087926],[-77.31946545943,38.89177540310328],[-77.31650530205175,38.89469805223324],[-77.31599931435801,38.896645565555225],[-77.31769473216075,38.898591732568796],[-77.32285254596178,38.89229246383874],[-77.32420700796085,38.89216174696329],[-77.326067165149,38.890083464072106],[-77.32835261127491,38.88975733806578],[-77.32995567909377,38.88527762733714],[-77.33122574554926,38.88547142830969],[-77.33173124867862,38.883523855561364],[-77.33359311820679,38.88313303605967],[-77.3340963827375,38.87949788053399],[-77.3376514380377,38.87936534189988],[-77.33764247335034,38.87261505096755],[-77.33450886452748,38.871124604820025],[-77.33492996297224,38.869501619277536],[-77.33357379469119,38.86794488159627],[-77.3317965434898,38.868011105089984],[-77.33230191026483,38.866063534075714],[-77.33323476167332,38.86755569490125],[-77.33560587510593,38.868592411200915],[-77.3358629121971,38.87099376091911],[-77.33899654308527,38.872484172804256],[-77.34034830434254,38.870665708063676],[-77.3439870960875,38.87020838686557],[-77.3439005316111,38.86884541888952],[-77.34533869061146,38.86838986817919],[-77.3451655186646,38.86566393485291],[-77.34245529771403,38.864238240514446],[-77.34541801866936,38.864690122562855],[-77.34600959348613,38.864105462362495],[-77.34626695753543,38.86650678922749],[-77.3488065296888,38.86689404301742],[-77.34990550449079,38.86604929446481],[-77.35295247932396,38.866176389158355],[-77.35405401598854,38.86701917436442],[-77.35650685046129,38.866043309874826],[-77.35608625250158,38.86766636803856],[-77.34787584564604,38.867089570148295],[-77.34415784290553,38.87124675146503],[-77.34678173651504,38.87130944337404],[-77.34856154827656,38.872930576676296],[-77.35109880388572,38.87163021196428],[-77.3579557197162,38.87233789670725],[-77.35711180502307,38.873896452066056],[-77.3544010442214,38.87247101764391],[-77.35414863729565,38.873444849123636],[-77.35135380368315,38.87234395847226],[-77.34890068814644,38.87331972167911],[-77.35000481321457,38.87585011590683],[-77.35237643506808,38.87688651231715],[-77.35288650147338,38.87831400050481],[-77.35381731542476,38.87811843548094],[-77.35542652028417,38.878701119168106],[-77.35415650750537,38.878507566341256],[-77.35348073487451,38.879416876655625],[-77.35136147960458,38.877406675200056],[-77.34992318030527,38.87786229629399],[-77.34864820477988,38.87429354205241],[-77.34610593861558,38.87221871269338],[-77.3427196201464,38.87170228862364],[-77.33840710267668,38.87475637239599],[-77.33832966476436,38.88014369130342],[-77.33612878997197,38.8801454024558],[-77.33587831264025,38.88280677157437],[-77.33266431193866,38.885016023792154],[-77.33207457267983,38.88728819669802],[-77.33072021539601,38.8874189994609],[-77.3303009910508,38.890729549915505],[-77.32302494632832,38.895018437047014],[-77.32184279199262,38.89787511688246],[-77.31921977811048,38.89949947445942],[-77.31888248213319,38.900797825024135],[-77.31752785001291,38.90092848386135],[-77.31710618219786,38.9025514164984],[-77.32074856299404,38.90378235460762],[-77.32134251754714,38.904885388281365],[-77.3183029484971,38.91319541565732],[-77.32008498530506,38.91650454781633],[-77.31686725750822,38.917025817940655],[-77.31669854947025,38.9176749915868],[-77.31813963319944,38.918907335812285],[-77.31763352101176,38.92085486191064],[-77.32220828438271,38.92189045876443],[-77.32195151788827,38.91948906540199],[-77.32593012524073,38.91773390967405],[-77.32855161448741,38.91442182505958],[-77.33041429091338,38.914031051786324],[-77.33328826134478,38.909745081022095],[-77.33625277640718,38.91019718476017],[-77.33777605134911,38.909417119736936],[-77.33946549505593,38.906300253231784],[-77.34344533637643,38.906232117436396],[-77.34276917283216,38.907141372486954],[-77.3401439919549,38.9070785953265],[-77.33836805075468,38.908832492807605],[-77.33803105288169,38.9101308970017],[-77.3397273732055,38.91207676601643],[-77.34548099624651,38.908567067453276],[-77.35064728590844,38.90901694971197],[-77.3514075575402,38.90778304155274],[-77.35598197978115,38.90881739061768],[-77.35674752828297,38.91095860849892],[-77.35844164376057,38.91121664168745],[-77.36198978400296,38.9060206669247],[-77.3651225775003,38.905822845921854],[-77.36884411310935,38.90335259564796],[-77.37434959658172,38.90419058093243],[-77.37392917593044,38.9058137072232],[-77.36986229352391,38.9045198657655],[-77.36140078948098,38.908292985266534],[-77.3608959077844,38.91024068500803],[-77.36377647735422,38.9110167471731],[-77.36394760195006,38.91205508974889],[-77.36589705316848,38.913026744791004],[-77.36623937714708,38.91510342454109],[-77.36869662940401,38.91581489336521],[-77.36793656684992,38.91704890881728],[-77.36446100501273,38.91517011690715],[-77.364797555034,38.91387164007173],[-77.36072760788531,38.91088991790806],[-77.3586968541014,38.91193037660077],[-77.35225714803178,38.90959967680771],[-77.35031050607014,38.910315387301374],[-77.34776941201714,38.909928162243595],[-77.34751678662808,38.9109019847532],[-77.3440444352824,38.91071020182064],[-77.34125297604828,38.91298423841854],[-77.33828831651581,38.91253225406687],[-77.33786254943975,38.91078009883759],[-77.33659202402869,38.91058636524907],[-77.3358314721626,38.91182018299545],[-77.33362964016811,38.91182184978374],[-77.33075560787705,38.91610782962715],[-77.32813011419636,38.916044798021225],[-77.3271164383368,38.918252346606394],[-77.32356138182139,38.92007216586074],[-77.32297107467903,38.9223443056568],[-77.31636462307956,38.922348503585944],[-77.31543141550003,38.92085620554257],[-77.31077728955256,38.92520769114611],[-77.31010214637641,38.92780435438971],[-77.31086654532722,38.92994586071603],[-77.30807175527102,38.93053157089874],[-77.30858132885359,38.93195925111088],[-77.31213899172303,38.93182744343182],[-77.31349589150136,38.93338442830942],[-77.31688487112548,38.93390165495334],[-77.31959535964738,38.933640335375685],[-77.32137235801497,38.93188670100995],[-77.32306683492399,38.93214521824006],[-77.3239160025714,38.933962053528035],[-77.3225607625088,38.93409276793637],[-77.32154292696914,38.932925104909266],[-77.32027389889099,38.93441878903251],[-77.31425874789852,38.933838329498634],[-77.31315833649924,38.93468276912483],[-77.31154659480704,38.93241194689825],[-77.30917532892617,38.933062347195],[-77.30756529302231,38.932479058954314],[-77.30756374730998,38.93079147371822],[-77.3059537745244,38.9302081647392],[-77.30468447404013,38.931701688780734],[-77.30349810157679,38.93118303631941],[-77.30239760552445,38.93202738016189],[-77.30070320478059,38.93176858055496],[-77.29799404211411,38.93371707283239],[-77.29545241001874,38.93332877441509],[-77.29409836437024,38.93514676379789],[-77.29875948875252,38.93754624202288],[-77.29833852256952,38.94085670601639],[-77.29706888023189,38.942350154317246],[-77.29800198692244,38.94384259491977],[-77.30477926634012,38.943190215655136],[-77.3063895167907,38.94377354092916],[-77.30622065334668,38.94442270269014],[-77.30367860365084,38.94403457227295],[-77.30308603948805,38.944619036319054],[-77.30062845683366,38.94390626466894],[-77.29859592365318,38.944945743488844],[-77.29571343588921,38.94248057552024],[-77.29512207798636,38.94475258964207],[-77.29325842626677,38.94514283435586],[-77.29478664226797,38.949426060832515],[-77.29377149053552,38.95163334684924],[-77.29444992132017,38.952411943723966],[-77.29250156655063,38.95312675068392],[-77.29191002191514,38.955398752938244],[-77.29343715511817,38.95799441045109],[-77.29276108925664,38.96059099121691],[-77.29013630872078,38.96390234022016],[-77.29166355708955,38.96649802279238],[-77.29734192407494,38.96669029079345],[-77.30242471097984,38.96409157477206],[-77.30615438014672,38.96499837285902],[-77.30793557787416,38.966620109704095],[-77.31174659300929,38.96382697018588],[-77.31394999865003,38.963825691969156],[-77.31428427034821,38.95915215935641],[-77.31504740171276,38.95960605735308],[-77.31462704875331,38.9629165870117],[-77.32234170497941,38.96544315230068],[-77.32360931312688,38.96226184786007],[-77.3228441999176,38.96012041031616],[-77.3256380418073,38.95784677336142],[-77.32580282505829,38.95382240263488],[-77.32614617404067,38.95758679552177],[-77.32784126615714,38.957845248464274],[-77.32817866667827,38.956546863450946],[-77.3307192008104,38.95524690176097],[-77.33088995783474,38.956285296219654],[-77.33521199472796,38.95660662191906],[-77.33529412258646,38.954594430303764],[-77.33978696167868,38.95595398466094],[-77.33860220970047,38.957123256856114],[-77.32902620273175,38.95667607891202],[-77.32868881672914,38.95797446625449],[-77.32546931738005,38.9584959626199],[-77.32419992406807,38.95998969232548],[-77.32428816211716,38.963040282725956],[-77.32759423984581,38.96388181294862],[-77.3292030827414,38.96277725118491],[-77.33047449949837,38.962971061884815],[-77.33022145861698,38.96394485630371],[-77.33276434511569,38.96433244387659],[-77.3330194898957,38.96504623688748],[-77.32895002552374,38.96375104298316],[-77.32691734273341,38.96479098878386],[-77.32445884567649,38.96407868721382],[-77.32395258847241,38.96602625145271],[-77.32225731963665,38.965767745070714],[-77.32158033831958,38.966676892042905],[-77.31886862661823,38.96693825621992],[-77.32031256458701,38.96985817783075],[-77.31810718544592,38.96817197492383],[-77.31725599251251,38.964667497744045],[-77.31420495713995,38.96453952360026],[-77.31022350851171,38.966294314594926],[-77.30946033710572,38.9658403864827],[-77.3075133155726,38.968243024413376],[-77.30378200443913,38.965648673070845],[-77.29971575572917,38.967727707421105],[-77.29768122692526,38.967079580775135],[-77.29547772252828,38.967080570091746],[-77.29513968982697,38.96837886810509],[-77.29310518357406,38.96773066636771],[-77.29276710553111,38.969028958042735],[-77.2914099846956,38.96747173848753],[-77.28971479787918,38.9672127874586],[-77.28725765891274,38.968187342620006],[-77.28624201715324,38.97039457306178],[-77.28361460395267,38.9703305984495],[-77.28302068714773,38.96922737410214],[-77.28132548929635,38.96896830839711],[-77.28064888938071,38.97156482734623],[-77.27886905988478,38.971630292661175],[-77.27929465360559,38.97507026093384],[-77.2765816494038,38.97364310538105],[-77.2748871604762,38.97507154741492],[-77.27225958842665,38.97500733233708],[-77.27183504565788,38.97325493541265],[-77.27378414222916,38.97254045091454],[-77.27361416187703,38.971501975562596],[-77.27124128355703,38.972151654212745],[-77.26827464944728,38.971697992232954],[-77.26717313217425,38.97254202837424],[-77.26556255967381,38.971958191635906],[-77.2637832383711,38.97371103616398],[-77.26208800459912,38.97345170748455],[-77.25810481236047,38.975204828237736],[-77.25615513602729,38.97423147056797],[-77.25395202154046,38.97760691525927],[-77.25064639965231,38.978451018214976],[-77.24929019985987,38.97858093281927],[-77.24640805046043,38.97611460733717],[-77.24513662846567,38.97591993491383],[-77.24488240073457,38.9768935567851],[-77.24395003124619,38.97708830613534],[-77.24479756552549,38.97553050079757],[-77.24657752094883,38.97546552412449],[-77.24691645285667,38.97416735719533],[-77.24555989105755,38.967546850374546],[-77.24691589190351,38.967416976750776],[-77.2464075366464,38.96936422492313],[-77.24759412443846,38.96988342622695],[-77.2470013261631,38.975530411453846],[-77.25301938540194,38.97611413610489],[-77.25496874324362,38.97539994683849],[-77.25581602199452,38.973842066657724],[-77.2580197314728,38.973841781649156],[-77.25827377278817,38.97286813332251],[-77.25929115161037,38.97403632202135],[-77.26683336497639,38.97046505949265],[-77.26751106529846,38.96955621084789],[-77.26657825423172,38.968063535407836],[-77.26835673279841,38.96462305857396],[-77.26776309383676,38.96351976214746],[-77.26920425652649,38.96475268281957],[-77.26751044753337,38.96786861632366],[-77.26827401395832,38.97001039717384],[-77.27234274774085,38.97130758201094],[-77.27302038710754,38.97039870316497],[-77.27471558870805,38.97065788238145],[-77.27463176782393,38.97267003824092],[-77.27581861081708,38.97318896988782],[-77.27700463277658,38.972020294709104],[-77.27564779344195,38.970462902091626],[-77.27954662075287,38.97072137813489],[-77.27895187935947,38.96793053978368],[-77.28081619126776,38.96754050871827],[-77.28115447557063,38.96624224990025],[-77.2853077807726,38.96721444402725],[-77.28606976784656,38.96598092683976],[-77.28734112558287,38.96617517959334],[-77.28632340648761,38.9650072222737],[-77.28674505879891,38.96169678763361],[-77.28479434296798,38.95903628970338],[-77.286061384943,38.95248019045498],[-77.28351817272448,38.95040405636405],[-77.28089148339848,38.95034002427381],[-77.28105965474091,38.948003306911666],[-77.27885672754041,38.94800400106654],[-77.27868673212002,38.946965536381455],[-77.27597560092025,38.94722596241241],[-77.27512747503313,38.9454087957684],[-77.27343285987159,38.94514962313347],[-77.27258482163622,38.943332439639015],[-77.26995772280728,38.94158058802434],[-77.26690773842907,38.9414514513218],[-77.26580666291478,38.94229547162973],[-77.26521324464153,38.9411921665443],[-77.26267152659047,38.9408031959937],[-77.26207718482772,38.93632470195062],[-77.26351718802817,38.935870097085434],[-77.26385669919883,38.93794706468968],[-77.26267102123907,38.93911560844324],[-77.26402699881498,38.940673135882115],[-77.26690713488632,38.9397638636374],[-77.26741596585126,38.94119171467111],[-77.2680933864292,38.9402828666897],[-77.27038066755036,38.939957807476134],[-77.2705505281397,38.94099628251419],[-77.27343135026612,38.9417744464841],[-77.27385574789004,38.94352682992367],[-77.27673753690048,38.94599250611075],[-77.27987228084362,38.94579683826213],[-77.28029685695118,38.9475492006555],[-77.28233068515911,38.94819761049338],[-77.28199250568045,38.949495869114514],[-77.28656750221614,38.94884519508389],[-77.28555210938046,38.951052413651766],[-77.28817992526515,38.952803937319956],[-77.28699546514747,38.95566030695602],[-77.28758933149872,38.956763510079895],[-77.28623465354386,38.95858141964066],[-77.2909803771652,38.95896903800458],[-77.29004494035017,38.95410135902644],[-77.29123042292889,38.95293255117482],[-77.29004380033571,38.9524137684767],[-77.29241467250151,38.95007614223047],[-77.29122575334324,38.94618219259409],[-77.29139475456883,38.94553305109215],[-77.29258127464011,38.94605182036023],[-77.29232420744196,38.94196276977898],[-77.29054396067603,38.94034081461901],[-77.28884940861319,38.94008185277495],[-77.28766084330981,38.936187874447185],[-77.28461105346605,38.936059173134275],[-77.28393387836687,38.9369681107754],[-77.28147580032598,38.93456737409571],[-77.28283112285328,38.9344371086147],[-77.28300114813064,38.93547556579765],[-77.284271965047,38.93566984914698],[-77.2874907499143,38.935149423550875],[-77.29003468212235,38.938913058670266],[-77.29257648025646,38.93930146840699],[-77.29316908550108,38.938717055003394],[-77.29325599760288,38.94176765802442],[-77.29495060457256,38.942026559729115],[-77.29333926821796,38.93975549862513],[-77.29520152228149,38.93767766601216],[-77.2932523550292,38.93670489651819],[-77.29248840317432,38.93456327967955],[-77.29291080503191,38.93294042393526],[-77.29468967620419,38.9328747575963],[-77.29587473865767,38.93170590885279],[-77.29248481432735,38.92950052319448],[-77.2927382401291,38.928526810559674],[-77.28850255033622,38.92787943856871],[-77.2867195453422,38.92119468078183],[-77.28383740395972,38.9170416625511],[-77.27883912378432,38.91425229256851],[-77.27985511032341,38.91373272134783],[-77.28434439329628,38.91509427549355],[-77.28544484276307,38.91425009377525],[-77.28713878172903,38.9145091012265],[-77.28764458139447,38.910874120374544],[-77.28662763009898,38.90970617452515],[-77.28764241399307,38.907498959593454],[-77.28509970243287,38.90373529123888],[-77.2861999715532,38.90289110406373],[-77.28806586030919,38.907563706062575],[-77.28891275519968,38.907693194663885],[-77.28798138928666,38.907888272897644],[-77.28739007105068,38.91016023951434],[-77.28933844966956,38.91113309766066],[-77.287901276145,38.91496316335786],[-77.2856993483323,38.914963979010736],[-77.28451439499504,38.91613272788988],[-77.28603939460754,38.91704087996151],[-77.28629496833813,38.91944234672942],[-77.28926070739975,38.92158315751857],[-77.28884051337253,38.92658116610609],[-77.2927370381008,38.92683922606906],[-77.29350091623583,38.928980839109265],[-77.29959994517456,38.929237729334105],[-77.3015475911016,38.92852281329292],[-77.30256075533345,38.924627886881446],[-77.30187966904217,38.920474171097936],[-77.30077792781287,38.91963091658801],[-77.3012844822069,38.91768345963034],[-77.30280972337584,38.9185914056287],[-77.30162498561963,38.91976031856163],[-77.3034078744299,38.924757276763366],[-77.30197117202805,38.92858751245134],[-77.30315749133044,38.92910617933503],[-77.30425793442603,38.92826182908705],[-77.3095957573962,38.92975185001089],[-77.3092549799415,38.92767501018204],[-77.30730589271099,38.926702462878865],[-77.30764351506197,38.92540413940803],[-77.31323098669495,38.92254509296156],[-77.31661243925069,38.916311996521486],[-77.31881440734632,38.9163106319192],[-77.31898309336513,38.915661455511696],[-77.3163558769177,38.91391059335437],[-77.31635237902034,38.91053543189242],[-77.31228791117755,38.91092728155013],[-77.31017048175794,38.91060394824225],[-77.31033923159849,38.909954784082416],[-77.31330361267831,38.91040743651983],[-77.31482713774582,38.90962765343995],[-77.31762284968332,38.91072937287033],[-77.31880176702708,38.90449756983537],[-77.31617495756367,38.902746706380675],[-77.3157480449248,38.899306899370615],[-77.31117479156384,38.89827106727066],[-77.31007488166483,38.89911547556562],[-77.30575636661304,38.89879327677419],[-77.30228328004272,38.89691274690181],[-77.30008189797692,38.896913817949965],[-77.29787919522614,38.895227272445915],[-77.29516628476368,38.89042538564467],[-77.29093278842022,38.88977809982171],[-77.29110166142537,38.88912896357466],[-77.29618182260191,38.889905682235174],[-77.29897784174292,38.89269539586315],[-77.29923375655109,38.8950968284019],[-77.30431589024626,38.89756079186678],[-77.30854995770943,38.89820762122683],[-77.31066540279264,38.89684340404401],[-77.3166792267333,38.899111612780686],[-77.31540550788078,38.89554250744113]],[[-77.3166792267333,38.899111612780686],[-77.3170183181581,38.89950084626172],[-77.31710265008417,38.89917626000801],[-77.3166792267333,38.899111612780686]],[[-77.28301970976648,38.967539779760045],[-77.28335893996793,38.967929108949555],[-77.28344350128745,38.9676045425565],[-77.28301970976648,38.967539779760045]],[[-77.2839418649357,38.950468817296624],[-77.28487378643149,38.950273768274116],[-77.28495832048964,38.949949201683246],[-77.28411094106086,38.94981968532427],[-77.2839418649357,38.950468817296624]]],[[[-77.3216328927677,38.937663271708495],[-77.32027389889099,38.93441878903251],[-77.3230744556219,38.93889556193479],[-77.3216328927677,38.937663271708495]]],[[[-77.29787268854064,38.995119583825],[-77.29609101741381,38.99349769549546],[-77.29685179840642,38.99057650702949],[-77.29583358534327,38.98940862340004],[-77.29354486347968,38.98973415431088],[-77.29133833175341,38.98635987156232],[-77.28955814999134,38.986425490337076],[-77.28828533278124,38.98454366106394],[-77.28557283583497,38.98480429830206],[-77.28548722920259,38.98344126861266],[-77.28379169143916,38.98318223604492],[-77.28523660211651,38.989477771387],[-77.28633922085015,38.99032117246447],[-77.28472911834703,38.99142518292643],[-77.28311406756723,38.98409117546406],[-77.28133393389925,38.98415667625848],[-77.2803160597368,38.982988666507936],[-77.2781966756158,38.9826647838982],[-77.27845047775764,38.981691092986836],[-77.27980668338762,38.98156085966778],[-77.27946561840776,38.977796325597154],[-77.28175402778226,38.9774710548966],[-77.27997314798621,38.97584893965201],[-77.284296121378,38.976172039968624],[-77.28395784696338,38.97747030928058],[-77.28065257947416,38.97831521141334],[-77.28065442477762,38.98169040603359],[-77.28370612007777,38.98181920546626],[-77.28599568356715,38.98318145424196],[-77.28717848293368,38.97694988866237],[-77.28912752779797,38.976235162785585],[-77.29209447678042,38.976688326542835],[-77.29514724125944,38.97850444116685],[-77.29548532085971,38.97720614116108],[-77.2976033072257,38.975842131962175],[-77.30421461599889,38.975838933359846],[-77.30608050726609,38.977136118402186],[-77.30743657850293,38.97700558325433],[-77.30904917961129,38.979276473530284],[-77.31210082378736,38.97940457472441],[-77.31456142664622,38.98180471997418],[-77.31523863638922,38.980895609230636],[-77.31795088124078,38.98063432382835],[-77.31871065025129,38.97771300725159],[-77.32040618475972,38.97797156254967],[-77.32210361518291,38.97991769129583],[-77.32490213775809,38.98101925756481],[-77.32473529802489,38.983356045511634],[-77.32651735920665,38.98497752007875],[-77.3357596821781,38.98672330556542],[-77.33517140246087,38.99068312443312],[-77.33763090333065,38.99139521660517],[-77.33720915964449,38.99301823840897],[-77.33585064032216,38.991461499380904],[-77.3333933006827,38.99243697159877],[-77.33381081465373,38.98743876487333],[-77.3310119103226,38.986337398402405],[-77.3291473861217,38.98672818467769],[-77.32541631670138,38.985822074756555],[-77.32218990352303,38.981280694893144],[-77.31862803774743,38.979725194753044],[-77.31930699636209,38.98050365890389],[-77.31812151563474,38.98167273976935],[-77.31812509901282,38.98504793530168],[-77.32160467430958,38.988615643364966],[-77.32143771125392,38.99095242961403],[-77.32254077188873,38.99179550924027],[-77.32169471299247,38.99335384889488],[-77.32016582962089,38.99075852549304],[-77.32067236026481,38.988810969410196],[-77.31727725186052,38.984918644824596],[-77.3171048538213,38.98219262950992],[-77.31566426894324,38.982647859514856],[-77.31600722942738,38.98641229662317],[-77.31524553594815,38.98764600140477],[-77.3143925478502,38.98245389648481],[-77.30981408826518,38.981418002246265],[-77.31006746298944,38.98044424691833],[-77.30718471843687,38.979666929446005],[-77.3066748381874,38.97823923365899],[-77.29853685431831,38.977334575836046],[-77.29472462479485,38.980127315238754],[-77.29048476322009,38.97779240934872],[-77.28650413430081,38.982921637798654],[-77.28904745084547,38.983310122368984],[-77.29057506772226,38.98590582593047],[-77.29277914226606,38.98590492366731],[-77.29464633506194,38.98888988190104],[-77.29718990368374,38.989278199974656],[-77.29778287890899,38.98869376022974],[-77.29761515060167,38.99103051438977],[-77.29931227602479,38.99297695871634],[-77.30601265351166,38.996024287618994],[-77.30440272336381,38.99712855423947],[-77.30389277533202,38.99570084316686],[-77.301772916002,38.995377362529624],[-77.29693762633367,38.991939530374964],[-77.298720620069,38.995249007058845],[-77.29880783249229,38.998299631818995],[-77.2975358827655,38.998105495597294],[-77.29787268854064,38.995119583825]]],[[[-77.26328204739683,38.99759714400371],[-77.27150721984162,38.999867158928645],[-77.27600003193714,38.99785382730791],[-77.27769588388541,38.99811296690805],[-77.28015598428277,39.00051380110654],[-77.28744834751812,39.00129017283733],[-77.28753401189879,39.002653204978415],[-77.28515921434268,39.001615549734716],[-77.2822768576888,39.00252525414889],[-77.27574614061338,38.99882751565505],[-77.27091394247942,39.0004514741469],[-77.27244127225654,39.003047407811906],[-77.27473050735438,39.00272226535361],[-77.27668119576823,39.00369533546413],[-77.27735992915784,39.00447403193284],[-77.27659739118624,39.00570750294474],[-77.27532457189281,39.003825535077674],[-77.27261130957505,39.00408588983899],[-77.27048997077202,39.000386668231805],[-77.2685394538895,38.99941350135544],[-77.26523244525397,38.99857039320478],[-77.26659018251658,39.00181550933408],[-77.26421516951153,38.99908985098274],[-77.26116325512143,39.00064817455459],[-77.26040002955074,39.00019394236816],[-77.2610780871758,38.999285124703526],[-77.26285860921972,38.999219914277425],[-77.26328204739683,38.99759714400371]]],[[[-77.26040002955074,39.00019394236816],[-77.26014636847518,39.002855202364884],[-77.25904428512068,39.003699170418045],[-77.25912814930383,38.999999412568386],[-77.26040002955074,39.00019394236816]]],[[[-77.2670141590768,39.00188032858247],[-77.26820205836674,39.004086938928445],[-77.26786336691907,39.00538516999379],[-77.26633615142173,39.002789179043106],[-77.2670141590768,39.00188032858247]]],[[[-77.2763525357647,39.02524486999349],[-77.2758429412682,39.02381703725427],[-77.2761815761115,39.02251878052427],[-77.2763525357647,39.02524486999349]]],[[[-77.29408542508946,39.03335205150752],[-77.2983246414173,39.03062402049185],[-77.29823874183627,39.02926098956732],[-77.29900115969251,39.028027380902245],[-77.29951123837397,39.02945511957005],[-77.29849511284672,39.03166247172748],[-77.2972225803959,39.03146833124099],[-77.29696885588383,39.03244206831629],[-77.29408542508946,39.03335205150752]]],[[[-77.29408542508946,39.03335205150752],[-77.29205029821738,39.034391437520036],[-77.29272827911593,39.03348244193706],[-77.29323705750551,39.033222595805775],[-77.29408542508946,39.03335205150752]]],[[[-77.28806339499933,39.03445792468887],[-77.28475762204855,39.03867816943915],[-77.28433341511338,39.03861341039574],[-77.28416312963982,39.03757493850936],[-77.28746888693955,39.03335471037368],[-77.2885721968831,39.03419809762478],[-77.29205029821738,39.034391437520036],[-77.29094810724824,39.035235693127326],[-77.28806339499933,39.03445792468887]]],[[[-77.25973201961628,39.03991774745804],[-77.26261664530759,39.0406961746224],[-77.2635503068842,39.04218889720774],[-77.25998671259265,39.04063169903268],[-77.25973201961628,39.03991774745804]]],[[[-77.26202492756754,39.04803091186582],[-77.26304393325009,39.0508867007538],[-77.26185591302479,39.050367640383826],[-77.26202492756754,39.04803091186582]]],[[[-77.26584429234615,39.051989611336964],[-77.26635447958542,39.05510510991815],[-77.26610084488955,39.057766406589266],[-77.26499743798192,39.05692281629843],[-77.26516580272708,39.052898463023425],[-77.26304393325009,39.0508867007538],[-77.26584429234615,39.051989611336964]]],[[[-77.26686471055633,39.05822060811244],[-77.26584719162192,39.06042770399508],[-77.26542287461672,39.06036288012147],[-77.26610084488955,39.057766406589266],[-77.26686471055633,39.05822060811244]]],[[[-77.28282536288565,39.071457579920704],[-77.28070338776988,39.071133735350294],[-77.28044838440863,39.0704198224366],[-77.28282536288565,39.071457579920704]]],[[[-77.32984532864765,39.072211710907524],[-77.32950742093199,39.0735101249822],[-77.32865852154444,39.073380910337924],[-77.3300122080542,39.069874881419615],[-77.33272558733205,39.06792564766837],[-77.31939623217535,39.06319646336004],[-77.31608223974723,39.05897946225838],[-77.30929267769208,39.05794485187147],[-77.30836257525401,39.0615153261666],[-77.30886833648108,39.057880176408965],[-77.30488016043445,39.05794720370285],[-77.29486550021008,39.05574507349898],[-77.29681788092806,39.05671783586135],[-77.29664866964184,39.05736699622964],[-77.29537569215472,39.05717283596019],[-77.29605512511021,39.05795143721525],[-77.29461415484343,39.06009404778498],[-77.29512563205877,39.06320943253406],[-77.29648462002221,39.064766635842155],[-77.2978423433716,39.06463620365251],[-77.29860782013134,39.066777831743224],[-77.29725005815048,39.066908272347376],[-77.2958961243019,39.0721015651092],[-77.29394457509845,39.07281640866585],[-77.29530371739749,39.07437362758892],[-77.29241860210767,39.075283578802164],[-77.2920800114653,39.076581891728075],[-77.29165439742405,39.07482953301731],[-77.28698577399115,39.07411735841198],[-77.28698898687644,39.07918023216793],[-77.29013059234035,39.080671926492776],[-77.28953680504202,39.081256338795015],[-77.29064086626072,39.08209971481646],[-77.29038687677271,39.08307344715427],[-77.28792473628313,39.08236040779622],[-77.28724839351527,39.08664463935017],[-77.28656878664026,39.08586598588453],[-77.287500271529,39.08229565906653],[-77.28512287178894,39.08125798895058],[-77.28274748504856,39.08359552605552],[-77.27672111868377,39.08470085922235],[-77.27638220369808,39.08599913161072],[-77.27502324946758,39.08444170244072],[-77.26882586989886,39.08282053276574],[-77.26755314064118,39.08431371336143],[-77.26313902132007,39.08431458273008],[-77.26203672051994,39.088533845035876],[-77.2582168511279,39.08963788644462],[-77.25634964478729,39.0917152151184],[-77.25431203128653,39.091066363973646],[-77.25414266858317,39.09340310018697],[-77.25269948454421,39.09385760788654],[-77.250237348672,39.09314382051938],[-77.24896424464039,39.096324444284974],[-77.25057766618642,39.098596140136145],[-77.24955868323943,39.097427855278234],[-77.24811539057886,39.09788231009937],[-77.24803068618016,39.099894491365234],[-77.24972882017923,39.100154017639376],[-77.24947421925144,39.10112766957253],[-77.24709689127431,39.10177690088384],[-77.24760646762063,39.10320487141057],[-77.2460781617343,39.10398385252877],[-77.24539904448991,39.10658023888812],[-77.2469276938137,39.10917653483178],[-77.24531425470748,39.108592421649675],[-77.24438003283645,39.10541190980038],[-77.24268179504442,39.10515231019807],[-77.23970985429446,39.10807322349538],[-77.23563404337574,39.10677493829611],[-77.23529429113351,39.10807310393952],[-77.23614342945045,39.108202957169325],[-77.23512427701527,39.110409821762],[-77.23750199450825,39.109760818338366],[-77.23699239071665,39.11170807535716],[-77.23937006439937,39.114434308583746],[-77.23622804160853,39.11294132173921],[-77.23546391767096,39.11079929135241],[-77.23435990985223,39.11164305634863],[-77.23563392177552,39.10846257288963],[-77.23436021225275,39.10826778564162],[-77.23240688973735,39.11066930276013],[-77.23070857183993,39.11040953933874],[-77.22875507100623,39.11281100007766],[-77.22680176782309,39.11352479445712],[-77.22595223744881,39.11508251402917],[-77.22714105948735,39.11560192393051],[-77.22586689901203,39.1170946868043],[-77.22705575337405,39.11761409772565],[-77.2265458144234,39.11956131489452],[-77.22382805412755,39.11982060885366],[-77.22442230313685,39.1209241450165],[-77.22280794482438,39.12371501705814],[-77.22374185537328,39.125208061653346],[-77.221702702952,39.1279339532202],[-77.22034365992373,39.128063554909104],[-77.22221283054165,39.125986752696335],[-77.22263791597109,39.12436408456961],[-77.22153400222567,39.12352009782677],[-77.22314799341399,39.122416881587505],[-77.22280878410908,39.120339738445914],[-77.21626935991019,39.120014070796834],[-77.21406059256,39.12170125323314],[-77.21066358430708,39.12118120086774],[-77.20964420111102,39.1217002226817],[-77.20879271648342,39.126633107919986],[-77.20802849459245,39.12617854359395],[-77.20879420713275,39.12325782749191],[-77.20675534115962,39.12429583259042],[-77.20208437244155,39.12358046189874],[-77.20131930568002,39.12481349646056],[-77.20191506385228,39.12254186139406],[-77.20505762855805,39.122348078477856],[-77.20650087811119,39.12358176094981],[-77.208115860044,39.12079110072733],[-77.21015460819136,39.11975307404004],[-77.21482541022777,39.1204681410501],[-77.21754376884172,39.11852140542752],[-77.22034604440783,39.11962535538777],[-77.2239130582983,39.119496074593734],[-77.22518730105435,39.11800333104011],[-77.22450806622456,39.11722433372549],[-77.22552799322527,39.11332991653237],[-77.22255587907789,39.112875150654865],[-77.21856564196331,39.109564136351935],[-77.21729195891567,39.10936917419972],[-77.21712191435499,39.11001823234672],[-77.21839560832673,39.11021319626539],[-77.21729141117602,39.11105680958912],[-77.21279127553812,39.10969278450396],[-77.2121115832776,39.11060135595499],[-77.21134750927968,39.11014681345472],[-77.20990300557361,39.11228846143351],[-77.20786523011182,39.11163884640038],[-77.20608109520948,39.11339090539995],[-77.20659153941428,39.1114437745483],[-77.20294068312636,39.110209442130795],[-77.20285647923575,39.108846326322194],[-77.20183721335665,39.109365282883765],[-77.20047942063242,39.107807032219654],[-77.20022413281336,39.108780584581716],[-77.19895051275499,39.10858543455939],[-77.19963035075507,39.107676935421615],[-77.20098904931032,39.10754756062083],[-77.20073470160898,39.10683347951602],[-77.20362135174447,39.1076132861504],[-77.20387487112997,39.11001499642994],[-77.20531868147049,39.10956105426937],[-77.2071011717731,39.11118427771259],[-77.20837485928908,39.11137934433391],[-77.20820548919897,39.11034075487528],[-77.20947916488997,39.1105358101517],[-77.21015888946197,39.10962725310375],[-77.2118571155491,39.10988729718949],[-77.21177274471961,39.10852418751061],[-77.20956567676618,39.10683601669392],[-77.20820700679815,39.10696548520893],[-77.20820776554484,39.10527785119869],[-77.20651045843141,39.1033301241279],[-77.20744454841844,39.10313565186176],[-77.20922619349977,39.106446476666875],[-77.21143392553866,39.10644701897531],[-77.21219729509903,39.108589195180606],[-77.2176320389211,39.10807105745213],[-77.21780153849208,39.10910963360821],[-77.2203489050575,39.10949953441086],[-77.22340545646892,39.1113174549583],[-77.22357504616146,39.11235602389347],[-77.22697173409811,39.11287572263286],[-77.22850071926752,39.110409339315346],[-77.23189755982206,39.109241267898696],[-77.23436036344246,39.1065801511128],[-77.22688870008979,39.10307445007145],[-77.22332249778898,39.10320381582736],[-77.2228133987809,39.10177574580602],[-77.22103032746644,39.1018403830019],[-77.21975726361634,39.099957814039115],[-77.22281381817959,39.100088113402535],[-77.22204935065098,39.10132126984908],[-77.22340789038007,39.1011916501977],[-77.22434152371882,39.10268468374996],[-77.2300303559599,39.10288003676496],[-77.23053960457287,39.10430807752804],[-77.23325658375664,39.10573627136921],[-77.23487000181233,39.1046329068085],[-77.23792671180185,39.10645046863077],[-77.2434459526433,39.10391902599674],[-77.24565360797722,39.10391896061894],[-77.24624780849277,39.10164712262802],[-77.24769118762843,39.10119268916544],[-77.24786093842091,39.10054359034112],[-77.24531373832346,39.100154253932736],[-77.2455683915965,39.099180610701836],[-77.24752112471441,39.09846652347806],[-77.24862441912619,39.09424738209801],[-77.24548318633059,39.09444226499166],[-77.24429457940339,39.093923032583916],[-77.24378513324181,39.092495050995026],[-77.24021948032025,39.092624901200914],[-77.23478633556614,39.08976876599743],[-77.23156032422582,39.09028783672739],[-77.22986223010555,39.09171569196792],[-77.22773989976749,39.09139094179615],[-77.22502282937818,39.093337890179626],[-77.22179658983971,39.0938567078405],[-77.2215416366784,39.09483030136187],[-77.22086312223068,39.09236365767315],[-77.2237494134481,39.093142994784294],[-77.22646651067119,39.09119607430823],[-77.23003211802622,39.091066618663575],[-77.23088128015381,39.08950887836201],[-77.23504109350237,39.08879514624414],[-77.23911584458274,39.091781075717],[-77.24471898409676,39.092300299067304],[-77.2448039541733,39.093663382091066],[-77.24735092398468,39.09405272846921],[-77.24887900733252,39.09327373317382],[-77.2493033058475,39.09165098420412],[-77.25252952173855,39.09281908239699],[-77.25371757254851,39.08996297703408],[-77.25583997719595,39.09028728354096],[-77.2575375273923,39.08885907383538],[-77.26084809197086,39.088014771502465],[-77.26144120958713,39.08405524042196],[-77.26576995946714,39.082691365196844],[-77.26653408506968,39.083145570801314],[-77.26797634027814,39.08100327706287],[-77.26823125824875,39.081717216945314],[-77.27476825521063,39.08372777613229],[-77.27850284554965,39.08294779658686],[-77.28011598194104,39.08353147619778],[-77.28350974565116,39.08067437457331],[-77.2877542969771,39.08132193276815],[-77.28758386254225,39.080283457705136],[-77.28597073827294,39.079699875376484],[-77.28681750136155,39.07645413167757],[-77.2860522701265,39.07431242721875],[-77.28469434486122,39.07444273080002],[-77.2863062870715,39.07333870530437],[-77.28308039323652,39.07217148809043],[-77.28613589204745,39.072300229771834],[-77.28791927284459,39.073922282599575],[-77.29216346910744,39.0745696893973],[-77.29377407216033,39.071777943708916],[-77.29564096831433,39.071387683257385],[-77.29665514523926,39.06580509576639],[-77.29376793048573,39.06333983500415],[-77.29444491601761,39.060743205539865],[-77.29359377990544,39.05723851339846],[-77.29240543779768,39.056719744633696],[-77.29427195458533,39.05632950579813],[-77.29274393011735,39.05542143544899],[-77.29265810587145,39.054058394854366],[-77.2884997408592,39.05308643301503],[-77.28230377185726,39.049778327802215],[-77.27899254272023,39.04556034763202],[-77.27262899279383,39.04458851342818],[-77.2652465826847,39.04076059452831],[-77.26142879463558,39.0401771110819],[-77.26117408909181,39.039463162519944],[-77.25582920522214,39.03797103246479],[-77.2559987357772,39.03732192993728],[-77.25455667641496,39.037776454622076],[-77.25319909091023,39.03621880022],[-77.24980579643608,39.035699825314126],[-77.25039953098945,39.035115607604595],[-77.24870291342916,39.03485609354017],[-77.24751510322872,39.03264928550046],[-77.24318888228713,39.03063728958566],[-77.24174683465371,39.02771644341958],[-77.23784522671299,39.024081557826456],[-77.23776054046381,39.021030878152246],[-77.23665792194546,39.02187464994639],[-77.23665801964043,39.02018704149885],[-77.23826942805084,39.02077125778161],[-77.24250988968618,39.01298231736975],[-77.2407290093261,39.01473484254809],[-77.23894808769867,39.01479973572939],[-77.24030499434647,39.01298232694471],[-77.23835454365492,39.01200868387935],[-77.2431034974026,39.012398136745325],[-77.24734280316007,39.00292143816822],[-77.24937788560624,39.00357039365341],[-77.24819107536283,39.006426414649646],[-77.24929352140234,39.00727014700701],[-77.24895447767766,39.008568327125325],[-77.25107424944686,39.00720510552154],[-77.25234623414059,39.00739971805976],[-77.25234650043053,39.009087322974594],[-77.2531945136814,39.009217057463545],[-77.25048141718705,39.012852140216395],[-77.24675026198358,39.01531887488494],[-77.24496971208,39.02213428570131],[-77.24709038706044,39.02583395635358],[-77.25659097418956,39.02998723483859],[-77.25930526022776,39.029727229091876],[-77.26176242863514,39.02031517102953],[-77.26261058959109,39.02044484144248],[-77.26057674614778,39.02654653714787],[-77.26286728448754,39.02790922231528],[-77.26838033481516,39.0270643181836],[-77.27092440080955,39.02576556694668],[-77.27626869725587,39.027257044340544],[-77.2763525357647,39.02524486999349],[-77.27669283076466,39.02732183080328],[-77.27881350964356,39.027645741399496],[-77.28389722477723,39.018297325572696],[-77.2890709269417,39.01874978095261],[-77.2899179801836,39.017191657408745],[-77.29119024335078,39.017385872280066],[-77.29330704687699,39.01264671506782],[-77.2947483657701,39.012191742422395],[-77.29330948027652,39.01602192774204],[-77.29738123431946,39.01731830095774],[-77.29721211972344,39.01796745773549],[-77.2941588838291,39.017838989642165],[-77.29263166939822,39.0169309238548],[-77.29034321510264,39.018944004552466],[-77.28957961533898,39.01848995044263],[-77.2892412384143,39.0197882428316],[-77.28449155558083,39.019400554211444],[-77.2825422753901,39.021802820410045],[-77.28220471661955,39.02478870343287],[-77.28008501597193,39.02615246040468],[-77.28000127969167,39.0281646375751],[-77.27355456409907,39.02751742072402],[-77.2707550304153,39.02641468857356],[-77.26770210943828,39.02797317984244],[-77.26363081634311,39.02836344138499],[-77.26074666898403,39.027585039405245],[-77.2591357768921,39.030376335297625],[-77.27533896586587,39.03420247542971],[-77.28204309297803,39.03893873184714],[-77.28297615345875,39.03874369437705],[-77.2901912008278,39.04490732288799],[-77.29248167451071,39.04458185085457],[-77.29273550148139,39.043608120930664],[-77.30181532730288,39.04600560446928],[-77.30274986179734,39.04749803364517],[-77.29986590623344,39.048408153392415],[-77.3005453053659,39.0491867288938],[-77.30266672823728,39.04951023336583],[-77.30376753945909,39.04697825595698],[-77.31556469196825,39.0508013145513],[-77.31251004474434,39.050673297000436],[-77.31098353897171,39.05145306835686],[-77.30258215747251,39.049834817141544],[-77.30521395426554,39.05158600751733],[-77.3080995295966,39.05236337988214],[-77.3114078445498,39.0515177365218],[-77.31607525572588,39.05222899073425],[-77.31701016295939,39.0537213142305],[-77.31938711717918,39.05475836916047],[-77.31980961692565,39.05313539131589],[-77.32065826417296,39.053264665943026],[-77.32864017849836,39.058192323599826],[-77.33373255565948,39.05896752318279],[-77.34009357253501,39.0565609927287],[-77.33797403182515,39.05792574499829],[-77.33814513368407,39.0589641466166],[-77.3367875887097,39.059095019065104],[-77.33628100007913,39.06104266367021],[-77.33050861949178,39.05948915886936],[-77.33110399444548,39.06059217204777],[-77.33517891883524,39.061887315617085],[-77.33340122379299,39.06532880402425],[-77.33679872433308,39.06753311835731],[-77.33569655069161,39.0683777758777],[-77.33315000840612,39.06799024175943],[-77.33391656081658,39.07013165347176],[-77.32984532864765,39.072211710907524]],[[-77.23427542105789,39.10690469169792],[-77.23503960439415,39.10735909299304],[-77.23512454389606,39.107034551857446],[-77.23427542105789,39.10690469169792]],[[-77.29095508186356,39.045361375259226],[-77.29443496693966,39.047242264211526],[-77.29893276704301,39.04860331806288],[-77.29995048746541,39.04808357154663],[-77.29977995674518,39.04704511939244],[-77.29579236670381,39.0471118548237],[-77.29231245275308,39.04523100393997],[-77.29095508186356,39.045361375259226]],[[-77.3334921265565,39.07006706197408],[-77.33315215113406,39.06967786335237],[-77.33306769305082,39.0700024690274],[-77.3334921265565,39.07006706197408]],[[-77.32482681434486,39.0626736443224],[-77.3249957863276,39.06202444499281],[-77.32287389890882,39.06170132113449],[-77.32278940419482,39.062025919356984],[-77.32482681434486,39.0626736443224]],[[-77.32210964682281,39.06124746377323],[-77.32304288607294,39.061052124573386],[-77.32219414366739,39.06092286605804],[-77.32210964682281,39.06124746377323]],[[-77.32219414366739,39.06092286605804],[-77.32185427150638,39.06053363716558],[-77.32176977359656,39.06085823462722],[-77.32219414366739,39.06092286605804]],[[-77.32151440298513,39.060144407370395],[-77.32058117128148,39.06033973505783],[-77.32142990401009,39.06046900457841],[-77.32151440298513,39.060144407370395]],[[-77.3267757929136,39.060270697743995],[-77.32584257372767,39.06046606495574],[-77.32669131728645,39.060595298537166],[-77.3267757929136,39.060270697743995]],[[-77.29452579859442,39.05535577022125],[-77.29401686990616,39.05561562262446],[-77.29444118468031,39.05568034878597],[-77.29452579859442,39.05535577022125]],[[-77.32558716449938,39.05975224612051],[-77.32507831609371,39.060012225955205],[-77.32550268416695,39.060076846075575],[-77.32558716449938,39.05975224612051]],[[-77.3294064947295,39.06033375937883],[-77.32991532990562,39.06007376180296],[-77.32949095792807,39.060009156754816],[-77.3294064947295,39.06033375937883]],[[-77.32957542037234,39.05968455409209],[-77.32813135193123,39.058452315866575],[-77.32728263083337,39.05832309217168],[-77.32745358089973,39.05936150858074],[-77.32957542037234,39.05968455409209]],[[-77.32618048626888,39.05916766388896],[-77.32567164407735,39.059427646126714],[-77.32609600926529,39.05949226421375],[-77.32618048626888,39.05916766388896]],[[-77.32074832124293,39.05800292299321],[-77.32397419087044,39.05916915929129],[-77.32439661383971,39.05754616458625],[-77.32100181643486,39.05702913306898],[-77.3195579460786,39.05579679577612],[-77.32074832124293,39.05800292299321]],[[-77.3195579460786,39.05579679577612],[-77.31921811199834,39.05540756002563],[-77.31913360827595,39.05573215539975],[-77.3195579460786,39.05579679577612]],[[-77.26821538101277,39.03952672002612],[-77.27848188092973,39.042444906152916],[-77.28128308709454,39.0452350820595],[-77.28832715856946,39.04867273094945],[-77.29121360633232,39.05113811175562],[-77.29715498774576,39.05373189684943],[-77.30258645548024,39.05489766842168],[-77.30139668233076,39.05269136843669],[-77.29044851206052,39.0489964440441],[-77.28128121099518,39.04185985263843],[-77.27746323659281,39.041276861939345],[-77.26787464424888,39.035762118926705],[-77.25404681038057,39.032973304901375],[-77.24929625875814,39.03089665778687],[-77.25328357811995,39.034206638471694],[-77.25990063639743,39.03589341318144],[-77.26821538101277,39.03952672002612]],[[-77.2796689897741,39.04127619249499],[-77.27898988811518,39.04049750390126],[-77.27729304300374,39.04023838016365],[-77.27754790953371,39.040952295755915],[-77.2796689897741,39.04127619249499]],[[-77.26057949061916,39.03667220551562],[-77.26007057141989,39.03693191800057],[-77.26049474692326,39.03699675988923],[-77.26057949061916,39.03667220551562]],[[-77.3047926216307,39.054896552829106],[-77.30419769256045,39.053793414718854],[-77.3025004473108,39.053534634759345],[-77.3027556079958,39.054248500249955],[-77.3047926216307,39.054896552829106]],[[-77.30606407089722,39.053402998922714],[-77.30513088423464,39.05359821032235],[-77.30597951077263,39.05372758523204],[-77.30606407089722,39.053402998922714]],[[-77.31548190933114,39.05281352398933],[-77.30937245683809,39.0525574096136],[-77.30954313751296,39.053595849592725],[-77.31531287379816,39.05346270931955],[-77.31548190933114,39.05281352398933]],[[-77.30283874451416,39.05223629880442],[-77.30232986737934,39.052496185118386],[-77.30275417134614,39.05256088285183],[-77.30283874451416,39.05223629880442]],[[-77.28892180491528,39.04977594405791],[-77.28798861879628,39.049971026563306],[-77.28883717247605,39.05010051848782],[-77.28892180491528,39.04977594405791]],[[-77.28595189299293,39.04932269902553],[-77.28501870472304,39.04951775920532],[-77.28586724782221,39.04964727140629],[-77.28595189299293,39.04932269902553]],[[-77.2828963846087,39.047506337256586],[-77.28484838392045,39.04847928630683],[-77.28306569573476,39.04685719674624],[-77.2828963846087,39.047506337256586]],[[-77.294775881483,39.04931918321657],[-77.29570904101995,39.04912404974767],[-77.29486048649943,39.04899460478556],[-77.294775881483,39.04931918321657]],[[-77.29486048649943,39.04899460478556],[-77.29452081645218,39.04860530195427],[-77.29443621037233,39.048929880131965],[-77.29486048649943,39.04899460478556]],[[-77.29231484106884,39.0486062351388],[-77.29205980270466,39.04789234891209],[-77.290787003368,39.047698141947215],[-77.29231484106884,39.0486062351388]],[[-77.27500343047257,39.04225118601478],[-77.27551233355761,39.04199141210976],[-77.27508811552845,39.04192662145404],[-77.27500343047257,39.04225118601478]],[[-77.2751727998283,39.04160205685358],[-77.27135488795304,39.0410188784236],[-77.27127018728989,39.04134344038828],[-77.27457921138127,39.04218639361812],[-77.2751727998283,39.04160205685358]],[[-77.27067587773941,39.04024014441129],[-77.26889435821181,39.040305467393814],[-77.27059117495247,39.04056470586959],[-77.27067587773941,39.04024014441129]],[[-77.25922222268274,39.03680222987943],[-77.25896755062577,39.03608827720392],[-77.25811921369856,39.035958581567506],[-77.25922222268274,39.03680222987943]],[[-77.28060116440682,39.039393559025804],[-77.28009229768547,39.039653353663994],[-77.28051650691016,39.039718127203706],[-77.28060116440682,39.039393559025804]],[[-77.27763172843345,39.03894011588707],[-77.27669865109834,39.039135113215146],[-77.27754705820988,39.03926468201574],[-77.27763172843345,39.03894011588707]],[[-77.27856480076383,39.03874511155601],[-77.27253988278291,39.03478739426282],[-77.2715221525749,39.03530691500374],[-77.2686376453486,39.03452869538017],[-77.27483169313054,39.0378374735159],[-77.27856480076383,39.03874511155601]],[[-77.26880705354306,39.03387957575577],[-77.26829818327556,39.034139321828874],[-77.26872234982389,39.034204135587956],[-77.26880705354306,39.03387957575577]],[[-77.2647348817871,39.03258226201156],[-77.26626207650155,39.033490673240024],[-77.26643150348333,39.03284155697012],[-77.2647348817871,39.03258226201156]],[[-77.24522450111101,39.027911094395094],[-77.24539420789584,39.028949617882496],[-77.24853278984934,39.03044235039806],[-77.24802370517305,39.02901440231957],[-77.24522450111101,39.027911094395094]],[[-77.24123789372565,39.02460085849513],[-77.2409834356045,39.02051165287066],[-77.23996567980663,39.021030913759795],[-77.23962637661703,39.02401668036271],[-77.24123789372565,39.02460085849513]],[[-77.2397112251626,39.022004531987086],[-77.23903268873147,39.022913236267726],[-77.2394567637057,39.022978149849955],[-77.2397112251626,39.022004531987086]],[[-77.24386723006481,39.024665730889154],[-77.24437612128501,39.02440608533674],[-77.24395203359398,39.024341188538834],[-77.24386723006481,39.024665730889154]],[[-77.24395203359398,39.024341188538834],[-77.24361275124893,39.0239517481958],[-77.24352794665982,39.02427629029338],[-77.24395203359398,39.024341188538834]]],[[[-77.27298791104883,39.08885604140501],[-77.27476982986443,39.08710303093604],[-77.27612800951124,39.08697283550092],[-77.27434612665489,39.08872586539947],[-77.27366968586635,39.09469765816576],[-77.27298791104883,39.08885604140501]]],[[[-77.27435001480808,39.09716401429751],[-77.27366968586635,39.09469765816576],[-77.27536939267009,39.098332095832596],[-77.27443710600997,39.10190234244742],[-77.27324741799609,39.09969575398748],[-77.27154921074393,39.09943654901908],[-77.27384148702248,39.09911141750617],[-77.27435001480808,39.09716401429751]]],[[[-77.27188899534075,39.09982591825457],[-77.2705312568627,39.10164369998965],[-77.27061534011881,39.099631502779005],[-77.27188899534075,39.09982591825457]]],[[[-77.27418283010861,39.10287604527772],[-77.27520148785806,39.10235649639938],[-77.27359025332098,39.10683565119873],[-77.27316565833897,39.10677085321273],[-77.27418283010861,39.10287604527772]]],[[[-77.25524950979701,39.10943548690365],[-77.25609763825662,39.10450230071458],[-77.25354996061982,39.102425499614775],[-77.25346481620132,39.10106242031341],[-77.25040794421625,39.099245242429554],[-77.25057766618642,39.098596140136145],[-77.25405905550288,39.100478178233004],[-77.2540593619225,39.102165810776185],[-77.25737134000859,39.10469686511478],[-77.25626911050647,39.11229136361794],[-77.25524950979701,39.10943548690365]]],[[[-77.237841433917,39.11521319013038],[-77.24021928436488,39.11456413413539],[-77.23987957763785,39.115862314267986],[-77.23903034310193,39.115732486363264],[-77.23784136359029,39.116900827488244],[-77.237841433917,39.11521319013038]]],[[[-77.23987957763785,39.115862314267986],[-77.24149313452318,39.1164464988023],[-77.2412383746886,39.11910777501367],[-77.24072881196965,39.1176797739913],[-77.23911523383494,39.11709557939717],[-77.23987957763785,39.115862314267986]]],[[[-77.25397847183845,39.124429639026275],[-77.25576241439792,39.12605216933281],[-77.25601737042128,39.12676614042071],[-77.2543185917047,39.12650669870478],[-77.25397847183845,39.124429639026275]]],[[[-77.22875338220241,39.12293682775985],[-77.2263758286971,39.12021038698482],[-77.22714042157976,39.11897719942652],[-77.22926328566784,39.120989600245345],[-77.22883836801202,39.122612289934054],[-77.23053696456319,39.12287207952036],[-77.23019679794149,39.1258578756324],[-77.22875310068932,39.12462446766694],[-77.22875338220241,39.12293682775985]]],[[[-77.23146949437258,39.13617856046914],[-77.22909140535356,39.1334521644322],[-77.23121497101414,39.13377689416949],[-77.23180923595268,39.13656804202746],[-77.23393274369907,39.13858037018723],[-77.23155426707815,39.13754166419855],[-77.23146949437258,39.13617856046914]]],[[[-77.24021907320362,39.13819110536074],[-77.23945453298393,39.137736733137075],[-77.24089867128569,39.13559473113784],[-77.2393696465802,39.13468599086414],[-77.24038899955715,39.13416672404517],[-77.24140835050771,39.1353350924523],[-77.24098362299132,39.13864547292643],[-77.23970934274799,39.14013838448581],[-77.23826513949562,39.14059272874905],[-77.23546178236545,39.13948917801697],[-77.23342284192697,39.14052762369808],[-77.23393274369907,39.13858037018723],[-77.23580167860584,39.13819100385756],[-77.23953945740475,39.139099831848434],[-77.24021907320362,39.13819110536074]]],[[[-77.22509057331841,39.172332579044244],[-77.2237311034634,39.17077456246487],[-77.22483650701366,39.168243226143495],[-77.2238169606839,39.16707471398619],[-77.22084265660482,39.166619902220475],[-77.2197376298064,39.167463546913105],[-77.21650862412015,39.166294580196656],[-77.21438355717777,39.16765725188218],[-77.20971044735181,39.165254506894044],[-77.20656523993591,39.167136063558836],[-77.20529057889405,39.16694097618932],[-77.20503598075545,39.16622689532037],[-77.20775631553002,39.16428035555799],[-77.20690736161619,39.16246265354946],[-77.20776016429197,39.15584209414276],[-77.20894952362394,39.15636168224265],[-77.20792657094732,39.16363130311178],[-77.21429907175391,39.166294127985],[-77.21574393633794,39.165840059594885],[-77.21608430859905,39.164541932275704],[-77.22058790660016,39.165905853232736],[-77.22169289980283,39.16506220126649],[-77.22466714538093,39.16551699255828],[-77.22619663545737,39.166425919355426],[-77.2268769994375,39.16382960664725],[-77.22925627050444,39.164868407712305],[-77.22942660106816,39.162531672236085],[-77.23078627319205,39.16240197036619],[-77.23274104135358,39.160000453670335],[-77.22985199535776,39.15922131498085],[-77.22730314833655,39.15714395334336],[-77.22942739903758,39.1574687151841],[-77.23078674196377,39.15902666515528],[-77.2350354037188,39.15967603387379],[-77.24191834334204,39.15701486913971],[-77.2431929284296,39.15720958085321],[-77.24480752258245,39.15948137914006],[-77.24761163705851,39.158897071492],[-77.24523219762996,39.156170971449995],[-77.2465917223642,39.15604109702389],[-77.24744128914985,39.15448322362274],[-77.2489708318532,39.15539186833456],[-77.24914050563369,39.153055110546845],[-77.25423837556376,39.15214593259907],[-77.25279346996446,39.14922514835416],[-77.25568236428904,39.15000375266239],[-77.25772125240894,39.148964940093194],[-77.25950458186502,39.14552448029795],[-77.2627328475046,39.14500467864807],[-77.26409159203843,39.143186966533776],[-77.26196760425145,39.14286279756501],[-77.2589095983535,39.144421106423806],[-77.25780495813086,39.143577438337864],[-77.25593635284763,39.14565478275739],[-77.25415192477537,39.14403224853814],[-77.25117837471674,39.14357816413172],[-77.2492244643211,39.14429231514429],[-77.24956413698018,39.142994102119964],[-77.24693051058476,39.14292934888372],[-77.24531642483105,39.144032878319756],[-77.24582603225304,39.14208557467711],[-77.24276766856647,39.141955840051146],[-77.24106858649165,39.14338386281863],[-77.24200307275872,39.14150148314694],[-77.24004914705206,39.14052784384615],[-77.24030401250793,39.13955420367543],[-77.24225791543205,39.14052783878009],[-77.24336227063858,39.13968399881749],[-77.24591084696367,39.140073378224955],[-77.24616550910996,39.13741208132845],[-77.24820469133306,39.14143636249901],[-77.25279208412613,39.14078691278073],[-77.25270690895246,39.13942382266546],[-77.25398151895686,39.141306068690284],[-77.25695499349581,39.14176008587452],[-77.2578898382442,39.14325287932713],[-77.25975876488585,39.14286315264477],[-77.25967345649431,39.141500066728625],[-77.26324147462974,39.14136965717818],[-77.26230654410699,39.13987690452211],[-77.26332528395872,39.137669804327416],[-77.2622206951364,39.13682617661477],[-77.26357982728557,39.136696117053965],[-77.26553281886355,39.13429409796011],[-77.26255959641006,39.133840286530805],[-77.26137069901353,39.135008856815475],[-77.2582277371965,39.13520406335182],[-77.26145507473264,39.13299665266905],[-77.25975613084111,39.13273728491283],[-77.25882138309603,39.13124450865971],[-77.25695275043593,39.131634220344566],[-77.25720735804812,39.13066054729704],[-77.2549988898043,39.13066081784471],[-77.25635755954366,39.128843195486226],[-77.2555078035696,39.12702583852721],[-77.25865124524424,39.13020598400849],[-77.2611995708856,39.13059504938875],[-77.26298382623486,39.13221747808831],[-77.26595698489733,39.13267127922853],[-77.26655138234263,39.13208697382629],[-77.26425748898669,39.13072433050436],[-77.26366149515364,39.126245700141574],[-77.26485076952328,39.12676475058772],[-77.26655078549683,39.13039933146126],[-77.26875924572622,39.13039885576998],[-77.2699479487603,39.12923021593871],[-77.26986381274115,39.131242424319964],[-77.27113731693272,39.129749206570665],[-77.27648927017147,39.13124070308467],[-77.27631887967287,39.1302022026232],[-77.27419521708693,39.12987824330544],[-77.27402486258963,39.128839739983825],[-77.27759223289644,39.128708919086264],[-77.27444880700881,39.12721689406632],[-77.27359861737514,39.125399661347494],[-77.27801609683671,39.127086061050825],[-77.27877988514065,39.12585255446211],[-77.27767529654238,39.12500906601267],[-77.28064825186527,39.12546251527215],[-77.28132722562889,39.12455356672605],[-77.27843819579012,39.12208792251957],[-77.27699459385138,39.12254271480177],[-77.27724890090953,39.12156900250334],[-77.27503991521723,39.11988199016449],[-77.27206722333453,39.119428407327234],[-77.2718121353046,39.11871447018982],[-77.27300134460062,39.11923344191329],[-77.27452968254723,39.11845412753666],[-77.27588926257442,39.12001157221477],[-77.27920192436508,39.12085441455829],[-77.27903151944642,39.119815919953275],[-77.28039030316592,39.119685677129425],[-77.280306467507,39.121697888754554],[-77.28378873704767,39.12189146317076],[-77.2843839139341,39.12299471300585],[-77.2865074206774,39.12331849789136],[-77.28506179098757,39.12039810561461],[-77.28735574846446,39.12176036237107],[-77.28854290312364,39.118903908444445],[-77.28522919118771,39.11637367772326],[-77.28888175427927,39.11760559475411],[-77.28845487138057,39.114165574698276],[-77.28658577496806,39.112868093923154],[-77.2891336418596,39.11325658554754],[-77.28947132692142,39.11027063616293],[-77.2897288291732,39.114359807931045],[-77.29074869565835,39.11552776719511],[-77.29338136730276,39.115591592295125],[-77.29355196747434,39.116630066362774],[-77.29066515176069,39.117539984151115],[-77.29041103866778,39.118513723106865],[-77.29202506064357,39.11909725209761],[-77.29041218982236,39.12020136132717],[-77.29143214932267,39.121369316322166],[-77.29015920934525,39.12286273938145],[-77.29330276947374,39.124354365971826],[-77.29568042314033,39.1237042482487],[-77.29593320423689,39.121042858524675],[-77.29712262397082,39.12156159977324],[-77.29720992095127,39.124612294070396],[-77.30035231934846,39.12441610284392],[-77.29941684439176,39.122923634327094],[-77.30222053321579,39.12402573965724],[-77.3014543465666,39.12188411071915],[-77.30485352295942,39.124089321956774],[-77.30595690069946,39.12324492917258],[-77.30604002750329,39.12123269971361],[-77.30417043511773,39.1199354815215],[-77.30748342146076,39.12077757037076],[-77.30561231066154,39.11779273617793],[-77.30807582583839,39.11850542990656],[-77.30858357152043,39.116557879496945],[-77.30739260623817,39.114351611728694],[-77.30909287509063,39.11629796448066],[-77.31113005292222,39.11525828368605],[-77.31104707396713,39.117270514184405],[-77.30994384616046,39.118114951141145],[-77.31121793065364,39.118308964336315],[-77.31028553684523,39.12019185479747],[-77.31113495064785,39.12032119609581],[-77.31096571914782,39.12097038366553],[-77.30969158864215,39.1207763677844],[-77.30952553381547,39.12480083196361],[-77.31122446954862,39.12505951937918],[-77.31249701484025,39.123565880065485],[-77.31309264151591,39.12466899280505],[-77.3159812048973,39.12544619272572],[-77.31691351849798,39.12356325760783],[-77.31869703686468,39.123497244870684],[-77.31818951387365,39.12544483922974],[-77.32005765829393,39.12505420798923],[-77.32065341201235,39.12615728483552],[-77.32319810088562,39.12316980001612],[-77.32099917099349,39.1316094451109],[-77.31972482702555,39.13141553163029],[-77.31836769551394,39.133233846835],[-77.31624375688561,39.1329106054038],[-77.31692588976483,39.13537674664614],[-77.31590706743123,39.13589664074258],[-77.31539591872098,39.13446894139458],[-77.31437880657745,39.13667646634028],[-77.31480017667721,39.133365837531414],[-77.31199758936273,39.1339516563712],[-77.30919654479256,39.13622505551603],[-77.30902567485886,39.135186598889376],[-77.311317274409,39.13317313113783],[-77.31471384632609,39.13200279221095],[-77.31326859202699,39.130770364434916],[-77.31675138423466,39.13096301609002],[-77.31759915238344,39.1294046719538],[-77.31598469589511,39.1288214737579],[-77.31394720709422,39.129861236872856],[-77.31318061307591,39.12771967772488],[-77.3109722348389,39.12772094227066],[-77.30969958537946,39.12921456721242],[-77.30834067599807,39.129345130558555],[-77.30901775576446,39.12674838938397],[-77.30731878838438,39.12648967173272],[-77.30596143832018,39.128307849750634],[-77.30477184496831,39.12778919235741],[-77.30400847779953,39.1290228590199],[-77.30264956177673,39.12915336017239],[-77.30188756223309,39.13207465621712],[-77.29950969008007,39.132724893705216],[-77.29925564244833,39.133698653665455],[-77.29755654725149,39.13343980228273],[-77.29730378249627,39.136101201882255],[-77.29543396338063,39.134803848498244],[-77.29772460636303,39.131102988997675],[-77.29330886225783,39.13279257232872],[-77.29118504815658,39.13246890297914],[-77.29127093742342,39.13383196471847],[-77.28957186757647,39.13357300424275],[-77.28940241242861,39.134222164159546],[-77.29059315699277,39.136428612904425],[-77.29186751108534,39.136622825082995],[-77.29186869637742,39.138310469379256],[-77.29476008025655,39.1424634552114],[-77.29416582489561,39.14304789663714],[-77.29025424859968,39.13772693612212],[-77.28957639545477,39.14032358081013],[-77.28660383891076,39.141557989097606],[-77.28753712113208,39.139675268236395],[-77.2883867223062,39.13980476543249],[-77.28863982676977,39.13714338197757],[-77.28592163070873,39.13740403397587],[-77.28736439156214,39.13526149283323],[-77.28405097781966,39.13441886552354],[-77.2854100257766,39.134288567469035],[-77.28489948798574,39.132860743316996],[-77.2865985245048,39.13311976758855],[-77.28778698497572,39.131950956624806],[-77.28472897341695,39.13182225404564],[-77.28404897077009,39.13104358001178],[-77.28269095301985,39.132861505633635],[-77.28107670013686,39.13227785388854],[-77.28175763272633,39.13474418753671],[-77.2801442582696,39.13584816701306],[-77.28167381757164,39.13675640611934],[-77.28014608394804,39.1392234558509],[-77.27870039346207,39.13630298034862],[-77.27504785700619,39.13675840355202],[-77.27351762175002,39.13416243935768],[-77.27080017865316,39.136110404403766],[-77.27411351579356,39.136953385019986],[-77.27343433579072,39.13786229643107],[-77.27691820003281,39.139743708820006],[-77.27700383008491,39.141106782399234],[-77.27454063583916,39.14208111559095],[-77.2733510413438,39.141562156217404],[-77.27437102645142,39.142730256136375],[-77.274201414031,39.143379396536425],[-77.27292698863077,39.143185003081214],[-77.27309736108249,39.144223510913534],[-77.2716525700547,39.14299059657599],[-77.27292847897726,39.14656029705029],[-77.26952988661102,39.146041850384314],[-77.26732156545002,39.147729987469255],[-77.2662167771425,39.14688639352016],[-77.2655374053668,39.14779526364372],[-77.26885186512055,39.15032603506658],[-77.27335557184331,39.15168804175525],[-77.27548067324295,39.15369966658263],[-77.26851250305971,39.15162430269037],[-77.26638943520082,39.15467550832714],[-77.26808954899555,39.15662243743006],[-77.26587970955714,39.15493525040624],[-77.26409537110065,39.155000505995645],[-77.26469052013522,39.15610385746923],[-77.26367103298543,39.156623325784665],[-77.26367156309902,39.15831097720545],[-77.26095248489351,39.158571084628704],[-77.26129343912777,39.162335792525724],[-77.25976315659337,39.159739645475135],[-77.25670439241233,39.16129790556514],[-77.2574685168696,39.158376869229535],[-77.25942272524551,39.157662586637194],[-77.26103643073664,39.154871220241425],[-77.26044134734221,39.15376785157002],[-77.2624792683359,39.149353661839335],[-77.2607794751919,39.147406658997504],[-77.25916550041151,39.14851036914851],[-77.2592508075035,39.1498734573695],[-77.25653275771151,39.15350876665748],[-77.25517329818936,39.15363874965312],[-77.25491858270954,39.154612423095074],[-77.2523694476823,39.15422322709744],[-77.25152023732122,39.157468785230435],[-77.24939588783566,39.15714440063448],[-77.24803651409997,39.158961957428616],[-77.24854651035551,39.16038994044334],[-77.246592121553,39.16110405259221],[-77.24676215929613,39.162142600308215],[-77.24395791260922,39.162726889205516],[-77.24064374943448,39.161883100777295],[-77.24013386400162,39.16383039116655],[-77.24115362741529,39.16499876880226],[-77.23945400708315,39.16473912200122],[-77.23936908912535,39.161688362755896],[-77.23580002951394,39.16181808801691],[-77.23299589017616,39.16071447688194],[-77.23444037728633,39.161947844663736],[-77.23418535455671,39.16292147731963],[-77.23146599813508,39.163180940525685],[-77.23078580437674,39.16577727797028],[-77.22840619188896,39.16642616028335],[-77.22891585438487,39.16785422598135],[-77.22687537279764,39.172267882676955],[-77.2283199858356,39.173501324531856],[-77.22696010137318,39.173630999752696],[-77.22551479485881,39.17577285681415],[-77.22067016158135,39.175707254839864],[-77.22186082284976,39.172851406645464],[-77.22466526177705,39.173955271577256],[-77.22509057331841,39.172332579044244]],[[-77.24982054809632,39.155521629379365],[-77.24931075723825,39.15578130361071],[-77.249735617563,39.15584618370251],[-77.24982054809632,39.155521629379365]],[[-77.26630044123011,39.14318653450938],[-77.26774327128,39.13935657310563],[-77.2659593173179,39.13942185521863],[-77.26612899417519,39.13877272658246],[-77.26527944479432,39.13864307737777],[-77.26477038324589,39.140590459319995],[-77.26579021666122,39.14175862936952],[-77.26443154138028,39.14357635950961],[-77.26630044123011,39.14318653450938]],[[-77.28489744154297,39.12948545887288],[-77.28438795890936,39.129745275449466],[-77.28481269822473,39.12981003539894],[-77.28489744154297,39.12948545887288]],[[-77.29746922509855,39.13038910287073],[-77.29653502605673,39.130584252523995],[-77.29738453691536,39.130713688019334],[-77.29746922509855,39.13038910287073]],[[-77.29517228148947,39.12565174868981],[-77.29236983360187,39.126237124304524],[-77.29364401361622,39.12643131788327],[-77.29517228148947,39.12565174868981]]],[[[-77.23299808581505,39.14046268810102],[-77.23350765638006,39.14189072729701],[-77.23206337947151,39.142344999710346],[-77.23172339694828,39.14364316474838],[-77.2303640777766,39.143772876357666],[-77.23299808581505,39.14046268810102]]],[[[-77.21498708072747,39.14344607983494],[-77.21328869956392,39.14149843062621],[-77.21261002939109,39.139031719377726],[-77.21405373886323,39.14026531830604],[-77.21991509312207,39.14149972342773],[-77.22042441365123,39.142927816511865],[-77.22339774460511,39.14338263604908],[-77.22603171122931,39.14176024128539],[-77.22781545501121,39.14338317809712],[-77.2303640777766,39.143772876357666],[-77.23010906422284,39.14474649699104],[-77.22526685960489,39.14299342764651],[-77.22399217991517,39.14448617947985],[-77.22059403453531,39.1439663960463],[-77.21957489736356,39.14279785502556],[-77.217365513728,39.1444851038791],[-77.2161762887189,39.14396559751444],[-77.21643148635252,39.14299200561154],[-77.21498708072747,39.14344607983494]]],[[[-77.22407526061146,39.152599884851305],[-77.22730314833655,39.15714395334336],[-77.22084684616141,39.15143103434671],[-77.21744785383021,39.15259881365519],[-77.2177030647583,39.15162521741695],[-77.21371091929278,39.14831402168492],[-77.21668442876752,39.14876900220488],[-77.21719373674446,39.15019711064334],[-77.21855319971452,39.15006754279511],[-77.21838307110698,39.15071660794431],[-77.22016734516635,39.15065200808359],[-77.22407526061146,39.152599884851305]],[[-77.21880787413288,39.150781593587766],[-77.2191476161203,39.15117111089101],[-77.21923267791927,39.150846577781394],[-77.21880787413288,39.150781593587766]]],[[[-77.26435378654088,39.16584037972291],[-77.26588378025299,39.166748818637906],[-77.26562916244245,39.16772251667838],[-77.26435378654088,39.16584037972291]]],[[[-77.25024715159846,39.16908773320741],[-77.25288145076433,39.167464761258],[-77.2536454969113,39.16285609095982],[-77.25500480312829,39.16103847139977],[-77.25670439241233,39.16129790556514],[-77.25806439241751,39.16285555867559],[-77.2564500328552,39.16395923714066],[-77.25594090732454,39.16759424787061],[-77.25432609717004,39.16701024474941],[-77.2506723186048,39.17084026619362],[-77.25024715159846,39.16908773320741]]],[[[-77.23698941687297,39.16740037093121],[-77.23562978400325,39.16584248599474],[-77.2374994900627,39.163765437969154],[-77.23877418182964,39.16396019522997],[-77.23860420147687,39.16460928989949],[-77.24013384692695,39.165518045185756],[-77.23868914136955,39.16597239676315],[-77.2388590307258,39.16869861149448],[-77.23800924630152,39.166881120113885],[-77.23698941687297,39.16740037093121]]],[[[-77.24982242150342,39.170710510548076],[-77.2506723186048,39.17084026619362],[-77.25024758776023,39.17246304559054],[-77.2481229737856,39.173826295222156],[-77.24982242150342,39.170710510548076]]],[[[-77.24767080308837,38.883492067662544],[-77.24970214369084,38.880765857058535],[-77.25224143493467,38.87946751585973],[-77.2536797825294,38.875637880816484],[-77.25232523620659,38.87408025338767],[-77.25359460594319,38.87258727641928],[-77.25427094046458,38.86830336719843],[-77.25342456489922,38.86817364261279],[-77.25537002434915,38.862396743160446],[-77.25359254338271,38.860774274235986],[-77.25418482269964,38.86019005295772],[-77.25299969281153,38.85798335197661],[-77.24919157591155,38.85739950746487],[-77.24758415800605,38.86187815719516],[-77.2441145574023,38.86505871917664],[-77.2430991496244,38.87064071048827],[-77.2441148580926,38.87180900756977],[-77.24276067501296,38.87362642190219],[-77.24360715834419,38.8754437927321],[-77.24166036299061,38.87615779389893],[-77.2388669876401,38.88011708860167],[-77.24149110850004,38.88018200990369],[-77.24047531628989,38.880701264541294],[-77.24072926087115,38.883102813852744],[-77.2399673730284,38.88433603867426],[-77.23878223268714,38.88381677046942],[-77.23607319766779,38.88576389766062],[-77.2352263903578,38.88900920036092],[-77.23395651823844,38.88881441571901],[-77.23480323937373,38.88725669750678],[-77.23387215201447,38.88576379296834],[-77.23480352030782,38.88388154638629],[-77.23607330872264,38.88407632223332],[-77.23607353081688,38.88070117242011],[-77.23835908444772,38.880376706201474],[-77.2380205682422,38.878299684379755],[-77.24140642438894,38.875443821828796],[-77.2414910508067,38.87343171481166],[-77.24242210069815,38.87323698666525],[-77.24276049973855,38.86687613206589],[-77.24005221960313,38.867135770259836],[-77.23658204000348,38.87031612326951],[-77.23649748409117,38.868953081120104],[-77.24386063343009,38.86434475306821],[-77.24749909909434,38.8571399834586],[-77.24665273128501,38.85532264307862],[-77.24504491308198,38.85473854903931],[-77.2434372395937,38.857529573475354],[-77.23810593115745,38.8594118591049],[-77.2366671827673,38.86155373513708],[-77.23539778513505,38.861358965895874],[-77.23692120932618,38.8588925746325],[-77.2420832767789,38.85765940722666],[-77.24445260480914,38.85532272626299],[-77.24250631719855,38.85434916951705],[-77.24242166903262,38.85298613391564],[-77.23768317772318,38.85090909482083],[-77.23692184890406,38.847079590867],[-77.23277603361672,38.846105792554624],[-77.23302996694673,38.84513221211352],[-77.23023829601922,38.84234102718526],[-77.22761554720763,38.842275867929274],[-77.22575380430573,38.844352660695314],[-77.22321567315704,38.84396288636563],[-77.22152270520266,38.84707814322907],[-77.22067663438223,38.84694819529299],[-77.22186192631892,38.844092498942096],[-77.22067756914946,38.84357306004949],[-77.22110149969811,38.840262900687264],[-77.21704154258526,38.83727649167563],[-77.22211730048123,38.83805624079407],[-77.22245432435207,38.84350843046233],[-77.22321608176122,38.842275319130984],[-77.22516178941731,38.843249177586806],[-77.22973088306786,38.84091304129546],[-77.23108433041192,38.842470909752905],[-77.23556831394335,38.843834217856916],[-77.23641427205933,38.84565163161682],[-77.23954480947454,38.84545698526459],[-77.2408985508881,38.84701474726015],[-77.24284457546601,38.84630076045672],[-77.24555218007593,38.84772862981596],[-77.24656747669258,38.847209335553394],[-77.24656734476686,38.84552176769162],[-77.25172830228597,38.84428820027843],[-77.25401294893916,38.84565101430997],[-77.2632353521265,38.845714598912195],[-77.26391193765693,38.8448057846],[-77.26408148440389,38.84584425615885],[-77.26636641072794,38.847206842586466],[-77.26306633156928,38.846363693871815],[-77.25680528787295,38.84675409630476],[-77.25139005987208,38.84558635840011],[-77.24800581634308,38.84675491580662],[-77.24665219566587,38.8485723674423],[-77.2420831080222,38.847533993009954],[-77.24191391912093,38.84987062758581],[-77.243437061176,38.8524668650052],[-77.24546780206464,38.851428302309756],[-77.25105251266156,38.85194722105989],[-77.25257575254453,38.852855777486106],[-77.25257602358347,38.854543346716454],[-77.25418389782118,38.85512734300882],[-77.25486133146539,38.85759371647393],[-77.25943166145993,38.86031919108822],[-77.26188553611178,38.85934520081095],[-77.2646785187961,38.860448107040014],[-77.27068721765447,38.861030965769785],[-77.27136385244214,38.86012210919828],[-77.27508702267211,38.85934225821671],[-77.27517070067016,38.8573301321015],[-77.27677798597779,38.85622626557027],[-77.27863770376847,38.8524611344952],[-77.28253023043831,38.852719512712035],[-77.28329106771906,38.851486030946205],[-77.28565991091462,38.85083613217623],[-77.28845292718182,38.851938501402806],[-77.27923060289085,38.85356436299068],[-77.27973907353505,38.85499214792364],[-77.27821631514168,38.85577149463011],[-77.27618755536304,38.86018573465352],[-77.27915058641403,38.862326771433736],[-77.28219728144373,38.862455605844204],[-77.28617687967099,38.865764450857704],[-77.28753091435595,38.865634135153286],[-77.28939031671014,38.86186883865414],[-77.29116745650076,38.86180322340892],[-77.29285899314705,38.86037458058221],[-77.29438293012093,38.861282623778656],[-77.29582124919459,38.86082764820906],[-77.29810326291799,38.85712694119517],[-77.29666761482909,38.860957083099066],[-77.29514491284691,38.86173663838363],[-77.29302898852767,38.86141301429067],[-77.29066102015769,38.86375062551833],[-77.2893914401778,38.863556409410144],[-77.28880052557062,38.865828370370814],[-77.29057776243907,38.86576276355382],[-77.2944685596296,38.86264562496145],[-77.299714283508,38.86108548677606],[-77.3010668132812,38.859267453085906],[-77.30318271099425,38.85959093983945],[-77.30631215279529,38.85770703617535],[-77.30859667213316,38.8573812756734],[-77.31088279200466,38.85874304264846],[-77.31122329356133,38.86081986007313],[-77.30859824020335,38.85906884535263],[-77.30529862748725,38.85991439047174],[-77.3036073453579,38.86134320303438],[-77.30022183362935,38.8608256183879],[-77.30225484043557,38.86316126488955],[-77.30530161108564,38.86328953121669],[-77.30504857996077,38.864263261515894],[-77.30725051279948,38.86594967331558],[-77.30589650753846,38.8660802045013],[-77.30708337052798,38.86828640123999],[-77.30547627834278,38.869390662388916],[-77.30462979912664,38.86926128754153],[-77.30513441243053,38.865626255788925],[-77.3037789527261,38.8640691928115],[-77.30081651547358,38.86361631526197],[-77.30022320786753,38.86251318883199],[-77.29853043083746,38.8622543618004],[-77.29692334208136,38.863358511248805],[-77.29421538601497,38.86361933306033],[-77.29286260458179,38.86543729286699],[-77.28990131489853,38.86667172562443],[-77.28820847794958,38.86641275745716],[-77.288039631811,38.86706188799025],[-77.29007128282528,38.86771016414728],[-77.28973361471225,38.86900843030569],[-77.29261299420918,38.871473713847195],[-77.29202093129763,38.872058119535495],[-77.28998914173002,38.871409875011146],[-77.28964919580424,38.869332996732375],[-77.28727763767385,38.86660782941178],[-77.28372212131721,38.86505135147837],[-77.28304559488119,38.86596027604665],[-77.28448710693138,38.870568147365965],[-77.28787404793191,38.87277373509473],[-77.2871975015911,38.8736826831544],[-77.28601219811003,38.87316386728211],[-77.28609768501786,38.874526876138816],[-77.28381252768149,38.874852222432466],[-77.28161275532753,38.8765405388781],[-77.2823757792606,38.878682206643354],[-77.27975167621224,38.878618150997134],[-77.28026124419034,38.881733512419956],[-77.2762818626139,38.880112045317944],[-77.27704225392596,38.87719102409743],[-77.28093516804205,38.8757618795805],[-77.28118856128242,38.87478819723731],[-77.2844046791171,38.87426785576896],[-77.28567339485217,38.872774550271075],[-77.2822855613582,38.86888133020469],[-77.28211379154465,38.86446773788307],[-77.2783051027843,38.86388478778142],[-77.27779659819365,38.86245699551492],[-77.2755109801334,38.86109461757229],[-77.27280303163153,38.86135497136241],[-77.27322694588725,38.863107338937645],[-77.27238059693747,38.862977743903954],[-77.27051960098692,38.86505521405649],[-77.27178915676299,38.86524962355343],[-77.27145117439397,38.866547839497414],[-77.27305946467817,38.86713159162601],[-77.27526233666818,38.872193717140796],[-77.26950422645953,38.86557470565397],[-77.27060341163435,38.86304308970779],[-77.26958806573543,38.86356258187103],[-77.2626478003717,38.86148698566533],[-77.2617174373527,38.86336943639239],[-77.26222563331353,38.86479729477556],[-77.26417246329316,38.86577054288993],[-77.2656133512752,38.87206620616286],[-77.26442877334924,38.873234756795966],[-77.26366686180134,38.87278055271297],[-77.26425861629112,38.8705087098381],[-77.26112566161748,38.86564126523388],[-77.26053248300543,38.8628503774637],[-77.25714720752966,38.862331615847715],[-77.25444103307055,38.872716999910786],[-77.25528813104474,38.876221864212845],[-77.25418821502018,38.878753348199865],[-77.25291847096166,38.878558758064514],[-77.25274928232497,38.879207841401445],[-77.25706640168318,38.87953188588202],[-77.25774376894796,38.88031067600857],[-77.25325741301187,38.88063573923376],[-77.25317310314007,38.88264785601204],[-77.2551202891339,38.883621248411664],[-77.2541891404985,38.88381607219906],[-77.2546973315383,38.88524396492718],[-77.25334316273074,38.88706149783121],[-77.25368215644184,38.88913847999313],[-77.25452877600358,38.8892682031459],[-77.25351295004117,38.88978756521093],[-77.25351324292546,38.89147514181297],[-77.2525817183018,38.88998237707033],[-77.25325798688384,38.884010888995746],[-77.25105675822223,38.88232351440836],[-77.24953332263557,38.8847900862739],[-77.24877193227607,38.88939851746705],[-77.24733290529575,38.891540524999954],[-77.2464862721442,38.89141075266242],[-77.24784069283403,38.88959329369933],[-77.24767111819811,38.88686721862029],[-77.2486867640004,38.884660329073526],[-77.24767080308837,38.883492067662544]],[[-77.24809440905493,38.886932101428904],[-77.24860232325213,38.88667244372762],[-77.2481790334515,38.886607562655534],[-77.24809440905493,38.886932101428904]],[[-77.27001056599242,38.861939818741085],[-77.27026473773103,38.86265373103703],[-77.27043373195788,38.8620046250666],[-77.27001056599242,38.861939818741085]],[[-77.28058994084365,38.86355954346206],[-77.28092867411215,38.86394887395006],[-77.28101312561708,38.86362431366905],[-77.28058994084365,38.86355954346206]]],[[[-77.2871975015911,38.8736826831544],[-77.29100561249466,38.872577787732496],[-77.28914490237344,38.87465553991006],[-77.29033025241876,38.87517432591118],[-77.29024697251513,38.87718646643169],[-77.28821505574314,38.87653819242618],[-77.2871152078611,38.87738239472852],[-77.2871975015911,38.8736826831544]]],[[[-77.26425969959377,38.87388385542789],[-77.2648519999364,38.873299582269574],[-77.26908496063282,38.875635330828125],[-77.2666306336641,38.876609465535935],[-77.26425969959377,38.87388385542789]]],[[[-77.27273182555615,38.89205585273971],[-77.27188298604447,38.88686352506571],[-77.27018974404739,38.8866043101225],[-77.2690050031586,38.88777290654933],[-77.26866557902565,38.88569596666898],[-77.26502498278121,38.884463501400695],[-77.26663302029525,38.88335976295991],[-77.26595494867883,38.88089344641516],[-77.2678171033447,38.880503615208795],[-77.26815521518566,38.8792054070301],[-77.26553110583168,38.87914105028892],[-77.26553053468531,38.877453476271825],[-77.26756227512043,38.87810212224933],[-77.26798490478599,38.87647936325138],[-77.27069412322214,38.8779066880331],[-77.26934048978141,38.87972439406128],[-77.2721343664083,38.88082713487629],[-77.27061098679451,38.88160639046828],[-77.26934246807467,38.88478711847943],[-77.27408329548842,38.88517537921724],[-77.27264509607156,38.887317679405676],[-77.27391581085072,38.88919964368113],[-77.27315442102221,38.89043307335032],[-77.27450971665046,38.89199047617638],[-77.27273182555615,38.89205585273971]]],[[[-77.2769761652735,38.914642291030525],[-77.27409483871246,38.91048904996712],[-77.27146959708145,38.91042481872094],[-77.2707065613073,38.90828307532523],[-77.2650316983995,38.904714430255275],[-77.26435348222518,38.90224809837707],[-77.26350669432156,38.9021184421165],[-77.26562252281207,38.899067414512146],[-77.26706237422704,38.90030034915847],[-77.26587793979841,38.903156496736536],[-77.26706358787925,38.90367550709041],[-77.26680990535304,38.90464916402495],[-77.2727392077634,38.90893163893838],[-77.272401039637,38.91022986446031],[-77.2729090296259,38.909970106399385],[-77.27536519592935,38.91068342391816],[-77.27570492754536,38.91276035202827],[-77.27867008324002,38.91490141418624],[-77.2769761652735,38.914642291030525]]],[[[-77.25826368842614,38.93067837264534],[-77.2613982984967,38.93217075759968],[-77.26343100594336,38.93113189019121],[-77.26402216880523,38.925484862412794],[-77.26325971313557,38.925030652819196],[-77.26478352558082,38.92256389953533],[-77.26410515158933,38.92009756053366],[-77.25792120912574,38.915100724679576],[-77.25351734473067,38.915101252122945],[-77.25419469607021,38.914192483274654],[-77.25241597727923,38.91256998713374],[-77.24504820325383,38.912116105598095],[-77.24538686764207,38.91081795441252],[-77.24708058420262,38.91107750896397],[-77.24691112799952,38.91003900601562],[-77.25072197869919,38.910622924326105],[-77.25055269600995,38.91127200727542],[-77.25351675859558,38.9117260890993],[-77.25682005823039,38.914257080311714],[-77.25546337390959,38.90594915724534],[-77.25249926479951,38.90380754270591],[-77.24995891907312,38.9034183136037],[-77.24564063687387,38.90646917982602],[-77.23945905269548,38.90484659075886],[-77.23734204223823,38.90620959384272],[-77.23514037879028,38.9062095116766],[-77.23039863299157,38.904132180734216],[-77.22785809270864,38.90543007835671],[-77.22878986783984,38.90354787232694],[-77.23005998298189,38.90374271025965],[-77.23073752131889,38.902834070918],[-77.23217685664966,38.90406741124288],[-77.23632596273043,38.90504123629058],[-77.23810426733804,38.90328880228404],[-77.23988246355022,38.903223922279004],[-77.2454712119198,38.9054306755304],[-77.24911195222062,38.90160097988477],[-77.25427715019306,38.9020548770226],[-77.25580147806308,38.90296339925686],[-77.25503963767144,38.90419671977505],[-77.255717212622,38.90497552337169],[-77.25927407917814,38.90653281239138],[-77.25732775050503,38.912309804509526],[-77.2580058224635,38.91477617803487],[-77.26291823538114,38.916203355814915],[-77.26359653290685,38.918669700030534],[-77.26605348496244,38.921070785825464],[-77.26393917374259,38.930872168156846],[-77.26529502493689,38.93242967995714],[-77.26419406715033,38.933273684893045],[-77.25860302554337,38.93275535314011],[-77.2592804776309,38.93184655435453],[-77.25826368842614,38.93067837264534]]],[[[-77.25275864477715,38.93658557404765],[-77.25301206355255,38.93223676938917],[-77.25064028101299,38.93288605042933],[-77.25055538929492,38.93152300702592],[-77.24920006334902,38.93165291976005],[-77.24945387643356,38.928991710158236],[-77.24606548470562,38.92678505678853],[-77.24640419917709,38.92548690029223],[-77.24005157665948,38.92451341493466],[-77.23666367820115,38.922306506033664],[-77.23700253942755,38.92100837600413],[-77.23835763085283,38.92256618013592],[-77.24310080392503,38.92464321168451],[-77.24589588991994,38.924058966181136],[-77.24869111234288,38.92516224169561],[-77.24894510856507,38.924188619224225],[-77.25123220979567,38.92555149788175],[-77.25148691160575,38.929640623956885],[-77.2542827438706,38.93243135990609],[-77.25369047206786,38.93639075966554],[-77.25479192143239,38.93723443434772],[-77.25275864477715,38.93658557404765]]],[[[-77.240644457052,38.932367177996866],[-77.24547302546254,38.93411958589887],[-77.24792957384787,38.933145862992575],[-77.2485226646539,38.93424924951182],[-77.24606608697455,38.9352229843127],[-77.24267754988604,38.934703822668304],[-77.24039031023801,38.93502837079036],[-77.240644457052,38.932367177996866]]],[[[-77.25911291322072,38.93924599725271],[-77.25648664798778,38.939181448533866],[-77.25716418628058,38.938272660500935],[-77.25479192143239,38.93723443434772],[-77.25699452296708,38.93723416753635],[-77.25750314186097,38.938662058722045],[-77.26089196882286,38.93918081560594],[-77.26190891893376,38.940348977139685],[-77.259367247973,38.939959938927274],[-77.25911291322072,38.93924599725271]]],[[[-77.23903468843949,38.943596109799046],[-77.2405597172923,38.939442060287426],[-77.23920422611046,38.93957186393158],[-77.2395431223944,38.93827372389885],[-77.24106802003057,38.93749484445935],[-77.24157629558246,38.93554762707485],[-77.24301641137777,38.93509326027985],[-77.24293175544581,38.937105384308616],[-77.24072915133513,38.94048057603642],[-77.24115276748134,38.94560824800626],[-77.23903468843949,38.943596109799046]]],[[[-77.22378354041508,38.94800864115056],[-77.22268186588056,38.948852279355975],[-77.2226814442943,38.95053986923967],[-77.22183416897052,38.95040992751023],[-77.22242785984353,38.94813826161903],[-77.22378354041508,38.94800864115056]]],[[[-77.24564406680958,38.95878434395491],[-77.24327129782512,38.95774589444698],[-77.24437286830891,38.95690207233693],[-77.24479638134524,38.9535917844847],[-77.24437262457892,38.95183929920026],[-77.24149171492617,38.95106045928009],[-77.24250840559418,38.9471660120628],[-77.24360988839007,38.94800978731376],[-77.24250848163618,38.95054119148645],[-77.24505043189926,38.95093057572038],[-77.24581315983738,38.95307248941802],[-77.24471184220715,38.95729150654013],[-77.24742361198548,38.958719355304815],[-77.24589868760319,38.96456109399934],[-77.24471219867239,38.964041876893106],[-77.24606789461917,38.960536826657986],[-77.24564406680958,38.95878434395491]]],[[[-77.2462377053348,38.96495052446986],[-77.24979709296495,38.9648205044957],[-77.25174592775018,38.96241877383051],[-77.25420365646718,38.963132515731864],[-77.25454239493533,38.96183433035955],[-77.2530165682614,38.95923819287251],[-77.25369403921245,38.95664182940726],[-77.2558122101321,38.955278537719266],[-77.25708330014652,38.95547310017753],[-77.25437208794368,38.957420645942456],[-77.25437271410779,38.96079583031856],[-77.25547454068393,38.961639501874515],[-77.25488177111629,38.96391133021999],[-77.252424009452,38.9631976016686],[-77.25157678201003,38.96475545622066],[-77.24878017878136,38.96533983310151],[-77.24886507669694,38.96670288428924],[-77.24691589190351,38.967416976750776],[-77.2462377053348,38.96495052446986]]],[[[-77.22310302397251,38.95904279357798],[-77.2265773595663,38.959237964585554],[-77.22666249330385,38.95722584542894],[-77.22912034538403,38.95456490063319],[-77.228612172126,38.953136889913125],[-77.2309848108642,38.952488028280825],[-77.22954401334981,38.95462984737819],[-77.23013700050396,38.95573332513815],[-77.22810313104945,38.95677165040411],[-77.22708553549865,38.96066598490315],[-77.22378076772638,38.95982177752882],[-77.22183107981523,38.96222306793909],[-77.21996658840207,38.96261221241451],[-77.22310302397251,38.95904279357798]]],[[[-77.26174934665876,38.97474991569351],[-77.26259697655145,38.97487958526504],[-77.2641240122501,38.97916320792734],[-77.26293715522587,38.97864416396952],[-77.26234398207684,38.9792284363035],[-77.26285197980667,38.97728111998745],[-77.26174934665876,38.97474991569351]]],[[[-77.23547394356464,38.97579007597235],[-77.23589785602692,38.974167405044085],[-77.23793203232965,38.97481654524989],[-77.23547394356464,38.97579007597235]]],[[[-77.23877957210053,38.976633973877675],[-77.24064432211726,38.976244545895696],[-77.24089860498405,38.97695852926538],[-77.23877957210053,38.976633973877675]]],[[[-77.24089860498405,38.97695852926538],[-77.24259384489899,38.97721814753556],[-77.24395003124619,38.97708830613534],[-77.24293290390922,38.97760758777207],[-77.24089860498405,38.97695852926538]]],[[[-77.22089420557757,38.97929359466216],[-77.22089327911517,38.98266879000693],[-77.21919849224487,38.98072127728172],[-77.22047040174225,38.97922861814145],[-77.22021679029048,38.9768269958655],[-77.22250500773833,38.97819041454031],[-77.22216562162431,38.97948851554461],[-77.22089420557757,38.97929359466216]]],[[[-77.23445617912081,38.983059677528935],[-77.24098337950711,38.985071979791],[-77.24081383674361,38.9857210563138],[-77.23810119039979,38.98429305730726],[-77.23326929398996,38.98422794789079],[-77.23445617912081,38.983059677528935]]],[[[-77.25480225585895,38.99123742695491],[-77.24776516905258,38.98611031062344],[-77.24759552834087,38.98507179753019],[-77.25166473559217,38.98636966330324],[-77.25505640096634,38.99026378262534],[-77.25480225585895,38.99123742695491]]],[[[-77.22012953163869,38.985589508403635],[-77.22131710336394,38.982733765117594],[-77.22055337221748,38.98565448615151],[-77.22012953163869,38.985589508403635]]],[[[-77.22241759508384,38.98864052995597],[-77.22326531662948,38.98877046843932],[-77.22385848680197,38.989873981850664],[-77.22216301890616,38.98961410715457],[-77.22241759508384,38.98864052995597]]],[[[-77.25912814930383,38.999999412568386],[-77.257856275859,38.99980486974374],[-77.25717817314201,39.00071366988499],[-77.25514310103254,39.000064842563845],[-77.25751703351523,38.999415468944264],[-77.25912814930383,38.999999412568386]]],[[[-77.24598602255313,39.001363713870774],[-77.2431031862851,39.00227250865272],[-77.24335752651703,39.00129888659294],[-77.24598602255313,39.001363713870774]]],[[[-77.23928759577319,39.00168834835698],[-77.2420009140527,39.00311632531605],[-77.24030507274595,39.002856697897165],[-77.23928759577319,39.00168834835698]]],[[[-77.20909373017612,39.02102685177867],[-77.21147080414188,39.0153155341723],[-77.21019879050634,39.01512050262205],[-77.21104749074132,39.01356291857206],[-77.20986117075904,39.01135575837834],[-77.21079546611924,39.00778605374492],[-77.21359527157183,39.00382732094483],[-77.2135965368921,39.00045211452985],[-77.20885074932305,38.99499872801854],[-77.20842611225005,38.99662131169316],[-77.20647572914821,38.99733477211323],[-77.20494837379385,38.9998008354323],[-77.2036766489144,38.99960573755277],[-77.20520404327972,38.99713968995653],[-77.20834193704958,38.99525822673856],[-77.20910699589759,38.990649976167205],[-77.20741233860996,38.98870230011547],[-77.20800602999024,38.988118289579454],[-77.20970141245178,38.98837835759014],[-77.21029437370726,38.98948193574401],[-77.21334627044634,38.98961246534824],[-77.21275260973862,38.990196501562],[-77.2093617503942,38.989676425598915],[-77.21003963237045,38.99045548819693],[-77.20885149197048,38.99331112696652],[-77.21469909816551,38.9996085504589],[-77.21503751298955,39.00168567110703],[-77.21775089135943,39.00142657477239],[-77.21825918873512,39.00285464042832],[-77.2208872550141,39.00460760280534],[-77.22003886995061,39.0061652518498],[-77.2185133449066,39.00356867259776],[-77.21478279239464,39.002659235162525],[-77.21300020386082,39.007786568203244],[-77.21155846149391,39.008240591391555],[-77.21113311765386,39.01155079326811],[-77.21215028031081,39.012719375362956],[-77.21172561338939,39.01434197492574],[-77.21409915705625,39.017068643777534],[-77.21274217201393,39.01719815977476],[-77.21274086675342,39.02057337533178],[-77.20909373017612,39.02102685177867]]],[[[-77.23326664952639,39.009541976100245],[-77.23631932348674,39.0113595468148],[-77.23564084398323,39.01226823097469],[-77.23360564077204,39.011619049400785],[-77.23326664952639,39.009541976100245]]],[[[-77.22978783676787,39.02284784744976],[-77.22707370209336,39.02310720776513],[-77.22724345463661,39.02245814613847],[-77.22978783676787,39.02284784744976]]],[[[-77.22147241889905,39.03608808149858],[-77.22028493731767,39.0355686249425],[-77.2201155736988,39.0345300660202],[-77.22138795345433,39.03472499660582],[-77.22147241889905,39.03608808149858]]],[[[-77.22232026143588,39.03790564039293],[-77.22113274411507,39.0373861917822],[-77.22147241889905,39.03608808149858],[-77.2225750045808,39.03693205521861],[-77.22232026143588,39.03790564039293]]],[[[-77.2238383422653,39.07594219059936],[-77.22553654220151,39.07282679797953],[-77.23054440113538,39.07055551438496],[-77.23444873511696,39.067440166765664],[-77.23419419906129,39.0667261594905],[-77.23606128500269,39.06633679459024],[-77.23716467091647,39.063805400505125],[-77.24013488703007,39.06257219227337],[-77.24106835394741,39.05900222898316],[-77.2421714844298,39.05815841266119],[-77.24055921589043,39.0575742432758],[-77.24081378368314,39.05660061738854],[-77.2437837788817,39.05874256118399],[-77.24471719613729,39.058547810467495],[-77.24480194407514,39.05653564671313],[-77.24811101639206,39.05400407039796],[-77.2502323461967,39.05432847053374],[-77.25014732031389,39.05296540096922],[-77.25150490624135,39.05283547541036],[-77.25014710491396,39.051277783600824],[-77.25048632652023,39.04997959091998],[-77.25549217153211,39.04939492748264],[-77.25684931026576,39.047577327334096],[-77.2592252049971,39.04861553201494],[-77.26024230992861,39.044720879529585],[-77.25693333675444,39.043877544003756],[-77.25625481145003,39.04478634573632],[-77.25404895163557,39.044786599387315],[-77.25201241517101,39.042450101243475],[-77.24895823141165,39.04232052120876],[-77.24827962095635,39.04322927913029],[-77.25048543354127,39.04322912793248],[-77.25048565677046,39.044916742939705],[-77.24573465242068,39.046215185658745],[-77.24183185245337,39.04258041392855],[-77.24072896084763,39.040048996265625],[-77.23784459524056,39.039270060892804],[-77.23733549467345,39.04121729427087],[-77.23283930549084,39.039854012172505],[-77.23080312155568,39.040892395524274],[-77.22961471127047,39.045435871748474],[-77.22774812755114,39.04582513834795],[-77.22723871066788,39.04777233253129],[-77.22545696773697,39.04783703257395],[-77.22426888048003,39.04900522924995],[-77.2245228775879,39.051406871505606],[-77.22604996515012,39.052315780065946],[-77.22443719290182,39.05510663754995],[-77.2254548210365,39.05796273809337],[-77.22519967900026,39.060623952362874],[-77.22460553357911,39.06120805217416],[-77.22358829454987,39.05666432408615],[-77.22511657792275,39.052510390317984],[-77.22358949794231,39.05160147025307],[-77.22358989903587,39.049913853306954],[-77.22087473180223,39.050173079339],[-77.22605099704782,39.04725293006378],[-77.22800282576046,39.04485154071912],[-77.22409981788677,39.04627905748391],[-77.2187551942889,39.04478533040803],[-77.21901000927612,39.043811751397584],[-77.22443948124217,39.044980937105485],[-77.22630606100226,39.04459172028096],[-77.22706985986724,39.04335855035562],[-77.22902100043336,39.04433237579183],[-77.23122751780735,39.03926972354845],[-77.22910671216893,39.03894499975451],[-77.22749466423734,39.040048276374016],[-77.2249496925026,39.03965852694135],[-77.22478025273018,39.0386199736579],[-77.22257458000367,39.03861966838047],[-77.22232026143588,39.03790564039293],[-77.22461081779792,39.037581420327534],[-77.22511950264649,39.039009466409304],[-77.22673123547598,39.039593834267315],[-77.22842817385697,39.03816603514109],[-77.23020967716602,39.03810129259122],[-77.23555404471071,39.03959452510304],[-77.23742050670764,39.037517528266186],[-77.23962614603346,39.037517569907756],[-77.2401351253267,39.03894555446016],[-77.24225598021629,39.039270089944054],[-77.24242570726211,39.041996233652974],[-77.24658295427629,39.04465735068333],[-77.24938223082354,39.04069778683346],[-77.25532126630203,39.04329356765025],[-77.26372030874995,39.04322739815109],[-77.2635503068842,39.04218889720774],[-77.26516241893077,39.04277276665035],[-77.26482349299656,39.044070997768905],[-77.26092078477967,39.04381205602665],[-77.25990417077702,39.04939432974534],[-77.25659498881816,39.04855098452595],[-77.25532260830131,39.05004403066964],[-77.25082576715283,39.05036901420868],[-77.2534563361915,39.05212130098353],[-77.25218382872526,39.05361431590924],[-77.25082622946667,39.053744248905005],[-77.2522688935521,39.05497738423491],[-77.25362651326063,39.05484743544545],[-77.25489966413825,39.056729641865964],[-77.2539666015953,39.058612088057096],[-77.25642832695387,39.0627010370666],[-77.25481649076978,39.065492293922034],[-77.25583511051339,39.06666052879462],[-77.25125290554843,39.0706853264685],[-77.24913109378176,39.0703609428091],[-77.24624556006222,39.071269821257786],[-77.24734911759698,39.07380120388628],[-77.24565171891051,39.07522927046576],[-77.24369978904849,39.081006201281525],[-77.23996492521886,39.08178513468029],[-77.2413230571826,39.07996769364649],[-77.24319044512428,39.07957822068645],[-77.24369959179184,39.07594332523865],[-77.2456516078354,39.07354164638132],[-77.24497256920392,39.07276276741383],[-77.24115327619997,39.075553905357175],[-77.24217175678547,39.073347005784946],[-77.24658494466374,39.0699716346183],[-77.2505738335782,39.06990647851358],[-77.25235582836943,39.06815379553164],[-77.2542228536544,39.06776415763421],[-77.25311914839314,39.065232838815284],[-77.2546465640434,39.06445377673684],[-77.25507056557056,39.062831016654194],[-77.25303349072591,39.06049452786805],[-77.25354201155396,39.05685960461124],[-77.25108088341945,39.05445822045082],[-77.24734746262574,39.055237371962484],[-77.24599006221821,39.05874248981969],[-77.2412380739402,39.06004076371833],[-77.24081377862436,39.06335109624593],[-77.23903166592073,39.06341599117387],[-77.23724938199369,39.06685610309235],[-77.23589150872483,39.066985873187214],[-77.23444858606057,39.069127788983124],[-77.23258141978377,39.06951712984522],[-77.23224178718334,39.070815278116626],[-77.22995021747982,39.07113964079506],[-77.22952560660944,39.07276231752319],[-77.2329201175152,39.07665709837324],[-77.22680797452581,39.081459799082594],[-77.22409164011253,39.08171909690587],[-77.22494119022024,39.07847377431046],[-77.2238383422653,39.07594219059936]]],[[[-77.2242654118918,39.06419379740671],[-77.22375656757858,39.06276574154471],[-77.22469009013531,39.06257114115774],[-77.2242654118918,39.06419379740671]]],[[[-77.22333186735823,39.06438839465917],[-77.2219735766654,39.06620563390362],[-77.22248326378264,39.064258454986835],[-77.22333186735823,39.06438839465917]]],[[[-77.20549951232628,39.0869728045335],[-77.20889562696382,39.085805366787575],[-77.21220861398034,39.079899481150626],[-77.21170057396328,39.07678374685384],[-77.21365366991441,39.07438257040352],[-77.21263627563707,39.071526364821516],[-77.21144827820707,39.07100682055198],[-77.21153396169915,39.06899467513344],[-77.20975240705162,39.06737152804663],[-77.21009242520896,39.066073442085894],[-77.20865025657,39.06483981467248],[-77.20788898236611,39.05932239424882],[-77.21187866735241,39.05588324264223],[-77.21518826015257,39.055040161618884],[-77.2170557005208,39.05296346530561],[-77.21832839469874,39.053158427856566],[-77.22087473180223,39.050173079339],[-77.22011027439163,39.05309383000004],[-77.21629163087256,39.054196575707195],[-77.21578184845694,39.05614372574114],[-77.213151398762,39.05607825832947],[-77.20984101477094,39.05860890420663],[-77.20899102267532,39.06185411188105],[-77.20958384619674,39.064645327716185],[-77.21111102506768,39.06555442203483],[-77.2109403329411,39.06789108818873],[-77.21255259220293,39.06847564299203],[-77.21238193956204,39.07081231235574],[-77.21433362032593,39.07178637321808],[-77.21560546360041,39.075356611922594],[-77.21416239704136,39.0758106706274],[-77.21263299752293,39.07996448698185],[-77.21356677079217,39.0797699695657],[-77.21373614625386,39.0808085457236],[-77.21152851173703,39.082495670561755],[-77.21059329180201,39.08606542695826],[-77.2082161094325,39.08671391282462],[-77.20779092220747,39.088336519887925],[-77.20668772825233,39.087492407197615],[-77.20422455824308,39.09015296604577],[-77.202951253948,39.08995785769751],[-77.20549951232628,39.0869728045335]]],[[[-77.1921000471304,39.067365853647225],[-77.18785593437379,39.068402652249674],[-77.18513736117961,39.07203634319369],[-77.18521860565423,39.07677470960178],[-77.18496452060837,39.07606060036604],[-77.18360638221091,39.076189799275646],[-77.18403203831116,39.074567278631804],[-77.18267392616251,39.07469646731526],[-77.18275771193733,39.07605958801832],[-77.18071979830609,39.077097156867126],[-77.18029264673252,39.08040729225721],[-77.17927361863181,39.080926061035385],[-77.18215764584212,39.083393988455164],[-77.18300505689167,39.08521183085419],[-77.18512700661078,39.085537344459496],[-77.18572038746947,39.086641058250564],[-77.18241037131867,39.08579573143738],[-77.18164811932618,39.08365338167157],[-77.17961139952858,39.08300330710414],[-77.17689186782047,39.08663682736272],[-77.17943680009228,39.088715192620235],[-77.17909612834053,39.09001320001022],[-77.18036796433404,39.09189618167685],[-77.18274421469096,39.0929358571438],[-77.18282802281753,39.094298982407054],[-77.18401619638793,39.09481880251313],[-77.1838458886301,39.09546781330418],[-77.18265770566474,39.094947991506444],[-77.18223189947045,39.0965705135818],[-77.18367424933511,39.09780445479699],[-77.18273881403667,39.09968637970028],[-77.18401223452715,39.09988169546573],[-77.18528437069907,39.10176463033529],[-77.18163436291876,39.10052967457951],[-77.18256983768347,39.09864775768589],[-77.18121265851615,39.097089299825484],[-77.1821494638027,39.093519757321516],[-77.17943394640761,39.092090450071446],[-77.17655116035218,39.08793482727351],[-77.17417361317605,39.088582662210705],[-77.17842345065759,39.08248344604117],[-77.1802968666518,39.07534441779645],[-77.18148609116554,39.07417663631875],[-77.17919418928952,39.07450006312859],[-77.17791976475631,39.075992322883934],[-77.17528863098008,39.07592605357845],[-77.17486277171714,39.07754854466899],[-77.17393047790365,39.076055146736586],[-77.17503464647378,39.07521192415443],[-77.17622245224395,39.07573181691583],[-77.17817523617607,39.07501882233878],[-77.17902532214985,39.07346144116165],[-77.18208068909108,39.07359274140524],[-77.18369417027492,39.072490047790154],[-77.1846292308071,39.07060812519473],[-77.18284689031775,39.0706722143279],[-77.18293201998638,39.07034771112308],[-77.18522377428776,39.070024215620116],[-77.18709245569612,39.0679479642838],[-77.18955430887735,39.06697537714221],[-77.18726391460288,39.06561133093978],[-77.18904612709588,39.065547178510016],[-77.18972449890363,39.066326361937094],[-77.1927807017334,39.064769777753426],[-77.19354638004714,39.06184918935859],[-77.18845530175909,39.06106824426252],[-77.1875229400712,39.0595749527544],[-77.19447997166434,39.06165481599571],[-77.1960940392595,39.0588643443186],[-77.19533166640385,39.05672208894839],[-77.19626415190781,39.058215321096625],[-77.19753688224282,39.058410496824614],[-77.2010186738317,39.053543531615276],[-77.20042533087042,39.05243989747348],[-77.20398822750968,39.053998807354674],[-77.20653438588025,39.052701369547755],[-77.20899472270085,39.05341601728072],[-77.20992888293252,39.051533910767816],[-77.21120153296883,39.051728946281045],[-77.21188068619239,39.05082038965532],[-77.21196633392617,39.048808251149545],[-77.21578476003516,39.04770563943611],[-77.21663372097244,39.04614800866609],[-77.21434347484981,39.044784466689244],[-77.21179975729726,39.04101921840014],[-77.20891566326262,39.04023961114143],[-77.20670914867273,39.04192663817639],[-77.20687833802181,39.04296521668218],[-77.20331504845873,39.04309400703714],[-77.20357006426065,39.04212045999686],[-77.2056058529802,39.04277013717791],[-77.20908561788974,39.0395905724749],[-77.20764399158843,39.03835693909915],[-77.20221528440305,39.03718702062626],[-77.20645657175719,39.03783735013562],[-77.20705067199326,39.03725333950196],[-77.20857724388215,39.038162460605555],[-77.20832381969461,39.035760791263755],[-77.20857874271938,39.03478723516167],[-77.2094269775077,39.03491726913158],[-77.20925556948278,39.03894153364783],[-77.21273303264546,39.0408247085926],[-77.21451339164739,39.04413542008976],[-77.21629505359567,39.04407087705585],[-77.21680362051143,39.04549895878095],[-77.2187551942889,39.04478533040803],[-77.21858531383947,39.0454343828822],[-77.21637829751006,39.04880919929196],[-77.2127297671457,39.04926278472411],[-77.21238921360899,39.05224849112758],[-77.21111655129135,39.05205346776364],[-77.20865474414445,39.054714097318104],[-77.20797627781111,39.05393501886513],[-77.20577014052589,39.05393441517453],[-77.20296973871417,39.054517767948354],[-77.20076265275574,39.05620469353646],[-77.1976209279571,39.05977360349725],[-77.19761992389303,39.06146122322828],[-77.19439382473523,39.06366694697009],[-77.19396846377005,39.065289499901034],[-77.19532638006788,39.06516018800156],[-77.19600377391295,39.06762695866224],[-77.19481595912563,39.067107255752695],[-77.19507117301501,39.06613372205415],[-77.1937983140666,39.065938520797715],[-77.1921000471304,39.067365853647225]],[[-77.18208068909108,39.07359274140524],[-77.1822496002,39.07463135924444],[-77.18250500883833,39.07365785004054],[-77.18208068909108,39.07359274140524]]],[[[-77.19820933622611,39.06931535789233],[-77.1980382204756,39.07165200788519],[-77.19600377391295,39.06762695866224],[-77.19820933622611,39.06931535789233]]],[[[-77.18724773002542,39.087550449501],[-77.1855501140996,39.08729007038185],[-77.18572038746947,39.086641058250564],[-77.18750311711119,39.08657692771042],[-77.18724773002542,39.087550449501]]],[[[-77.18611172214646,39.13058465663407],[-77.18967933507103,39.13045635763868],[-77.19052982325786,39.12889888129465],[-77.18985085832324,39.128119693030456],[-77.19070014968153,39.128249857138066],[-77.19121111068692,39.12630278377175],[-77.19248502065183,39.12649801375425],[-77.19316510720459,39.125589546789094],[-77.1897680668027,39.12506892319198],[-77.18747583647382,39.12370486595499],[-77.18730673649901,39.1226662455468],[-77.18959893087178,39.12403030562095],[-77.19282674059734,39.12351232065846],[-77.192656444288,39.12416134711709],[-77.19469443504885,39.12481121300816],[-77.1955447495837,39.123253704116514],[-77.19308217935462,39.12253878068944],[-77.1932524680551,39.12188975385585],[-77.19546066937717,39.121890579829795],[-77.19546172444814,39.12020294101215],[-77.197414505459,39.121177276697296],[-77.1988585780654,39.120723408572424],[-77.19911489632183,39.118062218612785],[-77.19614275403504,39.11760682093548],[-77.1945306129403,39.115334410614665],[-77.19555001477976,39.114815513355275],[-77.1983518130383,39.11591995816002],[-77.19860715104394,39.11494640829431],[-77.19945630406347,39.11507651226345],[-77.19945534187887,39.116764149416845],[-77.20106859353417,39.11734885860002],[-77.19987897702849,39.118516836987745],[-77.20115277372828,39.11871197787476],[-77.20157646120002,39.12046466033163],[-77.1961396362621,39.1226697365019],[-77.19953661010915,39.12319018579427],[-77.20131838665807,39.12650113686261],[-77.19936444569134,39.127214502086545],[-77.19961980983203,39.1262409479759],[-77.19800637232069,39.1256562189695],[-77.1955426431627,39.12662898435025],[-77.1940973455567,39.12877045559978],[-77.19282339139589,39.12857524204578],[-77.1912928121756,39.13104119524179],[-77.18865845842686,39.13266285073279],[-77.1873844506056,39.132467581309676],[-77.18814983459714,39.131234630615],[-77.18577097328698,39.13188269283268],[-77.18611172214646,39.13058465663407]]],[[[-77.20267477180666,39.13143466764094],[-77.20454537853101,39.12767048825921],[-77.2066686653131,39.12799563673696],[-77.2079434116196,39.12650306741866],[-77.20904721275731,39.1273471753026],[-77.206923145477,39.12870970865998],[-77.20513773811996,39.132149402355566],[-77.20267477180666,39.13143466764094]]],[[[-77.21048568716537,39.1403943167861],[-77.2072580341728,39.13922511654443],[-77.20351978516734,39.14000296343908],[-77.20122682509796,39.138639155622116],[-77.20454031340837,39.13779634511671],[-77.20649368936411,39.138770541638344],[-77.21099620308334,39.1384471574179],[-77.21269445138678,39.140394836722294],[-77.21294838534382,39.14279654409647],[-77.21065515997289,39.1414329093325],[-77.21048568716537,39.1403943167861]]],[[[-77.1869447450093,39.15265424072773],[-77.18363303537079,39.15012128663876],[-77.18236145470182,39.1465506691893],[-77.17913398108287,39.14538073769336],[-77.17947491193937,39.14408271613836],[-77.18083293222229,39.14564120739614],[-77.18346659742383,39.14570736017924],[-77.18465300352847,39.14960247510827],[-77.18694599848348,39.15096659151186],[-77.1869447450093,39.15265424072773]]],[[[-77.20818650730301,39.15253181567172],[-77.21005593937771,39.15214283512197],[-77.21065024360747,39.15324644429072],[-77.20878004036757,39.155323084184445],[-77.206570821985,39.15532249472842],[-77.20767658857221,39.15279131910585],[-77.20682697969613,39.15266127029068],[-77.2071674496077,39.151363170943924],[-77.20818650730301,39.15253181567172]]],[[[-77.20342074015882,39.16732988632658],[-77.2018072668867,39.16505754739144],[-77.19917288293598,39.16499178266774],[-77.19721991442326,39.16232981258135],[-77.19518084771295,39.161679983098814],[-77.19603158367724,39.16012245918109],[-77.19407777358799,39.159148094066936],[-77.19390849659672,39.158109475157765],[-77.18898107213475,39.156679504668794],[-77.18745101167922,39.15745777322122],[-77.18490213911134,39.157067194604004],[-77.18184462594397,39.15524831089196],[-77.17470846116623,39.15381670817097],[-77.17241242352007,39.155827665127156],[-77.16986368913142,39.15543677853432],[-77.16978005385188,39.154073628048394],[-77.1731783080594,39.15459480071324],[-77.17351938866875,39.15329679302203],[-77.17496424950673,39.15284319946813],[-77.17708813992873,39.15316885466242],[-77.17768195135847,39.1542726215013],[-77.1804864042336,39.1536898275941],[-77.18108027159109,39.1547935783302],[-77.18507258193705,39.15641817443087],[-77.18813145126269,39.15654932806593],[-77.1869447450093,39.15265424072773],[-77.18923667916594,39.1557059660514],[-77.19161514520218,39.156745485075696],[-77.19178780920863,39.152721155408756],[-77.193148474029,39.15090421589671],[-77.19246477461613,39.156875637892085],[-77.19356885757428,39.157719888375944],[-77.19501368113622,39.157266061546764],[-77.19467296621275,39.15856412920981],[-77.1971367741959,39.159279026354994],[-77.19815478850626,39.16213540781999],[-77.20163877758836,39.16233128437237],[-77.2041870721971,39.164409174005215],[-77.20495083745976,39.16655141976122],[-77.20367446148715,39.16973162606092],[-77.20367532627564,39.168043970667256],[-77.20240065705815,39.167848853654355],[-77.20342074015882,39.16732988632658]]],[[[-77.17342157659513,39.16712251158195],[-77.17614128768496,39.16686431687849],[-77.17732912389478,39.16907186335151],[-77.17342157659513,39.16712251158195]]],[[[-77.21619559349145,38.83714651327435],[-77.21441776336357,38.840586185901095],[-77.21357178054569,38.840456189534244],[-77.21484196073783,38.83727604903951],[-77.21408073395303,38.836821542002994],[-77.21619559349145,38.83714651327435]]],[[[-77.21179509186075,38.84052069169898],[-77.2090021978232,38.84279172964201],[-77.20722544818209,38.84285616628145],[-77.21145683669998,38.84013117334801],[-77.21357178054569,38.840456189534244],[-77.21323287653567,38.84175424282437],[-77.21306406358971,38.84071570228558],[-77.21179509186075,38.84052069169898]]],[[[-77.23268854746973,38.871743873500066],[-77.23260406272061,38.87038082846607],[-77.23615885590712,38.87025120127655],[-77.23218047944609,38.87369103848917],[-77.23124961913226,38.87219811669477],[-77.23268854746973,38.871743873500066]]],[[[-77.21719944758452,38.872066416399505],[-77.21956856212385,38.87479292591662],[-77.21838320166937,38.87596103665798],[-77.2195680688686,38.87648049941017],[-77.22075341877995,38.87531237726357],[-77.21990799230181,38.871807277521675],[-77.2207543503549,38.87193723107555],[-77.22134381881916,38.88316618285904],[-77.22210557507016,38.883620647669886],[-77.2200726407798,38.88803398266603],[-77.2184637949728,38.88913711753863],[-77.21871755647031,38.889851137787026],[-77.22100347438722,38.88952699126648],[-77.22024118549825,38.89076009578014],[-77.21854803693275,38.890500175288956],[-77.2195636285431,38.89166867636941],[-77.21863176698663,38.8935508102193],[-77.21727763702488,38.89199279642253],[-77.21804051771295,38.88907213352684],[-77.21626264748495,38.88913670014196],[-77.21880282618608,38.887839042804366],[-77.22041211198497,38.88504832811684],[-77.21846483278358,38.88576196572556],[-77.21871909553391,38.88478841014422],[-77.22083583194792,38.88342572874025],[-77.21770522273948,38.87855717935702],[-77.21525011088114,38.87953029674262],[-77.2166904035741,38.87570109125926],[-77.21804474679207,38.875571534725815],[-77.21559091079463,38.87316951185049],[-77.21584516800304,38.87219596364181],[-77.21499881570051,38.872065976556385],[-77.21178095324649,38.8759596629463],[-77.21127161176955,38.87959431723322],[-77.21254060650331,38.88147690852611],[-77.21144048923837,38.88063286484595],[-77.21059404680152,38.880502847547284],[-77.21033969045062,38.881476385949476],[-77.20915480780977,38.8809568346585],[-77.21025703031634,38.87673817610651],[-77.20822508242587,38.87777616461659],[-77.20653227841244,38.87751608041181],[-77.20856499123731,38.87479054625029],[-77.21076570535477,38.87479110034293],[-77.21262865296072,38.872714525641726],[-77.21347500856747,38.872844528924134],[-77.21339088189909,38.871481470642024],[-77.21245977690887,38.87167598063129],[-77.21330675837756,38.87011841252221],[-77.20907590650617,38.86778076075385],[-77.21110825269444,38.8650551880082],[-77.20916141657759,38.8657686777467],[-77.20628428552423,38.86498902895186],[-77.20408216390994,38.8683635385336],[-77.20255831758166,38.86914195632412],[-77.20137369094911,38.8686223314097],[-77.2052692785765,38.86382042283008],[-77.2076392175704,38.86317201517625],[-77.20890783254778,38.86505464000168],[-77.21093941605376,38.86401664185771],[-77.21187244134653,38.85875943160102],[-77.20874200265415,38.85726580893979],[-77.20654181766866,38.8572652189167],[-77.20493511008834,38.85499303475012],[-77.19977355485437,38.85453708459041],[-77.20028235498458,38.85259005687993],[-77.20502071945378,38.85298095755126],[-77.20992721358799,38.85609779296152],[-77.21255044387514,38.856163326818276],[-77.21381906371607,38.85804589984673],[-77.21923511596484,38.85752771153096],[-77.21855785538168,38.8584362830264],[-77.21644236760801,38.85811135131727],[-77.21398792755612,38.8590844413601],[-77.21305569466617,38.86265409668543],[-77.21407081021138,38.863822638864065],[-77.21144662166562,38.865444708400425],[-77.21356230002128,38.86576972567852],[-77.2127147226577,38.86901486671256],[-77.21339151815778,38.86979389817733],[-77.21736948039741,38.86972980971958],[-77.21719944758452,38.872066416399505]],[[-77.21339088189909,38.871481470642024],[-77.21389881202708,38.8712219556467],[-77.21347564289002,38.8711569561874],[-77.21339088189909,38.871481470642024]]],[[[-77.20034463728229,38.892767299122525],[-77.19805951742893,38.891403487999206],[-77.20068400820313,38.891469273385795],[-77.20034463728229,38.892767299122525]]],[[[-77.21558037023549,38.903545881699976],[-77.21634230364266,38.90400038308947],[-77.21634173544645,38.905687962680844],[-77.21439447794708,38.904713958451225],[-77.21558037023549,38.903545881699976]]],[[[-77.18602439924564,38.9087937915966],[-77.18712962743238,38.90288774508],[-77.18797628806766,38.90301792298618],[-77.18831349216919,38.9050950875996],[-77.19051628812865,38.90340842202574],[-77.19237942147335,38.90301972328471],[-77.1889903619106,38.90587425576709],[-77.18805508156657,38.91113132385929],[-77.18746309509085,38.910027651838234],[-77.18602439924564,38.9087937915966]],[[-77.18814122319286,38.90911924464075],[-77.18763293704701,38.9093786552719],[-77.18805630515992,38.90944374328332],[-77.18814122319286,38.90911924464075]],[[-77.18814366626395,38.905744084738295],[-77.18763540367797,38.90600349526622],[-77.18805875217653,38.90606858324079],[-77.18814366626395,38.905744084738295]]],[[[-77.19110250251244,38.91294997984951],[-77.19169684647103,38.91067847277735],[-77.19432310439679,38.90905681248239],[-77.19525579239122,38.90717485771864],[-77.19711899677813,38.90678608756414],[-77.19745949614351,38.903800488923835],[-77.20406512017388,38.9021150464124],[-77.20745341411815,38.89926010327213],[-77.21050152613292,38.89939070111319],[-77.21574994657236,38.90289684718978],[-77.21515701182463,38.90348088772392],[-77.21278647890571,38.9024418631013],[-77.21185564868537,38.90094879037935],[-77.20813043434353,38.90003916634911],[-77.20525031066087,38.902634647727474],[-77.1987295318252,38.903995647820786],[-77.19796572057162,38.90691619731575],[-77.19576299103291,38.90860299600505],[-77.19881147303626,38.90873388143261],[-77.20185906222105,38.91055227247607],[-77.19643997305666,38.90938212385329],[-77.19449180851787,38.91009538701085],[-77.19135607873643,38.91366405825097],[-77.1900858942284,38.913468823575535],[-77.19033946229192,38.91418290410458],[-77.19347306804781,38.91398942047315],[-77.19287875246725,38.91626093704662],[-77.19042320687952,38.915545985272125],[-77.18864587603052,38.91392257441054],[-77.18923910833948,38.91333865989943],[-77.18737569427964,38.913727311965786],[-77.18424339559726,38.912233060346225],[-77.17924497904343,38.91450242175949],[-77.1763632541886,38.9170972368154],[-77.17415662487488,38.92215881929064],[-77.17229290467101,38.92254724514335],[-77.1730531951919,38.92468959708764],[-77.17228972639859,38.92592241217507],[-77.17229131557163,38.9242348284674],[-77.1700057338025,38.922870494690784],[-77.1743312391213,38.916447092855094],[-77.1678987365607,38.91241923981172],[-77.16892048911335,38.906837837623584],[-77.16985051442457,38.90833123369176],[-77.16933885425239,38.91196573002254],[-77.17433278078569,38.91475951125577],[-77.17441622646886,38.91612260331816],[-77.1761947923582,38.91605863668556],[-77.176704652551,38.91411169123543],[-77.17814474886906,38.91365807907122],[-77.1778927612978,38.91125639279405],[-77.1795848272494,38.913204450208845],[-77.18576961572414,38.9097672830001],[-77.18703972411416,38.909962561796334],[-77.1872920088146,38.912364229066654],[-77.19110250251244,38.91294997984951]]],[[[-77.21226507459508,38.9364530315516],[-77.20752123924201,38.93606240375496],[-77.20913128764015,38.93495940413761],[-77.209640399498,38.93301231841597],[-77.20862364322558,38.93353131551916],[-77.20667653680694,38.93086960089691],[-77.20896379595351,38.93054567469018],[-77.20769326979185,38.93035061994516],[-77.2071856857069,38.92892252634384],[-77.20506820102356,38.92859739758792],[-77.20532279243498,38.92762386411091],[-77.20710161197741,38.927559454078],[-77.20744102459695,38.92626140397198],[-77.20828799326912,38.92639144356473],[-77.20854253392535,38.92541790376979],[-77.20769557612122,38.925287865932546],[-77.21049378621592,38.91795408555171],[-77.21167928031556,38.91847362647963],[-77.21006892128808,38.92126423971112],[-77.21193240702934,38.92087524623068],[-77.21260967610557,38.921654287040894],[-77.20930611506213,38.92249728201736],[-77.2103212967352,38.92535344757541],[-77.20921980898493,38.92619696356911],[-77.21006678008376,38.92632699101257],[-77.20896453532383,38.9288580895796],[-77.20930172621176,38.9326227897549],[-77.21158902874788,38.93229881505627],[-77.21268992831061,38.933142863049945],[-77.2138763109297,38.93197479819],[-77.21531593666427,38.933208339016474],[-77.2137908533955,38.933986901369565],[-77.21082613266698,38.93353186855868],[-77.21251959724952,38.93547948225463],[-77.21226507459508,38.9364530315516]],[[-77.2106564410976,38.934180898975455],[-77.21014806023538,38.93444040277066],[-77.21057159417853,38.934505414118554],[-77.2106564410976,38.934180898975455]],[[-77.20735539595645,38.92827350114321],[-77.20684704457197,38.92853299119794],[-77.20727054120981,38.92859801376539],[-77.20735539595645,38.92827350114321]]],[[[-77.22014491172979,38.93158656115474],[-77.219043443495,38.9324301651116],[-77.2179424810644,38.93158617359739],[-77.21870523625715,38.93035307665522],[-77.22014491172979,38.93158656115474]]],[[[-77.21768804452174,38.93255973349867],[-77.2248029975899,38.93567640302588],[-77.22285440744989,38.93639011431947],[-77.22065230001739,38.9347021883536],[-77.21692524898845,38.93379282455817],[-77.21633207208119,38.9343768731112],[-77.21446948796628,38.93139076157465],[-77.21726506256283,38.93080716086605],[-77.21768804452174,38.93255973349867]]],[[[-77.17076108657311,38.93007561350448],[-77.17465737692407,38.93033738335077],[-77.17720120945542,38.92735298731213],[-77.18440149687058,38.92677231068131],[-77.18753689601805,38.92489139275031],[-77.18880727292172,38.92508665383304],[-77.18524843031918,38.926902507627],[-77.18533209423927,38.92826559454971],[-77.1815208455593,38.92767966522643],[-77.17779318124254,38.92845671086723],[-77.17753821888643,38.92943018789972],[-77.17567433062017,38.92981866495416],[-77.1749093238148,38.932739082341755],[-77.17076108657311,38.93007561350448]]],[[[-77.2050615626259,38.94209808877197],[-77.21158495679829,38.94242433649587],[-77.2114152512676,38.94307336875375],[-77.20489179970377,38.94274711207383],[-77.2050615626259,38.94209808877197]]],[[[-77.20454889734336,38.9507955151407],[-77.2017533599995,38.94969124086487],[-77.20209386997922,38.94670561214582],[-77.20116177273675,38.9469000391507],[-77.20099288818068,38.94586146850673],[-77.20625062068366,38.93586733408371],[-77.20752123924201,38.93606240375496],[-77.20726664771918,38.93703594287219],[-77.20302683941217,38.944823589327775],[-77.20446822288937,38.94268208125631],[-77.20480608122122,38.94475921206965],[-77.20412782909808,38.945667714790815],[-77.20243346114225,38.94540757230336],[-77.20217876890523,38.94638110225],[-77.20353445277964,38.94625170310257],[-77.20353272190057,38.949626881827136],[-77.20505741237702,38.95053603369977],[-77.20471616793469,38.955209263108415],[-77.20285264602455,38.95391055899409],[-77.20378482851497,38.95371611908921],[-77.20454889734336,38.9507955151407]]],[[[-77.17836054478005,38.95824943085771],[-77.18226380523006,38.95176059932497],[-77.18090937095066,38.950202176209714],[-77.18142072221625,38.94656761322114],[-77.1823528679035,38.946373334559695],[-77.18294775769596,38.944101859108116],[-77.18421845749315,38.94429716771665],[-77.18489694527007,38.94338877404741],[-77.18608648023229,38.93884579852568],[-77.18481716969306,38.93696292240699],[-77.18668119205005,38.93657430756717],[-77.18676489390582,38.937937395332746],[-77.18947599716964,38.93767891943737],[-77.19023812478505,38.938133583311725],[-77.18676363990139,38.9396249823769],[-77.18735585642132,38.940728662148345],[-77.18608267082216,38.943908561474615],[-77.18303139830618,38.94546495082833],[-77.18184156454038,38.95000790129007],[-77.18506042009491,38.95117772290514],[-77.18836556329383,38.95033537048254],[-77.18844931251041,38.95169845975523],[-77.18353463687707,38.95195591515177],[-77.18175383002769,38.953707577726135],[-77.1802251466993,38.95786091187206],[-77.17836054478005,38.95824943085771]]],[[[-77.21878185249282,38.95702997069521],[-77.21979886455615,38.956510888596654],[-77.22098689667143,38.95027997999664],[-77.22183416897052,38.95040992751023],[-77.22073150190054,38.95462873001512],[-77.22149400214771,38.95508320290913],[-77.2197140323673,38.95683541101702],[-77.21928935979321,38.96014561468687],[-77.21801775953446,38.961638257473545],[-77.21878185249282,38.95702997069521]]],[[[-77.20598631132574,38.95709194042108],[-77.2043765717504,38.956507311020175],[-77.20471616793469,38.955209263108415],[-77.20649486522083,38.95683245285283],[-77.20539203432145,38.95936353052134],[-77.20649327136148,38.96020763675318],[-77.2043723412689,38.96494527342249],[-77.20564591241607,38.960077584283475],[-77.20488345881144,38.95962301366455],[-77.20598631132574,38.95709194042108]]],[[[-77.17251148158579,38.960388290757535],[-77.17429113075544,38.960324351043894],[-77.17496989180913,38.95941600959021],[-77.17361547124834,38.95785750512485],[-77.17412569319441,38.95591055901841],[-77.17285639448332,38.954027555962895],[-77.17480441515694,38.955002219052105],[-77.17539353962658,38.959481141288954],[-77.17666597611417,38.95798893595751],[-77.17836054478005,38.95824943085771],[-77.1741210509682,38.960973333894934],[-77.17360767448777,38.96629546770413],[-77.17377932682814,38.96395889185617],[-77.17174602658169,38.96330870128545],[-77.17251148158579,38.960388290757535]]],[[[-77.21360855158149,38.96838774205394],[-77.21394803854862,38.96708966661899],[-77.21479609849004,38.96553206858076],[-77.21360855158149,38.96838774205394]]],[[[-77.20394777969749,38.966567834338676],[-77.202761557437,38.96604821598659],[-77.20352493095825,38.96481520637738],[-77.20394863573499,38.96488024062306],[-77.20394777969749,38.966567834338676]]],[[[-77.1988593583555,38.97253770586832],[-77.19767307512325,38.972018038410425],[-77.19716539705978,38.970589895300726],[-77.1988593583555,38.97253770586832]]],[[[-77.18199380786359,38.97129760738304],[-77.18021389713752,38.97136165768126],[-77.1800438443719,38.97201064970928],[-77.18173875161072,38.97227109901064],[-77.17970372974187,38.97330863325563],[-77.17996022920877,38.97064755071621],[-77.18174012269375,38.97058350406346],[-77.18199380786359,38.97129760738304]]],[[[-77.18258350672164,38.97577650624461],[-77.1791935350488,38.975255607301726],[-77.17961869918874,38.973633129036024],[-77.18207746186187,38.97266070513815],[-77.18283990958751,38.9731154167682],[-77.18131364269259,38.973893584207275],[-77.18563605969155,38.97422012100882],[-77.18258350672164,38.97577650624461]]],[[[-77.18275085024098,38.978502703021455],[-77.18300725659282,38.9758416121042],[-77.18376974345425,38.97629631823919],[-77.18308959491546,38.97889230675267],[-77.18647976388445,38.979413099552495],[-77.18690228691233,38.98116578941165],[-77.18512213913453,38.98122991020783],[-77.18546219413966,38.97993191025855],[-77.18317327817027,38.98025540533152],[-77.18275085024098,38.978502703021455]]],[[[-77.17995034133384,38.98246072433448],[-77.1799489285182,38.98414832229687],[-77.1778299585617,38.98382272590817],[-77.18046056629407,38.98051374505027],[-77.18224070065868,38.98044969112391],[-77.18122308619738,38.9809684671545],[-77.18130673687601,38.982331567423074],[-77.17995034133384,38.98246072433448]]],[[[-77.19308585720219,38.98785381184148],[-77.1905417282832,38.989150960128164],[-77.19079672592844,38.9881774479083],[-77.19317084431391,38.98752930613313],[-77.1931719505438,38.98584170715879],[-77.18935762303231,38.98525601382939],[-77.19046140406144,38.98272506892534],[-77.18825742586947,38.98272415423216],[-77.18859743193195,38.98142614539689],[-77.19173279848165,38.98292030167114],[-77.1907140539754,38.98512675405216],[-77.19283311953538,38.98545213053527],[-77.19435950566839,38.98467382005493],[-77.19919042991012,38.98642804300327],[-77.20071676851103,38.98564965422529],[-77.20334379071689,38.98740298320029],[-77.20605667810075,38.98714414303949],[-77.20758218626857,38.9880532689601],[-77.20317390677036,38.98805200848988],[-77.19961425666465,38.98649309226194],[-77.19851171925868,38.9873365206147],[-77.19639257342929,38.98701124098897],[-77.19622366384736,38.985972657688514],[-77.19495220404575,38.98577747085511],[-77.19342580110083,38.986555788756675],[-77.19444125315508,38.98941211074444],[-77.19308585720219,38.98785381184148]]],[[[-77.17705707064717,38.99518117915971],[-77.17612578723202,38.993687818585116],[-77.17833009737375,38.99368894871067],[-77.17705707064717,38.99518117915971]]],[[[-77.1710380457855,38.994593769269464],[-77.17171716715991,38.99368544090146],[-77.17332746678447,38.99427049728824],[-77.17443040117593,38.993427291763126],[-77.17595564581686,38.994336807229615],[-77.17536164645709,38.99492066499608],[-77.1710380457855,38.994593769269464]]],[[[-77.17697200272649,38.99550567421711],[-77.18197468910579,38.994923978646824],[-77.18256728310953,38.996027690339346],[-77.17815852104316,38.996025541428686],[-77.17697200272649,38.99550567421711]]],[[[-77.1567030210396,39.0004914868859],[-77.15713271902085,38.99549387680076],[-77.15594635964355,38.99497380867373],[-77.15772686933605,38.994910106221546],[-77.15739205844466,38.991145232017914],[-77.1599349707722,38.99153636249543],[-77.15900408544513,38.99004287434053],[-77.16061420221546,38.99062809531209],[-77.16163209869302,38.99010948750128],[-77.1616339364554,38.988421888226966],[-77.16248154673471,38.98855224181633],[-77.16256303881606,38.99160295596192],[-77.16908735055578,38.99530664197575],[-77.16891547356217,38.9976432225014],[-77.1684081812156,38.996214956186684],[-77.1646803998689,38.99361641362625],[-77.16247609216319,38.99361504110927],[-77.16180052409763,38.991148118473944],[-77.16052906628683,38.99095257886535],[-77.16069747789716,38.99199121147103],[-77.15832292478568,38.99263873251867],[-77.1589983887764,38.995105674654546],[-77.15780624241162,38.999648428258396],[-77.1567030210396,39.0004914868859]],[[-77.15831909535883,38.99601393363198],[-77.1580655563873,38.995299779229704],[-77.15789525010334,38.9959487432721],[-77.15831909535883,38.99601393363198]]],[[[-77.18713487504418,39.010569107881544],[-77.18509885867707,39.01160673680773],[-77.18594550689153,39.01342453646215],[-77.18950618202896,39.014983851337284],[-77.19154223005083,39.013946149569236],[-77.19323815563595,39.0142064435212],[-77.19043918290957,39.01478950988992],[-77.18916603531356,39.01628186955368],[-77.19077697554287,39.01686670168713],[-77.19094356230096,39.02128051313824],[-77.19263853764473,39.023228424189334],[-77.1903494632115,39.02186444515303],[-77.19052187704978,39.0178402183219],[-77.18848692087424,39.0171902966595],[-77.18857317616265,39.01517818578006],[-77.18543648402198,39.013683942051735],[-77.18374192395916,39.0117359357559],[-77.18594805534876,39.010049325264035],[-77.18713487504418,39.010569107881544]]],[[[-77.17185693128346,39.02510094800002],[-77.17363972465195,39.023349408105666],[-77.1697401054174,39.02139999421313],[-77.17016575019211,39.01977753652859],[-77.16821774247981,39.01711518373899],[-77.16677553581522,39.01756868752677],[-77.16524991879935,39.01665905587472],[-77.16406137406528,39.01782667033307],[-77.16388928238423,39.02016325236946],[-77.16236182543395,39.02094119248095],[-77.16303949527806,39.021720515573335],[-77.16099911638568,39.026132968848515],[-77.15803096998647,39.02567666776631],[-77.15641225877474,39.031841849464655],[-77.15700476562142,39.03294568979039],[-77.16048245399944,39.03314271391334],[-77.15886759086236,39.035932710294716],[-77.1588694939418,39.034245098501145],[-77.15768248992511,39.03372504368079],[-77.1557286381091,39.03612532284355],[-77.15369348134313,39.03547482903171],[-77.15428396699915,39.038266295397996],[-77.15513214513939,39.03839670023531],[-77.1535189874188,39.03949901632041],[-77.15309693013657,39.037746196397336],[-77.15097651858633,39.03742013874075],[-77.15072081513378,39.0383935768701],[-77.14554658183623,39.03793535602726],[-77.14470289012174,39.03442966203763],[-77.1461411719613,39.03735163685005],[-77.14919496205123,39.03748374480345],[-77.15123221519259,39.03644670024642],[-77.1532673771414,39.037097234495654],[-77.15267694000389,39.03430576385157],[-77.15428798594803,39.03489107110043],[-77.15615664770336,39.0328152978618],[-77.15633490305348,39.02541589245512],[-77.15743850678545,39.02457283368188],[-77.16023624940355,39.025678119218746],[-77.16057881950229,39.022692569753005],[-77.16236000374003,39.022628800564696],[-77.16083619287939,39.020031506095904],[-77.16117686270833,39.01873356474506],[-77.16321161794428,39.01938393411497],[-77.1644871246013,39.01620423307043],[-77.16592931847926,39.0157507559635],[-77.17008390765773,39.01672681364055],[-77.16915415546286,39.01354578947007],[-77.16779715627003,39.01367481419949],[-77.16610306884806,39.01172656720324],[-77.16797248954725,39.00796301960059],[-77.16424412174082,39.00536445909852],[-77.16475492769254,39.00341753743723],[-77.16738342936534,39.00348402897355],[-77.16806774584167,38.99751291266309],[-77.1699284723982,39.00218735247088],[-77.17374197397208,39.004461247678016],[-77.17492708552219,39.00666875036586],[-77.17713178899919,39.006669901776874],[-77.17789310128323,39.008812250676776],[-77.18052180987215,39.00887846409954],[-77.18119817752367,39.011345291747304],[-77.18280894435507,39.011930226782134],[-77.18212979115226,39.012838618472244],[-77.18085789956721,39.01264328642983],[-77.17984265660088,39.00978684282983],[-77.17738408197509,39.00907162305983],[-77.176537698371,39.00725376631491],[-77.17551966827041,39.007772497760776],[-77.17390905212378,39.00718746855619],[-77.17348669101385,39.0054347273423],[-77.17187614297652,39.00484967198454],[-77.17170754199671,39.00381105244383],[-77.16958803620032,39.00348531434534],[-77.16916580069132,39.001732559471634],[-77.167979253563,39.001212605837196],[-77.1682312254423,39.00361434360834],[-77.1662802608206,39.00432717322268],[-77.16602487848057,39.00530063751977],[-77.16924426468714,39.00815848348873],[-77.1669509587011,39.0118568907542],[-77.16805254429298,39.01270134494096],[-77.17110533918006,39.01283291363152],[-77.17034091218075,39.014065732906275],[-77.17186493745568,39.01666290817887],[-77.17059137597693,39.018155077818996],[-77.171097245301,39.02127094808475],[-77.1738950684441,39.02237592528445],[-77.17363816460313,39.025037017017],[-77.17474002748531,39.025881413701626],[-77.17185693128346,39.02510094800002]]],[[[-77.1822904072791,39.02400287065956],[-77.18288324302026,39.025106586035456],[-77.17423397002544,39.022765555899916],[-77.17398018152244,39.022051430928954],[-77.1822904072791,39.02400287065956]]],[[[-77.17550298730359,39.026336174244506],[-77.17474002748531,39.025881413701626],[-77.17635106433032,39.02646643391579],[-77.1765167974792,39.030880271709016],[-77.17566866868037,39.030750013072996],[-77.1758404069381,39.02841341061704],[-77.17499230812072,39.02828314741593],[-77.17550298730359,39.026336174244506]]],[[[-77.1777038897298,39.03140014626344],[-77.1763435776557,39.03490448780913],[-77.17846402951305,39.03523011224965],[-77.18151641157206,39.03704903784392],[-77.18202424628464,39.038477260144155],[-77.18380579833239,39.03841318317902],[-77.18346544025161,39.03971119086257],[-77.18193914987793,39.03880176090846],[-77.18142855548686,39.04074876464837],[-77.18439484236094,39.04457973639221],[-77.18159187764142,39.04853783736646],[-77.18082864674841,39.048083112512415],[-77.18261313973052,39.044643821872974],[-77.1819364143145,39.04217698821184],[-77.18074911585282,39.04165715316007],[-77.1811760190084,39.03834703895125],[-77.17795482731148,39.0354894881076],[-77.1754954022304,39.03477422790144],[-77.1765167974792,39.030880271709016],[-77.1777038897298,39.03140014626344]]],[[[-77.16344013886645,39.04372463431334],[-77.15869338220092,39.03995690516089],[-77.15886759086236,39.035932710294716],[-77.15928788331003,39.03937312285173],[-77.16208622352464,39.04047836947905],[-77.16344013886645,39.04372463431334]]],[[[-77.1712367945666,39.05268659966023],[-77.16597970792067,39.049178489972824],[-77.16572765250663,39.04677672940687],[-77.16377729455193,39.04580190958443],[-77.16344013886645,39.04372463431334],[-77.16649250165534,39.04554393175938],[-77.1661518010984,39.04684189357064],[-77.16750942226513,39.04671288610071],[-77.16649077522723,39.04723154693375],[-77.16691321049228,39.0489843241905],[-77.1712367945666,39.05268659966023]]],[[[-77.15401217762786,39.052740659471006],[-77.15418466387311,39.05040407821552],[-77.15248803386172,39.050143249269055],[-77.15232371556738,39.045729365038255],[-77.15046090817408,39.042742241387],[-77.15190784556874,39.03891369863677],[-77.15275602699928,39.039044119714504],[-77.15207624511544,39.039952351078156],[-77.15292239774419,39.041770384408956],[-77.15173324456117,39.042937885782095],[-77.15367931667795,39.04728812372143],[-77.15308470581304,39.04787187998129],[-77.15715185234262,39.05254808974093],[-77.15723513403309,39.05391122220095],[-77.15579410383397,39.05267698414083],[-77.15401217762786,39.052740659471006]]],[[[-77.16282933304569,39.05949698766431],[-77.16147146481279,39.059625944272426],[-77.16113431090196,39.05754865772019],[-77.1593522699566,39.05761240970276],[-77.15782783325082,39.05501506279816],[-77.16003212607613,39.05670413573156],[-77.16283295640571,39.0561217506709],[-77.16181414415952,39.05664037400768],[-77.16181230885613,39.05832799239225],[-77.16512083467309,39.059173863558414],[-77.16622138303873,39.06170596022827],[-77.16282933304569,39.05949698766431]]],[[[-77.14991144089963,39.075066257708244],[-77.1506831385352,39.068770684119364],[-77.14975145414918,39.06727710721849],[-77.14881767080684,39.06747114465979],[-77.14822285578137,39.068054879730276],[-77.14661112359978,39.067469490411895],[-77.148225006855,39.066367258636916],[-77.15085576983904,39.066434100841875],[-77.15187892989142,39.06254032596402],[-77.15043781957442,39.061306023892485],[-77.15061044103639,39.058969444074144],[-77.14840415185486,39.05896782166738],[-77.1505272777761,39.0576063059614],[-77.14967888376243,39.05747586924239],[-77.15001992827622,39.05617795021754],[-77.14840844494692,39.05559258544931],[-77.15019044596632,39.05552899046549],[-77.15129665747322,39.052998364813746],[-77.14968523434446,39.0524130169338],[-77.15206181678379,39.05176565469923],[-77.15206387826109,39.050078038413716],[-77.15307859237427,39.05293472843148],[-77.1513777524098,39.05604911884597],[-77.15230932630519,39.057542680562506],[-77.15154203659169,39.060463012316184],[-77.15459280139027,39.063970227419496],[-77.15323483498582,39.06409909411006],[-77.15136528550987,39.06617483469414],[-77.15229698892904,39.06766839919785],[-77.15195180202659,39.0723415715432],[-77.1493976095873,39.07870076654024],[-77.14854897134056,39.07857032161056],[-77.14897755790487,39.07526029662519],[-77.14991144089963,39.075066257708244]]],[[[-77.1428668149395,39.07499599310908],[-77.14771331572219,39.06831413307959],[-77.14915664821105,39.067860846738725],[-77.1492397974987,39.06922398826589],[-77.14737217307105,39.06961204858324],[-77.14719942222388,39.07194862835935],[-77.14371540124878,39.07512647675562],[-77.1428668149395,39.07499599310908]]],[[[-77.17087502217986,39.075923646040245],[-77.16934646804766,39.07670167961702],[-77.17011157074414,39.07546885312398],[-77.17350615184323,39.07599000879428],[-77.17291146541575,39.076573862932136],[-77.17087502217986,39.075923646040245]]],[[[-77.18742295389376,39.08015092840348],[-77.18496322241229,39.077748224936485],[-77.1871700823901,39.077749198118035],[-77.18818656284374,39.08060561534854],[-77.19022329214076,39.08125554909639],[-77.19039233743815,39.08229415732202],[-77.18742295389376,39.08015092840348]]],[[[-77.13385161044258,39.08745103473776],[-77.13104934037506,39.088032769694166],[-77.13274928918716,39.08660626616028],[-77.1348710542127,39.08693263783488],[-77.13504177936319,39.086283695268605],[-77.1368221282796,39.08790791867146],[-77.1376732512551,39.086350816833054],[-77.13945601596075,39.08628737547455],[-77.1399680548798,39.084340528648795],[-77.14455057093576,39.08538270494313],[-77.14650392487606,39.0846702068364],[-77.14752107146643,39.08583933299243],[-77.14735045880916,39.08648829264154],[-77.14531396652416,39.08583765570865],[-77.14463365386612,39.08674585392285],[-77.14140944417083,39.08557495731867],[-77.14064374813998,39.086807609335594],[-77.13767085452253,39.08803844390531],[-77.13860255678826,39.089532117062824],[-77.13385161044258,39.08745103473776]]],[[[-77.16219633983219,39.095520905346525],[-77.16873499170553,39.094161785183296],[-77.17060476503968,39.09208577260951],[-77.17018199014144,39.09033299426201],[-77.17238923212285,39.09033422993203],[-77.17256121666327,39.08799760731915],[-77.17366558259437,39.087154395045545],[-77.17374921374129,39.08851752494778],[-77.17451282504449,39.088972296610585],[-77.1738312910343,39.091568283900266],[-77.17213362933386,39.091307721337074],[-77.16941341284293,39.09494108358616],[-77.16202583552227,39.096169886310584],[-77.16219633983219,39.095520905346525]]],[[[-77.16907253282989,39.09623906501353],[-77.16788444296442,39.09571910193033],[-77.16983784591135,39.09500623573238],[-77.17034585614918,39.09643452064645],[-77.16932487042068,39.09864084036248],[-77.17153075416745,39.10032972277363],[-77.17492650706359,39.10085084207675],[-77.17492497524233,39.102538474349835],[-77.17585913955067,39.102344239453046],[-77.17696071619801,39.10487626115344],[-77.17848833247987,39.105785763178844],[-77.17848688330108,39.10747339708998],[-77.17627912045705,39.10747226969557],[-77.17670512350381,39.105849764642926],[-77.17390715389523,39.10136956883914],[-77.1717847920428,39.10104386270337],[-77.17076704215822,39.0998749318162],[-77.16923798294077,39.10065296753755],[-77.16839073626376,39.09883502601985],[-77.16907253282989,39.09623906501353]]],[[[-77.14138402899596,39.104138882627986],[-77.14342099911754,39.10478958619805],[-77.14435976044939,39.10122032356577],[-77.14257891680114,39.09959620406609],[-77.13926881274772,39.09874972632883],[-77.13791495206061,39.09550316586834],[-77.13901983408758,39.09466026031097],[-77.14275416099971,39.095571988654314],[-77.14233203769659,39.09381911450369],[-77.14598544783564,39.091679964228824],[-77.14708799994357,39.09252461620535],[-77.14598104005086,39.09505522258074],[-77.14513221691648,39.09492475392253],[-77.14487623277971,39.09589819007527],[-77.14572506682693,39.096028660505496],[-77.14385448117223,39.09810430028978],[-77.1437668889193,39.10011640938429],[-77.14588909798432,39.10044259379603],[-77.14529398947923,39.10102631841161],[-77.14656514207934,39.10290964976341],[-77.1513195438104,39.10330261943323],[-77.15140277424824,39.104665768493014],[-77.14936573611115,39.10401519572343],[-77.14766570623293,39.105441931199444],[-77.14520421128978,39.104726062169725],[-77.14503353357935,39.10537502095279],[-77.14384546639852,39.10485482721641],[-77.14401390352994,39.10589350301532],[-77.14223066166038,39.10595700998391],[-77.13900563806864,39.10478604678243],[-77.14138402899596,39.104138882627986]]],[[[-77.16524030733036,39.10746604462969],[-77.16957225619791,39.10610551472712],[-77.16914942462265,39.10435272820673],[-77.17068019314516,39.10188706047163],[-77.16948536664192,39.10811764494853],[-77.16524030733036,39.10746604462969]]],[[[-77.13909336782098,39.10277393925358],[-77.13892027183809,39.10511052194116],[-77.1361197945607,39.10400474044079],[-77.13909336782098,39.10277393925358]]],[[[-77.1361197945607,39.10400474044079],[-77.13492935263783,39.10517209413887],[-77.13416581891578,39.10471707793005],[-77.1361197945607,39.10400474044079]]],[[[-77.12838123814745,39.11159234038044],[-77.12770573081474,39.10912518145491],[-77.13033288743213,39.112567727660796],[-77.13321900889085,39.11334916962377],[-77.12965213712538,39.11347584847527],[-77.12990838722159,39.112502440408974],[-77.12838123814745,39.11159234038044]]],[[[-77.16488693764299,39.12057747227549],[-77.1644641348868,39.1188246648956],[-77.16794595543395,39.119021483174],[-77.16956066034285,39.11791896363144],[-77.17117369691552,39.11850406079282],[-77.170237671133,39.120385899131726],[-77.16879342645515,39.12083943481825],[-77.16972618950567,39.12233288399203],[-77.16488693764299,39.12057747227549]]],[[[-77.15562972434456,39.12050656180653],[-77.15206460367017,39.11894624589474],[-77.15147147035378,39.117842364681074],[-77.14917805710428,39.11816524055306],[-77.14748203206982,39.116216703068595],[-77.1428975286855,39.11517462870943],[-77.14188004573127,39.11400545819046],[-77.13763249165473,39.11504055030897],[-77.13602223823956,39.112767382934656],[-77.13780565272458,39.11270396493508],[-77.13916219219213,39.11426290123019],[-77.14052345274303,39.11244655162709],[-77.1430705207137,39.11283803594556],[-77.14434182236944,39.114721394319496],[-77.14867245325532,39.115049226684356],[-77.15036848296367,39.11699774748605],[-77.15664947660912,39.11998798300507],[-77.157411372524,39.12213050089915],[-77.15647690440672,39.12232459790994],[-77.15562972434456,39.12050656180653]]],[[[-77.16072461580309,39.1212888605608],[-77.16131976630902,39.12070505979132],[-77.16030190935389,39.11953603878448],[-77.16217074839494,39.119147780472304],[-77.16344445475283,39.119343307665474],[-77.1633591805932,39.119667800511955],[-77.16488693764299,39.12057747227549],[-77.16548029718648,39.1216812900761],[-77.16191123802992,39.123496533603266],[-77.16148849009474,39.12174371509831],[-77.16004416378962,39.12219714928329],[-77.16080618302252,39.12433964730921],[-77.15876660108813,39.12537686567054],[-77.1591078020435,39.12407890519612],[-77.15681617892199,39.12271428312545],[-77.15783595371244,39.122195694368166],[-77.15919689592262,39.120379137530485],[-77.16072461580309,39.1212888605608]]],[[[-77.15603655433885,39.13576052784186],[-77.14975210423053,39.134457894413835],[-77.14873209951364,39.134976418139914],[-77.14881959623877,39.132964291837496],[-77.14559326702702,39.13179349334425],[-77.14355325848769,39.13283046371142],[-77.14117626401126,39.13179003103287],[-77.13871156594979,39.132761671487636],[-77.13862854153754,39.131398506438074],[-77.13667627477524,39.13042324575704],[-77.13395778835843,39.13068057587204],[-77.13301813491269,39.13424978052457],[-77.13080955896906,39.134247845662316],[-77.12919390276193,39.13534986545658],[-77.12842747452137,39.136582454091524],[-77.13004059409903,39.137168086982264],[-77.13003801829456,39.13885573055998],[-77.12663815580343,39.140021025097234],[-77.12621083356515,39.1416433693253],[-77.12875884853219,39.14203514911527],[-77.12943469782877,39.14450231845518],[-77.12832894606565,39.14534514706301],[-77.12450676317053,39.14475744420604],[-77.12407936543113,39.14637978267802],[-77.12577814216546,39.146641004362586],[-77.12662487963607,39.14845925331952],[-77.12526259615895,39.15027546382218],[-77.13078397532094,39.151124297676134],[-77.13222400884139,39.15404649788182],[-77.13528022777284,39.155866600441904],[-77.14224957507194,39.15457412693193],[-77.14156857993741,39.1554823206554],[-77.13638363016251,39.156711358099855],[-77.13315644618378,39.15554023130359],[-77.13154035172924,39.15664228638546],[-77.13153781009977,39.1583299367447],[-77.13068571158348,39.15988701870508],[-77.13086431785783,39.15417512231976],[-77.12865774429905,39.15248550035408],[-77.12356100942027,39.15170188277092],[-77.123392758628,39.15066316980594],[-77.1249233622287,39.14988569036899],[-77.12263706370825,39.145145138390134],[-77.12399931660434,39.14332895855273],[-77.12739673896317,39.14385138059779],[-77.12519324841453,39.14047405610821],[-77.12562058650664,39.138851715761376],[-77.12800021249562,39.13820480333637],[-77.12825657200206,39.13723139390181],[-77.12545501836935,39.13612536518612],[-77.12656066309697,39.13528256370527],[-77.12868382257304,39.135609044095204],[-77.13013118494975,39.133468330660584],[-77.12834986873148,39.131843997100724],[-77.12970914605746,39.131715400733206],[-77.1310709701707,39.12989914838095],[-77.12818421411032,39.12911765400058],[-77.1289531683859,39.12619742886774],[-77.12708397047695,39.12658518844062],[-77.12470741637874,39.12554444229869],[-77.12317732346285,39.12632191525248],[-77.12360462331537,39.12469958643778],[-77.12785031601786,39.12535261055068],[-77.12895576895001,39.124509789591485],[-77.12819468753032,39.1223670964353],[-77.12564468825332,39.123662944999126],[-77.12258731752114,39.123530255874144],[-77.12607191734897,39.12204060856048],[-77.12632824564517,39.121067206242046],[-77.12471551359666,39.12048152708489],[-77.12497185456886,39.11950812786131],[-77.12649912735897,39.12041827117318],[-77.1278686965785,39.11353914952944],[-77.12651241300937,39.11198009024764],[-77.12651506976906,39.11029245572642],[-77.1274494631163,39.11009858434398],[-77.1279541220812,39.113214681433554],[-77.13033031929106,39.114255363007686],[-77.13007406866515,39.115228772275664],[-77.13194042755902,39.116528604754734],[-77.13049089143753,39.12035696941085],[-77.1309128831955,39.12210989272751],[-77.13218655728416,39.12230574021598],[-77.13175692782313,39.12561573688435],[-77.13294524803192,39.126136048249364],[-77.13192524021426,39.126654433263724],[-77.13217645493141,39.12905629802929],[-77.13336483444378,39.12957660574123],[-77.13642490650913,39.128021389429755],[-77.13752789914754,39.128866132145525],[-77.13906025784081,39.12640084212104],[-77.13820630956981,39.129645606080175],[-77.1394777793097,39.13152902043217],[-77.14380939054396,39.131857023285455],[-77.1471232351983,39.13101574375036],[-77.14848031674792,39.132574584010264],[-77.15136742857267,39.133355607776274],[-77.15119673865154,39.13400457866818],[-77.16156087557127,39.13323270706363],[-77.16291830846058,39.134791390450346],[-77.16461695366564,39.13505208107501],[-77.16351175422385,39.13589522076998],[-77.16249364906497,39.1347262141713],[-77.15816178235521,39.13439886190971],[-77.15799115070271,39.13504784226127],[-77.15688782615126,39.134203280017],[-77.15612188011782,39.13543603897909],[-77.15739585588591,39.13563162876611],[-77.1570545700469,39.136929587540635],[-77.15493124449256,39.13660359140441],[-77.15603655433885,39.13576052784186]],[[-77.13361859929347,39.130290827683616],[-77.13310857043008,39.130550024206],[-77.1335331790126,39.13061530076348],[-77.13361859929347,39.130290827683616]]],[[[-77.1567966437334,39.13959070054631],[-77.16206349611879,39.139723968041416],[-77.16138288809528,39.14063226744],[-77.15747536118744,39.14037007103021],[-77.15883283980592,39.1419288012567],[-77.15891625557478,39.143291955688035],[-77.15798151913378,39.14348606483117],[-77.15798344562666,39.14179841916103],[-77.1550125855082,39.13965439128773],[-77.15535392065388,39.13835643740172],[-77.15280384464549,39.139652847009664],[-77.15144653799605,39.13809405170663],[-77.1527225964275,39.136602045683674],[-77.15493124449256,39.13660359140441],[-77.15476057878719,39.13725256761176],[-77.1577332653962,39.137708956197095],[-77.1567966437334,39.13959070054631]]],[[[-77.14889212608071,39.142765671099966],[-77.14957927569623,39.13679450647663],[-77.14652130842693,39.13666240547898],[-77.14728743037392,39.13542970534497],[-77.14567421034707,39.13484429636186],[-77.14873209951364,39.134976418139914],[-77.15025999538673,39.13588627238082],[-77.15042649430174,39.13861258970989],[-77.15178378874627,39.140171396308475],[-77.14982476144421,39.14425927609643],[-77.14889212608071,39.142765671099966]]],[[[-77.1597637837899,39.14510997770975],[-77.15832090060489,39.14387574759664],[-77.15891625557478,39.143291955688035],[-77.16019037670755,39.14348751716171],[-77.16010318241698,39.14549965574146],[-77.16239558648547,39.146864223486624],[-77.16213965068611,39.14783770513702],[-77.15950781888796,39.146083453594684],[-77.1597637837899,39.14510997770975]]],[[[-77.14649718254431,39.15522651836883],[-77.14581623442895,39.15613473546656],[-77.14284286826843,39.15567806031778],[-77.14208105023833,39.153535438646415],[-77.14310136320734,39.15301696750384],[-77.14326990143533,39.1540556542954],[-77.14530828904797,39.15470633343555],[-77.14726350080605,39.15399381369999],[-77.14743210085146,39.155032495062],[-77.15032009453552,39.15581354673483],[-77.1515923368714,39.157696847275126],[-77.14649718254431,39.15522651836883]]],[[[-77.16840437264501,38.82979335278669],[-77.17144790408604,38.831612474279716],[-77.17170100496654,38.83232658598014],[-77.16781165319777,38.83037716183912],[-77.16552735348978,38.83070032519755],[-77.16409059397454,38.829466221977704],[-77.16840437264501,38.82979335278669]],[[-77.16612009385256,38.830116527057136],[-77.16578213097998,38.82972688446003],[-77.16569720590573,38.83005136475301],[-77.16612009385256,38.830116527057136]]],[[[-77.15215903191424,38.83302810163251],[-77.14953880250432,38.83127372484687],[-77.14640863520454,38.83146609631836],[-77.14429872192882,38.82776480596431],[-77.14556949630737,38.82627294414919],[-77.1519122963336,38.82725125761722],[-77.15233310681779,38.82900403080294],[-77.15368669677056,38.82887517828496],[-77.15554614738474,38.830174600518646],[-77.15579908753898,38.83088874459588],[-77.15410755927857,38.83062794573948],[-77.15402057125408,38.832639982562284],[-77.15283688369381,38.83211989583618],[-77.15215903191424,38.83302810163251]],[[-77.15182731242624,38.82757572831238],[-77.15131946552182,38.82783498758059],[-77.15174232776258,38.82790019896012],[-77.15182731242624,38.82757572831238]]],[[[-77.1920805377879,38.84356509823133],[-77.1900480793573,38.846290352221715],[-77.18920207383027,38.8461601893456],[-77.19047341636202,38.842980296868404],[-77.1920805377879,38.84356509823133]]],[[[-77.16847253088413,38.84634452891808],[-77.1701661118183,38.84491756473867],[-77.18759368508596,38.847262918082016],[-77.18920207383027,38.8461601893456],[-77.18852454458646,38.84706859547352],[-77.1897935680081,38.8472638445817],[-77.19072326087412,38.84875707336176],[-77.19368440841968,38.849212581929685],[-77.19452938466273,38.85103028261773],[-77.19698279731062,38.85174514747543],[-77.19757345231528,38.85453633530941],[-77.19977355485437,38.85453708459041],[-77.19977260345365,38.85622465399575],[-77.19495029408112,38.85447048436732],[-77.19622049720809,38.85297809873207],[-77.19283725061076,38.85077001215933],[-77.19139619754499,38.85459892922734],[-77.18995735047407,38.85505269202425],[-77.19071977820542,38.85381977901902],[-77.19004337332575,38.8530406251861],[-77.19249904919661,38.85038044160936],[-77.1886930226489,38.84810717014317],[-77.18420834190529,38.84842973261494],[-77.17879415399187,38.847258821435396],[-77.17557847592961,38.84777642026549],[-77.17024939965384,38.84628064809021],[-77.16779474163877,38.847252821669656],[-77.16508867858518,38.84582325340487],[-77.16568154541736,38.845239456413815],[-77.16847253088413,38.84634452891808]]],[[[-77.14571309138668,38.84587479239016],[-77.14393845481831,38.84425075453184],[-77.14487161421029,38.84236919361292],[-77.14529234268295,38.844121993547844],[-77.14884387917382,38.8456824381903],[-77.1500319638561,38.84282743033521],[-77.15206171025643,38.84347796670428],[-77.15299465011174,38.841596344759566],[-77.15485441284245,38.84289577914836],[-77.15485242181796,38.84458334583537],[-77.15865911195885,38.8451700887661],[-77.16018292579255,38.844392213004944],[-77.16229776436967,38.844718104728805],[-77.16288883952845,38.84582188820466],[-77.16508867858518,38.84582325340487],[-77.16432590104027,38.847056007536764],[-77.15992802228821,38.84536564375664],[-77.15831920835161,38.84646799227161],[-77.15417447926278,38.845491563882526],[-77.15417648600473,38.8438039970386],[-77.15282261974122,38.84393285511395],[-77.15011277208657,38.84587809372875],[-77.15290150967844,38.848671084470176],[-77.15459345228732,38.848931900304],[-77.15289743680202,38.85204622024808],[-77.15171344214146,38.85152612168809],[-77.15315448810244,38.8493852353766],[-77.15070158493505,38.84866950285313],[-77.15095662318869,38.84769609073627],[-77.14875672791065,38.847694474583044],[-77.14901178872158,38.84672106657519],[-77.14545798949165,38.84684819351493],[-77.14410181129408,38.848664523608846],[-77.14571309138668,38.84587479239016]]],[[[-77.14367883544463,38.84859928599657],[-77.14376163221695,38.84996238765813],[-77.14232258034151,38.85041559696595],[-77.14249268526171,38.84976666697774],[-77.14367883544463,38.84859928599657]]],[[[-77.15535047515226,38.8527619095626],[-77.15298040987143,38.85340931626683],[-77.15289743680202,38.85204622024808],[-77.15535047515226,38.8527619095626]]],[[[-77.19678970304402,38.89120832255025],[-77.19044306909366,38.88685714837358],[-77.1887501176089,38.88659682100375],[-77.18756407110459,38.887764638582134],[-77.18485611564867,38.88633549541289],[-77.18527805986417,38.888088168338534],[-77.18265370482898,38.88802205680078],[-77.18367133574537,38.88581570020843],[-77.182571487441,38.884971399873706],[-77.18130182665112,38.88477607592484],[-77.17969246593758,38.8858787070364],[-77.18054171007292,38.882633785522714],[-77.17969529957196,38.88250355717721],[-77.17902017868877,38.88003676630442],[-77.17775061339938,38.87984140609524],[-77.17690572162249,38.87802358492605],[-77.17597443572325,38.8782178209211],[-77.17750462529482,38.87068943784064],[-77.17522062516528,38.869325209371155],[-77.17556033437887,38.86802725614148],[-77.17310658382029,38.86731196573642],[-77.17141575646151,38.86536383098833],[-77.16946687044056,38.86776426839502],[-77.1695501713075,38.86912735575301],[-77.16777274490339,38.86919122671377],[-77.16861730647457,38.87100910822472],[-77.16624676564628,38.871656770072164],[-77.16667333167638,38.86834678699964],[-77.16845073844976,38.868282931814576],[-77.16972337222283,38.86510324441553],[-77.17056956282946,38.86523354059021],[-77.17074107455691,38.86289700003587],[-77.16930359210191,38.861662952918095],[-77.1658340616253,38.8614661807051],[-77.16566587840249,38.86042757341472],[-77.1643966904693,38.860232076865756],[-77.16447988790902,38.861595166439535],[-77.16354877881211,38.86178930868741],[-77.16397362933786,38.860166908461416],[-77.16160523503915,38.85912691080813],[-77.15974681595641,38.85614000616458],[-77.15467246273985,38.853670131160335],[-77.15687253848178,38.85367164226339],[-77.16143895641765,38.8564007287268],[-77.16262128809802,38.858608304072156],[-77.1667668761779,38.85958445127201],[-77.16820427469261,38.86081852752395],[-77.17133564490679,38.86062560458906],[-77.17226354161744,38.86380654469539],[-77.17615479638816,38.865755836222725],[-77.17733772556389,38.86796327349035],[-77.1773391965887,38.86627570202852],[-77.18013257070153,38.865692943126135],[-77.18131699825173,38.86621277090737],[-77.17818396298702,38.86809351771046],[-77.18046658134624,38.87114526349214],[-77.17885607302297,38.87393545461794],[-77.18689738508742,38.873484870806266],[-77.18935147882314,38.87419988864332],[-77.18384907863339,38.87504126598256],[-77.1796174677469,38.874390180006614],[-77.17775207510218,38.87815383225127],[-77.18020623633326,38.878869031583775],[-77.18088138654885,38.881335815647176],[-77.18443419173194,38.88458282142814],[-77.18612708100197,38.884843207682216],[-77.186718842627,38.88594688256834],[-77.19154417948887,38.886013803448996],[-77.19856764104634,38.89114403521938],[-77.19678970304402,38.89120832255025]]],[[[-77.1466723812716,38.889233165026944],[-77.14574527801315,38.886052023758324],[-77.1465960358689,38.882807334974736],[-77.14465032262945,38.88183223838028],[-77.14236202584047,38.88384255055138],[-77.14218726922319,38.8878666325017],[-77.14184687300936,38.88916449726096],[-77.14100045587554,38.88903400457368],[-77.1399884978068,38.886177285692675],[-77.1423643072109,38.88215497642418],[-77.14041866802116,38.881179813476756],[-77.1410971140488,38.88027166697749],[-77.13534322639192,38.878709139662604],[-77.13534567014311,38.87702156671666],[-77.13238627004996,38.87487708988715],[-77.13264415080887,38.87221614063806],[-77.13146250646412,38.870008275866596],[-77.12757222046615,38.868057580126276],[-77.12494863955797,38.867990247006134],[-77.1235969878291,38.866431215407594],[-77.1318881191526,38.86838598420116],[-77.1340836933454,38.87176304261723],[-77.13441675157755,38.87552791775038],[-77.13686799041156,38.87793154772416],[-77.1406762777718,38.87851884551471],[-77.14312782368805,38.88092235253912],[-77.15159122726443,38.88222687288003],[-77.1524355362105,38.88404486748375],[-77.14778050228965,38.88332748433821],[-77.14844817443455,38.89085717224874],[-77.1466723812716,38.889233165026944]]],[[[-77.16833890924671,38.8956086053393],[-77.1661375668408,38.89560729783456],[-77.16707081068506,38.89372555840445],[-77.16580103891104,38.893530075463545],[-77.16639601325664,38.89125869538397],[-77.16402835347498,38.88853116436529],[-77.16462157631507,38.88794736953935],[-77.16259047898302,38.887297035601144],[-77.16208407886974,38.88586876554201],[-77.15903851496442,38.884049402698984],[-77.15726071535906,38.8841131229988],[-77.15725296914533,38.890863424235135],[-77.1556450840684,38.89027816784002],[-77.15615727500429,38.886643738053145],[-77.15497269487874,38.88612366853269],[-77.15607420465827,38.88528063884309],[-77.15235048839324,38.88436934062359],[-77.15379014845801,38.88391601303668],[-77.15582501226763,38.881191342240705],[-77.15811093781006,38.88086835596641],[-77.16030996913541,38.88255738017139],[-77.16217273038393,38.88216913640203],[-77.16140952302787,38.88340187777242],[-77.16656944098276,38.88723457775205],[-77.16589124763317,38.88814286442678],[-77.16792239800388,38.88879314434494],[-77.16944702526442,38.88801515068087],[-77.16647928353267,38.89262178867528],[-77.17054025173047,38.895609873753145],[-77.17053862261939,38.8972974511365],[-77.16833890924671,38.8956086053393]]],[[[-77.13691458155574,38.904608297043104],[-77.13564470107531,38.90441250494338],[-77.13581985878771,38.90038842388986],[-77.13708726545212,38.902271791998174],[-77.13666157056697,38.90389410826334],[-77.13902870488569,38.9066221671974],[-77.13691217322656,38.90629587581303],[-77.13691458155574,38.904608297043104]]],[[[-77.14504242226025,38.905523542794214],[-77.1464803592048,38.90675787793621],[-77.1478354043653,38.906629088204305],[-77.14537841361926,38.9076008246406],[-77.14427420463707,38.91013134138824],[-77.1435977737404,38.90935192875388],[-77.14504242226025,38.905523542794214]]],[[[-77.14528887812536,38.911300453568735],[-77.14325277900183,38.91402496171979],[-77.1459609473662,38.91545501870234],[-77.14612678144204,38.91818124133278],[-77.14469085345718,38.91525931898446],[-77.14223581498477,38.91454341314138],[-77.14325504067955,38.91233738113495],[-77.14037677631593,38.91155619775805],[-77.14105550580281,38.910648048017606],[-77.13953244945746,38.909738114717975],[-77.13852026133063,38.90688137637411],[-77.14012837528574,38.90746685612213],[-77.14207013482557,38.9118171866166],[-77.14384862389358,38.91175368397459],[-77.14469753833652,38.91019657745116],[-77.14528887812536,38.911300453568735]]],[[[-77.15577180124379,38.92675597061124],[-77.15806107625676,38.92474539979484],[-77.15670376173313,38.92656188522211],[-77.15687002328829,38.92928809752833],[-77.15577180124379,38.92675597061124]]],[[[-77.16330520354543,38.93162894649137],[-77.17076271126203,38.9283880288662],[-77.16949397922305,38.926504998665735],[-77.17228972639859,38.92592241217507],[-77.17093274487353,38.92773905360142],[-77.17186307839214,38.92923243871712],[-77.17059267461984,38.9290370039551],[-77.16779510083879,38.93130713731561],[-77.16652467179038,38.93111166082827],[-77.16347351754952,38.932667566301745],[-77.16330520354543,38.93162894649137]]],[[[-77.13949956971656,38.93336426831174],[-77.1419666766485,38.9256423084896],[-77.14349235260497,38.92486463040205],[-77.14612678144204,38.91818124133278],[-77.1469735464985,38.91831169950121],[-77.14059964944312,38.934208956073526],[-77.13949956971656,38.93336426831174]]],[[[-77.1306121012224,38.92861846213429],[-77.12967746811839,38.93049993553749],[-77.12925402984676,38.93043464801578],[-77.12993564483473,38.92783897305618],[-77.1306121012224,38.92861846213429]]],[[[-77.12950447951737,38.932836438999],[-77.13763537796662,38.933752173872655],[-77.13924172292273,38.93602525270514],[-77.14245927562398,38.93719617722814],[-77.14305760178094,38.93323731087828],[-77.14568355024946,38.93330426112846],[-77.14703691619893,38.93486306502839],[-77.14797115674675,38.93298145971197],[-77.14932456566828,38.93454023858042],[-77.15195056687874,38.93460705615697],[-77.15322304907443,38.93311509655037],[-77.15644265463713,38.93259807249705],[-77.15720840054644,38.929677769123884],[-77.1583937051515,38.930197820210395],[-77.15822163870253,38.93253436352188],[-77.16101770753939,38.93195203066924],[-77.16186282840489,38.93376997276146],[-77.16398027038277,38.93409583938631],[-77.16415037777085,38.93344687291529],[-77.16482725248034,38.93422617591853],[-77.16321654935396,38.935328600195014],[-77.16304823286418,38.9342899796556],[-77.15771308254746,38.93279365229648],[-77.15796447904538,38.93519538648108],[-77.15999499678075,38.93753338649857],[-77.158047641725,38.93655849330287],[-77.1571194389639,38.933377417470844],[-77.15440838116851,38.93363518596979],[-77.1522038345445,38.9353212166486],[-77.14796900373017,38.93466904506502],[-77.14771362090325,38.93564246156615],[-77.1448343874895,38.93486137922861],[-77.14220381027415,38.93816958272368],[-77.1386479049128,38.93660892971778],[-77.1374650335568,38.93440110397996],[-77.13450077392508,38.933944246851055],[-77.13390693488404,38.934527900997566],[-77.12730201255648,38.93283444186198],[-77.12561088941396,38.9308856661475],[-77.12848975937641,38.93166719429349],[-77.12950447951737,38.932836438999]]],[[[-77.12459625897547,38.929716389900385],[-77.1257813312371,38.93023675263886],[-77.12442310919495,38.932052886020635],[-77.12349371266762,38.93055914465108],[-77.12459625897547,38.929716389900385]]],[[[-77.13983553141259,38.93544157289674],[-77.14102311983278,38.934274204892716],[-77.14110596431014,38.9356373228784],[-77.13983553141259,38.93544157289674]]],[[[-77.1569278695056,38.95258983939171],[-77.15887563841643,38.953564752372166],[-77.15887373758868,38.95525234279941],[-77.15675765299832,38.95323879770303],[-77.1569278695056,38.95258983939171]]],[[[-77.15777120141964,38.95609540524264],[-77.16260479029408,38.952788272602696],[-77.16217936869796,38.954410687572725],[-77.16031475887802,38.95479893515487],[-77.15759905377121,38.9584319562232],[-77.15777120141964,38.95609540524264]]],[[[-77.13690579157148,38.97009968891349],[-77.13487264934128,38.96944889355322],[-77.13699100842622,38.96977522260414],[-77.13877328554526,38.968024198634666],[-77.13894133362768,38.96906285710481],[-77.13690579157148,38.97009968891349]]],[[[-77.14469798191554,38.97400042550711],[-77.1437676335817,38.97250682710776],[-77.14478539664123,38.971988358891835],[-77.14469798191554,38.97400042550711]]],[[[-77.14969944773861,38.97342003258852],[-77.14978249929077,38.974783152469506],[-77.15181592385161,38.975433704050616],[-77.15164560832763,38.97608265753121],[-77.14927361783207,38.97504240821621],[-77.14876686851434,38.973614066637694],[-77.14969944773861,38.97342003258852]]],[[[-77.11994535935236,38.97592600255438],[-77.1219015337198,38.971838715350025],[-77.1249552186138,38.970283823975315],[-77.12876824233567,38.97087149505603],[-77.13385733251025,38.96827968664596],[-77.13504309889488,38.968799963747145],[-77.13487264934128,38.96944889355322],[-77.13411053980784,38.968993887518366],[-77.1312275907951,38.96990007921446],[-77.12851247566351,38.97184487707066],[-77.12614095400805,38.97080418629692],[-77.12495253079489,38.9719714179182],[-77.12266359670697,38.97229379655767],[-77.12266085567371,38.97398139095846],[-77.121813486499,38.97385076574174],[-77.12070745290754,38.976381096054524],[-77.12189325727378,38.9769014994409],[-77.1215520826557,38.978199324322624],[-77.11994535935236,38.97592600255438]]],[[[-77.15299989754563,38.97764140600472],[-77.15164560832763,38.97608265753121],[-77.15605119442948,38.97777334408581],[-77.15655811568554,38.97920165681221],[-77.15554231439461,38.97803262565464],[-77.15299989754563,38.97764140600472]]],[[[-77.14232387349888,38.9746476386966],[-77.14164226195763,38.97724339916771],[-77.14028589097849,38.977372122481064],[-77.14232387349888,38.9746476386966]]],[[[-77.12149394800848,39.01363893088105],[-77.12574115253695,39.00922920012333],[-77.12591444368393,39.00689267530447],[-77.12413632105537,39.005268318490536],[-77.1249014385412,39.00403578557305],[-77.11964729054547,39.00221334580127],[-77.12032712460568,39.001305297630026],[-77.12778581914375,39.00312973606365],[-77.12940373172675,38.998652557587675],[-77.13161072573475,38.9969669164011],[-77.12635426394922,38.996832363042266],[-77.12144186126868,38.99371215984378],[-77.11652411180656,38.993966962197305],[-77.11805434106806,38.9915019901269],[-77.11898440440375,38.99299578559047],[-77.12169779940506,38.9927387891485],[-77.12618633142263,38.99579368312114],[-77.13678195753285,38.9974257147647],[-77.13746153298499,38.996517573465184],[-77.13975116358118,38.99619492067244],[-77.14111251427579,38.992691002272714],[-77.1402672275089,38.9908729031175],[-77.14416217764877,38.99451083306825],[-77.14688208023573,38.98919048715915],[-77.14832384837779,38.98873721649379],[-77.14832599476428,38.98704961779189],[-77.15248280888278,38.984651063282634],[-77.15239969548388,38.98328794316532],[-77.1534175478256,38.98276940330799],[-77.15545122805366,38.98341989611407],[-77.15706311331627,38.98231756495841],[-77.15579379553374,38.98043437998111],[-77.15876008254764,38.98089073126059],[-77.15732047245724,38.97965652566768],[-77.15952435724355,38.97965798973883],[-77.15994623243517,38.98141077136318],[-77.15808091885222,38.98179898693403],[-77.1590968135032,38.982967997983444],[-77.15867113724637,38.98459040820354],[-77.15994247889577,38.98478596665153],[-77.16087331623056,38.98627944655324],[-77.15951681085939,38.98640838022543],[-77.16002386030327,38.987836680683834],[-77.15900408544513,38.99004287434053],[-77.15841763462265,38.98387625578821],[-77.15646906049517,38.98290133122085],[-77.1562136220997,38.983874772061796],[-77.15367099752073,38.98348356581376],[-77.15205697530908,38.98627345123406],[-77.14908838229654,38.98750453776098],[-77.14526323606867,38.99535548707905],[-77.14195784328848,38.99450909618801],[-77.14034312732032,38.997298834046916],[-77.13720579246404,38.997490977227564],[-77.13695004509961,38.99846438061262],[-77.13177873841293,38.99800558917433],[-77.129230572275,39.00098908419814],[-77.12965184124721,39.00274197453622],[-77.12854824673124,39.00358478333662],[-77.1264289410099,39.00325830844765],[-77.12633300972571,39.010333182592085],[-77.12429613304982,39.01136981420881],[-77.12369886157647,39.0136410311605],[-77.12149394800848,39.01363893088105]]],[[[-77.13185389584392,39.004431532503],[-77.12973455061956,39.0041051140003],[-77.12965184124721,39.00274197453622],[-77.13168586725162,39.00339285877157],[-77.13185389584392,39.004431532503]]],[[[-77.14752464840615,39.01697153615026],[-77.14973812148286,39.01022275170985],[-77.15194499526784,39.00853674592961],[-77.15610881692498,39.00107525307905],[-77.15746560181843,39.00094635635592],[-77.1540685967162,39.0054875776311],[-77.15236685531161,39.01028956125939],[-77.15033035094531,39.01132661992692],[-77.1485408646583,39.01814064011838],[-77.14752464840615,39.01697153615026]]],[[[-77.09809100866157,39.012056433104284],[-77.10038456218571,39.01004690190515],[-77.10258615801743,39.01173698090911],[-77.10479101334755,39.01173941695394],[-77.10402547407548,39.01297182743509],[-77.10004284834727,39.01134467436443],[-77.09919179755464,39.01290149803797],[-77.09809100866157,39.012056433104284]]],[[[-77.14183586588244,39.02183523196858],[-77.14251788841368,39.019239452141484],[-77.14378979228086,39.01943517712494],[-77.14404552184475,39.01846175635952],[-77.14599708347585,39.0177492745435],[-77.14769293455578,39.01801019071418],[-77.14293958333758,39.02099230255682],[-77.14336129858843,39.0227451520477],[-77.14047866361648,39.02196395830294],[-77.14013760926971,39.02326184352979],[-77.13835639009537,39.02332529397266],[-77.13920672443706,39.021768199322004],[-77.14183586588244,39.02183523196858]]],[[[-77.10359520891355,39.0162816613379],[-77.1005423922,39.0161484327296],[-77.09995087916563,39.01504432631494],[-77.10385146529397,39.0153083239418],[-77.10529087350612,39.016543156518445],[-77.10562624235065,39.018620579723965],[-77.1046961257029,39.017126678053486],[-77.1030004496449,39.01686517472594],[-77.10359520891355,39.0162816613379]]],[[[-77.11207365378792,39.01758890578663],[-77.11182049371362,39.01687465453956],[-77.1146201759957,39.016293360407026],[-77.11410793766187,39.018240079576884],[-77.11114040792604,39.01778265840723],[-77.10927084783633,39.01985774889423],[-77.10774590228516,39.01894741053788],[-77.10706574624741,39.01985539239721],[-77.10528458176083,39.019918368424825],[-77.10562624235065,39.018620579723965],[-77.10952704086124,39.01888439921521],[-77.11080186762875,39.01739285600773],[-77.11207365378792,39.01758890578663]]],[[[-77.11399312298894,39.03544061889132],[-77.11366334183843,39.02998799259137],[-77.11129013661036,39.028947008428375],[-77.10755962557829,39.0280343457668],[-77.10679396168914,39.02926677663216],[-77.10569283673863,39.02842177681522],[-77.1077304561625,39.02738544749502],[-77.11069835630168,39.02784295088156],[-77.11171413236158,39.02901235825946],[-77.11391951175935,39.02901463221114],[-77.11544183496292,39.03161250599124],[-77.11450255288469,39.03518150532601],[-77.11636657884607,39.03648155254098],[-77.11399312298894,39.03544061889132]]],[[[-77.10169640927792,39.03354510991363],[-77.10059853410331,39.03101245463129],[-77.10136432136737,39.02978006160355],[-77.10271532650641,39.03302698174925],[-77.10245578019841,39.035687930231575],[-77.10355697756391,39.036532959785724],[-77.10287660472473,39.03744092137326],[-77.10101279537544,39.03614067150237],[-77.10169640927792,39.03354510991363]]],[[[-77.13297515957491,39.048829666898556],[-77.13000883592656,39.04668507938159],[-77.12390056379245,39.04641984451197],[-77.12627717983285,39.04577297625369],[-77.12746415584456,39.04629333226972],[-77.12856841120195,39.045450527116344],[-77.13272419567589,39.0464278396555],[-77.13263635764515,39.048439921993925],[-77.13475700830789,39.04876629336385],[-77.13679478352789,39.04772948362115],[-77.13764543673922,39.04617239321949],[-77.1367996148938,39.04435425446434],[-77.13815962562828,39.04253795402173],[-77.13663384277005,39.04162796700415],[-77.13544932410419,39.039420086157754],[-77.13672156195236,39.0396158842052],[-77.13748202845574,39.041758492443726],[-77.13909311719618,39.04234399752959],[-77.14011189115686,39.04182556182471],[-77.140964723024,39.03858083755907],[-77.138337356578,39.03682617409268],[-77.1377474947868,39.03403463263757],[-77.13562726032195,39.03370831314787],[-77.1350350717812,39.03260437072188],[-77.13757931360846,39.03299596182692],[-77.13960955681759,39.03702194247201],[-77.1452077632875,39.03754564614418],[-77.1458001465135,39.03864954098498],[-77.14554436943799,39.039622968660474],[-77.1438480219925,39.03936202219724],[-77.14359221627623,39.04033544597113],[-77.14181058185704,39.04039894614607],[-77.14129890172426,39.04234578528278],[-77.1428247580301,39.04325571510702],[-77.14256892491473,39.04422913742463],[-77.141211305922,39.04435787225596],[-77.13934663385749,39.04305819619998],[-77.13781843337587,39.043835837391015],[-77.13798186675216,39.04824973930873],[-77.13569058892426,39.048572362234104],[-77.13458390154526,39.0511028469272],[-77.13237785149168,39.05110093992274],[-77.13305798369264,39.050192814636034],[-77.13433040361988,39.0503886375411],[-77.13458636871742,39.04941523115549],[-77.13297515957491,39.048829666898556]]],[[[-77.13483740445146,39.05181705588518],[-77.13500067476795,39.056230967866824],[-77.13364779651502,39.052984386133176],[-77.13458390154526,39.0511028469272],[-77.13577102403025,39.05162312404787],[-77.13483740445146,39.05181705588518]]],[[[-77.12728027385928,39.05538033920871],[-77.13237785149168,39.05110093992274],[-77.13008388723688,39.05311107591409],[-77.12948645364169,39.05538233673719],[-77.12728027385928,39.05538033920871]]],[[[-77.13448129125926,39.06324064094224],[-77.13354751902105,39.063434563484414],[-77.13261625513886,39.061940859553374],[-77.13108758566848,39.06271842051019],[-77.13099968264709,39.0647305074651],[-77.13015124054121,39.06459993723376],[-77.12955888349325,39.06349596276649],[-77.13049522973249,39.06161445087782],[-77.1287984231231,39.0613532978811],[-77.12896914240926,39.060704366677754],[-77.13227739402286,39.06155111277025],[-77.13253342591895,39.060577708701324],[-77.13338182535604,39.0607082625724],[-77.13287479111398,39.059279836050635],[-77.13508354530094,39.057594116023225],[-77.13482509617819,39.060255143325335],[-77.13363534994986,39.06142247519323],[-77.1344837612257,39.06155302155933],[-77.13448129125926,39.06324064094224]]],[[[-77.11435549944576,39.07094590052694],[-77.11427594184252,39.067895114462075],[-77.11750465883458,39.0656914700846],[-77.11758721202442,39.06705463218499],[-77.11546319320063,39.06841558718467],[-77.11622333432648,39.07055833638477],[-77.11367493936363,39.07185392675208],[-77.11308277346954,39.070749872309705],[-77.11435549944576,39.07094590052694]]],[[[-77.11825344376965,39.074584692582306],[-77.11460594096036,39.07334777529001],[-77.11231376818242,39.073669968468764],[-77.11061976992646,39.07172094466199],[-77.11044886092884,39.072369851924016],[-77.1096858250979,39.07191468816433],[-77.10976519441837,39.07496547938636],[-77.10832147527236,39.07541830870585],[-77.10654206933489,39.07379368086559],[-77.10611468791049,39.075415935311874],[-77.10780865147323,39.07736502184326],[-77.1093256595241,39.083338242037556],[-77.11051312773719,39.083858763525406],[-77.11119383975617,39.082950752621535],[-77.11127629416815,39.08431392320114],[-77.1137367632902,39.08503046120696],[-77.11483298535803,39.08925065154322],[-77.11712276440605,39.09061603841398],[-77.11644205466844,39.091524083085815],[-77.11822211617607,39.09314857448081],[-77.11754139645106,39.09405662560513],[-77.1194924291733,39.09503217976793],[-77.1199966422084,39.098148300152545],[-77.11914500218735,39.09970528436683],[-77.12041545375885,39.10158888256058],[-77.1254258970786,39.101009455536875],[-77.12558870611454,39.105423419701026],[-77.12660580665607,39.106592721581706],[-77.12872812783112,39.10691919936356],[-77.13246799236849,39.10445597297517],[-77.13416581891578,39.10471707793005],[-77.13144574358671,39.1066619847755],[-77.1281328283838,39.107502842539084],[-77.12652038291812,39.106917188335615],[-77.1273666759418,39.10873541786618],[-77.1241417686463,39.107564068459745],[-77.12533510707527,39.10470918485336],[-77.12432076078183,39.10185224126662],[-77.12092253830511,39.103017371052914],[-77.11786604505605,39.10288456636906],[-77.1198201312099,39.10217248533346],[-77.11812526699424,39.10022355351805],[-77.11855536732673,39.09691362026943],[-77.1167752061253,39.09528913249391],[-77.11720246642187,39.09366683541893],[-77.11364244320251,39.09041779811226],[-77.11313855630237,39.08730165648795],[-77.11110536141499,39.08496283286451],[-77.10932260453788,39.08502586754396],[-77.10881587357045,39.08359733658082],[-77.10737197701525,39.08405015558843],[-77.10651711149045,39.08729467532468],[-77.10422446290293,39.08761672011941],[-77.10311608507011,39.09014694217727],[-77.1009088505611,39.09014447633411],[-77.0999779153589,39.08865052056873],[-77.09564907810997,39.08832099388929],[-77.09496473283394,39.090916547530014],[-77.09403049954335,39.091110174051856],[-77.09445144179081,39.09286321111571],[-77.0926684766515,39.09292600699882],[-77.09181631225836,39.09448280238324],[-77.09079994117882,39.093313218654394],[-77.0891845885319,39.09441470981013],[-77.08748716456931,39.0941529910832],[-77.08782949211837,39.09285523437768],[-77.08944131352645,39.09344138878577],[-77.09317838562968,39.09266697824259],[-77.09539583305595,39.0876067003136],[-77.09938582070222,39.08754639745639],[-77.1027772506654,39.08975711294793],[-77.10397113600824,39.086902444112916],[-77.10575394356576,39.08683948617363],[-77.10678603525449,39.0795708195828],[-77.10339815101472,39.075672594672206],[-77.10102035362712,39.07631902860594],[-77.1022108675195,39.075152005988784],[-77.10399338835418,39.075089073437454],[-77.10510150600692,39.07255885058009],[-77.1066306604102,39.07178160799465],[-77.10790338704894,39.07197770233316],[-77.10764698512268,39.072951057607476],[-77.10858094870392,39.072757329392424],[-77.108245245601,39.07067989474503],[-77.10137855104367,39.06658313307221],[-77.09874782854124,39.0665152433131],[-77.09858343310519,39.06378889467504],[-77.09485129349788,39.062875844794675],[-77.09476917142699,39.06151266864702],[-77.09222761331618,39.0594325809008],[-77.09095514862952,39.05923632645257],[-77.08883085972603,39.06059682424699],[-77.0878863446304,39.065853259193275],[-77.08584736391293,39.06688926980108],[-77.0859293247287,39.06825245315251],[-77.08889522765499,39.07039810122612],[-77.08711280882,39.07046081715321],[-77.08516648569677,39.06779713918524],[-77.08389389364253,39.06760081212422],[-77.08015427982936,39.07006256006056],[-77.0807385034977,39.07454201366311],[-77.08277410069262,39.07519370719757],[-77.0812372056899,39.07934590209419],[-77.08318735597706,39.08032202335301],[-77.07979322182602,39.079798400322424],[-77.07980070265273,39.0764231546996],[-77.08082037711604,39.075905202272445],[-77.07946580530226,39.07434564101168],[-77.0801468160779,39.07343780179115],[-77.07895973567517,39.07291699118853],[-77.0796444830255,39.070321534306196],[-77.0783718616897,39.07012515060096],[-77.07735225086913,39.07064308239313],[-77.07794387307925,39.07174730701067],[-77.0753947542618,39.0730421124952],[-77.07216051662085,39.07693228729526],[-77.07096554556608,39.079786645140395],[-77.0686729764666,39.08010803367676],[-77.06985215762704,39.084004190846464],[-77.0714636376733,39.08459057739618],[-77.07128841037111,39.086927057311286],[-77.07298560717136,39.08718899688923],[-77.0727286838478,39.08816228277169],[-77.06933425887082,39.08763837334062],[-77.07078241389696,39.08549837088623],[-77.06908526452573,39.08523640130562],[-77.06841602041806,39.081081309366965],[-77.06697596058464,39.07984603555309],[-77.06926852892403,39.079524678337776],[-77.06969675697951,39.07790254951536],[-77.07105512892954,39.07777459557218],[-77.0732697705691,39.07440234758915],[-77.07353052368663,39.07174144213664],[-77.07556981608097,39.070705632746716],[-77.07675683607367,39.07122647552375],[-77.07667504394028,39.069863285396906],[-77.08092082516522,39.068830284730424],[-77.08177292216355,39.067273571408],[-77.0855087305509,39.06649939516492],[-77.08738373218911,39.06273702726243],[-77.08671007038551,39.060269668214126],[-77.09010684265563,39.059105482917396],[-77.09121519998945,39.056575391172],[-77.0889305070455,39.053521919647366],[-77.08986777622853,39.051640717427425],[-77.0883424069996,39.05073013589118],[-77.08919413294095,39.04917337667477],[-77.08877710079953,39.04573272206999],[-77.08547368287148,39.04319720740248],[-77.08674942931184,39.04170590508826],[-77.08224867600153,39.04371239780058],[-77.08164612953327,39.0476710380253],[-77.07994608867128,39.04909683239622],[-77.07553411410508,39.04909103868148],[-77.07579086179923,39.04811775385056],[-77.0782497560374,39.048834989669146],[-77.08079797526123,39.04754013119575],[-77.0809765133796,39.043516041691596],[-77.0774167709069,39.041953608077485],[-77.08063801499611,39.04312615538507],[-77.08335341616036,39.04286999506435],[-77.08658553984976,39.038979552451906],[-77.08489303944957,39.03703018990012],[-77.08141537111159,39.036831049097515],[-77.08116244520464,39.03611673308489],[-77.08285849162569,39.03637853546685],[-77.08269108909177,39.03533979008973],[-77.07938835550729,39.032804118090645],[-77.08108431827868,39.03306594455219],[-77.08312241847348,39.032030018218535],[-77.08507132514941,39.03300610175934],[-77.08735164851512,39.03774724417901],[-77.08904423151984,39.03969657346562],[-77.09074038981595,39.039958268375834],[-77.08955026807175,39.041125173829776],[-77.0914925706244,39.04547638370777],[-77.09777160605525,39.04509432560275],[-77.09810689174518,39.04717177911377],[-77.10327828903425,39.04931959143132],[-77.10336055688255,39.05068275901866],[-77.1019205055298,39.04944789693636],[-77.10047724426265,39.049900633058876],[-77.10073366088538,39.048927296571485],[-77.09708774343954,39.04768987072451],[-77.09700559658941,39.04632669969563],[-77.09208420279785,39.0465805360676],[-77.09284342655911,39.04872341993824],[-77.09122909561356,39.049824928755754],[-77.09096906890944,39.05248586090716],[-77.092066932895,39.05501861066441],[-77.09435520602536,39.056384408425004],[-77.09367453245818,39.057292322726724],[-77.09485807340266,39.05950060862413],[-77.09833355395602,39.06138699178491],[-77.101559230929,39.06087138217429],[-77.10164147961304,39.06223455367476],[-77.10316725684906,39.06314497375195],[-77.10486401313746,39.06340647686689],[-77.10605425383436,39.062239420149226],[-77.10817518766058,39.06256624608965],[-77.10520273589945,39.063796298529134],[-77.10393015979987,39.06360017681962],[-77.1035882575001,39.064897970880935],[-77.10486085539877,39.06509409613773],[-77.10528190818556,39.066847088139916],[-77.10867255162302,39.069057634365755],[-77.10934704045523,39.07152487815458],[-77.1129118887459,39.0713987828449],[-77.11214585877524,39.07263125603155],[-77.11672723740524,39.07367445589884],[-77.11936105727534,39.072054342826206],[-77.12385710682342,39.07342173946102],[-77.12360091347311,39.074395127895805],[-77.11952906846841,39.07309304540218],[-77.11825344376965,39.074584692582306]],[[-77.08674942931184,39.04170590508826],[-77.08725900017215,39.04144690300083],[-77.08683495390457,39.04138146954174],[-77.08674942931184,39.04170590508826]]],[[[-77.12460404876701,39.084002561708665],[-77.12400347575795,39.087961435614886],[-77.12731291049224,39.08880831811786],[-77.12977627009872,39.087836911848335],[-77.13104934037506,39.088032769694166],[-77.13087857545918,39.08868170698709],[-77.12934932481654,39.08945925035581],[-77.12773726994811,39.08887361393688],[-77.12663234503826,39.089716418284766],[-77.1251911246533,39.08848181730169],[-77.12035240464485,39.0884123108728],[-77.12111846178392,39.08717978352431],[-77.1233256068685,39.08718189047893],[-77.12375539314058,39.083871947345926],[-77.12460404876701,39.084002561708665]]],[[[-77.11720821094397,39.0902915791228],[-77.11797434122829,39.08905907072166],[-77.1188230470444,39.08918972468555],[-77.11797148687691,39.09074669823071],[-77.11720821094397,39.0902915791228]]],[[[-77.09379791015813,39.122136443620775],[-77.0943046146181,39.123565046334136],[-77.0962594881318,39.122853332814884],[-77.09837552588672,39.126555606438565],[-77.09184303181956,39.12284811834083],[-77.088190007514,39.12329805183091],[-77.08887136824089,39.12239015637037],[-77.09379791015813,39.122136443620775]]],[[[-77.08504709232479,39.123488881107164],[-77.08411605601191,39.12199479698567],[-77.08742657615103,39.12284274700838],[-77.0881043925116,39.123622493218946],[-77.08504709232479,39.123488881107164]]],[[[-77.07993042574084,39.132829314505976],[-77.08070135956437,39.129909385955784],[-77.082995447563,39.12958777244391],[-77.08503260795746,39.13023943584623],[-77.0878368749616,39.12965873371473],[-77.09046637948994,39.13141449536055],[-77.0927639135769,39.129405061575106],[-77.09539690865407,39.12947307881398],[-77.09649944599934,39.13031818559605],[-77.09888235122631,39.12798419174806],[-77.09837552588672,39.126555606438565],[-77.10024487623305,39.12616827840758],[-77.09982360111373,39.124415249699375],[-77.10347980196812,39.12227733641334],[-77.10441758155454,39.120396000371564],[-77.09924109001649,39.118248207120644],[-77.10000782004414,39.11701580289347],[-77.10170582339548,39.1172773517825],[-77.10137011116826,39.1151998811486],[-77.10281466434029,39.11474712918663],[-77.10154443906147,39.1128633463748],[-77.10468685111435,39.11267210053729],[-77.10460448817115,39.11130891826205],[-77.10222875599328,39.11026774566535],[-77.09900089027971,39.110783377360946],[-77.0961152390654,39.11000114153541],[-77.09483848546816,39.111492558651555],[-77.0900873571971,39.10940979498793],[-77.08974499197076,39.110707562010546],[-77.08796158477755,39.11077029059323],[-77.08863929423136,39.11155003204559],[-77.08770477871165,39.11174361178372],[-77.08787242902274,39.112782364847185],[-77.08413426546853,39.11355661882522],[-77.08269329453712,39.112321519569775],[-77.08566450725439,39.11277962828484],[-77.08779393783523,39.10973153805508],[-77.09085414922852,39.10817744932981],[-77.0929729200066,39.1101921706312],[-77.09467073852142,39.11045381524384],[-77.09586191384642,39.10928684596928],[-77.09874753395793,39.1100690875668],[-77.10282749319364,39.10799659302458],[-77.10358767577608,39.110139435350334],[-77.10443660199954,39.110270188073216],[-77.10443977155818,39.10858255462766],[-77.10681548031145,39.109623684635594],[-77.10749647998395,39.108715689561286],[-77.10588417400879,39.10812976758384],[-77.1061407237199,39.107156409540906],[-77.11047073091962,39.10748557196586],[-77.11081271070087,39.1061877487078],[-77.10920043408444,39.105601870022895],[-77.10971951315395,39.10027987852944],[-77.11116070464784,39.101514661645645],[-77.11064777271581,39.10346139599296],[-77.11200355675905,39.10502062575443],[-77.11344784124168,39.104567751146554],[-77.11327984420632,39.10352903425228],[-77.11463861840991,39.10340060331483],[-77.1147270213504,39.101388513580666],[-77.11642471242335,39.10164986067024],[-77.11811956429364,39.10359881620119],[-77.11684337499155,39.10509045740839],[-77.11845570189065,39.105676236913894],[-77.11828478300366,39.10632515906616],[-77.11616252613227,39.10599850304298],[-77.115057206475,39.10684120722161],[-77.11428789848482,39.109761335321544],[-77.1154758341923,39.11028181199656],[-77.11564387824635,39.11132052727382],[-77.10978673469806,39.110081216633695],[-77.10978064375882,39.1134564853232],[-77.10740786784702,39.11072777698067],[-77.10528553127901,39.11040093500277],[-77.10536475783958,39.113451751096235],[-77.10443026244042,39.113645456618954],[-77.10383152879139,39.115916619467576],[-77.10255804324818,39.11572048179769],[-77.10246928576247,39.117732568434924],[-77.10102467106258,39.11818531664806],[-77.1051842464208,39.11916356370678],[-77.1050924026111,39.12286329118776],[-77.10704404194628,39.123839046164946],[-77.10644842957291,39.12442258742053],[-77.10347660950525,39.123964974350464],[-77.10075499158259,39.12590921690688],[-77.09896462567202,39.129347382282596],[-77.09981049012953,39.13116580732196],[-77.10150882362366,39.13142735963598],[-77.10057082622414,39.13330867786404],[-77.10167348201489,39.13415373942339],[-77.10124563657565,39.13577599589934],[-77.10412918938842,39.13824575938836],[-77.10387250287059,39.1392191192595],[-77.10514640408513,39.13941524438129],[-77.10471860523492,39.14103751452924],[-77.10624607697146,39.14194791050353],[-77.1070067159047,39.144090746365336],[-77.1070891611365,39.145453935952695],[-77.10428443810284,39.14603507405362],[-77.10402772612818,39.14700843579014],[-77.1052161977049,39.14752901436008],[-77.10367905498484,39.15168154511028],[-77.10656644437557,39.15246361188055],[-77.10622417069877,39.15376143545315],[-77.10435414175096,39.15414885553179],[-77.1040974020196,39.155122219041466],[-77.10393260504446,39.152395830802945],[-77.1022337723031,39.15213431046947],[-77.1016411255985,39.15103018432665],[-77.10342870475229,39.149279611871385],[-77.10309279525467,39.14720213256111],[-77.10462671002907,39.14473725788268],[-77.10386931879007,39.140906762932744],[-77.10276653489576,39.140061719688816],[-77.09851359077386,39.142783125010936],[-77.09698619842405,39.14187263392497],[-77.10081126187357,39.140773537953635],[-77.10319437160845,39.13843945657642],[-77.10260182206831,39.137335338101686],[-77.10047872947011,39.13700841235538],[-77.10039641792095,39.13564522072823],[-77.09853013244523,39.13434490989944],[-77.09913247767828,39.130386123756466],[-77.09743417709392,39.13012453904516],[-77.09726301282734,39.13077343539006],[-77.09344184849316,39.13018477970715],[-77.09071972882698,39.132128805030085],[-77.08367327930033,39.130367543852294],[-77.08299177874116,39.131275412267875],[-77.08120786061757,39.13133804422974],[-77.08103283403555,39.13367455896633],[-77.07805701193392,39.134903978568495],[-77.078656708206,39.132632931382666],[-77.07993042574084,39.132829314505976]],[[-77.11029670304765,39.10982211680946],[-77.11012873891889,39.108783394607634],[-77.10885536142573,39.10858732170789],[-77.10910881196783,39.10930159069537],[-77.11029670304765,39.10982211680946]]],[[[-77.08134209752845,39.14756559727477],[-77.08253409593061,39.14639874708101],[-77.08508204184915,39.146791421958554],[-77.08533539186956,39.14750574482307],[-77.08967122552244,39.14614798879863],[-77.09061316361709,39.14257910342596],[-77.0885756069372,39.141927529815604],[-77.0872981370807,39.14341887895864],[-77.08602421385795,39.143222570872645],[-77.08747298554245,39.141082350808176],[-77.0917193109598,39.141736610640564],[-77.09256513829187,39.143555089501824],[-77.09579787843855,39.141351977326586],[-77.09698619842405,39.14187263392497],[-77.09621915462905,39.143105025637894],[-77.09128772174526,39.14504648011378],[-77.08864355107626,39.15004131313713],[-77.08779418826977,39.1499104515371],[-77.0874587232188,39.147832929766096],[-77.0855030908603,39.14854450850362],[-77.08321207965838,39.14717852365713],[-77.08244474601167,39.14841083175073],[-77.07963971159467,39.14899141448976],[-77.07853708695005,39.14814615504849],[-77.08134209752845,39.14756559727477]]],[[[-77.1317835499949,38.82515816080154],[-77.13051506681707,38.82496231795899],[-77.12992465077079,38.82385838253696],[-77.13161593547142,38.824119511474194],[-77.1317835499949,38.82515816080154]]],[[[-77.13262920923188,38.82528871548086],[-77.13271177299092,38.82665182110312],[-77.13127564867808,38.82541733780975],[-77.13262920923188,38.82528871548086]]],[[[-77.12272862440516,38.827811015231795],[-77.12611930448317,38.823270758006025],[-77.12781056192871,38.82353193889524],[-77.1268772033953,38.82541336749556],[-77.12272862440516,38.827811015231795]]],[[[-77.1223057886478,38.82774570479491],[-77.12272862440516,38.827811015231795],[-77.12255839482232,38.82845991653104],[-77.12103451269046,38.829237328091494],[-77.12052932975449,38.8278088978252],[-77.1223057886478,38.82774570479491]]],[[[-77.13490367637105,38.83171641327588],[-77.13219883489037,38.83028612903993],[-77.13321718654637,38.82808020149333],[-77.13271177299092,38.82665182110312],[-77.13372509950953,38.82782101645101],[-77.13363755242634,38.82983303831837],[-77.13651010359006,38.83230193477088],[-77.13625250508446,38.83496288011623],[-77.13490367637105,38.83171641327588]]],[[[-77.13642021058337,38.83600152435074],[-77.13929309900006,38.83847035788124],[-77.13895288188687,38.83976820727538],[-77.13768412526677,38.839572437560584],[-77.13844727494369,38.83833984852293],[-77.13607995385193,38.837299365509125],[-77.13642021058337,38.83600152435074]]],[[[-77.1342182000858,38.83768721512552],[-77.13430080759251,38.83905032147569],[-77.13150808825384,38.839632045409964],[-77.13396297337509,38.83866059170421],[-77.1342182000858,38.83768721512552]]],[[[-77.1408973963555,38.84074338860569],[-77.13895288188687,38.83976820727538],[-77.14259138680906,38.83931680233638],[-77.1426741527088,38.840679903336934],[-77.14436587327491,38.840940858619376],[-77.1408973963555,38.84074338860569]]],[[[-77.13150808825384,38.839632045409964],[-77.12989897121194,38.840734024101664],[-77.12888034240754,38.84293992734385],[-77.12913823815903,38.84027899505721],[-77.13150808825384,38.839632045409964]]],[[[-77.11871046238977,38.85318554650489],[-77.12040517612849,38.85175926172941],[-77.12057269446942,38.85279792931525],[-77.12268759965401,38.853124497533095],[-77.1204875412857,38.85312237938539],[-77.11743866919116,38.85467713701429],[-77.11591707713825,38.853766919837035],[-77.11871046238977,38.85318554650489]]],[[[-77.11125833545124,38.85642330354606],[-77.11277992477922,38.85733357821098],[-77.11269176408486,38.85934559171636],[-77.11108793693757,38.85707219109832],[-77.11125833545124,38.85642330354606]]],[[[-77.14839308832624,38.867555613859246],[-77.14349071010727,38.862748767923115],[-77.13883712436164,38.86203105067723],[-77.1329195101012,38.857742201182255],[-77.12851911415771,38.85773828920174],[-77.12673928738697,38.85948914052671],[-77.12555535852232,38.85896879156244],[-77.12919749025126,38.85683021034521],[-77.1346115917355,38.85800329017444],[-77.13605084135037,38.85755017004837],[-77.13757037219607,38.86014770964353],[-77.13968556675736,38.86047398796861],[-77.14027642723867,38.8615778812583],[-77.14492999822144,38.86229554441174],[-77.14670291595476,38.86560714191107],[-77.14864822350042,38.86658220440397],[-77.14839308832624,38.867555613859246]]],[[[-77.12445389345163,38.85981154736633],[-77.12191301307323,38.86110726623522],[-77.12106695746273,38.8609766378712],[-77.1228469568056,38.85922586773191],[-77.12445389345163,38.85981154736633]]],[[[-77.11971271377445,38.861105134328675],[-77.11835562877592,38.86292118543691],[-77.11539439603226,38.862463875785245],[-77.1143808819526,38.86129452603675],[-77.11818811876252,38.8618825136585],[-77.11971271377445,38.861105134328675]]],[[[-77.11953957043836,38.86344160343101],[-77.11911371176596,38.86506385173518],[-77.11826761524408,38.86493320419737],[-77.11835562877592,38.86292118543691],[-77.11953957043836,38.86344160343101]]],[[[-77.12038286223613,38.86525981221337],[-77.1234293950536,38.865392550294224],[-77.1235969878291,38.866431215407594],[-77.12038286223613,38.86525981221337]]],[[[-77.11707505950534,38.86947548507986],[-77.12046524223311,38.86662293198645],[-77.11986903760476,38.868894084583054],[-77.11919043298826,38.86980211362532],[-77.11792120662315,38.869606140829774],[-77.11588235510337,38.874017756907946],[-77.11707505950534,38.86947548507986]]],[[[-77.12103366320672,38.88122749341549],[-77.12619927037869,38.87999915178897],[-77.11975862324762,38.88440668644292],[-77.12161888583388,38.88570662616324],[-77.12170131207249,38.88706974844703],[-77.12500159547287,38.887916666033625],[-77.12516926247096,38.888955331825144],[-77.12178374139525,38.88843287090463],[-77.12195411799533,38.887783966237265],[-77.11924744937687,38.88635339003575],[-77.12001140088843,38.88512090796184],[-77.11848630655516,38.88589829318038],[-77.11790127494665,38.88141914553998],[-77.1162087094702,38.88115782762223],[-77.1173986510955,38.87830312126334],[-77.11630545358383,38.87408308961184],[-77.11748956194516,38.87460352787509],[-77.11866236732712,38.881874245739375],[-77.11984661913066,38.88239466196961],[-77.12103366320672,38.88122749341549]],[[-77.11984661913066,38.88239466196961],[-77.12060773385024,38.8828497502769],[-77.12069292123876,38.88252529899614],[-77.11984661913066,38.88239466196961]]],[[[-77.1135669781543,38.891215698841954],[-77.11136876937555,38.889525843717536],[-77.11339947135596,38.890177017073675],[-77.1135669781543,38.891215698841954]]],[[[-77.12005462203643,38.910110107637706],[-77.11988417629105,38.91075901153146],[-77.11683575244905,38.91062618552217],[-77.11742953340631,38.910042614989756],[-77.12005462203643,38.910110107637706]]],[[[-77.11683575244905,38.91062618552217],[-77.11310827173055,38.911401284984485],[-77.11455163680691,38.90926083238758],[-77.11471920392185,38.91029951511891],[-77.11683575244905,38.91062618552217]]],[[[-77.12486537155574,38.92030510799334],[-77.12325709684875,38.91971942929897],[-77.12334231556007,38.91939497467325],[-77.12596774675936,38.919462342215766],[-77.12486537155574,38.92030510799334]]],[[[-77.11985053033933,38.9310099935829],[-77.11875073965156,38.93016512217888],[-77.1215442676343,38.9312712634394],[-77.11985053033933,38.9310099935829]]],[[[-77.0936401625956,38.948571525177435],[-77.09364357537852,38.946883937761],[-77.0955937112986,38.9461722559997],[-77.09602056846617,38.94455007165934],[-77.09483547599307,38.94402942354043],[-77.09551507619055,38.94312151919588],[-77.0980526679162,38.94520150118811],[-77.1032200111135,38.94566169399248],[-77.10254048329186,38.94656964087226],[-77.09839080426158,38.94559133404564],[-77.09822008236036,38.946240211271196],[-77.09652608057931,38.94597862235073],[-77.09550833758243,38.94649669273617],[-77.09507807807859,38.94980646351348],[-77.09118103331504,38.94954219298432],[-77.09083943941444,38.950839928140574],[-77.08812749730544,38.95109624842981],[-77.09008129543307,38.948697065203994],[-77.0936401625956,38.948571525177435]]],[[[-77.10485412638431,38.97798742432831],[-77.10206227773566,38.975193305046965],[-77.10206549646901,38.973505710833415],[-77.09969429897536,38.97246451441905],[-77.09993738157837,38.97824156891709],[-77.09841012125425,38.97901871703412],[-77.09722445035855,38.97849808911351],[-77.09918196988214,38.97441115858628],[-77.09808838506238,38.97019091169035],[-77.09944469671196,38.97006264972235],[-77.10012774589705,38.96746712406252],[-77.10191085321583,38.96571663028291],[-77.10513226495395,38.9652009358842],[-77.1036085162858,38.96429055447749],[-77.10479715634055,38.96312352862357],[-77.10284985629092,38.9621477654193],[-77.1037855891696,38.960266485844286],[-77.1015822930228,38.96026403197843],[-77.10065300503962,38.9587701135348],[-77.09870258107581,38.95948187611563],[-77.09751057908365,38.96233643383296],[-77.0930150302833,38.96434329113531],[-77.09284078430692,38.966679754542945],[-77.09199355370151,38.966548925856024],[-77.09199700550552,38.964861334088454],[-77.09378024452438,38.963110957826984],[-77.09081509021041,38.962653054818965],[-77.0902241594559,38.96154891123112],[-77.09479823212892,38.9625929003769],[-77.09666339064071,38.96220563711465],[-77.09641392356693,38.95980376996698],[-77.09912944700976,38.9578596779814],[-77.09930018805619,38.95721079842363],[-77.09726774218991,38.956559388209044],[-77.09837098588535,38.95571686355098],[-77.10006195658437,38.95766601743266],[-77.10209445835318,38.95831738197726],[-77.10226196063891,38.9593560885599],[-77.10692451306161,38.95838759785349],[-77.10938982747624,38.954041437217825],[-77.11151062274783,38.95268061126857],[-77.11169022505709,38.94696895023651],[-77.11482837162386,38.94508986587124],[-77.11330492262411,38.94417960618262],[-77.11262553440811,38.94508760811107],[-77.11008449891314,38.944695511203385],[-77.1073697590377,38.94663983928161],[-77.1032200111135,38.94566169399248],[-77.1083051758044,38.94475852982063],[-77.10839663169857,38.941058911131236],[-77.10433251531347,38.93975635850985],[-77.10374156540838,38.938652282926554],[-77.10018646118527,38.93709052730269],[-77.10035714411018,38.93644164820278],[-77.10297997280101,38.93819708774107],[-77.10475914017249,38.938134145566785],[-77.1048413101183,38.93949728840487],[-77.10704397795502,38.93949968439594],[-77.10729682213977,38.940213936991086],[-77.11034646736884,38.94034699804012],[-77.10992602417015,38.93859405856133],[-77.11170519523124,38.938531016750446],[-77.11196106956383,38.93755767407086],[-77.1144165862404,38.93827418151735],[-77.11399017573225,38.93989642770052],[-77.11483713570458,38.94002710569455],[-77.11517825114701,38.93872930648307],[-77.11661633752797,38.93996399342689],[-77.11585175309649,38.94119646344099],[-77.11415780534445,38.94093511548511],[-77.11432837276715,38.94028621681907],[-77.11331083602887,38.94080443283592],[-77.11212866484533,38.93859636425867],[-77.11246386975378,38.94067374440593],[-77.11101982055071,38.94281418178882],[-77.11398429389418,38.9432716006496],[-77.11609890560476,38.94528587225199],[-77.11567249151548,38.94690812581609],[-77.11355489341005,38.946581433933936],[-77.11287251890076,38.94917702559616],[-77.11371663733351,38.95099529990628],[-77.10887788732435,38.95598811612119],[-77.10845124961465,38.957610347345685],[-77.1121781626591,38.9585229732219],[-77.11276940184857,38.959627011733026],[-77.10794234105298,38.95786943292603],[-77.10615957101336,38.959620011360904],[-77.10437987968595,38.95968297381171],[-77.10378241090208,38.96195407678668],[-77.10539146207446,38.96254001150166],[-77.10555588383468,38.965266306082306],[-77.10691209055231,38.96513796258932],[-77.10724726880622,38.96721536475508],[-77.10928010154645,38.967866612499414],[-77.10893874436726,38.96916440093485],[-77.1083474858098,38.96806034262067],[-77.10555274639599,38.966953898310905],[-77.10537889666676,38.96929038020823],[-77.10444941550635,38.96779648821586],[-77.1027548896187,38.96753498354151],[-77.10173688952827,38.968053106647275],[-77.10156291467105,38.970389583578346],[-77.09876489396352,38.970970579141884],[-77.09977968449297,38.972140073574174],[-77.10249236969848,38.97188349776893],[-77.10341867560976,38.975064999547705],[-77.10604297018125,38.97682038415472],[-77.10620744861566,38.979546683689954],[-77.10756082884342,38.98110592866343],[-77.10552764164768,38.980454651453506],[-77.10485412638431,38.97798742432831]]],[[[-77.08826294453954,38.967323284459766],[-77.0858813651675,38.971344602399796],[-77.08410136963357,38.97140727408703],[-77.08580670539114,38.966606256285964],[-77.08775744636479,38.9658946956891],[-77.09199355370151,38.966548925856024],[-77.09089007199097,38.96739139513741],[-77.08928103032989,38.96680527195434],[-77.08826294453954,38.967323284459766]],[[-77.08826294453954,38.967323284459766],[-77.0879247614794,38.96693342277093],[-77.08783932922547,38.96725785520453],[-77.08826294453954,38.967323284459766]]],[[[-77.09252263785898,38.99802979261318],[-77.09269696913537,38.99569331847159],[-77.0942246405125,38.99491623865912],[-77.0972765547503,38.995049622152905],[-77.09761824139892,38.99375186067823],[-77.09982255153044,38.993754384941155],[-77.09659649147092,38.99595754316978],[-77.09447755143286,38.99563052325071],[-77.09090594827177,39.00081888858708],[-77.0910803381526,38.99848241568639],[-77.09252263785898,38.99802979261318]]],[[[-77.0917328186377,39.0110753388633],[-77.09377356366981,39.0083516384004],[-77.09759497865764,39.00556506555739],[-77.09802545342909,39.00225525818174],[-77.09938564508761,39.000439395087625],[-77.10023328366692,39.00057017398059],[-77.09887311072107,39.0023860463998],[-77.09878109337488,39.006085692136296],[-77.09563990092101,39.00796438780461],[-77.09452904304031,39.01218210198761],[-77.0917328186377,39.0110753388633]]],[[[-77.06938003594088,39.032271436044546],[-77.06505469374447,39.0319408470786],[-77.06743135960191,39.03129510640919],[-77.06888643080754,39.025779932497905],[-77.06981989177677,39.025586497212885],[-77.07092055690606,39.026431814637206],[-77.07083103306601,39.02844384599122],[-77.06887844862766,39.02915514748108],[-77.06802652225963,39.030711762035835],[-77.07057033642457,39.0311047256345],[-77.07116153397673,39.03220897490601],[-77.06920486776527,39.03460789133181],[-77.06928648019888,39.035971077945966],[-77.06775767983028,39.03674785603471],[-77.06938003594088,39.032271436044546]]],[[[-77.0612871019255,39.04621528907018],[-77.06348888395917,39.04790607146342],[-77.06331761030026,39.048554911077915],[-77.06043481311617,39.04777185607785],[-77.0612871019255,39.04621528907018]]],[[[-77.06432061887969,39.05478755350595],[-77.06160470555615,39.05504329827555],[-77.06033659142072,39.05315911546628],[-77.0571109646049,39.05367365408967],[-77.05685821891943,39.05295928652833],[-77.05847314013917,39.051858223836014],[-77.06093199000192,39.052575802902176],[-77.06143756373606,39.05400452092641],[-77.06618830509429,39.05440074263851],[-77.06814961301254,39.05031425124894],[-77.06560513979016,39.04992123676673],[-77.06467544514578,39.04842702753603],[-77.06738707356723,39.04985882958445],[-77.06993552213268,39.0485641937167],[-77.074090695664,39.049543468196894],[-77.07536678694795,39.048052281165155],[-77.07408295249876,39.05291869722662],[-77.072553846979,39.05369553662645],[-77.07298574677252,39.050385789521336],[-77.07052685202112,39.049668449313295],[-77.06831684225386,39.051353018893394],[-77.06805597143273,39.054013903719316],[-77.06737499163236,39.05492167351721],[-77.06559293374383,39.05498408058066],[-77.06346005740924,39.05971937604156],[-77.06269744868547,39.059263924837715],[-77.06432061887969,39.05478755350595]]],[[[-77.05228216660544,39.1488231278347],[-77.0527155563507,39.1455133914224],[-77.05382218805096,39.14467123522927],[-77.05330741392845,39.14661774925664],[-77.05525899555798,39.147594321518426],[-77.05415233596995,39.14843649099904],[-77.05338885377955,39.14798097492545],[-77.05372334458019,39.15005858850821],[-77.05228216660544,39.1488231278347]]],[[[-77.087287665985,38.827058167161894],[-77.0812906297507,38.823091294878246],[-77.08044880027195,38.821272828587425],[-77.08365670750565,38.82413282328973],[-77.08501032804122,38.82400472143669],[-77.08492865890656,38.822641584559044],[-77.08577420497865,38.82277245912761],[-77.08720950678844,38.824007469575854],[-77.08627509473705,38.82588859210326],[-77.087287665985,38.827058167161894]]],[[[-77.10334188259058,38.83629374666818],[-77.10732429306115,38.832858063100005],[-77.10757985505468,38.83188474205021],[-77.10571808803294,38.83227216306176],[-77.10826438918299,38.827601654187376],[-77.10910393594739,38.83110749582619],[-77.10817306888096,38.83130122126686],[-77.10537103029007,38.83694504753069],[-77.10334188259058,38.83629374666818]]],[[[-77.09327510727104,38.836087441138304],[-77.09166549074283,38.83718892266301],[-77.09081976691176,38.83705808811936],[-77.09251465131395,38.83563218743909],[-77.09327510727104,38.836087441138304]]],[[[-77.09947719703705,38.866081508158466],[-77.10185136814056,38.86374755458492],[-77.10066105521383,38.8666021067135],[-77.10201543460639,38.86647381840212],[-77.10184493030313,38.8671226939898],[-77.10015275443384,38.866861157254064],[-77.09981170781121,38.86815890317635],[-77.1001462376557,38.87023629779633],[-77.1015006854922,38.8701080150568],[-77.10065131516613,38.87166481791499],[-77.0983687238663,38.87029917326742],[-77.09930011510365,38.87010552066967],[-77.09888034281036,38.86835255957508],[-77.09600429147228,38.86757035049362],[-77.09947719703705,38.866081508158466]]],[[[-77.08709919644895,38.87632202884612],[-77.0840522731291,38.87618839738873],[-77.0838852215565,38.87514967768743],[-77.08541045995422,38.87437271927069],[-77.0838035161504,38.87378653232873],[-77.08092741222977,38.873003972833956],[-77.08024828418517,38.8739117889903],[-77.08042271207088,38.87157537213175],[-77.07915355918098,38.8713790022455],[-77.07797354907497,38.869170628003275],[-77.07501231608408,38.86871235299524],[-77.07256342781768,38.866307502751766],[-77.0731572021305,38.86572414748932],[-77.07112754118839,38.86507231684329],[-77.06985456691085,38.866563420744555],[-77.06858552978012,38.86636694274356],[-77.06808111749814,38.86493829290275],[-77.07019613945863,38.86526575757555],[-77.07045231088755,38.86429250970926],[-77.07358408749666,38.864102057191154],[-77.07493462603351,38.86566163368288],[-77.07383247463565,38.86650394001307],[-77.07594756786678,38.86683130657715],[-77.0780589102663,38.868846206588145],[-77.08127620892903,38.868331138105184],[-77.08059712877281,38.86923895567256],[-77.07932801609995,38.86904258762677],[-77.07940963247631,38.870405735169676],[-77.08152117414956,38.87242057703668],[-77.08499099718645,38.87261971026199],[-77.0854957941314,38.87404829253435],[-77.08811955647242,38.87411646098383],[-77.08693210114025,38.8752833132358],[-77.08896218781489,38.87593488578109],[-77.09174973132625,38.87872926219271],[-77.08963422178847,38.878402164891405],[-77.08709919644895,38.87632202884612]]],[[[-77.08529990723865,38.88651015195987],[-77.08445362236334,38.88637927320954],[-77.08352198365434,38.88657281459755],[-77.08470967758049,38.88540599342752],[-77.08529990723865,38.88651015195987]]],[[[-77.09857511356189,38.8946394608556],[-77.10095672568364,38.88893036695306],[-77.10003162228456,38.88574888424587],[-77.10147163489988,38.88529616434562],[-77.10198327624879,38.88334953434686],[-77.10037600117546,38.88276356167302],[-77.10071710610323,38.88146581193945],[-77.10503367777606,38.881795151836826],[-77.10528630202398,38.88250940315015],[-77.105542065378,38.881536080814904],[-77.105794693711,38.882250331069564],[-77.10757249262223,38.88218734899015],[-77.10689050805765,38.88478288567943],[-77.10511264522923,38.884845857996055],[-77.10443370816073,38.88575380795583],[-77.10215060461357,38.88438823066219],[-77.10274109031265,38.88549230598608],[-77.10087468543958,38.887567230594584],[-77.10137666649285,38.89068332536445],[-77.10306940003976,38.89094484613327],[-77.10747488977196,38.88926208710816],[-77.10882967838464,38.88913372397157],[-77.10959079468493,38.88958888030517],[-77.10637275761927,38.89010468520343],[-77.10560852314379,38.89133708396017],[-77.10129138354858,38.89100776368749],[-77.09865711874333,38.896002599935755],[-77.09433633986356,38.897360613219945],[-77.09569466508377,38.89554481769237],[-77.09857511356189,38.8946394608556]]],[[[-77.09272538556411,38.89846211640805],[-77.09382780198615,38.897619638783105],[-77.09255472364696,38.899110981734765],[-77.08993005695724,38.899042906966045],[-77.08925079835798,38.89995077535591],[-77.08713468378153,38.89962363453602],[-77.09103251449403,38.89820045413741],[-77.09272538556411,38.89846211640805]]],[[[-77.09779412875902,38.904309695786615],[-77.0993231084375,38.90184498608224],[-77.09821738695119,38.90437509048807],[-77.09779412875902,38.904309695786615]]],[[[-77.07916028258644,38.90649363004114],[-77.0794981381367,38.90688351234758],[-77.07830624431682,38.90973786479616],[-77.07916028258644,38.90649363004114]]],[[[-77.08016269052358,38.91272600946898],[-77.08168137904977,38.91532425162923],[-77.07905988740735,38.9135683672034],[-77.08008101263306,38.91136285525733],[-77.07872951654637,38.909803326072414],[-77.08033721410361,38.91038958143191],[-77.08016269052358,38.91272600946898]]],[[[-77.05957653156997,38.91561843907141],[-77.06186396329603,38.91529722673103],[-77.06338616505008,38.91620811445536],[-77.05957653156997,38.91561843907141]]],[[[-77.08250964923279,38.92389305270262],[-77.0842139773678,38.91909208901828],[-77.0823572026844,38.916104002499836],[-77.08480808869983,38.91850867409313],[-77.08284027945534,38.92765809081132],[-77.08250964923279,38.92389305270262]]],[[[-77.05922190704729,38.92197882045082],[-77.05854627661964,38.92119894290199],[-77.06133854572211,38.92230643865898],[-77.05922190704729,38.92197882045082]]],[[[-77.08164817660479,38.93051248326888],[-77.07935661118744,38.932521644444655],[-77.08157014262626,38.92746174428172],[-77.08241689975128,38.92759264341288],[-77.08164817660479,38.93051248326888]]],[[[-77.0785914743108,38.93375388342277],[-77.07994714158187,38.93362583523132],[-77.08146625833031,38.93622408734698],[-77.08011054535544,38.93635215218841],[-77.0794270745186,38.938947555990055],[-77.0785914743108,38.93375388342277]]],[[[-77.05729802706283,38.94599168216856],[-77.05873949683257,38.945539455183294],[-77.0608568183197,38.94586708268274],[-77.06026229181225,38.94645038502719],[-77.05729802706283,38.94599168216856]]],[[[-77.06348314578675,38.94593577339002],[-77.06356455168375,38.94729894493778],[-77.06094234570914,38.94554266984442],[-77.06348314578675,38.94593577339002]]],[[[-77.06517295512721,38.94788539991389],[-77.0689883067394,38.9467873192817],[-77.06881731998135,38.94743615612116],[-77.06678138448338,38.94847183408492],[-77.06517295512721,38.94788539991389]]],[[[-77.05474000075448,38.95234879795751],[-77.05287922993561,38.95104784328626],[-77.05491112451814,38.95169998007375],[-77.05474000075448,38.95234879795751]]],[[[-77.0557538243167,38.95351864909345],[-77.05770026202183,38.95449515009143],[-77.05744360266573,38.95546838301319],[-77.0557538243167,38.95351864909345]]],[[[-76.90564269005138,39.0554992601573],[-76.90286337400578,39.05101302344086],[-76.90389177321312,39.0488089200438],[-76.9033893322781,39.04737956413377],[-76.89973894098215,39.04782395430545],[-76.9000844009585,39.04652672806731],[-76.90212545377493,39.04549377148084],[-76.9014503616028,39.04471302431382],[-76.90076738979946,39.04561987799701],[-76.89949568626486,39.04542166351741],[-76.89906385280149,39.04704319385335],[-76.89626127021751,39.047619629230326],[-76.89591573683194,39.04891684508133],[-76.89718749174347,39.04911509633116],[-76.89726589487223,39.05047839714843],[-76.88866020318729,39.057918811580436],[-76.88916242734004,39.05934822969183],[-76.88898957097193,39.05999682916193],[-76.88771764804491,39.05979849360541],[-76.88779588508899,39.0611618029564],[-76.88541665119246,39.06180410815233],[-76.88524375556081,39.06245270269371],[-76.88693970726445,39.062717181103274],[-76.88717439285188,39.06680711360285],[-76.89319707738014,39.06740829225839],[-76.89140645278394,39.069155811692625],[-76.8919952367305,39.07026091921521],[-76.88970218082625,39.07057900508893],[-76.8872980259494,39.07628418451295],[-76.88602582258605,39.076085831056076],[-76.88586114225285,39.07504681534275],[-76.8874791422949,39.07394797295139],[-76.8902207970987,39.06863319952232],[-76.88827355597482,39.067654054329836],[-76.88674215744824,39.06842860721418],[-76.8856594954217,39.064206433408124],[-76.88276968240459,39.065106863776585],[-76.88293429602541,39.06614588171772],[-76.8814112184261,39.06523275910779],[-76.88097886381664,39.0668542322093],[-76.87928283727715,39.06658967223901],[-76.87442881008893,39.069885812300825],[-76.8732432645917,39.06936303807096],[-76.87894531410193,39.066199235588236],[-76.8797236131513,39.06328059634136],[-76.8826915353848,39.063743550303364],[-76.88286445686022,39.06309495916436],[-76.8808309953244,39.06243999384488],[-76.88211127498029,39.060950791762004],[-76.88346965772318,39.06082488887366],[-76.88321029055341,39.06179777638967],[-76.88490621957774,39.062062282524984],[-76.88440406036999,39.06063284652119],[-76.8859353195752,39.05985832353394],[-76.88474985487535,39.05933566002957],[-76.88500919265542,39.058362769725214],[-76.88806337945068,39.058501298084245],[-76.87975714927296,39.056530166307255],[-76.87932480952857,39.058151631139914],[-76.8766946068043,39.058079040309416],[-76.87831236773854,39.05698032062211],[-76.87814784093304,39.055941298253074],[-76.88146128656143,39.055107112888365],[-76.88213626056175,39.055887970090744],[-76.8857007261327,39.05576839375221],[-76.88586536050012,39.05680740608393],[-76.88773404491778,39.056423278597606],[-76.88859013162066,39.05486789671174],[-76.89079628239847,39.054874132932866],[-76.89071799585429,39.053510826986766],[-76.88300076842684,39.052645021112504],[-76.88283618442603,39.05160600574515],[-76.88402150932397,39.05212868679763],[-76.8873347137777,39.05129434534049],[-76.89140116714461,39.052604027315816],[-76.89335611449295,39.051895514602364],[-76.89353697540845,39.04955930438575],[-76.89515429220488,39.04846036704906],[-76.89567260478414,39.04651454635305],[-76.89092331585508,39.046111805221884],[-76.89042114851463,39.04468239754065],[-76.88881201605433,39.044093668846],[-76.88660619256031,39.044087397402784],[-76.88643334967067,39.04473599158365],[-76.88346617950921,39.044273128557236],[-76.8845732289162,39.04343249550986],[-76.8841576340377,39.04167876754843],[-76.88550740512991,39.04324044544327],[-76.89009180918947,39.042604389317496],[-76.89068035814081,39.043709497892976],[-76.89575898751673,39.04619024275728],[-76.89798079370188,39.04282114335121],[-76.89882856221148,39.04295329806357],[-76.89832626127615,39.04152392312352],[-76.8994330970069,39.040683158046654],[-76.8982478479214,39.04016062508646],[-76.8982557999354,39.038473022416774],[-76.90139552469171,39.038286917590675],[-76.90148974884166,39.036275008231875],[-76.89995915196872,39.03704971973983],[-76.89998288673902,39.03198691553594],[-76.89590942628858,39.0323651194152],[-76.89420610472546,39.0337883654209],[-76.89046994788343,39.0345567840176],[-76.89183592347375,39.0327431897129],[-76.89693777254726,39.030161080637676],[-76.90083842377828,39.030431455809314],[-76.9017175355576,39.023813193022136],[-76.8998735011102,39.01913473540752],[-76.89503962383517,39.019056458437106],[-76.89316387017222,39.021128290312234],[-76.89146886562656,39.02086389875773],[-76.88900459930782,39.02183056746117],[-76.88873727425653,39.02449105760825],[-76.88797613042473,39.024034537473675],[-76.88729318480486,39.024941313883815],[-76.88551171024811,39.02500113737066],[-76.88534715293405,39.023962130232896],[-76.8836521107656,39.023697631857054],[-76.88338458304023,39.026358111302805],[-76.88574619380799,39.02909104586615],[-76.88531415073625,39.03071252386837],[-76.88335969451448,39.031420907452635],[-76.88208828675984,39.031222515244295],[-76.8819237642805,39.03018350248935],[-76.88362724177527,39.028760425807114],[-76.8821913595205,39.02752302449026],[-76.88288270027104,39.02492867794509],[-76.87922491866199,39.027060061498155],[-76.87795359842798,39.026861627106875],[-76.87778914488611,39.025822609634965],[-76.87177003169994,39.025220688577804],[-76.87194295897869,39.02457211695404],[-76.86998853755689,39.02528028937857],[-76.86980698054363,39.02761645555227],[-76.87081887653117,39.02878782945872],[-76.8694524511222,39.03060119135375],[-76.86865681317319,39.036894948685465],[-76.86747184706148,39.03637212241404],[-76.86937459084052,39.029237877679826],[-76.86863079540059,39.025406044107605],[-76.86778328635958,39.02527368369358],[-76.86846647834291,39.02436701454712],[-76.86600178765335,39.02533322730238],[-76.8643067839243,39.02506846481268],[-76.86447977739775,39.02441990359998],[-76.86134936381882,39.02291747905989],[-76.85753578758035,39.022321588304386],[-76.85745815953992,39.02095826905225],[-76.85718968368197,39.02361869075609],[-76.85549475200143,39.02335380806564],[-76.85481140782626,39.024260405686675],[-76.85158561632596,39.024769604193025],[-76.8514900264985,39.02678147151401],[-76.85258816900476,39.02762872196785],[-76.85079754823256,39.02937564395471],[-76.8512122682526,39.03112947975652],[-76.84975873819393,39.03326689749516],[-76.8506063075717,39.033399381095236],[-76.85016438778598,39.03670833629971],[-76.84838259453569,39.03676762726476],[-76.84794967268014,39.03838897726449],[-76.84930769300115,39.0382634483755],[-76.84800890467888,39.0431275061144],[-76.84968611061954,39.046767693887006],[-76.84831882021732,39.04858082878557],[-76.84858771285539,39.045920415010535],[-76.84757593662069,39.044748856579574],[-76.84621779217409,39.044874366673305],[-76.84802714104673,39.039752306450445],[-76.84684227673465,39.039229283118146],[-76.84642761592167,39.037475430318544],[-76.84174727688058,39.040121738626965],[-76.84071711690927,39.04232532377068],[-76.84190198761186,39.04284840580996],[-76.84063049327754,39.04264958881924],[-76.83781826218554,39.04491230515331],[-76.83595900874431,39.04360808120844],[-76.83876191424432,39.04303300683834],[-76.84022526178138,39.03920811540625],[-76.84175654022681,39.038434139884],[-76.84125539249584,39.03700453551742],[-76.83930965797066,39.0360246285481],[-76.8443951991979,39.036819871648824],[-76.8471111888139,39.036568876819764],[-76.84872891811989,39.03547054650082],[-76.84944877994133,39.02781359266882],[-76.8481866403851,39.025927257787664],[-76.84471016209258,39.02572149028362],[-76.84239981077245,39.029413892076974],[-76.84087801158141,39.028500278511025],[-76.84326577578489,39.02617123462148],[-76.84327500211775,39.02448363973932],[-76.83300968205931,39.02490470948359],[-76.83011124758389,39.027491503347186],[-76.8301788393357,39.03054243624909],[-76.82874383158747,39.02930441678658],[-76.82940845130204,39.031773152237996],[-76.82770384245923,39.03319548570409],[-76.82811802725448,39.03494939970336],[-76.82676003228208,39.03507469683866],[-76.82691417026611,39.03780138030363],[-76.8249686077085,39.036821248547184],[-76.82584507000556,39.0318911129874],[-76.82669257975462,39.03202375974859],[-76.8270392676144,39.03072674053939],[-76.82646140794428,39.02793373853332],[-76.83122816404627,39.02496375423431],[-76.82885917600235,39.02391737844413],[-76.82443910148965,39.02559026045882],[-76.82325463758598,39.02506701338031],[-76.8230812749436,39.025715517172785],[-76.8192776489362,39.02343085821823],[-76.82080881808457,39.02265714302285],[-76.81928743153941,39.02174326594042],[-76.8203081908362,39.02122745796071],[-76.8198075832697,39.01979777121822],[-76.82311035754051,39.02065273893934],[-76.82225327343593,39.022207660155125],[-76.82317764924551,39.02370367216582],[-76.82852212161262,39.023526807757754],[-76.82980278715004,39.02203815487315],[-76.83115102634365,39.02360041799124],[-76.832845875056,39.0238656329498],[-76.83395319877033,39.023025454068176],[-76.83887388175215,39.02278184637987],[-76.83871932722924,39.02005518464739],[-76.83627316389648,39.017645620900424],[-76.83169935708068,39.01659209616585],[-76.82974475844016,39.017299634230234],[-76.82959055779118,39.0145729636069],[-76.8311119237993,39.015486713376745],[-76.83306646042234,39.01477915400181],[-76.83441463515881,39.016341379818],[-76.83941214754499,39.017461083588294],[-76.8424460406797,39.02097591815985],[-76.84371716106678,39.02117471584107],[-76.84363979327772,39.01981138822326],[-76.84432323490178,39.01890485275043],[-76.84573996588796,39.023517878209375],[-76.84785859277848,39.02384914439506],[-76.84989975063307,39.02281705006035],[-76.85100686135287,39.02197671926927],[-76.85059219847649,39.02022288545749],[-76.85431907078893,39.021143262661816],[-76.8572074891069,39.02024350086148],[-76.85721639119966,39.01855590661873],[-76.85358513729958,39.01562375094674],[-76.84672886373315,39.01320056186441],[-76.84334879736876,39.01098289758164],[-76.84080692175759,39.01058528233923],[-76.84021010326667,39.01116753421899],[-76.8349625967408,39.009333051918446],[-76.8289452030794,39.00872905682732],[-76.82834830487677,39.00931125150982],[-76.82725072126435,39.00846378929163],[-76.82452605346755,39.01040193775343],[-76.822831548801,39.01013660983333],[-76.82479567513542,39.007741592574625],[-76.82700039071689,39.007748961615235],[-76.82692335050366,39.00638562658549],[-76.82819417350481,39.00658458268895],[-76.82835787514753,39.00762366242069],[-76.83140982321397,39.00776358224322],[-76.83260353566034,39.00659916091733],[-76.83327753501794,39.007380277082994],[-76.83996893710363,39.00876514208407],[-76.83888055232316,39.006230193165514],[-76.84091206468986,39.00688583876182],[-76.84150884243365,39.0063035839101],[-76.8404204408214,39.00376864949322],[-76.84271160599677,39.00345147671885],[-76.84331756355407,39.00118162505821],[-76.84431946619824,39.0040407985711],[-76.8427889389913,39.004814801291204],[-76.84175005129306,39.008705972099506],[-76.85444147398024,39.014068615244774],[-76.85528882817587,39.01420106646637],[-76.85503820234742,39.01348629468888],[-76.85580796302334,39.01225542348837],[-76.85715657937938,39.013817401693515],[-76.85697463883025,39.01615354466359],[-76.858920079728,39.01713317163172],[-76.85822795834206,39.01972738134244],[-76.8593349258038,39.018886976734365],[-76.85983630406139,39.02031650378459],[-76.86229212243904,39.02103800902871],[-76.86460992797569,39.01565764842644],[-76.86293269253102,39.01201768121309],[-76.86296776312899,39.00526731444212],[-76.86135972477466,39.00467823400259],[-76.861437408562,39.00604154720026],[-76.86016650420218,39.00584293140434],[-76.85907745935967,39.00330816078937],[-76.85653576597323,39.00291086805262],[-76.85857621323385,39.00187863461638],[-76.85714128769574,39.00064094913605],[-76.85816148243555,39.00012483179914],[-76.85783326625369,38.99804675347381],[-76.86011534318246,38.99941684841498],[-76.86009767776706,39.00279202732195],[-76.86195632073289,39.00409588108272],[-76.86416092940989,39.00410259022528],[-76.86307177144403,39.001567855356164],[-76.86426487538526,39.000403130827216],[-76.86274340849333,38.99948978954057],[-76.86402295058915,38.99800078963117],[-76.86630514263774,38.999370770771954],[-76.86520726693297,38.99852364551757],[-76.86589023982071,38.99761699447773],[-76.86817245499172,38.998986941206304],[-76.86536276848021,39.00125026466828],[-76.86518112288992,39.00358641491795],[-76.8667027060673,39.00449972692279],[-76.86483524445062,39.004883534715994],[-76.86491299359257,39.00624684578291],[-76.8635555979165,39.006372544629734],[-76.8637198041822,39.007411577628105],[-76.86617522539886,39.00813300455362],[-76.86473132108038,39.008582997243565],[-76.8641259701015,39.010852956065925],[-76.86486937940069,39.01468480741921],[-76.86647766740457,39.01527384335137],[-76.86390053006058,39.021627078957295],[-76.86678016880107,39.02241468974477],[-76.86831081101091,39.02164038906212],[-76.8740787585946,39.021527743161144],[-76.87848062650865,39.023228288334224],[-76.87891277747144,39.02160683613356],[-76.88162807965897,39.021355087163414],[-76.8839279013022,39.019349556698586],[-76.88731779730277,39.01987852241818],[-76.89300728390782,39.018401697338525],[-76.89463194947764,39.015615176714974],[-76.89785703327307,39.01510486085919],[-76.8966801980878,39.01289471973671],[-76.89795132526689,39.01309296196102],[-76.89787294958818,39.011729670159994],[-76.90229834657333,39.0083665842727],[-76.90119991601685,39.00751977618057],[-76.89560579582836,39.006985078911946],[-76.89289915111596,39.005549539824564],[-76.89204373695301,39.00710493848784],[-76.89119639855545,39.00697273825915],[-76.8920518292812,39.00541734546709],[-76.8911343829541,39.00223425888867],[-76.8902789700426,39.003789644566965],[-76.88858437997351,39.003525214381625],[-76.88739161424151,39.004690173182226],[-76.88408053304408,39.00552450966981],[-76.88060492848892,39.00531974770463],[-76.87891873472186,39.00336759381242],[-76.8839160402287,39.0044855039391],[-76.88757254933942,39.002353990087805],[-76.88673348956347,39.00053416808975],[-76.88775347281685,39.0000178075993],[-76.88910254812876,39.001579435660275],[-76.89342527835849,39.0019161503024],[-76.89340915783008,39.005291335086056],[-76.89587280535187,39.004324581584015],[-76.89832049441138,39.00673296553838],[-76.89857946316607,39.00576005555956],[-76.90044676912314,39.00537574015392],[-76.90061150005819,39.006414724114556],[-76.90527195766984,39.00714140035292],[-76.90450308819474,39.00837257702782],[-76.90492677724912,39.00843863247017],[-76.90680186866469,39.006366627212444],[-76.91019899717595,39.00520737324215],[-76.91081052017772,39.001249599027794],[-76.91285015040837,39.00021647398101],[-76.91354013835809,38.99762196841332],[-76.91532091936138,38.99756174311874],[-76.91966588430014,38.99283476911812],[-76.9200969368822,38.991213181672386],[-76.91673069258039,38.98562234401903],[-76.91767153742038,38.983742465052245],[-76.91564752263369,38.981400489915686],[-76.91727799932265,38.976926102353914],[-76.91508176428329,38.975232749955374],[-76.91526173727452,38.97289653727435],[-76.9139050507739,38.9730227859344],[-76.91236829884605,38.9754852285983],[-76.91176470917658,38.97775540764854],[-76.91328633670504,38.97866814493233],[-76.913364965531,38.98003141989688],[-76.91166321038308,38.98145489331027],[-76.91090237289099,38.980998516840536],[-76.90920054695442,38.98242195669644],[-76.90470636905941,38.98273440544691],[-76.90300438132357,38.984157760716],[-76.89868266172698,38.98382138057409],[-76.89631404369854,38.982776298730585],[-76.89444729585053,38.98316055061975],[-76.89409399376673,38.98614533533322],[-76.89594482072148,38.98913626512315],[-76.89559955942795,38.990433467607275],[-76.89703493774199,38.991670706471375],[-76.8969326705468,38.995370187987],[-76.89608545993478,38.9952380213722],[-76.89576418731525,38.99147245554395],[-76.89424251184522,38.990559501641634],[-76.89492504814405,38.98965269203312],[-76.89316057322951,38.986337448188266],[-76.89360023190689,38.983028367293215],[-76.88841522592067,38.985934615058376],[-76.88876059394302,38.98463743346411],[-76.89071374101245,38.983928970232796],[-76.89072186160773,38.98224138343549],[-76.88673748483882,38.98229498664229],[-76.88435255205484,38.98462484976633],[-76.88172500201662,38.98455236628496],[-76.88095597283986,38.985783392719824],[-76.87994451170074,38.98461210951386],[-76.88156059024342,38.983513360851376],[-76.88376457708881,38.98351972184812],[-76.88563962892417,38.98144804435883],[-76.88420464600583,38.98021067568168],[-76.88081662049638,38.979681628326944],[-76.88055750706899,38.98065449726801],[-76.87920061581661,38.98078036665878],[-76.87903624860844,38.97974135848102],[-76.87997799107885,38.97786176708726],[-76.88615771861554,38.97950228462665],[-76.88709927405347,38.977622639267594],[-76.8886987559844,38.979898969442466],[-76.891239821055,38.98029560225511],[-76.89133425088849,38.97828371941959],[-76.89218125548825,38.978415918115914],[-76.8932630195022,38.9826379749664],[-76.89614942763417,38.98173731291781],[-76.90156904971252,38.982920592321236],[-76.90547496420425,38.98150323246914],[-76.90996906276146,38.981190755947516],[-76.91124731662869,38.97970127369079],[-76.91126260417317,38.97632610009638],[-76.90964713376563,38.97742523425196],[-76.90617279939005,38.97722118894625],[-76.90262005874744,38.97565376529032],[-76.90127117398279,38.97409229040728],[-76.90676881158419,38.97663862323257],[-76.90939610073278,38.97671057644333],[-76.91203102072107,38.975094887719244],[-76.91229731279455,38.97243436828531],[-76.91348915118725,38.97126917606242],[-76.90604687690205,38.96774429241595],[-76.90240049593578,38.968188755041275],[-76.90223582598016,38.967149779587096],[-76.90715250145979,38.966903468469496],[-76.91044623858994,38.96944368997346],[-76.91425747667724,38.97003795083401],[-76.91493957113578,38.96913103402126],[-76.9173080124812,38.970175758235],[-76.91773898339775,38.968554184580796],[-76.92011488360367,38.967911270284496],[-76.91953395132487,38.96511873039484],[-76.9204744587338,38.96323883598155],[-76.9245512567233,38.96117224703824],[-76.91380087847459,38.95848315517913],[-76.91245207205839,38.95692180580276],[-76.90890018692424,38.95535456663036],[-76.90890788272903,38.95366698584606],[-76.90712817020099,38.95372711875309],[-76.90730061262263,38.95307850513255],[-76.9028160749447,38.95170330383083],[-76.90197721790575,38.94988359880607],[-76.89673257326884,38.948051744596384],[-76.9006288244045,38.94832212283682],[-76.9050191005288,38.95170928735572],[-76.90840599996075,38.952237671816086],[-76.90814735293702,38.95321059436671],[-76.90925273250059,38.952369753489876],[-76.91025655281813,38.955228373016745],[-76.91448287034869,38.95757624241864],[-76.92337448301885,38.95896237742394],[-76.92514699040376,38.960589594462995],[-76.92694869005597,38.95546645483673],[-76.92549889513609,38.95760473293581],[-76.92465207223522,38.95747276204645],[-76.92542006329239,38.95624147021074],[-76.924236002599,38.95571919222144],[-76.92475287750025,38.95377327895937],[-76.92254978787378,38.953767645860644],[-76.92272209298362,38.95311901080949],[-76.92577193580881,38.953256609790806],[-76.92526972476904,38.95182736408926],[-76.92891514646756,38.951382230526015],[-76.92884349049976,38.94833139050126],[-76.93088856767713,38.94561039727893],[-76.93394522580691,38.9440602153932],[-76.93573882517545,38.940624538973125],[-76.93700879687492,38.940822379158405],[-76.9377834282024,38.9379034350368],[-76.93609726297169,38.93595207774365],[-76.93610432640355,38.93426449996373],[-76.93492054645067,38.93374232556751],[-76.93619745697325,38.93225259662481],[-76.93646270944195,38.92959204178241],[-76.93536506990273,38.92874554592333],[-76.93553720165775,38.928096895351054],[-76.9367208942601,38.9286190634587],[-76.93698611437067,38.92595850881373],[-76.9339445061083,38.92413361072782],[-76.93692118854977,38.92122010939264],[-76.93369341834676,38.92341900753439],[-76.9329330491336,38.922962769931516],[-76.9337076538539,38.92004385838911],[-76.93532148831225,38.91894442005028],[-76.93405190268861,38.91874656318244],[-76.9343100812666,38.9177735912972],[-76.93287552620258,38.91653679674842],[-76.93092459668642,38.91724591657894],[-76.93075244949644,38.91789455980328],[-76.93278232396325,38.9185486933215],[-76.93243090646064,38.92153355923393],[-76.93227306430255,38.91880705649782],[-76.93124735977999,38.92101135068147],[-76.93040095195633,38.92087941970232],[-76.92956176075963,38.91905990902742],[-76.92524378148292,38.91872445683432],[-76.92507889750198,38.91768551894876],[-76.92042396647771,38.91695959586632],[-76.91932670374086,38.9161129595078],[-76.92000823007095,38.915206021703845],[-76.91704612350962,38.914743969883695],[-76.91331631428075,38.91551306184181],[-76.91491525154042,38.91778903396075],[-76.91414748836863,38.919020254187785],[-76.91134995162685,38.9195970185991],[-76.90914021024255,38.921278720344944],[-76.90838001721556,38.92082233234231],[-76.90957107366698,38.91965718626001],[-76.90787837114345,38.91939302268212],[-76.90482219359686,38.920942556956646],[-76.90355265606755,38.92074438778723],[-76.8964833190459,38.929098025177446],[-76.89233741379887,38.928112830163194],[-76.89504116921202,38.92954836503846],[-76.89469617434851,38.9308455537274],[-76.88926424299653,38.933037131289524],[-76.889342372798,38.934400412418455],[-76.886457756938,38.93530090997443],[-76.88321126005516,38.94087364944352],[-76.87913442568843,38.94293887387262],[-76.87846053098572,38.94215801432435],[-76.87675897876841,38.94358100114289],[-76.87319999099984,38.943700318887785],[-76.8730272670044,38.94434888420166],[-76.8770095771919,38.944295721468],[-76.8791176556977,38.946314026821966],[-76.87885863832629,38.947286887442225],[-76.87707905703907,38.947346589229376],[-76.87691479559113,38.94630758335128],[-76.87454771056824,38.94526209190439],[-76.87003848665242,38.948948437130504],[-76.86885494208788,38.9484256312329],[-76.8681724676063,38.94933229188536],[-76.86402579338662,38.94834614771609],[-76.86165003680186,38.948987986138924],[-76.86038012785525,38.94878937424088],[-76.8616588272026,38.94730041003294],[-76.86368890023243,38.94795567705497],[-76.86699759682502,38.947121891717686],[-76.8668334797609,38.946082872529416],[-76.86471702958865,38.94575193405322],[-76.86539951353912,38.94484529287159],[-76.86819838415576,38.944269563155224],[-76.86769736540417,38.94284008648178],[-76.87091083908803,38.94401805148132],[-76.87354542975898,38.94240318771632],[-76.87523854257564,38.94266782075999],[-76.873553943652,38.94071561234952],[-76.87533336575646,38.94065596118853],[-76.8757481714354,38.94240969101692],[-76.87701801101174,38.94260814541605],[-76.87778665073793,38.94137715120065],[-76.88143183908944,38.940933413617906],[-76.88263195889897,38.938080947849144],[-76.88204438589617,38.9369758193016],[-76.87814881100537,38.936704857812956],[-76.8765337199036,38.93780355453962],[-76.87603258200568,38.93637411282948],[-76.87807088830561,38.935341569208795],[-76.87790663978689,38.934302566389185],[-76.88002281709261,38.9346332793038],[-76.8820610180773,38.93360067035924],[-76.88333072123454,38.93379905989102],[-76.8830718046712,38.93477192760478],[-76.88485107371858,38.93471213995676],[-76.88485932469646,38.93302456562913],[-76.88587837560594,38.93250822570085],[-76.88529079830057,38.931403113382416],[-76.88833966065097,38.93154163212322],[-76.89106778525328,38.92791453298954],[-76.8880272463493,38.92608850844515],[-76.88660152318597,38.92316360505354],[-76.88118659131337,38.92197968233157],[-76.87907915983732,38.91996141889556],[-76.87704129828766,38.92099397693076],[-76.87594447920603,38.92014695632074],[-76.8685783438091,38.91967070775812],[-76.86696348609539,38.92076927731465],[-76.86527091244659,38.92050453212142],[-76.8635696084488,38.921927333777475],[-76.86331047011602,38.9229001586476],[-76.86474396872764,38.92413775871069],[-76.86337935564133,38.92595102503467],[-76.86489929408961,38.92686434866594],[-76.86413058970425,38.928095260547565],[-76.86235146536318,38.92815475089871],[-76.86080510925822,38.93230411106519],[-76.85487134976154,38.93306467806907],[-76.8547074374076,38.932025644884284],[-76.86013150954058,38.93152315310722],[-76.86115951454659,38.92931944463254],[-76.85963957176104,38.928406074863275],[-76.86201467459745,38.927764276787045],[-76.86151389078432,38.92633477840137],[-76.8625330135769,38.92581863077247],[-76.86262816581619,38.923806785593136],[-76.8593293199343,38.92295288145904],[-76.86204101154368,38.922701564465996],[-76.86332796726366,38.91952501874163],[-76.86586678761125,38.91992216759905],[-76.86468374469236,38.91939932399572],[-76.8636909463828,38.9148527814986],[-76.86106593402907,38.914779861360124],[-76.86132507344998,38.9138070422299],[-76.86386368356493,38.91420423179482],[-76.86561638240467,38.919207427155946],[-76.86722256805074,38.919796445089],[-76.86909644984253,38.917725036429054],[-76.87179936145324,38.919161075935264],[-76.87764549984638,38.91872398524249],[-76.87714447140918,38.91729455172633],[-76.87545194151083,38.91702994561741],[-76.87681608688456,38.91521654862853],[-76.87824126149005,38.918141561401185],[-76.87951068473534,38.91833998962272],[-76.87874231728085,38.91957099064654],[-76.88052121851601,38.9195112652323],[-76.88144548758157,38.921006820243996],[-76.88551279467384,38.92062909722849],[-76.8879655058178,38.921350083938705],[-76.8902294958087,38.92609475457151],[-76.89504918345916,38.92786079123571],[-76.89759642234446,38.92656971739884],[-76.89845870667077,38.92332672602073],[-76.89769855920956,38.92287027241611],[-76.90432061652041,38.91951323288209],[-76.9056918558995,38.91601194599772],[-76.90459477870151,38.91516517939368],[-76.90205591319294,38.914768823712706],[-76.89823972811314,38.91586176367688],[-76.89697826508078,38.91397595646442],[-76.89629646351159,38.91488276751588],[-76.89519951255626,38.91403591791695],[-76.8913832630068,38.9151286467584],[-76.88926760082764,38.91479812854872],[-76.89113262389257,38.91441395832027],[-76.8919007275297,38.91318288137315],[-76.89317010155098,38.91338116963086],[-76.89317815736983,38.91169359959304],[-76.8950430803154,38.91130937070395],[-76.89454176147082,38.90988000889966],[-76.89657108725733,38.91053473443681],[-76.89766004967309,38.91306914177213],[-76.90088057173169,38.91255875503165],[-76.8987807928774,38.908853259062475],[-76.90014420431304,38.90703960742731],[-76.89515333488065,38.905922366403395],[-76.89302180582227,38.9089670506651],[-76.8881952468763,38.90888850838528],[-76.88591547804785,38.9075189475664],[-76.88651108192184,38.90693648485101],[-76.88963702999615,38.908438249370825],[-76.89201121732354,38.907795878557046],[-76.89304598100111,38.903904344594636],[-76.89786426870707,38.90567026665381],[-76.89905524560507,38.9045052238938],[-76.89931384112708,38.903532326747225],[-76.89778601023527,38.9043069961137],[-76.89686161759424,38.902811566182514],[-76.89805256379101,38.901646533481355],[-76.89729264510034,38.9011900786835],[-76.89781779955871,38.89755672488385],[-76.89554620351159,38.894499776521634],[-76.89427715199932,38.89430151307066],[-76.89319664077145,38.890079516723645],[-76.89124603369169,38.89078800981639],[-76.88701614336561,38.89012693471319],[-76.88464248776796,38.89076920844209],[-76.8858334324993,38.88960429489623],[-76.89285986071742,38.889689128326914],[-76.89261736074033,38.8872868804318],[-76.88982900262967,38.886175592429396],[-76.89093357661514,38.8853349222894],[-76.88983713282138,38.884488028427846],[-76.89110600133398,38.88468633709266],[-76.89306450163355,38.88229028297745],[-76.8938402709284,38.87937163584895],[-76.8925795534187,38.87748579255711],[-76.89452177080948,38.878464842361936],[-76.89562617377777,38.877624131190615],[-76.89666031600652,38.87373258164094],[-76.89818751788009,38.87295792907541],[-76.8982816168382,38.870946070140356],[-76.90006720672456,38.86919850323892],[-76.89629965561423,38.87840489090639],[-76.894263200266,38.87943772647855],[-76.89441953490275,38.882164263723006],[-76.89221053801035,38.883845655726006],[-76.89177950001081,38.88546712203934],[-76.89354951380291,38.887094774304494],[-76.89387021170664,38.89086029082882],[-76.89757510991384,38.89515448433508],[-76.89960405278129,38.895809158995],[-76.89916519318798,38.89911822074778],[-76.90051264457922,38.900679702275916],[-76.9024634263848,38.89997106248305],[-76.89990930526952,38.902949799973115],[-76.90184444608637,38.90561630689101],[-76.9017425439783,38.90931574685137],[-76.90327043784829,38.9085410282268],[-76.90630287494683,38.91205424536376],[-76.90604434252424,38.913027158160524],[-76.90807385937565,38.91368169569918],[-76.9100957487547,38.91602377177186],[-76.91434248401741,38.91330891761575],[-76.91460090659763,38.91233598748486],[-76.9125713685921,38.91168155689601],[-76.91257897472734,38.909993986007805],[-76.91511018369108,38.91207769710945],[-76.91824441699569,38.91189116985822],[-76.91925548409259,38.91306212872348],[-76.9239101543848,38.91378809530147],[-76.92339354072836,38.915733994315644],[-76.92508621446117,38.9159979459764],[-76.9266140001585,38.91522293903465],[-76.92398891201816,38.91515135098187],[-76.92416111295779,38.91450271738383],[-76.92823507851554,38.91243602135434],[-76.93111109531102,38.91322212738367],[-76.93076682020734,38.91451941347761],[-76.93262447511864,38.91582219211463],[-76.9329687232929,38.9145249006407],[-76.93457534994833,38.91511304567356],[-76.93577296292064,38.912260076158304],[-76.93822588939484,38.9129800678885],[-76.93924428138793,38.91246329095813],[-76.93882811755817,38.91070978096477],[-76.93544292856636,38.91018223009183],[-76.93511291304098,38.908104383709336],[-76.93731462253201,38.90810979369288],[-76.93705651834036,38.909082770598864],[-76.93874908700163,38.90934653551887],[-76.93985344760942,38.908505427076996],[-76.94103685278104,38.909027552630235],[-76.94095778271281,38.90766430889051],[-76.94222719393353,38.90786209476698],[-76.94257123346824,38.90656477798903],[-76.944944892548,38.905921393808946],[-76.9436032785489,38.902672823228755],[-76.93996038417825,38.903118385482976],[-76.93853302565041,38.90019408837885],[-76.93447423274705,38.89888597957724],[-76.93142664967776,38.898748595564726],[-76.93159158132525,38.899787522453565],[-76.93065936624208,38.89997991495997],[-76.92727473501817,38.89945214180117],[-76.92457146155688,38.89801731540442],[-76.92482969328692,38.89704436587523],[-76.92305137715695,38.89710472673184],[-76.9223774357807,38.896324110621514],[-76.92203308501149,38.8976213696381],[-76.92118696562811,38.897489376170356],[-76.91603924773698,38.8936464691235],[-76.91291339019875,38.89214537314461],[-76.91180896660781,38.89298623984532],[-76.90953692605386,38.88992954963912],[-76.9068343552586,38.88849433819844],[-76.90845559546119,38.88570768864449],[-76.90728052865825,38.883497688774746],[-76.90567481946917,38.88290919247317],[-76.9056825823198,38.88122162812783],[-76.90703757388147,38.881095470940735],[-76.90908157830538,38.878374861295704],[-76.90992745381216,38.87850693707472],[-76.90949684163274,38.88012846392221],[-76.90677916111002,38.88206838147023],[-76.90947381737176,38.88519115803661],[-76.90869861236934,38.88810990505265],[-76.91106433050757,38.88915473687524],[-76.91232572836422,38.8910403947818],[-76.91233333803412,38.889352828340336],[-76.91326546552284,38.88916057389735],[-76.91208258209578,38.88863818461783],[-76.91251318702211,38.88701664710494],[-76.91515233816473,38.88371334662323],[-76.91499522444046,38.8809868350828],[-76.91703892871189,38.87826609424697],[-76.916028380011,38.87709512242397],[-76.91663100313473,38.8748249535688],[-76.91477467921162,38.87352194205498],[-76.9154558638883,38.87261503411155],[-76.91764153003793,38.87599592015998],[-76.91678816477685,38.87755146101011],[-76.91797090196908,38.87807380467904],[-76.91668706059446,38.88125090022945],[-76.91575504331463,38.88144318021666],[-76.91573998377037,38.884818310587264],[-76.91404049876333,38.88624179794601],[-76.91444080519668,38.89137051856229],[-76.9165559011953,38.891700606266795],[-76.91942352783859,38.894174548643555],[-76.92204785566334,38.89424623316199],[-76.92263569080986,38.89535116587044],[-76.92678014114868,38.8963353437927],[-76.92770506570781,38.89783054934168],[-76.93312608669503,38.8973248676275],[-76.93904912471638,38.89824813022325],[-76.94158068258041,38.90033129771833],[-76.94471434260058,38.90014410165532],[-76.94335217001044,38.901958241606515],[-76.94944766109069,38.90223234848278],[-76.95225091516865,38.89996715496378],[-76.95445237996246,38.89997226061245],[-76.95352687927964,38.898477254277886],[-76.95022811638098,38.89762577134888],[-76.94829819418483,38.893272453317984],[-76.94211746270152,38.893322618704545],[-76.937721958898,38.891624361834495],[-76.93713392503757,38.8905195011925],[-76.93324062976656,38.89025027163415],[-76.93392174097576,38.88934326036774],[-76.93645989370064,38.88973896229219],[-76.93630196965546,38.88701247581797],[-76.93285327382348,38.88174648002047],[-76.92913254022285,38.88082847857074],[-76.92930461426687,38.880179840643066],[-76.93302531691491,38.88109783685544],[-76.93589308540679,38.883571394969685],[-76.93882606273773,38.89078326443677],[-76.94330752998053,38.89215715279732],[-76.95109442739614,38.89269485737899],[-76.95235692250829,38.89458010858963],[-76.95159003674151,38.895811556849985],[-76.9538773212465,38.89549233758595],[-76.95353353533501,38.896789683895086],[-76.9552258780201,38.89705322346898],[-76.95479616452958,38.898674911233584],[-76.95818750717925,38.89751436215222],[-76.95921858981879,38.8936222819312],[-76.95675952685507,38.89459027702803],[-76.95422109491422,38.89419499053494],[-76.95447891713044,38.893221979759424],[-76.9578700110118,38.89206144015511],[-76.96023656229748,38.89310533387811],[-76.96159814893248,38.8912910104646],[-76.96246361516921,38.886360020964986],[-76.96153165344391,38.88655264528276],[-76.96298541299522,38.88272639866724],[-76.9508043560297,38.880491651100634],[-76.94691835364306,38.87853528503147],[-76.94683920663358,38.87717205023668],[-76.94852429937646,38.87912324665043],[-76.95055325331238,38.879777086036114],[-76.9530911631005,38.88017244694051],[-76.95368600635786,38.87958966366324],[-76.95892715420348,38.88141909331629],[-76.95960786311592,38.88051194192249],[-76.95943605804226,38.88116062191561],[-76.96358019796486,38.88214356772539],[-76.96808055374046,38.8784538566361],[-76.96749216590037,38.87734914184365],[-76.96723457360542,38.87832217778259],[-76.96528500167207,38.879031834727634],[-76.96562849459094,38.87773445867436],[-76.96410831925765,38.87682237579998],[-76.96800101093493,38.87709063540281],[-76.96885327749719,38.87553474223289],[-76.96792147110536,38.875727414341284],[-76.96141810293987,38.87201322499196],[-76.96480170683621,38.872540064189764],[-76.9673331076901,38.874622699154145],[-76.96987720439883,38.87333014982516],[-76.9722433193746,38.874373811930816],[-76.97419269892961,38.8736640459275],[-76.97555357487582,38.87184957352907],[-76.98232700759813,38.87121482106394],[-76.98233299428078,38.86952725482661],[-76.97903520532024,38.86867654146923],[-76.9788696677897,38.867637681769644],[-76.98259035390664,38.86855418853496],[-76.98317889959344,38.86965883048024],[-76.98606562078977,38.8670685256129],[-76.98919773601236,38.866880205908714],[-76.99292999536452,38.8644212706902],[-76.99631347438466,38.86494724900844],[-76.99707927968585,38.86371552880196],[-76.99945106174522,38.863071104563986],[-77.00165141514597,38.86307537203694],[-77.00190296125083,38.86378983206149],[-77.00233694370925,38.86048042266235],[-77.00046832208808,38.862553828069494],[-76.99445597814926,38.86364543301211],[-76.99429594124616,38.86091902942271],[-76.9929414763574,38.861046140215805],[-76.99304441993725,38.85565908472015],[-76.99068440664107,38.852928258643544],[-76.99271875421837,38.85189384247511],[-76.99229014106318,38.85351565133998],[-76.99447879751189,38.856895173689104],[-76.99379302291155,38.859490078513275],[-76.99471885436343,38.860984777074414],[-76.99903373158189,38.86131780764367],[-77.00217109268934,38.85944159510723],[-77.00335414741474,38.85996312263023],[-77.00515331985548,38.85315135176699],[-77.00786730296018,38.85120928476839],[-77.01093433336682,38.84459453594113],[-77.01228846121015,38.84446722870131],[-77.01119122322594,38.84362141304606],[-77.01128216595176,38.84160947643585],[-77.01341731477119,38.83518766328331],[-77.01782666495998,38.83182054140683],[-77.02358438779108,38.83001339355123],[-77.0239266124984,38.828715863324966],[-77.02240673014745,38.8278045007215],[-77.0243543762562,38.82709394946009],[-77.02394167327799,38.823653183856294],[-77.02182806614846,38.82332493123588],[-77.02275906039435,38.82313185497739],[-77.0225930034082,38.82209305899597],[-77.01761124164533,38.819293200497796],[-77.01880917071774,38.81475190411078],[-77.02178306701073,38.81014884717019],[-77.01417561412978,38.80896683800071],[-77.00816250849616,38.8117466584226],[-77.00832295585403,38.81447302966224],[-77.00483426412568,38.8210219813373],[-77.00592565166686,38.82355540973003],[-77.00549205182719,38.826864818331934],[-77.00667460178728,38.82738631229148],[-77.00479602477776,38.83283489536498],[-77.0029336884844,38.833220771193],[-77.00165987605158,38.83471116886774],[-77.00039157738541,38.83451399323203],[-76.99987756671507,38.83646019187054],[-76.99818646921318,38.8361972637551],[-76.9979294319448,38.837170358889914],[-76.99640404022888,38.83794623705441],[-76.99522139246453,38.83742464444843],[-76.99352456453234,38.838849213349306],[-76.98819403737589,38.83903317447483],[-76.98014324581713,38.84284598354871],[-76.96930988354802,38.84386121574014],[-76.96923035549771,38.842498000702136],[-76.97024754315363,38.84198097352946],[-76.97456118375725,38.84231485557668],[-76.97828660142761,38.841543928412904],[-76.98150940169532,38.83934389172779],[-76.98311476301268,38.83993140245767],[-76.98354350040469,38.83830962776776],[-76.98574310557619,38.83831417771548],[-76.98591457563272,38.837665464458],[-76.99530708466244,38.837100281315934],[-76.99980305461847,38.83340943739588],[-77.0005629081779,38.8338652599683],[-77.00379018368665,38.82997708581477],[-77.00321814566139,38.82380986974641],[-77.0050109814426,38.818685684974945],[-77.0000078348166,38.82263535062387],[-76.99957955573473,38.82425717959506],[-76.99873414748866,38.824125716557305],[-76.99830021788482,38.827435100166554],[-76.99516413426403,38.82931120812435],[-76.98374474628076,38.82922312090866],[-76.97994030263973,38.82863100508472],[-76.9801118015489,38.82798230052746],[-76.9885719713839,38.827610384349526],[-76.99161668846992,38.82774636244395],[-76.99144529246522,38.828395082911456],[-76.99271346050976,38.82859235002581],[-76.99499845631985,38.82827237451966],[-76.99746040809893,38.82561606962019],[-76.9963636257541,38.82477012433808],[-76.9953468633669,38.825287364996996],[-76.9904458310185,38.82384960820144],[-76.98850962113023,38.821184510554225],[-76.98639624518577,38.82085565333164],[-76.98699621303712,38.81858515707175],[-76.9907029211936,38.82287652996121],[-76.99475849147255,38.82418278626177],[-76.99798002753427,38.82198232510967],[-76.99832267009337,38.82068486675809],[-76.99959072266127,38.82088206329525],[-77.0000189816744,38.81926023484655],[-77.00264069199851,38.819330212542255],[-77.00475956045943,38.81797123475648],[-77.00467939803723,38.816608046282795],[-77.00552472985504,38.81673946863528],[-77.0052733105484,38.816025019600474],[-77.00256608182184,38.81627946516293],[-77.00213789695455,38.817901301928956],[-77.00036714018661,38.81627521396635],[-76.99580359791162,38.81522776329334],[-76.99318777254611,38.81347008443823],[-76.99108615781903,38.80976619557899],[-76.99411871677466,38.813277223685766],[-76.99825946667697,38.814259002455245],[-76.99833950652236,38.81562219475922],[-77.00307437642714,38.81602081647785],[-77.00248596225694,38.81491627550221],[-77.00367378529937,38.813750240561724],[-77.0038505221698,38.811413947567296],[-77.00698561283639,38.8095376230968],[-77.00901315475245,38.81019050033252],[-77.0114686784393,38.80922147801069],[-77.01410053211872,38.80591610074351],[-77.04368521338058,38.81051019489388],[-77.04207541263577,38.81161102894944],[-77.04224172323292,38.81264979768429],[-77.04063648642364,38.81206305501477],[-77.03809108964289,38.81504460627062],[-77.04027607208415,38.820110864496726],[-77.03993417865361,38.82140843872417],[-77.04331142907371,38.823620691051524],[-77.04406689829005,38.82576380657531],[-77.04533516272554,38.82596053479194],[-77.04431418258318,38.82816573830773],[-77.0452361242597,38.83134761543012],[-77.04675636575544,38.83225869818629],[-77.04674288736146,38.8373213848682],[-77.04555536922064,38.83848783568725],[-77.0467383941475,38.83900894770475],[-77.04681936758178,38.840372112012304],[-77.05121870946684,38.84037892559202],[-77.05258140484749,38.836876051837066],[-77.05664312554204,38.836492720348],[-77.0551269711889,38.83389419602197],[-77.05715562118445,38.83454628648694],[-77.05834711384696,38.831692162727336],[-77.05944471918224,38.83253755951308],[-77.05884689270327,38.83480840941431],[-77.0608714354079,38.83714800200898],[-77.06374590960907,38.837931023788464],[-77.06518520301753,38.83747872797536],[-77.06484367146307,38.83877637329194],[-77.06272944196394,38.83844881823895],[-77.06357102779681,38.8402674082388],[-77.06542916201454,38.84156818441188],[-77.07041822713742,38.84267856083909],[-77.07024749727199,38.84332739117128],[-77.08310848391322,38.84295499839316],[-77.08472197131174,38.840166062783766],[-77.08844963967613,38.83770425909432],[-77.08921009186237,38.838159537851205],[-77.08616117867822,38.839713523139096],[-77.08353137273147,38.843020442753264],[-77.08776384664117,38.84198724195728],[-77.09030118232513,38.84237979107299],[-77.09207457824651,38.84400459672759],[-77.09731663475853,38.84582816477363],[-77.09918207235754,38.8437533038194],[-77.10087370839464,38.8440148531309],[-77.10392248781959,38.84246050500464],[-77.1049450111368,38.83856724232268],[-77.10680073684198,38.841554962646896],[-77.10764654150273,38.84168568813857],[-77.10798732483246,38.840387924529665],[-77.11026915981924,38.84175338738354],[-77.10383727261363,38.84278494325478],[-77.10358162244513,38.84375825772239],[-77.09773955299286,38.84589356064975],[-77.09917551270536,38.84712843545458],[-77.10086722703691,38.847389984952194],[-77.1015458512429,38.84648205858461],[-77.10416547199505,38.84823745333531],[-77.10863824972031,38.85466805717314],[-77.1138021836538,38.85344023602111],[-77.11591707713825,38.853766919837035],[-77.11159912337746,38.855125527881626],[-77.11083835438131,38.8546703857365],[-77.11015976968972,38.85557836383399],[-77.10846783198625,38.85531694099279],[-77.10551010388261,38.853171827851966],[-77.10458525554773,38.84999039249628],[-77.10331641339774,38.84979427056058],[-77.10407391781878,38.85193702564494],[-77.10271981213366,38.852065336243555],[-77.10127076857417,38.85758077192376],[-77.1002542935546,38.858098875391555],[-77.10304158783347,38.860892991965414],[-77.10227439442099,38.86381293511193],[-77.10134955229903,38.860631471760385],[-77.09932305827218,38.858292534892165],[-77.102978695055,38.84940445584616],[-77.10128692640009,38.8491429351234],[-77.1015426260887,38.84816962481477],[-77.09697563604536,38.84712589979051],[-77.09435622836389,38.845370353227615],[-77.09139585915278,38.84491247095987],[-77.09122877461698,38.84387376488011],[-77.08776030266812,38.84367480697794],[-77.08750798468868,38.842960523154574],[-77.08454413790706,38.84419004238014],[-77.08285255641555,38.843928270076496],[-77.08335346664616,38.847044421895966],[-77.08529743113132,38.848020476629614],[-77.08470389816691,38.84860388888779],[-77.08166182319881,38.84678263325097],[-77.08242599540084,38.84555038860423],[-77.08149487306599,38.845743913834255],[-77.08132792769048,38.84470519431126],[-77.08251497467117,38.843538399838934],[-77.07752188551358,38.844116075307895],[-77.07684298416504,38.84502386980743],[-77.076590768481,38.84430956364652],[-77.07439097773344,38.84430662693229],[-77.07362668276004,38.84553882184123],[-77.0752290878351,38.84781270426194],[-77.07530677118638,38.8508634171851],[-77.07699848650628,38.851125292727076],[-77.0748800016795,38.8524855109708],[-77.07453472167198,38.85547075198787],[-77.07207457107701,38.85812859679505],[-77.07469390052856,38.85988461695605],[-77.08087169906109,38.859827841630235],[-77.08070102208083,38.86047668761034],[-77.07706107839643,38.86092627555903],[-77.07097250053464,38.858970876955745],[-77.07301753483883,38.852872441296],[-77.07454242294742,38.852095618639],[-77.07387500805403,38.84794069952874],[-77.07150829736301,38.84689898158489],[-77.06626276789628,38.846761886238106],[-77.06152970825717,38.84467811468938],[-77.05450743247047,38.84460284300276],[-77.05365735588775,38.84615931905468],[-77.0523032689799,38.84628707851215],[-77.05694648096541,38.850383174399354],[-77.05534029492853,38.84979662002576],[-77.05372980263743,38.85089761014936],[-77.0527174387186,38.849727757795414],[-77.05161527154793,38.850569864965806],[-77.0506117547002,38.84602486590808],[-77.0509535735267,38.84472725882312],[-77.05222218643752,38.84492391691235],[-77.05146627895215,38.84278084677341],[-77.05223091952294,38.84154878899054],[-77.04918551356523,38.841414300845535],[-77.05052629809228,38.84634926756087],[-77.04992808054142,38.848620077805215],[-77.04815105076078,38.8486822327997],[-77.04857839271595,38.84706023183734],[-77.04773263178495,38.84692910298005],[-77.04120928237958,38.84996937208697],[-77.0436565872909,38.85237483735115],[-77.04583856027381,38.85912858416349],[-77.04727838334512,38.858676495369956],[-77.04760689781165,38.862441596477844],[-77.05081972858078,38.863614886637606],[-77.05108054717361,38.86095411160218],[-77.05192210220666,38.86277278529755],[-77.05311860809627,38.858231136005244],[-77.0551479174624,38.858883261107614],[-77.0546438203457,38.85745455781249],[-77.05954417929645,38.8605773462172],[-77.06063806061503,38.86311030293989],[-77.06098394596127,38.86012509808694],[-77.06411966042869,38.85824731761236],[-77.06530313875452,38.858768253459395],[-77.06504691798727,38.85974149006016],[-77.06377801259072,38.85954496297918],[-77.06394064548329,38.86227127566648],[-77.06478661358852,38.862402294094416],[-77.06376981206037,38.86292009849624],[-77.06291559932171,38.86616420984226],[-77.05893770126562,38.86622334012162],[-77.05724995201672,38.864273649215725],[-77.0569081536196,38.865571276536535],[-77.05301575157942,38.86530580994395],[-77.05141365497214,38.8630316357632],[-77.05022137845764,38.86588570273962],[-77.04767896738501,38.86717989985362],[-77.04682848163208,38.86873633302919],[-77.04547396328412,38.86886401816894],[-77.04657197911271,38.869709532531026],[-77.04513193368643,38.87016161369244],[-77.04487086495183,38.87282237905899],[-77.04571692123713,38.87295352784145],[-77.04826402857569,38.869971800998705],[-77.04818299523359,38.868608633085756],[-77.05097748897593,38.868028786071875],[-77.0512383176048,38.86536800934313],[-77.0520799275414,38.86718668289619],[-77.0537719382498,38.867448876079564],[-77.05351553298058,38.86842208980429],[-77.0502980342618,38.868936437523054],[-77.04995609021648,38.870234046370754],[-77.05071664130145,38.87068956307998],[-77.05148158735929,38.86945750602854],[-77.05266515738084,38.86997856326181],[-77.05266079929116,38.87166613252446],[-77.05232325059322,38.8712761788001],[-77.05139171968224,38.871469478325395],[-77.05265644099966,38.873353702123396],[-77.05333590752416,38.87244603726874],[-77.05468616733978,38.87400583593991],[-77.05832690226723,38.87355690460526],[-77.05824567671225,38.872193742703594],[-77.06112982933202,38.8696016892069],[-77.06214674283652,38.86908390606587],[-77.06409101113836,38.870060295998684],[-77.06399739513715,38.873759847632165],[-77.0627282484838,38.87356330948064],[-77.06247194131082,38.87453654243492],[-77.06458721663314,38.87486410321502],[-77.06424140893787,38.87784932328613],[-77.06001070711429,38.877194153593315],[-77.05950638799686,38.875765467028614],[-77.06077556431285,38.87596203822655],[-77.06094645496806,38.8753132185322],[-77.05959183912432,38.87544105808732],[-77.05984818794192,38.874467830985246],[-77.05824144771813,38.87388131260155],[-77.05713472430878,38.876411041624415],[-77.05840390547068,38.876607637125446],[-77.05780992438102,38.87719092243546],[-77.06076305185769,38.88102475147796],[-77.06075888065293,38.88271232324921],[-77.06278894018999,38.88336432509051],[-77.06168638062937,38.884206525160465],[-77.06362694127073,38.88687049680621],[-77.06388737542808,38.88420968748222],[-77.06566120035792,38.88583487907719],[-77.06735369296317,38.88609688739616],[-77.06760997559574,38.88512364298859],[-77.06921703913208,38.8857100407],[-77.06794366519401,38.887201128651505],[-77.06557576406387,38.88615929261077],[-77.06548626498265,38.88817127915252],[-77.06446910880835,38.8886890908871],[-77.06556358341135,38.89122201263363],[-77.06793565452303,38.89057627556962],[-77.07377443959027,38.89181751484938],[-77.0749623751125,38.89065078633095],[-77.0777575010311,38.89007033388969],[-77.07920148195116,38.88793029875065],[-77.08352198365434,38.88657281459755],[-77.08326590847156,38.88754609206546],[-77.07996240055904,38.88838563692068],[-77.0774159468702,38.89136802176814],[-77.07614645730618,38.89117162061574],[-77.07250105217992,38.89330865074594],[-77.06988057394211,38.89155257720632],[-77.0681879455141,38.891290603213996],[-77.06699989107742,38.89245726689973],[-77.06547814036543,38.89154642631578],[-77.06833882518202,38.89907964573102],[-77.06918522863253,38.89921063471289],[-77.0685911495751,38.89979397331734],[-77.07316103462904,38.90083875117721],[-77.07477233727053,38.8997375019136],[-77.07451609891484,38.90071076290329],[-77.07688460088714,38.90175243003758],[-77.08204872825345,38.90221350197196],[-77.08315132491371,38.901371118894026],[-77.08340380248966,38.902085416531364],[-77.08882052946376,38.9032605036422],[-77.09025746882786,38.904495490268836],[-77.09440469752884,38.90547406377312],[-77.09457196864938,38.9065127731997],[-77.09736422230436,38.907619455560955],[-77.10243718257753,38.91177927259484],[-77.10826289287358,38.92145679364792],[-77.11283173903334,38.924187694176005],[-77.11299931596398,38.92522638128566],[-77.11393137077965,38.92503261738058],[-77.11612782010876,38.92841001808836],[-77.11782148357388,38.92867133869128],[-77.11654835379814,38.93016293408016],[-77.11942146881447,38.93431984151561],[-77.12889763433087,38.94185799853308],[-77.12855414545012,38.944843423401686],[-77.13143106219513,38.94731247276016],[-77.13015788528104,38.94880421171297],[-77.13227310517101,38.950818209153205],[-77.13167657937667,38.953089443433456],[-77.13625071450465,38.95413190306444],[-77.14488170932519,38.963225920013436],[-77.14877754586209,38.96517609678242],[-77.15648862958362,38.966025377386416],[-77.15665887839272,38.96537641823493],[-77.16530076605585,38.96771865158306],[-77.1704717640192,38.966488450678746],[-77.17259019639415,38.96681417184437],[-77.17199639465709,38.967398011055415],[-77.18131778541392,38.96883079942767],[-77.18470877522664,38.96766404560128],[-77.19428533088758,38.968122362635576],[-77.19776102202044,38.96663074675268],[-77.20318439495736,38.96780084686899],[-77.20657339578966,38.97000868446529],[-77.2095395758381,38.9704638212943],[-77.21115035467483,38.969360790021405],[-77.21335392840908,38.96936129818494],[-77.21360855158149,38.96838774205394],[-77.21445540906468,38.97020533498979],[-77.21852319389389,38.97150428428438],[-77.2220829514295,38.97137505919743],[-77.22640506595567,38.97338777135205],[-77.22962488938653,38.97961923065928],[-77.23098114361002,38.97948953093666],[-77.23123556639453,38.97851593716998],[-77.23242219515045,38.979035284261336],[-77.23505014711952,38.975725149274524],[-77.23988141191786,38.980852980368454],[-77.24522177335285,38.982345782974285],[-77.24835921029569,38.992276506406334],[-77.24997030561687,38.99454816924568],[-77.25319222634103,38.995716230627856],[-77.25293831721781,38.99837747400211],[-77.25607608779627,39.00155761130031],[-77.2557371917308,39.002855808749615],[-77.25488924809818,39.002726091760294],[-77.254634418511,39.00032453121021],[-77.2537865063482,39.00019480674108],[-77.25395657431959,39.00292091707092],[-77.25243044323979,39.00369996255683],[-77.25132801492242,39.00285625853762],[-77.25107377592148,39.00382989716533],[-77.25005611239456,39.00266163570957],[-77.24598602255313,39.001363713870774],[-77.24852976725211,39.001753029819945],[-77.24869927853521,39.0011039411308],[-77.25022561217615,39.002012544842515],[-77.25107330243999,39.000454690629475],[-77.25192121279348,39.00058443363569],[-77.25124278800416,38.99980559860139],[-77.25276857405825,38.99733896599393],[-77.25192070001835,38.99720922884209],[-77.25225963788105,38.995911042973276],[-77.24640946394062,38.994678194755984],[-77.2473420522609,38.9944834263996],[-77.24776580894547,38.99286071028343],[-77.24674848834775,38.993380024453195],[-77.24751124903176,38.9904591388498],[-77.24420458160328,38.98286507544941],[-77.24038999987815,38.98228095079074],[-77.24022047334786,38.9812424282305],[-77.23632132784147,38.97929511871239],[-77.23479550347398,38.980073944528705],[-77.2342867354622,38.98202114674193],[-77.2330998645502,38.983189415297545],[-77.23225219046549,38.98305954409419],[-77.22538678817443,38.978969698464276],[-77.22445510119181,38.9757891078317],[-77.21750487969963,38.975398548673034],[-77.21665788562572,38.97358097513599],[-77.21487794967486,38.97364552265217],[-77.21394491723356,38.975527642507345],[-77.2106382250437,38.978058276151216],[-77.20809551151426,38.97766818526961],[-77.20809627149845,38.97598058872618],[-77.2043681098064,38.97338324632774],[-77.20318264733152,38.9711760361749],[-77.1969965145604,38.96955131563959],[-77.1968266156812,38.970200330480466],[-77.19411432707393,38.97045896823916],[-77.18699603926719,38.969028117012186],[-77.18504618559022,38.96974123770017],[-77.17979159209692,38.96960894764785],[-77.17962153966077,38.97025793892726],[-77.17606326443814,38.96869835151566],[-77.17182467696537,38.96973458562672],[-77.1686869398769,38.97161511825888],[-77.15419600304503,38.969723524851936],[-77.15055105059724,38.97017527813431],[-77.14648455427103,38.968874101296805],[-77.1473297408482,38.970692152009704],[-77.14605867929757,38.97049646478763],[-77.14597570238082,38.96913334329047],[-77.14419581302015,38.96919687694199],[-77.14148798396079,38.96607917739492],[-77.14013182076091,38.966207898808165],[-77.13878038687345,38.96296142019852],[-77.1327693484036,38.95899697432148],[-77.13082688621465,38.95464646995783],[-77.12871159510097,38.952632446753285],[-77.1288872520586,38.948608349231286],[-77.12634600612562,38.948216585240985],[-77.12677747932429,38.94321911959462],[-77.12017752928818,38.938150106325224],[-77.12009507375176,38.936786973919716],[-77.11806016568148,38.93782349174954],[-77.1185717326311,38.93587677997087],[-77.1154398939401,38.934380786188285],[-77.11180843512562,38.92808106255313],[-77.10665161621269,38.922558481251386],[-77.10132171862452,38.9193721494408],[-77.10191569518852,38.91878865253952],[-77.09887683844944,38.91359264387886],[-77.09279013424265,38.90826314714892],[-77.08432838712035,38.905267029823506],[-77.08094240120342,38.90474345238746],[-77.07848458233585,38.90571386272526],[-77.07687700288399,38.90512758369967],[-77.07602287893717,38.908371802152324],[-77.07415898920225,38.90875875226355],[-77.07390271091585,38.90973201311413],[-77.07533952499836,38.91096717366005],[-77.07711805106253,38.910904628193414],[-77.07592981974166,38.91207138038157],[-77.07694342298466,38.91324105185533],[-77.07592599816792,38.91375895925595],[-77.07313383496333,38.91265179322812],[-77.0749162490525,38.91090170080118],[-77.07373185492011,38.91038085345535],[-77.07322703690882,38.908952216819024],[-77.07458610446095,38.90713664994195],[-77.07594128340045,38.90700864598763],[-77.07645375948834,38.905062116139],[-77.06714259728605,38.90362146440237],[-77.06527878193609,38.904008280778534],[-77.06502647542668,38.903293946066825],[-77.06121750403483,38.9027043220786],[-77.06104655153644,38.903353144345154],[-77.05638691230666,38.904319903637706],[-77.05392011864294,38.90866498078966],[-77.05052978379513,38.9098281498505],[-77.05957653156997,38.91561843907141],[-77.05864023049261,38.91749937333371],[-77.05788338093629,38.915356323568496],[-77.05280835950053,38.91288226010874],[-77.0495977550889,38.91002143681743],[-77.0495166522326,38.90865826302328],[-77.05358239174865,38.908275028707536],[-77.05630568875299,38.90295673529126],[-77.0572376092695,38.90276339807787],[-77.05554905896267,38.900813675327974],[-77.05622874556582,38.89990599155122],[-77.05513446506163,38.89737298463963],[-77.05607059799028,38.89549208173791],[-77.05489089705475,38.89328348129144],[-77.05395909157161,38.89347680063347],[-77.05369826167737,38.89613759213852],[-77.05311278212069,38.893345707792875],[-77.05159118648375,38.89243469663716],[-77.04727422676564,38.89210349508397],[-77.04498745894288,38.89242443733131],[-77.04329032336744,38.89384969687686],[-77.03465157443048,38.89487413852229],[-77.03244543098975,38.896558030662106],[-77.02550381215711,38.89615672344118],[-77.02533255697018,38.89680549587678],[-77.02398250311784,38.89524537310894],[-77.01789248285463,38.8932873584876],[-77.01560554855911,38.893607758739456],[-77.01644139655798,38.89711425348812],[-77.01466315543621,38.89717592848874],[-77.01448655726796,38.899512259557],[-77.01330278059285,38.89899083584044],[-77.01296003652878,38.90028834727154],[-77.00948373346847,38.90177477040156],[-77.01091929801264,38.903010675898564],[-77.00617329403916,38.90429992427694],[-77.007271387749,38.90514579048131],[-77.00573922480626,38.90760936480865],[-77.00683736336606,38.90845523521865],[-77.00853555236644,38.90703047219737],[-77.01132651760192,38.908139091820765],[-77.0148835377623,38.908015811855655],[-77.01572473268688,38.909834741745556],[-77.01944803771649,38.91075014659784],[-77.02258194476084,38.9105609820893],[-77.0233477853936,38.909329092672394],[-77.02546389498622,38.90965732262438],[-77.02774635213721,38.91102431640906],[-77.0273181709942,38.91264625799574],[-77.02825029238656,38.912453138443574],[-77.0296814926788,38.91537640592592],[-77.02611916233725,38.91718768840973],[-77.02451175140841,38.91660072961064],[-77.02519197210164,38.9156932141863],[-77.0233276252244,38.916079400470146],[-77.02450673818362,38.91828830766093],[-77.02289426529606,38.91938890610592],[-77.02407844218683,38.919910239613486],[-77.0238214554319,38.92088339824325],[-77.0214530906369,38.91984071491263],[-77.02247098761684,38.91932325414833],[-77.0216295146202,38.91750436776499],[-77.02265243391109,38.91529932802908],[-77.01765912328796,38.91418701817211],[-77.0180018490443,38.91288949142236],[-77.01698401022793,38.91340691506134],[-77.01461598642568,38.91236410218202],[-77.0127516687001,38.91275012928315],[-77.01367856620581,38.91424469593553],[-77.01537153173949,38.914507414971744],[-77.0146911997616,38.91541487637727],[-77.01646988616316,38.915353200825976],[-77.01866667153942,38.91704474362948],[-77.0192510210992,38.919836799027976],[-77.01822277587706,38.923729391050045],[-77.02109002281985,38.927888570422716],[-77.01812159871287,38.92911651299329],[-77.0178748355549,38.92671449996317],[-77.01516353589436,38.92696922430687],[-77.01541543527317,38.92768366262733],[-77.01423119400134,38.927162245850255],[-77.0138026169483,38.92878414423775],[-77.01219504933671,38.92819702487078],[-77.01355599737491,38.92638212272518],[-77.01431690712108,38.92683786603786],[-77.01542065982242,38.92599608282718],[-77.0150025845906,38.924242825918746],[-77.01212522810188,38.923458664877096],[-77.01297709451711,38.92190245928321],[-77.01763326170982,38.922624908098676],[-77.01831878134718,38.920029851115295],[-77.01561295165918,38.91859700680763],[-77.01688794568794,38.917106450705965],[-77.0155324753402,38.91723380933526],[-77.0145198029786,38.91606363548278],[-77.01375374221738,38.91729547145496],[-77.01206071771239,38.91703273023349],[-77.01046943891566,38.911382859181124],[-77.01123549303591,38.91015104445661],[-77.00556231510691,38.90994568627842],[-77.00497310446998,38.908841145166015],[-77.00437295356461,38.91111175225578],[-77.00208540018325,38.911431903809486],[-77.00114766843603,38.91331240258248],[-77.00019315883875,38.92025562595405],[-76.99536005027745,38.92186883313573],[-76.99441058822251,38.927124440751136],[-76.99330657558063,38.92796603707894],[-76.9947651952336,38.92245181951134],[-76.99349538721258,38.922254571187764],[-76.99366698584944,38.92160584062472],[-76.99807685527746,38.91992696425792],[-76.99835104099085,38.913891129037665],[-76.9999637629775,38.9127908505716],[-77.00056406516487,38.9105202643285],[-77.00454990424409,38.90877543212896],[-77.0049785695909,38.907153570030495],[-77.00278240039076,38.90546178693651],[-77.00312535007765,38.90416430279299],[-77.0016898950364,38.90292830686962],[-77.00237027235185,38.902020918276776],[-76.99880791620895,38.903831412929854],[-76.99584577333366,38.90337124434628],[-76.99601730655753,38.90272251213577],[-76.99161420557928,38.90271373793502],[-76.99228318900543,38.90518155183075],[-76.99007575419327,38.90686469199312],[-76.98964675872857,38.90848650248578],[-76.98710178496093,38.90977946327663],[-76.9859920456255,38.91230856762532],[-76.98574048803354,38.91159407104004],[-76.98438506588201,38.911721089095124],[-76.98447683405959,38.909709155840076],[-76.98744503428404,38.90848202180138],[-76.99109947916665,38.90465991573551],[-76.9895784230737,38.90374814226749],[-76.99102526492837,38.901609131581246],[-76.9884864026324,38.90121454643026],[-76.98789166123937,38.90179749825816],[-76.98527291827764,38.90003963493088],[-76.98467816076204,38.90062257125523],[-76.97926331319417,38.8994429351637],[-76.9801156007126,38.897886960273055],[-76.97740524212841,38.8981408581486],[-76.97741134503207,38.896453286608704],[-76.97444963737807,38.89599260725863],[-76.97385482630257,38.89657549135619],[-76.97148796718274,38.895531857177005],[-76.96868548196299,38.897797484365014],[-76.96815122511069,38.90480628212629],[-76.96484561019814,38.90564276018151],[-76.96381465807558,38.90953489316703],[-76.96228738761029,38.91031035782272],[-76.9655009542428,38.911485866644355],[-76.96929073151394,38.91714115642471],[-76.97437556084397,38.916243486858946],[-76.98030065967542,38.91716478073561],[-76.98191372680613,38.91606473658216],[-76.98301171611222,38.91691081892418],[-76.98055218314185,38.917879288880314],[-76.97894512436758,38.91729173941731],[-76.9716582614049,38.91818483546299],[-76.97114289238829,38.92013093430127],[-76.97215492423962,38.92130146291266],[-76.97053532945333,38.92408895778012],[-76.97205657194613,38.925000967301884],[-76.97179887208434,38.92597401864224],[-76.97052906489276,38.92577653506594],[-76.96799579454742,38.923693951857565],[-76.96876269650136,38.92246239766206],[-76.96732746408239,38.92122600099602],[-76.96767111962163,38.919928612335426],[-76.96555497245792,38.91959939565018],[-76.96581273318473,38.91862635811812],[-76.97123503697082,38.918119008637156],[-76.96522405520076,38.91752162694787],[-76.96709509027713,38.91544873909201],[-76.96574593855685,38.91388797863872],[-76.96396724524716,38.913948926563435],[-76.96397366082219,38.912261352268644],[-76.95738128739978,38.90887127844319],[-76.95406207468447,38.91308261656955],[-76.95328835974976,38.916001652492],[-76.95404878378032,38.91645776485383],[-76.95006805316778,38.916513400587185],[-76.947012894348,38.918063973905646],[-76.94354128726992,38.9178609764427],[-76.94666887961202,38.91936130496351],[-76.94496919314385,38.92078522261291],[-76.9438715874685,38.91993880304831],[-76.94242991220337,38.92038969333872],[-76.94174168522107,38.92298433009781],[-76.94241608086648,38.92376484362749],[-76.9430973912428,38.922857778021985],[-76.94436707310585,38.9230555423872],[-76.94444622370517,38.92441878672369],[-76.94791135719181,38.92630933524236],[-76.94603266441958,38.930069513577116],[-76.9489888138533,38.93221845150499],[-76.95584086097914,38.934635963187624],[-76.9581358990719,38.93262908523808],[-76.95872459165167,38.933733852310084],[-76.96177369033865,38.93387056586162],[-76.9615158216737,38.93484359700646],[-76.95762006641993,38.934575131661155],[-76.95735556889167,38.937235733511834],[-76.95405500528568,38.93638434806539],[-76.95533157063717,38.93489442161643],[-76.95228244118229,38.93475754967463],[-76.95287773682992,38.934174766163935],[-76.95177983739933,38.93332841506444],[-76.94949135519624,38.93364759720641],[-76.94932609146926,38.93260868950069],[-76.94738169339045,38.93163049187807],[-76.94517927199311,38.931625260639905],[-76.94629754960627,38.92740893850728],[-76.94537186765179,38.92591386591896],[-76.94020693052501,38.92544709981221],[-76.93995577678443,38.92473250917329],[-76.9410186664772,38.934016848091204],[-76.94279786915399,38.933956229193036],[-76.94509324527426,38.93194959279458],[-76.94660751356639,38.93454949339266],[-76.94608452702404,38.938183071230725],[-76.94810831933546,38.94052453508151],[-76.94843885268833,38.94260235595093],[-76.94903424324258,38.94201959025201],[-76.95157431443431,38.94241498545223],[-76.95378371694768,38.94073252285722],[-76.95590042509693,38.941061941361546],[-76.95758723939225,38.94301303078844],[-76.9565619603157,38.945217541597415],[-76.95791805456658,38.94509082711563],[-76.9570647400497,38.946646659199715],[-76.95418047732778,38.94754873310802],[-76.95494123646162,38.9480048419711],[-76.95858628513575,38.947558836796865],[-76.95901620273213,38.94593712526624],[-76.9602863303183,38.94613472727144],[-76.96105359906628,38.94490321694541],[-76.96240322494947,38.94646403505982],[-76.96333595130092,38.94627140265998],[-76.96332951794639,38.94795898475824],[-76.96460609644181,38.9464689604451],[-76.96579029618962,38.94699085241384],[-76.96613410073918,38.9456934634138],[-76.97130688864115,38.94447156889862],[-76.9743688152666,38.94123281000973],[-76.97514195316928,38.938313632635285],[-76.97421554035729,38.93681877317547],[-76.97557144743945,38.93669186585785],[-76.97668192032182,38.93416284650081],[-76.97939362224764,38.93390896321659],[-76.97931380706984,38.93254573951733],[-76.98125865844187,38.933523436595905],[-76.97786600647504,38.934684622291556],[-76.97938756214704,38.93559654320386],[-76.97735068659107,38.93663075128242],[-76.97640586192216,38.94019865023627],[-76.97708078857352,38.94097897704544],[-76.98503894752352,38.94255342486689],[-76.99106952864032,38.93808710224679],[-76.99310050751713,38.938740250055105],[-76.99089207416239,38.9404234123427],[-76.98962196320787,38.94022612387319],[-76.98647490112508,38.94378962014159],[-76.9830878292075,38.9432633678064],[-76.98283619316368,38.942548862328074],[-76.98046167496216,38.943192975059105],[-76.97893994708376,38.94228106635737],[-76.97825890154344,38.94318833123735],[-76.97580456164599,38.942469128566415],[-76.97231926148288,38.94564210008528],[-76.96672302032773,38.94679819453264],[-76.96551966926532,38.95133905933687],[-76.96729927483366,38.95127808882339],[-76.96899923641749,38.9498538591444],[-76.9717912411146,38.95096337511154],[-76.97247243999263,38.950056144743115],[-76.97433174789234,38.95135830479626],[-76.9727177841476,38.9524582556611],[-76.97414754066115,38.95538217973783],[-76.97635068280495,38.95538689657335],[-76.97660842594588,38.95441383177687],[-76.97922891577532,38.9561718910931],[-76.98577619663219,38.94975967631041],[-76.98933529353907,38.94963712863518],[-76.9904396807276,38.94879556512107],[-76.99053132831548,38.94678361722455],[-76.99366686147643,38.94659518266136],[-76.99086310085477,38.94886132667705],[-76.9937412322749,38.94964598377832],[-76.99542925951776,38.95159656083252],[-76.99898282264195,38.953161321265696],[-76.9994864899991,38.95459026841085],[-76.99618464709684,38.953740002050125],[-76.99568105043488,38.952311041676126],[-76.99356383536414,38.951982301509766],[-76.99255103278638,38.95081194267437],[-76.98797330696289,38.95145177080303],[-76.98636544717303,38.95086431479456],[-76.9837330547902,38.95248157556468],[-76.98262254743024,38.95501066458117],[-76.98372113241795,38.95585674520393],[-76.98812744691864,38.95586579973919],[-76.9908341208301,38.95729925114651],[-76.98151797558104,38.955852159251336],[-76.9793946597695,38.95721076235893],[-76.97600701456473,38.95668431568186],[-76.97582903130072,38.9590206103838],[-76.97979996140977,38.96233931972289],[-76.98070268533337,38.97058449448685],[-76.98383330928277,38.97208389674368],[-76.98399915524183,38.97312276429416],[-76.99019244720492,38.97138292033581],[-76.99197829342071,38.96963400646763],[-76.99486296264033,38.96873105091066],[-76.99502895839564,38.96976990319311],[-76.9982456791093,38.970944573083415],[-76.99765044605896,38.97152757735582],[-76.99231597489973,38.970024129607516],[-76.98951126961373,38.972290250820386],[-76.98509802964355,38.9739688349843],[-76.98391325248078,38.97344712528089],[-76.985006197608,38.97598078687043],[-76.98246477335937,38.97558607434379],[-76.98120009309709,38.97370110880907],[-76.98247076543319,38.97389848446875],[-76.98272849230456,38.97292540430721],[-76.97765201300624,38.97044824554502],[-76.97909446155381,38.969996942603736],[-76.97774404135755,38.968436300774364],[-76.97937041001677,38.96396110708475],[-76.97555895935668,38.96336884673794],[-76.97454628786235,38.962198339001546],[-76.9726804813802,38.96258376625263],[-76.97156943584562,38.96511276003556],[-76.97333696714686,38.9684268774344],[-76.97155694732754,38.968487934707206],[-76.97181480095257,38.96751487800428],[-76.97113343047184,38.968422107069216],[-76.96910182051752,38.967768596795544],[-76.97062395802237,38.968680629539776],[-76.97036608434593,38.96965368393659],[-76.968248479197,38.96932451091869],[-76.96586658172058,38.97165593493712],[-76.9659461879019,38.97301917493696],[-76.96984403177149,38.973287380214096],[-76.96890466992303,38.97516765140233],[-76.96703850105621,38.97555299455813],[-76.96614679984972,38.987234442115835],[-76.96919815439983,38.98737097424154],[-76.96987972645012,38.98646375319935],[-76.96885420755453,38.98866837974746],[-76.97138976469887,38.99075096502912],[-76.97359397762601,38.99075573085256],[-76.97487109677634,38.98926559143589],[-76.97724716801474,38.988621581322334],[-76.97528857854915,38.99101900003484],[-76.97834010895095,38.991155307496605],[-76.97816820962589,38.99180402338082],[-76.9759639646425,38.99179933878528],[-76.97130378491299,38.99107531815885],[-76.97231680616318,38.992245857474146],[-76.97612974317833,38.99283821998376],[-76.97671919614858,38.99394291140449],[-76.97062218741989,38.99198254767004],[-76.96849761374374,38.99334097167529],[-76.9676376218394,38.9965844823103],[-76.96661825404757,38.9971014986915],[-76.96654497206694,38.99405065976619],[-76.97028452035791,38.99159236419919],[-76.96545878636576,38.98982923546773],[-76.9640158600863,38.99028038126144],[-76.96156007250792,38.989560891758956],[-76.96072580745914,38.98605398211727],[-76.96335992565248,38.98443720149448],[-76.95979908301189,38.984559004551144],[-76.95878637014557,38.983388364480426],[-76.96151292637717,38.979759689543414],[-76.96465636095208,38.977884397530644],[-76.9636629477767,38.97165103191053],[-76.96554180299411,38.96789056429104],[-76.96783129146846,38.967571084429984],[-76.96708294338292,38.96373987979235],[-76.96912072344298,38.962705836329086],[-76.96904106908599,38.96134260045037],[-76.97082091627905,38.961281579332955],[-76.9704037126809,38.959528163571576],[-76.97158816645123,38.960050001173954],[-76.97236161572431,38.957130833301434],[-76.97371790439023,38.95700394588282],[-76.97388976119585,38.95635523955766],[-76.9698272018148,38.95504827838838],[-76.9693241135081,38.9536192108101],[-76.96550690261095,38.954714226608765],[-76.96644608829199,38.952833986803505],[-76.96559924673302,38.95270229549766],[-76.96423661116049,38.954516677813295],[-76.96143810750411,38.95509457498318],[-76.96102765270717,38.951653545980406],[-76.95840776511953,38.94989510340184],[-76.95713757702633,38.949697482056344],[-76.95306234690783,38.951765138153156],[-76.95314169155706,38.95312838237638],[-76.94933102162194,38.952535317311586],[-76.94950308518536,38.951886645205946],[-76.94823288652299,38.95168893263178],[-76.94951659330219,38.948511480996416],[-76.94867660586605,38.94669209279519],[-76.94732046571104,38.94681870627767],[-76.94706235801186,38.9477917091244],[-76.94545490932708,38.947203723254745],[-76.94537571506895,38.94584047527194],[-76.94427085192052,38.94668163716019],[-76.94190278805429,38.9456374311826],[-76.93799950722975,38.94705592990192],[-76.93663628954761,38.94887000753275],[-76.93756911487085,38.94867756881325],[-76.93916953873376,38.95095323849716],[-76.93797142231153,38.95380625598845],[-76.93568223582795,38.95412518425851],[-76.93525175005041,38.95574681677174],[-76.93144108887795,38.95515320198684],[-76.93228074315161,38.956972709072026],[-76.9298191819518,38.957940178019896],[-76.93007035075736,38.958654792510046],[-76.92752982975523,38.95825895605497],[-76.92650342565948,38.960463223134255],[-76.92709186320943,38.96156814465084],[-76.92531197254557,38.96162853847811],[-76.93098895040934,38.96183756987234],[-76.93462063785742,38.96476743644781],[-76.93843884047142,38.96367336940157],[-76.93716142458872,38.965163128082494],[-76.93766396115983,38.96659232841053],[-76.9398674401165,38.96659769312121],[-76.94468414603514,38.97004939705794],[-76.94680166563771,38.97037897223037],[-76.95333308081949,38.96903121468284],[-76.95129489937756,38.97006499981193],[-76.95196313465097,38.9725330541378],[-76.94976622529822,38.97084031679348],[-76.94620602520385,38.97096172960636],[-76.94713229727503,38.97245680556673],[-76.94551745460191,38.97355640593251],[-76.94375106560206,38.970241889876895],[-76.93917868482994,38.96919233258101],[-76.93622132333172,38.967043149486166],[-76.93308476113376,38.967230132555926],[-76.93385271248745,38.96599878676613],[-76.93173537897502,38.965668990848435],[-76.9313190918354,38.96391544268139],[-76.92903678830784,38.96254666449255],[-76.92699116603426,38.96526763384182],[-76.92732120888593,38.967345518336856],[-76.92630196430956,38.967862201294174],[-76.9233376747866,38.967400296389464],[-76.92249812378675,38.96558072601132],[-76.92282803978463,38.96765862255123],[-76.92164381195289,38.96713631895023],[-76.92052349566224,38.9713524425215],[-76.9188220834747,38.97277601222242],[-76.92085338144574,38.9734303460975],[-76.92025750827828,38.97401297916572],[-76.92177916406622,38.97492561180041],[-76.9198265611531,38.97563456289217],[-76.92346584837404,38.97687717472783],[-76.92787342731576,38.976888369282136],[-76.92811738972162,38.979290577640704],[-76.92855541629108,38.975981376702705],[-76.93077356072347,38.97261172913368],[-76.93153443512965,38.97306798319639],[-76.93230247431418,38.97183664593048],[-76.93408260882428,38.97177615173055],[-76.93491542627137,38.975283232684134],[-76.93363773446887,38.97677295766924],[-76.93516670497696,38.9759978386924],[-76.93711212428927,38.976976234054426],[-76.93940202331751,38.97665727831771],[-76.94015602064574,38.978801068236734],[-76.94354443586073,38.97932849549622],[-76.94413328469967,38.98043333928651],[-76.95057286122481,38.98109764795641],[-76.95040073812699,38.981746324352045],[-76.94921608317685,38.98122428280678],[-76.94684000551224,38.98186775556167],[-76.94302788195836,38.981274494386184],[-76.93871315622536,38.97925191910988],[-76.93812439923704,38.97814704980329],[-76.93515961575098,38.977685426609035],[-76.93447769311929,38.97859245571328],[-76.93591349875155,38.97982924263564],[-76.93412605519137,38.9815773520271],[-76.9276076884162,38.979548923894136],[-76.9273492010501,38.98052189038927],[-76.92819629706652,38.980653843321335],[-76.92734193008464,38.98220947901391],[-76.92641594049529,38.98071425316087],[-76.92235287440779,38.979405732882825],[-76.924800601573,38.9818135852915],[-76.92174956371414,38.98167596183416],[-76.9247932713719,38.98350117409954],[-76.92860536285657,38.98409499555546],[-76.92928741025094,38.98318799795829],[-76.93250366212166,38.984364374131346],[-76.93182164379091,38.98527138956638],[-76.93309238406884,38.98546927115086],[-76.93274780245544,38.986766576129696],[-76.9355335888753,38.98956450497638],[-76.93561264631697,38.990927768092845],[-76.93628760597939,38.99170832264632],[-76.93815435197958,38.99132344097477],[-76.93789596382068,38.99229643119613],[-76.93908071781989,38.99281858168329],[-76.94831466527953,38.99459320531819],[-76.95145908088242,38.992718243316915],[-76.95619861566534,38.99480625995812],[-76.95525862332636,38.996686434059306],[-76.95272332111541,38.99460351735695],[-76.94967169420545,38.99446658005889],[-76.94898979521477,38.99537369124219],[-76.9401793672285,38.99366505258912],[-76.93788893631212,38.99398402349941],[-76.93930411878638,39.00028355471498],[-76.93641750936011,39.00118522290885],[-76.94082656296943,39.00119595748946],[-76.94021667350005,39.00515387933007],[-76.9391108498246,39.005995002795764],[-76.94207681217979,39.00645653362161],[-76.9459832007489,39.00503789383536],[-76.94971050005094,39.00595540534945],[-76.95217342139216,39.00498753466378],[-76.95429199192573,39.00531698380775],[-76.95267652801846,39.006416682944746],[-76.94809495270752,39.00705504498247],[-76.945638756337,39.00633523858362],[-76.94224214014656,39.00749546242528],[-76.94054727510121,39.00723174140962],[-76.93867312272259,39.009304256489415],[-76.94079175781835,39.00963393623615],[-76.94204908272066,39.01320692169717],[-76.94602142961071,39.01652673974118],[-76.94668308677468,39.02068244047805],[-76.94838507424197,39.01925847810922],[-76.94897431990249,39.02036330592361],[-76.95262303158033,39.01991747106978],[-76.95356339228826,39.01803730989757],[-76.95568234923643,39.018366736016524],[-76.95584789862377,39.01940564870436],[-76.95329844282745,39.02069793674196],[-76.94982191916958,39.020495112082855],[-76.94862985626543,39.02166066220662],[-76.94702076226663,39.02107268996352],[-76.94904689131947,39.023414168121555],[-76.94870241452671,39.024711525261736],[-76.94649717416158,39.02470631737809],[-76.94497416667849,39.02379398065822],[-76.94532556349668,39.020809033596976],[-76.94363037701794,39.02054535409991],[-76.94449172280498,39.01730199739169],[-76.94221442563484,39.01424585167286],[-76.94051243466158,39.01566972829016],[-76.93687091530647,39.014427608761046],[-76.93472374614771,39.02084825667305],[-76.93557132523154,39.02098016011325],[-76.93522661958852,39.022277479335635],[-76.93343811623953,39.02402559063936],[-76.9336033607363,39.025064533928],[-76.93054329061148,39.02661472668007],[-76.9299398439559,39.028885012574335],[-76.93087371337893,39.028692621818365],[-76.93027025979615,39.03096291010918],[-76.9312831761041,39.032133791774726],[-76.93042827031002,39.033689461596175],[-76.93152743650207,39.03453601471375],[-76.9316926775841,39.03557496237914],[-76.93092395483558,39.03680630842206],[-76.93295000393042,39.03914805538006],[-76.93200883718673,39.041028067064396],[-76.93327341306872,39.04291355411723],[-76.9310460480848,39.047970891564006],[-76.9291778099462,39.04835566991449],[-76.92962342880608,39.043358822107685],[-76.93166397293344,39.042325380781165],[-76.93014078253596,39.04141285943467],[-76.92998276601858,39.03868630400161],[-76.92879733000336,39.038164062761616],[-76.92863937092035,39.03543750713209],[-76.92754022472472,39.034590928326026],[-76.92907047593228,39.03381587728508],[-76.92712364419174,39.03283734694793],[-76.92696575943151,39.03011079165011],[-76.9255291132298,39.02887389126219],[-76.92875456801819,39.02836277179145],[-76.92867559844218,39.02699949607293],[-76.92740414450347,39.02680156794521],[-76.92817282109463,39.02557024576344],[-76.92749763426083,39.02478964282602],[-76.92843870747744,39.0229096704765],[-76.93047869470007,39.0218762521861],[-76.93006211614504,39.02012268439341],[-76.93108206638409,39.01960596631893],[-76.93438613768303,39.020457973765886],[-76.93210200213063,39.01908923991079],[-76.93210916633682,39.017401641143394],[-76.93228153694363,39.01675298646527],[-76.9338904162082,39.01734114927606],[-76.93457270945514,39.01643411785182],[-76.93534824379502,39.0135151555324],[-76.9339908345668,39.01364162458716],[-76.93391178283414,39.01227835551179],[-76.93468019578889,39.01104699599592],[-76.93146272893414,39.009870671260764],[-76.93325806820246,39.0064349966357],[-76.93386122507427,39.004164702968495],[-76.93302098658127,39.00234519351261],[-76.93327947563189,39.00137221189965],[-76.93412682518678,39.001504124782144],[-76.9354191124141,38.996639201974546],[-76.93482316581245,38.997221907057686],[-76.93363837066526,38.996699715573556],[-76.9323602765905,38.99818943233412],[-76.9324678997838,38.992802328124526],[-76.93424854711762,38.992741831353754],[-76.93467927413913,38.99112019331068],[-76.93375302036756,38.98962502015184],[-76.92672418042422,38.987854912852804],[-76.92715504620631,38.986233302154716],[-76.92546073111433,38.98596937607085],[-76.92504447904881,38.98421580149304],[-76.92435502843595,38.986810365555954],[-76.92122499716191,38.98530945972036],[-76.92375907373511,38.98739301662538],[-76.92357933772277,38.98972924679147],[-76.92452005872299,38.98784931472243],[-76.92570464431327,38.98837159251125],[-76.92544610015639,38.98934455636168],[-76.92756409411936,38.98967446077539],[-76.92518022700206,38.992005110867765],[-76.92515825871553,38.99706788668001],[-76.92057703090951,38.99770523224707],[-76.92481348068706,38.99836517197468],[-76.92480614911699,39.000052765132985],[-76.92302531499786,39.000113126519004],[-76.9226804845018,39.001410406514765],[-76.92141690458128,38.99952482456935],[-76.92014595056287,38.99932682301363],[-76.92098583217344,39.00114641871975],[-76.91827142067295,39.00139902745958],[-76.91929865172746,38.999194814751036],[-76.91769029175028,38.99860646460381],[-76.91463099549131,39.0001562585593],[-76.91343110639244,39.00300906020536],[-76.91562814159323,39.00470244911849],[-76.9166479781443,39.0041858509026],[-76.91570684244658,39.006065728141714],[-76.91272583835982,39.0089787566077],[-76.90984623434889,39.00819221309933],[-76.90593897192964,39.00960971644376],[-76.90415007628705,39.01135740221802],[-76.90550749470785,39.01123125944711],[-76.90431487366648,39.01239638226699],[-76.90600195828169,39.01434819399492],[-76.90590788734944,39.016360099411926],[-76.90480929405322,39.015513322155385],[-76.90394619995267,39.01875640235836],[-76.9061434900028,39.020449963442886],[-76.90503703976725,39.02129078545104],[-76.90630833646229,39.02148894239286],[-76.90663804351122,39.02356690017229],[-76.90593979099293,39.02784897794023],[-76.90822370918924,39.02921819498169],[-76.91000526831353,39.02915804563784],[-76.91050771339015,39.03058737033386],[-76.91033511577352,39.031235996259696],[-76.90770585573478,39.03116406228056],[-76.9081374022047,39.029542506303926],[-76.90517071388724,39.029080162939124],[-76.90524924507768,39.030443454038135],[-76.90346765053161,39.03050353516758],[-76.90251798125183,39.03407092179551],[-76.90455084474439,39.03472552893721],[-76.90386018396511,39.03732000032444],[-76.90495909567954,39.03816678906181],[-76.90564194520084,39.03725991349341],[-76.91064199065232,39.03837675408634],[-76.90995919300514,39.03928365731568],[-76.90699209565888,39.038821356702584],[-76.90622292031426,39.04005255050513],[-76.90351483509268,39.03861723500747],[-76.90359334553666,39.03998052935707],[-76.90163881830861,39.04068920170651],[-76.90103435233173,39.04295935246052],[-76.90230601699335,39.043157551103675],[-76.90196061266352,39.04445478276393],[-76.90331865280672,39.04432866322793],[-76.90508499834621,39.04764379415464],[-76.9080447179625,39.049793747116595],[-76.90778571902366,39.05076668401086],[-76.90601140167864,39.04913919546373],[-76.90448058215631,39.04991396440771],[-76.90447277338981,39.051601570809154],[-76.90700868061172,39.053685492446505],[-76.90767618091006,39.05615381857325],[-76.90564269005138,39.0554992601573]],[[-76.86846647834291,39.02436701454712],[-76.8689767037462,39.02410890939267],[-76.8685529560833,39.02404273110294],[-76.86846647834291,39.02436701454712]],[[-76.8689767037462,39.02410890939267],[-76.86991067292237,39.02391697725361],[-76.86906317890463,39.0237846256071],[-76.8689767037462,39.02410890939267]],[[-76.85830559949862,39.02109069983608],[-76.85856515463101,39.020117871135966],[-76.85771772553487,39.01998544214478],[-76.85754468230978,39.02063399345935],[-76.85830559949862,39.02109069983608]],[[-76.90957107366698,38.91965718626001],[-76.91008041979279,38.91939891629419],[-76.90965724404955,38.91933287930546],[-76.90957107366698,38.91965718626001]],[[-76.95159003674151,38.895811556849985],[-76.95108100272637,38.89606999650117],[-76.95150408085213,38.89613589192397],[-76.95159003674151,38.895811556849985]],[[-77.0243543762562,38.82709394946009],[-77.02469157085714,38.82748397743487],[-77.02477712028289,38.82715959427146],[-77.0243543762562,38.82709394946009]],[[-77.02419330177571,38.82436759552998],[-77.02512430307019,38.824174501470004],[-77.02427884976197,38.824043212815596],[-77.02419330177571,38.82436759552998]],[[-77.0050109814426,38.818685684974945],[-77.00569053153579,38.81777828691972],[-77.00526785907626,38.81771257702359],[-77.0050109814426,38.818685684974945]],[[-77.04063648642364,38.81206305501477],[-77.0402992778549,38.81167307106939],[-77.04021381562907,38.81199746443903],[-77.04063648642364,38.81206305501477]],[[-77.05238871760777,38.84596267563583],[-77.0520512893743,38.84557272231377],[-77.051965839702,38.84589712494339],[-77.05238871760777,38.84596267563583]],[[-77.0520512893743,38.84557272231377],[-77.05171386475055,38.845182768089344],[-77.05162841403386,38.845507170472345],[-77.0520512893743,38.84557272231377]],[[-77.04487540349524,38.87113480984557],[-77.04436687289382,38.871393631647784],[-77.04478989190899,38.871459208470114],[-77.04487540349524,38.87113480984557]],[[-77.04436687289382,38.871393631647784],[-77.04385833868038,38.871652451371055],[-77.04428135874026,38.871718029931316],[-77.04436687289382,38.871393631647784]],[[-77.05502374132516,38.87439578335408],[-77.0558698341437,38.87452686284582],[-77.05620741687635,38.87491680705989],[-77.05637834575148,38.87426799374627],[-77.05502374132516,38.87439578335408]],[[-77.05620741687635,38.87491680705989],[-77.05654500322179,38.87530675037257],[-77.0566304669943,38.87498234349103],[-77.05620741687635,38.87491680705989]],[[-77.06045048639751,38.870509396486476],[-77.06078807502959,38.870899328036884],[-77.06087351474616,38.870574918399186],[-77.06045048639751,38.870509396486476]],[[-77.06137782474545,38.8720035985191],[-77.06027960259121,38.8711582151271],[-77.05951478742473,38.872390326729196],[-77.06137782474545,38.8720035985191]],[[-77.24835921029569,38.992276506406334],[-77.24742665298594,38.992471282337306],[-77.24827446379838,38.99260105008784],[-77.24835921029569,38.992276506406334]],[[-77.23064190264057,38.98078765537188],[-77.23242180339568,38.98241047953439],[-77.23394770216112,38.98163168262358],[-77.23420224733647,38.97897048505292],[-77.23064190264057,38.98078765537188]],[[-77.23454126960156,38.97935994831795],[-77.23504987726967,38.97910034285672],[-77.23462606192493,38.979035414678165],[-77.23454126960156,38.97935994831795]],[[-77.23504987726967,38.97910034285672],[-77.23598229635178,38.97890566031383],[-77.23513466702235,38.978775808882205],[-77.23504987726967,38.97910034285672]],[[-77.14512834783035,38.96900287737254],[-77.14597790263515,38.9674457496473],[-77.14005129727039,38.963157181753424],[-77.14021935235313,38.96419583774513],[-77.1414902881742,38.964391584596484],[-77.14157317568112,38.96575470813289],[-77.14512834783035,38.96900287737254]],[[-77.11552516464216,38.93405633629109],[-77.11620441377697,38.933148319878704],[-77.11578097218901,38.93308298633461],[-77.11552516464216,38.93405633629109]],[[-77.01330278059285,38.89899083584044],[-77.01296531599225,38.898600773640794],[-77.012879630077,38.89892515131805],[-77.01330278059285,38.89899083584044]],[[-77.01513536884973,38.90873024894834],[-77.01462647012796,38.908988949902266],[-77.01504968068251,38.909054628546826],[-77.01513536884973,38.90873024894834]],[[-77.01419275703297,38.912298422028684],[-77.01343199995213,38.911842678836976],[-77.0133463005374,38.91216705738986],[-77.01419275703297,38.912298422028684]],[[-77.00254174429317,38.90137217715264],[-77.00287916591725,38.901762267861876],[-77.00338805586891,38.90150361536659],[-77.00254174429317,38.90137217715264]],[[-77.00373097613499,38.90020613020499],[-77.00371998887788,38.90358127771627],[-77.00558411980349,38.90319538687336],[-77.00644131969119,38.89995165670869],[-77.00576645868094,38.89917149396145],[-77.00492016990675,38.89904007202266],[-77.00449155100223,38.90066193223116],[-77.00373097613499,38.90020613020499]],[[-77.00473231421854,38.90475153785733],[-77.00363425593555,38.90390564920769],[-77.00337705252737,38.90487876340737],[-77.00473231421854,38.90475153785733]],[[-76.94801550732242,38.94253644965885],[-76.94784345260273,38.94318511883985],[-76.94665262383673,38.94435063618713],[-76.94818077488316,38.943575360544976],[-76.94801550732242,38.94253644965885]],[[-76.95858628513575,38.947558836796865],[-76.95883770048904,38.94827339195128],[-76.95900966927368,38.94762470705872],[-76.95858628513575,38.947558836796865]],[[-76.96536690960393,38.94692500529997],[-76.96485756711508,38.94718350328731],[-76.96528095474339,38.947249352142],[-76.96536690960393,38.94692500529997]],[[-76.97288342676629,38.95349713506607],[-76.97237406498583,38.95375566415732],[-76.9727974976362,38.953821487419916],[-76.97288342676629,38.95349713506607]],[[-76.94537571506895,38.94584047527194],[-76.94597115662307,38.94525772400986],[-76.94554779805074,38.945191809271165],[-76.94537571506895,38.94584047527194]],[[-76.92235287440779,38.979405732882825],[-76.92167817832517,38.9786251040439],[-76.92159199130552,38.97894942208996],[-76.92235287440779,38.979405732882825]],[[-76.92183575326084,38.98135164354396],[-76.9214983971628,38.9809613280501],[-76.92141220657487,38.981285646086675],[-76.92183575326084,38.98135164354396]],[[-76.93190779270407,38.984947064104574],[-76.93114679174313,38.98449081150749],[-76.93106063997827,38.98481513641834],[-76.93190779270407,38.984947064104574]],[[-76.93076591896295,39.03407975612705],[-76.93025584302433,39.03433811553227],[-76.93067970674787,39.03440408337191],[-76.93076591896295,39.03407975612705]],[[-76.92315574068844,38.98966325519923],[-76.92281096204321,38.99096053342663],[-76.92196375580002,38.99082854352743],[-76.9215327471035,38.99245013735844],[-76.92383055497957,38.99044387732933],[-76.92315574068844,38.98966325519923]],[[-76.9044011773495,39.01207207451987],[-76.90406377233245,39.011681709752985],[-76.90397746760826,39.012006017245014],[-76.9044011773495,39.01207207451987]],[[-76.90590951044139,39.05283871956914],[-76.90497526480671,39.05303092338953],[-76.90582316509061,39.05316303059754],[-76.90590951044139,39.05283871956914]],[[-76.90497526480671,39.05303092338953],[-76.90446496426077,39.0532891777081],[-76.9048889150599,39.05335523377957],[-76.90497526480671,39.05303092338953]],[[-76.9457493620369,39.0208749498571],[-76.94651083530093,39.02133111556034],[-76.94659696142189,39.02100677804037],[-76.9457493620369,39.0208749498571]],[[-76.90414226399167,39.01304499763259],[-76.90447967575385,39.01343536227266],[-76.90456597993483,39.013111054356216],[-76.90414226399167,39.01304499763259]],[[-76.90287896254526,39.011159223510155],[-76.90254156993166,39.01076885466456],[-76.90245525950387,39.01109316105042],[-76.90287896254526,39.011159223510155]],[[-76.90254156993166,39.01076885466456],[-76.9022041809394,39.010378484926804],[-76.90211786947056,39.010702791057646],[-76.90254156993166,39.01076885466456]],[[-76.90203941827919,39.00933950241625],[-76.90389898015879,39.0106427294912],[-76.90407158630244,39.00999411471659],[-76.90203941827919,39.00933950241625]],[[-76.90373419269267,39.009603749185494],[-76.90424418936793,39.00934549977009],[-76.90382049565126,39.00927944198867],[-76.90373419269267,39.009603749185494]],[[-76.8928289522196,39.00249865421245],[-76.89316625435688,39.00288904893037],[-76.89325259646054,39.002564749430974],[-76.8928289522196,39.00249865421245]],[[-76.93557015936621,39.00105332566833],[-76.93590768413117,39.00144360412936],[-76.93599383397907,39.0011192750112],[-76.93557015936621,39.00105332566833]],[[-76.92041203457399,38.99666627624005],[-76.91921989100148,38.99783153949683],[-76.91616819195947,38.997693778496654],[-76.91599572284622,38.99834240880717],[-76.91955731310354,38.99822186220658],[-76.92041203457399,38.99666627624005]],[[-76.92136033824539,38.99309877458669],[-76.92169774988133,38.99348909118797],[-76.92178395365306,38.99316477234141],[-76.92136033824539,38.99309877458669]],[[-76.93763053515472,38.99495701357317],[-76.93678325549887,38.99482512474228],[-76.93618733468227,38.99540783620803],[-76.93703462004395,38.995539729118526],[-76.93763053515472,38.99495701357317]],[[-76.92055025843881,38.98452882404509],[-76.92088762599069,38.98491914232955],[-76.92097382322054,38.98459482447673],[-76.92055025843881,38.98452882404509]],[[-76.9302996457089,38.984358878636336],[-76.93063706476734,38.98474917040789],[-76.93072321834202,38.98442484579434],[-76.9302996457089,38.984358878636336]],[[-76.92142702300458,38.97791047044717],[-76.92015644644805,38.977712469660304],[-76.921340835712,38.97823478828365],[-76.92142702300458,38.97791047044717]],[[-76.91948924233327,38.97524424227558],[-76.9191519271318,38.9748539207651],[-76.91906573332024,38.97517823687158],[-76.91948924233327,38.97524424227558]],[[-76.91923812017511,38.97452960461452],[-76.917888899715,38.972968310646735],[-76.91704191184867,38.97283628751661],[-76.91830491502874,38.97472190621796],[-76.91923812017511,38.97452960461452]],[[-76.9171281119052,38.97251197292997],[-76.91611625313543,38.9713409869445],[-76.91526928742347,38.971208951747805],[-76.91501066472915,38.97218189131157],[-76.9171281119052,38.97251197292997]],[[-76.9160375821628,38.96997771550881],[-76.9162024555458,38.971016673073464],[-76.91646105816739,38.97004373119541],[-76.9160375821628,38.96997771550881]],[[-76.92829778042929,38.95702764626599],[-76.92863506206453,38.95741794188632],[-76.92872119221128,38.95709361998693],[-76.92829778042929,38.95702764626599]],[[-76.8675159404571,38.94517621966148],[-76.86818974570645,38.9459571389956],[-76.86878580584276,38.94537475841044],[-76.8675159404571,38.94517621966148]],[[-76.86878580584276,38.94537475841044],[-76.86971876549171,38.94518283003407],[-76.86887218833405,38.9450504786825],[-76.86878580584276,38.94537475841044]],[[-76.86971876549171,38.94518283003407],[-76.87031480705774,38.94460044216571],[-76.86989152093838,38.94453426925112],[-76.86971876549171,38.94518283003407]],[[-76.97404305748815,38.96076928907633],[-76.97480407924422,38.96122527698996],[-76.97489000817318,38.960900922897856],[-76.97404305748815,38.96076928907633]],[[-76.87269034407164,38.94395843820857],[-76.8718437757494,38.94382610715967],[-76.87124775275333,38.944408502310935],[-76.87209432676426,38.94454083743831],[-76.87269034407164,38.94395843820857]],[[-76.92882902394223,38.951706552293],[-76.9291662837723,38.95209684616959],[-76.92925240525685,38.951772524150286],[-76.92882902394223,38.951706552293]],[[-76.96212593602101,38.95249981739314],[-76.96339618654994,38.9526973877425],[-76.9634821562407,38.95237304195427],[-76.96229788548885,38.951851127551095],[-76.96212593602101,38.95249981739314]],[[-76.97025691322072,38.953426526176],[-76.97152720198243,38.95362401329845],[-76.9716990703305,38.95297531032458],[-76.97042879242221,38.9527778249804],[-76.97025691322072,38.953426526176]],[[-76.96432899013953,38.95250474770512],[-76.96483837173646,38.95224625169167],[-76.96441495544676,38.95218040127946],[-76.96432899013953,38.95250474770512]],[[-76.96483837173646,38.95224625169167],[-76.96534774971589,38.951987753596384],[-76.96492433446892,38.951921904925086],[-76.96483837173646,38.95224625169167]],[[-76.97085847702448,38.95115607121383],[-76.97220842904794,38.95271678403371],[-76.97255214625658,38.95141937618991],[-76.97085847702448,38.95115607121383]],[[-76.96128558744115,38.950680513552],[-76.96162301650641,38.95107071911434],[-76.9617089921763,38.95074637463049],[-76.96128558744115,38.950680513552]],[[-77.24903772350281,38.994742957349736],[-77.24818971654503,38.992925593727904],[-77.24776596893724,38.994548311307675],[-77.24903772350281,38.994742957349736]],[[-76.96129206841618,38.948992930906456],[-76.96018734134272,38.949834234920445],[-76.96112011673685,38.9496416190892],[-76.96129206841618,38.948992930906456]],[[-76.96129206841618,38.948992930906456],[-76.96180143622432,38.94873444749228],[-76.96137804310672,38.948668586748184],[-76.96129206841618,38.948992930906456]],[[-76.96180143622432,38.94873444749228],[-76.9623967699568,38.94815161715581],[-76.96197337969019,38.948085758449004],[-76.96180143622432,38.94873444749228]],[[-76.95926761670466,38.946651679384914],[-76.96002839833433,38.94710775699213],[-76.9601143764284,38.94678341379658],[-76.95926761670466,38.946651679384914]],[[-76.95292369096862,38.943975906144516],[-76.95359840093342,38.94475636111475],[-76.9538564105214,38.943783345089145],[-76.95292369096862,38.943975906144516]],[[-77.1562312882293,38.96868640949575],[-77.15512851794159,38.96952945011654],[-77.15724697014062,38.9698554333718],[-77.15741722114713,38.96920647281104],[-77.1562312882293,38.96868640949575]],[[-77.15741722114713,38.96920647281104],[-77.15792603279073,38.968947183898266],[-77.15750234551184,38.96888199246659],[-77.15741722114713,38.96920647281104]],[[-77.20902946100198,38.97409851271856],[-77.2062337636738,38.97130674028396],[-77.20411505008356,38.97098159329706],[-77.20987555186763,38.97760373499525],[-77.21208004279194,38.97591666924499],[-77.21191093508519,38.97487810906509],[-77.20902946100198,38.97409851271856]],[[-77.21216493126555,38.97559215112952],[-77.21318224992551,38.975073121846606],[-77.21275847755503,38.97500811903258],[-77.21216493126555,38.97559215112952]],[[-77.16775612975876,38.9701217002842],[-77.16894216840853,38.97064165356194],[-77.1690272430685,38.970317165244396],[-77.16775612975876,38.9701217002842]],[[-77.22640405973827,38.97845056053373],[-77.2267430378451,38.97884004506921],[-77.22682786433954,38.97851551678398],[-77.22640405973827,38.97845056053373]],[[-77.2211496771841,38.97494482849119],[-77.22369236550574,38.97533465174721],[-77.22445548179515,38.97410151169187],[-77.22106528874761,38.97358175672304],[-77.2211496771841,38.97494482849119]],[[-77.21903079105894,38.97461993599888],[-77.21979397883973,38.97338682474274],[-77.21759028317659,38.973386430939996],[-77.21775946846518,38.974424983145596],[-77.21903079105894,38.97461993599888]],[[-77.21030217209466,38.970918364026964],[-77.20691222844553,38.97039822266256],[-77.2068273226087,38.97072273693153],[-77.20970791689935,38.973189979432334],[-77.21191160656578,38.973190513209836],[-77.21292954131701,38.970983890889244],[-77.21089569521556,38.97033434124904],[-77.21030217209466,38.970918364026964]],[[-76.9367999077634,38.929982313697884],[-76.93713710969922,38.93037258471735],[-76.9372231699907,38.93004825815234],[-76.9367999077634,38.929982313697884]],[[-77.2197096176009,38.97202375237187],[-77.2183534824294,38.97215332877141],[-77.21818376793787,38.97280237308941],[-77.21987882996521,38.97306230147532],[-77.2197096176009,38.97202375237187]],[[-77.13725866652736,38.96036386063311],[-77.13692025342542,38.959974132927705],[-77.13683504772968,38.96029859871926],[-77.13725866652736,38.96036386063311]],[[-77.13692025342542,38.959974132927705],[-77.13658184394727,38.959584404321404],[-77.13649663719926,38.95990886986214],[-77.13692025342542,38.959974132927705]],[[-77.13421060637344,38.958543869649816],[-77.13387221805228,38.95815413373433],[-77.13378700090043,38.958478597346534],[-77.13421060637344,38.958543869649816]],[[-77.1330250130089,38.95802358537891],[-77.13353383335462,38.95776439691811],[-77.13319545228048,38.957374659201015],[-77.1330250130089,38.95802358537891]],[[-76.90975108609084,38.9173209999636],[-76.91008808445133,38.91771134384437],[-76.91017425022956,38.91738703661445],[-76.90975108609084,38.9173209999636]],[[-76.93557257662174,38.919659019519344],[-76.93692823146134,38.91953253494183],[-76.9370142798738,38.91920820899586],[-76.93574468505304,38.91901036945222],[-76.93557257662174,38.919659019519344]],[[-76.90138203340884,38.91398809170418],[-76.90171897149503,38.9143784581562],[-76.90180517059439,38.91405415688568],[-76.90138203340884,38.91398809170418]],[[-76.90265144726827,38.91418628291863],[-76.9047671523853,38.914516572741356],[-76.90460257001398,38.913477608230544],[-76.90553502664538,38.91328541133065],[-76.90461036096539,38.911790037440845],[-76.90376410857932,38.911657924819146],[-76.90265144726827,38.91418628291863]],[[-76.90544884506305,38.913609715161044],[-76.90620894444395,38.91406612069611],[-76.90629512318195,38.913741816317966],[-76.90544884506305,38.913609715161044]],[[-76.92330743576848,38.91605831065728],[-76.92355839625014,38.916772934173466],[-76.92373060485778,38.91612430103453],[-76.92330743576848,38.91605831065728]],[[-76.9283927557074,38.91516252692782],[-76.9286437629979,38.915877140066314],[-76.928815924199,38.91522849994265],[-76.9283927557074,38.91516252692782]],[[-76.92983441439132,38.91471180014805],[-76.93059467805647,38.91516805624915],[-76.93068074951516,38.91484373488632],[-76.92983441439132,38.91471180014805]],[[-76.92602594428003,38.914118022369266],[-76.92636301503742,38.91450832184919],[-76.92644910455918,38.91418400345224],[-76.92602594428003,38.914118022369266]],[[-76.90317642811736,38.91055290033766],[-76.90351335992966,38.910943261738026],[-76.90359954697452,38.91061895936616],[-76.90317642811736,38.91055290033766]],[[-76.92729542741749,38.91431596128752],[-76.92713052415165,38.913277026735216],[-76.92687226560501,38.91424998309163],[-76.92729542741749,38.91431596128752]],[[-76.90250257532685,38.90977217484982],[-76.90283949991644,38.91016253804158],[-76.90292568903773,38.90983823617112],[-76.90250257532685,38.90977217484982]],[[-76.93915825087358,38.9127876181625],[-76.93991855285597,38.91324381697889],[-76.94009060742526,38.91259516143049],[-76.93915825087358,38.9127876181625]],[[-77.12711839688228,38.94192128697702],[-77.12678012378217,38.94153153264498],[-77.12669489448088,38.94185599061485],[-77.12711839688228,38.94192128697702]],[[-77.12678012378217,38.94153153264498],[-77.12644185430369,38.941141777411715],[-77.12635662395121,38.9414662351314],[-77.12678012378217,38.94153153264498]],[[-77.12644185430369,38.941141777411715],[-77.1256800937567,38.94068672146102],[-77.1255948605423,38.941011178636685],[-77.12644185430369,38.941141777411715]],[[-76.95246869951069,38.90911957783372],[-76.94950663470782,38.90865830183673],[-76.94646543517936,38.906833715025954],[-76.94341060566781,38.90838419762004],[-76.94764206722519,38.90904334970174],[-76.94975108203697,38.91106044451173],[-76.95229007748657,38.91145582338573],[-76.95399604953141,38.90834423424602],[-76.95246869951069,38.90911957783372]],[[-76.96170529801292,38.90751803799233],[-76.96195660576,38.908232582938695],[-76.9621284522394,38.907583897251584],[-76.96170529801292,38.90751803799233]],[[-76.95299782804369,38.903798415369],[-76.95468370169745,38.905749534499066],[-76.9569712846938,38.90543025774732],[-76.95859098365861,38.90264294688245],[-76.95757942897623,38.90147231044236],[-76.9538507275053,38.9022426202464],[-76.95299782804369,38.903798415369]],[[-76.95537791863205,38.90146726032152],[-76.95504075277842,38.90107704039245],[-76.95495480603952,38.90140137807511],[-76.95537791863205,38.90146726032152]],[[-76.96376726040604,38.89973380249765],[-76.96274922035784,38.9002507799761],[-76.9635095392056,38.900706833386074],[-76.96376726040604,38.89973380249765]],[[-76.99043634213768,38.900504522585436],[-76.99068790749214,38.90121900862012],[-76.99085948157979,38.90057028372513],[-76.99043634213768,38.900504522585436]],[[-76.96403780022534,38.895385629559414],[-76.96437498792778,38.89577582473696],[-76.96446088609206,38.895451480756186],[-76.96403780022534,38.895385629559414]],[[-77.01097255626738,38.88613495076025],[-77.00776477325371,38.88327305417971],[-77.00844489139284,38.882365634475825],[-77.00726143651117,38.88184415418119],[-77.00861626299856,38.88171688653877],[-77.00599774178937,38.87995946541075],[-77.00803262660085,38.878924794547665],[-77.00896973817105,38.877044251831414],[-77.00973010406001,38.87750002041334],[-77.01151849184461,38.87406327903815],[-77.01263204800662,38.869846390688465],[-77.01001385645513,38.86808905689425],[-77.00686548797081,38.87334060513096],[-77.00719739184262,38.87541825094639],[-77.00465388437196,38.87671156663978],[-77.00473411243453,38.87807476418523],[-77.00295632603222,38.87813627111052],[-77.00109837494449,38.876834552668676],[-76.99821742076294,38.87773764206792],[-76.99729130471098,38.876242966713725],[-76.99128934330402,38.873959283793525],[-76.99027766157775,38.87278891835319],[-76.99018610004279,38.874800846640525],[-76.98849414779798,38.874537785065115],[-76.9818800576368,38.87789929922648],[-76.97976506680446,38.877570326780365],[-76.97950763760899,38.87854338824571],[-76.97671217275656,38.87912162409306],[-76.97636887063817,38.88041903107336],[-76.97348746836103,38.88132154596842],[-76.97186881319608,38.88410904398977],[-76.97397777688893,38.88612572029548],[-76.97262280801431,38.88625260935823],[-76.97075267994519,38.88832557289897],[-76.97294758877356,38.890017919600936],[-76.97183765911592,38.89254689087017],[-76.97505675336797,38.89203457901888],[-76.97614816917135,38.894568290185596],[-76.97674294551123,38.89398539523131],[-76.97792637911127,38.894507167684395],[-76.97800612665444,38.895870385455765],[-76.97987019641667,38.89548488163734],[-76.98121930990612,38.89704548469595],[-76.98240881236605,38.89587964295283],[-76.98476990686467,38.898610640656784],[-76.98773178619348,38.899071073589944],[-77.0029814321912,38.89637517773735],[-77.00771617504961,38.89846119852291],[-77.00932841401455,38.89736080044651],[-77.01059783098627,38.8975578860077],[-77.00984260189061,38.895414548806464],[-77.01171710740903,38.89165342174575],[-77.01097255626738,38.88613495076025]],[[-77.01111730827294,38.89392405649813],[-77.01145474131678,38.894314123498624],[-77.01154042815304,38.8939897469946],[-77.01111730827294,38.89392405649813]],[[-77.00246153159839,38.90000897426243],[-77.00279894647886,38.9003990651223],[-77.00288467901379,38.90007469435371],[-77.00246153159839,38.90000897426243]],[[-76.96362113722375,38.89363220667474],[-76.96395831457949,38.89402240289982],[-76.96404421253142,38.893698059279075],[-76.96362113722375,38.89363220667474]],[[-77.01526809656394,38.89321770307253],[-77.0137469769399,38.89230622746897],[-77.01298115291515,38.89353805490474],[-77.01271354120136,38.89788633306776],[-77.01355983062885,38.89801770178545],[-77.01374171603847,38.89399379979562],[-77.01526809656394,38.89321770307253]],[[-76.97175803062638,38.891183669699885],[-76.9710836222598,38.89040331906058],[-76.97099775952977,38.89072766742512],[-76.97175803062638,38.891183669699885]],[[-76.9710836222598,38.89040331906058],[-76.97032336352693,38.88994731269368],[-76.97023749794984,38.89027166051325],[-76.9710836222598,38.89040331906058]],[[-77.06495324181941,38.898555632038196],[-77.06192201034325,38.891671157516924],[-77.06107570754152,38.8915401190708],[-77.06165732657874,38.896019539740095],[-77.06385047736424,38.89939785295063],[-77.06495324181941,38.898555632038196]],[[-77.0306818234425,38.891557215575084],[-77.03501297983097,38.88682627776758],[-77.03400041724701,38.885656267567754],[-77.03247439467792,38.886432594208024],[-77.03205613611297,38.88467940374832],[-77.02833400488281,38.883764380542296],[-77.02765905941074,38.88298433856258],[-77.02901387143835,38.882856847936004],[-77.0287619936991,38.88214244136185],[-77.02461697548975,38.881161675202996],[-77.02157504375272,38.87933893758274],[-77.01835683775465,38.87985245661461],[-77.01843217415353,38.88290321600946],[-77.01986751866838,38.88413901497375],[-77.02078910097113,38.88732109423398],[-77.02543814600503,38.88973081847626],[-77.02526690533752,38.89037959030021],[-77.0306818234425,38.891557215575084]],[[-77.0436324969698,38.89255210271097],[-77.04397009772325,38.8929420811133],[-77.0440556381741,38.892617682208346],[-77.0436324969698,38.89255210271097]],[[-77.0333965565774,38.88961458060051],[-77.03407162489589,38.890394591970065],[-77.03627280534612,38.89039824466775],[-77.03670065640375,38.88877627675912],[-77.03416199419057,38.88838262766907],[-77.0333965565774,38.88961458060051]],[[-77.05463872953692,38.89256912641328],[-77.05336928048365,38.892372491968885],[-77.05328378179074,38.892696897289404],[-77.05404458817283,38.89315239481562],[-77.05463872953692,38.89256912641328]],[[-77.04499199600676,38.89073686409997],[-77.04575273007995,38.89119241240427],[-77.04583826053948,38.890868012339936],[-77.04499199600676,38.89073686409997]],[[-77.05244621143692,38.889190653147594],[-77.0491467147028,38.888341803852605],[-77.0490567592561,38.89035377904328],[-77.05168107451212,38.89042271908865],[-77.05244621143692,38.889190653147594]],[[-77.0526128469803,38.89022941694392],[-77.05295048503734,38.89061937077416],[-77.05303598277632,38.89029496576735],[-77.0526128469803,38.89022941694392]],[[-76.9731688978915,38.87586867407657],[-76.97621560249326,38.876005031547294],[-76.97647306667915,38.87503197721625],[-76.97486698567688,38.874444378063686],[-76.9731688978915,38.87586867407657]],[[-76.97613591018319,38.874641815939704],[-76.97664470564999,38.87438327409444],[-76.97622173109173,38.8743174646508],[-76.97613591018319,38.874641815939704]],[[-76.96893913187101,38.87521039595366],[-76.97020805365334,38.875407894543024],[-76.97131153679025,38.87456650950125],[-76.96919669040713,38.874237356834236],[-76.96893913187101,38.87521039595366]],[[-77.06184484391366,38.888620421596855],[-77.05931866628731,38.88316456996849],[-77.05728864336915,38.882512511304604],[-77.05889135167149,38.88478661478322],[-77.05854948628058,38.88608424980585],[-77.06184484391366,38.888620421596855]],[[-77.03282636280716,38.881759888932386],[-77.03316385572352,38.88214989624438],[-77.03324943161303,38.88182550522942],[-77.03282636280716,38.881759888932386]],[[-77.03604455103071,38.88124599406898],[-77.03680513007943,38.881701596752094],[-77.03689068923227,38.88137720324094],[-77.03604455103071,38.88124599406898]],[[-77.03799819082427,38.87884765354719],[-77.03833569793241,38.87923764663844],[-77.03842124737865,38.878913252167315],[-77.03799819082427,38.87884765354719]],[[-77.01828666219431,38.87511412932569],[-77.01887580192137,38.8762186025138],[-77.01913269721173,38.875245459631046],[-77.01828666219431,38.87511412932569]],[[-77.05661339956542,38.88173262715297],[-77.05788267201078,38.88192922811842],[-77.05771598032533,38.88089047246435],[-77.05686981029643,38.880759405476276],[-77.05661339956542,38.88173262715297]],[[-76.98825439560599,38.87044816318345],[-76.9885915975756,38.8708382912941],[-76.9886773585695,38.87051393152858],[-76.98825439560599,38.87044816318345]],[[-76.98919190850202,38.86856777194907],[-76.9880088154575,38.86804610868943],[-76.98724281135783,38.869277773453824],[-76.98910615208833,38.868892131996446],[-76.98842591891375,38.869799444101965],[-76.98918608072181,38.870255338322885],[-76.99088951302599,38.86714325764204],[-76.98919190850202,38.86856777194907]],[[-77.05628005803342,38.87965511238682],[-77.05754929339227,38.87985171671672],[-77.0573013974621,38.8774497974995],[-77.0564552681312,38.87731872773543],[-77.05628005803342,38.87965511238682]],[[-77.04385377655275,38.87334002065049],[-77.04452880603743,38.87411997352446],[-77.04469983701729,38.87347117638475],[-77.04385377655275,38.87334002065049]],[[-77.04284125941729,38.87217008458094],[-77.04317876151697,38.872560064171964],[-77.0432642815666,38.872235666616994],[-77.04284125941729,38.87217008458094]],[[-77.00333764907197,38.86502581961951],[-77.00367490668728,38.865415906435246],[-77.00376059417354,38.86509153644124],[-77.00333764907197,38.86502581961951]],[[-77.04581598070268,38.86756642189882],[-77.0425938743585,38.869768138172496],[-77.0423373116599,38.870741329026174],[-77.04360635415169,38.87093807593145],[-77.04581598070268,38.86756642189882]],[[-77.00989601182162,38.851862150421724],[-77.00862739248123,38.85166505875067],[-77.0087076672848,38.853028249761294],[-77.00963907563131,38.85283527151923],[-77.00989601182162,38.851862150421724]],[[-77.01785031289214,38.85174691106099],[-77.01896316191743,38.847529976625985],[-77.01558032792416,38.84700461782389],[-77.01539866124502,38.85102850011964],[-77.01785031289214,38.85174691106099]],[[-77.01472415728252,38.85024839068839],[-77.01506140745924,38.850638445854536],[-77.01514702690959,38.850314068534594],[-77.01472415728252,38.85024839068839]],[[-77.01388892921203,38.846741903794445],[-77.01396929698117,38.84810509064674],[-77.0143117777472,38.84680758446606],[-77.01388892921203,38.846741903794445]],[[-77.01363732446745,38.846027469482664],[-77.01397454930301,38.846417527424975],[-77.01406016863211,38.84609315100793],[-77.01363732446745,38.846027469482664]],[[-77.01194595542829,38.84576472895353],[-77.01228316999898,38.84615479148867],[-77.01236879654513,38.845830416250045],[-77.01194595542829,38.84576472895353]],[[-77.01838455293924,38.843050381618255],[-77.01769975948945,38.845645414662066],[-77.01921995494799,38.846556836770766],[-77.01939627315411,38.84422051358912],[-77.02024195165957,38.84435183585654],[-77.02049871642659,38.84337869369064],[-77.01838455293924,38.843050381618255]],[[-77.0157567638504,38.84466829970906],[-77.01643122723522,38.84544840303665],[-77.0166024409938,38.84479964682859],[-77.0157567638504,38.84466829970906]],[[-77.01356222681423,38.842976720161374],[-77.01389943713674,38.8433667781776],[-77.01398505321727,38.843042401921025],[-77.01356222681423,38.842976720161374]],[[-77.07032891507448,38.84469054070967],[-77.07058107072253,38.84540485964797],[-77.07075180248434,38.84475602870849],[-77.07032891507448,38.84469054070967]],[[-77.00459923861162,38.81524485794468],[-77.00493627277739,38.81563493922361],[-77.00502189616752,38.81531057010661],[-77.00459923861162,38.81524485794468]]],[[[-77.05820085633664,38.9576114473711],[-77.06277835091235,38.95696902747734],[-77.06430143553776,38.957879909231444],[-77.06735174200658,38.95801402767686],[-77.07107028689474,38.96230306786996],[-77.06929049973994,38.962365527023216],[-77.06887091812627,38.96061244302794],[-77.06667165152292,38.958921779619004],[-77.0630308214049,38.957683372003586],[-77.05972389712193,38.958522385403086],[-77.05820085633664,38.9576114473711]]],[[[-77.04386739157914,38.99354837733382],[-77.04227196973602,38.987898852686804],[-77.03997750983088,38.989907302957086],[-77.0381113398338,38.9902937156476],[-77.04270026037105,38.98627684207004],[-77.04463829681325,38.99062874498319],[-77.04386739157914,38.99354837733382]]],[[[-77.0966451193332,39.014196726269546],[-77.09707235225088,39.01257452152989],[-77.09842945600163,39.01244626981573],[-77.09741079654208,39.01296436105082],[-77.097660478866,39.01536624594182],[-77.09952697541,39.0149789364749],[-77.1000330458848,39.01640748821027],[-77.10130478578047,39.01660364825342],[-77.09977673453271,39.017380817900275],[-77.10180767586678,39.01971979916559],[-77.10256369647514,39.023550220976254],[-77.10434495226549,39.02348728393858],[-77.10552826705727,39.02569545535681],[-77.10968565709038,39.02498592723893],[-77.11180252578869,39.02700029742893],[-77.10824292962405,39.02543875169189],[-77.10586681773708,39.02608527266915],[-77.10569283673863,39.02842177681522],[-77.10484486370859,39.02829103460498],[-77.10459489973177,39.02588915904232],[-77.10290222127836,39.023940046231246],[-77.10120639281307,39.02367851811093],[-77.09687139303159,39.02841186167165],[-77.10034870102098,39.028610569428785],[-77.10085488250212,39.030039121041405],[-77.09975381486971,39.029194068458125],[-77.0966149970525,39.02938518677223],[-77.09593796778748,39.02860550037931],[-77.09670380868464,39.02737313658838],[-77.09560282965278,39.02652804758068],[-77.09390355669898,39.02795402780332],[-77.08864139279271,39.029505485462934],[-77.0865143470041,39.03255354594436],[-77.08430886123504,39.032550785326514],[-77.08830645894957,39.02742801266675],[-77.09008782204215,39.02736528009513],[-77.09034429825748,39.02639196880151],[-77.09492922440838,39.02406074849939],[-77.09704899481758,39.024387762205166],[-77.09679261540256,39.02536108701801],[-77.0976405397908,39.02549188414536],[-77.0979068605711,39.019455737140255],[-77.09638206569657,39.01854525929349],[-77.09629996498877,39.017182094505664],[-77.09197885252931,39.01516483894858],[-77.0917293585111,39.012762942715845],[-77.08842379818113,39.01191512410345],[-77.0852929152609,39.00873074900599],[-77.08012120537555,39.00826980495557],[-77.07375583499471,39.01066299616023],[-77.0738375058512,39.012026174365516],[-77.0764624199481,39.013782194598114],[-77.0767931457515,39.01754729936445],[-77.07441315000182,39.01988082301707],[-77.0744092875703,39.0215684287921],[-77.07313753345467,39.02137199313218],[-77.07117728634759,39.025458543100065],[-77.06981989177677,39.025586497212885],[-77.07195135305194,39.02085112028162],[-77.0758598065059,39.0177407868082],[-77.0760347202855,39.015404328701784],[-77.07130220940863,39.00825807352426],[-77.06816422038246,39.008448472092354],[-77.06756119952212,39.01240702057771],[-77.06357530742903,39.012466301069274],[-77.06036825942553,39.00623051124904],[-77.05808220217749,39.00486409912536],[-77.06081296263253,38.997858033518135],[-77.06225543819573,38.99740576217309],[-77.06040175277975,38.99272971505371],[-77.05879239645735,38.99214319428914],[-77.05734148996957,38.995970621090244],[-77.0566609197755,38.99687832337351],[-77.05581340262397,38.99674724706013],[-77.05794493062268,38.99201213262558],[-77.06023477128086,38.99169094682932],[-77.061257563497,38.9894855652634],[-77.05761529619699,38.98824699306622],[-77.04939369083539,38.98765041210946],[-77.04490888663973,38.984592746289614],[-77.04228118151569,38.98452366192907],[-77.0422765757327,38.98621125708836],[-77.04083883720777,38.98497570025645],[-77.03880145321844,38.98601092474132],[-77.0405864898879,38.98426130767771],[-77.03923448642885,38.98270133200047],[-77.0395771501558,38.98140373301527],[-77.04373722353994,38.97900882420276],[-77.04094304668479,38.97790092314762],[-77.0392531895683,38.97595095805303],[-77.03943384914045,38.971926975213904],[-77.04240365967703,38.97069851504154],[-77.04409804203964,38.970960843943764],[-77.04699560309363,38.96499390439134],[-77.04276917740896,38.96096295944705],[-77.0375060525259,38.96419982338142],[-77.03614024771221,38.96770258822186],[-77.02908648641105,38.97437623965347],[-77.02941948548305,38.97645385421636],[-77.0275585510372,38.97515251519212],[-77.02925789067092,38.97372745507908],[-77.0292627975439,38.97203986362077],[-77.03053357105604,38.97223674707457],[-77.0324041521725,38.97016285827486],[-77.03291823729418,38.968216491511726],[-77.03605933263168,38.966339394702686],[-77.03725380994595,38.96348542626013],[-77.04124166953784,38.96173940189879],[-77.04149856763168,38.96076620162151],[-77.03997570801037,38.95985503958231],[-77.04082740491276,38.95829863481589],[-77.04176007504897,38.95810541248903],[-77.04082276708422,38.95998622329039],[-77.04336396262401,38.960379739732005],[-77.04826630153173,38.965190606045034],[-77.04672976086754,38.96934229826234],[-77.04537336995608,38.96946998402223],[-77.0440124096967,38.97128524636288],[-77.04451708656268,38.972714014339694],[-77.04875320172356,38.97336972128731],[-77.04891997730132,38.97440850203345],[-77.05061446952514,38.97467074210483],[-77.0546752559268,38.977662654561264],[-77.05975905874888,38.978449070016715],[-77.06128671975728,38.97767239767597],[-77.06467595750527,38.978196517219494],[-77.06492852027155,38.97891086013518],[-77.06433375643795,38.979494184822315],[-77.06153924743488,38.978386747431706],[-77.0600115741255,38.97916342296518],[-77.0545040690085,38.978311474604794],[-77.04832512195703,38.97499174959563],[-77.04739673930021,38.97349742924145],[-77.04392220978372,38.97329724064778],[-77.04350317623265,38.97154406808999],[-77.04223237974008,38.97134731747221],[-77.04079029626217,38.9717993543305],[-77.04027174477717,38.97543334705744],[-77.04196161716642,38.977383298129865],[-77.04399414922402,38.97803561625329],[-77.04483688115475,38.97985436649397],[-77.04059113474322,38.982573713087],[-77.04211447752746,38.9834848706671],[-77.04601316143666,38.98375068382506],[-77.04787464578285,38.98505174778991],[-77.0498262520352,38.98434078159886],[-77.05321136561366,38.98655281029378],[-77.06025152854893,38.984940560568944],[-77.0618607373297,38.985527061761346],[-77.06355142265207,38.98747672180872],[-77.06294419779242,38.99312283241701],[-77.0654826021908,38.99520349605715],[-77.06844892358744,38.99566200668427],[-77.07014794117649,38.994236382276505],[-77.07260495877607,38.994953723417034],[-77.07489867700512,38.99294466855824],[-77.07650818086954,38.99353098056476],[-77.07863074209297,38.992170708717296],[-77.08415775306057,38.98458360091886],[-77.08330302103944,38.98782790604338],[-77.08024398456588,38.991069374115696],[-77.0803257549888,38.992432543801314],[-77.07362354267536,38.99443583720301],[-77.07285765756427,38.995668052042845],[-77.06989130813787,38.99520964676762],[-77.06912535166957,38.99644183872869],[-77.06454951951063,38.99539689778994],[-77.06361232028424,38.99727789133124],[-77.062764785956,38.99714686246941],[-77.06377936283164,38.99831665592241],[-77.06172946529749,39.00441505973528],[-77.06358353384373,39.00909109570523],[-77.06281732435326,39.010323251468634],[-77.06417444641438,39.01019537421979],[-77.0634938283984,39.011103116024266],[-77.0659554082502,39.01013298798338],[-77.06910144582224,39.00656744084208],[-77.07257763361542,39.006766925452006],[-77.07562617177092,39.00858844364071],[-77.07851134627936,39.007683538422825],[-77.07944829430181,39.005802429306684],[-77.08529652451726,39.00704314643713],[-77.08479080858764,39.005614536826],[-77.08844501637945,39.00178950982039],[-77.08920718377598,39.002244798563176],[-77.08708095878717,39.0052928551081],[-77.08563848122125,39.005745415478586],[-77.08563487996248,39.00743301770514],[-77.08724479092089,39.00801919184439],[-77.08876572199568,39.01061738351185],[-77.09283351881291,39.01192046003091],[-77.09503161226607,39.01529827807954],[-77.09630331927798,39.015494489311735],[-77.09520252470224,39.014649398412885],[-77.09537343408903,39.014000518579735],[-77.0966451193332,39.014196726269546]],[[-77.08012120537555,39.00826980495557],[-77.0797828755898,39.0078799186093],[-77.07969735893307,39.008204347490526],[-77.08012120537555,39.00826980495557]],[[-77.09621786735838,39.01581892996827],[-77.09740413943358,39.01633957056807],[-77.09952369594136,39.016666541612494],[-77.09842284621082,39.01582147910211],[-77.09621786735838,39.01581892996827]],[[-77.07995390661486,39.00723106072096],[-77.0794445494308,39.00749003136557],[-77.07986839148373,39.007555489686126],[-77.07995390661486,39.00723106072096]]],[[[-77.04038261369347,38.99672328454598],[-77.04344366354435,38.99348279626207],[-77.04199192288748,38.997310044409126],[-77.04105875077342,38.99750326962522],[-77.04038261369347,38.99672328454598]]],[[[-77.05967081629565,39.01388864152606],[-77.05619432358453,39.01368879530069],[-77.05560350378721,39.012584478184124],[-77.06060414916318,39.01369527589267],[-77.06196548884077,39.01187981960398],[-77.06281319339487,39.01201085423129],[-77.06187573519821,39.01389183966387],[-77.06009467782974,39.01395416741757],[-77.05983784070051,39.01492741418973],[-77.05805675622864,39.01498971272155],[-77.05967081629565,39.01388864152606]]],[[[-77.05533800224636,39.01693292270622],[-77.05423333161785,39.017775072568426],[-77.05576617246382,39.01531085952666],[-77.05746164226314,39.015573007793066],[-77.0559245621031,39.019724846526124],[-77.05643836809769,39.017778367266395],[-77.05533800224636,39.01693292270622]]],[[[-77.03284956944296,39.02189521267806],[-77.03106829129216,39.02195712414782],[-77.0293531358164,39.02844503682566],[-77.03111023589972,39.03682118790384],[-77.03204393903114,39.03662803622744],[-77.03576442143414,39.04091818771254],[-77.04245814585646,39.043979754958166],[-77.04381593191788,39.04385209952792],[-77.04338732700893,39.04547412927198],[-77.0412671835257,39.04514619844479],[-77.04067633483469,39.044041804486056],[-77.03813222974478,39.04364822772609],[-77.03279646004259,39.04045889264149],[-77.02865713834166,39.03441541231364],[-77.02951485579155,39.03117145961196],[-77.02824798943844,39.02928695709002],[-77.02834362426451,39.025587350608056],[-77.02979664757692,39.02176024462227],[-77.03183516118223,39.020725162039895],[-77.03226387787429,39.019103178943524],[-77.03108776241315,39.01520670952077],[-77.03261650152335,39.0144303856452],[-77.03337845178962,39.01488601798969],[-77.0343022818953,39.01806805631326],[-77.03310679231733,39.020922020656435],[-77.03428790209281,39.023130869340726],[-77.0373408898236,39.023265727008464],[-77.03759334059986,39.0239801306406],[-77.03878401524601,39.02281372656057],[-77.03869360677623,39.024825733419384],[-77.0414895522813,39.025933693375926],[-77.04208026620141,39.02703808007077],[-77.04725756223655,39.02581300356311],[-77.05148800571538,39.02984383662276],[-77.04944951626624,39.030879243382486],[-77.04852486064799,39.02769731103413],[-77.04555735825157,39.02723832190791],[-77.0431806308147,39.0278836435248],[-77.04546713168166,39.02925033517786],[-77.04588654510437,39.03100351718727],[-77.04503410493989,39.032559974459666],[-77.0422470695395,39.028076878635915],[-77.04106100108943,39.0275557101555],[-77.04046564798139,39.02813892497107],[-77.0402988699472,39.027100124002644],[-77.03902711131762,39.02690333883474],[-77.03970818257532,39.02599572882308],[-77.03487848388502,39.02423528977333],[-77.03284956944296,39.02189521267806]],[[-77.03742189226281,39.02462893188736],[-77.03793151907324,39.02437013294566],[-77.0375076168137,39.02430453128485],[-77.03742189226281,39.02462893188736]]],[[[-77.027378476669,39.09432392170533],[-77.0239032638197,39.09243554285465],[-77.02484271831955,39.090554818400044],[-77.02323148243592,39.08996782677526],[-77.02162536465255,39.08769319033009],[-77.02068586387627,39.08957388945911],[-77.01583672113021,39.09287556377711],[-77.014456934572,39.099753419231774],[-77.01301212952959,39.10020514313197],[-77.01438680095833,39.09501492860706],[-77.01371004280178,39.094234785114466],[-77.01635211826809,39.09092922549442],[-77.01516520963683,39.09040780390619],[-77.01728655592126,39.09073618289537],[-77.02171123412457,39.08736879703003],[-77.02239816230085,39.08477364919813],[-77.02163554807797,39.08431794392334],[-77.02368602039564,39.07990774014227],[-77.02259016384947,39.07737437543296],[-77.02344865909254,39.074130440143456],[-77.01622206405338,39.078077024176416],[-77.01085802293093,39.083324831484255],[-77.0103532397063,39.081895900279555],[-77.01511601079152,39.07891883491221],[-77.0161413997059,39.076713792780986],[-77.01894415111799,39.07613465021163],[-77.02268614996312,39.07367474220566],[-77.02456961068168,39.06822570017444],[-77.02822519746799,39.06609002288512],[-77.02585703022356,39.06335978327639],[-77.02272160854417,39.06186141886174],[-77.02255500671865,39.06082258803404],[-77.01610249304017,39.061849620869744],[-77.00830239479762,39.05962837103508],[-77.00558064152004,39.06157050610799],[-77.0048183761721,39.061114699569096],[-77.00796421127677,39.0592382856986],[-77.0092364514593,39.059435390057075],[-77.01060527608111,39.05593286932177],[-77.00849037021489,39.05391676527679],[-77.00960148845364,39.05138740487876],[-77.00442722573086,39.05092330466035],[-77.00968736869379,39.05106302201452],[-77.01045490789595,39.049831185883455],[-77.0101221146927,39.04775349571433],[-77.00715403637744,39.047293587399665],[-77.00741711190275,39.04463283412035],[-77.00894672242711,39.04385679786317],[-77.00742253050323,39.04294522427896],[-77.00861399966591,39.041779105802256],[-77.00649412091,39.04145058169777],[-77.00683764577771,39.04015306081924],[-77.00954782620103,39.041586123083874],[-77.00919896568992,39.044571261677596],[-77.00741169305073,39.04632044445332],[-77.01037973326807,39.04678034653453],[-77.01130829080289,39.048274961447596],[-77.01054078248994,39.04950680251731],[-77.01215101918027,39.05009395436128],[-77.01018656972008,39.054179560764695],[-77.01179158912217,39.05645433118735],[-77.01170039170816,39.05846632991638],[-77.01322496272104,39.059377853477635],[-77.01899567316327,39.05925847572613],[-77.01976314115812,39.05802658031406],[-77.02425644719673,39.059397576398304],[-77.02552373484784,39.061282129444784],[-77.0306179517637,39.060382133813256],[-77.03316742393469,39.05908824995388],[-77.03631718816588,39.055523504324874],[-77.03767520061953,39.05539591576318],[-77.03734160400272,39.05331829657918],[-77.03989070877785,39.05202427636786],[-77.03971454523037,39.05436069790087],[-77.03827079933865,39.0548127115953],[-77.03843761197056,39.055851520229815],[-77.03452550851188,39.05896069574169],[-77.03571204252182,39.0594819294575],[-77.03859973364308,39.0585779440511],[-77.03995313474405,39.06013794620764],[-77.0335057419936,39.05947826666325],[-77.0298506428637,39.0616140967863],[-77.0275584653549,39.06193472577838],[-77.0296692298245,39.06563812502889],[-77.02856352159755,39.06648005353934],[-77.0294118026774,39.0666113174323],[-77.02957360977504,39.06933775825253],[-77.03287626515068,39.071874770828614],[-77.03381041391786,39.07168160468437],[-77.03473977142123,39.07317605101133],[-77.03728489177259,39.07356969930186],[-77.04000624704108,39.071626865620146],[-77.03992514375024,39.07026365130619],[-77.04188373613046,39.06786518131847],[-77.04043042756366,39.07169245929064],[-77.04382389930623,39.07221715655467],[-77.04525887226542,39.07514031737093],[-77.04814259152405,39.075923728354184],[-77.04992517782779,39.07586157136906],[-77.04975815506906,39.07482277444074],[-77.05163082791444,39.07274856061765],[-77.05247922379438,39.07287966717364],[-77.05367480726801,39.07002549073136],[-77.05486165921928,39.07054654258659],[-77.0507736069713,39.075992689644394],[-77.05178470070838,39.07885021866265],[-77.05390587492313,39.07917797193516],[-77.05296295596958,39.08274653511004],[-77.05415001058337,39.08326759497542],[-77.0531213223191,39.087160577710335],[-77.05405127494485,39.08865488383388],[-77.05252120326143,39.089431481675284],[-77.05378105708742,39.09469100991574],[-77.05649419746145,39.09612306176813],[-77.0571671655129,39.09859060077876],[-77.06149643979695,39.09892146832717],[-77.0616678484553,39.098272625282156],[-77.06667853072153,39.0976955665728],[-77.06582575350409,39.099252185119354],[-77.06785789038464,39.101591755501325],[-77.06870665236349,39.10172275196949],[-77.06964506702928,39.099841685791226],[-77.07184866881411,39.10153233651521],[-77.06997980107064,39.10191923581206],[-77.06921272101896,39.10315145121289],[-77.06395691234485,39.09963899370165],[-77.06412830072212,39.09899014717564],[-77.06285521917137,39.09879360351528],[-77.06217375465914,39.099701352237325],[-77.0584402281171,39.09878720268468],[-77.05673853576339,39.10021269267885],[-77.0586889169557,39.10118920215295],[-77.05902334388695,39.10326678219615],[-77.06004354322918,39.10274899766633],[-77.06454037511955,39.10411854805491],[-77.06529938769572,39.10626162271611],[-77.06292438411504,39.105219700165],[-77.06309166503165,39.10625848529927],[-77.0622428601859,39.106127450380264],[-77.06054944866123,39.10417773245097],[-77.05842751453139,39.1038500910323],[-77.05800737791557,39.10209692844808],[-77.0561427131109,39.10079599022408],[-77.05538833618648,39.0969652336883],[-77.05301377863621,39.09592312365247],[-77.05259819147848,39.09248231872248],[-77.05141099745045,39.091961243140005],[-77.0523497337837,39.0900803110242],[-77.05116698673757,39.08787160812001],[-77.05313004275388,39.083785329242204],[-77.05194298699648,39.08326425958492],[-77.0519517616918,39.079889013632865],[-77.04966354562762,39.078522429204924],[-77.05068346428779,39.0780047238896],[-77.04966798572329,39.076834807519056],[-77.0458500434257,39.076244695629974],[-77.04567401275938,39.07858113575202],[-77.04371983504312,39.07929204793016],[-77.04508737167033,39.075789134986245],[-77.04229406440712,39.07299362613981],[-77.0397489370998,39.07260008048585],[-77.03694175255902,39.07486731198676],[-77.03397239731594,39.07440804227419],[-77.03337660351558,39.07499122788065],[-77.03244725083137,39.073496770865695],[-77.033214641168,39.07226478922516],[-77.02821038483768,39.0711528771834],[-77.02659457650542,39.07225355019814],[-77.02598876199042,39.07621193983269],[-77.02700385062948,39.07738204952851],[-77.02434766750441,39.085750694563615],[-77.02578212418771,39.08867408750734],[-77.02705492806848,39.088871010457666],[-77.02746928494513,39.092311898333335],[-77.02950490188609,39.092964466502956],[-77.03112112670146,39.0918637514353],[-77.03553092524409,39.09355874841598],[-77.03689438767525,39.09174354167922],[-77.03604104226854,39.093299954071995],[-77.03773354253379,39.09525000175188],[-77.03721868754538,39.09719643022916],[-77.03831535316479,39.09972967527955],[-77.03746194439539,39.101286099778264],[-77.04272579698986,39.10142441953063],[-77.0480664803813,39.10461336325057],[-77.04696039216621,39.1054554615518],[-77.04603037033569,39.10396109763036],[-77.04161969542335,39.10226646979944],[-77.03770994816541,39.10368814230123],[-77.03761940929822,39.105700177490306],[-77.03651318344097,39.10654218301157],[-77.0343912887277,39.106214131184835],[-77.03335157444273,39.1134822310598],[-77.0340287228668,39.11426227047235],[-77.04005655010813,39.11485633544756],[-77.04344744883694,39.11706868092907],[-77.04429178024435,39.11888747885472],[-77.04862220564884,39.119218796090344],[-77.05014851514028,39.12012987684171],[-77.05371585114976,39.12000547868011],[-77.05609120611172,39.12104758013855],[-77.05728317493455,39.119880978177356],[-77.05898109125124,39.12014311064702],[-77.06144642686566,39.119173053085696],[-77.0623894018938,39.11560440086343],[-77.06128748481501,39.11475899418552],[-77.06222210949697,39.11456561290521],[-77.06323831774894,39.11573543502208],[-77.06195663142752,39.11891415112026],[-77.06441778579003,39.11963167015048],[-77.06543817653571,39.119113839708646],[-77.06560552540498,39.12015262426383],[-77.05796064001179,39.12066088820345],[-77.05821363213549,39.12137526252557],[-77.05957283735675,39.12124743303976],[-77.06262171278442,39.12475694483832],[-77.0626134285659,39.12813222052514],[-77.06227878443406,39.12605464007316],[-77.05922987110185,39.12254511896541],[-77.0522708875335,39.120457660603726],[-77.05040142857612,39.120844266981315],[-77.05140432705191,39.12707709761088],[-77.05471469674957,39.12792591932796],[-77.05428583907933,39.12954801203563],[-77.05547366818953,39.13006906395062],[-77.05377118458597,39.13149452202593],[-77.05410561038629,39.1335721276211],[-77.05282757968877,39.135063120114985],[-77.05494607972075,39.13707850000929],[-77.05299041851457,39.13778956599416],[-77.05155389632273,39.13486645933059],[-77.05274616486116,39.13369989765723],[-77.05343677792031,39.129416916395826],[-77.05165727703458,39.127791486177934],[-77.04995920834439,39.127529253304324],[-77.05072687253167,39.12629715087644],[-77.04903329988909,39.12434726842282],[-77.04971960152457,39.12175195129523],[-77.04208367477655,39.1188839683659],[-77.0412393987019,39.117065155447996],[-77.03954161839579,39.11680278087869],[-77.04013770565662,39.11621956110987],[-77.03538306334619,39.11582233858909],[-77.03580273326087,39.11757558223895],[-77.0341812048702,39.120363998120446],[-77.03451022404194,39.12412928753084],[-77.03339886045161,39.12665890499093],[-77.03492513531174,39.127570173937364],[-77.03321265585011,39.132370626379505],[-77.03465318285495,39.13360630383117],[-77.03244463031213,39.13360262216188],[-77.0338185450858,39.12841215908528],[-77.03195363799314,39.127110851399586],[-77.03340368143331,39.12497126841152],[-77.0327312763189,39.122503588225975],[-77.0344435549628,39.117703151801365],[-77.0335994839257,39.11588428743371],[-77.0313104792635,39.11451735579503],[-77.03165390637855,39.11321974897124],[-77.03055238324568,39.11237407033999],[-77.03183047193211,39.110883313472854],[-77.03235041257545,39.10724927153402],[-77.03014755679814,39.10555791894556],[-77.02716209642668,39.11016137523535],[-77.02740483048201,39.1142510746248],[-77.0244238680717,39.11716683918472],[-77.02195810629831,39.11813616224418],[-77.02178629604359,39.11878495296269],[-77.02348405851757,39.11904757006983],[-77.02322635919666,39.12002075942625],[-77.02152857490638,39.1197581387502],[-77.02067457108551,39.121314454012996],[-77.02220057397413,39.122225878159824],[-77.02024499223268,39.12293642709918],[-77.02133635314595,39.127157470760814],[-77.01962812663537,39.13027009782083],[-77.02055794205985,39.1317646669039],[-77.02183148701927,39.131961644991],[-77.02071956190903,39.134491153067074],[-77.02131084302117,39.13559566060978],[-77.02241261077663,39.1364414250005],[-77.02598079549317,39.136317822154716],[-77.02741135578891,39.14092886612936],[-77.03089386124705,39.14112952283348],[-77.03190993648673,39.1422996071305],[-77.0320768591078,39.143338441566705],[-77.03071719200355,39.143465971055036],[-77.0268149634652,39.141512027754125],[-77.02554624206013,39.1396274590853],[-77.02597580124132,39.13800546227545],[-77.02147759860073,39.13663450785169],[-77.01969863631372,39.13500861805755],[-77.0203860870523,39.132413457440634],[-77.01682849780579,39.129161624473085],[-77.0197191945812,39.1282580660995],[-77.01854198451929,39.12436140077917],[-77.01471128667426,39.12714559866544],[-77.00705987701085,39.12933837053004],[-77.00366400204324,39.12881266356998],[-77.00477094792241,39.12797094672573],[-77.00731782602936,39.1283652128977],[-77.0122503691171,39.12642709480998],[-77.01394827575211,39.12668984251486],[-77.01786490827578,39.123581275486615],[-77.0185523163752,39.120986130911554],[-77.0167685958241,39.12104783838358],[-77.01609156951766,39.12026770394543],[-77.01235225663609,39.12103980065447],[-77.00810785772285,39.120382834211384],[-77.00088697978963,39.12095329228112],[-77.0002101249581,39.120173071397275],[-76.99367173231809,39.11983569790412],[-76.9943542416864,39.1189283214163],[-76.99919486997622,39.11900273338792],[-77.0007205547208,39.11991442070144],[-77.00607166464285,39.119729912192774],[-77.00599660178044,39.1166790307581],[-77.00472885428414,39.114794259104],[-77.00693139821679,39.11648606505992],[-77.00666804464407,39.119146852583306],[-77.0179611961446,39.119881613466845],[-77.01975002481737,39.1181322551466],[-77.02127594924707,39.11904369006971],[-77.0208566215006,39.11729039690569],[-77.02485833827441,39.11385722094862],[-77.02427221238328,39.111065103411924],[-77.02537864899791,39.11022320608484],[-77.02658089001405,39.10568164060717],[-77.02377705952662,39.10626095860794],[-77.02352445869055,39.10554651636909],[-77.02760135444345,39.10516412210844],[-77.0321074235071,39.10315958733187],[-77.03414338606348,39.103812080881276],[-77.03388588358234,39.10478528944639],[-77.03507316145972,39.10530653367586],[-77.03516377035596,39.10329450049366],[-77.03669431953338,39.102518114304836],[-77.03567872361472,39.10134807827268],[-77.03637003526451,39.097065218892894],[-77.03459170857587,39.09543955470587],[-77.03247014678547,39.09511147078036],[-77.03272763394503,39.094138266937236],[-77.027378476669,39.09432392170533]],[[-77.03272763394503,39.094138266937236],[-77.03323776502285,39.09387948406973],[-77.03281346146538,39.09381386557737],[-77.03272763394503,39.094138266937236]],[[-77.03417219574013,39.09368631442142],[-77.0336620693467,39.09394510111447],[-77.03408637443694,39.09401071671169],[-77.03417219574013,39.09368631442142]]],[[[-77.0207206090474,39.10612576542151],[-77.02233218301919,39.10671279139216],[-77.0164717929077,39.107156716012646],[-77.01706798621305,39.10657360795064],[-77.0207206090474,39.10612576542151]]],[[[-77.00337840780496,39.138224004179456],[-77.01103620634147,39.13434381605981],[-77.01324478029088,39.13434787790917],[-77.01529717475476,39.12993777009484],[-77.01716705455598,39.12955169081909],[-77.012723689459,39.13798185931111],[-77.0125623620559,39.135255360850806],[-77.00984325729215,39.13550997791007],[-77.00516256164295,39.13816248857496],[-77.00337840780496,39.138224004179456]]],[[[-77.07893211416766,38.81867459985962],[-77.08045251234279,38.819585267772744],[-77.08044880027195,38.821272828587425],[-77.08002604032927,38.82120737385485],[-77.07893211416766,38.81867459985962]]],[[[-77.07941026612815,38.83191613061084],[-77.07823841433525,38.82633264439339],[-77.0767179031325,38.82542194866497],[-77.0773113113057,38.82483857611945],[-77.07596529397206,38.821591471489675],[-77.07326586277837,38.818472341517186],[-77.06954659378643,38.81755856273847],[-77.06625417911748,38.815022615923446],[-77.06447798187628,38.81508500488446],[-77.06557135221607,38.817617905612686],[-77.06395763135521,38.82040658510963],[-77.06437628819361,38.82215965515151],[-77.06293317456154,38.824299501623706],[-77.06166489155996,38.82410295365719],[-77.06047782737295,38.82526954589438],[-77.05946571098215,38.82409975190699],[-77.05981145929567,38.821114563006375],[-77.05735617781839,38.82208454506842],[-77.05701457904995,38.82338216669252],[-77.05447808370253,38.82298893659018],[-77.05515705830047,38.8220812668071],[-77.05313746123774,38.81805402484512],[-77.05516565282784,38.818706146825136],[-77.05558408855863,38.82045924627805],[-77.0571896304195,38.82104579565767],[-77.0577020029265,38.8190993626742],[-77.06260816561242,38.81884689668341],[-77.06101511364034,38.81319773950625],[-77.06887580000262,38.81509119132491],[-77.06971726956378,38.81690973512981],[-77.07343650760562,38.81782350872288],[-77.07655867699727,38.82100810278039],[-77.07705916084682,38.8241242724479],[-77.08034493251276,38.83003505869803],[-77.08178028532116,38.83127013300157],[-77.08575625790655,38.83121026970108],[-77.0854151218109,38.83250797083922],[-77.07941026612815,38.83191613061084]]],[[[-77.06936601240986,38.8583845038633],[-77.07080567481316,38.85793214172106],[-77.06876828303899,38.86065540811187],[-77.06842271400461,38.86364063486726],[-77.06689751912991,38.864417383220136],[-77.06715775366492,38.86175657413463],[-77.06936601240986,38.8583845038633]]],[[[-77.03477977855549,38.90941352865505],[-77.03444693307306,38.90733594801361],[-77.03597337253501,38.90655959504163],[-77.03335810575476,38.903115171066275],[-77.03395728731877,38.90084442612777],[-77.03632995178842,38.90019929313844],[-77.04098033270581,38.90260843833382],[-77.04860245356588,38.902101237018236],[-77.0513083192363,38.903533358313695],[-77.05020090454256,38.906063034706946],[-77.05070525090856,38.90749176451766],[-77.04926448419491,38.907943895816075],[-77.04799478170747,38.90774720594956],[-77.04791371138113,38.90638403150902],[-77.03749977945957,38.905783223354824],[-77.036986257384,38.907729592204504],[-77.04079529530675,38.908319961013234],[-77.0401106866775,38.910915138167674],[-77.0413804230941,38.911111908853115],[-77.04230788715319,38.91260626110711],[-77.03950694866465,38.91487349367258],[-77.03950228300563,38.916561071922565],[-77.03712911361622,38.91720626699061],[-77.0362825587362,38.91707505884877],[-77.03721943171762,38.91519429355998],[-77.03552637145253,38.91493187280241],[-77.03663443063239,38.9124023245961],[-77.0374809318369,38.912533530255175],[-77.03595913089899,38.91162232499676],[-77.03723358645419,38.91013156110079],[-77.03477977855549,38.90941352865505]],[[-77.03723358645419,38.91013156110079],[-77.03774241285144,38.9098727673264],[-77.03731917709345,38.90980716613432],[-77.03723358645419,38.91013156110079]]],[[[-77.04812120595415,38.92397418665952],[-77.05109770940618,38.91937036723221],[-77.05363754326915,38.91976367101103],[-77.05821693160242,38.91743384341208],[-77.05736608421093,38.91899035867054],[-77.05482194625878,38.9202847109369],[-77.05084108560371,38.92034358174653],[-77.04948117967693,38.92215889143899],[-77.0493867544969,38.925858456358334],[-77.04812120595415,38.92397418665952]]],[[[-77.02490499109534,38.92679184877322],[-77.02474868362157,38.92237788374619],[-77.02305550130815,38.92211529246441],[-77.0238214554319,38.92088339824325],[-77.02534329801331,38.921794753580016],[-77.02617993840278,38.92530119550168],[-77.02702657070239,38.925432472757315],[-77.02625564956159,38.92835196792738],[-77.02490499109534,38.92679184877322]]],[[[-77.04429762463316,38.92844678386761],[-77.04540558477372,38.92591715272644],[-77.04853561993878,38.92741491277953],[-77.04506328599135,38.92721475742196],[-77.04472097501007,38.92851236140105],[-77.04632430325302,38.93078664087758],[-77.04429762463316,38.92844678386761]]],[[[-77.04004089277927,38.936228838944416],[-77.04224345911572,38.936232385650506],[-77.03918943721975,38.93778523342853],[-77.03791924158008,38.93758843959672],[-77.03766237742254,38.93856162924362],[-77.0359687722068,38.93829921369957],[-77.04004089277927,38.936228838944416]]],[[[-77.02928013176643,38.93692492977932],[-77.02665912649975,38.93516793265565],[-77.03148757145351,38.935241084983545],[-77.03580226410593,38.937260420983606],[-77.03300499245569,38.9378399308777],[-77.02928013176643,38.93692492977932]]],[[[-77.04766206167926,38.93740927631903],[-77.04766653955784,38.93572169300839],[-77.04673417180906,38.93591495912276],[-77.04597296435068,38.93545941416615],[-77.04783768727349,38.935072886402445],[-77.050215762676,38.93273990212379],[-77.04691431864802,38.93189098861119],[-77.04632430325302,38.93078664087758],[-77.05267050881918,38.93345763130451],[-77.0484322204103,38.934489644537074],[-77.04791878811884,38.93643606612529],[-77.05316639287607,38.93826152331111],[-77.0500992539168,38.94487739474457],[-77.04882890506137,38.944680712440324],[-77.04806312374198,38.945912765114386],[-77.0457746692348,38.9462337241981],[-77.04458535904119,38.94740018156379],[-77.0446664127201,38.9487633657694],[-77.04381947730131,38.948632208514866],[-77.04560800307513,38.94519494349554],[-77.0472162153657,38.94578163110287],[-77.04942350871538,38.94409746504171],[-77.04959466046307,38.9434486552533],[-77.04713960778832,38.942730864196065],[-77.05018924792064,38.9428654042854],[-77.05163947214366,38.93903809124517],[-77.05147273878393,38.93799931947303],[-77.04766206167926,38.93740927631903]]],[[[-77.04653148334539,38.94837685692481],[-77.04475201565756,38.94843896396509],[-77.04492321924387,38.947790160224244],[-77.04704054399319,38.948118023646],[-77.04729282936364,38.94883239927904],[-77.04686486134484,38.95045441671672],[-77.0449141346055,38.95116533277397],[-77.04661257455295,38.94974004004812],[-77.04653148334539,38.94837685692481]]],[[[-77.04449065231934,38.951099755692276],[-77.04490959197042,38.952852919659456],[-77.04397699748897,38.953046165515524],[-77.04449065231934,38.951099755692276]]],[[[-77.01529520377171,38.96649810775629],[-77.01708032688872,38.964748833959945],[-77.01505364282723,38.962408487912974],[-77.01582537395018,38.95948904838682],[-77.0149836026982,38.95767010674226],[-77.01702572154895,38.954947690939754],[-77.01652170744283,38.953518814949746],[-77.0137236576194,38.9540978913371],[-77.01245854133572,38.95221325042058],[-77.01796357944185,38.95306706134376],[-77.01966259135072,38.95164213725622],[-77.0216942048422,38.9522948180985],[-77.0236451885501,38.95158426706247],[-77.02465850171791,38.95275437211402],[-77.02559114372531,38.95256127149049],[-77.02788482345514,38.9505530983774],[-77.02746630702885,38.94879987752483],[-77.02958848016003,38.947440453536366],[-77.0303497103568,38.947896099805504],[-77.03044025388397,38.9458841228591],[-77.03248146416387,38.94316145727417],[-77.03180592362652,38.94238143180129],[-77.02697700481849,38.94230829178461],[-77.02706763459628,38.94029631888569],[-77.02868050741665,38.93919566303524],[-77.02995070611885,38.93939255151977],[-77.03113039756394,38.94160140273494],[-77.03273841380046,38.94218827773195],[-77.03435124280243,38.94108754785593],[-77.03512197417693,38.93816799725947],[-77.0359687722068,38.93829921369957],[-77.03451773895311,38.942126343074484],[-77.03222450765806,38.944134636417346],[-77.03000215179794,38.950881252732046],[-77.02762777941064,38.95152626901879],[-77.02779420349357,38.95256507479702],[-77.0259289261211,38.95295130216192],[-77.02567184746115,38.953924469085486],[-77.02355445012795,38.953596240680874],[-77.01829100360054,38.956832286023015],[-77.0182600387105,38.96695781561335],[-77.01630338338147,38.96935587337877],[-77.01529520377171,38.96649810775629]]],[[[-77.04218359563207,38.9581709989579],[-77.04167906539446,38.9567422245555],[-77.04269733457812,38.956224595121114],[-77.04218359563207,38.9581709989579]]],[[[-76.99884090262334,38.9703615660067],[-77.00291035542108,38.96997999014675],[-77.00273872512123,38.97062873794045],[-76.99849756461408,38.97165905023522],[-76.99884090262334,38.9703615660067]]],[[[-77.02552624685434,38.974499928187086],[-77.02781073888029,38.97586693326136],[-77.02568770357742,38.97722633249913],[-77.02374108756682,38.976249326029844],[-77.02552624685434,38.974499928187086]]],[[[-77.03608801738467,38.986266108749064],[-77.03752570073391,38.98750172085807],[-77.03532158267517,38.98749809033378],[-77.03608801738467,38.986266108749064]]],[[[-76.99990079502798,38.98302064398858],[-76.99617971280937,38.980417050550756],[-76.99863553392426,38.981135854045824],[-76.99990079502798,38.98302064398858]]],[[[-77.00761743273445,38.982191584566586],[-77.0125400599149,38.98025350458682],[-77.01228270574865,38.98122664769374],[-77.00897412692272,38.98206431127131],[-77.00718838415487,38.98381347299396],[-77.00387962907133,38.984651001093404],[-77.00674845679745,38.988810548702354],[-77.00614770166816,38.99108119031237],[-77.00623896816509,38.98906921818144],[-77.00437812571364,38.98776752908404],[-77.00472143487134,38.98647002541144],[-77.00057637079928,38.9838008478298],[-77.00354181771955,38.98426090856024],[-77.00430875633694,38.983029123896685],[-77.0064269232714,38.983357682193486],[-77.00761743273445,38.982191584566586]]],[[[-76.9966608597633,38.988596387793955],[-76.99462845731163,38.98794329348467],[-76.99421052715748,38.986189950805034],[-76.997594035449,38.98840349661947],[-76.99843010440172,38.9919101594625],[-76.9966608597633,38.988596387793955]]],[[[-77.00876484216653,38.99452623127193],[-77.01351668578981,38.99323686700735],[-77.01241189097385,38.99407864152997],[-77.00876484216653,38.99452623127193]]],[[[-76.99949023927971,39.004569283130515],[-76.9977319188188,38.99788032583523],[-76.99688449633068,38.99774884719813],[-76.99841885738185,38.995285350480316],[-76.99843010440172,38.9919101594625],[-76.99952383240797,38.99444370034864],[-76.99790365805367,38.99723158225343],[-76.999421172242,38.999830862748354],[-76.99949023927971,39.004569283130515]]],[[[-77.03108776241315,39.01520670952077],[-77.02736887093121,39.010916436376625],[-77.02634972704872,39.011433944338236],[-77.02355456952377,39.010325646178664],[-77.02211159724501,39.01077746871184],[-77.02193496251166,39.013113848717836],[-77.02066349812789,39.012916875950104],[-77.02135485340408,39.00863416677434],[-77.01695053342983,39.00693869209666],[-77.01543224465269,39.00433962298446],[-77.01196164050293,39.00245093976602],[-77.0102773391143,38.99881297506087],[-77.00909197683693,38.99829150376722],[-77.00918317095645,38.996279527200855],[-77.00418450848409,38.99516666182843],[-77.00495702319279,38.992247275442345],[-77.00563273885543,38.99302745287425],[-77.0046940471196,38.99490800053616],[-77.00723626683045,38.99530225898804],[-77.00834114010694,38.99446053036934],[-77.00876484216653,38.99452623127193],[-77.01045431349225,38.996476617005676],[-77.01154320926368,39.00069765149034],[-77.01290024169829,39.00057033491223],[-77.01365665256336,39.002713685601584],[-77.01687513071492,39.00388787854814],[-77.01763169319247,39.00603120615109],[-77.02127416987186,39.007270955002255],[-77.02279272856606,39.00986995388979],[-77.02601665552054,39.00935631017705],[-77.02662191175304,39.00539796578917],[-77.02857427151592,39.00468733152143],[-77.02660699989102,39.010460767449175],[-77.02923562706961,39.01053018392948],[-77.03101175817955,39.012155900516],[-77.03508338019083,39.01177326713548],[-77.03491193823814,39.01242206361527],[-77.03168793822506,39.01293593855926],[-77.0322783977623,39.01404036950503],[-77.03108776241315,39.01520670952077]]],[[[-77.00820135244912,39.01166089443701],[-77.00227373862116,39.00905332072509],[-77.00143173268813,39.007234273332124],[-77.0032071618561,39.00886038672675],[-77.00498814293915,39.00879887504855],[-77.00600195300133,39.009969142676056],[-77.00812091206814,39.01029767346339],[-77.00820135244912,39.01166089443701]]],[[[-76.99655319578856,39.02066075731236],[-76.99646162169559,39.02267273250839],[-76.99587732079337,39.019880526994534],[-76.99655319578856,39.02066075731236]]],[[[-77.00322686139779,39.028787240892015],[-76.99907382927461,39.02780559987053],[-76.99924562720842,39.02715685127678],[-77.00322686139779,39.028787240892015]]],[[[-77.00652675583729,39.0313249357089],[-77.00314097864657,39.029111618051836],[-77.00559851300828,39.02983028938711],[-77.00704196592044,39.02937865735356],[-77.00652675583729,39.0313249357089]]],[[[-77.00964442866068,39.037886523375064],[-77.0085443027279,39.037040661398116],[-77.00974102129067,39.03418692592553],[-77.00762135877372,39.033858421482805],[-77.00652675583729,39.0313249357089],[-77.01058889165972,39.034318317578524],[-77.00931171328212,39.03580883530645],[-77.01193061359773,39.039253834709],[-77.00777145614407,39.03996009150943],[-77.00964442866068,39.037886523375064]]],[[[-77.01523652384601,39.04010369339398],[-77.01650844893423,39.040300722627265],[-77.01769454926013,39.04082212670701],[-77.01523652384601,39.04010369339398]]],[[[-77.01523652384601,39.04010369339398],[-77.01336893409565,39.04048973725416],[-77.01184475731323,39.03957821846164],[-77.01523652384601,39.04010369339398]]],[[[-77.00640279572136,39.043462571271],[-77.00529715535033,39.04430428942685],[-77.00393929332986,39.044431523810566],[-77.00411108713497,39.043782766654324],[-77.00640279572136,39.043462571271]]],[[[-77.01046560459399,39.04645596339236],[-77.0153820392426,39.04789297185749],[-77.020732920839,39.04602022367461],[-77.02217152482372,39.047256025723335],[-77.02005142512994,39.04692773269231],[-77.01979393549175,39.04790090195004],[-77.01860770462528,39.0473795172805],[-77.01478631362087,39.048476065569965],[-77.01046560459399,39.04645596339236]]],[[[-76.99113302310026,39.06777354397638],[-76.9883420994264,39.064976826857375],[-76.99071471824931,39.066020166136646],[-76.9964000362081,39.06622620837042],[-76.99571804725403,39.067133587097004],[-76.9914769465901,39.06647605959913],[-76.99113302310026,39.06777354397638]]],[[[-76.9932421009328,39.07147756565878],[-76.99671551482176,39.07336679436114],[-76.99747220602315,39.0755102702537],[-76.99874470259691,39.075707482626115],[-76.99746655393072,39.07719788941118],[-76.99713400673194,39.07512015432548],[-76.99298416535002,39.07245068354548],[-76.99163733036453,39.069202549535795],[-76.9932421009328,39.07147756565878]]],[[[-76.9818267701118,39.05957599069167],[-76.97911646559756,39.058142319135065],[-76.97919641498065,39.05950556989963],[-76.98139668932768,39.06119781066407],[-76.98045649023793,39.06307819644812],[-76.97722373782717,39.06527827627408],[-76.97704552775238,39.067614613930154],[-76.97823179061488,39.06813639730756],[-76.97567486593168,39.07111677199464],[-76.97643705337441,39.071572758132504],[-76.97590841955322,39.07689415933936],[-76.97819519674945,39.07826210098126],[-76.97699038558132,39.08280317449427],[-76.98208070173436,39.08359278580764],[-76.98343335514312,39.08515341045134],[-76.98758945354548,39.086135584392615],[-76.99182009825482,39.09016849227928],[-76.99215256237166,39.09224624736823],[-76.99656147471963,39.093942626862045],[-76.99698008142785,39.09569599403119],[-77.00028838497818,39.09654625923718],[-77.00138375301887,39.09907982959689],[-76.99714639753755,39.09673486576362],[-76.99325333333647,39.093092262885555],[-76.99147027614347,39.09315360711935],[-76.99088560027899,39.090361343395315],[-76.98623077885858,39.0862626261511],[-76.98283706771865,39.08573635481878],[-76.98267098135501,39.084697466092585],[-76.97588380600601,39.083644636720486],[-76.97418084941576,39.08506899198751],[-76.97501690067645,39.08857587031325],[-76.97780821789144,39.09137289880594],[-76.97898270875528,39.09526992453418],[-76.98042157763476,39.09650622100453],[-76.97770992323643,39.09507250908727],[-76.97830632841719,39.094489588300824],[-76.97687366724645,39.09156564461508],[-76.97357828078802,39.08733951312452],[-76.97316650412779,39.08389844934129],[-76.96866000447427,39.085900840043024],[-76.9711316474433,39.083244959744135],[-76.97580389220934,39.082281377868405],[-76.97666453375777,39.07903776326337],[-76.97438394924876,39.075982175057696],[-76.97466069130039,39.0699462445331],[-76.97202996782035,39.06987567189117],[-76.97135389844911,39.06909530148565],[-76.97058549316812,39.07032690013508],[-76.9693992494511,39.06980504355437],[-76.9673584705264,39.070839109717205],[-76.9671065474231,39.07012455769041],[-76.96821302276875,39.06928317569851],[-76.96990943510883,39.06954652180689],[-76.97059176887753,39.068639284374065],[-76.97517085923393,39.06968770117691],[-76.97678738903303,39.0685876975034],[-76.9756134470079,39.064690670156494],[-76.97765393586234,39.06365646956802],[-76.9797004302201,39.060934621780035],[-76.9776722680905,39.058593628810215],[-76.9769224643579,39.05476242700717],[-76.97922678650043,39.05106751030472],[-76.97964472823895,39.05282092215626],[-76.98236084588677,39.05256696933152],[-76.98167880984958,39.053474268791405],[-76.97904867563511,39.053403844945045],[-76.97971255651107,39.05755939553448],[-76.9835230052135,39.05983915048214],[-76.98360303910454,39.06120239882009],[-76.9872476998688,39.06244315751511],[-76.9883420994264,39.064976826857375],[-76.9863135462049,39.06263597327773],[-76.98334501094236,39.06217549489664],[-76.9818267701118,39.05957599069167]],[[-76.98343102109737,39.06185112957862],[-76.98394110101904,39.061592550590944],[-76.98351703048476,39.06152676421976],[-76.98343102109737,39.06185112957862]]],[[[-76.9545554694419,39.11072937272468],[-76.95253342598936,39.10670032094159],[-76.9542506307402,39.10190100528051],[-76.95187065074848,39.10254458772838],[-76.95110829258901,39.102088448292726],[-76.95604055037035,39.1001525699898],[-76.9557090828357,39.09807471535981],[-76.95699504904385,39.09489710916733],[-76.96091240375868,39.091790355579896],[-76.96142926433382,39.089844245760204],[-76.95897013735554,39.0891246927889],[-76.95880438448489,39.088085771546424],[-76.96151540507128,39.08951989398363],[-76.96288064028496,39.08770550106222],[-76.96372905029898,39.08783721385369],[-76.96474329853537,39.08900783437596],[-76.96209894545258,39.092312295290974],[-76.967668395258,39.101282125235585],[-76.96860309531061,39.101089448285265],[-76.96995578495552,39.102650224733736],[-76.97224950091419,39.102330656085286],[-76.97437100115727,39.10265976823191],[-76.97538562780808,39.10383030518134],[-76.97971484035494,39.10416402115335],[-76.98030525114885,39.10526871695727],[-76.98242687367853,39.105597691810104],[-76.98225474004344,39.10624642627036],[-76.98072353075206,39.10702214262817],[-76.97979485161557,39.10552728310688],[-76.9764002871556,39.10500083411177],[-76.97654790897806,39.11110262033501],[-76.97493042941639,39.112202629641075],[-76.97365735821882,39.11200517205972],[-76.97426012897796,39.109734639910705],[-76.97502271273724,39.110190638022786],[-76.97555165372825,39.10486920738866],[-76.97411270208823,39.10363285258033],[-76.96927312380211,39.103557464407224],[-76.96732388179099,39.102579552040844],[-76.96580536988213,39.09997983274329],[-76.96453253767048,39.09978228219254],[-76.96344488822704,39.095560763171115],[-76.96005743046626,39.093346245839356],[-76.95792312318129,39.09639213593526],[-76.9574857083433,39.09970150833209],[-76.95612011296855,39.101515846092724],[-76.95527155701306,39.10138408102202],[-76.95407159201277,39.10423732578212],[-76.95491353625722,39.10605672529116],[-76.95414446129445,39.10728823074304],[-76.95650475823842,39.1117074868234],[-76.9545554694419,39.11072937272468]]],[[[-76.9825069374126,39.1069609523928],[-76.98309741339781,39.10806563552962],[-76.9823348012622,39.10760968713407],[-76.9820765912719,39.108582788951054],[-76.98122790571547,39.10845120088546],[-76.98114786434148,39.1070879390881],[-76.9825069374126,39.1069609523928]]],[[[-76.97775984505412,39.128176369440865],[-76.97852264443559,39.128632347736605],[-76.97715090216687,39.13213456273336],[-76.9767325641838,39.13038111640523],[-76.97775373077555,39.12986400464981],[-76.97775984505412,39.128176369440865]]],[[[-76.96553716501847,39.12594298419831],[-76.96305095232314,39.13197404478935],[-76.96262648972343,39.131908186240196],[-76.96553716501847,39.12594298419831]]],[[[-76.97417338630288,39.13336149555428],[-76.97630195029515,39.13200294043266],[-76.9764680537346,39.13304184715539],[-76.98063284656303,39.13233662630758],[-76.98182019246589,39.132858381858206],[-76.98327182751413,39.130719381294455],[-76.98412077701086,39.13085095598218],[-76.9826691643383,39.1329899665117],[-76.98419493545656,39.13390185911491],[-76.98088511858208,39.13305115938274],[-76.97799374807086,39.13395381584415],[-76.97510848199798,39.13316876848202],[-76.97220454753239,39.13744656509023],[-76.97093104117478,39.1372490786077],[-76.97417338630288,39.13336149555428]]],[[[-76.96305095232314,39.13197404478935],[-76.96262002343514,39.133595821943565],[-76.96177108082843,39.133464100412915],[-76.96305095232314,39.13197404478935]]],[[[-76.99027894757707,38.84779980906248],[-76.98901045199338,38.84760251661077],[-76.9891819148223,38.84695379817368],[-76.99121033788984,38.84760696948064],[-76.99179307923386,38.850399130507405],[-76.99002176384792,38.8487728890152],[-76.99027894757707,38.84779980906248]]],[[[-76.99051294313034,38.85357697959198],[-76.98645581360192,38.852270580101795],[-76.99059867526718,38.85325261914152],[-76.99051294313034,38.85357697959198]]],[[[-76.98543859733913,38.8527877409476],[-76.98340412151371,38.85382203767336],[-76.98255839957083,38.8536904637974],[-76.98374717316126,38.85252461523064],[-76.98543859733913,38.8527877409476]]],[[[-77.00221266202387,38.92428377930998],[-76.99985008113799,38.921553104723074],[-77.00019315883875,38.92025562595405],[-77.00390581956242,38.92454665524198],[-77.00263042956433,38.92603707932981],[-77.00296245278552,38.92811475042182],[-77.00203006389397,38.92830768026828],[-77.00126921569182,38.92785186148258],[-77.00221266202387,38.92428377930998]]],[[[-77.004816275148,38.931104029583835],[-77.00336374799093,38.93493079050396],[-77.00192214456565,38.93538237326994],[-77.00201345800556,38.93337042068323],[-77.00066322588958,38.93181003649763],[-77.00092056068823,38.93083692445105],[-77.00329449495314,38.930192421211565],[-77.00296245278552,38.92811475042182],[-77.00321423642104,38.92882921362982],[-77.00456994413665,38.9287019894539],[-77.004816275148,38.931104029583835]]],[[[-76.987879471687,38.978453173830644],[-76.98779944869206,38.97708994682072],[-76.98568154833336,38.97676107094114],[-76.985006197608,38.97598078687043],[-76.98830891899016,38.97683135351027],[-76.98847483966044,38.97787021582127],[-76.9897456045199,38.97806751711542],[-76.99032933440787,38.9808597329487],[-76.99338046691477,38.980995670437004],[-76.99465700957592,38.97950532971008],[-76.99617971280937,38.980417050550756],[-76.99490888947803,38.9802198150685],[-76.9941418213579,38.98145154111137],[-76.99058117650614,38.98157422723714],[-76.98905851920556,38.98066243754765],[-76.98957383778514,38.97871624748411],[-76.987879471687,38.978453173830644]]],[[[-76.99261336474498,38.982227387178895],[-76.99150849529917,38.98306897420092],[-76.991428399243,38.981705748573695],[-76.99261336474498,38.982227387178895]]],[[[-76.99201222289038,38.984497958042326],[-76.99269348357475,38.98359061215016],[-76.99421052715748,38.986189950805034],[-76.99201222289038,38.984497958042326]]],[[[-76.97730255346292,38.996735195334914],[-76.97671919614858,38.99394291140449],[-76.97756653784813,38.99407452761831],[-76.97722270854298,38.99537195766419],[-76.9796727884618,38.997778733433584],[-76.97975268193365,38.99914197004541],[-76.97730255346292,38.996735195334914]]],[[[-76.99233209825698,39.01494045856584],[-76.9891994545559,39.01344126065574],[-76.98852958008322,39.01097339128451],[-76.98725235961706,39.01246367635701],[-76.98888497359911,39.00630072885281],[-76.98575277299516,39.00480144607403],[-76.98592463539697,39.00415271835653],[-76.98338222196831,39.0037580229006],[-76.98195114356042,39.00083418380158],[-76.98457938002277,39.00090454560073],[-76.98389785600064,39.00181184940559],[-76.98524902777196,39.00337243228563],[-76.99032806336541,39.00584929283154],[-76.98929121789925,39.01142929386637],[-76.99385551418553,39.01585221302653],[-76.993935693336,39.017215444460824],[-76.99233209825698,39.01494045856584]]],[[[-76.96605119206227,39.01254837662875],[-76.96785129764007,39.00742460262053],[-76.96920853189846,39.00729776352671],[-76.97253116646826,39.00308596226112],[-76.97643677994525,39.00166636508267],[-76.97515947516322,39.00315652351584],[-76.97329262143354,39.00354196239793],[-76.9703077505189,39.00814396967653],[-76.96886449101783,39.00859517314458],[-76.96654825899166,39.01566507009891],[-76.96605119206227,39.01254837662875]]],[[[-76.98759021458395,39.012853814960245],[-76.98681678396504,39.01577310282974],[-76.98571133787067,39.016614642716796],[-76.98478371053285,39.01511984450267],[-76.9865648604337,39.01505859704117],[-76.98759021458395,39.012853814960245]]],[[[-76.98366631552324,39.019336568857376],[-76.9847599416631,39.02187025097083],[-76.98315055104865,39.02128274692338],[-76.98246881824106,39.02219004588306],[-76.98196501710434,39.020761014729466],[-76.97848841062691,39.02055899264801],[-76.98307056956689,39.01991950762189],[-76.98290463016309,39.01888063118225],[-76.98571133787067,39.016614642716796],[-76.98510969632756,39.01888519253833],[-76.98366631552324,39.019336568857376]]],[[[-76.96589498574845,39.031436345971805],[-76.96939097796327,39.026575909497154],[-76.97057651648365,39.027097762237034],[-76.97261602219596,39.026063651099896],[-76.97286784680104,39.02677818648074],[-76.97685459551195,39.02672181778978],[-76.97795419669566,39.02756795893638],[-76.97778220785663,39.02821667810432],[-76.97710646404155,39.02743634465342],[-76.9710003745438,39.02716359238508],[-76.96589498574845,39.031436345971805]]],[[[-76.94936429936506,39.02886721734852],[-76.95038423507738,39.02835033998829],[-76.95039097594635,39.02666273760593],[-76.94767571430644,39.026915990325776],[-76.94938459217896,39.02380441135545],[-76.95074216430173,39.023677773799285],[-76.95115926185329,39.02543127320702],[-76.95243075644505,39.02562895807202],[-76.95600023277804,39.023819763699656],[-76.95497376636501,39.02602428876562],[-76.95149698341423,39.02582151082735],[-76.95106642588505,39.0274432162926],[-76.95166248998049,39.02686043037773],[-76.95360949183049,39.02783857504363],[-76.95198681340983,39.03062587247097],[-76.95460945430092,39.03238447273291],[-76.95554992486363,39.030504292613735],[-76.95834482087562,39.031614125156466],[-76.96098064230844,39.02999738318014],[-76.96233184593552,39.031558222648854],[-76.96029855121566,39.03090456172077],[-76.95817264753582,39.03226281759439],[-76.95580159715237,39.03121886312186],[-76.95545720389849,39.03251624069148],[-76.9531656163041,39.03283549550904],[-76.95291396432297,39.032120919464674],[-76.94901302938915,39.03185217985054],[-76.94936429936506,39.02886721734852]]],[[[-76.96233184593552,39.031558222648854],[-76.96436517720873,39.03221185035953],[-76.96410699448354,39.033184901568994],[-76.96233184593552,39.031558222648854]]],[[[-76.95961644310452,39.0318117366537],[-76.9608019968343,39.03233368316168],[-76.96088157449452,39.03369693959619],[-76.95902040217102,39.03239456122809],[-76.95961644310452,39.0318117366537]]],[[[-76.9648687117998,39.03364095562942],[-76.96410699448354,39.033184901568994],[-76.96537865983693,39.03338245411943],[-76.9664718599891,39.03591630320324],[-76.96418663503613,39.03454815608132],[-76.9648687117998,39.03364095562942]]],[[[-76.97128190658366,39.04274222704572],[-76.96967216289629,39.042154546251886],[-76.96839400818402,39.043644645076505],[-76.96720821552282,39.04312277003507],[-76.96671093259768,39.04000606488273],[-76.9678232914752,39.037477084487925],[-76.9666376034886,39.036955204550196],[-76.96867112438352,39.03760876236223],[-76.96780427876762,39.04253990510199],[-76.96942031644117,39.04144000253037],[-76.97187793405163,39.04215934260294],[-76.97298392861568,39.041317922273045],[-76.97221584450533,39.042549524974106],[-76.97348148941671,39.04443460300688],[-76.9727994188646,39.045341852430084],[-76.97128190658366,39.04274222704572]]],[[[-76.97993305907315,39.04340978690376],[-76.97925107864057,39.04431707159],[-76.9770452415423,39.044312406169574],[-76.97993305907315,39.04340978690376]]],[[[-76.9750114578874,39.04365898471164],[-76.97695922364659,39.04463676606833],[-76.97441544324732,39.044241884340735],[-76.9750114578874,39.04365898471164]]],[[[-76.95819313324067,39.04881453625333],[-76.96068340862254,39.04109605915591],[-76.96129897402199,39.03545040788787],[-76.96223284474053,39.03525778111768],[-76.9623124524266,39.036621037310816],[-76.95896152107721,39.04758301894305],[-76.95954462675489,39.05037541107841],[-76.95819313324067,39.04881453625333]]],[[[-76.97482705441348,39.04768291950601],[-76.97279319641034,39.04702946134806],[-76.9727994188646,39.045341852430084],[-76.97364114971347,39.04716110551292],[-76.97609900247542,39.047880362780816],[-76.97617888399228,39.04924361303046],[-76.97482705441348,39.04768291950601]]],[[[-76.93606844599356,39.04402389029411],[-76.93971143399683,39.04526603951292],[-76.9395390620789,39.0459147076193],[-76.9350481886496,39.0445406514529],[-76.93606844599356,39.04402389029411]]],[[[-76.94157258989638,39.04656871008023],[-76.93894274459296,39.04649743722916],[-76.94013537000593,39.04533197520563],[-76.94183112173127,39.04559570351561],[-76.94157258989638,39.04656871008023]]],[[[-76.93462426186865,39.044474698407534],[-76.93470336196783,39.04583797439287],[-76.93274898061031,39.046547136961166],[-76.93249748183904,39.04583251788855],[-76.93462426186865,39.044474698407534]]],[[[-76.95954462675489,39.05037541107841],[-76.96055177782331,39.053233667941086],[-76.95978335720038,39.05446519630363],[-76.95954462675489,39.05037541107841]]],[[[-76.92643113003346,39.075285911245345],[-76.92848712347065,39.070877287687324],[-76.92681270712413,39.0655505371974],[-76.92766806503263,39.063994883637676],[-76.92564149355591,39.061653040364696],[-76.92768260784408,39.060619661139796],[-76.92641056854741,39.06042172169527],[-76.92804941721118,39.05425952547629],[-76.92754646364492,39.05283026596107],[-76.9310460480848,39.047970891564006],[-76.93240410338463,39.047844453968885],[-76.93341728926009,39.04901532161401],[-76.9320592138507,39.049141770311415],[-76.9307801654655,39.050631483781395],[-76.9323897823326,39.05121966941481],[-76.93222449572963,39.05018071987893],[-76.93477535994506,39.04888885807229],[-76.9352784283591,39.05031808733161],[-76.9370604820845,39.050257549657545],[-76.93798757639644,39.051752713100164],[-76.94569851044832,39.054302712519934],[-76.94704983770552,39.0558637247671],[-76.94678451197044,39.05852435488478],[-76.95008378535597,39.061063562036324],[-76.9498253089771,39.06203658841616],[-76.94855318462061,39.06183887563035],[-76.94593647478749,39.058392527133805],[-76.94611566205441,39.05605623805836],[-76.9450160006038,39.055209810908266],[-76.94018665664791,39.05344568118638],[-76.93747035912759,39.053698711942666],[-76.93772897122325,39.05272571270765],[-76.93187959190728,39.051478036251],[-76.93000405174972,39.05355043589287],[-76.92983157357112,39.054199091461996],[-76.93110351329841,39.05439699566392],[-76.92931412056707,39.05614505717645],[-76.92981713182245,39.05757431036889],[-76.92810662248243,39.060685638062104],[-76.92927071805143,39.066270723265774],[-76.93368371869886,39.06628171172201],[-76.933432142454,39.06556709205537],[-76.93911025540797,39.06746336847542],[-76.9448817279072,39.067347433028644],[-76.94233039551136,39.06863950657555],[-76.94105817598016,39.068441716817],[-76.94123058776451,39.067793044022615],[-76.9397859633733,39.068243914039776],[-76.93944110880199,39.06954125556142],[-76.94240273623902,39.07169039814914],[-76.9420579120251,39.072987747741664],[-76.93741400337227,39.06719960200085],[-76.93079441845659,39.067183259265335],[-76.92906924513218,39.07366983429131],[-76.93110345532459,39.074324011363345],[-76.9310100016695,39.07633595659342],[-76.9296586382969,39.07477476416985],[-76.92830007499143,39.07490117235328],[-76.92640922371915,39.08034875896531],[-76.92643113003346,39.075285911245345]],[[-76.92932135314419,39.05445744792671],[-76.9288111290907,39.05471580230768],[-76.92923511031785,39.0547817753097],[-76.92932135314419,39.05445744792671]]],[[[-76.94730589766883,39.07650533883116],[-76.94171307550036,39.074285096683056],[-76.9420579120251,39.072987747741664],[-76.94256129046613,39.07441695363778],[-76.94391981989851,39.07429038955515],[-76.94493355998267,39.07546116877881],[-76.94747827281773,39.07585665642027],[-76.94730589766883,39.07650533883116]]],[[[-76.93177196352293,39.076792217077575],[-76.93074401395238,39.078996562216766],[-76.9310100016695,39.07633595659342],[-76.93177196352293,39.076792217077575]]],[[[-76.93185104529117,39.07815550271983],[-76.93617852804105,39.07849073312649],[-76.93685430705042,39.079271296197916],[-76.93185104529117,39.07815550271983]]],[[[-76.93947833730923,39.081030231059444],[-76.93744386401187,39.08037619028019],[-76.93685430705042,39.079271296197916],[-76.9390612025031,39.07927667535642],[-76.93837837526168,39.080183741352066],[-76.93947833730923,39.081030231059444]]],[[[-76.93259871409109,39.08198699226962],[-76.93158508170637,39.08081611103135],[-76.93141973929256,39.07977715491145],[-76.93260587296304,39.08029937497254],[-76.93259871409109,39.08198699226962]]],[[[-76.96390130571521,39.08718850731581],[-76.96866000447427,39.085900840043024],[-76.96449133815818,39.088293274661766],[-76.96390130571521,39.08718850731581]]],[[[-76.92382765569444,39.088390928222374],[-76.92589149286597,39.08229471959152],[-76.92556096883729,39.080216791618746],[-76.92648090766654,39.08339966628956],[-76.92433813392533,39.08813259273212],[-76.92561065268362,39.088330554391376],[-76.92611381390063,39.089759830933865],[-76.92382765569444,39.088390928222374]]],[[[-76.93428105382753,39.08562606171885],[-76.93512228688535,39.08744558882443],[-76.93494977394117,39.08809425547776],[-76.93308767318112,39.086791475957334],[-76.93343272304853,39.085494147973336],[-76.93428105382753,39.08562606171885]]],[[[-76.93596356207357,39.08926511085249],[-76.93468388744313,39.09075487531972],[-76.93460473881252,39.08939158830154],[-76.93596356207357,39.08926511085249]]],[[[-76.9270338977735,39.09294270716079],[-76.92914767856085,39.09496021149742],[-76.92897509443353,39.09560887077089],[-76.92685400595391,39.09527898439626],[-76.9270338977735,39.09294270716079]]],[[[-76.92650879214776,39.09657629649152],[-76.92718463548601,39.097356914772575],[-76.9274289796504,39.099759173885545],[-76.92582564561096,39.09748329643678],[-76.92650879214776,39.09657629649152]]],[[[-76.92911871396987,39.101710701586214],[-76.9280830652015,39.105602659584925],[-76.92714819969608,39.105795032013226],[-76.92835650743265,39.10125442270972],[-76.92911871396987,39.101710701586214]]],[[[-76.94109406103894,39.12147261292391],[-76.94228094520236,39.12199474479144],[-76.94289170327963,39.11803673045905],[-76.94486854149515,39.11226451267335],[-76.94476854082922,39.115964111476686],[-76.94098688704358,39.1268598476377],[-76.94109406103894,39.12147261292391]]],[[[-76.91641745981683,39.112907526309684],[-76.91503544983934,39.118096672469385],[-76.91656005859612,39.119009391905955],[-76.91410038897584,39.118288947244906],[-76.91641745981683,39.112907526309684]]],[[[-76.95169712476572,39.12480810839335],[-76.9514384431342,39.12578114979952],[-76.94990649291132,39.12655648952085],[-76.95169712476572,39.12480810839335]]],[[[-76.95803051152217,39.13423456546453],[-76.95319559609528,39.132470915326756],[-76.95065561261457,39.130387905902055],[-76.94878535815567,39.13077298507724],[-76.94861965593044,39.12973404189739],[-76.94734634899629,39.12953631423255],[-76.94538983862707,39.130245686764354],[-76.94334010510984,39.13296700490862],[-76.93867119179595,39.132241741093665],[-76.94072107979551,39.129520500298746],[-76.94098688704358,39.1268598476377],[-76.94096597996382,39.13192274783662],[-76.94266375670907,39.13218646905661],[-76.94531044598317,39.1288823961626],[-76.94845395844627,39.12869509871224],[-76.94905765565618,39.126424681392734],[-76.94990649291132,39.12655648952085],[-76.9489646323617,39.12843666007694],[-76.9499792096093,39.12960741024],[-76.95828913493644,39.1332615087058],[-76.96177108082843,39.133464100412915],[-76.95947633539308,39.133783477661304],[-76.9598942762899,39.135536983206066],[-76.95734740446461,39.135141745266125],[-76.95803051152217,39.13423456546453]]],[[[-76.93490047698447,38.81755870589686],[-76.93295221486412,38.81826784940737],[-76.93058848260348,38.81722344369225],[-76.93399772460441,38.81100090793126],[-76.93469225418764,38.806718795659854],[-76.93037371810217,38.8080710785612],[-76.92917760468312,38.81092396174848],[-76.9227311653588,38.815321214989794],[-76.92205798312034,38.81454060436649],[-76.92553190869126,38.81305664807967],[-76.92723672071395,38.809945462357405],[-76.9162580170373,38.8065420250168],[-76.91651603581609,38.805569102769624],[-76.91736108049862,38.805701126763836],[-76.928339709067,38.80910446601998],[-76.93182039803942,38.80593278231748],[-76.93528664542356,38.80613610537431],[-76.93680498712972,38.80704853472557],[-76.93748527711148,38.80614151223744],[-76.93647539940643,38.80497071634234],[-76.93800073868663,38.80419557895194],[-76.93741340538867,38.80309073031071],[-76.92221033187596,38.79902833005212],[-76.9224682446945,38.798055396107486],[-76.93420506670465,38.801914508107615],[-76.93809365089518,38.8021837048285],[-76.93901761353017,38.80367881028427],[-76.9409654270301,38.802969572377144],[-76.94232581053419,38.80115547874571],[-76.94299908612157,38.801935978140826],[-76.94477506566102,38.80187533179389],[-76.94478191536248,38.80018778000769],[-76.94851225938292,38.797730200215504],[-76.95146981381407,38.79819149426864],[-76.95325234854776,38.79644317478895],[-76.95536486774672,38.796772596823246],[-76.95552990974842,38.79781148009129],[-76.95747085029755,38.7987895347952],[-76.95679087738594,38.799696666428815],[-76.95770864112103,38.80287918461168],[-76.95855372911535,38.80301092741337],[-76.95939230834534,38.804830217504346],[-76.96184185524054,38.80554973316837],[-76.95964323965018,38.80554475881775],[-76.95896323078242,38.806451902973976],[-76.9593792838078,38.808205324447044],[-76.95767588361244,38.811316952007246],[-76.95581384769488,38.81170211844702],[-76.9547045157763,38.81423091407501],[-76.9538593047303,38.81409914485379],[-76.95378009791276,38.81273592415647],[-76.95776826219314,38.809305061760824],[-76.9587981203322,38.8054130234203],[-76.95778791065412,38.80424240147351],[-76.95838209720296,38.80365960047195],[-76.95644101485318,38.8026815595966],[-76.95535826318117,38.79846014863431],[-76.95366820722455,38.79819661375728],[-76.9504463853108,38.80039591678979],[-76.94875630225442,38.80013231481033],[-76.94942963719947,38.80091277915698],[-76.94815529598286,38.802402621472616],[-76.94646517471348,38.80213898816593],[-76.9466301021072,38.80317788382738],[-76.94129513361086,38.80504737840125],[-76.93722051087828,38.80880203071163],[-76.93593167193646,38.81366685468022],[-76.93321717116353,38.81560733755709],[-76.93278744818711,38.817228933986144],[-76.93473568415665,38.81651979314256],[-76.93828136280406,38.81808626598033],[-76.94352458463591,38.81822877989123],[-76.94588853471002,38.81927293877745],[-76.93819543933675,38.81841058895971],[-76.93802359010951,38.81905923477166],[-76.93490047698447,38.81755870589686]],[[-76.93705570478943,38.80776312195158],[-76.93654723374898,38.808021499372195],[-76.93696978803297,38.808087443746466],[-76.93705570478943,38.80776312195158]]],[[[-76.98607107810186,38.81709040765324],[-76.97271816371517,38.81433613959704],[-76.97280392886235,38.81401179281846],[-76.97424331356481,38.81356055504316],[-76.98573413811862,38.81670027497859],[-76.98607697371003,38.81540285121553],[-76.9838840057165,38.81371075116758],[-76.9848149776147,38.813517960358354],[-76.98692225802277,38.81553440053802],[-76.98665926119921,38.81819502685529],[-76.98607107810186,38.81709040765324]]],[[[-76.97887399404812,38.819347117646],[-76.98360899931994,38.81974648380082],[-76.98631053244308,38.821180009745824],[-76.98360304625098,38.82143404086415],[-76.98386021921296,38.82046097707267],[-76.98267794472352,38.81993926566401],[-76.9791251661755,38.820061620493455],[-76.97887399404812,38.819347117646]]],[[[-76.97021185273745,38.828804847135544],[-76.9632834517827,38.826712501260076],[-76.9570225221784,38.82708774989269],[-76.96354091449334,38.825739479158294],[-76.96725927015927,38.8266564419522],[-76.96742454925227,38.82769531244442],[-76.97223960098974,38.8294583277669],[-76.97994030263973,38.82863100508472],[-76.97951154201687,38.8302527656316],[-76.97764913793903,38.83063826116619],[-76.97164531497876,38.83004119678455],[-76.97021185273745,38.828804847135544]]],[[[-76.92640481883535,38.826364726794175],[-76.92929905241945,38.822088202732836],[-76.9286257374149,38.82130762728092],[-76.92955695221843,38.82111525180577],[-76.92956415586836,38.81942769766832],[-76.93379743642828,38.818399761386274],[-76.9305669424171,38.8222861060166],[-76.9295353392682,38.82617791596944],[-76.9275008132954,38.82721129154523],[-76.92640481883535,38.826364726794175]]],[[[-76.94805368506626,38.82771593608978],[-76.95372030272807,38.82792392370108],[-76.9570225221784,38.82708774989269],[-76.95676496772936,38.8280607585779],[-76.95337683257961,38.82922125947389],[-76.94974440488907,38.82797954838419],[-76.94779600872388,38.82868892618306],[-76.94805368506626,38.82771593608978]]],[[[-76.94779600872388,38.82868892618306],[-76.94609845777045,38.830112843915686],[-76.94567576759826,38.83004693054753],[-76.94593347703041,38.82907394472724],[-76.94779600872388,38.82868892618306]]],[[[-76.96297453333969,38.84118599071695],[-76.96601340755254,38.843010158310356],[-76.96356256087408,38.842290722384874],[-76.96297453333969,38.84118599071695]]],[[[-76.95889900741336,38.84494137040582],[-76.96168684050917,38.84605109900788],[-76.96193793618751,38.84676563872681],[-76.95889900741336,38.84494137040582]]],[[[-76.91482448914033,38.84347016573555],[-76.91425231102849,38.83899008901754],[-76.91578612248179,38.836527666387084],[-76.9149482668195,38.83470807526608],[-76.91706172144478,38.83503815216555],[-76.91559897426852,38.84055139551036],[-76.91635086406261,38.84269529201756],[-76.91498905914075,38.84450910791118],[-76.91287533934401,38.84417899530598],[-76.91482448914033,38.84347016573555]]],[[[-76.95345544843737,38.852198418511236],[-76.9443253469202,38.85009988357874],[-76.94348662297018,38.84828048289454],[-76.9363062935831,38.84547204654802],[-76.94332163833629,38.84724157819273],[-76.944583145266,38.8491268984595],[-76.94855343357403,38.85075899986487],[-76.95675877054906,38.85136224955569],[-76.95607829838148,38.85226938222133],[-76.95345544843737,38.852198418511236]]],[[[-76.9638674416608,38.8511187204141],[-76.96386102900792,38.852806282159285],[-76.96302178636084,38.85098701322088],[-76.9638674416608,38.8511187204141]]],[[[-76.93487410012817,38.864161691219266],[-76.93240856576972,38.86681676265297],[-76.92919028591568,38.86732796537995],[-76.9249614132732,38.86666818702043],[-76.92285436914733,38.864650681670575],[-76.9203171639974,38.86425470235775],[-76.9177014003391,38.862495420130315],[-76.91583784587752,38.86287998750639],[-76.91457684450359,38.86099437168971],[-76.9125487362847,38.86033994484356],[-76.91247025183874,38.85897669109733],[-76.91416156797037,38.8592407900303],[-76.91499968600034,38.861060391412906],[-76.91711390497369,38.86139046839181],[-76.91694176680194,38.86203908795109],[-76.92066138766637,38.862957453339526],[-76.92091213936666,38.86367207751014],[-76.92311250558147,38.86367773964789],[-76.9212637496037,38.86068726572377],[-76.92253965943043,38.8591976911094],[-76.92136459298618,38.856987831703016],[-76.92247573213577,38.85445932340107],[-76.91960212690563,38.85367302273809],[-76.91918677119473,38.85191945937913],[-76.9220603028184,38.85270576952175],[-76.92578680621865,38.85193642049356],[-76.9247691644158,38.8524530830913],[-76.92535670378766,38.853557997406895],[-76.92315664286554,38.85355237512991],[-76.922274154924,38.861858192600195],[-76.92488268984019,38.865304940152896],[-76.92911148267082,38.865964721095594],[-76.93301059369948,38.86454651693464],[-76.93479519399821,38.86279845105292],[-76.93708151603079,38.86247954295358],[-76.937339454861,38.86150657154761],[-76.9388589757223,38.86241898109429],[-76.94860552033762,38.85887247581598],[-76.95455214541238,38.85304474620601],[-76.95836419701081,38.851950081809875],[-76.95684465026568,38.851037912563385],[-76.95853594277911,38.851301405509105],[-76.95955984131207,38.849096904513424],[-76.96549841927376,38.84495621594451],[-76.96584174784775,38.84365884438022],[-76.9686359391366,38.84308085609355],[-76.96913825117075,38.84450990643805],[-76.96226843860207,38.84884339829488],[-76.9609011803489,38.85234528149663],[-76.95793481921727,38.8535717717263],[-76.95582064235724,38.85324239159557],[-76.95539120036457,38.85486407293169],[-76.94919347276803,38.85997727786016],[-76.94690728223303,38.86029640935069],[-76.94461421257542,38.86230306120259],[-76.9414821792209,38.8624902538967],[-76.9402925671528,38.86365569812877],[-76.93775530193585,38.863260075928096],[-76.93665160267669,38.86410116101299],[-76.93487410012817,38.864161691219266]],[[-76.92454585456277,38.86491463902724],[-76.924036940462,38.86517296665277],[-76.92445981476824,38.86523895412415],[-76.92454585456277,38.86491463902724]],[[-76.9372464462108,38.86351845775311],[-76.93699553489036,38.862803866660485],[-76.93682357031395,38.86345251393176],[-76.9372464462108,38.86351845775311]],[[-76.95904463775213,38.85104293662165],[-76.95938159362065,38.851433143326545],[-76.9594674617513,38.851108804513665],[-76.95904463775213,38.85104293662165]]],[[[-76.9607310088924,38.87460795123268],[-76.96165635422197,38.8761028993901],[-76.96038744352013,38.8759053132247],[-76.95946212673,38.87441035562833],[-76.9607310088924,38.87460795123268]]],[[[-76.9618281276078,38.87545421671395],[-76.96385709873256,38.876107838011634],[-76.96410831925765,38.87682237579998],[-76.96317648385683,38.87701501226165],[-76.9618281276078,38.87545421671395]]],[[[-76.95245623401277,38.89088063448383],[-76.9507640447224,38.89061705730477],[-76.95017582122395,38.889512258680405],[-76.94882074796233,38.88963888759685],[-76.9467983461375,38.88729745104176],[-76.94535733484216,38.88774837347381],[-76.94400916169756,38.88618738205433],[-76.9444390416183,38.884565734210625],[-76.94983873855459,38.88912202519008],[-76.95389726331854,38.89042962934924],[-76.95414179424948,38.8928317577914],[-76.95186128873404,38.89146341266473],[-76.95245623401277,38.89088063448383]]],[[[-76.93247378342437,38.91140811930482],[-76.92808465981702,38.908021945170226],[-76.92800583323998,38.90665869336076],[-76.93071668059619,38.906405875266856],[-76.93080992434992,38.904393983439086],[-76.93266732181412,38.90569675971425],[-76.93707059521977,38.90570762743942],[-76.93613125895241,38.90758763267533],[-76.93468978023422,38.9080384322459],[-76.93366430048886,38.91024274329483],[-76.93197172941858,38.90997890893164],[-76.93247378342437,38.91140811930482]]],[[[-76.91192026860783,38.90583817143818],[-76.91310343017844,38.90636056339993],[-76.91257897472734,38.909993986007805],[-76.91139575789926,38.90947158879507],[-76.91192026860783,38.90583817143818]]],[[[-76.92414447430339,38.93780445049072],[-76.91729318183093,38.93538518681938],[-76.91746549026706,38.934736560750935],[-76.91924473008736,38.93467627971784],[-76.92482614365562,38.93689748354419],[-76.93033619130068,38.93606760298913],[-76.93110386047493,38.93483627970347],[-76.93330637796403,38.934841760891054],[-76.93356462357167,38.93386878843849],[-76.93559496861582,38.93452287733241],[-76.93634841754401,38.93666667729242],[-76.93575296923339,38.93724938166084],[-76.93075948304669,38.936133569557754],[-76.92414447430339,38.93780445049072]]],[[[-76.89441333243546,38.93688116996982],[-76.8954483810543,38.9329896008513],[-76.89341843957322,38.93233485496672],[-76.8952056514849,38.930587344472485],[-76.89681232740428,38.931175980021536],[-76.89689059652373,38.93253925604275],[-76.90001785776396,38.9340407639788],[-76.89679637953462,38.93455112977373],[-76.89627090728263,38.938184497080314],[-76.89441333243546,38.93688116996982]]],[[[-76.92776017296448,38.94410966536311],[-76.9248114931416,38.940272639422794],[-76.92311825606778,38.940008683137414],[-76.91947336839158,38.940453645652944],[-76.91726318163892,38.942135496941674],[-76.91489565307562,38.94109077611641],[-76.92379995883964,38.93910172155249],[-76.92684193812181,38.94092687218151],[-76.92793240879773,38.94346102396837],[-76.93293349199324,38.94288937139103],[-76.93072354225498,38.94457146307348],[-76.92776017296448,38.94410966536311]]],[[[-76.9498269628834,38.95565204894823],[-76.95398851552979,38.953260158724284],[-76.94982021551448,38.95733963259856],[-76.9498269628834,38.95565204894823]]],[[[-76.88402833117709,38.96430771463816],[-76.8813318377654,38.961184351757844],[-76.88142651665449,38.95917248220192],[-76.88429560731281,38.961647259672525],[-76.88402833117709,38.96430771463816]]],[[[-76.86575268294494,38.97496362994195],[-76.86822431226926,38.97230984712424],[-76.86450849183463,38.9697023125542],[-76.86510477589576,38.969119947649794],[-76.86856997550191,38.97101272442487],[-76.86949465303181,38.97250837940353],[-76.8729686593531,38.97271345137984],[-76.87594976908515,38.969801394153436],[-76.88095306986513,38.969231835207424],[-76.88333760707674,38.96690204282507],[-76.88096976002399,38.965856670816144],[-76.87944042562944,38.96663112076525],[-76.87054012751557,38.966929416899],[-76.87224234715265,38.96550651059254],[-76.87030669863181,38.96283951973885],[-76.86666902138474,38.96159535181928],[-76.86837119195465,38.96017249973541],[-76.86997830384136,38.96076148534984],[-76.87402237641638,38.965446878030036],[-76.8778331075744,38.96604225720523],[-76.8796995040648,38.96565825620438],[-76.87995857557438,38.964685391242384],[-76.88368297528196,38.965604879087955],[-76.88402833117709,38.96430771463816],[-76.88495324116734,38.96580325291866],[-76.89088124017701,38.96672882559511],[-76.89385334233503,38.96550392303035],[-76.89513966642983,38.96232702824144],[-76.8915096902161,38.959396007420146],[-76.89092181037763,38.95829091758134],[-76.8915177896216,38.9577084267549],[-76.89657448265676,38.96356426716488],[-76.90047156359384,38.96383465096433],[-76.90300429834252,38.9659186247969],[-76.90155359179784,38.96805662629454],[-76.89554706631912,38.965768279755565],[-76.89113205697863,38.96744351977368],[-76.89087312500804,38.96841640845536],[-76.88739927339391,38.968211837847136],[-76.88469423244084,38.96677612846848],[-76.88256048360284,38.96982065863114],[-76.87713371222458,38.97032413398807],[-76.87304652648878,38.974076750538856],[-76.86983169099227,38.97289883569756],[-76.86999591133439,38.9739378549855],[-76.86498348492358,38.97619455559511],[-76.86439587221092,38.97508933736055],[-76.86575268294494,38.97496362994195]]],[[[-76.9323099016319,38.990075797330384],[-76.93374589702441,38.991312611515696],[-76.93230274477229,38.991763388729574],[-76.9323099016319,38.990075797330384]]],[[[-76.87398966912802,38.988748771296244],[-76.87737806719484,38.98927800575214],[-76.87755085906333,38.98862943006801],[-76.87043705913703,38.987180423636765],[-76.87544159806903,38.98661108543847],[-76.8761243316202,38.98570437978397],[-76.87764567820575,38.98661755509765],[-76.87858754558863,38.984737972278474],[-76.88086959584551,38.98610768281103],[-76.88034295593498,38.98974101005761],[-76.87617689692726,38.99213044222839],[-76.87398115972063,38.99043635866678],[-76.87398966912802,38.988748771296244]],[[-76.87704935113103,38.987199981805155],[-76.87645301450974,38.98778240570005],[-76.87687655818686,38.98784855664754],[-76.87704935113103,38.987199981805155]]],[[[-76.91818519148491,39.00172334428791],[-76.91834268553498,39.00444989803999],[-76.91681293777636,39.00522481315312],[-76.91818519148491,39.00172334428791]]],[[[-76.9193965226821,39.015422129144916],[-76.91694784343531,39.01301415738125],[-76.91611546029935,39.009506935243216],[-76.91262434488075,39.01267826119857],[-76.91059202490318,39.01202378860372],[-76.91630301461437,39.005483114023406],[-76.91842143698732,39.00581317528667],[-76.91628795481583,39.00885830360971],[-76.91882271035864,39.01094196905515],[-76.91915272710591,39.01301988999442],[-76.92084764941302,39.01328390331505],[-76.9202440107294,39.01555413708359],[-76.92193899605246,39.015818135616065],[-76.9209116102377,39.01802237608143],[-76.91845531263161,39.01730203064015],[-76.9193965226821,39.015422129144916]]],[[[-76.9125811294368,39.041043147509185],[-76.91029675775533,39.039674007856995],[-76.911065860115,39.038442788907666],[-76.91318521897627,39.038772941327444],[-76.91477172517853,39.04442416707105],[-76.91358630488612,39.04390178014737],[-76.9125811294368,39.041043147509185]]],[[[-76.89449327555593,39.06254374187259],[-76.89602446750261,39.0617690942798],[-76.89620526722673,39.05943287611531],[-76.89833312291407,39.058075674868995],[-76.89834902653298,39.05470045950865],[-76.89632365870693,39.052358141992514],[-76.8966692011698,39.05106092422839],[-76.89913435635852,39.05009409861414],[-76.90020177403348,39.05769135976835],[-76.8990946882215,39.0585321341858],[-76.89883553835763,39.05950505391076],[-76.89968350299857,39.059637203174056],[-76.89848999441467,39.06080227963115],[-76.89804212832145,39.065799030804634],[-76.89719409477964,39.06566687019326],[-76.89693489403713,39.06663978719176],[-76.89608685269931,39.06650761900342],[-76.8974612617286,39.063006342963966],[-76.89516845860352,39.06332452929309],[-76.89449327555593,39.06254374187259]]],[[[-76.90884018153012,39.079978516283404],[-76.91020655240811,39.07816470543423],[-76.90868288031494,39.07725191517236],[-76.90894196163114,39.076278971803404],[-76.90809378598426,39.07614688533438],[-76.90825878666398,39.077185871765174],[-76.90698651033595,39.0769877328647],[-76.90801515204915,39.074783585117196],[-76.90971147431901,39.0750477532773],[-76.90997053400775,39.0740748081554],[-76.90819559871291,39.07244734405552],[-76.91205803066188,39.06291601191056],[-76.91012600620262,39.05856199081207],[-76.90860274599791,39.05764920278711],[-76.9071581209134,39.05809969262394],[-76.90741715437859,39.05712675578502],[-76.90656920496525,39.05699465936403],[-76.90810015133326,39.056219863719306],[-76.90827282820965,39.05557123810736],[-76.91022001500446,39.05655006775825],[-76.91308631946437,39.06071182778224],[-76.91265469834715,39.062333409702596],[-76.91350272109683,39.062465464713256],[-76.91213672758566,39.06427930664671],[-76.91502614376186,39.063378193440066],[-76.91621189203366,39.06390056840813],[-76.91374649578678,39.06486773525215],[-76.91356624635982,39.06720398117121],[-76.91169742135723,39.06758849793176],[-76.91075533662786,39.06946835792501],[-76.90939683966171,39.069594559322894],[-76.90922413949943,39.070243188120486],[-76.91092036019323,39.07050733956017],[-76.91022190899959,39.07478947640289],[-76.91275117076728,39.07856090436837],[-76.91104709629782,39.07998439292229],[-76.91043492359427,39.08394222191453],[-76.90873839106577,39.08367806319685],[-76.90993211104305,39.08251288346559],[-76.91011251527237,39.08017663631457],[-76.90884018153012,39.079978516283404]]],[[[-76.89708374914491,39.07105400965855],[-76.89658128831992,39.06962462057788],[-76.89488514036151,39.06936027344697],[-76.89549001795677,39.067090142074065],[-76.89718611513925,39.067354480840464],[-76.89804212832145,39.065799030804634],[-76.89931418441631,39.06599726087523],[-76.89964389340571,39.06807525319556],[-76.89761014136245,39.067420561916556],[-76.89701331133185,39.06800309239965],[-76.89742936692575,39.06975678546574],[-76.89870149061743,39.0699550219505],[-76.89928246040216,39.07274770748667],[-76.89691093562791,39.07170262150867],[-76.89776700591021,39.07014717214879],[-76.89708374914491,39.07105400965855]]],[[[-76.91463084937884,39.09472823087312],[-76.91709724707114,39.093761041166886],[-76.91719110838176,39.091749099929075],[-76.92084359963843,39.09130419335256],[-76.92144784888139,39.08903392655174],[-76.92374134807169,39.08871525378557],[-76.92348242058067,39.089688230233506],[-76.921613069774,39.09007289771667],[-76.92058462411798,39.09227716423493],[-76.91880152610933,39.09233746600909],[-76.918966716673,39.093376441334726],[-76.91590345719972,39.094926292162036],[-76.91496112681901,39.096806193528295],[-76.9132642774546,39.09654209595843],[-76.91463084937884,39.09472823087312]]],[[[-76.90352330437874,39.09164784693732],[-76.90335049936603,39.09229647020512],[-76.89834685556833,39.09117932522706],[-76.89818196484423,39.09014032295073],[-76.90352330437874,39.09164784693732]]],[[[-76.8914576149423,39.0938214297011],[-76.89198445343443,39.0901879905696],[-76.89283276368789,39.09032018733028],[-76.89522892121859,39.086302502458395],[-76.89692546589481,39.08656684571458],[-76.89623404008633,39.0891612986526],[-76.89792269002514,39.09111324637648],[-76.89461583368231,39.09026025811566],[-76.8914576149423,39.0938214297011]]],[[[-76.87327118442349,39.09740390032925],[-76.87165244714247,39.09850256250043],[-76.87148792155286,39.0974635234183],[-76.87327118442349,39.09740390032925]]],[[[-76.88546145468212,39.10470920422448],[-76.88852577595274,39.103160100800636],[-76.89056044664106,39.103814945103146],[-76.89320039548366,39.10219962115737],[-76.89174667896242,39.10433755744876],[-76.88945254635962,39.104655640744646],[-76.8881716469588,39.106144930510496],[-76.88546145468212,39.10470920422448]]],[[[-76.87594695671615,39.10559037198712],[-76.88027581508895,39.10592755075839],[-76.88036233720263,39.10560325435474],[-76.88257002803073,39.10560963673154],[-76.88265653952429,39.10528533875108],[-76.88350500909576,39.10541759955265],[-76.88359151618683,39.10509330093351],[-76.88443998521754,39.105225555349115],[-76.88503722186614,39.104643081232425],[-76.88546145468212,39.10470920422448],[-76.88282124257121,39.10632436459466],[-76.8767088794539,39.106046972517134],[-76.87509000157097,39.107145681266296],[-76.87594695671615,39.10559037198712]]],[[[-76.89385174960398,39.10804328931086],[-76.8969080419951,39.10818160153743],[-76.89937513237676,39.10721476102353],[-76.90098574863431,39.107803359651605],[-76.89715940649788,39.1088963007732],[-76.89367881923354,39.108691901152774],[-76.89281412105768,39.11193495797359],[-76.89111699885945,39.111670557318824],[-76.89385174960398,39.10804328931086]]],[[[-76.8670296192907,39.10588842397526],[-76.86922868406215,39.107582664523854],[-76.8718606716923,39.10765541405798],[-76.87270059618417,39.10947537086166],[-76.87134986972947,39.10791353493056],[-76.86905553494219,39.108231242036325],[-76.86719410019359,39.10692747062849],[-76.86540187599331,39.10867462813698],[-76.8670296192907,39.10588842397526]]],[[[-76.88397429583198,39.11359754522062],[-76.8785536282423,39.11072584682292],[-76.87932402085212,39.10949480856008],[-76.88246686375655,39.109309179864425],[-76.88365312756613,39.10983186998962],[-76.88118573908149,39.11079839898462],[-76.88380955980057,39.11255851944441],[-76.88644174229104,39.1126309603592],[-76.88899561348614,39.1113400239424],[-76.89111699885945,39.111670557318824],[-76.88397429583198,39.11359754522062]]],[[[-76.87872669850425,39.11007725577285],[-76.87371367914216,39.11064673848852],[-76.87270059618417,39.10947537086166],[-76.87872669850425,39.11007725577285]]],[[[-76.86403381262969,39.11048795658283],[-76.86480444876857,39.10925700836242],[-76.86479571184928,39.11094463055326],[-76.86928936060518,39.11232124292055],[-76.86140173021946,39.11041504130865],[-76.86242343638861,39.10989887897776],[-76.86403381262969,39.11048795658283]]],[[[-76.87301264858536,39.1149286981675],[-76.8705535493368,39.11420739272583],[-76.87072669932662,39.113558812376276],[-76.87318577833723,39.11428011430248],[-76.87301264858536,39.1149286981675]]],[[[-76.87335036630463,39.11531915449669],[-76.87563642044456,39.11668899251912],[-76.87393924972774,39.11642435714478],[-76.87335036630463,39.11531915449669]]],[[[-76.8508462701821,39.115185689084655],[-76.85017108157285,39.11440465333136],[-76.85103771287065,39.11116189186044],[-76.8518861934666,39.11129436860167],[-76.8508462701821,39.115185689084655]]],[[[-76.91193284927273,39.12808458297897],[-76.90837260418027,39.126517282738526],[-76.9058263294398,39.12612099050286],[-76.9056534629699,39.12676962129135],[-76.90370445505093,39.12579070716998],[-76.90302074893,39.1266975868989],[-76.89589291704822,39.1252500045918],[-76.89861203526655,39.124997879540736],[-76.89887142181641,39.124024948326124],[-76.89946076417607,39.12513003195232],[-76.90115823126091,39.12539431940749],[-76.90099322263683,39.12435531401074],[-76.90396377621263,39.124817765181625],[-76.90498538240286,39.124301251676194],[-76.90525247962918,39.12164067833939],[-76.90703630827655,39.121580570589295],[-76.90993575674152,39.118991937893206],[-76.91410038897584,39.118288947244906],[-76.91392761503619,39.11893758853014],[-76.9097629439376,39.1196405734804],[-76.90941730906988,39.12093784418236],[-76.90754707949567,39.12132230242326],[-76.90575547096822,39.12307004640806],[-76.90829391047443,39.125153969619866],[-76.91262408481758,39.125490023297296],[-76.91245128056156,39.12613866345253],[-76.91576753457507,39.12530355222541],[-76.91609798358752,39.12738152416951],[-76.9178819442535,39.127321260764454],[-76.91694677215716,39.127513557295885],[-76.91702563085485,39.128876865572714],[-76.91490362502502,39.12854677315634],[-76.91491119967736,39.126859141849415],[-76.91270286017314,39.12685333376523],[-76.91193284927273,39.12808458297897]]],[[[-76.87654616812249,39.121559884896286],[-76.8754378349524,39.12240045853243],[-76.8757060075253,39.11973994978785],[-76.87444158870294,39.117853850335244],[-76.87775790123057,39.117019754179175],[-76.87776633771925,39.115332129099954],[-76.87861491574263,39.11546442353359],[-76.8791173400978,39.116893897563806],[-76.88098760604865,39.11650986727367],[-76.88123884271761,39.11722459984463],[-76.87851995524476,39.117476344621736],[-76.87723860559066,39.11896552543695],[-76.8798626256952,39.12072573199921],[-76.87960299629762,39.12169862290932],[-76.88258163015117,39.1204739577005],[-76.8833437507303,39.12093051888787],[-76.88130031089278,39.121963181247835],[-76.88137849444115,39.12332651053284],[-76.87654616812249,39.121559884896286]]],[[[-76.89557109010966,38.79993049479292],[-76.89718284199974,38.79883156796461],[-76.89810592360774,38.80032697811333],[-76.90123539899895,38.8001408831073],[-76.90064865521641,38.79903586057267],[-76.90166572265794,38.798519398978534],[-76.9009929208926,38.79773867513754],[-76.90168141551656,38.795144301874096],[-76.90329296962209,38.79404529599919],[-76.90373100996075,38.79073625780336],[-76.8973947344817,38.789745241062064],[-76.89687829199107,38.79169100244327],[-76.89518860441235,38.79142666945465],[-76.89315456118963,38.792459477197646],[-76.89212945120053,38.79466341603286],[-76.89180119184454,38.79258548141752],[-76.88714639218018,38.79354586653843],[-76.88968908138736,38.79225497492612],[-76.88910257591232,38.79114989850042],[-76.89019760843101,38.79199679035515],[-76.89045592328765,38.79102392380056],[-76.8924819063908,38.79167870755122],[-76.89400743502277,38.790904113213834],[-76.89392937171863,38.78954085754587],[-76.89553293126144,38.79012950013248],[-76.89536876097905,38.789090537834916],[-76.89925651808981,38.78936095400326],[-76.89942864200796,38.78871236390942],[-76.90094617256369,38.789625231415584],[-76.90483397882775,38.789895472425535],[-76.90762659384714,38.78931886350369],[-76.90491224627101,38.79125872125256],[-76.90456030166375,38.79424346498328],[-76.90277665400718,38.79599108276607],[-76.9021742509783,38.79826116505771],[-76.90369201453021,38.79917399972015],[-76.90233853882427,38.79930011922116],[-76.90156396109398,38.80221879418485],[-76.90333998180586,38.802158742217394],[-76.90316786093689,38.802807338572286],[-76.90181431690965,38.80293345238656],[-76.90146218920803,38.80591819062648],[-76.89968607541503,38.80597821567821],[-76.89993642573513,38.80669287793788],[-76.9025575869263,38.80676497433285],[-76.90456855468196,38.81079466246996],[-76.90254193211078,38.810140075333244],[-76.90244802911602,38.81215192420339],[-76.90067176433314,38.81221196343279],[-76.90093787607461,38.80955152241484],[-76.89924776003343,38.809287244383185],[-76.8984106298532,38.80746754650567],[-76.89672057125722,38.80720323403222],[-76.89646228265977,38.808176115161395],[-76.8948583188735,38.807587483598624],[-76.89095341545199,38.81069202850491],[-76.89229905742731,38.81225358366765],[-76.89001411428076,38.812571663722075],[-76.88999787774496,38.81594676505191],[-76.88804922230806,38.816655201919396],[-76.88822151030746,38.816006625705114],[-76.88653129077429,38.81574217392906],[-76.88697022187519,38.81243318815306],[-76.88452118319016,38.811712190946295],[-76.88324532770872,38.81320136637879],[-76.88121882969197,38.81254643009964],[-76.88257258769818,38.812420541329494],[-76.882831076593,38.811447688777406],[-76.8835899697615,38.8119042275704],[-76.88444327491983,38.81034892658326],[-76.88909918250826,38.80938864153248],[-76.8902806160712,38.809911245530365],[-76.89342659988398,38.80635024845837],[-76.89360684973884,38.80401411609254],[-76.89487432865836,38.80421238442438],[-76.89486632395112,38.80589993387289],[-76.8989271431677,38.805521775808025],[-76.8991853894915,38.80454888978964],[-76.9005389680396,38.80442280469636],[-76.90080505620922,38.801762365991856],[-76.89844231917706,38.80071734842466],[-76.89657227653804,38.80278917269696],[-76.89124414290205,38.802968960929746],[-76.88854515380393,38.80153336445249],[-76.88819248991422,38.804518064519456],[-76.88691683521995,38.80600727672512],[-76.88564934674646,38.805808926896724],[-76.88590777117693,38.804836068555076],[-76.883967629835,38.80385689160703],[-76.8847346902556,38.80262587457073],[-76.8839758864496,38.80216934320849],[-76.8790702361106,38.8024147312614],[-76.88043214821612,38.80060131820143],[-76.88127706998503,38.80073358840085],[-76.88018200988598,38.79988661694087],[-76.88061279999401,38.79826520606948],[-76.88669938988929,38.79854239458948],[-76.88686345797015,38.79958136930263],[-76.88982069702087,38.800044136114686],[-76.89295018140679,38.79985825054482],[-76.89287212827837,38.798494993062526],[-76.89557109010966,38.79993049479292]],[[-76.89742519826994,38.80123378364569],[-76.89708880576212,38.8008434105514],[-76.89700271947166,38.80116770436669],[-76.89742519826994,38.80123378364569]],[[-76.89295018140679,38.79985825054482],[-76.89328654722406,38.80024863484699],[-76.89337264895015,38.799924343644506],[-76.89295018140679,38.79985825054482]],[[-76.88900490968634,38.811400480038046],[-76.88934130761662,38.811790875498176],[-76.88942744050942,38.811466586674726],[-76.88900490968634,38.811400480038046]],[[-76.8987549751247,38.80617036623888],[-76.89909140111628,38.80656073500733],[-76.8991774844855,38.806236439570405],[-76.8987549751247,38.80617036623888]],[[-76.88474292898592,38.800938326321365],[-76.884993115608,38.80165301843813],[-76.88516539534686,38.80100444743405],[-76.88474292898592,38.800938326321365]]],[[[-76.86906040862003,38.79206492165986],[-76.87303440938197,38.79201188735399],[-76.87353449689994,38.793441317232464],[-76.87556039523308,38.79409637806371],[-76.87487944781353,38.79500305907015],[-76.87369836601944,38.79448030888118],[-76.8742846649218,38.795585458621126],[-76.87334512879286,38.79746496460973],[-76.87519877716262,38.79876858598056],[-76.87400914557676,38.79993338574112],[-76.87603522846885,38.800588439206095],[-76.87569050554104,38.80188555554711],[-76.8738282781852,38.80226948860451],[-76.87297484121663,38.8038247151997],[-76.87524266741325,38.80688204618553],[-76.87539813553178,38.80960858567877],[-76.87708817255543,38.80987318925376],[-76.87725212921428,38.81091217784272],[-76.87707975570716,38.81156073846045],[-76.87437224798558,38.81181238107554],[-76.87325158509866,38.81602799586681],[-76.87374334662687,38.81914497846469],[-76.87221701205615,38.81991932518239],[-76.87414893699281,38.8225862387024],[-76.87270875560519,38.82303631312325],[-76.87136333417723,38.82147454339822],[-76.87097499953123,38.81465817495622],[-76.86976786786771,38.81919803564588],[-76.86799140467672,38.81925760611477],[-76.86809489291696,38.81555823252726],[-76.86735334373854,38.81172650062996],[-76.86650831988482,38.81159413526546],[-76.86727575633267,38.81036322548537],[-76.86609448031435,38.809840401978754],[-76.86804316687831,38.80913231109888],[-76.8671981718271,38.80899995047615],[-76.86729304300661,38.806988129102045],[-76.86611182152306,38.80646530593401],[-76.86654296323475,38.80484394301087],[-76.86451684739747,38.804188733937224],[-76.86411181371018,38.80074744846054],[-76.86291322916834,38.803599688808625],[-76.8611459250129,38.8019716140613],[-76.86046472492077,38.802878216447866],[-76.86062842907826,38.80391722632169],[-76.86366318944728,38.80574389662826],[-76.8629644993334,38.810025608862425],[-76.86170577875329,38.808139465910806],[-76.86058444020694,38.81235496448747],[-76.85863559513517,38.8130629382041],[-76.8589209173268,38.807027492347395],[-76.8565586100472,38.805981675027525],[-76.8581025298781,38.8018324290052],[-76.85649901524802,38.801243300933024],[-76.85659417140434,38.799231489282654],[-76.85574931181714,38.79909905065556],[-76.85592184551184,38.79845052053406],[-76.85812023893729,38.79845733671277],[-76.85980113965522,38.800409722000595],[-76.86015494526413,38.797425104113465],[-76.8620171209018,38.797041376903145],[-76.8620346476982,38.793666285589374],[-76.86025879990274,38.79372574497916],[-76.86026760377686,38.792038199838984],[-76.86282820450643,38.787372771100706],[-76.86080260719741,38.786717502321814],[-76.8583635373413,38.784308445570886],[-76.85540713574389,38.78384492807109],[-76.8534590019351,38.784552818387205],[-76.853890295323,38.78293150287785],[-76.85490746912738,38.7824154262501],[-76.8595531639245,38.783143797859005],[-76.86114752313041,38.78542042929329],[-76.86401780978429,38.786208080154836],[-76.86476762375625,38.7883522777631],[-76.86687950827408,38.788683209332504],[-76.8667070950803,38.789331754126735],[-76.86889661097537,38.79102592410746],[-76.86906040862003,38.79206492165986]],[[-76.87055246695145,38.8145920053331],[-76.87021615667902,38.814201558726985],[-76.8701299351384,38.81452583426866],[-76.87055246695145,38.8145920053331]],[[-76.86368936793151,38.80068125550926],[-76.86343939336585,38.79996652042683],[-76.8632669229195,38.80061506111694],[-76.86368936793151,38.80068125550926]],[[-76.86813802693264,38.79056929618367],[-76.86762943178779,38.790827390093405],[-76.86805182408402,38.79089356953893],[-76.86813802693264,38.79056929618367]],[[-76.87057817043167,38.80952935837777],[-76.8702933260232,38.799013626180084],[-76.8694916947919,38.80699474336055],[-76.86973316618071,38.80939701504974],[-76.87057817043167,38.80952935837777]],[[-76.86621538693595,38.80276593860909],[-76.8651980093652,38.80328210914174],[-76.86604293455159,38.803414483340845],[-76.86621538693595,38.80276593860909]],[[-76.87190543838683,38.79791502856776],[-76.87066382293527,38.79265388652301],[-76.86939661066243,38.792455370569044],[-76.86820698938755,38.7936201138792],[-76.86678464949424,38.79069502687957],[-76.86341428163567,38.78847797158472],[-76.86179348186506,38.79126400251413],[-76.8655087995479,38.792184016520764],[-76.86581895715139,38.79763711273737],[-76.87190543838683,38.79791502856776]],[[-76.8625432824259,38.79340821459845],[-76.8628881990435,38.79211113591813],[-76.86204341048828,38.791978740332574],[-76.86144854978963,38.79256107804164],[-76.8625432824259,38.79340821459845]]],[[[-76.91654951830219,38.8170576580022],[-76.92137742294526,38.81544754283263],[-76.92069684584422,38.81635447764112],[-76.91654951830219,38.8170576580022]]],[[[-76.9142645304761,38.817376185693846],[-76.91147089358739,38.817952945921],[-76.91037522434554,38.81710624013206],[-76.91232367490855,38.81639745192347],[-76.91224524195614,38.81503420447386],[-76.91325487000543,38.816205199130756],[-76.91621295045036,38.816667336270044],[-76.91654951830219,38.8170576580022],[-76.91646349940817,38.81738196586057],[-76.91730868087001,38.81751399036772],[-76.91713664799217,38.81816260711989],[-76.91510970789011,38.81750822520928],[-76.91409247084992,38.81802479820766],[-76.9142645304761,38.817376185693846]]],[[[-76.87727942864159,38.822400748854704],[-76.87863337637665,38.82227490302699],[-76.87828859714841,38.82357202939957],[-76.87997896826252,38.823836593892835],[-76.88039322116677,38.82559028323982],[-76.87760740841297,38.82447872804661],[-76.87727942864159,38.822400748854704]]],[[[-76.84641461899712,38.820943241847814],[-76.84852736399172,38.82127448757289],[-76.84716427252071,38.82308755328618],[-76.84573305856665,38.82184976487946],[-76.84641461899712,38.820943241847814]]],[[[-76.89167195471313,38.81958627230215],[-76.89539708620927,38.81881784009373],[-76.89412132850728,38.82030712864463],[-76.89529497832505,38.822517237571425],[-76.89960712320412,38.82285372888641],[-76.9034028026137,38.82513586503946],[-76.90624413344446,38.83267275623474],[-76.91360172543189,38.833146762678034],[-76.91936213277121,38.83134446072174],[-76.92623284598562,38.82701335676932],[-76.92783749023064,38.82760158301712],[-76.9262110004915,38.83207602345554],[-76.92790174240375,38.83233993404395],[-76.92882587818434,38.83383512011925],[-76.93389829139173,38.834626675726724],[-76.93439986431125,38.836055865529126],[-76.93025873743292,38.83507194930724],[-76.92452027081852,38.83181208979495],[-76.92290820198762,38.83291137612258],[-76.91512035820114,38.834059460439605],[-76.9149482668195,38.83470807526608],[-76.91334357017895,38.83411968158542],[-76.91401683988411,38.834900341160846],[-76.91215397127728,38.835284851949524],[-76.90581371003645,38.834294261858716],[-76.90242447479793,38.835453369499085],[-76.90031107442815,38.835123042835704],[-76.8996300516533,38.836029863690364],[-76.8901589023778,38.8352245272588],[-76.88989230362168,38.83788495213607],[-76.88802106471236,38.839956655104984],[-76.88851361908752,38.843073586838486],[-76.88732347728983,38.844238519814546],[-76.88735620905807,38.83748829912043],[-76.8898223919556,38.83483413307765],[-76.88619076780921,38.83359055756876],[-76.88441396740741,38.83365036371452],[-76.88466426304805,38.834365058862105],[-76.88086035786274,38.83376989954146],[-76.88154159294697,38.832863182120775],[-76.88061843917522,38.83136764359296],[-76.87596946164342,38.830640059159336],[-76.87342519104683,38.831930673868214],[-76.874503695676,38.836152814123786],[-76.87289077700267,38.8372514498151],[-76.87296849801156,38.83861472522728],[-76.87228710257304,38.83952139604962],[-76.87145884833163,38.83601395692619],[-76.8737700963112,38.83063355990753],[-76.87164842064024,38.83199029687878],[-76.86852612035653,38.83048809238914],[-76.86598172332735,38.83177855417052],[-76.86649927415331,38.82983291406432],[-76.86498133817494,38.82891962069925],[-76.86768951348387,38.828668182979435],[-76.87470157478276,38.83044159676571],[-76.87640052710314,38.82901865795067],[-76.8791002944224,38.83045452313251],[-76.88046272947408,38.8286411046266],[-76.88039322116677,38.82559028323982],[-76.88123843240004,38.825722554033796],[-76.88079082803006,38.83071907673527],[-76.88298191389887,38.832413004520944],[-76.88780340509327,38.83249174913299],[-76.88805372997876,38.83320643734294],[-76.8926168468073,38.83425786022715],[-76.90480395102195,38.8331232043442],[-76.90481950607243,38.829748095152276],[-76.90271408606282,38.82773025559872],[-76.9020488445487,38.8252619817017],[-76.89934881768427,38.82382661756739],[-76.89410528033876,38.82368223315615],[-76.89377683406502,38.8216042978573],[-76.89166387421494,38.821273824128546],[-76.89285357191237,38.8201088522853],[-76.89167195471313,38.81958627230215]],[[-76.89285357191237,38.8201088522853],[-76.89336228197591,38.81985065401277],[-76.89293969901127,38.81978456074746],[-76.89285357191237,38.8201088522853]]],[[[-76.84111589278761,38.8309219117],[-76.84335206316806,38.82417879202542],[-76.84564671911951,38.82217402361417],[-76.84316094981973,38.82820240528138],[-76.84493765114891,38.82814319095735],[-76.84510119078264,38.82918222399125],[-76.84636897512456,38.82938098936362],[-76.847559528587,38.82821645181228],[-76.85102659896972,38.828422134172904],[-76.85281227984787,38.82667525662746],[-76.85408004161835,38.8268739430152],[-76.85271698353914,38.82868707089343],[-76.85000875594105,38.828938181218504],[-76.85093125111112,38.83043394743218],[-76.84341082241167,38.82891718331438],[-76.84239291857996,38.829433167796864],[-76.8419610945027,38.83105445060997],[-76.84398775411658,38.83171003055885],[-76.84381503558083,38.832358546211296],[-76.84111589278761,38.8309219117]]],[[[-76.89451783233267,38.8436746815972],[-76.8986045248143,38.8382338657909],[-76.89869856745227,38.83622201441896],[-76.90047541878295,38.83616200334214],[-76.89723440792856,38.841735041505785],[-76.89494055520345,38.84374076964382],[-76.8953552811041,38.84549441264185],[-76.89796989542832,38.84725416318372],[-76.89509683862329,38.84646729480025],[-76.89451783233267,38.8436746815972]]],[[[-76.85023157675764,38.8347155985644],[-76.84456473001812,38.834502875939584],[-76.84381503558083,38.832358546211296],[-76.84618714916334,38.831717058670954],[-76.84660063408329,38.833470862385575],[-76.8539489626323,38.835635963536404],[-76.85360368109043,38.83693302296162],[-76.85023157675764,38.8347155985644]]],[[[-76.89441564501517,38.84737408810165],[-76.89501068959683,38.84679158875637],[-76.89585617314523,38.84692376008899],[-76.89551158379437,38.84822093780139],[-76.89441564501517,38.84737408810165]]],[[[-76.88628104677748,38.84981753486477],[-76.88299355651979,38.84727671151501],[-76.88538226836526,38.84325936106048],[-76.88681457566702,38.84449669394535],[-76.88901436035886,38.84450296156524],[-76.89171494950747,38.84593855415736],[-76.89052481209445,38.84710351825578],[-76.88823876890702,38.847421566723895],[-76.88873138302901,38.85053850014788],[-76.88602246786844,38.850790398553684],[-76.88628104677748,38.84981753486477]]],[[[-76.86530834248983,38.84754889473114],[-76.8633498633486,38.849944500469014],[-76.86454919276821,38.84709224219301],[-76.86530834248983,38.84754889473114]]],[[[-76.8387955533704,38.85285296885762],[-76.83524093335093,38.85297119609532],[-76.83550019767665,38.851998438298025],[-76.8387955533704,38.85285296885762]]],[[[-76.83374336077698,38.86354614753255],[-76.83204277097208,38.864968506470774],[-76.83282079926332,38.86205024786623],[-76.83374336077698,38.86354614753255]]],[[[-76.86378805334363,38.87973819557059],[-76.8679308201358,38.88072433884569],[-76.87234110868606,38.8790499439874],[-76.87157303441016,38.880280894449115],[-76.86724896824103,38.8816309863263],[-76.86361539719081,38.880386742347895],[-76.86378805334363,38.87973819557059]]],[[[-76.85087549683216,38.919940834231916],[-76.84604825661346,38.919860651168605],[-76.84400992970475,38.92089266631229],[-76.84374133146987,38.92355301902836],[-76.84112528869451,38.921792107809864],[-76.84206726016747,38.91991281978869],[-76.8437597356693,38.920177881660074],[-76.84401912545779,38.91920509801853],[-76.84690362826315,38.91830558951789],[-76.84724941489536,38.917008536125124],[-76.84961518970132,38.91805454439113],[-76.85105739266692,38.9176047334982],[-76.85123024887206,38.9169562011639],[-76.84877804953804,38.916234488359635],[-76.84971975167521,38.91435514360113],[-76.84837313639724,38.91279310747466],[-76.84839132325749,38.90941797422578],[-76.84474751102704,38.90986073896364],[-76.8443152625386,38.91148204534294],[-76.84287313917207,38.911931777458676],[-76.84101718959774,38.91062765548767],[-76.84330542242917,38.91031047601174],[-76.84416074048666,38.90875543523554],[-76.84848684465473,38.90740614428388],[-76.84883255135645,38.90610908832714],[-76.8472268162471,38.90551983326733],[-76.84891897610824,38.90578482422122],[-76.8496967642508,38.90286644516601],[-76.84903263306346,38.90039786540533],[-76.84709044250049,38.89941810018714],[-76.84752255764859,38.89779678664789],[-76.84592616493516,38.89551995199513],[-76.84389771281094,38.894864398917164],[-76.841350631272,38.89615436427767],[-76.84091838851032,38.89777565596373],[-76.84201446346398,38.898622983853905],[-76.84023604087187,38.898682156713164],[-76.8392942966821,38.900561425626776],[-76.83785235850824,38.901011098711656],[-76.83863053900203,38.898092790880064],[-76.83769810055433,38.898284484227815],[-76.83609262798113,38.89769508555651],[-76.83914929136243,38.8961472502109],[-76.84075475455359,38.896736609181254],[-76.84059112526437,38.895697562318844],[-76.84432987200039,38.893243097437015],[-76.84400253180996,38.891165013979865],[-76.84062820974127,38.888947314299244],[-76.84148333415651,38.88739229620166],[-76.8403874343229,38.88654496480319],[-76.83590825560665,38.88516735736661],[-76.83532181800412,38.88406201525455],[-76.83430308652981,38.884577936479445],[-76.83278441373774,38.8836642428929],[-76.83218857071354,38.884246445716876],[-76.83160219694899,38.88314108613087],[-76.83270739649818,38.882300935348724],[-76.83051597956967,38.88060610883152],[-76.83086187899538,38.87930910735014],[-76.8281516947697,38.879559741180444],[-76.82901651303045,38.87631725295191],[-76.83044851277444,38.87755524202698],[-76.8330721534455,38.8776288099989],[-76.83393672985926,38.87438628819086],[-76.83520527015108,38.87458516884585],[-76.84199864579546,38.870582971956665],[-76.84300791440587,38.871754546150406],[-76.84393999944581,38.871562813488666],[-76.84335354950139,38.87045751118748],[-76.84522684105671,38.86838647608648],[-76.84597694765087,38.87053080590567],[-76.8493596457673,38.871060796579044],[-76.84994619165782,38.87216607053359],[-76.8506281702447,38.87125951928443],[-76.85256965793315,38.872239225701925],[-76.85112836206973,38.87268905162652],[-76.8501008525892,38.874892661006015],[-76.84840940575141,38.87462768720253],[-76.85035095334524,38.875607428771644],[-76.8460359149447,38.87526922038553],[-76.84399883512597,38.87630122951712],[-76.84281665728587,38.875778180189975],[-76.84368077817403,38.87253559113635],[-76.84080731135685,38.87174746154066],[-76.83613741192129,38.87439349480695],[-76.83587807642603,38.875366256456985],[-76.83452306858914,38.875491635565524],[-76.83340855739849,38.87801936018424],[-76.834840665206,38.87925729876219],[-76.83465834520013,38.881593364302724],[-76.84277056241757,38.884215978270184],[-76.8443574252818,38.888180411604054],[-76.8455398154116,38.88870344702094],[-76.8457126521624,38.888054924777315],[-76.84893243201437,38.88754588898148],[-76.84936443576748,38.885924571423594],[-76.85080600432869,38.8854747652951],[-76.85006465278414,38.88164290021014],[-76.85142876742765,38.87982979069747],[-76.85191101782505,38.88463444305185],[-76.85580371116461,38.88490622678386],[-76.859791611024,38.88316605577205],[-76.86081894410239,38.8809623638671],[-76.85888595938786,38.87829522505547],[-76.85924901793659,38.87362302508907],[-76.85571125617307,38.87036672151154],[-76.85672963742009,38.86985062522355],[-76.85690232988712,38.8692020888544],[-76.85597030914889,38.869393918955865],[-76.85759306902158,38.86660794146407],[-76.8547196854883,38.865820135010885],[-76.8511051657596,38.86120041243726],[-76.85313274583194,38.86185584493004],[-76.85683376912364,38.86615124066041],[-76.85827490048312,38.86570134872726],[-76.86177011765838,38.8608440589154],[-76.86237429619776,38.85857415857311],[-76.8606056711915,38.856946066710705],[-76.86255567038152,38.85623805866865],[-76.86274578671087,38.85221440335406],[-76.861736471438,38.85104299256655],[-76.8603819602384,38.85116865404442],[-76.86030446122527,38.84980536887216],[-76.85860471028553,38.851228090066925],[-76.85302289667078,38.850691485293794],[-76.85065925907186,38.84964555065769],[-76.85539552576356,38.85004982012612],[-76.85683634769352,38.849599945746014],[-76.85726795079901,38.847978607840794],[-76.86005435139893,38.849090623322354],[-76.86031327081488,38.84811781405353],[-76.86097730770518,38.850586317963376],[-76.8633498633486,38.849944500469014],[-76.86258194391488,38.851175391045565],[-76.86400529527269,38.85410054449372],[-76.86244308174368,38.86162500102148],[-76.85741150995932,38.868944036893865],[-76.86018108413047,38.87343117023221],[-76.86280460620348,38.87350410874096],[-76.86408193506836,38.87201513416037],[-76.86831919297578,38.870989430614465],[-76.86857807986968,38.87001660163985],[-76.86976034909432,38.87053940485395],[-76.87323800831462,38.86905690689946],[-76.87577512455529,38.86945385036904],[-76.87993418438631,38.86706447177794],[-76.88197880694607,38.86434431375263],[-76.88233201475074,38.861359612462586],[-76.87397913567916,38.85633731966459],[-76.87204632245667,38.85367039380091],[-76.87315060895973,38.852829885357885],[-76.87491094206251,38.85614535441016],[-76.87660205629071,38.856409965933196],[-76.87988973567658,38.85895096148954],[-76.88124435783256,38.85882508662124],[-76.88439289413186,38.855264300684745],[-76.88837032917257,38.85521077376259],[-76.88447084946621,38.856627571580695],[-76.88217617688183,38.85863306667337],[-76.88174506476135,38.86025449324676],[-76.88275482913579,38.86142574222285],[-76.88987285361763,38.859498900095794],[-76.8919869134444,38.85982940574285],[-76.88351424219469,38.861882283926825],[-76.88103025097607,38.867911451473994],[-76.87823441415316,38.86848746506619],[-76.8749209423688,38.87100910157865],[-76.86958776788278,38.871187959237915],[-76.8606814782527,38.874860664377],[-76.86167354393059,38.87940720803055],[-76.8639519775602,38.880777209737374],[-76.86207012680653,38.884536092699584],[-76.8712021712837,38.886640697073986],[-76.8710295647684,38.8872892547234],[-76.86916513005878,38.88767312125399],[-76.8662907906978,38.88688558114472],[-76.86688638277464,38.886303214231],[-76.85885057175828,38.885045469570606],[-76.85833242450528,38.88699108995356],[-76.85629519114472,38.88802330266213],[-76.85231594157968,38.88807580005541],[-76.85120185520746,38.89060368851258],[-76.8527209035866,38.89151715719643],[-76.85246172856134,38.89248995556428],[-76.85524975816412,38.89360208496156],[-76.85304849403451,38.893595217713084],[-76.85346249531983,38.89534901106204],[-76.85658726477305,38.89685160651151],[-76.85632812239847,38.89782441361311],[-76.8576835080509,38.89769879575425],[-76.85852065770148,38.8995187872865],[-76.86308750179624,38.90057130621244],[-76.86639405316629,38.89973754226049],[-76.86623005145667,38.89869852888442],[-76.87028760751443,38.90000887163005],[-76.86579834731847,38.90031990778591],[-76.86562566028249,38.90096845901912],[-76.86104995603431,38.901603598826405],[-76.86036782307067,38.90251021080457],[-76.85995361484648,38.90075643893364],[-76.85707885886977,38.89996868392505],[-76.85599150413293,38.89743392469788],[-76.85353991474733,38.896712307878076],[-76.85051970268911,38.89151024504389],[-76.84890519688261,38.89260857542706],[-76.84679038157768,38.8922773334488],[-76.8459353130996,38.89383238909924],[-76.848714210722,38.89663222880495],[-76.84995601311637,38.9018936513059],[-76.8508020543556,38.90202613098248],[-76.85062018923243,38.90436222659172],[-76.85230333276262,38.90631473686968],[-76.85018810408324,38.90598355228628],[-76.85025642399002,38.90903441911654],[-76.84948766033143,38.91026523730605],[-76.8505568937699,38.916175192823005],[-76.85148952740785,38.915983402314964],[-76.85300012157911,38.91858443887818],[-76.85087549683216,38.919940834231916]],[[-76.84848684465473,38.90740614428388],[-76.84882346877227,38.90779665407375],[-76.84890989556673,38.907472389903496],[-76.84848684465473,38.90740614428388]],[[-76.84758190173534,38.87112007461395],[-76.84707267165693,38.87137808624988],[-76.84749551214283,38.8714443363998],[-76.84758190173534,38.87112007461395]],[[-76.85120185520746,38.89060368851258],[-76.85069250177138,38.89086171563191],[-76.85111545862378,38.890927953586754],[-76.85120185520746,38.89060368851258]],[[-76.84983336278127,38.90896817807803],[-76.84932387607903,38.90922620017574],[-76.84974693832305,38.90929244295486],[-76.84983336278127,38.90896817807803]],[[-76.8514714824869,38.91935853893246],[-76.85122122049236,38.91864376948274],[-76.85104836020155,38.91929230194984],[-76.8514714824869,38.91935853893246]],[[-76.84979712124887,38.91571844609096],[-76.84928758719855,38.915976468267765],[-76.84971068861938,38.91604271122931],[-76.84979712124887,38.91571844609096]],[[-76.84578991883005,38.88941822518915],[-76.84518496782856,38.89168805297524],[-76.84687679901097,38.89195307133509],[-76.84722246105204,38.89065602240849],[-76.84595360815713,38.89045726437299],[-76.84578991883005,38.88941822518915]]],[[[-76.88373033867445,38.90413748896624],[-76.88068263206313,38.90399885743496],[-76.88136452612125,38.90309213353056],[-76.88339354436039,38.903747074159945],[-76.88398913755952,38.90316462384261],[-76.88608799995906,38.90687036754064],[-76.88439567978867,38.906605883867684],[-76.88373033867445,38.90413748896624]]],[[[-76.82685452211035,38.89928726419729],[-76.82785437719988,38.902146528779056],[-76.82707572168839,38.90506477045652],[-76.83020987737842,38.90488046875066],[-76.82918128100847,38.90708391342081],[-76.8301043381513,38.90857984843073],[-76.82747958565892,38.908506217335216],[-76.82730653804823,38.909154715822325],[-76.82307616247327,38.9084914574415],[-76.82164367985713,38.907253378407866],[-76.82121093260228,38.90887460364559],[-76.82036486567968,38.908741921921205],[-76.82304770002563,38.89869032503055],[-76.82685452211035,38.89928726419729]],[[-76.82656618169214,38.90532269890155],[-76.82554709087445,38.90583854953497],[-76.82639313351254,38.90597119584687],[-76.82656618169214,38.90532269890155]]],[[[-76.85854503584987,38.91100747906528],[-76.85981428108,38.91120610872745],[-76.85998704413132,38.91055756473468],[-76.86192970517946,38.911537129303014],[-76.86183454967656,38.91354897066486],[-76.85903680927554,38.91412455439707],[-76.86040130889728,38.91231133871319],[-76.85837225889186,38.911656021086905],[-76.85854503584987,38.91100747906528]]],[[[-76.8204124559096,38.915167936179145],[-76.8219413370722,38.914394219467546],[-76.825248986688,38.91356155152513],[-76.8244797526774,38.914792215346495],[-76.81846046949106,38.91587528597519],[-76.81872018184606,38.91490255584257],[-76.8204124559096,38.915167936179145]]],[[[-76.82232561411908,38.92121082030984],[-76.82470081095737,38.920569737503115],[-76.824960456705,38.91959699369667],[-76.83012423670765,38.920068558831474],[-76.83131653237251,38.91890416488492],[-76.8312205215796,38.920915984607625],[-76.83020124553155,38.92143187455277],[-76.82563356892788,38.92037814136033],[-76.82282559344087,38.92264047583029],[-76.82232561411908,38.92121082030984]]],[[[-76.82524885814341,38.928425407040216],[-76.82889371779719,38.92798321423567],[-76.83033624535678,38.927533643752064],[-76.82923033195759,38.928373778279585],[-76.82524885814341,38.928425407040216]]],[[[-76.83818458935353,38.93281689998873],[-76.83861710098469,38.93119561035744],[-76.84259871673515,38.93114355240946],[-76.84005034316863,38.93243349721353],[-76.83902165536641,38.93463703160277],[-76.83665549399437,38.93359081888533],[-76.83700153575397,38.93229379140031],[-76.83818458935353,38.93281689998873]]],[[[-76.83596337349091,38.936184871654135],[-76.83855183467249,38.943008613005276],[-76.84312111797968,38.94406187359976],[-76.8424383639586,38.944968392085606],[-76.84023554798719,38.944961297275036],[-76.84031277248621,38.94632461137597],[-76.8386197016988,38.94605950150246],[-76.83836014408377,38.94703227743962],[-76.83624379584384,38.94670085314306],[-76.83641685308869,38.946052338879774],[-76.83947553981932,38.944504485507316],[-76.8367723250726,38.94306773653397],[-76.83653149790723,38.94066536242385],[-76.83434765753469,38.937283018883264],[-76.83231814621894,38.9366272727221],[-76.83148122489467,38.934807095371625],[-76.82615288315144,38.933296514722436],[-76.82641255488132,38.932323766199666],[-76.82396974585137,38.92991399192423],[-76.82185396063733,38.92958232292249],[-76.82152709849423,38.9275041703299],[-76.81975771280302,38.92587548155005],[-76.82073818177949,38.93210995111741],[-76.81783320071891,38.936383991892875],[-76.82001624692799,38.93976662572289],[-76.81948690552511,38.94339966919442],[-76.82033337359971,38.943532357530614],[-76.82032362574988,38.945219929648104],[-76.81862086597123,38.94664211932808],[-76.81980402064197,38.94716540428092],[-76.82012116856629,38.95093114056907],[-76.82079451858621,38.95171231788383],[-76.82257425245223,38.95165342349446],[-76.82095799121635,38.95275139869356],[-76.82230475734204,38.954313741079886],[-76.82187174504378,38.95593497907743],[-76.82314167347971,38.95613398536071],[-76.82211213890122,38.95833738685378],[-76.82295878546694,38.95847005755874],[-76.82319922357462,38.96087246411449],[-76.82522932874511,38.961528361741884],[-76.82796172131849,38.95790263625303],[-76.83016492770709,38.95790994902891],[-76.82837548390485,38.95965652860007],[-76.82980911231381,38.960894538786356],[-76.82769239997397,38.960562967943495],[-76.82734605793897,38.96185997465128],[-76.82649936394698,38.96172733381892],[-76.82615299511262,38.96302433741759],[-76.82733647022607,38.96354755176656],[-76.8260567833964,38.965036165590426],[-76.82859698768439,38.96543408001465],[-76.82679772036198,38.968868217298116],[-76.82535435168414,38.969317749262515],[-76.82508489278702,38.97197807977181],[-76.83262918944239,38.971808403841756],[-76.83297548466822,38.97051138048033],[-76.8339088609147,38.97031972074223],[-76.83296602635129,38.972198960191015],[-76.83397655876962,38.97337062389008],[-76.83888456294723,38.97481459807395],[-76.83633459428634,38.97610447465417],[-76.83659428266527,38.97513169881791],[-76.83236945992276,38.97278117089382],[-76.83041604444617,38.9734887146486],[-76.82804874363909,38.97244233190158],[-76.82482506182266,38.972950831055186],[-76.82430537905576,38.97489633241603],[-76.82675931228718,38.97561853513979],[-76.82649949070665,38.976591290461805],[-76.82979084982219,38.97913365560643],[-76.83081093698468,38.97861776477995],[-76.83580580325786,38.97973760696938],[-76.83605612394078,38.980452413750626],[-76.83418911790763,38.980835759097985],[-76.83460316099038,38.982589636673886],[-76.8366339748182,38.98324534983409],[-76.83526755281373,38.98505832221485],[-76.83315956836528,38.9830392603577],[-76.83283214323785,38.980961121526626],[-76.82986791490636,38.98049698304134],[-76.83055115885571,38.979590529025764],[-76.82877074819643,38.979649538088694],[-76.8274233743729,38.97808726003974],[-76.82615305112753,38.97788829693424],[-76.82402619460984,38.979244243689266],[-76.82383360536359,38.98326790705434],[-76.82282309882306,38.98209615900837],[-76.82300605056935,38.979760078796055],[-76.81419058449049,38.97973008425518],[-76.81547077243701,38.97824158954762],[-76.82004193385309,38.97929570571166],[-76.82275586045702,38.97904524577546],[-76.82471915014108,38.976650241373896],[-76.822948498116,38.97502158666549],[-76.8229581890908,38.97333400701324],[-76.82126455321038,38.97306865923524],[-76.82313142805268,38.97268550877111],[-76.82398791019799,38.971130593626725],[-76.82086062485992,38.96962716115442],[-76.81975396245463,38.97046721621655],[-76.81585682771623,38.97019429708049],[-76.81544330690186,38.96844036027972],[-76.81324969845849,38.966745208842326],[-76.81528974552947,38.96571369269655],[-76.82307387303082,38.96794702173804],[-76.82520041716623,38.96659109360442],[-76.82428638397191,38.96340753278981],[-76.82106307602513,38.96391593352879],[-76.82234284528732,38.96242737145363],[-76.81981254230361,38.96034175302124],[-76.8195722177222,38.95793934009001],[-76.81745563796011,38.95760759475205],[-76.81771551263596,38.95663486110264],[-76.82009190592998,38.9559938634243],[-76.81924529338968,38.9558611732039],[-76.81960151728266,38.9528766159371],[-76.81875494188908,38.95274392243015],[-76.81792797878393,38.94923607615394],[-76.81874661250882,38.93956758791289],[-76.81722698799278,38.938653697154464],[-76.81656363125002,38.93618493183174],[-76.81478427061347,38.93624373986836],[-76.81281182237836,38.940326143407106],[-76.81196540528879,38.9401934038054],[-76.81419774233204,38.93513829048327],[-76.81699664428503,38.93456371688759],[-76.81929550431211,38.932559410238945],[-76.81848832127282,38.925676441474764],[-76.81764206410774,38.92554374087577],[-76.81908461279707,38.92509430141703],[-76.81961384121836,38.9214612687914],[-76.81724838677049,38.92041468772484],[-76.81768129080136,38.918793473860056],[-76.81988331305668,38.91880096916297],[-76.82088316235388,38.92166029723373],[-76.82248904012894,38.92224989470604],[-76.82187338077256,38.92620718614696],[-76.82313311035341,38.92809375992729],[-76.82524885814341,38.928425407040216],[-76.82700883748694,38.93174158751592],[-76.8303077023411,38.9325963523792],[-76.83308747841946,38.935396556651],[-76.83478028112796,38.93566174163542],[-76.83690566437792,38.93430561916932],[-76.83817525665964,38.93450447095953],[-76.83680978770404,38.93631744742219],[-76.83596337349091,38.936184871654135]]],[[[-76.86218472708842,38.96021868020221],[-76.86549399832708,38.95938493350442],[-76.86650487637769,38.96055633003054],[-76.86640978324999,38.96256818858213],[-76.86420643236981,38.96256151942809],[-76.86335091031563,38.96411671004358],[-76.86089700195872,38.96339523216958],[-76.86218472708842,38.96021868020221]]],[[[-76.84221659014092,38.985470286011356],[-76.85060925620996,38.98543205072031],[-76.85188879939952,38.983943179158096],[-76.85207983917648,38.979919472019304],[-76.85098242253636,38.979072223526714],[-76.85310877166674,38.977715814901934],[-76.85329972764617,38.97369210969163],[-76.8517014894319,38.97141532558881],[-76.8528077974356,38.97057498554301],[-76.85230689989068,38.96914544127671],[-76.85001685650667,38.969462789463286],[-76.85214294288922,38.96810639934267],[-76.8518150429299,38.96602831530527],[-76.85003498130415,38.966087629296034],[-76.85131419617271,38.964598767996094],[-76.84691650881999,38.96289727557767],[-76.8464157798137,38.96146770915681],[-76.84387561657357,38.961070159756346],[-76.84667528124494,38.96049491434605],[-76.84685741321648,38.95815880657345],[-76.84533704772721,38.957245257825754],[-76.84220067573963,38.95742994322997],[-76.83949692721644,38.95599325098423],[-76.83992954732089,38.95437195148631],[-76.83731248924165,38.95261095230142],[-76.83656179213004,38.9504665470962],[-76.83801405647372,38.948329311386466],[-76.83691727972528,38.947481942467064],[-76.84022626127765,38.94664887126014],[-76.84267940027591,38.94737075617946],[-76.84429521442652,38.946272498868304],[-76.8457288499705,38.94751032270623],[-76.84173708932394,38.949250055967404],[-76.84257443311135,38.951070167799],[-76.84196886950889,38.953339998612066],[-76.84340260468305,38.9545778505846],[-76.84636586384103,38.955041664028066],[-76.84925175766058,38.954142096455016],[-76.84703953349808,38.955822699326816],[-76.85059010889091,38.957391709284664],[-76.84906062920832,38.95816578380435],[-76.84785886271962,38.96101793274552],[-76.85470130501147,38.96512861953183],[-76.85307623779933,38.967914595505654],[-76.85476091696403,38.96986708964605],[-76.85348168000675,38.97135598764305],[-76.85633246677064,38.977206580664415],[-76.85598655599169,38.978503670474964],[-76.85386921225674,38.97817254535682],[-76.85283129742741,38.98206379263508],[-76.85341879080832,38.98316906679162],[-76.85689326074466,38.983374589130385],[-76.85713490152283,38.985776938732315],[-76.85653841717628,38.9863592668068],[-76.85442980487683,38.98434056586037],[-76.85273579814152,38.98407564716975],[-76.85204377071264,38.986669808753874],[-76.84814564726979,38.98639790302507],[-76.84720297207582,38.98827725521632],[-76.84712557395449,38.98691393694087],[-76.84594157652359,38.98639090950897],[-76.84204349083787,38.98611881214455],[-76.84221659014092,38.985470286011356]]],[[[-76.80765936082892,38.966206552406085],[-76.80699607749531,38.96373772618772],[-76.80581274553168,38.96321431782884],[-76.8061594777035,38.96191737100401],[-76.80961280203249,38.96549936765575],[-76.80773599766695,38.9675698909003],[-76.80772595450051,38.96925746788769],[-76.80569579151751,38.968601283135285],[-76.80765936082892,38.966206552406085]]],[[[-76.83954902902491,38.97728325777133],[-76.8400497319595,38.97871285527214],[-76.83590176489322,38.97772576682475],[-76.83624802995057,38.97642873317726],[-76.83930799697171,38.974880877082136],[-76.84396582214126,38.97560985085915],[-76.84157973933128,38.97793888947363],[-76.83954902902491,38.97728325777133]]],[[[-76.8056109134689,38.99696591409741],[-76.80588117697627,38.99430561574209],[-76.80799877155685,38.99463756036437],[-76.8083456145125,38.99334060124752],[-76.81012637672947,38.99328188507429],[-76.80962616151199,38.99185216371191],[-76.8125139694105,38.99095344583036],[-76.81201372328538,38.98952373460881],[-76.81388106903265,38.98914072234948],[-76.81389097218833,38.98745313977562],[-76.81473794254512,38.987585867159204],[-76.81186024593566,38.986797054073],[-76.81305392724298,38.98563282458327],[-76.81016633717545,38.98653155428824],[-76.8101863146182,38.98315639153353],[-76.81552784049796,38.98298008744987],[-76.81677855282028,38.98655432329025],[-76.81559477943746,38.98603100642756],[-76.81381419908642,38.98608980098525],[-76.81651855875982,38.987527059335704],[-76.81617188919887,38.98882404011009],[-76.81888618451985,38.98857366443322],[-76.8201761891049,38.98539753673666],[-76.82204338599011,38.98501440192564],[-76.82434370084717,38.9830099870047],[-76.82552748799785,38.983533220179275],[-76.82416078387432,38.9853460703508],[-76.82543123186974,38.98554505407522],[-76.82593171427433,38.98697471032598],[-76.82974317894002,38.98757156827143],[-76.82744286861673,38.98957608467283],[-76.82643221634632,38.98840436487428],[-76.82431471911117,38.988072735042],[-76.82396818592002,38.98936973769651],[-76.82734665745603,38.99158792193396],[-76.82700016157129,38.99288493376192],[-76.82852104154213,38.99379871210458],[-76.82826117859196,38.99477147383661],[-76.82623011850936,38.994115622503536],[-76.82427607052227,38.994823071927556],[-76.82445900761924,38.99248698497817],[-76.82318844106776,38.99228799108735],[-76.82224504492524,38.99416715538518],[-76.81886660916577,38.991948831401835],[-76.81724939683654,38.993046764920365],[-76.81743255507187,38.990710688981316],[-76.81531503174782,38.990378905498105],[-76.81394794458694,38.9921916451218],[-76.81259072328072,38.992316786453756],[-76.81324453808455,38.99647317794108],[-76.81146370027263,38.99653193887615],[-76.81240740553824,38.99465285583154],[-76.81164705305038,38.99419587020377],[-76.8078253454418,38.99528603965823],[-76.80670807151908,38.997813566043824],[-76.8056109134689,38.99696591409741]]],[[[-76.79938031830586,39.00375930381019],[-76.79540503159313,39.00212238982147],[-76.7956653601201,39.00114969580053],[-76.79904351559776,39.003368654413684],[-76.8007377758062,39.0036343066953],[-76.80235547267768,39.00253658647758],[-76.80234529986487,39.004224172121695],[-76.8011613427917,39.003700716154675],[-76.79954360201369,39.00479842101603],[-76.79938031830586,39.00375930381019]]],[[[-76.78863404555278,39.0274122964218],[-76.791349875833,39.027162521382174],[-76.79320790859039,39.028467409251554],[-76.79491308117568,39.027045550467584],[-76.7944129328159,39.0256157600173],[-76.79604153626562,39.0228305275805],[-76.80027831604939,39.02349471945924],[-76.80028853951968,39.021807128694014],[-76.80291735340894,39.02188133660808],[-76.8029275154179,39.02019374607675],[-76.80479569645546,39.01981086862907],[-76.80285091326496,39.01883039339125],[-76.80337148380346,39.01688496848014],[-76.80244760204383,39.01538881075047],[-76.80456579476903,39.01572081506266],[-76.80404526450761,39.01766624460915],[-76.80531622199311,39.017865435251686],[-76.80530611573502,39.019553025330154],[-76.80657710964458,39.019752203128775],[-76.80853199951945,39.0190450294882],[-76.80956280480125,39.01684172001415],[-76.8114308648073,39.01645874295293],[-76.81032338093341,39.01729872006789],[-76.81030340047326,39.020673901188694],[-76.80580643654778,39.0209827704607],[-76.8048622190792,39.022861811298746],[-76.81010994227884,39.02469756975564],[-76.81112083592036,39.0258694292784],[-76.80849186950778,39.02579539497941],[-76.80409148401372,39.02409236862048],[-76.80246316061383,39.026877707206374],[-76.8010286970539,39.0256393683108],[-76.79602089145698,39.02620570945422],[-76.7961738580801,39.02893242684551],[-76.7974449909011,39.029131698427115],[-76.7954793861095,39.03152629133282],[-76.79233968419464,39.03170971844355],[-76.79105808149392,39.033197987258255],[-76.78911312552816,39.03221729468374],[-76.78927632641961,39.03325643024972],[-76.78714716296422,39.03461175695412],[-76.78863404555278,39.0274122964218]]],[[[-76.86511870772604,39.04850296365231],[-76.86598388681315,39.045260137325826],[-76.86453924397384,39.04571013057783],[-76.86471228448771,39.045061566769874],[-76.86022287934216,39.0436848060218],[-76.85549186187227,39.0399055089317],[-76.85422038185261,39.03970683115453],[-76.85514563781022,39.041202609532206],[-76.8539517182942,39.04236725426564],[-76.85193715150449,39.038336618752986],[-76.84990466103942,39.037681150143214],[-76.84930769300115,39.0382634483755],[-76.85153140892909,39.034895184786876],[-76.85280279746685,39.03509388992764],[-76.85279379091553,39.03678148852209],[-76.85626189455384,39.0386746294929],[-76.8575244648782,39.04056088635986],[-76.86141672003849,39.04252010074901],[-76.86158097737597,39.04355914282848],[-76.86641644741573,39.04363872258546],[-76.86752368427143,39.04279824159603],[-76.86700464486458,39.04474394350288],[-76.86895098591617,39.04572341802638],[-76.86733333400078,39.04682201364614],[-76.86706512400461,39.0494824683642],[-76.86605300046381,39.04831105973222],[-76.86511870772604,39.04850296365231]]],[[[-76.8167415766601,39.0510733886032],[-76.81937146556399,39.05114724856615],[-76.81766620608116,39.05256944899745],[-76.81341765036787,39.053593447539946],[-76.81342757306099,39.05190584704867],[-76.81554687989839,39.05223766609092],[-76.8167415766601,39.0510733886032]]],[[[-76.84987400328284,39.09071174839672],[-76.85318935895309,39.089878311866485],[-76.85640910038144,39.09105668101546],[-76.8566689308337,39.090083844288806],[-76.86600849951682,39.0898527256122],[-76.86618163203954,39.089204154606485],[-76.87585019008093,39.091050385323435],[-76.87662041988426,39.0898193684233],[-76.88077533883033,39.090805114435426],[-76.88383917363953,39.08925613060575],[-76.88544926595854,39.08984492849343],[-76.88791588621662,39.088878318745415],[-76.89317854899984,39.08902297036603],[-76.88680818308224,39.08971898844346],[-76.88603812694843,39.09095006844604],[-76.88866134845584,39.09271007984108],[-76.88400385726379,39.09029515172583],[-76.88187479039298,39.09165211549863],[-76.87728721976762,39.092287873904574],[-76.87601476352977,39.092089417374204],[-76.87618781206409,39.09144083216223],[-76.8654978019168,39.090110821567414],[-76.86005308347173,39.092301176556845],[-76.85827882126142,39.09067299421074],[-76.8579324050429,39.09197011439524],[-76.85632248868451,39.09138095984303],[-76.8544437640037,39.09345223309466],[-76.85105067494509,39.092922363040124],[-76.85172567338101,39.09370339080392],[-76.85018426178608,39.09616511328155],[-76.85602689473332,39.09910426381356],[-76.86044187742586,39.099117853661305],[-76.86121245381894,39.09788693038762],[-76.86435484082064,39.09770175995676],[-76.86699515006895,39.096086994448015],[-76.87217174612665,39.09655682224862],[-76.87199864955575,39.09720540249397],[-76.86792138703419,39.097582692851184],[-76.8663112653164,39.09699366705807],[-76.86503002667475,39.09848271616953],[-76.85864968350486,39.10086491121394],[-76.85432122728807,39.10052697975464],[-76.85415694498045,39.0994879173517],[-76.85017518684008,39.09785273019692],[-76.85043512506749,39.096879905258874],[-76.8473793969513,39.09674045089539],[-76.84730187997629,39.0953771073239],[-76.84187475428558,39.0941914354713],[-76.84188402156437,39.092503820334336],[-76.83856841644418,39.09333695571142],[-76.83906989985825,39.09476658536808],[-76.83703594693823,39.0941108995503],[-76.8363517069632,39.09501740694921],[-76.83739211783846,39.091126222751114],[-76.83518487129936,39.09111903811884],[-76.8350114575416,39.0917675661455],[-76.8343366567609,39.09098644791239],[-76.83373912601334,39.09156867686708],[-76.83255351959792,39.09104551237865],[-76.83075132862947,39.09447977950526],[-76.83515660188426,39.096181882306716],[-76.83626500102663,39.095341672034635],[-76.83778814224158,39.09625535300803],[-76.83932064896591,39.095481399582184],[-76.83846302906571,39.0970364532773],[-76.8413453808315,39.09782466443826],[-76.8432153554136,39.097441203746165],[-76.84039178128077,39.10139161835695],[-76.84115343646906,39.101848436397106],[-76.84046917499668,39.10275496779159],[-76.84182841143338,39.10262951922469],[-76.84105745631436,39.10386032342266],[-76.84258083640691,39.104773947149944],[-76.84232076475486,39.10574675712432],[-76.85283034389836,39.10941494060182],[-76.86140173021946,39.11041504130865],[-76.85681279558081,39.11105004631941],[-76.85486486786289,39.110070369873796],[-76.85189523034174,39.10960674721935],[-76.85172192163877,39.11025530083358],[-76.85147099950463,39.109540509624615],[-76.84553184902639,39.10861303139341],[-76.84282240768219,39.10717637501735],[-76.84180060055434,39.10769237598641],[-76.8407106697254,39.1051573988313],[-76.8376546121221,39.1050177051916],[-76.8388498225149,39.10385320385942],[-76.83545636146388,39.10332290707792],[-76.83597666428113,39.101377316393844],[-76.83436671755666,39.10078787643131],[-76.83462687796137,39.09981508402188],[-76.83215917778224,39.10078063805769],[-76.83189898087711,39.101753425481206],[-76.82918050182181,39.102004090578625],[-76.82970096325906,39.10005852665491],[-76.82893939885169,39.099601638605556],[-76.83378801895408,39.0979948735109],[-76.83498317579006,39.09683041091218],[-76.83268903214616,39.09714744619374],[-76.83047207041936,39.098827793785894],[-76.82682826687864,39.097582429546804],[-76.82598962902662,39.09576216718618],[-76.82378224279633,39.09575478005914],[-76.8238593188315,39.09711813835352],[-76.82224956480616,39.09652854194345],[-76.82158459599886,39.09405973965334],[-76.82345457793748,39.09367657651018],[-76.82497752313955,39.09459041416175],[-76.82686673301743,39.09083197247005],[-76.82552698501003,39.087582031963755],[-76.82824493711692,39.08733144744889],[-76.82842797951106,39.08499531765374],[-76.82553663111275,39.08589442015731],[-76.82299223257444,39.08549643505029],[-76.82281872341873,39.086144945380106],[-76.8216332841273,39.08562167725976],[-76.81772013911184,39.087036422811124],[-76.81603373890759,39.085083387648865],[-76.81976349987148,39.08600481242735],[-76.821806802613,39.08497316864792],[-76.8215562620502,39.08425832052101],[-76.82494873133959,39.08478899483705],[-76.82843755789904,39.0833077064332],[-76.83174332027373,39.084162454074665],[-76.83200345627625,39.08318967019152],[-76.83064456650324,39.08331501087676],[-76.82888075034744,39.07999880132185],[-76.83001759800204,39.074095822531476],[-76.83435380654126,39.07274699018125],[-76.83275398364889,39.07046992476228],[-76.83105804850187,39.07020470639823],[-76.83123144608756,39.06955618646238],[-76.825633067503,39.0690183308981],[-76.82638466666384,39.07116284340454],[-76.8246887385953,39.07089753807746],[-76.82367699992557,39.06972577984558],[-76.82378310027377,39.066026313489196],[-76.81988082682415,39.06575351652638],[-76.82004454288179,39.06679261767877],[-76.8185124358264,39.067566329347024],[-76.81551513878512,39.07216465931578],[-76.81438704712734,39.076379895312876],[-76.81522517069328,39.07820022937402],[-76.81217029580198,39.078059909966015],[-76.81226704156495,39.076048055045334],[-76.81422339036234,39.07534078490421],[-76.81484072955686,39.071383438078286],[-76.81826198766439,39.06685147685176],[-76.81750084309675,39.06639452153374],[-76.81588195370908,39.06749245097703],[-76.81316470087322,39.06774276423351],[-76.81434978759279,39.06826611141513],[-76.8135688100985,39.071184343080574],[-76.81221011302367,39.071309481925844],[-76.81024385401392,39.07370432614731],[-76.80659157276197,39.07414598095642],[-76.8035267295876,39.07569305578349],[-76.80327640082476,39.07497817203965],[-76.80549326373678,39.07329831698701],[-76.80854792558814,39.073438800409875],[-76.8100802625105,39.07266521078974],[-76.81324154804147,39.06910612205046],[-76.81205645560554,39.068582764219826],[-76.81274074971314,39.067676395005186],[-76.81011026948606,39.067602394447206],[-76.80952275228424,39.06649689986619],[-76.80528338145803,39.065833018417685],[-76.8023260500147,39.06368061227648],[-76.80052310943196,39.06711442370318],[-76.79796922196525,39.068403531578454],[-76.79718758529654,39.071321660317544],[-76.79540490054427,39.07138019162796],[-76.79661055003551,39.06852849979046],[-76.80095726024305,39.065493231061254],[-76.8026834969729,39.06069605176176],[-76.80091129148683,39.0590670601992],[-76.79802063419066,39.05996551830162],[-76.79556413919947,39.05924273730505],[-76.7939450778007,39.060340379505305],[-76.79148861066908,39.0596175178801],[-76.79202019759893,39.055984527124714],[-76.79067219885599,39.05442183064094],[-76.78928232568282,39.05960951814175],[-76.78843456264454,39.059476615467105],[-76.78876107209696,39.06155489817431],[-76.78739198409966,39.06336736681313],[-76.785435696568,39.06407421299415],[-76.78493547984895,39.06264437523463],[-76.78655472860882,39.06154684999698],[-76.78665216134057,39.0595350210824],[-76.7851304324898,39.05862071980287],[-76.78505412362678,39.05725734721295],[-76.78632572125363,39.05745673357824],[-76.78744462048697,39.05492936553279],[-76.78888992328497,39.05448026830663],[-76.78949798655403,39.05221066032599],[-76.78857394139703,39.050714390438294],[-76.78976904503918,39.04955037270254],[-76.78333550479361,39.04719011717179],[-76.78446494370533,39.04297518511272],[-76.78888699443313,39.041303721106416],[-76.79142965965818,39.04170240126561],[-76.79262456945699,39.040538357873054],[-76.79448296690208,39.04184322962648],[-76.79474344997998,39.04087053114951],[-76.79703598327127,39.040554199435185],[-76.79874136444674,39.03913228518016],[-76.79892523337341,39.03679621901448],[-76.80087044414327,39.037776758682526],[-76.80579223596477,39.03753446130626],[-76.80934591106798,39.03910467173131],[-76.81172507344436,39.03846382600035],[-76.81335330150903,39.035678360547635],[-76.81444123709208,39.0382135455229],[-76.81086753592136,39.04001867327816],[-76.80290249500061,39.038433029613806],[-76.79958890911894,39.03926511705552],[-76.79855748370507,39.04146835200659],[-76.7949935774177,39.04158542776341],[-76.79473309512487,39.042558126884444],[-76.79702568167184,39.042241795269014],[-76.79846040460636,39.043480183885876],[-76.79876660500904,39.04893362977315],[-76.80055895741752,39.0471874524141],[-76.80361251268013,39.04732805649261],[-76.80003809464154,39.04913287549629],[-76.80341861323872,39.05135173285389],[-76.80188665467644,39.05212523738813],[-76.80416937442496,39.0534963729289],[-76.80449630685324,39.0555746120591],[-76.80825453709068,39.05143357686196],[-76.81325405875495,39.05255434009245],[-76.80917899643396,39.05292970051399],[-76.80662576078471,39.05421898304858],[-76.80848475926037,39.05552364840369],[-76.80812757592078,39.05850822286403],[-76.8118459129006,39.061117483084416],[-76.81396548108854,39.061449329646564],[-76.81457281971437,39.0591795962188],[-76.81652869210264,39.058472291927984],[-76.82526699686588,39.05882637568354],[-76.82933275249354,39.06013809083143],[-76.82985291010787,39.05819254125233],[-76.83070073381309,39.0583251612656],[-76.82975667483082,39.060204403358554],[-76.83145237191418,39.060469639010336],[-76.83068168826307,39.061700369276046],[-76.83474770234646,39.06301190789421],[-76.83149153666425,39.068583406247335],[-76.83610620548141,39.062886522810246],[-76.83857256677823,39.06192089718025],[-76.83892851686512,39.05893623354086],[-76.83977636579758,39.05906879163794],[-76.84003630450178,39.05809599536493],[-76.84122142736419,39.05861908533716],[-76.83975774146866,39.06244400147029],[-76.83694471736294,39.064706705899155],[-76.8361834778172,39.064249865210904],[-76.83592346554121,39.065222654488046],[-76.83889118780436,39.065686654820276],[-76.84005781396651,39.06958497061286],[-76.84209110779774,39.070240604020086],[-76.84235105547536,39.06926780096027],[-76.84762133801065,39.06772677348786],[-76.84652264758392,39.06687947321734],[-76.84771708876859,39.0657148948783],[-76.84824590989969,39.06208166023728],[-76.8494995921693,39.06565561315546],[-76.8483051805189,39.06682020861725],[-76.85000109959824,39.06708519142119],[-76.8550202589709,39.06482906200144],[-76.85562634382339,39.0625591267327],[-76.85952857962774,39.06283080089578],[-76.86054963026177,39.06231465852719],[-76.86064501607106,39.06030277192093],[-76.8619168739052,39.06050138464224],[-76.86292910052802,39.06167282948512],[-76.8616484151856,39.0631618340651],[-76.85697588960298,39.064121120314425],[-76.85399015123095,39.06703276676228],[-76.84642686222912,39.068891351327764],[-76.84625360181654,39.06953989238203],[-76.85473360077764,39.07086471570078],[-76.85499338147164,39.06989188609214],[-76.85668939660346,39.07015677775554],[-76.85839430498547,39.06873403733548],[-76.8607740044396,39.068092248830446],[-76.85838542409729,39.07042164628253],[-76.85540843393419,39.071645720283975],[-76.85379898823486,39.07105653525159],[-76.8536257884449,39.071705086837326],[-76.84608033831189,39.07018843327068],[-76.84174450006961,39.07153767418667],[-76.84131122301179,39.07315901096409],[-76.84307544036056,39.07647503991118],[-76.84212220587814,39.080041992882414],[-76.84033004202252,39.08178878004707],[-76.84592951312233,39.082325974668],[-76.84661351411859,39.08141941669704],[-76.84899373300101,39.08077785232872],[-76.85002418708126,39.07857418349105],[-76.85291494117985,39.077674512565316],[-76.85809013463357,39.07814492514485],[-76.85919799350721,39.07730451322277],[-76.86225292704829,39.077443676559476],[-76.86362041281538,39.07563037898068],[-76.87091579476534,39.07643122141525],[-76.87381472835696,39.07384345331037],[-76.87397923374097,39.074882484751356],[-76.87022353685454,39.07902552470225],[-76.86827628674959,39.078046064300075],[-76.868622451974,39.07674891864107],[-76.86760125588006,39.077265128695316],[-76.86607813792385,39.07635181630557],[-76.865818482523,39.07732467022473],[-76.86412226684395,39.077059902818995],[-76.86250384440595,39.0781584416835],[-76.86215756325498,39.07945557063099],[-76.86080762134408,39.07789362899495],[-76.86063446780686,39.07854219115596],[-76.85740630762817,39.07905154572788],[-76.85537262913167,39.07839616188242],[-76.85172038672457,39.07883914339632],[-76.85001511061462,39.08026179485823],[-76.85043010215662,39.08201564899727],[-76.84864719821941,39.08207494424268],[-76.84685514107738,39.08382182615396],[-76.84295182548698,39.083549752902236],[-76.84447480360899,39.08446334992253],[-76.84403229404738,39.087772313335655],[-76.84301076837538,39.08828832235235],[-76.84140105459552,39.087698974944985],[-76.84183441634559,39.086077633521846],[-76.84310667388037,39.08627643973008],[-76.84336666532714,39.08530363168808],[-76.83972331897445,39.0840586486037],[-76.83962732272182,39.08607052778462],[-76.8412277044805,39.08834751122819],[-76.84003278724786,39.0895120320068],[-76.84223998544624,39.089519130547316],[-76.84087170475658,39.09133219746129],[-76.84341640553295,39.091729816959486],[-76.84789933335402,39.09479481275727],[-76.84824594215263,39.093497719853815],[-76.85011576894979,39.09311415566971],[-76.84987400328284,39.09071174839672]],[[-76.83902323085636,39.10320466899333],[-76.839360711373,39.10359521673489],[-76.83987159660259,39.103337227523475],[-76.83902323085636,39.10320466899333]],[[-76.84754827890322,39.08122765082785],[-76.84788570317254,39.08161817381281],[-76.84797234088113,39.081293901453975],[-76.84754827890322,39.08122765082785]],[[-76.84747519264441,39.09472856171515],[-76.84696439494705,39.09498658175143],[-76.84738853669711,39.095052834539814],[-76.84747519264441,39.09472856171515]],[[-76.82719448264334,39.09291016591083],[-76.82643300892167,39.092453263123794],[-76.82693424745334,39.0938829414914],[-76.82719448264334,39.09291016591083]],[[-76.83766156797932,39.08846581224229],[-76.83952199979556,39.089770021206135],[-76.83953132115339,39.08808240764361],[-76.83766156797932,39.08846581224229]],[[-76.83674545582832,39.0852822785295],[-76.83657206992777,39.085930808026966],[-76.83911655802147,39.08632851515224],[-76.8389525252285,39.08528943544244],[-76.83674545582832,39.0852822785295]],[[-76.8342104616515,39.08319691131132],[-76.83454782338302,39.083587470647636],[-76.83463452295726,39.08326320747224],[-76.8342104616515,39.08319691131132]],[[-76.83463452295726,39.08326320747224],[-76.8351452820241,39.083005238670765],[-76.83472122175776,39.08293894425579],[-76.83463452295726,39.08326320747224]],[[-76.8351452820241,39.083005238670765],[-76.8360800974652,39.08281355900543],[-76.8353186736776,39.08235671151512],[-76.8351452820241,39.083005238670765]],[[-76.82819606752969,39.066041048465124],[-76.82726144701532,39.06623266824305],[-76.82810935977517,39.06636530613051],[-76.82819606752969,39.066041048465124]],[[-76.82896683929101,39.06481033266372],[-76.82845618615151,39.065068275219126],[-76.8288801364431,39.06513459079538],[-76.82896683929101,39.06481033266372]],[[-76.8028008223746,39.055309008746605],[-76.80229014315361,39.05556684331828],[-76.80271401414866,39.05563324805991],[-76.8028008223746,39.055309008746605]],[[-76.79237802981265,39.05300000034241],[-76.79169361999266,39.05390625503074],[-76.79211747162351,39.0539726959064],[-76.79237802981265,39.05300000034241]],[[-76.79158248669866,39.04442913148163],[-76.79107184411723,39.044686919448395],[-76.7914956414344,39.044753362338746],[-76.79158248669866,39.04442913148163]]],[[[-76.77473009522164,39.079288211717056],[-76.78144833972749,39.07730103740658],[-76.78492710558044,39.077508577683574],[-76.7828834893454,39.0785396136455],[-76.77982866282781,39.078398499214714],[-76.77565421865889,39.08078459223313],[-76.7752194120128,39.08240570091648],[-76.77386043920598,39.08253042068627],[-76.77473009522164,39.079288211717056]]],[[[-76.82994209292978,39.10246097736],[-76.83130134203661,39.102335643902585],[-76.83292077479678,39.10123750648375],[-76.83444399756218,39.10215122945721],[-76.83264162045526,39.10558553122721],[-76.82746463719644,39.105114056425066],[-76.82994209292978,39.10246097736]]],[[[-76.78584560644957,39.10704580233201],[-76.77839562319231,39.10351318448444],[-76.77661213339947,39.103571446543334],[-76.77435003461053,39.098824568176845],[-76.77029403807154,39.09582343423722],[-76.77238184587056,39.08804216642761],[-76.77407798285788,39.0883081864419],[-76.7748499072915,39.0870778015399],[-76.776121998761,39.087277293423014],[-76.77611120480363,39.08896490160084],[-76.77830763645916,39.09066074417068],[-76.77856851107401,39.08968807111089],[-76.78094960102213,39.08904780914044],[-76.78510317593751,39.0900367526452],[-76.78638590311166,39.088548530234576],[-76.7931811756379,39.08792409729942],[-76.79446370007066,39.08643579211439],[-76.79598612885385,39.087349983688824],[-76.79343144967831,39.08863900308263],[-76.79808582245957,39.09105732325963],[-76.80471767650539,39.089393124745136],[-76.80488122898059,39.090432250365886],[-76.80267400687504,39.09042448840191],[-76.80275068118779,39.091787858383015],[-76.80003247456591,39.09203788558435],[-76.7946932568522,39.09052591508831],[-76.79292050296661,39.088896800697384],[-76.78757113624474,39.0890721347947],[-76.78637534735192,39.090236139694404],[-76.79102958758823,39.0926547248197],[-76.79119295164145,39.093693869077136],[-76.78721292893617,39.09205666727011],[-76.78586436437608,39.09049390837843],[-76.78017775894854,39.09027823237608],[-76.77982995047473,39.09157513435346],[-76.7731320700428,39.09018700819697],[-76.77651367694318,39.0924066141268],[-76.77631815644578,39.096430280913516],[-76.77816694289359,39.09942302145001],[-76.78138588952928,39.10060333577108],[-76.78162542322416,39.10300588013435],[-76.78544261110773,39.10360411048618],[-76.78594311984227,39.10503395704478],[-76.78654114432915,39.104451956449076],[-76.78806385096959,39.105366248176],[-76.7889226479,39.10381153995424],[-76.79028199292092,39.10368665498277],[-76.78788998255997,39.10601471213391],[-76.78865135595544,39.10647185218515],[-76.79027152546993,39.10537426960754],[-76.7918812158852,39.10596428109808],[-76.79058783312519,39.109140181006126],[-76.78677031196668,39.108542108001274],[-76.78762917412539,39.106987407766354],[-76.78584560644957,39.10704580233201]],[[-76.78492093902518,39.105549490215985],[-76.78440984317622,39.105807253668885],[-76.78483399096174,39.10587372002869],[-76.78492093902518,39.105549490215985]],[[-76.78128825588195,39.10261517577483],[-76.78077716778775,39.10287292414823],[-76.78120129511784,39.10293940286433],[-76.78128825588195,39.10261517577483]]],[[[-76.8064200730634,39.10283536566697],[-76.80462648858382,39.104581645325204],[-76.80301672530565,39.103991799022026],[-76.80463662245803,39.10289402976726],[-76.8064200730634,39.10283536566697]]],[[[-76.80012430645967,39.104890313537986],[-76.80326715148931,39.10470668716783],[-76.80088574505075,39.10534737856006],[-76.80087552369727,39.10703499460508],[-76.79823334743338,39.10864835865301],[-76.79824363039447,39.1069607423019],[-76.80012430645967,39.104890313537986]]]]},"properties":{"lid":"RVDM2_minor","stage_ft":8.0,"site_id":"01649500","level":"minor"}}]}