{"type":"FeatureCollection","features":[{"type":"Feature","geometry":{"type":"MultiPolygon","coordinates":[[[[-77.3420297125758,38.86248611001526],[-77.34389098946976,38.86209513679344],[-77.34414349413962,38.86112132750214],[-77.34625963662329,38.861444078672726],[-77.34490337629387,38.8598874664476],[-77.34600229069088,38.859042753195034],[-77.34532417837362,38.858264447708926],[-77.3460840107597,38.85703057981633],[-77.34946967145711,38.857546911082736],[-77.34930390196,38.85988369345764],[-77.35226390925018,38.85864784233887],[-77.35319707438556,38.86013985157763],[-77.35531322845195,38.860462448089166],[-77.35252404524037,38.86273672434939],[-77.35235319917247,38.861698372310826],[-77.35142259098721,38.861893925961546],[-77.35150928787014,38.86325688757602],[-77.34592299843743,38.86274249676883],[-77.34558634825738,38.86404091414472],[-77.3420297125758,38.86248611001526]]],[[[-77.3340769553125,38.86430973270842],[-77.33094586208978,38.86450676825907],[-77.32933921483547,38.865611338356686],[-77.32722302632399,38.86528829806078],[-77.32866121935461,38.8648329410984],[-77.32891393698932,38.86385916254752],[-77.32730527183774,38.86327613566376],[-77.33000896871137,38.85963945080257],[-77.33229555939235,38.86100082301017],[-77.33491907393979,38.86106376601251],[-77.33551289482168,38.86216672605255],[-77.33407911351541,38.86599730334941],[-77.33314840142545,38.86619271984631],[-77.3340769553125,38.86430973270842]]],[[[-77.38376872913344,38.87120740551479],[-77.38080550565971,38.87075644011019],[-77.3800461180783,38.8719905228173],[-77.37852089045641,38.87108353243046],[-77.37674675017121,38.8728379716574],[-77.37835602171407,38.87342035724053],[-77.37590948593267,38.87777179888743],[-77.37430013784784,38.877189381231815],[-77.37598414327829,38.872384458449275],[-77.37411969020917,38.87108834306649],[-77.37674360374766,38.87115040057684],[-77.37809439830691,38.8693315245285],[-77.38342611185568,38.869130785550446],[-77.3841854124066,38.867896682547496],[-77.38308351410227,38.867054165145035],[-77.38333221358066,38.86439270593694],[-77.38604660114214,38.86750507588412],[-77.38968494788305,38.86704641305738],[-77.38859326039362,38.87126665500163],[-77.38562665262602,38.86912823451172],[-77.38359741805391,38.870169095587585],[-77.38376872913344,38.87120740551479]],[[-77.38757524456773,38.87009954351227],[-77.38723591320482,38.86971050452638],[-77.38715192775412,38.870035137231085],[-77.38757524456773,38.87009954351227]],[[-77.38359741805391,38.870169095587585],[-77.38325810760163,38.869780045706484],[-77.38317410435208,38.87010467571773],[-77.38359741805391,38.870169095587585]]],[[[-77.32636555140864,38.9279240232368],[-77.32695579787016,38.92565186557725],[-77.32771865715154,38.92610568349641],[-77.32975024871453,38.92506573025847],[-77.33169538223524,38.9226627581574],[-77.33508399210834,38.92317948675994],[-77.33576040050676,38.92227027170369],[-77.34185901583325,38.92252508348033],[-77.345245272696,38.921353951872376],[-77.34702627329976,38.92297511746817],[-77.35185420381686,38.923035797715094],[-77.35448260272373,38.92478590973714],[-77.3588028741136,38.92510641216887],[-77.35939757893871,38.92620926654323],[-77.36566489998197,38.92581367528419],[-77.36312601665185,38.9271143471313],[-77.36431560805745,38.9293200123277],[-77.3604159275058,38.92737661775333],[-77.3589766979054,38.92783234683167],[-77.3576189293353,38.92627586088124],[-77.35490885156644,38.92653801113052],[-77.35304338719679,38.92524156979916],[-77.34626576883471,38.92420900123593],[-77.34482410431615,38.92297698305122],[-77.3415220168388,38.92382349951221],[-77.33770974901401,38.92324237118533],[-77.33610190854225,38.9243470371026],[-77.33254465457401,38.92447953201909],[-77.32645185791063,38.92928701364658],[-77.3255222782805,38.931169959094525],[-77.32467504531081,38.93104072016288],[-77.32543402715014,38.9281193833204],[-77.32636555140864,38.9279240232368]]],[[[-77.3295960298332,38.937528016537556],[-77.3276423848821,38.93318061622351],[-77.32679512475532,38.9330513917389],[-77.32654213864186,38.93402517450682],[-77.32535557266517,38.93350673097344],[-77.32560857284534,38.93253295069534],[-77.3249319423579,38.93344211164065],[-77.32416902358499,38.93298827612554],[-77.32492999414559,38.931754526426225],[-77.32670880736644,38.93168840086687],[-77.32713042988479,38.93006542932639],[-77.32890919984591,38.9299992722234],[-77.32916214031972,38.92902548516472],[-77.33221171396656,38.9291530909003],[-77.33500407531366,38.92687925294766],[-77.34203688805891,38.92862620813016],[-77.34220774404557,38.92966458312278],[-77.35059359786942,38.929592540316996],[-77.35025672191347,38.93089098132278],[-77.3543273582117,38.93387305515116],[-77.3587323546014,38.93386894734738],[-77.35712459845031,38.93497388739869],[-77.35882200776894,38.93691950164761],[-77.35542993490228,38.934715835388154],[-77.35356686364733,38.93510698552077],[-77.35339583290666,38.93406862540938],[-77.34907254583779,38.93206034936185],[-77.34847794960595,38.93095744460362],[-77.34364949669883,38.93089663283895],[-77.34297310667642,38.931805891985974],[-77.34518037767316,38.935179229398976],[-77.34814600206066,38.93563105032853],[-77.34908006943553,38.93712310509441],[-77.345606463516,38.93693136524724],[-77.34399366020727,38.934660964100985],[-77.34213052893786,38.93505194244337],[-77.34246756904795,38.93375352277326],[-77.34043360916853,38.93310610030452],[-77.34178879875796,38.93297519062487],[-77.3425494706372,38.93174133284339],[-77.34195497580927,38.9306383968636],[-77.34042899435673,38.92973093095322],[-77.33729510533865,38.92992812860272],[-77.33661642599205,38.92914976855623],[-77.33627930286069,38.930448171503926],[-77.3322981313506,38.93051607746735],[-77.33196092489518,38.93181446891795],[-77.33077435636315,38.931296077383315],[-77.32925054873162,38.932076058661025],[-77.3289132807106,38.9333744421026],[-77.3313728822126,38.93577423795792],[-77.3295960298332,38.937528016537556]]],[[[-77.33044749943366,38.94103239536969],[-77.33120844767761,38.939798605776645],[-77.33010607441838,38.93895560965511],[-77.33112203967474,38.93843561670555],[-77.3323023693287,38.93389124747203],[-77.33357328996266,38.9340850256198],[-77.3351857555873,38.936355562070304],[-77.33620164828763,38.93583552770299],[-77.33739056651935,38.93804145371236],[-77.33942235295709,38.93700134033477],[-77.34128787607231,38.93829798863147],[-77.33942463720834,38.938688926525145],[-77.33908751998734,38.93998733881418],[-77.34171622395587,38.94173772547429],[-77.33993717886344,38.94180406636394],[-77.3392583605714,38.94102571949774],[-77.33731075062138,38.94174122893372],[-77.33773219502618,38.9401182191048],[-77.33264808756012,38.939343198213464],[-77.33265021486838,38.941030785074965],[-77.33409203085918,38.942262947827274],[-77.33299172218582,38.943107564389095],[-77.33044749943366,38.94103239536969]]],[[[-77.36494781286143,38.952361465469146],[-77.36418158778324,38.95022028610738],[-77.3629944898842,38.949702201524985],[-77.36367079610416,38.94879283093463],[-77.36273627998409,38.94730088362013],[-77.36341540777613,38.94807910266843],[-77.36688959242345,38.9482703440629],[-77.36663708975176,38.94924421060183],[-77.36850045255221,38.94885286336715],[-77.36732214008774,38.9533975863235],[-77.36494781286143,38.952361465469146]]],[[[-77.36117290796524,38.975407342597165],[-77.36040655131312,38.97326613267563],[-77.36108310884431,38.972356773058884],[-77.35981144667154,38.97216327574094],[-77.35896093728309,38.97034667638144],[-77.35921087182143,38.96768522923864],[-77.36022703012351,38.96716499577301],[-77.35878427844452,38.965933132422954],[-77.36114780514475,38.96021900543346],[-77.36309850893431,38.96119071097039],[-77.36250910258323,38.96346305187816],[-77.36403892230292,38.96605784272477],[-77.36217790778694,38.96813671677897],[-77.36150420038584,38.97073367531822],[-77.36260741861301,38.9715763962135],[-77.36125992269564,38.9767703179827],[-77.3582925404279,38.976318807904335],[-77.35905338552736,38.975084841215896],[-77.36117290796524,38.975407342597165]]],[[[-77.35822463160518,38.98676900529951],[-77.35839585513052,38.987807366754026],[-77.35678421351219,38.987224712868375],[-77.35398759330636,38.98781146258115],[-77.35542804052936,38.98735578742608],[-77.35576508562039,38.986057321709595],[-77.35822463160518,38.98676900529951]]],[[[-77.35408761816403,38.99761244433992],[-77.3558680150353,38.99754589993984],[-77.3554466425569,38.99916898524603],[-77.35358192080609,38.99956013935373],[-77.35408761816403,38.99761244433992]]],[[[-77.33196106645835,38.99964279511501],[-77.33136407809093,38.996852196011716],[-77.33220573328768,38.99191858915784],[-77.33330893333722,38.99276157321421],[-77.33458088499992,38.99295534271976],[-77.33288921977906,38.99607218131908],[-77.33484050737893,38.99704433638198],[-77.33297572934424,38.997435180821704],[-77.33365931162787,39.00158877235294],[-77.33196106645835,38.99964279511501]]],[[[-77.29488932805712,39.08780991120471],[-77.29149215115265,39.0856044429714],[-77.29072668578704,39.08346276369697],[-77.29200129890131,39.08534459950099],[-77.29369924973517,39.08560352438027],[-77.29488932805712,39.08780991120471]]],[[[-77.3010156628686,39.10494304624304],[-77.29889262860586,39.104619510280024],[-77.29914657941487,39.10364575661597],[-77.30288337239776,39.1045526745753],[-77.30390038409183,39.10234525758631],[-77.30661720386753,39.10208421447603],[-77.30857098726216,39.10305680042006],[-77.30967400235889,39.102212378105314],[-77.30916162671838,39.099097030892786],[-77.31009377893848,39.0972141565261],[-77.30627266464057,39.0966320456234],[-77.30542203699112,39.09481504134587],[-77.30890466519018,39.09669554179709],[-77.31026296289544,39.09656497311995],[-77.31238249013154,39.09351305416528],[-77.3175581627249,39.0905890702991],[-77.318489988222,39.088706135993604],[-77.31526289534425,39.087539751022284],[-77.31441214933278,39.08572281137093],[-77.31899906113871,39.088446181784306],[-77.32078171566272,39.088380139586455],[-77.32196889448309,39.08721101216077],[-77.32528059499843,39.088052621521534],[-77.32681170828026,39.09064792520046],[-77.3289344585308,39.09097098350935],[-77.32901486484585,39.08727112359843],[-77.33088196964692,39.08688033260634],[-77.33215344225502,39.08538650310942],[-77.33155784822684,39.084283489995855],[-77.3335938070961,39.083243447497104],[-77.33249561382792,39.08746333268562],[-77.33079957008358,39.088892565342526],[-77.33181973918465,39.09006018193297],[-77.33131280149779,39.092007817284134],[-77.32630264789029,39.09090791151524],[-77.32375729129633,39.09220781200491],[-77.31986279681911,39.102076503260236],[-77.31841985197848,39.102531774649826],[-77.31799703390541,39.10415476247568],[-77.31927089506758,39.104348692627674],[-77.3191017734807,39.10499788925373],[-77.31697865710206,39.104674662157386],[-77.31638664397089,39.10694683892279],[-77.31596026572265,39.10519455354851],[-77.3200300659109,39.09973967422523],[-77.31968819285561,39.097662805558436],[-77.32197831339445,39.09564915610948],[-77.32239909930587,39.09233852802933],[-77.32375536610962,39.09052018326492],[-77.32596261346549,39.09051869173157],[-77.32298889807242,39.088378700861234],[-77.31967903963094,39.08922465824707],[-77.31246873101334,39.094876090899476],[-77.3119612409974,39.09682364905042],[-77.31034916763596,39.09792801211011],[-77.31111536384104,39.10006957629373],[-77.30925257935053,39.10552296928437],[-77.30882638153571,39.10377065992669],[-77.30585413813498,39.10331788627764],[-77.30441108086528,39.10377299516715],[-77.30407257176819,39.10507134767968],[-77.30271410389342,39.10520184892342],[-77.30280017724338,39.106564895389724],[-77.30118634716514,39.10598150769093],[-77.3010156628686,39.10494304624304]]],[[[-77.31447368961567,39.146477741553596],[-77.31489683290847,39.144854752110135],[-77.31769981767631,39.14426886663747],[-77.31651339543743,39.14712561334836],[-77.3153234183976,39.1466070549235],[-77.3130315059309,39.148620601984945],[-77.31337005785996,39.1473222138564],[-77.31183987955853,39.146414362656856],[-77.31447368961567,39.146477741553596]]],[[[-77.30241845432619,39.157129466870465],[-77.3038611203023,39.154986725729394],[-77.3044568735486,39.156089886861686],[-77.3074312688542,39.15654269866486],[-77.30819486723257,39.15530900407835],[-77.31142485909679,39.15647558811727],[-77.31482251952445,39.15530524066599],[-77.31321087279578,39.15809730456191],[-77.30641208148081,39.15706251723303],[-77.29902050857945,39.15829947597909],[-77.29935935623354,39.15700112339635],[-77.30241845432619,39.157129466870465]]],[[[-77.29571355814012,39.167583073075846],[-77.29460813773328,39.16673972784046],[-77.29171816001163,39.165962024874645],[-77.29307778478741,39.16583164218527],[-77.29333202775646,39.16485788840443],[-77.29401244676167,39.1656365170876],[-77.29673167099014,39.16537568673116],[-77.2985175753854,39.166997617125915],[-77.29817866600693,39.168295970143255],[-77.29715924734091,39.16881571419025],[-77.29511910479941,39.16816752210739],[-77.29571355814012,39.167583073075846]]],[[[-77.29817866600693,39.168295970143255],[-77.30497988284091,39.17101886544159],[-77.30752523973442,39.166344019380105],[-77.31058474600123,39.16647216230408],[-77.31262164235379,39.16374479294604],[-77.31084363715031,39.17056133691119],[-77.30846458435677,39.171211750799586],[-77.30684927134715,39.17062842898705],[-77.30506906242462,39.17575724251116],[-77.30218003924186,39.17666743869927],[-77.30013963114729,39.17601932785336],[-77.30065077236848,39.177447102225464],[-77.29852964131334,39.18218653254024],[-77.29682941345865,39.1819276686128],[-77.29674336286932,39.180564597051806],[-77.29928822660841,39.17420225254265],[-77.29707843380399,39.174203270378634],[-77.29198074019834,39.1768018658564],[-77.29138500657783,39.17569864016173],[-77.28628700409489,39.17829700322497],[-77.28611636291983,39.17725850605438],[-77.29002519391707,39.175829004625676],[-77.2897697310073,39.17511509607704],[-77.28721968913979,39.174726612558054],[-77.28569030247019,39.17550609189873],[-77.28322507240424,39.17479294632072],[-77.28645446989991,39.174272525853475],[-77.28636862323144,39.172909449368575],[-77.28738925837993,39.17407745016108],[-77.2939338709312,39.17439938085596],[-77.2946143858453,39.17517800782617],[-77.29826739822602,39.17303434932547],[-77.30260219795072,39.17335682374637],[-77.30192303408853,39.174265897568816],[-77.30277306583957,39.174395297426344],[-77.30438547597886,39.17160335916792],[-77.29945496208688,39.17017776123642],[-77.29817866600693,39.168295970143255]]],[[[-77.24948262375284,39.17200873177996],[-77.24982221330836,39.169022854682005],[-77.25118173074904,39.16720527453018],[-77.25254145150713,39.16707533478439],[-77.2536457939791,39.164543744617475],[-77.25237105207778,39.16434913969852],[-77.2525409087154,39.16370002626312],[-77.2545799077055,39.16097360923284],[-77.25908400721615,39.16233613562947],[-77.25933912335054,39.16305010520146],[-77.25662021832802,39.164997772001556],[-77.2560258238578,39.16726968851184],[-77.26061615674496,39.171682913568404],[-77.26078641994062,39.172721444429776],[-77.25466610569708,39.167399666340835],[-77.25194691235521,39.169347232805556],[-77.24854811725808,39.17557883723691],[-77.24769816846491,39.17544906695091],[-77.24820776190738,39.17181408389858],[-77.24948262375284,39.17200873177996]],[[-77.2506723186048,39.17084026619362],[-77.25033231538839,39.17045083340454],[-77.25024736967427,39.17077538909604],[-77.2506723186048,39.17084026619362]]],[[[-77.31375573096636,38.85445755363108],[-77.31434577560469,38.85218547669468],[-77.31764671093387,38.85302725980123],[-77.31604011519175,38.854131656004505],[-77.31612614125538,38.85549464107417],[-77.31375573096636,38.85445755363108]]],[[[-77.26298898899408,38.87031422306778],[-77.26002477732023,38.8631100833127],[-77.25748580985922,38.86272101035364],[-77.255540169729,38.866810371317314],[-77.25655602423801,38.86797856589339],[-77.25486424776423,38.87278185948932],[-77.25537304686395,38.87758489468958],[-77.25461146454663,38.87881820868854],[-77.25274928232497,38.879207841401445],[-77.25681230038067,38.8788179450994],[-77.25859029317424,38.88044037128036],[-77.25317281816866,38.88096028123741],[-77.25359637438446,38.88271271999786],[-77.25655929419398,38.883166727439],[-77.25503569912188,38.88394579180454],[-77.25529013491655,38.88634731220416],[-77.25410485267638,38.88582819039042],[-77.2535123643133,38.886412413063425],[-77.25385135982772,38.888489394596505],[-77.2556295227008,38.89011186516973],[-77.25435957684398,38.889917289529784],[-77.25317481324583,38.89277331198531],[-77.25181970548023,38.889528099231825],[-77.2529193082152,38.883621481953426],[-77.25097215161807,38.88264805497635],[-77.2491948530981,38.886088244507164],[-77.24911061563208,38.889787936118104],[-77.24699436519064,38.892838678306624],[-77.24563975252879,38.89296855147279],[-77.24792515800019,38.88758117884119],[-77.24606271606518,38.887970711503804],[-77.24800945310591,38.88388148903969],[-77.2469088887584,38.883037759997336],[-77.24894043214573,38.88199913668085],[-77.25046382945278,38.87953257293907],[-77.25224143493467,38.87946751585973],[-77.25114088825241,38.878623824847445],[-77.25308765658431,38.87790967454736],[-77.25325655230358,38.87557301717091],[-77.25097098173163,38.87421018451309],[-77.25367918918873,38.87226273445301],[-77.25274735659123,38.86739483000492],[-77.25503176276092,38.863694913871704],[-77.25460828254876,38.86194248396161],[-77.25257710786478,38.86129362686469],[-77.25198429194981,38.8585026995811],[-77.24919157591155,38.85739950746487],[-77.24733036074524,38.8628517692944],[-77.24453771843471,38.865123613961956],[-77.24470712527656,38.867849686216694],[-77.24318377734838,38.87031617576203],[-77.24453805832083,38.87187390240534],[-77.24276067501296,38.87362642190219],[-77.2446228549543,38.87492451275487],[-77.24436897269258,38.87589812027777],[-77.24259144725887,38.875963064417164],[-77.24166038133447,38.87784536771032],[-77.24022138844677,38.878299715407394],[-77.24030602486128,38.87966275653063],[-77.2389516452181,38.87979255639911],[-77.24191435501936,38.88024691376411],[-77.24081391488232,38.88109070544526],[-77.2417450847503,38.88258355698244],[-77.24064460218459,38.88511492269529],[-77.23903617475563,38.884530748638305],[-77.23878218437335,38.88550434584484],[-77.23708909182614,38.885244678782406],[-77.23531094576647,38.89037224667626],[-77.232940551984,38.88933360914973],[-77.2343799584711,38.887191769306796],[-77.23285622769531,38.88628298551275],[-77.23311029997316,38.885309400358494],[-77.23607341977232,38.8823887471537],[-77.23505769276596,38.88122038268755],[-77.23835908444772,38.880376706201474],[-77.23717410551428,38.87816984865046],[-77.238528458164,38.878040068232195],[-77.24106784886754,38.8750543828078],[-77.24115248418114,38.87304227611514],[-77.24267599969869,38.87226338343891],[-77.24182957652815,38.87044600693438],[-77.24267587412423,38.867200666372185],[-77.24047538907766,38.86720067893354],[-77.23793624775703,38.87018634944329],[-77.2350585000674,38.87109494084733],[-77.23455049989046,38.873042115402626],[-77.23209579880252,38.87401556582857],[-77.23167238427146,38.87563820184559],[-77.23108047892258,38.87115959714267],[-77.23192684937007,38.871289474382124],[-77.23235023297032,38.86966683833166],[-77.23429679397357,38.87064055633114],[-77.23573567256473,38.870186277838954],[-77.23480478418921,38.868693383367265],[-77.23649748409117,38.868953081120104],[-77.23785173651703,38.86713573623113],[-77.24276045592501,38.865188560441155],[-77.24546844102761,38.861553720962426],[-77.24716057604157,38.85675056191327],[-77.24538341548825,38.85512797627633],[-77.24335262784368,38.857854107894234],[-77.23852905405658,38.85947677436724],[-77.23700567206214,38.86194318556424],[-77.23582091692535,38.86142389042079],[-77.23387441977484,38.86213776810291],[-77.23658263542778,38.860190694432895],[-77.23565185735974,38.85869780805332],[-77.24259100841407,38.857399775057424],[-77.2440295007484,38.855257831259905],[-77.24242170499559,38.854673703183344],[-77.24199858034211,38.852921231994166],[-77.23776773487589,38.85227213334047],[-77.23649879938944,38.84701467020674],[-77.23226834568702,38.84636538417374],[-77.23302996694673,38.84513221211352],[-77.23057666177061,38.84273049433572],[-77.22803856131273,38.842340818891],[-77.22566912913206,38.84467718255501],[-77.22363869313044,38.84402785236412],[-77.22194617976231,38.84545554721184],[-77.22203043635628,38.84681859562851],[-77.22059193359293,38.847272713774444],[-77.22177723412344,38.84441701813203],[-77.22059287228552,38.8438975784112],[-77.22101680856649,38.84058741922186],[-77.21737981433729,38.83766599465588],[-77.21611088414431,38.83747102834525],[-77.21306342000518,38.8424032691904],[-77.21264107225915,38.840650700200655],[-77.21128736813166,38.84078019716998],[-77.20925570534101,38.84350576540252],[-77.20807144753115,38.842986206024065],[-77.20697117819316,38.843829693548834],[-77.20637945185103,38.842726120763004],[-77.2090876806205,38.8407796523521],[-77.21365650466264,38.84013167609534],[-77.21424955236412,38.83786008071943],[-77.21247292754056,38.83792459258786],[-77.211542927393,38.83643152882935],[-77.2225402852062,38.838121210501704],[-77.22321689891284,38.83890018559066],[-77.22228537598689,38.84246990229683],[-77.22330076506427,38.84195079903328],[-77.22524646519074,38.842924656124644],[-77.22846186334272,38.84071820144549],[-77.23015389115015,38.840977985024],[-77.23269176621004,38.84305518416054],[-77.23565294407348,38.84350968926258],[-77.23641427205933,38.84565163161682],[-77.24039089660343,38.845586804314856],[-77.2409831609824,38.846690214911455],[-77.24292917606876,38.84597622680458],[-77.2457213597355,38.8470795586653],[-77.24622888063946,38.84513234410605],[-77.25130525578922,38.844223330201544],[-77.25756649812087,38.84552077338084],[-77.25951231954896,38.84480652487694],[-77.26281228711645,38.84564976812229],[-77.2634888773191,38.84474095612718],[-77.26475806058974,38.844935437212534],[-77.2649276196909,38.84597390762815],[-77.26746604360842,38.84636282737112],[-77.26662049541252,38.84792076116965],[-77.26340489134928,38.84675307150087],[-77.26145905610375,38.84746738129901],[-77.26162809353043,38.84681828845341],[-77.25951275112794,38.84649409257644],[-77.25722835394892,38.84681894761684],[-77.2565516664162,38.847727725624914],[-77.2558746146299,38.846948931918305],[-77.25122093414788,38.846235437184035],[-77.24834429749556,38.847144334606824],[-77.24656760862437,38.84889690372982],[-77.24199850184523,38.847858526140165],[-77.243437061176,38.8524668650052],[-77.24546780206464,38.851428302309756],[-77.25266031743122,38.85253123695361],[-77.25308369613867,38.854283671642456],[-77.25443757664867,38.85415371773198],[-77.25494589167252,38.85726917420778],[-77.25824677297831,38.85980011048322],[-77.26036249591081,38.8601243284588],[-77.26323949493712,38.859215150642726],[-77.26433988860055,38.86005873229219],[-77.27077171138174,38.860706412579795],[-77.27288677499001,38.85934284632743],[-77.2745793932862,38.85960202359353],[-77.27483202891445,38.85694078616926],[-77.27627038431802,38.85648603778271],[-77.2782990361164,38.852071798253895],[-77.28210710762258,38.85265474776683],[-77.28337549426787,38.85116146951522],[-77.28565991091462,38.85083613217623],[-77.28591315440788,38.84986244297416],[-77.2865061424983,38.850965636328304],[-77.28904485528861,38.85135411411427],[-77.29056740563044,38.85057463471285],[-77.29209110918914,38.851482705087435],[-77.28092310956173,38.853823453425974],[-77.2810929196272,38.854861902728224],[-77.2785549995411,38.856160831259785],[-77.27864032706442,38.85752384256406],[-77.27779403332164,38.857394284588864],[-77.27627202361901,38.8598611777448],[-77.27999693983968,38.862456320216054],[-77.28185854833872,38.8620662788913],[-77.28287475851005,38.863234257024395],[-77.28422875209397,38.863103977441234],[-77.2866000822111,38.86582920200045],[-77.28769867739663,38.86329743437155],[-77.29125185992693,38.86147865623192],[-77.2915050656953,38.86050495442862],[-77.29336656275784,38.86011474029674],[-77.29531368337022,38.86108749857113],[-77.29641319041234,38.86024322512932],[-77.29641190442706,38.85855565508353],[-77.29725824472912,38.85868508590543],[-77.29861079121928,38.856867079523695],[-77.29920132741408,38.85459507412543],[-77.3019075172843,38.85264657476865],[-77.29649885666596,38.86160622474589],[-77.29302898852767,38.86141301429067],[-77.29159181488716,38.86355552821323],[-77.28879941574993,38.864140799165824],[-77.28846174151813,38.86543906131827],[-77.28973135181516,38.86563328699424],[-77.29404536858554,38.8625809007158],[-77.29979864804415,38.86076091380521],[-77.30022045945478,38.85913804827061],[-77.3037745831434,38.8590064816761],[-77.30605764527137,38.85699319827779],[-77.30952733750615,38.857186043785966],[-77.30969756291245,38.858224454231596],[-77.3119820833347,38.857898631289565],[-77.3113076065397,38.860495279278425],[-77.3130846930594,38.860429349699274],[-77.31063146641705,38.86140435393768],[-77.30800640622665,38.85965332656141],[-77.30733023274172,38.86056238311812],[-77.30504560803934,38.860888120386434],[-77.30479258183102,38.861861849893295],[-77.30140703759514,38.86134429759981],[-77.30191599691956,38.862771992745394],[-77.30538595329152,38.862964954359846],[-77.3058106602823,38.864717210684375],[-77.30750352036117,38.86497593832986],[-77.30632124495807,38.86783245971005],[-77.30835308002727,38.86848043618147],[-77.30725358703901,38.869324816374544],[-77.30776116765601,38.86906491685585],[-77.30852331508278,38.869518849595416],[-77.3071692457907,38.869649394742986],[-77.30691621753817,38.870623129578355],[-77.30564647453416,38.87042907986545],[-77.3052247186014,38.872051965999496],[-77.30353025122092,38.87010563477594],[-77.30124531037167,38.87043130233698],[-77.30429091456445,38.868872021615616],[-77.30327428259805,38.86770421838412],[-77.30479702229964,38.86692456266099],[-77.30352589855178,38.86504292008914],[-77.30251075951415,38.865562682115275],[-77.30014021554835,38.86452533299395],[-77.29971564599951,38.8627730572762],[-77.29844605892514,38.862578933963455],[-77.29726216165842,38.86374779707169],[-77.29556936647077,38.86348892955102],[-77.29540059266395,38.86413806989159],[-77.29463858323942,38.86368405673305],[-77.293793414958,38.865242178985866],[-77.290916559299,38.86615206683563],[-77.29074773788417,38.86680120103867],[-77.2934570422598,38.86822802654457],[-77.29015569797384,38.86738559749474],[-77.29007242215116,38.869397736043176],[-77.29295182849056,38.87186301182508],[-77.29362828616857,38.87095403254901],[-77.29566009539536,38.871602217372775],[-77.29904472819211,38.87043235495681],[-77.30099220025386,38.871405025164336],[-77.30175714992316,38.875234145198505],[-77.30158840403449,38.8758832948619],[-77.30031858356713,38.87568919043769],[-77.29981229527583,38.877636633118975],[-77.29684803474241,38.875496086620835],[-77.29676234563014,38.874133085031325],[-77.29557823365043,38.875301933635484],[-77.29430843932477,38.875107767644245],[-77.29413839376681,38.87406933402842],[-77.29236095752802,38.87413499197609],[-77.29168327777111,38.87335639167117],[-77.29286742060866,38.87218758055314],[-77.28990472117827,38.87173444170367],[-77.28888716789379,38.86887894793085],[-77.28439963880255,38.86582999455534],[-77.28457155025939,38.87024358440927],[-77.28584123388724,38.87043785005222],[-77.28821286294217,38.87316304608922],[-77.28888939179492,38.87225409254262],[-77.29142885889046,38.872642522435434],[-77.28982143345644,38.873746581114276],[-77.29126119394466,38.874979230828444],[-77.29033139785854,38.87686189929543],[-77.29143237157501,38.877705242048634],[-77.2912635279895,38.87835437784184],[-77.28804618620224,38.877187323745055],[-77.28720072034919,38.87874540351136],[-77.28567547002469,38.876149696495595],[-77.28601324352358,38.8748514403001],[-77.28372807563265,38.87517678504925],[-77.28406888050894,38.87894125486633],[-77.28076808344046,38.87978614868785],[-77.28144664612245,38.88225238382945],[-77.27797583479595,38.88205875137365],[-77.27535081542067,38.88030702799615],[-77.27594226676352,38.87803512730646],[-77.277634478656,38.87660668962125],[-77.28093516804205,38.8757618795805],[-77.28178073323858,38.87420384311603],[-77.282542772551,38.87465793590186],[-77.2849968210561,38.8736834863167],[-77.28364164177833,38.87212620162357],[-77.28440266285122,38.87089271027764],[-77.28177789118897,38.869141125359725],[-77.28143725046868,38.865376653608706],[-77.27889808980174,38.86498801930625],[-77.27559625650804,38.862457631740796],[-77.2739043331762,38.8638860392186],[-77.27060410012582,38.86473066083012],[-77.27297423027629,38.86576857497453],[-77.27229756314898,38.86667744093295],[-77.27356715192536,38.86687183225032],[-77.27322919370464,38.8681700532892],[-77.27653285532062,38.874075651141865],[-77.26908104059248,38.86550989612723],[-77.27026541837716,38.864341302085236],[-77.26628720876737,38.86271951741033],[-77.2623096726305,38.862785176104325],[-77.26231016908596,38.86447274721595],[-77.26459564630828,38.86583536918202],[-77.2643426060664,38.86849658844876],[-77.26603657212975,38.87213102758203],[-77.26476746524477,38.87362413189929],[-77.26899979062237,38.874272310078084],[-77.26883140272717,38.876608988514334],[-77.26993212377667,38.877452522217425],[-77.27306393760227,38.87725702813083],[-77.27010183227536,38.87849098943378],[-77.26993279685811,38.87914009621224],[-77.27264215237238,38.880567378867774],[-77.26942699533932,38.88446256529288],[-77.2710356648291,38.88504634493957],[-77.2725591118199,38.884267083801205],[-77.27577651812875,38.88543454092646],[-77.27560751715687,38.88608365599093],[-77.27340646196734,38.88608425333909],[-77.27408560349156,38.89023810692955],[-77.27501678097725,38.890043133518354],[-77.27501757194943,38.89173071007994],[-77.27586425959922,38.89186028754798],[-77.27374830771069,38.89322390992137],[-77.27247825924024,38.89302951983914],[-77.27086731732508,38.88738302918855],[-77.2700206905909,38.88725341766165],[-77.26858233070384,38.88939567125606],[-77.26858104693862,38.88602051938523],[-77.26316271197781,38.884853290843004],[-77.26637881191229,38.882645841463635],[-77.26485477719733,38.881737451588705],[-77.2666318269244,38.879984613560055],[-77.26392261080692,38.87855719962063],[-77.26553053468531,38.877453476271825],[-77.26713901822981,38.87803730599444],[-77.26773132924538,38.87745301878516],[-77.26544542903217,38.87609045278391],[-77.2637529902123,38.87751872393688],[-77.26417408219423,38.870833258955905],[-77.26298898899408,38.87031422306778]],[[-77.30140703759514,38.86134429759981],[-77.30064501996588,38.860890321525766],[-77.3005606590489,38.861214895077644],[-77.30140703759514,38.86134429759981]],[[-77.30648993005137,38.86718330422056],[-77.30615104521632,38.866794043476304],[-77.30606670198655,38.86711862099818],[-77.30648993005137,38.86718330422056]],[[-77.28643649868926,38.874916192070906],[-77.28668981548556,38.873942498579346],[-77.2871975015911,38.8736826831544],[-77.28635100498781,38.87355318338485],[-77.28643649868926,38.874916192070906]],[[-77.26680089370481,38.87933551121801],[-77.2675628933248,38.87978969638838],[-77.26781647924714,38.87881604092573],[-77.26680089370481,38.87933551121801]],[[-77.22296202732875,38.843248879145456],[-77.22262369985037,38.84285939117485],[-77.22253901247818,38.8431839108418],[-77.22296202732875,38.843248879145456]]],[[[-77.34037009641044,38.94861898621387],[-77.34596537254879,38.950821221865034],[-77.3424934770508,38.95231698378995],[-77.34173025100041,38.9518632551023],[-77.34164830412774,38.95387545018137],[-77.34868138502308,38.95393444504801],[-77.35122657846586,38.9560092438389],[-77.34851537072012,38.9562712554777],[-77.34868388445803,38.955622035107396],[-77.34605695011875,38.955559382747644],[-77.34537793812419,38.954781067849694],[-77.34173492754908,38.955238434895456],[-77.33944977096249,38.957252401121515],[-77.32944997188682,38.956740684472315],[-77.3270800721824,38.95907902057487],[-77.32538495403784,38.958820557186094],[-77.32420185610947,38.96167728430651],[-77.32471196411905,38.963104904529445],[-77.32759423984581,38.96388181294862],[-77.3287792786604,38.96271264472443],[-77.33055884495423,38.962646463661486],[-77.33081187680818,38.961672668740185],[-77.33360767948257,38.96108644354581],[-77.33335254281464,38.96037265215933],[-77.33487689885726,38.95959261735802],[-77.34352143871956,38.960234840721256],[-77.34326858189938,38.96120866134773],[-77.33589532118845,38.96076017536213],[-77.33386282115447,38.96180023448212],[-77.33309954947002,38.96134645207615],[-77.33030580632975,38.96362025820594],[-77.33352764602331,38.96478622854363],[-77.33378064559659,38.963812427262326],[-77.3358997277345,38.96413535973275],[-77.33657650654787,38.96322613498823],[-77.33962981593966,38.965041151562005],[-77.34225708695702,38.965103940090955],[-77.34217513974177,38.96711613940243],[-77.34573446001511,38.9669833674117],[-77.3453973243042,38.968281802133724],[-77.34666888032386,38.96847544704721],[-77.34675561514474,38.96983843116995],[-77.34149839469804,38.96802539520504],[-77.34285896226929,38.97126966090867],[-77.34201357707214,38.972828134124384],[-77.34141875474418,38.971725189078974],[-77.33963897634335,38.97179152598531],[-77.33997163507233,38.96711791883917],[-77.33539377627694,38.96608297065346],[-77.33480128731932,38.96666758803064],[-77.33463045013559,38.965629197379265],[-77.33319030272793,38.96608462966719],[-77.33259566921583,38.964981643440844],[-77.33183448120026,38.96621544600968],[-77.33174803011288,38.96485245220648],[-77.32844186027164,38.964011032540185],[-77.32734115726316,38.964855601623775],[-77.32445884567649,38.96407868721382],[-77.32403696655454,38.965701657517464],[-77.3269213331784,38.968166175463125],[-77.32352877013453,38.96596162702768],[-77.32225731963665,38.965767745070714],[-77.32149594815094,38.9670014843544],[-77.31886862661823,38.96693825621992],[-77.3209070517837,38.97096122371026],[-77.31768335980433,38.96810733051288],[-77.31725599251251,38.964667497744045],[-77.31708717751236,38.96531667624959],[-77.31412053655848,38.96486411079225],[-77.3108161918249,38.96570981462518],[-77.31098668943702,38.966748238043714],[-77.30937589385637,38.96616497050855],[-77.30768377199405,38.96928145275975],[-77.30675014063638,38.96778907950134],[-77.30539423988975,38.96791960696914],[-77.30522381932352,38.96688117568804],[-77.30284993677265,38.96584386456401],[-77.29963126683286,38.96805228490448],[-77.29547772252828,38.967080570091746],[-77.29513968982697,38.96837886810509],[-77.29386827278586,38.96818469519213],[-77.29302187447969,38.96974283373258],[-77.29132545905657,38.96779631030204],[-77.28920646834723,38.967472616439785],[-77.28717311392523,38.968511911640135],[-77.28615746507229,38.9707191414966],[-77.2831907964058,38.9702658362112],[-77.28302068714773,38.96922737410214],[-77.28132548929635,38.96896830839711],[-77.28056339053734,38.97020179699597],[-77.28208947380763,38.971110004564856],[-77.27886905988478,38.971630292661175],[-77.27869988633532,38.97227941955944],[-77.28039698518323,38.975913712933796],[-77.284296121378,38.976172039968624],[-77.28395784696338,38.97747030928058],[-77.28056799326097,38.97863977642612],[-77.28073901415134,38.981365840811115],[-77.28336682326648,38.98142987641141],[-77.28514791529848,38.98305194433049],[-77.28599568356715,38.98318145424196],[-77.2873475917123,38.976300749751914],[-77.2917551590159,38.97629902072544],[-77.29455308291632,38.977401270668565],[-77.29472337584939,38.9784397182366],[-77.29726396393785,38.97545284125738],[-77.30752104298102,38.97668100002207],[-77.3094730626317,38.97934114753988],[-77.31218527024573,38.97907998819994],[-77.31337416694333,38.98128615822638],[-77.31464586491427,38.98148013165684],[-77.3153230705817,38.98057102049759],[-77.31795088124078,38.98063432382835],[-77.31735635983087,38.97953126217837],[-77.31845560141223,38.97699918347496],[-77.32015111838314,38.97725774222973],[-77.3225275135363,38.97998232072382],[-77.32430750783662,38.979916229151975],[-77.3257499530221,38.98114849587798],[-77.32456456530369,38.98231763839893],[-77.32617781864295,38.98458830791366],[-77.33330035753686,38.986011176833536],[-77.33389301605933,38.985426564915024],[-77.33406388920035,38.98646495968616],[-77.3357596821781,38.98672330556542],[-77.33550443450777,38.98600951585507],[-77.33728456444254,38.985943238101726],[-77.33991029108853,38.98431847860412],[-77.33948863926159,38.98594150637182],[-77.3410157878308,38.986848991262875],[-77.34118676596117,38.987887376453074],[-77.33753982934289,38.98665702414374],[-77.33559098109751,38.98737251139551],[-77.33500050360804,38.98964473050868],[-77.33559537513744,38.990747709333384],[-77.33822357091252,38.99081058352128],[-77.33992407500659,38.99444407246478],[-77.33670081949266,38.99327826294481],[-77.33542666325968,38.99139691534542],[-77.3333933006827,38.99243697159877],[-77.33423693273573,38.9891909531945],[-77.33338686284172,38.987374173910865],[-77.33050359469937,38.98659739728866],[-77.3291473861217,38.98672818467769],[-77.32889424486069,38.987701979878565],[-77.32787555778526,38.98653435968347],[-77.32685889774132,38.98705432971069],[-77.32363425937153,38.98420058417006],[-77.32354794051477,38.982837580968514],[-77.32100259801176,38.98076220616379],[-77.31964648111688,38.98089288962099],[-77.3198153094199,38.98024370611703],[-77.31862984109385,38.98141279179153],[-77.31846459864681,38.985437169522655],[-77.32211303582861,38.988355680843405],[-77.32186167330471,38.99101706142622],[-77.32381267797791,38.991989389057],[-77.32262708250525,38.99315851503211],[-77.32364577809712,38.99432617950451],[-77.32025393584053,38.99380913296009],[-77.32110003088971,38.99225080301491],[-77.31940233958825,38.99030465684738],[-77.32058794037388,38.98913556219331],[-77.31778738694118,38.98634629850168],[-77.31702042569508,38.982517219535524],[-77.3155798338629,38.98297244858302],[-77.31524208600868,38.98427080444281],[-77.31634672409798,38.98680153671902],[-77.31601071496173,38.98978749468043],[-77.31388758686144,38.98608902333939],[-77.3143925478502,38.98245389648481],[-77.31023798443996,38.98148267366442],[-77.30913680589126,38.98232708346146],[-77.30998300550146,38.9807688320691],[-77.3067608355527,38.979602247617414],[-77.30659036812636,38.97856381639192],[-77.30201226437016,38.97752763495373],[-77.30201368233328,38.9792152316437],[-77.29887621319004,38.97772386317084],[-77.29523302302131,38.97986746315813],[-77.29540333142873,38.98090591018238],[-77.29328394083973,38.98058228531547],[-77.29040022146684,38.97811698103531],[-77.28819857797058,38.981493035450804],[-77.286842388628,38.981623360470024],[-77.28692801850572,38.98298638884472],[-77.2902345701726,38.983828916975156],[-77.2906596177451,38.98558125373837],[-77.29286368245639,38.98558034997381],[-77.29430694674308,38.98850058233387],[-77.29879976959606,38.98817402825639],[-77.29795456842204,38.991419805064076],[-77.2992264023883,38.99161393679271],[-77.2997362302069,38.99304166611843],[-77.30227997113487,38.99342988013682],[-77.30236590412113,38.99479290033443],[-77.30550268162754,38.99459658340808],[-77.30524919652125,38.99557033154875],[-77.30813255053904,38.9963476958855],[-77.30584366542885,38.996673453927],[-77.3046577048852,38.99784240911069],[-77.3038082725857,38.99602542488183],[-77.29795589253777,38.99310740540807],[-77.29991074224903,38.99914291349704],[-77.29931769894908,38.99972736436441],[-77.29872330404108,38.99862421020497],[-77.29685829161858,38.99901451215937],[-77.29744872390775,38.99505487003708],[-77.29685439551054,38.9939517077414],[-77.29507403297022,38.99401740570723],[-77.29676727020173,38.99090108369031],[-77.29574905395323,38.98973319930845],[-77.29312093407651,38.989669425796144],[-77.29235643000116,38.98752779151464],[-77.29091558471012,38.9879827346165],[-77.29125378385334,38.9866844442558],[-77.28947359407427,38.98675006182117],[-77.28820077337349,38.98486823158673],[-77.28557283583497,38.98480429830206],[-77.28506334363004,38.98337651264132],[-77.28379169143916,38.98318223604492],[-77.287017932839,38.991099814484706],[-77.28405142941612,38.99233412862261],[-77.28404842475888,38.98727132913882],[-77.28294587879368,38.98642790811075],[-77.28269018032086,38.98402641138119],[-77.28116475321573,38.98480580775033],[-77.2798921814033,38.982923892879995],[-77.27845134935991,38.98337869096507],[-77.27734892725016,38.98253522072531],[-77.27989127639187,38.981236295029554],[-77.27904177107513,38.97773154911603],[-77.28124559817262,38.97773085166412],[-77.28192318615793,38.976821923327634],[-77.27793856801573,38.9752004885301],[-77.27742929282202,38.973772673620466],[-77.27387028212998,38.97559108242254],[-77.27183576375263,38.97494253127303],[-77.27132661009708,38.97351469137717],[-77.27268267610353,38.97338453606612],[-77.27352955219392,38.97182653544406],[-77.26869845205567,38.97176280542744],[-77.26666468495539,38.972801765210335],[-77.26547791355368,38.97228274604857],[-77.26420704870178,38.97377586471695],[-77.26208800459912,38.97345170748455],[-77.26480238245044,38.97994197006171],[-77.26353084439947,38.979747485980056],[-77.26370017061808,38.97909837903791],[-77.2628524896196,38.978968716918544],[-77.26259848826956,38.979942375515066],[-77.26183547090436,38.97948815361511],[-77.26234298605503,38.97585324273568],[-77.26056257854509,38.97423084937309],[-77.25852862633128,38.97526967619787],[-77.2560704453095,38.974556018672864],[-77.25395202154046,38.97760691525927],[-77.25013785216821,38.97871068756448],[-77.24640805046043,38.97611460733717],[-77.24284815029489,38.97793212701577],[-77.238355767792,38.97656905846017],[-77.2381015112338,38.97585506992255],[-77.23988148057097,38.97579018928751],[-77.24132241382881,38.97702343600296],[-77.24352621968018,38.97702340837048],[-77.24479756552549,38.97553050079757],[-77.24657752094883,38.97546552412449],[-77.24683172101332,38.974491898990586],[-77.24674671578124,38.97144124934185],[-77.24589915418647,38.97131147157739],[-77.24649239482027,38.97072727854835],[-77.24505140161695,38.96780649845574],[-77.2452208648591,38.96715741790257],[-77.246492134009,38.96735208920852],[-77.24683102965811,38.966053924085635],[-77.24428846239232,38.9639769818576],[-77.24581361841538,38.959822855623464],[-77.24284759947969,38.95768099455057],[-77.24437286830891,38.95690207233693],[-77.24318651509891,38.95638284122227],[-77.24411862142681,38.95618809820625],[-77.24454214187077,38.95287781156307],[-77.24352529543474,38.95170950559404],[-77.2414069857937,38.951384996269816],[-77.2420847695018,38.94710110965974],[-77.2408138670175,38.94521880473104],[-77.23844160903926,38.944180264873445],[-77.23878054037147,38.942882126086594],[-77.23962775832268,38.94301195193707],[-77.23954309168039,38.93996131129536],[-77.240474997526,38.93976659610763],[-77.2383570489432,38.939442035251105],[-77.23895013488429,38.93717029383173],[-77.2407291577832,38.9371054013953],[-77.24115272791717,38.935482721594425],[-77.24259284507188,38.93502835972149],[-77.23937374504165,38.935547620091796],[-77.23844194648146,38.93405474048341],[-77.2387808306777,38.93275660352496],[-77.24005148202347,38.932951339855464],[-77.24132212964642,38.931458477367485],[-77.24343985923703,38.93178298723922],[-77.24428703559003,38.9336003669773],[-77.24640484068574,38.933924826318254],[-77.24809893077092,38.93249678172298],[-77.24860734213259,38.93392470844447],[-77.24615077653473,38.93489844487903],[-77.24623558973512,38.93626149192948],[-77.24538843854856,38.9361317113328],[-77.24564251719605,38.935158094167804],[-77.24394824563171,38.93489851912918],[-77.24106802929097,38.94087001928365],[-77.24233882834845,38.94106473240038],[-77.24089859091458,38.943206679867565],[-77.24149167157086,38.945997690377034],[-77.24403353112966,38.948074684516854],[-77.24259320487614,38.95021665378365],[-77.24462677163373,38.950865681963556],[-77.24767695299896,38.949307776660504],[-77.24742285217596,38.95028139992849],[-77.24555880346804,38.95067092828196],[-77.24521995674446,38.9519690870216],[-77.24589787129065,38.952747949340726],[-77.24505081973238,38.95768093983927],[-77.2475930329194,38.95807027237854],[-77.24784732045433,38.9587842395838],[-77.24733905040517,38.96073148909694],[-77.24640689451289,38.9609262564362],[-77.2462377053348,38.96495052446986],[-77.24886489128244,38.96501529041855],[-77.25225435567056,38.96215909852331],[-77.25428834221701,38.962807969452356],[-77.25403367220487,38.96040642231348],[-77.25259285254293,38.95917332624245],[-77.25310097116899,38.95722605565212],[-77.25445645127549,38.95540850833081],[-77.25801535763767,38.95527825278416],[-77.25488047158558,38.95716096006363],[-77.25471175963835,38.961185237419315],[-77.2558982733264,38.9617043586867],[-77.25488144621102,38.962223737055936],[-77.25530551645627,38.96397618907821],[-77.25233931493601,38.96352214669425],[-77.25149208190355,38.96508000074244],[-77.24878017878136,38.96533983310151],[-77.24920412027659,38.967092306778014],[-77.24666171767518,38.96839060102687],[-77.24793317603412,38.97027285237247],[-77.2474251321331,38.97559529733648],[-77.25106975272891,38.975140698407735],[-77.25174794573243,38.97591953141563],[-77.25352790445928,38.975854455050005],[-77.25581602199452,38.973842066657724],[-77.25810441266653,38.97351723224893],[-77.25844312988878,38.97221903422816],[-77.25979963376896,38.97377661534905],[-77.26691800293798,38.970140504243695],[-77.26649302300633,38.96670049608829],[-77.26827210766821,38.964947614538595],[-77.26666109637063,38.96267619949099],[-77.26682975304223,38.96033949728066],[-77.26793171708606,38.9611830581505],[-77.26776309383676,38.96351976214746],[-77.2693734972659,38.964103569595366],[-77.26784959629983,38.96825798792659],[-77.26903631898624,38.96877698409514],[-77.26844327522039,38.96936128471273],[-77.26988456510529,38.97059419855116],[-77.27471558870805,38.97065788238145],[-77.27463176782393,38.97267003824092],[-77.27641162655817,38.972604633689784],[-77.27522399221542,38.970398112643224],[-77.27963120231796,38.97039681420516],[-77.27878271514838,38.968579666436725],[-77.27903646033347,38.96760597639421],[-77.28090076347488,38.967215944076784],[-77.28089983527357,38.96552835022182],[-77.28539233257122,38.96688987634054],[-77.28615431481428,38.96565635869312],[-77.28742566710685,38.96585061057114],[-77.28623886102797,38.965331790504436],[-77.28666051906461,38.96202135599367],[-77.28445514653254,38.95864696494704],[-77.28614801561282,38.95553080440544],[-77.28563767913982,38.95241543674249],[-77.28436656625304,38.95222116692624],[-77.28385732574242,38.950793383218986],[-77.28072237735769,38.95098915190626],[-77.28105965474091,38.948003306911666],[-77.27877216853875,38.94832856340906],[-77.27860217356665,38.94729009856018],[-77.2769075022453,38.947030973323436],[-77.27538278840362,38.947810294361865],[-77.27572107791907,38.946512054073224],[-77.27368735567157,38.9458635360296],[-77.27216118105979,38.94326763998502],[-77.2707210855246,38.94372234567235],[-77.27029676220833,38.94196995146098],[-77.26775498984854,38.94158108503367],[-77.26521380893345,38.942879754574314],[-77.26512863273247,38.94151671927151],[-77.26301052340564,38.94119257930176],[-77.26199354383778,38.94002442666186],[-77.26173773197999,38.93424772994232],[-77.26029729945982,38.9330147279146],[-77.25767125791864,38.93295020433083],[-77.2583483183382,38.93035382508838],[-77.26148291617224,38.93184620783769],[-77.26360022000652,38.93048278794275],[-77.26393863908288,38.929184582925735],[-77.26266798962263,38.928990091422754],[-77.26393756983781,38.92580941362609],[-77.26292079022099,38.92464127105715],[-77.26444460599876,38.922174522066896],[-77.26359758624186,38.922044866089834],[-77.26427487637386,38.92113604134431],[-77.26274955542064,38.91854003832171],[-77.25876855277335,38.91691800139615],[-77.25749774580959,38.915035875196864],[-77.25241651241001,38.91594515053666],[-77.25334778738967,38.91406275742655],[-77.25190789608524,38.91282966131578],[-77.25046827595703,38.913284129986636],[-77.24674194879417,38.91237566481956],[-77.24682674683119,38.91373870733007],[-77.24589519098528,38.91393346955221],[-77.24496353527057,38.91244064328439],[-77.24369322860379,38.912245957815095],[-77.24708044027338,38.90938992814282],[-77.25368601592645,38.91107700206505],[-77.25546472654854,38.91269947966964],[-77.25580320799924,38.91140129994196],[-77.2535164655484,38.910038508146826],[-77.25537943186791,38.909648862395585],[-77.25588713053638,38.90770159366339],[-77.25453194077564,38.90614398415489],[-77.25148322161593,38.90432688908969],[-77.2497050088231,38.90439193549118],[-77.2459793828603,38.90685860787318],[-77.24166069331007,38.9065341760665],[-77.23971307471035,38.90556056942366],[-77.23674925366194,38.90679373787699],[-77.23031390902253,38.90445670807729],[-77.22980554935505,38.90640387120438],[-77.22811200304868,38.90614408083888],[-77.22743440117327,38.9070527062184],[-77.22650321180664,38.90555974260891],[-77.22760418734612,38.90471607542019],[-77.22709639155305,38.903288068183684],[-77.22972133659337,38.90335323887952],[-77.22972159482138,38.901665659748794],[-77.23056831727787,38.901795546754464],[-77.23183819743383,38.90367794562879],[-77.235479192282,38.90491138855432],[-77.23751150864229,38.903872949743196],[-77.23785026901311,38.90257482053126],[-77.24089857404844,38.90270467104356],[-77.24301551559032,38.90471676635498],[-77.24555586949347,38.90510613779281],[-77.2478418234877,38.901406337189634],[-77.25275286034461,38.90114633615212],[-77.25639408268229,38.902379164429995],[-77.25622522545473,38.90471583384567],[-77.25995127902249,38.90562401311299],[-77.2577511978209,38.91237465454964],[-77.25809043504721,38.91445163134632],[-77.2634263008509,38.915943636403036],[-77.26368112510069,38.91834514936046],[-77.2669004977623,38.921200425011165],[-77.26453029509118,38.925225138155625],[-77.26664794676427,38.925549251466165],[-77.26512357290629,38.92632844408304],[-77.26393917374259,38.930872168156846],[-77.26546422539985,38.93178057505018],[-77.26521042357417,38.93275423234575],[-77.26410945989988,38.93359823656828],[-77.26216081731833,38.932624979078646],[-77.26114444094421,38.933144406626155],[-77.2639407778704,38.9359349261934],[-77.26368799898223,38.94028375538032],[-77.26495884826153,38.94047823673491],[-77.26656812388462,38.93937449105655],[-77.2704652542366,38.939633251237595],[-77.2742786170572,38.941904035643006],[-77.27427939148276,38.94359162379277],[-77.27656757640432,38.9449540388179],[-77.27673753690048,38.94599250611075],[-77.28004138240348,38.94514771226773],[-77.2800422904458,38.946835301150436],[-77.28199155239791,38.94780827960909],[-77.2825007354356,38.9492360703662],[-77.28538097947421,38.948326368090214],[-77.2869911880673,38.948909945587715],[-77.28555210938046,38.951052413651766],[-77.28758608226495,38.95170073765271],[-77.28835006974309,38.95384238985735],[-77.2863191911819,38.95825685173378],[-77.29055662921601,38.9589043010313],[-77.2912339256865,38.95799532440294],[-77.2899627004286,38.95780111176848],[-77.29004380033571,38.9524137684767],[-77.29207547706257,38.94968683881129],[-77.29156492791003,38.946571498142504],[-77.29003924080631,38.945663410351166],[-77.29020825140681,38.945014270513376],[-77.29266576943519,38.9457272487132],[-77.29223971549298,38.94228734102113],[-77.29012032153027,38.94027607632743],[-77.28876490335693,38.94040642156456],[-77.28723723089,38.9361231263463],[-77.28596639815095,38.93592887336645],[-77.28376483050566,38.9376172413316],[-77.2835947893357,38.93657878488776],[-77.28122220289416,38.9355410645164],[-77.28147580032598,38.93456737409571],[-77.27986595310314,38.93398372618544],[-77.28003502728582,38.933334601269515],[-77.28130579892282,38.93352891495202],[-77.284271965047,38.93566984914698],[-77.287575254749,38.93482485586636],[-77.2901191799851,38.938588489083294],[-77.29172921119861,38.939172004279804],[-77.29469341852635,38.93793751636805],[-77.29206479591359,38.934498548080875],[-77.29291080503191,38.93294042393526],[-77.29545114500921,38.9316411888451],[-77.29257048852692,38.93086353738852],[-77.29324749905219,38.92995455336273],[-77.29231466776096,38.928462079867884],[-77.2880789854991,38.92781469341634],[-77.2879923069121,38.92476409262654],[-77.28638262417373,38.9241805300793],[-77.28663505250947,38.921519247281985],[-77.28273592356567,38.916198248144525],[-77.27706069316984,38.91431773140927],[-77.27519772346317,38.91470770315495],[-77.27604386351607,38.913149698233426],[-77.27477346147319,38.912955331172824],[-77.27443375550773,38.9108784004577],[-77.27163940432415,38.91146328812275],[-77.2707065613073,38.90828307532523],[-77.26774253170639,38.907829404639784],[-77.26808077171363,38.90653119222917],[-77.26350721877594,38.90380602130873],[-77.26122009915765,38.900755794033046],[-77.2630827868786,38.90036603300187],[-77.26409923026975,38.901534170524194],[-77.2643518501589,38.89718536290457],[-77.26562194939183,38.89737983634688],[-77.26773941897456,38.899391508068554],[-77.2663013415169,38.90322131749997],[-77.26791040021295,38.903805139082124],[-77.26765672855399,38.904778797765594],[-77.27011266838106,38.90549221885094],[-77.26943559654052,38.90640107361099],[-77.27104475059542,38.90698485475299],[-77.27299357022262,38.90964554974943],[-77.27561878511067,38.90970974872232],[-77.27570492754536,38.91276035202827],[-77.27926260153535,38.91431706916026],[-77.28087108236744,38.91321314183809],[-77.28392090650732,38.91502951625074],[-77.28730774588786,38.91385996809979],[-77.28662975054202,38.91308133629456],[-77.28764458139447,38.910874120374544],[-77.2865431501832,38.91003074047061],[-77.28738791546323,38.906785079041576],[-77.28509970243287,38.90373529123888],[-77.28619892141157,38.901203525213035],[-77.28603102296498,38.903540234756676],[-77.28848930737806,38.90762845108607],[-77.28975965310113,38.907822677482535],[-77.28789691751135,38.90821283968877],[-77.28781353261367,38.910224986867654],[-77.29010092245642,38.91158714606451],[-77.28857709174176,38.91236662549096],[-77.28891720794978,38.914443517838635],[-77.28730882190375,38.91554754971113],[-77.28519136913332,38.91522378964178],[-77.28493788872626,38.91619748511513],[-77.28671742050167,38.91781951540145],[-77.2866339920177,38.919831664328285],[-77.2893451886051,38.92125858922678],[-77.28892500224877,38.92625659788223],[-77.29366863364572,38.926644111620924],[-77.2940089617515,38.92872099395867],[-77.30112401092784,38.92845811268834],[-77.30247632912011,38.92495246432017],[-77.301290082333,38.924433791213076],[-77.30179524460863,38.92079874789205],[-77.30043882946438,38.91924163767248],[-77.30162357782056,38.91807273615277],[-77.29891225928849,38.91664608031476],[-77.300859575252,38.91593117628348],[-77.29958769796073,38.91404948187772],[-77.29992539923752,38.91275118161235],[-77.29873936932945,38.912232484946976],[-77.29933035038279,38.90996046360743],[-77.30085540547338,38.91086843272014],[-77.30094399821309,38.915606600336154],[-77.30213009876601,38.916125276143404],[-77.30136890530554,38.917358883318535],[-77.3028941407296,38.91826682823938],[-77.30196409272322,38.9201495942604],[-77.30323613794845,38.92203126581299],[-77.30349374749211,38.92612028252469],[-77.30239475370716,38.928652210163676],[-77.30476593653842,38.9280019398981],[-77.30968015744051,38.92942726751506],[-77.3084922192983,38.9272210785998],[-77.30679790872834,38.926962362425904],[-77.30713554134073,38.925664040292354],[-77.30992855176989,38.92339076808651],[-77.31331536218549,38.922220508308456],[-77.31424344294469,38.91865007426564],[-77.31602194579756,38.91858410209497],[-77.31610456094995,38.91657193382613],[-77.31898309336513,38.915661455511696],[-77.31838908666734,38.9145584089881],[-77.31593236857283,38.913845943453325],[-77.31669152188088,38.91092466683938],[-77.30957824165701,38.91118844064641],[-77.30957664975978,38.90950086023836],[-77.31770719191567,38.91040478573661],[-77.31871743651163,38.90482215746542],[-77.31566890513118,38.904694220344304],[-77.3170236106139,38.90456358175608],[-77.3172766216498,38.903589822223246],[-77.31592019603788,38.90203288486458],[-77.31600279523072,38.900020720992615],[-77.3141387024101,38.898723699057754],[-77.3106670196341,38.89853098169696],[-77.30999051849679,38.89944005703527],[-77.30626415789042,38.898533382453365],[-77.30474077318894,38.89931305920168],[-77.30262228431444,38.89730201964658],[-77.30075988662746,38.89769237457152],[-77.30016630236511,38.8965892433286],[-77.29796493004459,38.896590276783996],[-77.29508186524187,38.890749956611],[-77.29177948167107,38.88990756854912],[-77.28940942273836,38.89055758730855],[-77.29042500348133,38.89003793105576],[-77.29042385566633,38.88835035496868],[-77.29372615298347,38.889192778985255],[-77.29355608285232,38.888154342796476],[-77.29423268424249,38.887245358435216],[-77.29491177215355,38.88971152208235],[-77.29745187981908,38.89009982937963],[-77.29940121209037,38.89276010349636],[-77.29889478064614,38.894707546499],[-77.30355347567344,38.89710683169927],[-77.30812654757982,38.898142944795985],[-77.31168091951633,38.89632357324438],[-77.31600105475405,38.89833314309372],[-77.3148100066302,38.89275186990626],[-77.31091360440536,38.89080692826058],[-77.30972625858934,38.88860076223062],[-77.30566147800894,38.8873048179024],[-77.3065066484068,38.885746610610134],[-77.30896232690051,38.88645926035641],[-77.31336949655986,38.89151949113868],[-77.31557071541674,38.891518184134746],[-77.31650355006262,38.89301047547291],[-77.31836574368782,38.89261988426456],[-77.31675301252208,38.88866156638481],[-77.3170042085383,38.886000234067005],[-77.31539514987341,38.88541705103048],[-77.316833814113,38.88496183025551],[-77.31742400978403,38.88268973053867],[-77.31530737812682,38.88236648609916],[-77.31479801957053,38.8809388426656],[-77.31352807582779,38.88074487347228],[-77.3158132851621,38.880418979034744],[-77.31598365442126,38.88145738367465],[-77.31759263035829,38.8820405587903],[-77.31784555558635,38.8810668008336],[-77.32080695673434,38.879831698215405],[-77.31970378525706,38.87730104277314],[-77.3208875427175,38.87613196341691],[-77.32156929803332,38.88028555129681],[-77.31860789136174,38.881520672198],[-77.3191173286303,38.88294830007371],[-77.3177665906895,38.88645411087926],[-77.31980453159571,38.892164628604235],[-77.31701302643788,38.894438114019856],[-77.31633839067196,38.89703480077461],[-77.31820247943926,38.89833178935632],[-77.32065315189486,38.893981476700425],[-77.32293684355199,38.89196787391103],[-77.32420700796085,38.89216174696329],[-77.32412078743161,38.89079876158105],[-77.32665910141273,38.88949889448739],[-77.32835261127491,38.88975733806578],[-77.32784294544514,38.888329746964644],[-77.32961658475321,38.8848884299363],[-77.33122574554926,38.88547142830969],[-77.33139215301578,38.883134663101536],[-77.33215459479766,38.88358845125259],[-77.33367735735527,38.88280843919615],[-77.33265793423587,38.87995330136763],[-77.3339279150774,38.88014707452566],[-77.33426484739589,38.87884868636422],[-77.3372281115813,38.87930076501688],[-77.33781987071796,38.87871614290863],[-77.33721918611307,38.87255047410609],[-77.33586511195472,38.872681332850235],[-77.33450886452748,38.871124604820025],[-77.3348457447837,38.86982621647569],[-77.33348957226146,38.86826947781348],[-77.330865799563,38.8682065044885],[-77.33238825452919,38.86742650970002],[-77.33196289279017,38.86567434398641],[-77.33594492560842,38.868981591455764],[-77.3358629121971,38.87099376091911],[-77.33908074585744,38.872159572683714],[-77.340432498993,38.87034110709442],[-77.34356381720738,38.87014383169359],[-77.34559119774644,38.86741605522688],[-77.34482643436164,38.86527477997858],[-77.34194787446023,38.86449828197748],[-77.34287854131551,38.86430279942834],[-77.34228459156982,38.86319987441902],[-77.34355430608076,38.86339354855124],[-77.34330178566678,38.86436735689707],[-77.34600959348613,38.864105462362495],[-77.34635112102117,38.86618218439578],[-77.34889068231092,38.86656943644631],[-77.34905898530639,38.86592022316946],[-77.35219009021723,38.865722729896824],[-77.35371487792169,38.86663004375317],[-77.35574444062303,38.865589672488895],[-77.35743749798472,38.865847717945165],[-77.35803169861023,38.86695057064573],[-77.35684600070451,38.866432432818186],[-77.35600213066164,38.867990979536955],[-77.35396988584412,38.867343784458555],[-77.35117784306327,38.867930461264],[-77.3497372087378,38.86669850890119],[-77.34779168790338,38.8674141760499],[-77.34745504943601,38.868712599207996],[-77.34424202125939,38.87092214788557],[-77.34720502501528,38.871373987563516],[-77.3490690066421,38.87267050787367],[-77.35296026565341,38.871239102095885],[-77.36015635814589,38.87233579796233],[-77.35728005170145,38.87324722706627],[-77.35736687164243,38.87461018639151],[-77.35499525289886,38.873573885762895],[-77.35524764895837,38.872600052543994],[-77.35406450015465,38.8737694595276],[-77.35126965536429,38.872668566936284],[-77.34890068814644,38.87331972167911],[-77.35076729466897,38.87630378915484],[-77.35279976091812,38.87695103743932],[-77.35288650147338,38.87831400050481],[-77.35390145868818,38.87779382507617],[-77.35711988115027,38.87895916936645],[-77.35449570320857,38.87889669629144],[-77.3532282915901,38.88039070707016],[-77.35314154216998,38.87902774390325],[-77.35144819380066,38.878769639346594],[-77.35170065525797,38.87779581274821],[-77.35085399643921,38.877666753536715],[-77.35060152411448,38.87864057839525],[-77.34949985170886,38.87779776133906],[-77.34754662067986,38.87345070807157],[-77.34322709080561,38.87144224378103],[-77.33883040377944,38.8748209452168],[-77.33917405350391,38.87858526271104],[-77.33824544942044,38.88046829122363],[-77.3360445648221,38.88047000088051],[-77.33553919816462,38.88241759049465],[-77.3390124518749,38.884297185177026],[-77.34409278618125,38.88507193969982],[-77.34409517697694,38.886759514339474],[-77.34257008782542,38.88585207993036],[-77.33740549053053,38.885401862464676],[-77.33757393935608,38.88475266333187],[-77.33588051311118,38.884494345898766],[-77.33587831264025,38.88280677157437],[-77.33494739066967,38.883002201975074],[-77.33258006572498,38.88534062005466],[-77.33199032121168,38.88761279265016],[-77.33114358325054,38.8874835986362],[-77.33114776524131,38.89085874973708],[-77.32776269917076,38.892029491784136],[-77.32480286433086,38.894952339135536],[-77.32294064560091,38.895343027158475],[-77.32167417264097,38.89852429568709],[-77.31939024054968,38.90053787687414],[-77.31752785001291,38.90092848386135],[-77.31752962592157,38.90261606229572],[-77.32091720276537,38.90313317662732],[-77.32126006034007,38.90689755696228],[-77.3221070064405,38.907026818807864],[-77.31956800042892,38.90832659556418],[-77.32016381130487,38.911117215786916],[-77.31838729055428,38.912870827956276],[-77.32000064660593,38.916829136827424],[-77.31873006320927,38.916635220057785],[-77.31703772742655,38.918064225952484],[-77.31822398259918,38.91858274797757],[-77.31771787492276,38.92053027433587],[-77.32220828438271,38.92189045876443],[-77.32203585097298,38.919164474949476],[-77.32339081419009,38.919033766542434],[-77.32372811425182,38.91773540063579],[-77.32542227028188,38.91799388518974],[-77.32652030270538,38.915461757186996],[-77.32829871656695,38.91539560896682],[-77.32863591229149,38.914097230336964],[-77.3304985799641,38.91370645581415],[-77.33303330763877,38.909031294039835],[-77.33582927200234,38.9101326028498],[-77.33786030225448,38.90909251895717],[-77.33794230338596,38.9070803386959],[-77.3387050366137,38.90753408791646],[-77.33997321836277,38.90604022060284],[-77.34259836167116,38.90610300137104],[-77.34123902283008,38.90285876214673],[-77.34538709387411,38.902141358293235],[-77.3462291458692,38.89889529986088],[-77.34444875167806,38.89727412790584],[-77.34639510275824,38.89655851064171],[-77.3483389261494,38.8941552864261],[-77.34918577212858,38.89428436307958],[-77.34715777847045,38.89701220725092],[-77.34749949300637,38.89908893440697],[-77.35003767861166,38.89778858726464],[-77.35173146405909,38.898046711696],[-77.35249160284519,38.89681279862158],[-77.35850400082565,38.89739140114841],[-77.36052880842054,38.892975795302945],[-77.35917165627285,38.89141933340661],[-77.36103358029123,38.89102810133588],[-77.36136728887267,38.88804206291567],[-77.360604618583,38.887588454239115],[-77.36085698821736,38.88661460794895],[-77.3619589252976,38.887457324947135],[-77.36221127637678,38.88648347591534],[-77.3630580577557,38.88661245767664],[-77.3625533705941,38.8885601588221],[-77.36433109498424,38.888493494046344],[-77.36128874530556,38.89174182907656],[-77.36146258250409,38.89446774841796],[-77.36408732726946,38.89453007409289],[-77.3652706523334,38.89336056846621],[-77.36645684839652,38.89387862736331],[-77.36772422336972,38.892384478847475],[-77.37051706999097,38.89179742749579],[-77.37136090526174,38.890238777478196],[-77.37144800886288,38.89160172973841],[-77.37339701282579,38.892573264318884],[-77.37068824551027,38.89283575821835],[-77.36992845641979,38.89406978223155],[-77.36831879613734,38.89348728574526],[-77.36713551794625,38.8946568204872],[-77.3653576457311,38.89472352553379],[-77.363834973396,38.8955039279174],[-77.36451363008011,38.896282135554024],[-77.36315916391409,38.89641329290216],[-77.36171776376827,38.89518147558208],[-77.36172056316637,38.89686905197204],[-77.3599426320102,38.89693567937593],[-77.35994539035502,38.898623256178965],[-77.35740735252955,38.8999238063059],[-77.35638943592325,38.898756434597544],[-77.35384871274643,38.898369334703226],[-77.35122639485812,38.899994369491715],[-77.34995602202652,38.899800773113476],[-77.34724936595272,38.90175033274877],[-77.34564457178554,38.90454269760627],[-77.34437413447105,38.90434904391727],[-77.34327689020792,38.90688132630098],[-77.33904428493418,38.90792326156106],[-77.33803105288169,38.9101308970017],[-77.33964083867993,38.910713787986445],[-77.34015089237037,38.91214133462856],[-77.34556521183298,38.90824246147478],[-77.34980026605774,38.90888788279956],[-77.35106824382218,38.907393901746744],[-77.35462726516633,38.90894845495655],[-77.35648966166353,38.90855729027122],[-77.35606881783022,38.91018035688593],[-77.3580181137659,38.91115213555954],[-77.36165042196482,38.905631556170256],[-77.36469907295117,38.90575836266002],[-77.36985930521872,38.90283228792571],[-77.3707062901784,38.90296121770157],[-77.37045399558552,38.903935086039354],[-77.37705877293128,38.903928006643845],[-77.37418143056951,38.90483983157918],[-77.37443986725201,38.90724111181371],[-77.37231922414767,38.90523126181693],[-77.37172752653125,38.9058160505425],[-77.36884707791701,38.90504017362479],[-77.36690072082874,38.90575614415052],[-77.3666483656772,38.906730005093145],[-77.36487019834503,38.906796703253455],[-77.36487307122518,38.90848428207319],[-77.36343140323494,38.907252482782226],[-77.36114835200775,38.90926683533263],[-77.3616588170725,38.91069429319437],[-77.3634370824943,38.910627641057054],[-77.36666002278372,38.91348032236986],[-77.36632350777424,38.91477880419328],[-77.36912019596761,38.9158793630564],[-77.36887080132458,38.91854081075361],[-77.36564755051532,38.915688185001805],[-77.36454800930893,38.91653307836608],[-77.36437400397269,38.91380715563204],[-77.36182991072229,38.91173263864886],[-77.36047515241117,38.91186376693289],[-77.36064345681066,38.91121453429302],[-77.3588651745054,38.9112811463692],[-77.35979914918863,38.91277311550984],[-77.35835748212062,38.91154125653466],[-77.35649501935667,38.91193244942786],[-77.35174944377093,38.90985975985851],[-77.3484480314418,38.91070645925846],[-77.34811120458674,38.91200489115979],[-77.34700905636407,38.91116204843719],[-77.34438372692354,38.911099361015594],[-77.34133721558462,38.9126596351252],[-77.34142378416652,38.91402261231837],[-77.34040592671312,38.9128551072627],[-77.3386275858895,38.91292142910502],[-77.33659202402869,38.91058636524907],[-77.33625498638159,38.91188476491246],[-77.33456093401183,38.91162642856824],[-77.33371606352297,38.91318483220382],[-77.33236122764913,38.913315653330656],[-77.33278687720286,38.915067828030324],[-77.33083989781007,38.91578323333408],[-77.33058702575711,38.91675702208308],[-77.32855364615064,38.916109406279],[-77.32753998222931,38.91831695834531],[-77.3240692579151,38.919812197894515],[-77.32339463869124,38.92240893158975],[-77.31848242146503,38.922671731612716],[-77.31594106565838,38.92228385364226],[-77.31619415273033,38.92131009405597],[-77.31433121385456,38.921700654084894],[-77.31128524709331,38.92494777536125],[-77.31078214997001,38.93027044404221],[-77.30849535367781,38.93059624779202],[-77.30824213137929,38.93156999288691],[-77.31213899172303,38.93182744343182],[-77.31315666111675,38.93299518345047],[-77.31739286751242,38.93364171384454],[-77.32018770194662,38.93305579336904],[-77.3210330925056,38.93149747777532],[-77.32221959496555,38.932015962517674],[-77.32467504531081,38.93104072016288],[-77.32349045603112,38.93220984393185],[-77.3239160025714,38.933962053528035],[-77.32213713127248,38.934028139052444],[-77.32145857575009,38.93324969563092],[-77.32027389889099,38.93441878903251],[-77.32451606727226,38.940127835618384],[-77.32265269155971,38.940518521665325],[-77.32299010431366,38.939220153966275],[-77.31985026778783,38.93435415233481],[-77.31375073895184,38.93409825777772],[-77.31426044884307,38.9355259153541],[-77.31366803886692,38.93611042925096],[-77.31146219962297,38.9327365307967],[-77.30968334697774,38.932802437693496],[-77.30943013289377,38.933776185508556],[-77.30714168448876,38.93241437886769],[-77.30714014859498,38.9307267936413],[-77.3054457612603,38.930468058871725],[-77.30502365310961,38.93209095674134],[-77.30061876200834,38.93209315704423],[-77.29884125883616,38.93384649406853],[-77.29545241001874,38.93332877441509],[-77.29452197720977,38.93521148845698],[-77.2991831196948,38.93761095078404],[-77.29799801424207,38.938779832091335],[-77.29876083054481,38.9392338289355],[-77.29749253762324,38.94241486889579],[-77.29808645498782,38.94351801968231],[-77.30130548803425,38.94299723501591],[-77.30333937613158,38.943645299987836],[-77.3052029354717,38.94325490390717],[-77.30545623905695,38.94228116343992],[-77.30554217113581,38.94364417107457],[-77.30766054091916,38.94396758486273],[-77.3056281064322,38.945007178911254],[-77.30410227671793,38.94409926429193],[-77.30334082419692,38.94533288829099],[-77.30105212644371,38.94397096710423],[-77.29876485629488,38.94429659206148],[-77.29851145620265,38.945270319138544],[-77.29707018292552,38.94403774238206],[-77.29766279064938,38.94345330712219],[-77.2960526172075,38.942869868594954],[-77.29503759527297,38.945077162917286],[-77.29359760686069,38.94553213428928],[-77.29461517040674,38.946700028653744],[-77.29410823570744,38.948647466131604],[-77.29521033880833,38.949490783270534],[-77.2941951990201,38.95169807277475],[-77.29495812697131,38.95215209383414],[-77.29241706243482,38.95345132256168],[-77.29326935804153,38.96033114793745],[-77.29233852359883,38.96221385282486],[-77.29149098825779,38.9620843866471],[-77.29073028992589,38.9650055296371],[-77.29174807971314,38.966173450810054],[-77.29598602693315,38.96682071543554],[-77.29742642159951,38.966365714934525],[-77.2977644041616,38.965067411079225],[-77.29979887746025,38.965715536168936],[-77.30183197345877,38.96467603451801],[-77.30267812424539,38.96311783706055],[-77.30361161219193,38.9646102399245],[-77.30623883640882,38.96467379108166],[-77.30751177030592,38.96655543056685],[-77.30895050907813,38.96441270300162],[-77.31005302285125,38.96525589019749],[-77.31183102297427,38.963502384658796],[-77.31352620200893,38.96376103340079],[-77.31445480207582,38.96019057700864],[-77.31343673164471,38.95902284314489],[-77.31368829170916,38.956361492429245],[-77.31513181206302,38.95928146978076],[-77.31505084145554,38.96298124181207],[-77.31759361347892,38.963369140230206],[-77.31734039888335,38.964342908428456],[-77.318017411451,38.96343378490244],[-77.3201364126028,38.963756986560476],[-77.31979883519661,38.96505535106705],[-77.32191789146721,38.96537852237912],[-77.32327180460484,38.96356022152872],[-77.3225047949441,38.95973118955278],[-77.32386051245484,38.95960047527812],[-77.32521426959659,38.95778215477068],[-77.32529276070055,38.95239478882163],[-77.32656597236485,38.954276229430626],[-77.32614617404067,38.95758679552177],[-77.32741749199954,38.95778063739889],[-77.32826301492791,38.95622226709244],[-77.32987167839144,38.95511769789192],[-77.33063486464332,38.95557149974345],[-77.33139596169242,38.954337706451966],[-77.33097429369131,38.95596069803026],[-77.33436444850432,38.95647744871607],[-77.33538062788818,38.95595741959285],[-77.33529412258646,38.954594430303764],[-77.33639679275316,38.9554373821858],[-77.33987125747824,38.95562938044069],[-77.34037009641044,38.94861898621387]],[[-77.24725492838044,38.967806404606556],[-77.24691589190351,38.967416976750776],[-77.24683116791633,38.96774151821836],[-77.24725492838044,38.967806404606556]],[[-77.25546472654854,38.91269947966964],[-77.25580355403454,38.91308888118912],[-77.25588817447104,38.912764336075355],[-77.25546472654854,38.91269947966964]],[[-77.27299357022262,38.90964554974943],[-77.27248558279871,38.909905308145774],[-77.2729090296259,38.909970106399385],[-77.27299357022262,38.90964554974943]],[[-77.31600105475405,38.89833314309372],[-77.31634013893198,38.89872237839136],[-77.3164244729785,38.898397792630966],[-77.31600105475405,38.89833314309372]],[[-77.34037470968885,38.951994164487544],[-77.34088274843677,38.951734126516286],[-77.34045899828243,38.95166956005315],[-77.34037470968885,38.951994164487544]],[[-77.29761646683755,38.9927181146348],[-77.2973615723588,38.992004245876956],[-77.29719251642612,38.99265339999615],[-77.29761646683755,38.9927181146348]],[[-77.29350945578935,38.94079394216395],[-77.29452695170029,38.94196183647242],[-77.29325478335537,38.94008007045837],[-77.29350945578935,38.94079394216395]],[[-77.25648121987543,38.91386768151021],[-77.25614238514349,38.913478281802675],[-77.25605776501028,38.913802827120314],[-77.25648121987543,38.91386768151021]]],[[[-77.24538781005491,38.926006198205954],[-77.24064447779675,38.92561683782364],[-77.23861170387647,38.92328016272081],[-77.2369177337115,38.92302049206411],[-77.23573210460545,38.92081360875393],[-77.2375954416717,38.92042422966798],[-77.23801885256165,38.92217673046071],[-77.24132207705907,38.9230205541579],[-77.2423384875722,38.92418887352757],[-77.2440325042397,38.92444847017798],[-77.24606524383711,38.9234098884905],[-77.2479287556814,38.924707937871325],[-77.24970726130259,38.92295533292002],[-77.2497074661304,38.92464291676882],[-77.25233346673686,38.926395193141985],[-77.25191045449803,38.929705494093895],[-77.25351998301096,38.93028950448584],[-77.25462165685123,38.932820765686714],[-77.25360551916614,38.9350277176925],[-77.25411405618766,38.9364556223374],[-77.25741811493643,38.937299018932215],[-77.25792674259036,38.93872690839371],[-77.26097659690215,38.93885626587482],[-77.26182429327532,38.94067352757449],[-77.25928261143719,38.94028448761029],[-77.2594518837543,38.93963539020121],[-77.25513119006902,38.939311426220144],[-77.25631699222022,38.938142954511285],[-77.25258931988272,38.93723466204559],[-77.25301262645844,38.93561194172678],[-77.25216547075183,38.93548220742939],[-77.25343562290398,38.93230163434071],[-77.2519109663229,38.93308066526291],[-77.25004716922251,38.93178267424323],[-77.24869183753692,38.931912581428314],[-77.24860680408385,38.928861951672445],[-77.24504907504955,38.92730435201752],[-77.24538781005491,38.926006198205954]],[[-77.24538781005491,38.926006198205954],[-77.24589600642794,38.925746550285794],[-77.24547249191929,38.925681659644184],[-77.24538781005491,38.926006198205954]]],[[[-77.24301795587608,38.98740863686535],[-77.23844025833137,38.98468251023793],[-77.23326929398996,38.98422794789079],[-77.23343890057122,38.983578881824755],[-77.23759263329173,38.98286507706639],[-77.23784690935076,38.98357906740817],[-77.24047476039497,38.98364401118971],[-77.24301795587608,38.98740863686535]]],[[[-77.25353054714685,38.991042840078734],[-77.24979978508456,38.986759257476585],[-77.24691743477513,38.985980539525414],[-77.24649343830724,38.98422805304178],[-77.25208860885245,38.98643453336728],[-77.25531087425074,38.99097773799191],[-77.25353054714685,38.991042840078734]]],[[[-77.22174004113825,38.9861739359442],[-77.22216345274282,38.987926507456066],[-77.2247062252915,38.99000391051792],[-77.22258688474469,38.98967907799883],[-77.22173871013693,38.99123673498588],[-77.22207859447312,38.98825103302098],[-77.22080749082347,38.98636851169736],[-77.22174004113825,38.9861739359442]]],[[[-77.26803334434835,39.00642365867842],[-77.26625088404847,39.001426132279256],[-77.26455444618797,38.999479233456896],[-77.26158722004257,39.00071301232483],[-77.26040002955074,39.00019394236816],[-77.26116278434148,38.998960571942426],[-77.26294329836635,38.9988953603049],[-77.2629422742721,38.99552015648009],[-77.26379014827545,38.995649818317325],[-77.26370599642631,38.9976619745067],[-77.26650431683709,38.998764860418994],[-77.26820015619114,38.99902412977673],[-77.26887810547214,38.9981152696795],[-77.27201583892833,38.99960740116723],[-77.2727783906397,38.99837395949501],[-77.27438960583684,38.998957704950506],[-77.27464351577024,38.997984019357816],[-77.27701720624414,38.99733427306309],[-77.28024059776695,39.00018923527246],[-77.28252970805951,38.999863949145755],[-77.28236050151817,39.0005130838598],[-77.28439582882042,39.001161465019976],[-77.28549757958923,39.00031727228697],[-77.28660036563682,39.001160672481674],[-77.28846548810334,39.00077052450661],[-77.28761859495391,39.00232863400606],[-77.28829743266274,39.00310727050324],[-77.28507462114402,39.001940118994426],[-77.28320945050791,39.00233021609701],[-77.28371903907201,39.003758013604106],[-77.27964738792586,39.000773592255555],[-77.27803609032522,39.00018991487396],[-77.27744286277122,39.00077426132271],[-77.27769673818004,38.999800569205355],[-77.27650944765429,38.99928165338886],[-77.27184653917155,39.000256521520214],[-77.27286526120893,39.0031122070903],[-77.27566312292836,39.00252728398522],[-77.27778393080585,39.004538814427534],[-77.2774454082582,39.005837071720734],[-77.27897220019118,39.00674532264461],[-77.27702223808144,39.00745989241955],[-77.27566393011779,39.004214887480245],[-77.27244200470903,39.0047350114671],[-77.27006599981999,39.00032186086939],[-77.26514776669785,38.99889494872217],[-77.26777744363595,39.0023345202256],[-77.26803334434835,39.00642365867842]]],[[[-77.23937239294783,39.00136381034766],[-77.2425944453519,39.002532148053255],[-77.24242487627069,39.00318122855285],[-77.23988111431063,39.00279178742456],[-77.23937239294783,39.00136381034766]]],[[[-77.23233244423484,39.021549887829714],[-77.23597946201852,39.021095728822544],[-77.23530088744054,39.02200441257461],[-77.2345375993092,39.02155001982971],[-77.232077885589,39.02252349049589],[-77.23233244423484,39.021549887829714]]],[[[-77.2318233201276,39.02349709279737],[-77.22961810602271,39.02349691259627],[-77.232077885589,39.02252349049589],[-77.2318233201276,39.02349709279737]]],[[[-77.22647987821674,39.02369131277159],[-77.22690427055099,39.02206866027305],[-77.22978783676787,39.02284784744976],[-77.22647987821674,39.02369131277159]]],[[[-77.23835092256623,39.11664120229573],[-77.23767148503032,39.11754991467709],[-77.237841433917,39.11521319013038],[-77.240643895486,39.114629044737285],[-77.24106851201871,39.11638159107756],[-77.24276700658984,39.116641213280765],[-77.24166299481662,39.11748504408403],[-77.24353140736035,39.11878320121531],[-77.24038909977752,39.11897795630704],[-77.24030418293844,39.11761486364071],[-77.23835092256623,39.11664120229573]]],[[[-77.19885760191708,39.122411047590866],[-77.20140349923199,39.12617661757163],[-77.20106304437249,39.127474694511506],[-77.19919419912728,39.12786353797369],[-77.19792124517711,39.12598073590163],[-77.1947774332207,39.12786197940648],[-77.19486150751642,39.12922510576974],[-77.19256792793708,39.12954878264975],[-77.19222729933743,39.130846836266464],[-77.18916830377076,39.1324034263246],[-77.18891277784421,39.133376960165016],[-77.1861943663487,39.133635432262636],[-77.18704496650872,39.132077978761615],[-77.18398712991363,39.131946799080616],[-77.18585616164385,39.13155818383892],[-77.18500813842063,39.12974034465108],[-77.1891695052223,39.13071578404076],[-77.19052982325786,39.12889888129465],[-77.18908673936419,39.12766501217193],[-77.19087047306088,39.12760083283211],[-77.19036184118207,39.126172623204255],[-77.1926553239722,39.12584898722985],[-77.18773011289494,39.124418976530656],[-77.1853540510639,39.12169175084388],[-77.1909579532231,39.123901040037886],[-77.1946125186508,39.1200728096312],[-77.1988585780654,39.120723408572424],[-77.19809547438341,39.11858114542895],[-77.19639709431732,39.11832091292818],[-77.19359633151333,39.11552878630264],[-77.1952105693869,39.11442593445803],[-77.19801234745705,39.115530386828304],[-77.1992019450668,39.11436242698142],[-77.20157828705592,39.117089384105086],[-77.20038868299605,39.11825736730999],[-77.20234147778811,39.11923162524542],[-77.20200107224646,39.12052970297141],[-77.20064213263916,39.12065908915814],[-77.19885760191708,39.122411047590866]],[[-77.19885760191708,39.122411047590866],[-77.19809348663584,39.12195642259119],[-77.1965642553305,39.122734797735454],[-77.19826273921134,39.12299502817828],[-77.1987724823805,39.1227355648972],[-77.19885760191708,39.122411047590866]],[[-77.19367598341138,39.12364246432354],[-77.19333650681627,39.12325287963516],[-77.19325136162391,39.123577393215555],[-77.19367598341138,39.12364246432354]],[[-77.19376112678276,39.12331795044818],[-77.19427088829963,39.12305850560432],[-77.19384626939326,39.12299343653536],[-77.19376112678276,39.12331795044818]],[[-77.19469658083499,39.121435934003],[-77.1952063258013,39.121176485420655],[-77.19478171705966,39.12111141957011],[-77.19469658083499,39.121435934003]]],[[[-77.21456354683833,39.14000578939868],[-77.21558315185571,39.13948672535601],[-77.2183862067232,39.14059072411375],[-77.21821609882723,39.141239787775156],[-77.21966044037032,39.140785676259206],[-77.22008470338491,39.14253830335444],[-77.22390754106657,39.1431230686784],[-77.22433268894466,39.14150038917084],[-77.22730598592295,39.14195511514968],[-77.22824022357227,39.143448131431555],[-77.23087385207273,39.14351328041478],[-77.23384776196954,39.13890491253085],[-77.22934585734019,39.13585383492026],[-77.22883641098001,39.13442578041988],[-77.22713755026172,39.134165967004044],[-77.22730756184696,39.13351689207197],[-77.2279022771448,39.132932771342354],[-77.23172467209788,39.13351729526494],[-77.23248873004646,39.137347002451676],[-77.23953945740475,39.139099831848434],[-77.23987927892308,39.137801646649145],[-77.23902978780418,39.13767181817538],[-77.24047393734389,39.13552982113603],[-77.23852019281989,39.13455615899126],[-77.2383503375424,39.13351760590039],[-77.24047394650782,39.13384217754329],[-77.24166316104113,39.13267380732222],[-77.2410685632129,39.134945637214365],[-77.2420879360314,39.13611400023477],[-77.24115351466706,39.136308734054964],[-77.24038896614105,39.13922965687856],[-77.2410685771795,39.14000857084446],[-77.24599577614387,39.13974882756478],[-77.24582568658273,39.137022638924826],[-77.24709993123,39.137217309809174],[-77.24667531721698,39.138840065680974],[-77.24786467642271,39.13935927987917],[-77.24786483903517,39.14104692534939],[-77.2523673091844,39.14072204332832],[-77.25236704192807,39.13903439797714],[-77.25364133941196,39.13922900192124],[-77.2544062987572,39.141370932637614],[-77.25619031098138,39.14130581620617],[-77.25873942836436,39.14338257912784],[-77.25950371555204,39.142149186915994],[-77.25882388673226,39.14137037335759],[-77.26281668694608,39.14130482340497],[-77.2619666234804,39.13948750603168],[-77.26324043466614,39.13799436667875],[-77.26179593494275,39.13676133941509],[-77.26417427680381,39.136111822540265],[-77.26510807052364,39.134229272105216],[-77.26298434019964,39.13390512108428],[-77.26128584409409,39.13533341765891],[-77.25814286800151,39.1355286220635],[-77.25788786031566,39.13481465408217],[-77.26145507473264,39.13299665266905],[-77.25933139676451,39.13267243934949],[-77.25882138309603,39.13124450865971],[-77.25644315277059,39.13189392253617],[-77.25678263839356,39.13059569305609],[-77.25321513801644,39.13072591704936],[-77.25627268942418,39.12916775250781],[-77.25321427729129,39.12566299289259],[-77.25363866816222,39.124040218982366],[-77.25865124524424,39.13020598400849],[-77.2606899956999,39.13085476892811],[-77.26170914242645,39.130335327774866],[-77.26340856091157,39.13228231117187],[-77.26553224567057,39.13260645484345],[-77.26621147541806,39.13169758754885],[-77.26417265197536,39.131048893038205],[-77.26349235124124,39.128582464977924],[-77.26434123427062,39.12702448488951],[-77.26332163106191,39.12585630641943],[-77.26502042671778,39.126115625112355],[-77.2651912112768,39.12884178147878],[-77.26697551272402,39.13046415233913],[-77.27003275783636,39.12890564958358],[-77.2701182458729,39.130268724925074],[-77.27334575735782,39.12974864943],[-77.27334500264301,39.1280610078903],[-77.27614849404743,39.12916370214383],[-77.27640283563449,39.128189990297386],[-77.27402409210335,39.12715209875395],[-77.27274921109321,39.1252700635126],[-77.27419289382688,39.124815320271516],[-77.27555258571586,39.126372770586705],[-77.27810086735158,39.126761489333234],[-77.27877988514065,39.12585255446211],[-77.2772505916697,39.12494428174829],[-77.28022354168917,39.12539774115562],[-77.28098727474658,39.12416422142234],[-77.27928846774647,39.12390512095639],[-77.2787781232891,39.12247727463207],[-77.27699459385138,39.12254271480177],[-77.27461524267514,39.119817196965016],[-77.27045335437836,39.118844619248655],[-77.27045266698065,39.11715698132998],[-77.27266146325026,39.118844074258185],[-77.27469923382945,39.11780498992425],[-77.27512469062371,39.119557420938],[-77.27750320114907,39.120595289871694],[-77.27877724242474,39.120789635561046],[-77.27860684373017,39.11975114038729],[-77.28039030316592,39.119685677129425],[-77.28073115612192,39.12176266254048],[-77.28378873704767,39.12189146317076],[-77.28608271781405,39.12325374381363],[-77.28667687626066,39.12266934332987],[-77.28480759277252,39.12137183366367],[-77.28438189172842,39.11961943516572],[-77.28701577833986,39.121371033763715],[-77.28845818844192,39.11922848677444],[-77.2864195163714,39.11858015860139],[-77.2866736832071,39.11760642779122],[-77.28437986971068,39.11624415956381],[-77.28786188863982,39.11643761970251],[-77.28896646517542,39.11728101623881],[-77.28845487138057,39.114165574698276],[-77.28582121133513,39.11241400905465],[-77.28870899548511,39.11319184056729],[-77.28930080002047,39.109232157780745],[-77.29049113185454,39.11143859661138],[-77.2904087365191,39.11513844834038],[-77.29287201247179,39.11585144291544],[-77.29431414022899,39.11370883031429],[-77.29516344977003,39.113838280550155],[-77.29329667810525,39.1159161737107],[-77.29389195044229,39.1170193767365],[-77.29219326452811,39.11676045293434],[-77.29058044815343,39.1178645638401],[-77.29041103866778,39.118513723106865],[-77.29295912405725,39.11890213676784],[-77.29143097445042,39.11968167772399],[-77.29168743953237,39.12208321356649],[-77.29024392066412,39.12253815966042],[-77.29194273476072,39.1227971103872],[-77.29253804292904,39.12390032138702],[-77.29525570984468,39.123639525495896],[-77.29610257026579,39.1203936914128],[-77.29754732677912,39.1216263161231],[-77.29686858338289,39.1225353526938],[-77.29805803423959,39.12305408514758],[-77.29729460280026,39.124287709434704],[-77.2995028768625,39.124286687783865],[-77.29899213233152,39.12285892434596],[-77.3018804728075,39.12363645152161],[-77.30102963876983,39.121819407710404],[-77.30451344814068,39.12370004101683],[-77.3060415418629,39.122920338669516],[-77.30604002750329,39.12123269971361],[-77.30366108842637,39.12019537655971],[-77.30383038340892,39.11954619903232],[-77.30705871476428,39.120712887968665],[-77.30739724338048,39.11941452338329],[-77.30459217338183,39.11662489833011],[-77.30807582583839,39.11850542990656],[-77.30824351197289,39.11616860933478],[-77.30637248866323,39.11318378927184],[-77.30909287509063,39.11629796448066],[-77.31138387687274,39.11428450303002],[-77.31257329626449,39.11480309579286],[-77.31096083317426,39.1159074706049],[-77.31155637371864,39.117010589041165],[-77.31045315578102,39.11785503047385],[-77.31155801616298,39.11869822652637],[-77.31028553684523,39.12019185479747],[-77.31147504513447,39.12071045866667],[-77.30960696628951,39.1211009606345],[-77.30995026661412,39.1248655059923],[-77.31249701484025,39.123565880065485],[-77.31351737671969,39.12473365464828],[-77.31496079339175,39.1242784381953],[-77.31555646333292,39.1253815392888],[-77.31691351849798,39.12356325760783],[-77.31920635290075,39.12323728807515],[-77.31869884538439,39.125184884412676],[-77.32014223854493,39.12472960777544],[-77.32073799088529,39.12583268414562],[-77.32149916672105,39.12291127628691],[-77.32319810088562,39.12316980001612],[-77.3207454154243,39.132583248726235],[-77.31896167576909,39.13264929096073],[-77.31828309742578,39.133558446392364],[-77.31666854309861,39.13297525659022],[-77.31743529546097,39.13511679648859],[-77.31667206640687,39.13635054268673],[-77.3157378422957,39.13654583682111],[-77.31531130591014,39.134793539010936],[-77.31319069683612,39.13784553249026],[-77.31471556248877,39.13369043467042],[-77.31386598592991,39.13356111748766],[-77.30936582765972,39.135575868381366],[-77.3080083590071,39.13739407205208],[-77.30970438431393,39.13427749367561],[-77.31428906754175,39.131938134360645],[-77.31284382173823,39.130705701664155],[-77.31590183595803,39.130833712885234],[-77.31674962082705,39.129275374580736],[-77.31386259317661,39.13018583320363],[-77.31352075317393,39.12810893527058],[-77.31139698600369,39.127785611395545],[-77.30859616045777,39.13005899420685],[-77.30893312344156,39.127072982159014],[-77.30723414876958,39.126814263334744],[-77.30596143832018,39.128307849750634],[-77.30426244534732,39.12804909026287],[-77.30434857483698,39.12941214175246],[-77.30315897491542,39.128893468816564],[-77.30180289183279,39.13239924448374],[-77.29925564244833,39.133698653665455],[-77.2980660086855,39.13317993156682],[-77.29764387674152,39.136490503502664],[-77.29526455776532,39.13545301656188],[-77.29713046782352,39.131687443245646],[-77.29322415267622,39.13311715480016],[-77.29160980946226,39.13253363974892],[-77.29169570677854,39.13389670121252],[-77.28999663390213,39.13363774653659],[-77.28999777566555,39.13532538983445],[-77.29220757862836,39.1370121416094],[-77.29467536587975,39.142788039306076],[-77.29314673198593,39.143567605078516],[-77.29271949440222,39.14012758185989],[-77.28974472730903,39.13798677507445],[-77.28957639545477,39.14032358081013],[-77.28711339650066,39.14129816282439],[-77.2866049019402,39.14324563513156],[-77.28499141228063,39.14434967939001],[-77.28337688549718,39.143766056146234],[-77.28278252785309,39.14435044333775],[-77.2825291835633,39.14701181877287],[-77.28150900706159,39.14584378473663],[-77.28006495202689,39.14629861483911],[-77.28057364338025,39.14435116805904],[-77.28142328684675,39.14448071294451],[-77.28176238466892,39.14318241201535],[-77.28549995784829,39.14240221324103],[-77.28711232168142,39.13961051746333],[-77.28847146131304,39.13948018581844],[-77.28821504114742,39.1370786350039],[-77.28507206201986,39.13727452000418],[-77.28719491274013,39.135910649962675],[-77.28702435818325,39.13487216320223],[-77.28354145754483,39.13467867888904],[-77.28507000743149,39.13389923257096],[-77.2841347244077,39.13240664628602],[-77.28668326370347,39.13279518963067],[-77.28727749538311,39.13221078516737],[-77.28387947215514,39.13169273207286],[-77.2826061958998,39.13318608087531],[-77.28150145131168,39.13234262518003],[-77.28099286896038,39.13429007101373],[-77.28209763726836,39.13513353155672],[-77.28065379890475,39.135588367504326],[-77.28175858302649,39.13643183127987],[-77.28099566665237,39.139353003521954],[-77.27963651598806,39.139483253470324],[-77.27861561448827,39.13662755309516],[-77.27572781664452,39.137537127694706],[-77.27411351579356,39.136953385019986],[-77.27453907064675,39.13870582472242],[-77.27640779086683,39.1383158482425],[-77.27606862003267,39.13961413328666],[-77.2779382169804,39.14091177905364],[-77.27615423398348,39.14097720741484],[-77.27505103475548,39.14350898492319],[-77.27369179563527,39.14363917001961],[-77.2734373635736,39.14461287935642],[-77.27216291856878,39.144418478023674],[-77.2733533064356,39.14662509635834],[-77.26944505527061,39.14636641752097],[-77.26732156545002,39.147729987469255],[-77.2662167771425,39.14688639352016],[-77.26587738404,39.14818465303532],[-77.27420528829147,39.15181763614044],[-77.27395083445457,39.152791348164506],[-77.27802991370092,39.15408838894947],[-77.28117551373563,39.15726798253615],[-77.28024092501168,39.15746301085747],[-77.27743542850745,39.15467275183162],[-77.27650086314677,39.154867751950604],[-77.27429088164871,39.15318071496059],[-77.27182652166688,39.15246734691453],[-77.27029743866409,39.1532466334047],[-77.27012708508919,39.152208119811554],[-77.26885251562048,39.15201368425765],[-77.26885316615066,39.15370133403764],[-77.2671537113053,39.15344206624853],[-77.26681430431024,39.15474033007642],[-77.27386985078415,39.161554175380495],[-77.27268068156403,39.16272286043439],[-77.2715748888991,39.1601916588169],[-77.26817503318472,39.15798552181553],[-77.26587970955714,39.15493525040624],[-77.26460510358649,39.15474077122421],[-77.26511539608701,39.156168685040065],[-77.26375643421042,39.15798641320513],[-77.26443647155456,39.15876520246943],[-77.26273691393857,39.15850587406947],[-77.26163249763333,39.15934988931481],[-77.26137832557784,39.162011229874295],[-77.26401319522516,39.16376333078967],[-77.26511877860986,39.166294601510415],[-77.2668185271031,39.16655389779451],[-77.26571403580498,39.16739795070048],[-77.26758478446331,39.170383415271345],[-77.27038982308767,39.17148624897921],[-77.27081549050811,39.17323871399283],[-77.26954054987661,39.17304428463115],[-77.26928595903911,39.174017991457326],[-77.26375856279478,39.164737024388295],[-77.26001871550092,39.16214126605248],[-77.25967826557815,39.160064206869926],[-77.25797909234743,39.161492465961636],[-77.25610932218012,39.16019451469371],[-77.25712891359163,39.15967510795989],[-77.25704363482403,39.15831201551281],[-77.25950761459482,39.1573380255796],[-77.26061156602103,39.15480637875742],[-77.26052577062094,39.151755640353336],[-77.26213979686591,39.15065191181475],[-77.26103455553992,39.14812062287803],[-77.25908061985429,39.148834929379326],[-77.25814688363603,39.15240508952799],[-77.25729718899001,39.152275385439204],[-77.25695761118986,39.153573622054154],[-77.25517329818936,39.15363874965312],[-77.25525853634986,39.15500184205552],[-77.25228453006302,39.15454778307306],[-77.2514353121088,39.15779334084554],[-77.24922601841543,39.15779350888422],[-77.24854651035551,39.16038994044334],[-77.24710195951619,39.16084438921298],[-77.24676215929613,39.162142600308215],[-77.24438280880085,39.162791787672255],[-77.24064374943448,39.161883100777295],[-77.24021884680685,39.163505842858086],[-77.24149355584842,39.16538822622067],[-77.23945400708315,39.16473912200122],[-77.23936908912535,39.161688362755896],[-77.23410050280573,39.16155836825834],[-77.23469524966113,39.16266186468586],[-77.2319759047875,39.16292133902259],[-77.23070077673557,39.16610181998935],[-77.22959587240804,39.16694555213762],[-77.22883109582482,39.16649111191095],[-77.2281504810914,39.17077509264645],[-77.22713052642511,39.17129426308242],[-77.22687537279764,39.172267882676955],[-77.22874493111483,39.1735662765515],[-77.22747009755888,39.173371416141705],[-77.22500477480483,39.17603243254447],[-77.22024521099455,39.17564227521509],[-77.22186082284976,39.172851406645464],[-77.22466526177705,39.173955271577256],[-77.22483576147238,39.171618537889024],[-77.22339124511896,39.170385056080015],[-77.22475144988312,39.16856776426554],[-77.22339205781918,39.167009745227226],[-77.2197376298064,39.167463546913105],[-77.21693351663636,39.16635957245252],[-77.21480845576782,39.16772225141371],[-77.21140928835615,39.16720221455895],[-77.20911532085245,39.16583854450625],[-77.20741501777029,39.16726611455497],[-77.20520543589905,39.167265500853404],[-77.20495083745976,39.16655141976122],[-77.20418451353724,39.169472138110095],[-77.2026543464462,39.17025059573302],[-77.203165282441,39.168303456452215],[-77.20189061003776,39.16810833420339],[-77.20359104149695,39.16668083939623],[-77.20095752495664,39.164927458156896],[-77.19934225130366,39.166030395913026],[-77.19806762909505,39.165835234593324],[-77.19891835181686,39.16427768957577],[-77.19721991442326,39.16232981258135],[-77.19467081823105,39.16193943371391],[-77.19594640728751,39.16044697704194],[-77.1939925896073,39.15947261052389],[-77.19390849659672,39.158109475157765],[-77.19084955109759,39.15797846352525],[-77.1894058837134,39.15674459079563],[-77.1850712848161,39.15810582553719],[-77.18490213911134,39.157067194604004],[-77.18226806048138,39.15700107205642],[-77.18252375866759,39.15602754716901],[-77.18099503462072,39.15511808559025],[-77.17955016619003,39.155571749403],[-77.17504798071045,39.15420634611879],[-77.17249769968738,39.1555031637012],[-77.17164651296723,39.15706052514193],[-77.17156284234093,39.15569737539462],[-77.16918303139173,39.156345123546245],[-77.16986533972498,39.15374912854513],[-77.17275352361524,39.15452965920368],[-77.1730946115133,39.15323165269471],[-77.17513477125604,39.152194193483105],[-77.17581380338903,39.1529734658946],[-77.17759817062223,39.15290947660529],[-77.17776720214525,39.153948116568465],[-77.17972207479657,39.15323508683441],[-77.18473299824649,39.15602856366561],[-77.18821665801326,39.15622481582054],[-77.18592602754745,39.15148542198961],[-77.18354781529591,39.15044579533395],[-77.18261576083007,39.147264793509514],[-77.1781992718219,39.14557499885097],[-77.17930587895471,39.14304408060287],[-77.18117383392938,39.144343181115595],[-77.18091815879175,39.14531670088131],[-77.18389133986196,39.145772464989044],[-77.18355048002732,39.1470704990968],[-77.18507776981777,39.1496675759189],[-77.18745597848473,39.15070717315767],[-77.18677558520389,39.15161561351775],[-77.18821910589286,39.15284951545676],[-77.18787829020991,39.154147563315924],[-77.1907655188348,39.15661532646036],[-77.19161514520218,39.156745485075696],[-77.19195590626539,39.155447426279586],[-77.19153339374907,39.15200704904083],[-77.19323365172941,39.1505797005953],[-77.19408212432984,39.1523974913854],[-77.19306218429132,39.15291638052705],[-77.19246477461613,39.156875637892085],[-77.19450368206772,39.15752551123716],[-77.19518403402877,39.15661702749707],[-77.19518297197288,39.15830467876925],[-77.19722194389388,39.15895450775849],[-77.19857964023716,39.16220046269491],[-77.2028281994256,39.162850931698934],[-77.2049516725348,39.164863765494616],[-77.20461109967214,39.16616186243753],[-77.20707604909865,39.1651889095048],[-77.2063130388372,39.16135902438018],[-77.20776016429197,39.15584209414276],[-77.20937435123597,39.15642670017677],[-77.20784221146064,39.16226817599071],[-77.20835144018871,39.1636963246381],[-77.21353439781242,39.16583959380357],[-77.21531904792792,39.16577506328385],[-77.21497986003828,39.163697880427534],[-77.21727387005949,39.16506144173685],[-77.22109787129598,39.16564629616489],[-77.22135307914087,39.164672689785846],[-77.22585678424358,39.166036420064025],[-77.22679195660162,39.16415414586152],[-77.22611227270461,39.16337515000778],[-77.2293413031592,39.16454386676486],[-77.22959665861984,39.16188259039163],[-77.23078627319205,39.16240197036619],[-77.23061646340774,39.161363400774036],[-77.23274104135358,39.160000453670335],[-77.23019183610201,39.159610802801346],[-77.22679326555517,39.15740353538141],[-77.22076179089318,39.15175556859924],[-77.21948736175325,39.151560627297634],[-77.21778759702468,39.15298833481915],[-77.21625906738514,39.15039165798011],[-77.21328549411864,39.149936667139336],[-77.21405062238787,39.14870355271012],[-77.21328613526731,39.148249018668864],[-77.21625963941804,39.148704009337],[-77.21659992212498,39.14740588523901],[-77.21838411640957,39.14734131099958],[-77.21889344780404,39.148769412059266],[-77.21719428704978,39.14850946206365],[-77.21693908025144,39.14948305663224],[-77.21812840109457,39.15000255629159],[-77.21872332528018,39.149418477500156],[-77.22008228777337,39.150976541819276],[-77.22348075760578,39.151496339977555],[-77.22738818067498,39.1568194142562],[-77.22959744472199,39.15681963402602],[-77.23078674196377,39.15902666515528],[-77.23639501233217,39.15954627078625],[-77.24149348316561,39.15694996233503],[-77.24361779164481,39.157274481857556],[-77.24378777786647,39.15831303280611],[-77.24472247539993,39.15811827831379],[-77.24574223242345,39.159286616938665],[-77.24744159476461,39.15785852564245],[-77.24574211911549,39.157598965127974],[-77.24455239061605,39.15539207764931],[-77.24667666718076,39.15571654483412],[-77.2471863201308,39.1537692309369],[-77.24905576527408,39.155067314564164],[-77.24871566217448,39.15299022846027],[-77.25066981166516,39.15227608416146],[-77.25228426468009,39.15286013293619],[-77.25432328163915,39.15182137545128],[-77.25415315990973,39.15078284030375],[-77.2514340839581,39.14935509037177],[-77.25270856008655,39.14954970428394],[-77.25296328744292,39.14857603638579],[-77.25398304304731,39.14974430514619],[-77.25721153584885,39.14922464634766],[-77.25958945665705,39.14519991999832],[-77.26281770725842,39.14468011618032],[-77.26358193882628,39.14344669858364],[-77.26188274282163,39.14318735933232],[-77.25933440077971,39.144485953581835],[-77.25780495813086,39.143577438337864],[-77.25576656878154,39.146303898394905],[-77.25423713248333,39.145395338943295],[-77.25449182476699,39.14442166874511],[-77.25109346422315,39.1439027185832],[-77.24871475017403,39.144551986332104],[-77.24947921995414,39.14331865543074],[-77.24735529358168,39.14299423693284],[-77.24523148760315,39.144357428799125],[-77.24574109958091,39.142410125375534],[-77.24412693155125,39.1418259929394],[-77.23987918697453,39.144552229887275],[-77.24166325341812,39.14111202904779],[-77.2388598245954,39.14000855478979],[-77.23767044482709,39.141176899934166],[-77.23750058621602,39.1401383442932],[-77.23588653498575,39.13955410518754],[-77.23384759879859,39.140592557845416],[-77.23452715242102,39.1413715077681],[-77.2325731376675,39.14208539687868],[-77.23155340112774,39.14429224704788],[-77.23027907401858,39.144097416605355],[-77.23002405818511,39.14507103712903],[-77.22603136638344,39.14344788756372],[-77.22390714684119,39.14481071541957],[-77.22008422030753,39.144225949880706],[-77.21957489736356,39.14279785502556],[-77.21812998675482,39.14493961249817],[-77.21677061904248,39.14506917558531],[-77.21379788975374,39.14292655084081],[-77.21303411198008,39.14078436989287],[-77.2128633048875,39.14312107237225],[-77.21082463762862,39.142471501867455],[-77.21031550910821,39.14104336961414],[-77.20938093915228,39.14123786490495],[-77.20836202073548,39.140069232667486],[-77.20487908166741,39.139873545300745],[-77.20411389069186,39.141106601084346],[-77.20046158511086,39.13987218862659],[-77.2009723661527,39.13792507061978],[-77.2037760006525,39.13734175364073],[-77.20700351386355,39.13851104379807],[-77.21125145077524,39.137473577236],[-77.2116754914723,39.13922623182993],[-77.21269510618791,39.13870719154497],[-77.21456354683833,39.14000578939868]],[[-77.2121002212728,39.13929124022651],[-77.21235479443776,39.140005302654885],[-77.21252495183379,39.13935624717361],[-77.2121002212728,39.13929124022651]],[[-77.26765843976395,39.13968113858148],[-77.26553453860241,39.13935703075321],[-77.26494119246335,39.14331662397171],[-77.2669797603334,39.14227766107534],[-77.26765843976395,39.13968113858148]],[[-77.27241370098537,39.13500654608898],[-77.27241443412812,39.136694189984645],[-77.27419831527092,39.13662881532135],[-77.27419754067093,39.13494117145881],[-77.27241370098537,39.13500654608898]],[[-77.27589414563995,39.130137413659185],[-77.27495989188424,39.130332401225886],[-77.27572457624572,39.13078655448562],[-77.27589414563995,39.130137413659185]],[[-77.29423813721321,39.125846880904525],[-77.29474755725785,39.125587024176504],[-77.29432283378328,39.12552229821333],[-77.29423813721321,39.125846880904525]]],[[[-77.20495835173743,39.151362552852255],[-77.20606330519777,39.15051904226623],[-77.2109055479702,39.1522728618702],[-77.21022472111933,39.154869080930276],[-77.206570821985,39.15532249472842],[-77.20682697969613,39.15266127029068],[-77.20495835173743,39.151362552852255]]],[[[-77.23792424966481,39.16720566714419],[-77.23639449229834,39.16798453926526],[-77.23664950318401,39.167010901041905],[-77.23545977112417,39.16649157662575],[-77.2374994900627,39.163765437969154],[-77.24013384692695,39.165518045185756],[-77.23860414883688,39.16629694419547],[-77.23962392228034,39.16746533497723],[-77.23894398018975,39.1700617193638],[-77.23792424966481,39.16720566714419]]],[[[-77.17622656014818,39.16653981214576],[-77.17732912389478,39.16907186335151],[-77.17520476704988,39.16874621118217],[-77.1731672913518,39.16640836551432],[-77.17622656014818,39.16653981214576]]],[[[-77.23268968378505,38.86161844300845],[-77.23370509966387,38.8627868241733],[-77.23243568847225,38.86259202455873],[-77.23268968378505,38.86161844300845]]],[[[-77.18021045058543,38.873806311581674],[-77.18782858138427,38.87329055284467],[-77.19028267771235,38.874005552225114],[-77.18867369074854,38.875108298509],[-77.17944763595284,38.87503916276138],[-77.17809032657385,38.87854344430785],[-77.18088416493977,38.8779606676221],[-77.18231945316924,38.88256973130853],[-77.18409719313945,38.88250565159635],[-77.18384247578992,38.88347913581898],[-77.18638177259739,38.883869718602924],[-77.18680373923222,38.88562238580471],[-77.19171392911984,38.885364803261986],[-77.19188254119457,38.886403378231364],[-77.19586038664208,38.88802755579514],[-77.19560580715799,38.88900106484395],[-77.19822922158008,38.89075447845915],[-77.20161539757801,38.89127485140747],[-77.20076792021919,38.89283234359073],[-77.19772010005627,38.89270150653952],[-77.19678970304402,38.89120832255025],[-77.1939116998175,38.89042838411161],[-77.18993494644343,38.887116567711],[-77.1885803387083,38.88724581722959],[-77.18815587822426,38.888868307003754],[-77.18561767739406,38.88679018461864],[-77.18612327723653,38.88990593465677],[-77.1847699102399,38.88834756654138],[-77.18273727556051,38.88938513860365],[-77.18197570466751,38.88893043155522],[-77.18324810883897,38.88575059741875],[-77.18248657274619,38.885295893712346],[-77.18121690652961,38.88510056888591],[-77.1798609078469,38.88691729841634],[-77.17901444880312,38.88678706535324],[-77.1785926627878,38.885034371389736],[-77.17994865805073,38.88321765615255],[-77.17834075943986,38.88263269471766],[-77.17885032841484,38.88068574868041],[-77.1776656832148,38.880165896428316],[-77.17707262823365,38.88074975312178],[-77.17724396796444,38.87841319928642],[-77.1751280846779,38.87808756145537],[-77.17665241102132,38.87730948017911],[-77.17750169066055,38.87406458285462],[-77.17657343471237,38.87088367816677],[-77.17454270629781,38.87023354141902],[-77.17530555360307,38.86900072113254],[-77.17318995224406,38.86867505057459],[-77.17166897423573,38.866077945429446],[-77.16988998058436,38.867829418100385],[-77.17090447600239,38.86899831449253],[-77.16811090142639,38.86958086558935],[-77.16954851986206,38.870814927680655],[-77.16878555617942,38.872047712788216],[-77.16624503764703,38.87334434245848],[-77.16658492545092,38.87204641322497],[-77.16523055646513,38.87217540732369],[-77.16684154753148,38.869385393876826],[-77.16582711188963,38.86821646417084],[-77.16802762695973,38.86821777719155],[-77.16870560827394,38.867309481001406],[-77.16887718464179,38.86497294246434],[-77.17023141333256,38.864843908621744],[-77.17048624734826,38.86387045453599],[-77.16964172188129,38.86205258727525],[-77.16397184898062,38.86185447855446],[-77.16371693500899,38.86282791901381],[-77.16287078458366,38.86269757608019],[-77.16355056896295,38.86010173861305],[-77.16109720308785,38.859386211063125],[-77.16135214000907,38.85841277637784],[-77.15898573583642,38.85568515966905],[-77.15298040987143,38.85340931626683],[-77.15137545701978,38.85113643887932],[-77.15281650520355,38.848995556592115],[-77.15061657067031,38.84899397346542],[-77.15087161119423,38.848020561488596],[-77.14968769636779,38.8475004438019],[-77.14841663623378,38.84899235127305],[-77.14901178872158,38.84672106657519],[-77.14545798949165,38.84684819351493],[-77.14409957119416,38.85035209118593],[-77.14181454052192,38.8506748178976],[-77.14512005949528,38.846458493844004],[-77.14360054498405,38.84386105082718],[-77.14453147821158,38.84366705887608],[-77.14521173809914,38.841071327599444],[-77.14292700322305,38.841394074497174],[-77.13802198360028,38.839962157221265],[-77.13793930549056,38.83859905321973],[-77.13607995385193,38.837299365509125],[-77.13481861157454,38.83204087244684],[-77.13186105251211,38.829896393899524],[-77.13262670434969,38.82697627859633],[-77.1295843350961,38.82515620419021],[-77.12865619519427,38.8236625206813],[-77.13271427589333,38.82496425804282],[-77.13406041043385,38.829898310081546],[-77.13566679082786,38.83048384240171],[-77.13684792196062,38.83269165733053],[-77.1366729836159,38.83671570791492],[-77.13937815138584,38.83814589541502],[-77.13861501947622,38.839378490161955],[-77.14157546014451,38.8398352436972],[-77.14191563088679,38.83853738709111],[-77.14335445084959,38.838084183101394],[-77.14233626618228,38.84029019633524],[-77.1457196989205,38.840812093010875],[-77.1449544262085,38.84373229354179],[-77.14842091638312,38.84561721679019],[-77.1500319638561,38.84282743033521],[-77.15214671165738,38.843153495297386],[-77.15214876527116,38.84146592891795],[-77.15400850959864,38.842765375987796],[-77.15544733781614,38.842312031326664],[-77.15527538436324,38.84464854526903],[-77.16111382166355,38.84419809643006],[-77.16415777254691,38.8460173998836],[-77.16568154541736,38.845239456413815],[-77.16855746258578,38.84602004615336],[-77.16830434495748,38.845305926974966],[-77.17067401068705,38.84465822772089],[-77.17431102238437,38.8458934580134],[-77.17498871780505,38.844985129748316],[-77.17566488703969,38.84576436506589],[-77.17794961379994,38.84544101421179],[-77.18717067849288,38.84719782897826],[-77.18970991362919,38.84590077425126],[-77.1893741354889,38.84213606108202],[-77.19089640143291,38.84304537466461],[-77.19275799016515,38.84265667300532],[-77.1938573180719,38.84350087881034],[-77.19250352768621,38.84363017054412],[-77.18852454458646,38.84706859547352],[-77.19376923123994,38.848888081788544],[-77.19385296494865,38.85025114982752],[-77.19774407331926,38.85219976032443],[-77.1979965107801,38.854601388945184],[-77.19935049517694,38.85447203702305],[-77.20087499495966,38.85200609106124],[-77.20155150600954,38.852785185662576],[-77.20595160549921,38.85278650387546],[-77.20612034506696,38.85382505548934],[-77.21221211208949,38.85577380985491],[-77.21390380717729,38.85772138560473],[-77.21517308399733,38.85791637496024],[-77.21517367887712,38.85622880513534],[-77.21644293310358,38.85642378144906],[-77.21627347105218,38.85707281326436],[-77.21931983471119,38.85720319360431],[-77.21889623343583,38.85882578277826],[-77.21635763499532,38.858435867309844],[-77.21441102706186,38.859149438979074],[-77.21347881406216,38.86271909751431],[-77.2147481767781,38.86291409133481],[-77.21457868454492,38.863563121314314],[-77.21246240800957,38.864925692640995],[-77.2139854379567,38.86583472480093],[-77.21296964978922,38.86635375310022],[-77.21339151815778,38.86979389817733],[-77.21762370184726,38.86875625825695],[-77.21957004175255,38.86973020746567],[-77.2178768517691,38.8711578508925],[-77.21990702152955,38.87518242365112],[-77.21838320166937,38.87596103665798],[-77.22016074857443,38.875896439733644],[-77.21940007949392,38.87206681716439],[-77.22050110290397,38.86953564409888],[-77.22270165841142,38.869535986234496],[-77.22337856550152,38.87031496319857],[-77.22202389309392,38.872132150572085],[-77.220839079087,38.87161271156801],[-77.22066962086818,38.87226175053758],[-77.2218540039123,38.87446876429949],[-77.22100715457034,38.87602639162432],[-77.22176839177581,38.87816843195554],[-77.2236303137925,38.879466838917985],[-77.22151329639203,38.88251714211861],[-77.2229520742589,38.88375058639896],[-77.22252839953339,38.88537319307417],[-77.22235935304228,38.88433465997824],[-77.2213433666231,38.8848537580652],[-77.21931035175763,38.88926708122749],[-77.22151150319989,38.88926744450371],[-77.22193434614378,38.891019993152504],[-77.21854803693275,38.890500175288956],[-77.22049497006725,38.891474112533444],[-77.21837747248854,38.89452436667761],[-77.21693911358359,38.891603290709384],[-77.21473789159805,38.891602846237014],[-77.2160083367366,38.89011025120502],[-77.21770146718029,38.89037020637394],[-77.21795575621238,38.889396651805995],[-77.2166011558495,38.889526207583316],[-77.21643218420824,38.888487665875225],[-77.21888758210187,38.88751452400839],[-77.21931135035629,38.88589192935344],[-77.2174487987176,38.88628103197932],[-77.21744934112242,38.884593456494294],[-77.21998934030721,38.883295775563205],[-77.21753572045877,38.87920621457875],[-77.21626606648258,38.87901124893851],[-77.21465675522806,38.881801907740595],[-77.21364074925421,38.88232094252767],[-77.21076291671893,38.881541396197335],[-77.2104237715819,38.8828394479354],[-77.2083083656883,38.88082680174479],[-77.20915554225336,38.87926926030924],[-77.20780111451265,38.879398719756395],[-77.20805549752623,38.878425186808514],[-77.20678588252957,38.878230124069304],[-77.2056002612664,38.879398113017785],[-77.20483865210572,38.878943547006095],[-77.2048403208216,38.8755683995224],[-77.20754903963042,38.875309530661916],[-77.20797298936631,38.873686977178586],[-77.21085048188517,38.87446658755661],[-77.21237501079072,38.87200049441091],[-77.21008960425895,38.87232448112559],[-77.20992076529372,38.871285932703465],[-77.21169820566469,38.871221457192085],[-77.21296835776509,38.869728896996705],[-77.21034463882063,38.86966337188043],[-77.20890635244152,38.86842978334054],[-77.20907664264391,38.86609318904522],[-77.20704575788102,38.86544358532984],[-77.20552200425637,38.86622203929853],[-77.2048436577897,38.86881810862275],[-77.20188074117127,38.87005043786795],[-77.200188139253,38.869790267247694],[-77.20061315287388,38.86648016828037],[-77.20239048427032,38.866415826305264],[-77.20239137518935,38.86472825490883],[-77.20459178542983,38.86472891863273],[-77.20501573945518,38.86310637728183],[-77.20814711026958,38.86291252400769],[-77.2091621507151,38.86408110643274],[-77.21060105642302,38.86362712014491],[-77.21136459084852,38.85901893791546],[-77.20637226550106,38.8579142372484],[-77.20484866208295,38.85869268226135],[-77.20569565532296,38.85713516852023],[-77.20442726113492,38.85525251251841],[-77.20019661528684,38.85460213071366],[-77.19960394877084,38.85518609345775],[-77.20070354492208,38.85603023968126],[-77.199433380396,38.85752267179134],[-77.19934953398264,38.856159606412675],[-77.19833377644072,38.856678514152286],[-77.19867301515062,38.85538049949159],[-77.19808033010015,38.855964454998734],[-77.19740382664496,38.85518534116474],[-77.19478064520895,38.85511948662617],[-77.19537440304553,38.85284797791141],[-77.19317545563966,38.851159581803024],[-77.19004101998311,38.85641576358125],[-77.18902639283549,38.85524702557181],[-77.19029673077208,38.85375470054187],[-77.18919728946578,38.852910462179814],[-77.19207602013421,38.85031536923272],[-77.18776215033603,38.84830149403991],[-77.18607010378895,38.84804113123224],[-77.18403861146002,38.849078719722144],[-77.1833623219795,38.84829952982791],[-77.17608637546114,38.847517060976074],[-77.17490076190883,38.848684752036625],[-77.17439438883456,38.84725653872339],[-77.17016447517929,38.84660513202419],[-77.16906371271914,38.84744828312714],[-77.16576474977076,38.84660254282725],[-77.1638179628851,38.847315318595406],[-77.15992802228821,38.84536564375664],[-77.15874218493136,38.846533179882016],[-77.15654232457793,38.84653170198259],[-77.15586635263479,38.8457523622399],[-77.15408948416082,38.845816036763864],[-77.15409149287915,38.84412846986126],[-77.15282261974122,38.84393285511395],[-77.15045072608054,38.84626777975499],[-77.15315651856307,38.84769766782456],[-77.15290150967844,38.848671084470176],[-77.15467844877897,38.848607426965145],[-77.15332044089988,38.85211142641052],[-77.1592406880104,38.8547117297376],[-77.16186199342432,38.856465905757524],[-77.16236818491411,38.85789417175962],[-77.16448342500411,38.85822002666527],[-77.16465158628449,38.85925863529819],[-77.1668518308999,38.85925996919455],[-77.16955842738768,38.860689501097745],[-77.17150551534333,38.85997663404618],[-77.17412421458255,38.86510569300603],[-77.17623971650764,38.86543134747914],[-77.17649447232914,38.864457880972694],[-77.17734066754541,38.864588130898305],[-77.17666133249062,38.86718404534173],[-77.1775075596573,38.86731429416909],[-77.17844014766054,38.865432475596286],[-77.18317922980994,38.86582421218792],[-77.18233165442815,38.86738157351941],[-77.18021606867757,38.86705602297598],[-77.17860708283278,38.868158637654126],[-77.18021325976159,38.87043116660809],[-77.18156756979518,38.87030200879342],[-77.18021045058543,38.873806311581674]],[[-77.130767743751,38.825676512742],[-77.13127564867808,38.82541733780975],[-77.13085281914702,38.82535205656957],[-77.130767743751,38.825676512742]],[[-77.21931035175763,38.88926708122749],[-77.21880231510653,38.88952661896875],[-77.21922559568614,38.88959160038276],[-77.21931035175763,38.88926708122749]],[[-77.21693911358359,38.891603290709384],[-77.21744717135239,38.89134376053773],[-77.21702388217955,38.89127877303659],[-77.21693911358359,38.891603290709384]],[[-77.21931135035629,38.88589192935344],[-77.21981935985157,38.885632389642126],[-77.21939610174233,38.88556741028743],[-77.21931135035629,38.88589192935344]],[[-77.20907664264391,38.86609318904522],[-77.2095845505817,38.865833691896945],[-77.20916141657759,38.8657686777467],[-77.20907664264391,38.86609318904522]],[[-77.17978729651612,38.87374119706926],[-77.17970238250962,38.874065688560776],[-77.18012553838724,38.874130803365624],[-77.18021045058543,38.873806311581674],[-77.17978729651612,38.87374119706926]],[[-77.21796000101337,38.87589605247531],[-77.21482930441448,38.872715007573355],[-77.21211937644603,38.876349182002144],[-77.21237171139914,38.880438362306414],[-77.21414937284985,38.88037385156906],[-77.21440306155306,38.881087879883616],[-77.2162672059373,38.87563610129801],[-77.21796000101337,38.87589605247531]],[[-77.16464982164612,38.86094620522519],[-77.16515785183172,38.86068689035759],[-77.16473478737991,38.86062172454871],[-77.16464982164612,38.86094620522519]],[[-77.20992721358799,38.85609779296152],[-77.21043504885137,38.8558382926248],[-77.21001197211051,38.8557732814534],[-77.20992721358799,38.85609779296152]]],[[[-77.17330976642761,38.92202854668195],[-77.17330663530612,38.92540371350392],[-77.17101776054281,38.92741456590312],[-77.17186307839214,38.92923243871712],[-77.17042263494692,38.929685978868214],[-77.17287846093444,38.93040132805182],[-77.17304848039124,38.92975234970855],[-77.17474237902964,38.93001289298459],[-77.17516737819442,38.928390440495484],[-77.17652277509018,38.92826133687066],[-77.1773711832719,38.92670400331278],[-77.18313110237607,38.92657700442239],[-77.18330102153547,38.9259280123653],[-77.18448645139587,38.92644781379587],[-77.1871983787352,38.92450180417432],[-77.19058604507326,38.92502248070754],[-77.1860953667961,38.92703269879116],[-77.18736453729454,38.92891555926062],[-77.1810124062815,38.92793904935635],[-77.1782166514748,38.92852183264202],[-77.17745322991954,38.92975468015616],[-77.17618280203516,38.929559302642595],[-77.17550130464936,38.93384281764876],[-77.16949067104862,38.92988016743178],[-77.16796516771427,38.930658165861466],[-77.16821857870399,38.931372293253965],[-77.1644905834508,38.93214893944722],[-77.16516569526826,38.93461582606627],[-77.16397848837182,38.93578342525264],[-77.16304823286418,38.9342899796556],[-77.15957525873944,38.93409303043101],[-77.15805148060745,38.93318332177883],[-77.15830288961261,38.93558505540651],[-77.1601651477196,38.93688442518556],[-77.15897782364698,38.93805197687235],[-77.15703435439889,38.933701895902765],[-77.15389980374701,38.933894459147666],[-77.1522038345445,38.9353212166486],[-77.14796900373017,38.93466904506502],[-77.14754336189182,38.93629140568082],[-77.14474924644608,38.9351858492966],[-77.14262730513624,38.938234826101514],[-77.14084816817453,38.938298311447774],[-77.13949487086889,38.93673943928155],[-77.13856273425773,38.93693339561677],[-77.13704156561782,38.93433584301149],[-77.13212788090196,38.93459126123003],[-77.12806370109348,38.93328948735666],[-77.124764016437,38.93075506188419],[-77.12433788048568,38.932377341944395],[-77.1219649482377,38.93302416174779],[-77.12112083217113,38.931205948142846],[-77.11866548787788,38.93048957412028],[-77.12129131475608,38.930557040777046],[-77.12298231466238,38.93250587530089],[-77.12399966660455,38.93198758054583],[-77.12425805607018,38.92932662934824],[-77.12806631538207,38.93160190270628],[-77.12950964116166,38.929461270237354],[-77.12917400161056,38.92738393939655],[-77.13086768800957,38.92764508179779],[-77.12874278671579,38.93238140238083],[-77.13763537796662,38.933752173872655],[-77.13856510534599,38.93524580990769],[-77.14042933038255,38.93485789029263],[-77.13933159605669,38.932325615900744],[-77.14052146729885,38.92947066881644],[-77.14145350316605,38.929276697960496],[-77.14213696045688,38.92499337297576],[-77.14510534195028,38.92207488106596],[-77.1460416656558,38.91850571155472],[-77.14384412797641,38.915128845281394],[-77.14189758814558,38.91415370149034],[-77.14291454912885,38.91363525286932],[-77.14283169582966,38.9122721401287],[-77.14029164265708,38.91188066374932],[-77.14063217274166,38.91058279951604],[-77.13784153533342,38.9077895117917],[-77.13843512486585,38.90720584089345],[-77.13598041931044,38.90648981194993],[-77.13716759750574,38.90532248537217],[-77.13437482742141,38.90421669984177],[-77.13556199430052,38.90304938897948],[-77.1348906325477,38.898894774174146],[-77.13734267328225,38.901298401698995],[-77.13708486120066,38.90395937026511],[-77.14181934309593,38.90941542777834],[-77.1417319215322,38.91142747465302],[-77.14384862389358,38.91175368397459],[-77.14325956372056,38.90896222108242],[-77.14444666555501,38.90779482443469],[-77.14436602593166,38.904744134815715],[-77.14698877357019,38.90649863612116],[-77.14834595650622,38.9046822618412],[-77.1480885344073,38.90734325442774],[-77.14520819934799,38.90824976311179],[-77.1451186544107,38.911949392229396],[-77.14333790197581,38.91370049360434],[-77.14638431351925,38.915520249051745],[-77.14595874828964,38.917142600028704],[-77.14722670869341,38.91902586857799],[-77.1460350734554,38.92356845872854],[-77.14374550344073,38.92557880721236],[-77.14238325171912,38.93077030445661],[-77.14128089532868,38.931613217438155],[-77.14059964944312,38.934208956073526],[-77.14152944346057,38.935702569981736],[-77.13975036741519,38.93576603955881],[-77.14245927562398,38.93719617722814],[-77.14229353555524,38.934469942678746],[-77.1435662132146,38.93297808218341],[-77.14729230533865,38.93388965002531],[-77.14754768765026,38.9329162346269],[-77.1494096855688,38.934215765401014],[-77.15203567515559,38.934282581172525],[-77.1524612051625,38.93266020559192],[-77.15652774054902,38.93227359452028],[-77.15746170263272,38.93039191839484],[-77.15687002328829,38.92928809752833],[-77.1583937051515,38.930197820210395],[-77.15830671661271,38.932209884327584],[-77.16101770753939,38.93195203066924],[-77.16152440722273,38.93338031364683],[-77.16355678047104,38.93403066895211],[-77.16339025774522,38.93130446385067],[-77.16466068174282,38.931499972449856],[-77.16491582349613,38.930526521624685],[-77.16618623801709,38.93072201457639],[-77.17025422872193,38.92864736891445],[-77.17050928570828,38.92767390696274],[-77.16907052852085,38.926439847125394],[-77.1717812665125,38.926181758397384],[-77.17220630928897,38.924559316899256],[-77.17119101898754,38.92339042298747],[-77.16865042568806,38.922999526998105],[-77.17085421854027,38.92131320685127],[-77.17272265204487,38.915862056075675],[-77.16984557806845,38.913393975168866],[-77.16696698686565,38.91261340896191],[-77.1685788057879,38.90982335892047],[-77.16790549853924,38.90566891954336],[-77.17010550566911,38.907357775195315],[-77.1697622210473,38.91203088052135],[-77.17551796486181,38.915279397633974],[-77.17814474886906,38.91365807907122],[-77.17755582584076,38.909179198195886],[-77.1784025424911,38.90930944158786],[-77.1789929522729,38.91210073745247],[-77.18110984090595,38.912426310682555],[-77.1815345956231,38.910803840186155],[-77.18619298443079,38.909832377377235],[-77.18534753410147,38.908014606943006],[-77.18755172222649,38.90464041391052],[-77.18636788796134,38.90243306424578],[-77.18772278203251,38.90230383865849],[-77.18814488771459,38.9040565053383],[-77.1898382428079,38.90431684154292],[-77.19161764785608,38.90256507469919],[-77.19297253506721,38.90243579173726],[-77.19322609302256,38.90314986534121],[-77.18949861876946,38.90561483968896],[-77.18907167169192,38.91061249694245],[-77.18746185774357,38.911715232536814],[-77.18813877989534,38.912494406023264],[-77.19127231885474,38.91230097805076],[-77.19186665222198,38.91002947035722],[-77.19389973293387,38.90899174587284],[-77.19381593082574,38.90762866822195],[-77.19457777111863,38.908083303596214],[-77.19483243103342,38.907109794309804],[-77.19661075888715,38.90704553491994],[-77.19703615242855,38.903735433068135],[-77.19813744161617,38.902892027789086],[-77.20364178035551,38.90205001312676],[-77.20796155907614,38.899000611730415],[-77.213380060991,38.900170255232545],[-77.21600372940179,38.903610874230914],[-77.21634287181256,38.90231280386361],[-77.21761293211982,38.90250776927898],[-77.21964445274075,38.90484478215407],[-77.2149020346694,38.90614201796188],[-77.21481844633604,38.90309137565439],[-77.21227832713087,38.90270137453328],[-77.21177084581407,38.90127330491241],[-77.20973895626904,38.90062374256136],[-77.20889228459163,38.90049371331877],[-77.20906117658922,38.90153226686668],[-77.20694447968977,38.901207171312535],[-77.20567365531271,38.90269967552533],[-77.1990680154822,38.904385203866404],[-77.1984739527341,38.90665674440997],[-77.19635612296402,38.908019047850765],[-77.2021984890168,38.90925423965271],[-77.20346776597792,38.91113693084733],[-77.19593171463329,38.90964156851293],[-77.19508390204406,38.91119902548009],[-77.19262738778204,38.912171698698906],[-77.1923726806972,38.913145204097745],[-77.19448965946886,38.913470548941305],[-77.1933859677733,38.917689086756],[-77.18856095464578,38.91424707360254],[-77.18839232547717,38.91320849044269],[-77.18796770950114,38.91483098493885],[-77.18703722974584,38.913337723528635],[-77.18314180429971,38.91307634321565],[-77.18110845631418,38.91411389184368],[-77.18119202806459,38.91547697922681],[-77.17949844441735,38.915216524550495],[-77.17627827437838,38.91742172772862],[-77.17424161966585,38.92183432962671],[-77.17534192810989,38.92267870786342],[-77.17356319979712,38.92274266231831],[-77.17330976642761,38.92202854668195]],[[-77.1919492872124,38.9130801307935],[-77.19135607873643,38.91366405825097],[-77.19000097978832,38.913793323734346],[-77.1916945678874,38.91405363491545],[-77.1919492872124,38.9130801307935]],[[-77.14712204667086,38.93453859340459],[-77.1476306527236,38.93427934799624],[-77.14720717638409,38.9342141217369],[-77.14712204667086,38.93453859340459]]],[[[-77.15687002328829,38.92928809752833],[-77.15594393264116,38.92441943253566],[-77.15755257392273,38.92500468763623],[-77.15856957496982,38.92448610987744],[-77.15729735308996,38.925978122580155],[-77.15687002328829,38.92928809752833]]],[[[-77.2036176178196,38.949302370811864],[-77.20548103541539,38.95060106257774],[-77.20446231593851,38.95449520794833],[-77.20683363612426,38.95722199050969],[-77.20394777969749,38.966567834338676],[-77.202761557437,38.96604821598659],[-77.20403354759101,38.964555728605234],[-77.20479939273402,38.95825993394698],[-77.20598631132574,38.95709194042108],[-77.20471532980494,38.95689685444259],[-77.20429251876254,38.95514423157555],[-77.20234409955933,38.95417003152321],[-77.2025988168363,38.95319650015477],[-77.20386972807907,38.953391607711275],[-77.20454889734336,38.9507955151407],[-77.20166845531692,38.95001575062234],[-77.20200897029635,38.94703012199847],[-77.20107686867243,38.947224548374365],[-77.20023061250934,38.945406870223685],[-77.20158628170516,38.945277492384605],[-77.20472538479771,38.936645785249446],[-77.20608088288718,38.93651635844898],[-77.2063354884472,38.93554282183584],[-77.20853803871547,38.93554341550766],[-77.20836982848526,38.93281727053612],[-77.20625302748851,38.93080457628089],[-77.2064227504369,38.93015555218997],[-77.20676139684775,38.930545088580615],[-77.20769326979185,38.93035061994516],[-77.20464470635592,38.9285323675001],[-77.20761072636934,38.92561237865618],[-77.21024000742625,38.91724004589807],[-77.2121875442698,38.918214116969224],[-77.21049237853437,38.921329251213024],[-77.21201723200548,38.92055073075702],[-77.21345660042569,38.92178429125387],[-77.21311731589353,38.923082357037394],[-77.21252485248397,38.92197880296766],[-77.2098144155539,38.922237782094754],[-77.20947506399018,38.92353583799139],[-77.21066064168515,38.924055389045684],[-77.21074477798469,38.9254184582512],[-77.20904864542386,38.930221160823294],[-77.21108135468121,38.93087073701971],[-77.20981009740025,38.932363289493615],[-77.21150418817797,38.93262333075331],[-77.21243673396954,38.930741240862424],[-77.21429983386018,38.93203979678474],[-77.21514747808297,38.93048220411888],[-77.21658765855511,38.930028144517756],[-77.2181121016465,38.930937133445404],[-77.21794301236568,38.92989858820104],[-77.21972187629373,38.929833997134985],[-77.22124635444351,38.930742947513494],[-77.21929736155077,38.933144188209276],[-77.22658199658025,38.93561171351465],[-77.22378631220411,38.936195524612906],[-77.22260001979706,38.937363684941204],[-77.22099104369381,38.93509168612921],[-77.21768750729186,38.93424731950989],[-77.2158237100788,38.93463640017656],[-77.21641689317778,38.9340523540338],[-77.21429921810876,38.93372738265955],[-77.21158835016826,38.93398640097702],[-77.21302733165808,38.93690755531023],[-77.20955409794246,38.936712005505775],[-77.20845318076746,38.935867929262564],[-77.2074363761575,38.93638691683752],[-77.20446822288937,38.94268208125631],[-77.2108226509822,38.94196980352324],[-77.21361802938735,38.943073872218356],[-77.20531537727481,38.9428121414456],[-77.20446653538474,38.946057258287816],[-77.20353445277964,38.94625170310257],[-77.2036176178196,38.949302370811864]],[[-77.20361934475517,38.945927192241754],[-77.20285705199602,38.945472610093994],[-77.20277215715275,38.945797120412294],[-77.20361934475517,38.945927192241754]],[[-77.20217876890523,38.94638110225],[-77.20268726155267,38.94612163068736],[-77.2022636670744,38.94605659231096],[-77.20217876890523,38.94638110225]],[[-77.20378998590058,38.94359058186422],[-77.20438333848118,38.94300659254947],[-77.20395976061134,38.942941559993315],[-77.20378998590058,38.94359058186422]],[[-77.2122664004015,38.9330778589479],[-77.21285959933613,38.932493829943844],[-77.21243607505055,38.932428826427014],[-77.2122664004015,38.9330778589479]]],[[[-77.21835713639149,38.960340171267895],[-77.21835818016282,38.9569649871763],[-77.21920552557923,38.957094952768],[-77.22039266869992,38.954239230456714],[-77.21954584871261,38.95242168229144],[-77.2208167918273,38.95261661621527],[-77.2206480823448,38.94989048137887],[-77.22183416897052,38.95040992751023],[-77.22183461019657,38.948722337660755],[-77.22386834417831,38.94768411635909],[-77.22081632698195,38.95430420700263],[-77.22234133125777,38.955213147048845],[-77.2204770221184,38.955602298795874],[-77.21818692361519,38.962676807284595],[-77.21725521232497,38.961183762781744],[-77.21835713639149,38.960340171267895]]],[[[-77.17132397216675,38.96155596453062],[-77.1726815743566,38.95973931016838],[-77.17437616951175,38.959999859553996],[-77.1746312812316,38.95902638482686],[-77.1731067930145,38.95811685794407],[-77.17395562224495,38.95655954122599],[-77.17175403881332,38.954870742507836],[-77.17209420904328,38.95357278427309],[-77.1737036243761,38.95415783224605],[-77.17438233526353,38.953249494818394],[-77.17565014793612,38.95682007309064],[-77.1751399603896,38.958767025723105],[-77.17954788737997,38.957081690305166],[-77.17904210240823,38.95396588541357],[-77.18226380523006,38.95176059932497],[-77.18082437276017,38.95052667171732],[-77.1816743205683,38.947281714696416],[-77.18023498664334,38.94604778103692],[-77.18243785443231,38.94604883819661],[-77.18277779297163,38.94475085231104],[-77.1814234780939,38.943192436359276],[-77.18430343328343,38.94397267017071],[-77.18498191697613,38.943064276078246],[-77.18566294291814,38.93878070353017],[-77.18371521089504,38.93780621318626],[-77.18405508818205,38.93650822529896],[-77.18574918335871,38.93676861848608],[-77.1857504608255,38.93508103212145],[-77.1865987511071,38.933523633992316],[-77.18693480718757,38.9372883972865],[-77.1885439817977,38.93787325138647],[-77.19049294782155,38.93716007901429],[-77.19176354670702,38.9373553101425],[-77.19159367630974,38.93800431480878],[-77.18718718311077,38.93969007362165],[-77.18735585642132,38.940728662148345],[-77.18896511044859,38.94131351106588],[-77.18701601827775,38.94202665984341],[-77.18726841330485,38.944428337605636],[-77.18286143114524,38.94611394427076],[-77.18184156454038,38.95000790129007],[-77.18506042009491,38.95117772290514],[-77.18573896149219,38.950269323743406],[-77.18895909457208,38.94975145439723],[-77.18870299768223,38.952412547382565],[-77.1858226614517,38.951632414775894],[-77.18344964834108,38.95228041253941],[-77.18302469429571,38.95390289883138],[-77.18166883150846,38.95403207397548],[-77.18217609006477,38.95546027699125],[-77.18014013651559,38.95818540726898],[-77.17403600993727,38.96129782525608],[-77.17360767448777,38.96629546770413],[-77.17377932682814,38.96395889185617],[-77.17208464163618,38.9636983341671],[-77.17132397216675,38.96155596453062]]],[[[-77.21937320103456,38.963196277907834],[-77.22369634755336,38.958458710602656],[-77.2265773595663,38.959237964585554],[-77.22683209588034,38.9565767910085],[-77.22869667817422,38.95449995244192],[-77.22827330370487,38.952747411962655],[-77.22996793477087,38.95300720176841],[-77.23157801778146,38.95190390816958],[-77.22996768207159,38.95469479267715],[-77.23030632376765,38.956771857524004],[-77.22912007302946,38.95625249191932],[-77.22852681095132,38.95683660064356],[-77.22742443442918,38.961055466545034],[-77.22420446152452,38.959886742557416],[-77.22216995787873,38.96261256402126],[-77.21937320103456,38.963196277907834]]],[[[-77.21861062903908,38.96274179144245],[-77.21844093878516,38.963390835205644],[-77.2189494922842,38.96313129634969],[-77.21937320103456,38.963196277907834],[-77.21920351652105,38.96384532275722],[-77.21674554782714,38.96481848090722],[-77.21657639933521,38.963779928804236],[-77.21861062903908,38.96274179144245]]],[[[-77.15623521303465,38.965311222511254],[-77.15802075957963,38.96018473884538],[-77.15700520018044,38.959015722969255],[-77.15776927492082,38.957782996270375],[-77.1570922567279,38.9570036521546],[-77.15845012916915,38.955187154734695],[-77.15608068789673,38.95245944857867],[-77.15642112630152,38.95116153378585],[-77.1590439399396,38.95460338139682],[-77.16141724595332,38.95395585026628],[-77.1623513598251,38.95207413159699],[-77.16302838847434,38.9528534464593],[-77.16217936869796,38.954410687572725],[-77.16345019269436,38.95460620920838],[-77.16022966351794,38.955123416758624],[-77.15971907542591,38.95707030547519],[-77.15836311232724,38.95719922597185],[-77.1577673483327,38.95947058771181],[-77.15895314207586,38.9599906356413],[-77.15623521303465,38.965311222511254]]],[[[-77.1968266156812,38.970200330480466],[-77.19835165338858,38.97110956750084],[-77.19919816149557,38.97292726527506],[-77.1964868088322,38.971498359652784],[-77.1968266156812,38.970200330480466]]],[[[-77.1836820752773,38.97999601038712],[-77.18393581231737,38.980710110750756],[-77.18224070065868,38.98044969112391],[-77.18334332229308,38.97960640820767],[-77.1822420602554,38.97876209408919],[-77.18300725659282,38.9758416121042],[-77.17868475508573,38.97551498365806],[-77.17936360297968,38.97460661612271],[-77.17860116135222,38.97415188303246],[-77.18004243392733,38.9736982449982],[-77.17927999757482,38.973243516140755],[-77.18046897059946,38.97038816932028],[-77.18207882509826,38.970973110088906],[-77.18021389713752,38.97136165768126],[-77.1804675700443,38.97207576420392],[-77.1834336709802,38.97253152517253],[-77.18190742267934,38.97330969984617],[-77.18258485828174,38.97408891040016],[-77.18453485256069,38.973375827922986],[-77.18995851547012,38.97454650727194],[-77.18978854216398,38.97519551296061],[-77.18639854598878,38.974674810880806],[-77.18351602343294,38.975582218014154],[-77.18410848331324,38.97668591905912],[-77.18308959491546,38.97889230675267],[-77.18647976388445,38.979413099552495],[-77.18690228691233,38.98116578941165],[-77.18512213913453,38.98122991020783],[-77.18546219413966,38.97993191025855],[-77.1836820752773,38.97999601038712]]],[[[-77.13977695758621,38.97763133938585],[-77.14130605571302,38.975166086931026],[-77.14478539664123,38.971988358891835],[-77.14520687238785,38.97374118856421],[-77.14325648314428,38.974453653036406],[-77.1418955768462,38.97795758511298],[-77.13977695758621,38.97763133938585]]],[[[-77.17808365151426,38.984536838653085],[-77.1770674299531,38.9833679827584],[-77.17850889462946,38.98291436190131],[-77.17952797822961,38.9807080104663],[-77.18224070065868,38.98044969112391],[-77.18113805346894,38.98129296435231],[-77.18164549164253,38.98272117532337],[-77.18037412777339,38.9825258392513],[-77.18011760157168,38.98518692743838],[-77.17952513300988,38.984083205911986],[-77.17808365151426,38.984536838653085]]],[[[-77.17434532359097,38.993751784931106],[-77.1743468665667,38.992064184526164],[-77.17519301872969,38.993882051822794],[-77.1793479103772,38.99317019538079],[-77.17714213780901,38.9948566840606],[-77.18205973403391,38.994599480191184],[-77.18417772181678,38.99661260618248],[-77.17849732271192,38.99641515874979],[-77.17629442782484,38.994726430459565],[-77.17417516614437,38.99440077114153],[-77.16993505439531,38.995436944806045],[-77.17129332346842,38.99362029631256],[-77.17434532359097,38.993751784931106]]],[[[-77.21121392392067,39.02135191630824],[-77.20841482035395,39.02193538856453],[-77.21113104786755,39.01661361259525],[-77.21096185909123,39.01557504447633],[-77.20824792873573,39.015833993009046],[-77.21053855644357,39.01382242706675],[-77.2101152741947,39.01206980871466],[-77.20892826583167,39.01155024565266],[-77.21037150530775,39.00772104244875],[-77.20960852279939,39.00726649754575],[-77.2113892860896,39.007202025266736],[-77.21130504312194,39.00583894002934],[-77.21317133132952,39.00376231925071],[-77.21325752847044,39.00006259278309],[-77.21062981022331,38.99830947016959],[-77.2113084719146,38.9974009247443],[-77.20918971055542,38.9953882614877],[-77.20876507876854,38.99701084642128],[-77.20698456260075,38.99707528095784],[-77.20537228360274,38.99986586516503],[-77.20265891938519,39.00012469087732],[-77.20248988990019,38.99908611397685],[-77.20452530779352,38.99804820196931],[-77.20444120402625,38.996685114064384],[-77.20613677337822,38.996945231113976],[-77.20774819010227,38.99584223953186],[-77.20910699589759,38.990649976167205],[-77.20792034417705,38.990130405236265],[-77.20783618596055,38.98876732132138],[-77.20546297902298,38.98772814416331],[-77.20486927041496,38.98831214250002],[-77.20190239199245,38.98785689279249],[-77.20003808417697,38.98655814007397],[-77.19842675619145,38.987661029969836],[-77.1963076012909,38.98733574887707],[-77.19537602322171,38.985842534579454],[-77.19351078518042,38.986231282880674],[-77.19469512862591,38.99012619014091],[-77.19342470074771,38.98824338791949],[-77.19215320877603,38.98804817234495],[-77.18986288424823,38.9900593908255],[-77.19037289724761,38.98811236852375],[-77.19325583066758,38.98720480038293],[-77.19274813334363,38.98577663590825],[-77.18927262157013,38.98558051681258],[-77.19037641047802,38.983049572538334],[-77.18817242245854,38.983048656335754],[-77.18859743193195,38.98142614539689],[-77.19181778586533,38.98259579713571],[-77.19054522981712,38.98408816332728],[-77.19113786557128,38.98519183224182],[-77.19393569420852,38.984608752871246],[-77.19732620710903,38.9851292498379],[-77.19834277867443,38.98629794014617],[-77.19986912361392,38.98551956180787],[-77.20241206739773,38.9859098217012],[-77.20300489797968,38.98701343425355],[-77.20690435298393,38.9872741932318],[-77.20715834330439,38.98798824689404],[-77.20978632607256,38.988053840483545],[-77.21037928597131,38.98915741817615],[-77.21266836091996,38.988833420911206],[-77.21504170680765,38.98987246047564],[-77.2147021330499,38.99117054339754],[-77.20978560516124,38.98974144015783],[-77.20927536745603,38.99337614330462],[-77.21046208179065,38.9938957015442],[-77.2108003490754,38.99597283186715],[-77.21300472883101,38.99597334624096],[-77.21224118904378,38.99720642002686],[-77.21520791818777,38.99934902550374],[-77.21512241833949,39.0013611496726],[-77.22004031952133,39.001102440933046],[-77.21800503755276,39.00214060781994],[-77.22080283708505,39.00324452458621],[-77.22131075336758,39.00636018231119],[-77.22046235693246,39.00791783468785],[-77.21953051450586,39.004737192725244],[-77.21808887333485,39.005191291523744],[-77.21808940177765,39.00350368770075],[-77.21520672764849,39.00272423134236],[-77.2131700462226,39.00713752744644],[-77.2141871798906,39.0083060920201],[-77.21147353221444,39.008565110745806],[-77.21121805193812,39.01122627399003],[-77.21257427184547,39.01278438063751],[-77.21206468016084,39.01473150175088],[-77.21486347721972,39.01414794791713],[-77.21350591317388,39.015965078946266],[-77.215880156353,39.01700410698376],[-77.21308125754457,39.0175876840059],[-77.21367450821856,39.01869125115978],[-77.21223255389913,39.019145282983324],[-77.21375881048053,39.02005433763873],[-77.21223122495293,39.02252049961843],[-77.21121392392067,39.02135191630824]]],[[[-77.12955629911518,39.06518358263496],[-77.12871045838578,39.0633653827255],[-77.12947610983684,39.06213280949918],[-77.12786465997083,39.06154717764873],[-77.12837683505869,39.059600387341554],[-77.13295762525654,39.060642986360634],[-77.13253594101643,39.05889009015693],[-77.13448870081446,39.05817778431311],[-77.13365028548134,39.051296769825164],[-77.13110287632813,39.05259271313445],[-77.13118566962575,39.05395586301685],[-77.12999854186597,39.05343554186636],[-77.12999339411874,39.056810776100974],[-77.12940110293773,39.05570680240857],[-77.12702418992758,39.05635373155508],[-77.12609315079192,39.05485998060942],[-77.12736563364588,39.0550558750131],[-77.12728291072517,39.053692722322715],[-77.12864072869735,39.05356413951333],[-77.12838989165421,39.05116230153304],[-77.12983042651845,39.05239685709507],[-77.13161490161761,39.050645912553435],[-77.13433040361988,39.0503886375411],[-77.13458636871742,39.04941523115549],[-77.13204156841158,39.049023577629455],[-77.12992349776404,39.04700954491869],[-77.12211876311693,39.04648306229708],[-77.12322308331878,39.04564030463557],[-77.12627717983285,39.04577297625369],[-77.12644788503825,39.04512405028845],[-77.12805895948794,39.04570969882834],[-77.12840033474856,39.044411841853474],[-77.12984073604095,39.04564639584603],[-77.13280952065669,39.04610337222723],[-77.13390874575803,39.04863574915793],[-77.13688009186966,39.04740501332385],[-77.1374772289421,39.0451337201136],[-77.13629020020444,39.04461345988474],[-77.13815962562828,39.04253795402173],[-77.13460116934539,39.0392895468902],[-77.13680686110165,39.039291414411906],[-77.137567326725,39.041434022009014],[-77.13917840896268,39.042019525955915],[-77.140964723024,39.03858083755907],[-77.1379132913538,39.03676091507193],[-77.13800096926202,39.03474883304086],[-77.13656064529566,39.03351437597973],[-77.13554196245833,39.03403278182277],[-77.13469633440612,39.03221463251937],[-77.13724056077334,39.03260623053801],[-77.1390196445994,39.034230406966145],[-77.13927077434505,39.03663221645472],[-77.14300212427815,39.03754392780777],[-77.1448689483706,39.03715593536267],[-77.1458854040168,39.03832506501207],[-77.14384577012683,39.041049635211714],[-77.14223467179667,39.04046419190081],[-77.14164002485732,39.04104789268693],[-77.14138418364927,39.0420213121945],[-77.14324886554282,39.04332095743106],[-77.14290776046474,39.044618854952994],[-77.14070190693592,39.044617095768785],[-77.1405336590733,39.0435784270814],[-77.13824253977961,39.043901096814686],[-77.1378136493425,39.047211066284476],[-77.13900073139288,39.04773131218875],[-77.13899836674817,39.04941892755123],[-77.13611472104829,39.048637628976344],[-77.13551995812215,39.049221301286245],[-77.13500804743863,39.051168117476706],[-77.13661932478094,39.051753655605026],[-77.13483494302538,39.053504672370565],[-77.13619031410761,39.05506362399806],[-77.13517132665872,39.05558202873125],[-77.13550528345614,39.059347003176796],[-77.13414489190461,39.061163279896554],[-77.13524684354006,39.06200803218413],[-77.13507372098765,39.0643445918899],[-77.1321895253486,39.06356320014744],[-77.13108248783522,39.066093660350596],[-77.12955629911518,39.06518358263496]],[[-77.13551506702103,39.05259653324985],[-77.13517623391976,39.05220679501627],[-77.13509091233861,39.05253126441506],[-77.13551506702103,39.05259653324985]],[[-77.1321895253486,39.06356320014744],[-77.13193600749455,39.06284898430383],[-77.13176530965868,39.06349791983163],[-77.1321895253486,39.06356320014744]]],[[[-77.14728688550451,39.06993652736032],[-77.14796269328586,39.07240356173332],[-77.1450758149821,39.07331009069155],[-77.14363009088439,39.0754509533474],[-77.14133798054418,39.075773682009796],[-77.14295212817761,39.07467151706829],[-77.14295440183581,39.07298389404878],[-77.14431255247071,39.07285513951057],[-77.14660893502038,39.069157111811954],[-77.14813757383976,39.06837935900013],[-77.14576262148782,39.0673390267206],[-77.1476301961035,39.06695099075446],[-77.14805660114283,39.06532859616731],[-77.1500072721958,39.06630366616056],[-77.15102630412707,39.065785138758756],[-77.15162522215005,39.06182615044063],[-77.14874094855124,39.06104514327049],[-77.15060834556316,39.060657062977675],[-77.15094938840633,39.05935914067039],[-77.14789467613876,39.059227075339194],[-77.14984940754164,39.056826909809814],[-77.14756007823648,39.05546213430778],[-77.1502757036697,39.05520451052957],[-77.14976837587473,39.05377615436284],[-77.15129665747322,39.052998364813746],[-77.14909054949061,39.05299675459632],[-77.14892216238478,39.051958095761975],[-77.15155240458459,39.0520249230411],[-77.15206387826109,39.050078038413716],[-77.15333228336314,39.05364889986413],[-77.15180194223461,39.05611433211228],[-77.1527335256811,39.0576078906652],[-77.15188099592032,39.06085270647418],[-77.15425783473403,39.06020530126719],[-77.15306840141723,39.06137281918788],[-77.15467804934225,39.06364574397672],[-77.15442230320294,39.06461919418606],[-77.15204532151908,39.0652666030479],[-77.15170427052755,39.066564529732],[-77.15331602365866,39.067149852890395],[-77.15178539770994,39.069615290863865],[-77.15195180202659,39.0723415715432],[-77.15280037364973,39.07247199308767],[-77.15144016866489,39.07428846343499],[-77.15254252032408,39.0751330643088],[-77.15126961811947,39.074937427084116],[-77.1499093287303,39.076753881491],[-77.1502462508805,39.078831205677886],[-77.14880270730647,39.079284505578464],[-77.14795837849881,39.07577880811302],[-77.14999672276812,39.07474177682783],[-77.15076631749322,39.07013382484862],[-77.14949562925024,39.068250547920165],[-77.14957878534129,39.06961368931634],[-77.14728688550451,39.06993652736032]],[[-77.14949562925024,39.068250547920165],[-77.14915664821105,39.067860846738725],[-77.14907137066587,39.068185326638066],[-77.14949562925024,39.068250547920165]]],[[[-77.1841013491259,39.09449429705993],[-77.18545982879904,39.094365092300094],[-77.18469348274466,39.097285648299355],[-77.1841013491259,39.09449429705993]]],[[[-77.16463289926948,39.11986331555127],[-77.16505923514413,39.11824084651102],[-77.16837221236186,39.11739900304315],[-77.16828864887032,39.116035862007024],[-77.16998687473254,39.1162964783158],[-77.17040979604667,39.118049266044665],[-77.17176874061424,39.1179202103344],[-77.17261470856806,39.12142577394987],[-77.17159505012178,39.12194448382303],[-77.16921801030973,39.12090458940641],[-77.16972618950567,39.12233288399203],[-77.16887700494728,39.12220257680046],[-77.16463289926948,39.11986331555127]]],[[[-77.13995261447916,39.156584484999534],[-77.13587342555033,39.15697056735943],[-77.13307099412766,39.15586470573663],[-77.13196511151426,39.15670756864472],[-77.1316181922936,39.16138076547621],[-77.12974810265322,39.16176856788701],[-77.13043957387961,39.15410983633648],[-77.1289970104263,39.15287526383223],[-77.12619217611604,39.15345689679155],[-77.12653409139533,39.15215901838978],[-77.12296530122768,39.15228550642033],[-77.12330726867624,39.15098763720281],[-77.12126918270909,39.15033659808486],[-77.12186488854512,39.149752982792705],[-77.12441316467088,39.150144852260006],[-77.12340095031966,39.14560022904848],[-77.12212689130108,39.14540429065172],[-77.12229786784228,39.1447553581877],[-77.12399931660434,39.14332895855273],[-77.12697205849474,39.143786082914026],[-77.12485406064734,39.14008428324756],[-77.12519593687611,39.13878641207975],[-77.12697999984594,39.13872314904238],[-77.12825657200206,39.13723139390181],[-77.12494491938877,39.13638452853069],[-77.12613603349276,39.135217263280424],[-77.12868382257304,39.135609044095204],[-77.13013118494975,39.133468330660584],[-77.12758609580739,39.13138893810325],[-77.12928453448042,39.131650111104996],[-77.1306463679887,39.12983386342612],[-77.12775961909276,39.12905235919974],[-77.1285285897496,39.126132136730305],[-77.12750855046303,39.12665048551628],[-77.12419738904676,39.125803602028505],[-77.12215724331901,39.12684022016226],[-77.12351916487206,39.12502405227645],[-77.1213136478507,39.123334310015586],[-77.12615736087777,39.12171614115893],[-77.12429097218346,39.12041622055285],[-77.12505730003275,39.11918366137739],[-77.12658456707081,39.120093803581774],[-77.12709718931151,39.11814699723476],[-77.12590904170101,39.11762663080735],[-77.12769521386211,39.115875721431046],[-77.12650709911962,39.1153553609494],[-77.12752962022805,39.113149386051774],[-77.12600515597308,39.11055162209576],[-77.12660049749992,39.10996798876489],[-77.1274494631163,39.11009858434398],[-77.12829320101424,39.11360444375843],[-77.13033031929106,39.114255363007686],[-77.13041316837575,39.115618528971886],[-77.13194042755902,39.116528604754734],[-77.13074459581351,39.12107119591182],[-77.1309128831955,39.12210989272751],[-77.13261111684012,39.12237101981464],[-77.13184235015945,39.12529126534762],[-77.13294524803192,39.126136048249364],[-77.13158354135699,39.12795231976314],[-77.13260105394265,39.129121577749856],[-77.13413110494947,39.12834398841394],[-77.13489488685921,39.12879900693754],[-77.13659571436627,39.12737243959601],[-77.13761329952301,39.12854165643543],[-77.13753030054949,39.127178491801835],[-77.13923103833842,39.12575188887687],[-77.13982405019637,39.12685583019421],[-77.1382917078308,39.12932112985372],[-77.13913855665729,39.13113928723371],[-77.1433847654665,39.131791781798334],[-77.1480578401465,39.13082171669761],[-77.14890495097984,39.13263980810938],[-77.1507741881632,39.13225172008146],[-77.1517920699645,39.133420822027674],[-77.15476458106153,39.133877281213834],[-77.1562944949018,39.13309941846916],[-77.1579077617693,39.133684689484795],[-77.15807839096405,39.13303570942552],[-77.16105092580159,39.13349201832441],[-77.16300541189224,39.13277925426482],[-77.16470401034375,39.13303994359465],[-77.16283482733222,39.13342824104971],[-77.16300360234976,39.13446689693046],[-77.16555156380429,39.1348579223995],[-77.16342646092772,39.13621971473178],[-77.16240835259245,39.135050707358445],[-77.15799115070271,39.13504784226127],[-77.15747923744547,39.13699478242043],[-77.1552705774279,39.136993281947916],[-77.15815793796205,39.137774148769736],[-77.15722132646367,39.139655896341864],[-77.16129942907602,39.1392691154006],[-77.16325226431802,39.14024399124098],[-77.1578147253782,39.14075975492944],[-77.15993630437258,39.142773347566],[-77.15934096185644,39.14335714429524],[-77.16112510726184,39.14329339141902],[-77.16018850146678,39.14517516344723],[-77.16282031678678,39.146929400261115],[-77.16230844925502,39.148876365003915],[-77.16103608352145,39.14699317750013],[-77.15925184712216,39.14705692914695],[-77.15959314128457,39.14575896166996],[-77.15832090060489,39.14387574759664],[-77.1566220715839,39.14361497051252],[-77.15764407567599,39.14140873563985],[-77.15594530680481,39.14114794944313],[-77.1550125855082,39.13965439128773],[-77.15220847037142,39.14023660922795],[-77.15152773426905,39.1411448547881],[-77.15067626611793,39.1427020681097],[-77.15152565774473,39.14283250012969],[-77.15152358112385,39.144520146051846],[-77.15033482692523,39.144000010303444],[-77.1487192500957,39.145102285905736],[-77.14829884642137,39.141661769498064],[-77.14966039206314,39.13984530997328],[-77.1494939190848,39.137118990938966],[-77.1483906618968,39.136274352963206],[-77.14635056742239,39.137311370151195],[-77.14686278128069,39.13536447568638],[-77.14465417108538,39.135362786682904],[-77.14762888373791,39.13413177377129],[-77.14873209951364,39.134976418139914],[-77.14839496018611,39.13289906744266],[-77.14516864071842,39.13172825794877],[-77.14346787960964,39.1331549437784],[-77.14160088709431,39.131855280060684],[-77.1390507938892,39.13315140597752],[-77.137525497634,39.13055377305711],[-77.13395778835843,39.13068057587204],[-77.13301813491269,39.13424978052457],[-77.12910845675914,39.135674335826344],[-77.12885211416919,39.136647746710686],[-77.13055068039662,39.13690890269757],[-77.13097276978934,39.138661831602626],[-77.1265526928834,39.140345494017545],[-77.12621083356515,39.1416433693253],[-77.12918352036652,39.142100440675144],[-77.12968847618421,39.14521655057127],[-77.12493144710321,39.14482275031997],[-77.124164846507,39.146055315057986],[-77.12654206420284,39.14709607586996],[-77.12602655320705,39.15073053883578],[-77.13265378525057,39.15073648055619],[-77.13205562867051,39.15300779613432],[-77.13528022777284,39.155866600441904],[-77.14140006273885,39.15444363125162],[-77.14327217019274,39.15236800520846],[-77.14326990143533,39.1540556542954],[-77.14734888722678,39.153669329647855],[-77.14862101490671,39.15555265973342],[-77.15040546943456,39.15548906046236],[-77.15218785929648,39.15711308590927],[-77.15210042682602,39.15912522453445],[-77.15082814627645,39.15724192862915],[-77.14785470324102,39.156785373163856],[-77.14683655725291,39.15561623340896],[-77.14522066879512,39.15671846621168],[-77.14352158631604,39.15645750951465],[-77.14267433238372,39.15463937259802],[-77.14199334195091,39.15554756865894],[-77.13969869540315,39.155870272154075],[-77.13995261447916,39.156584484999534]],[[-77.1552705774279,39.136993281947916],[-77.15476057878719,39.13725256761176],[-77.15518524601494,39.13731777032862],[-77.1552705774279,39.136993281947916]],[[-77.14224957507194,39.15457412693193],[-77.14191022985871,39.154184399463226],[-77.14182481852365,39.15450887981647],[-77.14224957507194,39.15457412693193]],[[-77.15102186958588,39.138028836213934],[-77.15136118820115,39.13841853753563],[-77.15144653799605,39.13809405170663],[-77.15102186958588,39.138028836213934]],[[-77.15110722043902,39.13770435064337],[-77.15229793559683,39.136536834567664],[-77.15501657620129,39.13627910324478],[-77.14975210423053,39.134457894413835],[-77.14907139157755,39.13536612546833],[-77.15077000050105,39.13562700524371],[-77.15110722043902,39.13770435064337]],[[-77.15756649423031,39.134982649155006],[-77.15722715836982,39.13459296503369],[-77.15714183852039,39.13491745459966],[-77.15756649423031,39.134982649155006]],[[-77.12878750399695,39.12347108963501],[-77.12734557716762,39.12223650563148],[-77.12369008099512,39.12437512056126],[-77.12785031601786,39.12535261055068],[-77.12878750399695,39.12347108963501]]],[[[-77.17237702167922,38.833105838178355],[-77.16645806033699,38.83050616874801],[-77.16671110850947,38.83122029056087],[-77.1661183639061,38.831804091597576],[-77.16417552551644,38.82914174280631],[-77.17001102639811,38.83037843962369],[-77.17229370911942,38.83174275819534],[-77.17237702167922,38.833105838178355]]],[[[-77.15190406101782,38.834001514675776],[-77.14953880250432,38.83127372484687],[-77.14598575705517,38.83140086670374],[-77.14573511293133,38.82899913853246],[-77.14429872192882,38.82776480596431],[-77.14556949630737,38.82627294414919],[-77.15351876172973,38.82783655822765],[-77.1541095671602,38.82894038158911],[-77.15588602440077,38.82887670689546],[-77.15588405763393,38.83056427106306],[-77.15757559077048,38.830825045655516],[-77.15638995221937,38.831992557433125],[-77.15436048691602,38.83134209278867],[-77.15486635705412,38.832770385498954],[-77.1562200124469,38.832641505243615],[-77.15511929955505,38.833484531160295],[-77.15258192502243,38.83309331018111],[-77.15190406101782,38.834001514675776]]],[[[-77.11959853515577,38.82800270906738],[-77.12450777430118,38.82606022757537],[-77.1249332852083,38.82443796767773],[-77.126286838768,38.82430941467995],[-77.1256964920147,38.82320545917601],[-77.12781056192871,38.82353193889524],[-77.12721493837145,38.825803116045265],[-77.12323657277013,38.82755187321187],[-77.12128711158059,38.82995154253201],[-77.12044141858108,38.82982091034289],[-77.12086704189656,38.82819866378213],[-77.11959853515577,38.82800270906738]]],[[[-77.12777915794017,38.84378271119642],[-77.12913565195674,38.84196656078788],[-77.12820730724731,38.840472871255045],[-77.13354006463608,38.838595319547466],[-77.13481124790759,38.83710356642047],[-77.13607995385193,38.837299365509125],[-77.13370773984956,38.839633967859186],[-77.13032188909663,38.84079930870471],[-77.1294708971719,38.84404386998365],[-77.12921816928423,38.84332967115782],[-77.12777915794017,38.84378271119642]]],[[[-77.10129784913822,38.88763261464163],[-77.10222303174731,38.890814088637285],[-77.10671379010367,38.888806917800814],[-77.10925285831853,38.88919908087307],[-77.11213288742033,38.88829340972613],[-77.1129792442114,38.88842409951705],[-77.11179195386435,38.8895911919538],[-77.11348469941056,38.889852570456284],[-77.11475134539987,38.89173616435424],[-77.11221215917492,38.891344113788904],[-77.11052240267526,38.88939514291241],[-77.10679594098863,38.89017005050075],[-77.105523258279,38.8916615252208],[-77.10171456760398,38.89107314633982],[-77.09899502997406,38.8963924285835],[-77.09425101774931,38.897685046969606],[-77.09441826879444,38.89872375557023],[-77.09035327748883,38.89910832847076],[-77.08967402355387,38.90001619918704],[-77.08569429887572,38.90007618867303],[-77.0840831538599,38.90117757993291],[-77.08679682103175,38.89923377340279],[-77.08891292276651,38.89956091997371],[-77.09060929862666,38.898135034959004],[-77.09272538556411,38.89846211640805],[-77.09552403644648,38.89619368686747],[-77.09493357338576,38.89508957569942],[-77.0970495912767,38.89541658321037],[-77.09857511356189,38.8946394608556],[-77.10087144292127,38.88925480491674],[-77.09952318569677,38.88600793279743],[-77.10104848461442,38.885230780910646],[-77.10147486334154,38.88360859082814],[-77.10020544415522,38.883412436264564],[-77.10004140726956,38.88068616456734],[-77.10520418801619,38.88114627072964],[-77.1084218377306,38.88063049673979],[-77.10910067737173,38.87972252550151],[-77.11028482591283,38.8802430329546],[-77.11071096984104,38.87862081208902],[-77.1123182366348,38.87920665044415],[-77.11265911223323,38.8779088684126],[-77.11646432218625,38.880184482913826],[-77.11731345397534,38.87862757011401],[-77.11604696961089,38.876744005413244],[-77.11622025653021,38.87440753754718],[-77.11503616041836,38.87388708716828],[-77.1197894697717,38.86584339366815],[-77.11826761524408,38.86493320419737],[-77.11793259325181,38.86285585981795],[-77.11632564189419,38.862270095404114],[-77.11573224128561,38.862853657227454],[-77.11404305115268,38.86090474097999],[-77.11818811876252,38.8618825136585],[-77.11937485533977,38.860715363818116],[-77.12157514286261,38.86071750172423],[-77.12242393870343,38.85916055747441],[-77.12555535852232,38.85896879156244],[-77.12784333793542,38.85695879560474],[-77.1303814103792,38.85735052438097],[-77.13190578054888,38.856572995431655],[-77.13469668775194,38.85767883022126],[-77.13596818015226,38.85618706207633],[-77.1368142068637,38.85631758861957],[-77.13689447684261,38.85936826520276],[-77.13943268181534,38.85975980867252],[-77.14112252423733,38.86170837846313],[-77.14213875899674,38.8611899395512],[-77.14577611188167,38.86242600985056],[-77.14712599321537,38.86567236932418],[-77.14957943350967,38.86638817402109],[-77.14906918257942,38.868334996307546],[-77.1477148515874,38.86846379892019],[-77.1479699989994,38.867490390758],[-77.1463627041174,38.866905015604495],[-77.14340564731953,38.86307323410322],[-77.13824390595275,38.86261472027584],[-77.13807611323219,38.8615760754432],[-77.13613108073669,38.86060084755471],[-77.13469177138174,38.86105396877046],[-77.13511725991127,38.859431667699745],[-77.1315653474092,38.85787082713446],[-77.13054908372743,38.858389179127705],[-77.12851911415771,38.85773828920174],[-77.12716231126224,38.85955443605357],[-77.11920451905058,38.861364262848596],[-77.11844080289768,38.862596736470266],[-77.11953957043836,38.86344160343101],[-77.11919888501704,38.86473940216703],[-77.12266844501794,38.864937480259236],[-77.12520408936919,38.86701688580095],[-77.13197323941657,38.86806152572966],[-77.13450679504493,38.87182831316223],[-77.13424898367123,38.87448926616435],[-77.13576880350443,38.87708683299382],[-77.14084646295474,38.87786991567528],[-77.14278974813345,38.88053264497613],[-77.14862900154324,38.881770356476714],[-77.15006863341105,38.88131707225961],[-77.15167627596203,38.881902400345886],[-77.15209739638928,38.883655185163704],[-77.15379014845801,38.88391601303668],[-77.15379216515915,38.882228438696224],[-77.15523177395616,38.88177509448237],[-77.1555718972495,38.88047719415194],[-77.1576027418443,38.881127642556876],[-77.15785780151083,38.880154212574155],[-77.15870414567432,38.880284590008216],[-77.15887227549997,38.88132320917692],[-77.16124135224092,38.882363261783915],[-77.16158137123844,38.88106534487192],[-77.16285091448535,38.88126087073693],[-77.16225591126774,38.883532231003876],[-77.16386370057842,38.88411740116107],[-77.16488008603588,38.88359877437342],[-77.16369370580004,38.88476636307958],[-77.1653015338892,38.88535151467393],[-77.1658079934767,38.886779771496435],[-77.16750086719729,38.88704041221628],[-77.16673769896369,38.888273187129045],[-77.16910877604116,38.887625514586865],[-77.17190143712558,38.88873051532276],[-77.16876886052178,38.8889234531872],[-77.16791901873725,38.89216829652187],[-77.16681925709445,38.89132385575903],[-77.1665642780587,38.89229730551396],[-77.16834058927286,38.89392102834349],[-77.16969535699857,38.893791999911954],[-77.1690171415783,38.89470030442923],[-77.17130182106845,38.896064651436234],[-77.17130020958864,38.8977522289263],[-77.17070696042883,38.89833605642884],[-77.16825391876161,38.89593308985193],[-77.16554429377612,38.89619110047263],[-77.16656255692456,38.89398488214245],[-77.16503953040517,38.89307526413235],[-77.16580451635495,38.89015492277397],[-77.16436480777531,38.89060839025491],[-77.15996617311207,38.88723044372419],[-77.15768005619246,38.88755346446507],[-77.15759116999477,38.89125309283522],[-77.15564311006317,38.891965743881265],[-77.15573406789,38.886578541311785],[-77.15158915958915,38.883914447183884],[-77.14820368340382,38.88339270820954],[-77.14786126117068,38.88637816352396],[-77.1489607284284,38.88722277195018],[-77.14802710017008,38.889104373483455],[-77.14963489814659,38.8896897286077],[-77.14861618245278,38.8918958066714],[-77.14616408625861,38.88949240497897],[-77.14684471582126,38.88689665091994],[-77.14523700189345,38.88631125980703],[-77.14650877813047,38.88481937846088],[-77.14481825570431,38.88287087679727],[-77.1428702949678,38.88358332637048],[-77.14202165153857,38.88514041514922],[-77.14295084854699,38.88663400884697],[-77.14252309775436,38.88994391745047],[-77.14159156789053,38.89013789535366],[-77.13948020033246,38.88643649813806],[-77.14185604624673,38.88241419848508],[-77.1403335700385,38.881504278255186],[-77.14058886171294,38.88053088378277],[-77.13889623555244,38.880269875726924],[-77.13872839288052,38.879231229615236],[-77.13601928454712,38.87948859433547],[-77.13492253753975,38.876956298995296],[-77.13246888544771,38.876240203214515],[-77.1319681962163,38.871436668231695],[-77.1307014580772,38.86955325491864],[-77.1278250179735,38.868771784310006],[-77.12714651362427,38.86967985690418],[-77.12748708061393,38.86838203557414],[-77.12528656152578,38.86838000264645],[-77.12249812818497,38.86558638413348],[-77.1208059139094,38.86532512948504],[-77.12029210991363,38.868959403636644],[-77.11792120662315,38.869606140829774],[-77.11630545358383,38.87408308961184],[-77.11791266526734,38.87466885509644],[-77.11782462531663,38.87668087632116],[-77.11909397464379,38.876876850269824],[-77.11858283583784,38.87882354934383],[-77.12112162004527,38.87921546881337],[-77.12171235125531,38.88031945304257],[-77.11951147184314,38.8803173175627],[-77.11908551391812,38.88193956901368],[-77.12450670813257,38.87973794723641],[-77.12806214785725,38.87961142082072],[-77.12043735679731,38.883498652701135],[-77.12051975843453,38.8848617754021],[-77.12229760830981,38.88479858209045],[-77.12212449156067,38.88713506138762],[-77.1231412161115,38.88661677673011],[-77.12517194220771,38.887267756984876],[-77.12550728285454,38.88934508784718],[-77.12042898864766,38.88856137561372],[-77.11933264691883,38.886028939551096],[-77.11577398160664,38.88784279003296],[-77.11874190547609,38.88492494321334],[-77.11662609496393,38.884598306415384],[-77.11789842703674,38.88310671901003],[-77.11535952459073,38.882714733329465],[-77.1125649805735,38.883296033105786],[-77.11196839326895,38.885567152210086],[-77.10841570274864,38.884005643250305],[-77.10815996911238,38.884978971807875],[-77.10934419635896,38.8854994885811],[-77.10824214273683,38.88634210290663],[-77.10324951186172,38.88523324425117],[-77.10129784913822,38.88763261464163]],[[-77.11028482591283,38.8802430329546],[-77.11062272626485,38.88063282914624],[-77.11070795551983,38.88030838481731],[-77.11028482591283,38.8802430329546]],[[-77.16538128021514,38.89008975894361],[-77.16504304310357,38.88970011165528],[-77.16495804483239,38.89002459366873],[-77.16538128021514,38.89008975894361]],[[-77.16504304310357,38.88970011165528],[-77.16470480960972,38.889310463462756],[-77.16461981028677,38.88963494522863],[-77.16504304310357,38.88970011165528]],[[-77.1189179497812,38.880900895886434],[-77.1185800038137,38.88051112229914],[-77.118494809372,38.88083557204825],[-77.1189179497812,38.880900895886434]],[[-77.11798078073345,38.884469843333235],[-77.11848914095872,38.88421071912258],[-77.11806598171322,38.884145393794086],[-77.11798078073345,38.884469843333235]],[[-77.10324951186172,38.88523324425117],[-77.10291162962072,38.884843427740755],[-77.10282636034637,38.8851678668863],[-77.10324951186172,38.88523324425117]],[[-77.1575138595598,38.8848272679542],[-77.158020162848,38.88625555650114],[-77.16174404641141,38.88716668459408],[-77.16199907189085,38.88619324537305],[-77.16047626520675,38.88528357217463],[-77.1575138595598,38.8848272679542]],[[-77.14651096349287,38.88313180405806],[-77.14617285959346,38.88274210561908],[-77.14608778540921,38.88306657440935],[-77.14651096349287,38.88313180405806]]],[[[-77.09686229618418,38.90450333787897],[-77.09957901935029,38.900871673712125],[-77.10423786430194,38.89990329162373],[-77.10245642381946,38.901653802994055],[-77.0999169580999,38.90126150008725],[-77.09660633621313,38.90547664509335],[-77.09440469752884,38.90547406377312],[-77.09686229618418,38.90450333787897]]],[[[-77.11055633211481,38.91775952039781],[-77.11056538984818,38.912696779367295],[-77.11141202739272,38.912827480266046],[-77.11175307648064,38.91152969524629],[-77.1143811440248,38.90990972864366],[-77.11540114842772,38.90770392702536],[-77.11616249982849,38.90815904407674],[-77.1151425121085,38.91036485208888],[-77.11734429929912,38.91036706515175],[-77.11751476675417,38.90971816478286],[-77.1204779339075,38.910175426390545],[-77.12022226957814,38.91114878304507],[-77.1146339574413,38.9106239634285],[-77.11251444507616,38.91198483492538],[-77.11132676322175,38.913151926408844],[-77.11055633211481,38.91775952039781]]],[[[-77.11842959089928,38.9196498496726],[-77.12232788162252,38.91822568167917],[-77.12300416729495,38.91900521124377],[-77.12689969329737,38.91926848099624],[-77.12520353581704,38.92069486641497],[-77.12291894753325,38.919329665620296],[-77.1207168892198,38.91932755154593],[-77.1181738659341,38.920623203319614],[-77.11783288868067,38.921921007558865],[-77.1164775060082,38.92204946963701],[-77.11842959089928,38.9196498496726]]],[[[-77.11545733328055,38.92425528428905],[-77.11537498182622,38.922892151335965],[-77.1164775060082,38.92204946963701],[-77.11613649184685,38.92334726945959],[-77.11545733328055,38.92425528428905]]],[[[-77.1332428599932,38.925310508834876],[-77.13171453576419,38.92777564432805],[-77.13086768800957,38.92764508179779],[-77.13120845976414,38.92634724072979],[-77.1332428599932,38.925310508834876]]],[[[-77.1176366952397,38.93775816449885],[-77.11847796351012,38.94126398976589],[-77.11754857137646,38.939770201944896],[-77.1176366952397,38.93775816449885]]],[[[-77.1081798766441,38.9670216429272],[-77.10936543893914,38.967542165282936],[-77.10927705035077,38.96955420547166],[-77.10792384815956,38.96799498192606],[-77.10546739269708,38.96727834287673],[-77.10554647108209,38.97032908403515],[-77.10360215104042,38.967665738770016],[-77.10190118684385,38.97077940829407],[-77.0991031538496,38.97136041151865],[-77.1034250500112,38.97168981154337],[-77.10291282616323,38.973636470885346],[-77.10748165430188,38.97805518384352],[-77.10637817743263,38.97889779230228],[-77.1084936138677,38.98091220407351],[-77.10772846161362,38.98214463139568],[-77.10535690159372,38.981103541824886],[-77.10451580488804,38.97759760723972],[-77.10189151912692,38.97584219013269],[-77.10121816981969,38.973374944998504],[-77.10037084621538,38.97324417338069],[-77.0997731409848,38.975515261617105],[-77.10121169291668,38.97675013374423],[-77.10027568154274,38.97863139852465],[-77.09891921165341,38.97875966973988],[-77.09866301800602,38.97973299134215],[-77.09595338738329,38.978301888462724],[-77.09832802715047,38.97765556209966],[-77.09866961338007,38.97635780120865],[-77.09842333471815,38.9722683392432],[-77.09723777370196,38.971747711979404],[-77.09775013604721,38.969801076615596],[-77.09953008052437,38.96973820916565],[-77.10106361752165,38.965585863544185],[-77.10165797329249,38.965002364093834],[-77.10284345605209,38.96552294860592],[-77.10276129414139,38.964159799357915],[-77.10428819622543,38.96338259942395],[-77.10445890423804,38.96273371224442],[-77.10242625799026,38.96208238601283],[-77.10327664543127,38.960525552386876],[-77.10149692947107,38.960588473493445],[-77.1009058534502,38.959484381119104],[-77.09912616089815,38.959547268209796],[-77.09793417444688,38.962401830023836],[-77.0934386332864,38.96440870269298],[-77.09284078430692,38.966679754542945],[-77.09080465241762,38.967715829634514],[-77.08817751333545,38.96764771714498],[-77.08638686436953,38.972773199972345],[-77.0853722802354,38.971603595919845],[-77.0829977229041,38.9722496737897],[-77.08138863740037,38.97166344784252],[-77.08478135938171,38.970499424948905],[-77.08469953014882,38.96913626275988],[-77.0834286644466,38.96893993410949],[-77.08597758572839,38.965957394237066],[-77.08741927265004,38.96550483270496],[-77.09199355370151,38.966548925856024],[-77.09233864457134,38.96356359310512],[-77.09327124528801,38.96336998343476],[-77.08954432121128,38.96245678899052],[-77.08988599271966,38.961159055219085],[-77.09623979756104,38.96214023658723],[-77.09616111812473,38.95908949319603],[-77.0975172263179,38.95896125250406],[-77.09887662167341,38.95714540694581],[-77.09599706217368,38.95636318864201],[-77.0990506510988,38.954808938323765],[-77.09972375519996,38.957276188456035],[-77.10446522932587,38.95935853035625],[-77.10514485252727,38.9584505712655],[-77.10641559363191,38.958646677200676],[-77.1095604681091,38.953392543902055],[-77.11100175953753,38.952939709213254],[-77.11109609692043,38.94755249621505],[-77.11287845275757,38.94580184988805],[-77.11093150770367,38.94482621595364],[-77.10745508006258,38.94631539437789],[-77.10609610090276,38.94813133109734],[-77.10652273554227,38.94650911017799],[-77.10406701881898,38.94579244563151],[-77.1024551400673,38.94689408240704],[-77.10008480373067,38.94585289748744],[-77.09762585220821,38.94682369267023],[-77.09593183898582,38.94656209561336],[-77.09559034375427,38.947859843298865],[-77.09694290751123,38.94941919676348],[-77.09253353388046,38.95110159489646],[-77.09236618939308,38.95006287642273],[-77.09109563598163,38.949866626839],[-77.0905832359966,38.95181322904857],[-77.08761856196244,38.95135525039703],[-77.0872768960473,38.95265297607974],[-77.08566820924035,38.95206680730686],[-77.085924479263,38.95109351651511],[-77.08948697999854,38.949280507817804],[-77.08889617793169,38.94817636003893],[-77.0936401625956,38.948571525177435],[-77.09322007415875,38.946818527068835],[-77.09534096123744,38.94545797895614],[-77.09348305750012,38.94247004828919],[-77.09568581488654,38.94247264597871],[-77.09771453519194,38.94481166743033],[-77.10237300645045,38.945530936572545],[-77.10788167378037,38.94469316920234],[-77.1081376208861,38.94371983357121],[-77.10729062998314,38.94358910976458],[-77.10856418418832,38.9420976066422],[-77.10729372613321,38.941901523178174],[-77.10763498481529,38.94060374437551],[-77.10433251531347,38.93975635850985],[-77.10137147898094,38.93761112379469],[-77.10001577521821,38.93773940622614],[-77.10035714411018,38.93644164820278],[-77.1026418462244,38.93780726779733],[-77.1048444628631,38.93780970284601],[-77.1048413101183,38.93949728840487],[-77.10628235583835,38.93904450943378],[-77.10992298917246,38.940281644431394],[-77.11001132437627,38.9382696122661],[-77.11416367895073,38.93755994363017],[-77.11661633752797,38.93996399342689],[-77.11568119711846,38.94184536428441],[-77.11221097328468,38.93995950229845],[-77.11152861292756,38.942555084143024],[-77.11593123828236,38.94424718645608],[-77.11567249151548,38.94690812581609],[-77.11651953607884,38.94703879245168],[-77.11643425460242,38.94736324362172],[-77.11397841151074,38.94664677520099],[-77.11363133873013,38.95131974933223],[-77.10853657867786,38.95728590118765],[-77.11260174900289,38.958588319301185],[-77.11344596981195,38.96040659792293],[-77.11234580930986,38.959561666216246],[-77.11048080200402,38.959949165065495],[-77.11031318107364,38.95891046949272],[-77.10836591979078,38.95793479346033],[-77.10480346577796,38.95974834652563],[-77.10420600967409,38.96201945156202],[-77.10547681055547,38.962215567214805],[-77.10513541206616,38.9635133441029],[-77.10742105360237,38.964878880959084],[-77.1081798766441,38.9670216429272]],[[-77.11254023786381,38.94541205651413],[-77.11440486181716,38.945024527520374],[-77.11330492262411,38.94417960618262],[-77.11254023786381,38.94541205651413]],[[-77.11221097328468,38.93995950229845],[-77.1119580817772,38.939245259746706],[-77.11178749566855,38.93989415505881],[-77.11221097328468,38.93995950229845]],[[-77.10615020098206,38.96468278514227],[-77.10564123477964,38.96494186155219],[-77.10606485260963,38.965007230010144],[-77.10615020098206,38.96468278514227]],[[-77.10369069421141,38.96565370319073],[-77.1033524362764,38.96526388365002],[-77.10326707475124,38.96558832662117],[-77.10369069421141,38.96565370319073]],[[-77.10377605392492,38.96532925992509],[-77.1042850294753,38.96507019115116],[-77.10386141287742,38.965004816616215],[-77.10377605392492,38.96532925992509]],[[-77.1042850294753,38.96507019115116],[-77.10479400140241,38.96481112029938],[-77.10437038585519,38.96474574750461],[-77.1042850294753,38.96507019115116]]],[[[-77.13962061730808,38.968154707929635],[-77.13877328554526,38.968024198634666],[-77.13970816537348,38.96614264664784],[-77.14013182076091,38.966207898808165],[-77.13962061730808,38.968154707929635]]],[[[-77.13673535558247,38.97074862140376],[-77.13402531102645,38.96931835181173],[-77.13071867739305,38.970159258679914],[-77.12842721858576,38.97216933765659],[-77.12614095400805,38.97080418629692],[-77.12579988372147,38.972102021663744],[-77.1231725537195,38.97203465004543],[-77.12350822789024,38.97411201039169],[-77.1216429071507,38.974499677859605],[-77.12121644547099,38.97612195740582],[-77.12223166861268,38.977291269108704],[-77.12087247973864,38.97910737594018],[-77.11943636363333,38.97618513598211],[-77.12011875727545,38.973589497957924],[-77.12410788837174,38.970153214497635],[-77.12876824233567,38.97087149505603],[-77.13012708037563,38.96905530400811],[-77.1331779757513,38.96918780428675],[-77.1334336706895,38.96821441304297],[-77.13656733508955,38.96970995968574],[-77.13792595682129,38.96789368355625],[-77.13877328554526,38.968024198634666],[-77.13885612630187,38.969387324719015],[-77.13673535558247,38.97074862140376]]],[[[-77.02347900743989,39.120735204281104],[-77.02186711306547,39.12014819157373],[-77.02109902432996,39.12138011428925],[-77.02271093983691,39.121967137095744],[-77.02373166065355,39.12144964872307],[-77.02398431883783,39.12216409275228],[-77.02236731158294,39.12326472143669],[-77.02117983133958,39.12274335404335],[-77.0199872357111,39.12390961048781],[-77.02151328450222,39.12482104353673],[-77.02107859626766,39.12813065722641],[-77.02192758392997,39.12826197374968],[-77.02039633434605,39.12903818201987],[-77.0199667035905,39.130660156631286],[-77.02098245627867,39.131830327714496],[-77.02327686900067,39.13150981578352],[-77.02097734617521,39.13351796610753],[-77.02105816440734,39.134881209236255],[-77.02207399372779,39.13605137239629],[-77.0269157916163,39.13612470546162],[-77.02623352753882,39.13703226373306],[-77.02809858692657,39.138333659786944],[-77.02715859859197,39.140214426380766],[-77.02826050454188,39.14106013975612],[-77.02894278113052,39.14015256962527],[-77.03242525358753,39.14035318341962],[-77.0325921791066,39.14139201675272],[-77.03165713025548,39.141585176325336],[-77.0330070981265,39.1448329215085],[-77.0280027911154,39.142033343293576],[-77.02672407552473,39.14352407004312],[-77.0268149634652,39.141512027754125],[-77.02461119719139,39.139820565619026],[-77.0251266923403,39.13787417313234],[-77.0210530558487,39.13656884866778],[-77.01943568339411,39.1376694423981],[-77.02046177073335,39.13546433968284],[-77.01927410467576,39.13494295282269],[-77.01996156996391,39.13234779458667],[-77.01868802330499,39.132150797335484],[-77.01869318651335,39.130463159499385],[-77.01733373698038,39.130590542355556],[-77.01392190728673,39.13512803003305],[-77.01331487736948,39.139086405643056],[-77.01153603779093,39.137460398292916],[-77.01239042735119,39.135904140791396],[-77.01162733896612,39.1354483696015],[-77.0078012079094,39.1365447212032],[-77.00550109768945,39.13855258738319],[-77.0032063840157,39.13887277180971],[-77.00210480309572,39.138026836878396],[-77.00967667073368,39.13447111531228],[-77.01333074236845,39.134023487469044],[-77.01546906936642,39.12928898691249],[-77.01929470238579,39.12819240102366],[-77.01947170194447,39.12585597622457],[-77.01803158697984,39.12462012485444],[-77.01615661710134,39.12669385264644],[-77.01284145576925,39.12753164083129],[-77.01198717437435,39.129087898818305],[-77.00910173432665,39.12830364090582],[-77.00697389246842,39.129662756330596],[-77.00196608299707,39.12854977533663],[-77.01063308913012,39.127527571826874],[-77.01233632626104,39.126102705570645],[-77.0135237979416,39.126624157760745],[-77.01744044509145,39.1235156041422],[-77.01846639304921,39.121310524118655],[-77.00275670486744,39.12056743037028],[-77.00020453300831,39.12186070498621],[-77.00012412067395,39.12049745187183],[-76.9930752423368,39.12041869525305],[-76.99359144483957,39.11847244111118],[-76.99774958712602,39.1194542815744],[-76.9994528876645,39.11802959406176],[-76.9999577075609,39.119458579364284],[-77.00573321326316,39.119339816402025],[-77.00405201557773,39.114014060074496],[-77.00693139821679,39.11648606505992],[-77.00666804464407,39.119146852583306],[-77.01193313277834,39.11928647671703],[-77.01252946208466,39.11870338904638],[-77.01668787349573,39.119684596219614],[-77.01941150742336,39.1177421967135],[-77.02059889321013,39.118263580480956],[-77.02000776401526,39.1171590733559],[-77.02306973791319,39.11560665129526],[-77.02400951367541,39.11372592480663],[-77.02427221238328,39.111065103411924],[-77.02342342147024,39.110933803339734],[-77.02598478038963,39.10626479418633],[-77.0238629413381,39.10593656268157],[-77.02318092264113,39.10684409880744],[-77.01867954060316,39.10716068132067],[-77.01893209940269,39.10787513362474],[-77.01562306176264,39.107025362786686],[-77.02768721788125,39.1048397236088],[-77.03185475153352,39.102445162446436],[-77.03456774921733,39.103877694958335],[-77.03609831705106,39.10310131602092],[-77.03534019891124,39.10095806447626],[-77.03628421978348,39.09738962290756],[-77.03170736088781,39.09465582642934],[-77.03001013865091,39.09439332283962],[-77.02983845644196,39.09504212171922],[-77.02483268300657,39.09393006899978],[-77.02423665576588,39.094513212892466],[-77.02297894360501,39.089253385634144],[-77.02145362340839,39.08834197681115],[-77.01608920232104,39.09359001991318],[-77.01676598001752,39.09437015035731],[-77.01463402042069,39.0974170142318],[-77.01531081814088,39.09819715316292],[-77.01411326396628,39.10105097516971],[-77.01250188200336,39.10046384329645],[-77.01430088974793,39.09533931731087],[-77.01319983968844,39.094493487851125],[-77.01626622066259,39.09125361530726],[-77.01346814641524,39.09014507466163],[-77.01737244835985,39.09041179240884],[-77.02018084397707,39.0881449965205],[-77.02137794716381,39.0852911229957],[-77.02052946253761,39.08515980380734],[-77.02078707434937,39.08418662651731],[-77.0233476599315,39.07951769525625],[-77.0225043101099,39.07769876874151],[-77.02336281301696,39.0744548338529],[-77.0225144513152,39.0743235284771],[-77.01902486739723,39.07749787964273],[-77.01664626074412,39.07814269911163],[-77.0112822454071,39.0833905247926],[-77.01026197053831,39.083907907206545],[-77.00907522029036,39.08338642814578],[-77.01000958027969,39.08319344052582],[-77.00992902679516,39.08183020381828],[-77.013413934036,39.08034372638898],[-77.01579786812934,39.07801134779399],[-77.01580309460503,39.07632372758314],[-77.0170756551399,39.076520752274654],[-77.01775746550857,39.075613254803024],[-77.01894415111799,39.07613465021163],[-77.0222619738933,39.07360908794089],[-77.02209535170829,39.072570254302114],[-77.0232820187503,39.07309160799743],[-77.023716277479,39.06978202120041],[-77.02490792513551,39.068615740931826],[-77.02380715646987,39.067770009602235],[-77.0250795889353,39.067966952024214],[-77.02737692461498,39.06595875090359],[-77.02619532893785,39.06374982018797],[-77.02246917237137,39.06114698034914],[-77.0160166286844,39.062174008785696],[-77.00830239479762,39.05962837103508],[-77.00693882082834,39.06144325339782],[-77.00617654829836,39.06098745520204],[-77.00456063233969,39.06208783966581],[-77.00448020443318,39.06072460464645],[-77.00677244551711,39.06040440149847],[-77.00660607496131,39.05936554956809],[-77.00881237063187,39.059369690051014],[-77.01008997319992,39.05787917136667],[-77.00907542916136,39.05670892763621],[-77.01026709739475,39.05554279050869],[-77.00806632225478,39.053851062788134],[-77.00960148845364,39.05138740487876],[-77.00264521221875,39.0509848087202],[-77.00324105577063,39.05040177298175],[-77.01028315640896,39.050479952492665],[-77.01046025636913,39.04814357439049],[-77.0070681492869,39.0476179682995],[-77.00681591639334,39.04690349978155],[-77.00869448412166,39.043142333624544],[-77.00334350430492,39.0450145622936],[-77.00411108713497,39.043782766654324],[-77.00844225077341,39.04242786896157],[-77.00624191505177,39.04073611277458],[-77.00938683175511,39.03885966954022],[-77.00964442866068,39.037886523375064],[-77.00820622296146,39.03665057825162],[-77.00974102129067,39.03418692592553],[-77.00762135877372,39.033858421482805],[-77.00618871346627,39.03093484744835],[-76.99907382927461,39.02780559987053],[-76.99645595025905,39.02436033607111],[-76.99562529402623,39.01916603911051],[-76.9934259601665,39.017474062516385],[-76.99199420816379,39.01455033273343],[-76.98987519808283,39.01422152649517],[-76.98852958008322,39.01097339128451],[-76.98553351967638,39.01895097299337],[-76.98409014019687,39.019402354243766],[-76.9851837820909,39.02193603265197],[-76.98306458761925,39.02160710978695],[-76.98178706842383,39.02309734123627],[-76.98145521652316,39.02101958379285],[-76.98043560448606,39.021536715673776],[-76.97755477171057,39.02075174116821],[-76.9786603750586,39.01991027332766],[-76.98264674280189,39.01985371874993],[-76.98239484610262,39.01913920402296],[-76.98451991377932,39.01778053654458],[-76.9854594222839,39.015900134587035],[-76.9841880080697,39.015702788224715],[-76.98435991018582,39.015054061529796],[-76.98665080051428,39.01473423210381],[-76.98888497359911,39.00630072885281],[-76.98550089790969,39.0040869393945],[-76.98329628028061,39.00408238500026],[-76.98296447201493,39.00200463801231],[-76.97924302498436,38.99940052912212],[-76.97754210617715,39.00082490979898],[-76.97770792781697,39.00186379036719],[-76.97533142814345,39.00250781063737],[-76.97252494140538,39.00477355929218],[-76.97056576142349,39.0071709095984],[-76.97064549453795,39.008534154108354],[-76.96937424927538,39.008336656298525],[-76.96713775142848,39.01676981105063],[-76.96527690022346,39.01546753010771],[-76.96605756798503,39.01086077781308],[-76.96793098016106,39.00878784892887],[-76.9666660992937,39.00690272554959],[-76.96980428556567,39.006714892471365],[-76.97091602785224,39.00418589831684],[-76.97694646274188,39.00140781743407],[-76.9790771870382,38.99836165101042],[-76.97628938949035,38.995564695887],[-76.97595782016907,38.99348693297721],[-76.97053620275678,38.992306900330306],[-76.96772996018315,38.994572536929205],[-76.96720759713145,38.99820623601418],[-76.96602255357702,38.997684353565916],[-76.96653860892303,38.995738254078596],[-76.96561164168399,38.99424331766532],[-76.96986087016606,38.99152653198652],[-76.96680934009663,38.99139001606272],[-76.9607128123388,38.98942916637689],[-76.96003761181734,38.98864874494152],[-76.96098386817101,38.98508094534234],[-76.95836277812316,38.98332249310822],[-76.95879291199361,38.98170077380186],[-76.96057326571388,38.98163989950385],[-76.96431879129335,38.97749419867754],[-76.9632394196557,38.97158517729914],[-76.96529025405864,38.96717602068937],[-76.96656076931538,38.96737355906123],[-76.96605765995015,38.965944475664564],[-76.96683139366284,38.963025339752996],[-76.96827376219143,38.962574163091126],[-76.96931152285354,38.95699437957988],[-76.97083969795793,38.95621882341955],[-76.97236161572431,38.957130833301434],[-76.97261941836342,38.9561577765476],[-76.97067407831295,38.95517994087852],[-76.97041625313298,38.956152993452186],[-76.969059974568,38.956279844762356],[-76.96999908867474,38.95439957763655],[-76.96906627581096,38.95459226035904],[-76.96897402511655,38.95660419459799],[-76.96820676703561,38.95783575597328],[-76.96516943583842,38.954324031406294],[-76.96143810750411,38.95509457498318],[-76.96069022413165,38.95126333876616],[-76.95840776511953,38.94989510340184],[-76.95662818592115,38.94995594635592],[-76.95399516589258,38.951572575841745],[-76.95491472219383,38.95475517270248],[-76.95160668701396,38.95559130350634],[-76.9503229466148,38.95876878000683],[-76.94939002569664,38.95896131490601],[-76.94957561049677,38.95493747477968],[-76.95271828072039,38.953062492035784],[-76.94924498869032,38.95285965329754],[-76.94814684969913,38.952013267816824],[-76.94832570419689,38.94967701528479],[-76.9494305659525,38.94883581692444],[-76.94901394886153,38.94708233242799],[-76.94774383534885,38.94688461498167],[-76.94655294447482,38.948050131982185],[-76.94587827951493,38.94726963832918],[-76.94409875403971,38.947330301526335],[-76.94469421800022,38.94674755627077],[-76.94367538511035,38.94726438037808],[-76.93995116665486,38.94634669585885],[-76.93790640752395,38.94906783875903],[-76.93934168909972,38.950304580635496],[-76.93907646638026,38.95296514935203],[-76.93523757915766,38.959121982906616],[-76.92921628203993,38.96021043599666],[-76.92802487649584,38.961375777347804],[-76.93412528561754,38.96165063993066],[-76.9346277383216,38.9630798518153],[-76.9333573847508,38.96288198661864],[-76.93318515130679,38.96353063735762],[-76.9349650819436,38.963470130571594],[-76.93513021075793,38.96450906196527],[-76.93674500962052,38.96340959825287],[-76.93657986025171,38.96237066917633],[-76.9383597596993,38.96231011370351],[-76.94021877022764,38.96361278724981],[-76.93783616193357,38.965943671162464],[-76.94088657067445,38.9660808988398],[-76.94333446281217,38.96848838084704],[-76.94511450624503,38.96842772842342],[-76.94519372018834,38.96979098104604],[-76.94688773016728,38.97005463710686],[-76.95214861179883,38.96850920212899],[-76.95375658511263,38.96909710307903],[-76.95366389280466,38.97110903019368],[-76.95213522203333,38.97188437647942],[-76.95339911786462,38.973769637614055],[-76.95010368606785,38.97123055483534],[-76.94739049151357,38.971483799074335],[-76.94780720917736,38.97323729526982],[-76.94593413900309,38.97530990896331],[-76.94391633520205,38.971280810616676],[-76.94146138748529,38.97056092555526],[-76.94163356380395,38.96991226265529],[-76.93900648833505,38.96984099200501],[-76.9376569307537,38.96827991409174],[-76.93308476113376,38.967230132555926],[-76.93165642158894,38.96430573048094],[-76.93004873267628,38.963717543585624],[-76.92995539188198,38.96572945132329],[-76.92705548464285,38.970006067952994],[-76.92366762300193,38.96947819125788],[-76.92341647971159,38.96876356266976],[-76.92315797462088,38.96973651885451],[-76.92197371061158,38.9692142182408],[-76.92129170302817,38.97012117372764],[-76.92077461947913,38.97206707724052],[-76.92458607925438,38.97266102110652],[-76.92415523658416,38.974282619533106],[-76.92601429866676,38.97558550820479],[-76.92524611352192,38.976816807243715],[-76.92643052473726,38.977339077221956],[-76.92957475858117,38.97546467460757],[-76.93017777368006,38.97319440976085],[-76.93187897351346,38.97177068428811],[-76.93467835299406,38.97119345248049],[-76.93559023335688,38.976063789156406],[-76.93804530862715,38.97678379096127],[-76.94152665294223,38.97529935585305],[-76.9404212980557,38.97614048708087],[-76.94024212475459,38.978476737312064],[-76.94363052549188,38.979004162194904],[-76.9442193730134,38.98010900552221],[-76.95065892162297,38.98077330969313],[-76.95251862399135,38.98207580255334],[-76.95183687660399,38.98298292763333],[-76.94913001581443,38.9815486200918],[-76.94666784731696,38.98251642685618],[-76.94454997512496,38.98218684879279],[-76.93634411224376,38.978207602040094],[-76.93726323312389,38.981390342224614],[-76.93597841124728,38.98456768249655],[-76.93394666638666,38.98391359509842],[-76.9326041054748,38.98066486987245],[-76.93090990027282,38.98040101839945],[-76.93065145403284,38.98137399189813],[-76.9315847118512,38.98118159725752],[-76.93250366212166,38.984364374131346],[-76.93478671519023,38.98573309303467],[-76.93562680600614,38.987552585795086],[-76.93689759647042,38.987750428490465],[-76.93646693883744,38.98937207338113],[-76.93824749889683,38.98931151927666],[-76.93781686211027,38.990933169243824],[-76.93925996373008,38.990482327979734],[-76.93933909198948,38.991845588916476],[-76.94196002925736,38.99360444518819],[-76.94984385389613,38.99381790339767],[-76.9513797245861,38.99135498993195],[-76.95374275263802,38.99408661528521],[-76.95713197819155,38.99461367281842],[-76.95721144582654,38.995976923218926],[-76.9558544018554,38.99610363093353],[-76.955338058122,38.99804968610365],[-76.95306090796694,38.99499374877734],[-76.95051899304126,38.99459838090972],[-76.95026075861301,38.99557139736047],[-76.94890371010507,38.99569802908133],[-76.94094052078795,38.99412125045087],[-76.93856394874857,38.99476456604771],[-76.94091964862727,38.99918403066678],[-76.94006533610441,39.00073975841952],[-76.94269352840512,39.00081100698041],[-76.94158085661287,39.003339746928596],[-76.94276581691211,39.00386186315449],[-76.94183229770671,39.004054342552706],[-76.94224906797079,39.00580786626218],[-76.9456456052542,39.00464764254629],[-76.95022030786878,39.00569696726086],[-76.95276929262279,39.0044047455773],[-76.95556314345636,39.005514635949154],[-76.95301416944126,39.00680691522437],[-76.95140536856924,39.00621900121926],[-76.94843257251495,39.007445289761726],[-76.94470521299294,39.006527739660775],[-76.94275198528933,39.00723705494124],[-76.94138081017823,39.01073879834341],[-76.94281736772882,39.01197551163996],[-76.94247283399828,39.01327284905742],[-76.94374409243997,39.013470622465114],[-76.94770972908695,39.01847798589865],[-76.94676921135935,39.02035810287337],[-76.94898109274551,39.01867570585559],[-76.94948423132924,39.020104870252034],[-76.95143773894087,39.01939544757032],[-76.95262303158033,39.01991747106978],[-76.95262971972122,39.018229870927854],[-76.9542454467162,39.017130170289825],[-76.95670209279797,39.017849807670565],[-76.95772182186438,39.017332870994075],[-76.95507975575752,39.02063714087826],[-76.9536361538869,39.02108816823816],[-76.95211313262088,39.02017591962238],[-76.95134491838077,39.021407388848495],[-76.94982191916958,39.020495112082855],[-76.94939135582244,39.022116810305164],[-76.94854373843596,39.021985001171544],[-76.94870241452671,39.024711525261736],[-76.95049056781946,39.022963193940164],[-76.95115926185329,39.02543127320702],[-76.95702005053957,39.02330283227725],[-76.95523204586848,39.025051257715944],[-76.9557353514029,39.02648039829068],[-76.95149698341423,39.02582151082735],[-76.95115253892708,39.02711887528383],[-76.95217243740939,39.026601983388765],[-76.95360949183049,39.02783857504363],[-76.95198681340983,39.03062587247097],[-76.95342394419364,39.031862467108496],[-76.95469555739162,39.03206012899838],[-76.95554992486363,39.030504292613735],[-76.9588547778894,39.031355650522265],[-76.9605567768041,39.02993151880314],[-76.96182837562048,39.03012910759635],[-76.9630935350797,39.032014287471206],[-76.96529899821418,39.032019200640306],[-76.96658337730973,39.02884153276175],[-76.96734506466122,39.029297571300525],[-76.96904684913534,39.0278733237258],[-76.96913918821973,39.0258613670905],[-76.96981483190874,39.02664174368576],[-76.97253000613,39.02638800692632],[-76.97296007878724,39.02476622737376],[-76.97337771828066,39.0265196524261],[-76.977364452423,39.02646326736939],[-76.97778220785663,39.02821667810432],[-76.97142423337132,39.027229421087185],[-76.96887478011675,39.028522030588114],[-76.9656368262472,39.03240940023399],[-76.96419305615967,39.03286055120772],[-76.96571649463081,39.03377265358631],[-76.96706151544277,39.03702104825136],[-76.96875717093644,39.03728440859513],[-76.96747273770488,39.04046210350198],[-76.96848638536264,39.0416326835461],[-76.9678903350233,39.04221555166155],[-76.96942031644117,39.04144000253037],[-76.97145398777863,39.042093515282545],[-76.9730699603189,39.040993565312625],[-76.97271960499931,39.04397860093007],[-76.97441544324732,39.044241884340735],[-76.97297149267254,39.04469313827396],[-76.97364114971347,39.04716110551292],[-76.97533706553169,39.047424376486696],[-76.97736484087628,39.04976540298506],[-76.97939881650787,39.050418786601185],[-76.97837877752092,39.05093590417902],[-76.97566886310557,39.04950215958772],[-76.97516500636705,39.04807309422657],[-76.97304509537688,39.04774399892001],[-76.9727994188646,39.045341852430084],[-76.97052005369524,39.04228621161082],[-76.96839400818402,39.043644645076505],[-76.96712215515039,39.04344712305359],[-76.96763850586765,39.04150100431992],[-76.96662487369586,39.04033041738304],[-76.96773724052848,39.03780143761873],[-76.96612763487103,39.037213711386045],[-76.96638580486118,39.03624065531154],[-76.96418663503613,39.03454815608132],[-76.9648687117998,39.03364095562942],[-76.96190797010958,39.03149236286623],[-76.95978860249697,39.031163042263685],[-76.96257067136614,39.03564798926547],[-76.95938548804602,39.04764888896305],[-76.96097577918708,39.05329953259851],[-76.9586770098336,39.05530650100736],[-76.95971030422572,39.05141432425637],[-76.95794137653611,39.04809996844013],[-76.96068340862254,39.04109605915591],[-76.96147112701944,39.03480171076644],[-76.9602059611247,39.03291651347715],[-76.95766268173567,39.03252128946726],[-76.95664933532153,39.031350622917124],[-76.95486112385518,39.03309904537348],[-76.95291396432297,39.032120919464674],[-76.9485030339142,39.03211061409345],[-76.94843047663501,39.02905974715035],[-76.94987426903353,39.02860877970988],[-76.95030486004794,39.026987078061865],[-76.94792729680503,39.02763057635815],[-76.94904011956201,39.02510176951658],[-76.94488803001964,39.02411831720242],[-76.94489489803152,39.022430716311085],[-76.94362347984197,39.02223295439416],[-76.94481563235621,39.021067452221175],[-76.94269664596048,39.0207378405201],[-76.9439749245513,39.01924801192586],[-76.94270356450014,39.019050240693964],[-76.94253820367716,39.018011310552694],[-76.9403331669091,39.01800599321254],[-76.94016784231916,39.01696706009318],[-76.9383004488119,39.017351973619505],[-76.93720850911335,39.0148178845262],[-76.93651920234437,39.01741252874974],[-76.9377043555809,39.01793469447641],[-76.93557132523154,39.02098016011325],[-76.93692181596703,39.02254127363088],[-76.9352986161919,39.02532835050441],[-76.93445098692669,39.02519644510754],[-76.93087371337893,39.028692621818365],[-76.93290668167496,39.02934676421663],[-76.9315417942934,39.031160809030524],[-76.93264093522696,39.032007351931725],[-76.93169985291404,39.033887358990576],[-76.93297144243901,39.03408524337272],[-76.93185075145779,39.03830151418793],[-76.93353917623396,39.04025296011584],[-76.93251179683044,39.042457305582936],[-76.9337835384445,39.0426551819407],[-76.93292141460776,39.045898478207675],[-76.9350552869805,39.04285304528456],[-76.93785034478967,39.04396334135426],[-76.93843963058325,39.045068223758385],[-76.94369922196631,39.04521073505476],[-76.94148641108033,39.046893045518665],[-76.9391943090155,39.047212043333076],[-76.93902893428735,39.04617310357779],[-76.93538591249573,39.04493093414758],[-76.93444473388062,39.046810966160706],[-76.93274898061031,39.046547136961166],[-76.93240410338463,39.047844453968885],[-76.93376215396061,39.04771800152962],[-76.93333107116186,39.04933965153128],[-76.9314628099434,39.04972446433864],[-76.93120412466003,39.050697450016365],[-76.93289996913161,39.05096130049497],[-76.93222449572963,39.05018071987893],[-76.93528552190962,39.04863047946033],[-76.93587480655378,39.049735374925824],[-76.93723288641392,39.0496088845015],[-76.93773600812342,39.05103810398753],[-76.94188953839588,39.05202179992326],[-76.94332692038448,39.0532585159418],[-76.94553302663736,39.05326378014086],[-76.94628799933542,39.05540755967885],[-76.94756000498711,39.05560529543269],[-76.9472085317153,39.05859026659074],[-76.950931861221,39.06119536154073],[-76.95016319345035,39.06242683212763],[-76.94838085230631,39.06248755789131],[-76.94762574435282,39.06034378838705],[-76.9454262821729,39.058650949928364],[-76.94560548647355,39.05631466148217],[-76.94298220009225,39.05455586382943],[-76.9392524938972,39.0536381427884],[-76.93729794721786,39.05434737789261],[-76.93713258335946,39.05330843431948],[-76.93230355703616,39.05154399874362],[-76.93102447139314,39.0530337153545],[-76.93169278112447,39.055501912081986],[-76.930844806579,39.055369981389944],[-76.92853063789046,39.06075161353804],[-76.92945769058971,39.06224684339958],[-76.92910544180567,39.065231766812744],[-76.93190126928897,39.06634220112422],[-76.93394242625342,39.06530871819837],[-76.93716238727528,39.06648498976978],[-76.93818293761352,39.065968209248204],[-76.93877240686757,39.067073094356445],[-76.94572986765857,39.067479268189516],[-76.94411289256765,39.06857886753908],[-76.94021003347285,39.06830984974538],[-76.93961353762651,39.06889258488228],[-76.94291303113755,39.071431987166974],[-76.94256129046613,39.07441695363778],[-76.94400602034209,39.07396605084966],[-76.94535767686517,39.07552708700244],[-76.94747827281773,39.07585665642027],[-76.94730589766883,39.07650533883116],[-76.94238887484494,39.07506562905701],[-76.94172002197611,39.072597481247826],[-76.93909624191942,39.07083859642989],[-76.93876539247911,39.06876070793918],[-76.93690371863865,39.067457990202755],[-76.93070816710352,39.06750758840506],[-76.9308662734946,39.070234156730365],[-76.92906924513218,39.07366983429131],[-76.93203790554074,39.07413161032637],[-76.9315994459638,39.07744087780416],[-76.9354165207143,39.07803449951957],[-76.93685430705042,39.079271296197916],[-76.93957156255314,39.07901827773913],[-76.93880251375866,39.08024968200479],[-76.94032662695007,39.081162103430664],[-76.93930587847794,39.081678902987065],[-76.93719220199898,39.079661576397534],[-76.93142692532497,39.07808953836824],[-76.93369863610705,39.082833533412185],[-76.93402227847159,39.08659905955753],[-76.93520854220242,39.08712125543731],[-76.93494977394117,39.08809425547776],[-76.93393601847956,39.08692339208981],[-76.93249096850302,39.08737417887419],[-76.93343272304853,39.085494147973336],[-76.93057148198491,39.07964522177841],[-76.93042057529833,39.075231032809924],[-76.92821380334739,39.07522550021474],[-76.92606407289789,39.08164606621156],[-76.92655989736075,39.084762956955416],[-76.92442443819233,39.08780826678976],[-76.92671058930908,39.08917715837543],[-76.9275371189277,39.09437197917734],[-76.92923396946894,39.09463588180058],[-76.92897509443353,39.09560887077089],[-76.92778873692919,39.09508661456591],[-76.92701202813922,39.0980055716144],[-76.92920501302521,39.10138637149426],[-76.92867270244881,39.10670760074271],[-76.92842103550065,39.10599296556222],[-76.92663760734479,39.10605337990834],[-76.92827020474607,39.101578752204446],[-76.92590463832154,39.098846591117606],[-76.92658779669098,39.09793959050387],[-76.92531510696958,39.09774163849041],[-76.92727822210894,39.095344964565086],[-76.92501387540811,39.08891322157638],[-76.92212356769487,39.08981457124096],[-76.91930458112853,39.09376677118636],[-76.91692455821132,39.09440968355725],[-76.91513383890371,39.09615755357241],[-76.91521262954932,39.09752085469658],[-76.9141127005948,39.09667414763712],[-76.9120703804137,39.09770731075207],[-76.91522775767858,39.09414561290967],[-76.91709724707114,39.093761041166886],[-76.91693960616993,39.09103444354115],[-76.91939838132569,39.09175482828005],[-76.92092992327066,39.09097986964466],[-76.92136152987271,39.08935825050128],[-76.92026165283055,39.08851159915258],[-76.92374134807169,39.08871525378557],[-76.92332454892414,39.08696164279049],[-76.92468334637086,39.08683528872062],[-76.92409393103652,39.08573033279416],[-76.92571890975309,39.082943372809574],[-76.92470537488147,39.08177243525551],[-76.92615767031161,39.07963412274581],[-76.92557561275507,39.07684155946589],[-76.92779697364874,39.07347190857805],[-76.92664746764991,39.06451157760926],[-76.92495132974,39.064247641142835],[-76.9272087451895,39.052439961417164],[-76.92950829249837,39.050433576399755],[-76.92832266834472,39.04991132957164],[-76.92951552000004,39.04874596882708],[-76.92824368346133,39.048548048562765],[-76.9277407655871,39.04711879125953],[-76.92962342880608,39.043358822107685],[-76.93124006213868,39.042259416211344],[-76.9285386501805,39.039137040946706],[-76.92855314761057,39.0357618329754],[-76.92703013373986,39.03484927450579],[-76.92771267683389,39.0339422781325],[-76.92636217207311,39.03238106149139],[-76.92654192410153,39.03004481118352],[-76.92459522734116,39.02906624183386],[-76.92476769261715,39.0284175963338],[-76.92646299417808,39.028681533674124],[-76.92613269748584,39.0266036268066],[-76.92733247761267,39.02375069146249],[-76.93056489296123,39.02155192576094],[-76.93006211614504,39.02012268439341],[-76.9324395919848,39.01947952893988],[-76.9313406427177,39.01863298602428],[-76.93185777463067,39.01668702428654],[-76.9338904162082,39.01734114927606],[-76.93406277078608,39.01669249213182],[-76.9323748788731,39.01474106101572],[-76.9339908345668,39.01364162458716],[-76.93425646454254,39.010981042064685],[-76.9309528252311,39.01012903249253],[-76.93377506211179,39.00448903076409],[-76.9328558020068,39.00130625329059],[-76.93421298304577,39.00117979689675],[-76.9325182942517,39.00091596654079],[-76.93192945602352,38.99981106413107],[-76.93279822395719,38.99488020676159],[-76.93161348147751,38.99435799614338],[-76.9319581192699,38.9930606927833],[-76.93391107162002,38.992351548917235],[-76.93187912798489,38.99169742688712],[-76.9323099016319,38.990075797330384],[-76.93044315673055,38.990460591031585],[-76.92503715426186,38.98590339093771],[-76.92477860994963,38.98687635302627],[-76.92630059144959,38.987788932012165],[-76.92536723491429,38.98798128711285],[-76.92544610015639,38.98934455636168],[-76.92756409411936,38.98967446077539],[-76.92662342817309,38.991554416447386],[-76.92754955999067,38.993049643255],[-76.92506473988746,38.99907980098243],[-76.92692445192996,39.000382681018515],[-76.9251436114925,39.00044307279511],[-76.9234342456055,39.003554306243636],[-76.92131586626967,39.00322433063562],[-76.92030351291244,39.00205337323754],[-76.91969995043728,39.00432360024679],[-76.91808398576825,39.0054228490179],[-76.91960627131854,39.006335512756635],[-76.9177390419811,39.00672011638591],[-76.9169703879722,39.007951370174304],[-76.91704911749639,39.009314649058744],[-76.91975637881812,39.010749662467575],[-76.91898771637538,39.01198092954678],[-76.91966269298403,39.012761577105124],[-76.92220507480604,39.01315757795522],[-76.92075399050017,39.015295819605385],[-76.92270026702154,39.016274446935476],[-76.92235535410613,39.01757172941153],[-76.92048785084359,39.017956375086385],[-76.92150042852377,39.01912733399571],[-76.92013544843918,39.020941250352905],[-76.91928789781525,39.020809241556215],[-76.9199778514725,39.01821469158405],[-76.9176078074645,39.017170010455125],[-76.91888653720477,39.015680441052986],[-76.9177878030881,39.01483377872822],[-76.91813278448339,39.01353650952182],[-76.91686159457613,39.01333847389631],[-76.91695535862965,39.01132656118475],[-76.91398177324868,39.01255202575352],[-76.9132129940097,39.013783257440615],[-76.91075691580869,39.0130627602124],[-76.90931318959124,39.0135132716913],[-76.9106783001571,39.011699476513726],[-76.91051341346487,39.01066050503055],[-76.90847345719025,39.01169359341364],[-76.90786944549001,39.01396376641595],[-76.90634714757134,39.01305095764674],[-76.90575083363329,39.01363352466597],[-76.90887406152255,39.01682242419778],[-76.90819144417767,39.01772931443551],[-76.90743024901532,39.017272914059745],[-76.90699875957984,39.01889446427187],[-76.90681840733899,39.02123068190197],[-76.90791711038996,39.02207744217836],[-76.90774450986477,39.02272606358191],[-76.90647318763168,39.02252792130259],[-76.90636359482359,39.02791502869087],[-76.91170053353862,39.02942218452922],[-76.91058634626324,39.03195065840149],[-76.90761954413126,39.031488373349106],[-76.90593201845881,39.02953657806042],[-76.90498248270454,39.03310398294989],[-76.9029418182366,39.03413698429254],[-76.90582237499545,39.034923691301266],[-76.90428404110772,39.03738605827748],[-76.90530441664662,39.03686955046285],[-76.91166233492798,39.037860193953065],[-76.91191360134998,39.03857485421288],[-76.91420555074349,39.0382563602669],[-76.91335020759688,39.039811914126716],[-76.91638107509588,39.045012559485706],[-76.91620849563326,39.04566119516945],[-76.91375131087695,39.04494075332939],[-76.91215724343894,39.0409771178296],[-76.90860125860888,39.03940984934289],[-76.90732964233392,39.0392117152767],[-76.90656046857548,39.04044291125176],[-76.90486496507528,39.04017870170081],[-76.9030752915104,39.041926380902176],[-76.90298110391096,39.0439382934108],[-76.90560303932423,39.04569793230965],[-76.90618408037264,39.04849057355948],[-76.90931652127722,39.049991874223046],[-76.90820965812986,39.05083272872066],[-76.90930882476152,39.05167948094917],[-76.90566603504698,39.05043643877197],[-76.90592506117619,39.049463506353284],[-76.90473181963945,39.050628640680735],[-76.90667882637435,39.05160752498247],[-76.90708727285072,39.055048788148596],[-76.90844550200464,39.05492261232955],[-76.91233227087791,39.058567844600184],[-76.91392673362714,39.0625314900492],[-76.91256074945602,39.06434533666572],[-76.91468844353133,39.06298785413479],[-76.91663591539616,39.06396658451551],[-76.91417052255208,39.064933759784545],[-76.91390396015255,39.06759432382144],[-76.9122077965969,39.06733021324898],[-76.91066899314377,39.069792673280936],[-76.90922413949943,39.070243188120486],[-76.91134441729312,39.07057337380417],[-76.9098918671106,39.07271150964055],[-76.91166684684117,39.07433894958938],[-76.91098372411388,39.07524586420975],[-76.91283751537689,39.078236587048146],[-76.91026987646003,39.082903237082306],[-76.91195875797744,39.08485499181883],[-76.91101645615153,39.08673485973242],[-76.91034856148221,39.08426653790634],[-76.90771738265897,39.08419460351698],[-76.90924888982597,39.083419789909904],[-76.90985343573232,39.08114958281965],[-76.9083297054916,39.08023678772763],[-76.9097824520458,39.078098667215706],[-76.90681377109199,39.077636359184226],[-76.90664879004801,39.07659737074929],[-76.90759107340854,39.07471753946105],[-76.90971147431901,39.0750477532773],[-76.90810151330524,39.074459271311866],[-76.90811696687062,39.07108404482006],[-76.9119717007734,39.063240327790055],[-76.90970202027874,39.05849595255215],[-76.90622381096622,39.058291906012094],[-76.90767618091006,39.05615381857325],[-76.90631792741709,39.0562799860087],[-76.903781949492,39.05419604932063],[-76.90286337400578,39.05101302344086],[-76.9015915704173,39.050814830233044],[-76.8994639880827,39.0521720855536],[-76.90037452487941,39.0570427449682],[-76.90156006451058,39.05756525916855],[-76.89994264198432,39.05866428165759],[-76.90044509314525,39.06009365433951],[-76.89900036893088,39.06054404951361],[-76.89839565544125,39.06281419531177],[-76.89923572613053,39.06463395761084],[-76.89804212832145,39.065799030804634],[-76.90016222566744,39.06612940702454],[-76.8993926456453,39.06736056442362],[-76.90006792606822,39.068141325892796],[-76.89752374165766,39.06774486801536],[-76.89735093993505,39.068393480089725],[-76.89751576944327,39.06943247931486],[-76.89878788769437,39.06963071490342],[-76.89844229476043,39.0709279428452],[-76.90072742545493,39.07229730804383],[-76.90029545978368,39.07391885039485],[-76.89707576635081,39.072741621939436],[-76.8967461096177,39.0706636210549],[-76.89471231125123,39.070008882040526],[-76.89412348803444,39.06890378744309],[-76.89523078932835,39.06806305576648],[-76.89404512397157,39.067540480191056],[-76.89378587439599,39.068513390947764],[-76.89242736583766,39.06863940679749],[-76.89233284886824,39.07065132069893],[-76.89003978212433,39.07096941282525],[-76.88772209528038,39.076350299439255],[-76.8844942224293,39.0768603574216],[-76.88501302296038,39.074914571374414],[-76.88586114225285,39.07504681534275],[-76.88842188710638,39.07206828796272],[-76.8895456178873,39.06785238447308],[-76.88699328450515,39.06914332169707],[-76.88564300045681,39.06758165282243],[-76.88478670093691,39.06913701792218],[-76.8857376986071,39.065569745126986],[-76.88497614345162,39.065113203366465],[-76.88182688171621,39.06698650351779],[-76.87962036407848,39.06698010800033],[-76.87969845697204,39.068343424196414],[-76.87766487713152,39.06768840644436],[-76.87391828269024,39.0701439419052],[-76.87315675385524,39.06968732732938],[-76.87512083085197,39.06729148990058],[-76.87690335048745,39.06723181503233],[-76.87724931024846,39.06593464789195],[-76.87809731063174,39.06606694463225],[-76.8774222854984,39.065286064073796],[-76.87896211975428,39.062824017907666],[-76.88014759972711,39.06334673695974],[-76.87914347046964,39.060487824171176],[-76.88058831657102,39.060037659911224],[-76.8806664201603,39.06140097380575],[-76.88186022422772,39.060236068461855],[-76.88355611190362,39.06050059295209],[-76.88245711191304,39.05965361157887],[-76.88424771757767,39.05790622408584],[-76.88009463191443,39.05692060008062],[-76.87966229737577,39.058542066199614],[-76.87592471457164,39.05931005055236],[-76.87755094920232,39.056523734050096],[-76.8762011024036,39.054961966088754],[-76.87916866258202,39.055425003513996],[-76.87993845873845,39.05419397401422],[-76.88502571495566,39.05498755593263],[-76.88603823715908,39.05615881132691],[-76.88859013162066,39.05486789671174],[-76.88902224517886,39.05324640058263],[-76.88469648317003,39.05290952968137],[-76.8840132253787,39.05381629252786],[-76.8827414241659,39.053617906243645],[-76.88266329002602,39.0522545955272],[-76.88003329731997,39.05218207545148],[-76.880206215011,39.05153348933817],[-76.88173732728116,39.050759019331636],[-76.88410795070116,39.05180439098953],[-76.88699721837229,39.050903931621356],[-76.89106364382137,39.05221362455506],[-76.89310498446258,39.05118081516993],[-76.89286193771945,39.04877850999491],[-76.89524067956144,39.048136063704256],[-76.89558622128091,39.046838849906926],[-76.89312920113747,39.04611800000308],[-76.88981629907512,39.04695249525112],[-76.88906307940539,39.04480837607603],[-76.88702186026883,39.04584111789935],[-76.88516170068975,39.04453763038951],[-76.88168422813182,39.044332897336034],[-76.88262673876227,39.042453266167655],[-76.88186544526336,39.04199670719387],[-76.88263505359333,39.040765663857805],[-76.88703828629333,39.04246591121579],[-76.8899271465862,39.041565385157234],[-76.89161452177991,39.043517401887776],[-76.89508395724556,39.04540946089784],[-76.89644202714662,39.045283416522906],[-76.89806716175111,39.04249683835725],[-76.89740808470317,39.038340863896934],[-76.89867965870705,39.03853909950812],[-76.89944894576335,39.03730795274027],[-76.89766717823777,39.03736795073033],[-76.89783990340896,39.03671934174191],[-76.89988071282458,39.03568642377551],[-76.89810694037426,39.03405882655178],[-76.89845236407035,39.0327616079116],[-76.8953128703501,39.03294763816756],[-76.89505376106601,39.03392054569231],[-76.89700019014167,39.03489957886183],[-76.89640362214858,39.03548210310342],[-76.89327207291772,39.03398048059734],[-76.89148227328913,39.035727990902004],[-76.88791879960144,39.03584773271906],[-76.89123933180262,39.03332568893549],[-76.8915848745256,39.0320284895598],[-76.89396307973652,39.03138606957155],[-76.89456767025776,39.029115957700924],[-76.89558799876316,39.028599530434285],[-76.8992295223285,39.02984286349727],[-76.90024982792545,39.0293263978671],[-76.90119166419747,39.02744663065897],[-76.89992818909188,39.02556082204268],[-76.90045410993814,39.021927390896415],[-76.8995281674808,39.02043195504832],[-76.89868066021576,39.02029980561347],[-76.89842164104277,39.02127271810695],[-76.89791949783708,39.019843346743656],[-76.89401942531381,39.01957288037987],[-76.89375229200961,39.022233380324614],[-76.89214362926968,39.02164469702023],[-76.89146075805243,39.022551495989454],[-76.89204107110625,39.025344192383834],[-76.88881549243105,39.02585435803206],[-76.88720678956057,39.025265610420526],[-76.88668840191383,39.027211388746615],[-76.88516609258747,39.026298318316954],[-76.88551171024811,39.02500113737066],[-76.88398946196007,39.02408805285364],[-76.88466417521522,39.02486889217355],[-76.88380835768564,39.026424239006886],[-76.8860054104032,39.02811815855521],[-76.8859107684295,39.03013005336572],[-76.88700936246134,39.03097699986688],[-76.88200186084156,39.03154680850065],[-76.88165614945987,39.03284398110181],[-76.88149996944205,39.030117368312496],[-76.88311703574014,39.029018591353584],[-76.88202684393784,39.02648401251648],[-76.88168115706938,39.027781184084176],[-76.87922491866199,39.027060061498155],[-76.87854183551372,39.02796679023412],[-76.87592119424696,39.02620658552332],[-76.86990206474621,39.02560457388922],[-76.8716578640281,39.03060776740221],[-76.87055086056962,39.031448283498655],[-76.87087959094937,39.03352633953366],[-76.86994550090895,39.03371827926874],[-76.87138129710046,39.03495582345536],[-76.87120834011805,39.03560439542898],[-76.86926223950877,39.034624957975325],[-76.86891628623128,39.03592209577813],[-76.87127766380273,39.038655309861554],[-76.8688211612614,39.037933980186494],[-76.86822434264693,39.03851636935123],[-76.86823299128946,39.03682876916168],[-76.86653771146952,39.03656403661191],[-76.86773133410752,39.03539927206875],[-76.86758433372486,39.030985042148906],[-76.86903729422323,39.02884741664943],[-76.86778328635958,39.02527368369358],[-76.86608827753267,39.025008945522515],[-76.8640472879288,39.02604130631124],[-76.86126285529666,39.023241757426064],[-76.85829672236986,39.02277829486312],[-76.85641982611772,39.02484957282235],[-76.8554082168556,39.023678082376186],[-76.8550620685553,39.02497517918991],[-76.85251963986919,39.02457780283412],[-76.85191377458567,39.026847708057055],[-76.85436973491107,39.02756937076364],[-76.85155851451447,39.02983239233968],[-76.852059815366,39.03126195338947],[-76.85044222999645,39.03236032631098],[-76.8502690924354,39.03300886882483],[-76.85162700827735,39.03288331469144],[-76.85025096182382,39.03638406493367],[-76.85272524452722,39.03373056480279],[-76.8524655626765,39.03470338350898],[-76.85441143911461,39.03568308415004],[-76.85397865814691,39.03730445486115],[-76.85634844373995,39.03835035376869],[-76.85794829876683,39.040627102466324],[-76.86192709785387,39.04226202376799],[-76.86209136190196,39.04330106512635],[-76.86268826891505,39.04271870495454],[-76.86607909987798,39.043248252564844],[-76.86626081570068,39.04091208565627],[-76.87015332505057,39.042871026390856],[-76.8704042007615,39.043585771169205],[-76.86836275095673,39.044618206138644],[-76.87030910693801,39.04559765936068],[-76.87004961798625,39.04657051679308],[-76.86876934451146,39.048059590810205],[-76.86749768561506,39.04786104867226],[-76.86782640293703,39.04993911863501],[-76.86629515976072,39.05071341706838],[-76.86393357786282,39.04798010258104],[-76.86546478862246,39.04720583362597],[-76.8653004675418,39.04616679602859],[-76.86267949087244,39.04440630645896],[-76.85877823215137,39.04413473215049],[-76.85709172429586,39.04218226926896],[-76.85360545503336,39.043664351121514],[-76.85370100852235,39.0416524764189],[-76.85209224056385,39.04106327239375],[-76.85243851843214,39.03976618033592],[-76.85108952215134,39.03820414412378],[-76.84973150601408,39.03832969249341],[-76.84834615460564,39.043518025195894],[-76.84967703027614,39.04845529563892],[-76.84754854813268,39.04981166107974],[-76.84653673449036,39.048640093393416],[-76.84740274399044,39.04539739647019],[-76.84562073554622,39.04545664790398],[-76.84469562141071,39.043960797487],[-76.8469971766351,39.041955943533516],[-76.84751673151747,39.040010326203934],[-76.8465050547768,39.038838760240985],[-76.84217109383576,39.0401880085633],[-76.84165139464032,39.042133603588724],[-76.84292288274276,39.04233241011153],[-76.84291364597188,39.04402001007036],[-76.8398601538794,39.04388037217205],[-76.83730778020552,39.045170283182834],[-76.83696120666099,39.04646733424855],[-76.83611350981424,39.04633475723349],[-76.8369705819064,39.044779734022725],[-76.83629619617584,39.043998633035535],[-76.83366654868702,39.043925131463595],[-76.83740378664066,39.0431584205249],[-76.83783697205524,39.04153710596898],[-76.840129338632,39.0412199788777],[-76.83861665711991,39.03861873709819],[-76.8388765382335,39.03764594671065],[-76.8400613194436,39.038169045888296],[-76.84099554550033,39.03797733077566],[-76.83853936640148,39.037255402313484],[-76.8384620785813,39.03589206779729],[-76.84109144040606,39.035965467749485],[-76.84126466686074,39.035316937708096],[-76.84253603471072,39.03551574795862],[-76.84193902544392,39.03609801055854],[-76.84414460249344,39.036105075194854],[-76.8443178020502,39.03545654088012],[-76.84635017997033,39.03611210066462],[-76.84839170346108,39.03508002899595],[-76.84772640906564,39.03261139380364],[-76.84893845924881,39.02807161774292],[-76.84801349802461,39.026575796456456],[-76.84547105190519,39.0261782756883],[-76.84461438080591,39.027733352626576],[-76.84325654902379,39.02785882997817],[-76.84316072470699,39.029870691919406],[-76.84136982226501,39.0316174786238],[-76.84052229048783,39.031484932031056],[-76.84155230279964,39.02928135256231],[-76.8395201590342,39.028625715026266],[-76.84156156928957,39.02759375693077],[-76.84208116698521,39.025648167070486],[-76.83699643227608,39.02485283073286],[-76.83673657172969,39.02582561508806],[-76.83428084531506,39.02510360388753],[-76.83274976800004,39.0258774855038],[-76.83307739300467,39.027955639485846],[-76.83138244812812,39.02769042750559],[-76.83018836992085,39.02885484112125],[-76.83272135441402,39.030940270379126],[-76.8324614149252,39.03191304677966],[-76.82983220835239,39.03183946418146],[-76.83015977683834,39.03391762794155],[-76.82880180465264,39.034042947379376],[-76.82752090719342,39.035531592936096],[-76.82853223203055,39.036703312843116],[-76.82716460342928,39.038516211717436],[-76.8235238788429,39.03727076410152],[-76.82532499330064,39.03383663692627],[-76.82448712822975,39.03201638520584],[-76.82644217359031,39.031308928170226],[-76.82612434781738,39.02754316107751],[-76.828599209955,39.024890145616574],[-76.82545987824179,39.02507440980282],[-76.82231081793238,39.02694618813497],[-76.82061593585908,39.026680829257124],[-76.81563781458813,39.022185182595734],[-76.8163314784239,39.01959120948305],[-76.81844985689072,39.01992297717148],[-76.82024102178839,39.0181765244287],[-76.8234570550797,39.01935573218944],[-76.82319703308457,39.02032848731665],[-76.82547915653306,39.02169922383144],[-76.82453543806406,39.023578414440294],[-76.82776136600519,39.02306991871494],[-76.82963903241946,39.02099907460378],[-76.83116053346049,39.02191282474384],[-76.83123766955141,39.023276160599025],[-76.83666870926517,39.022774688165754],[-76.83693793264173,39.02011431126125],[-76.8351659488881,39.01848581972307],[-76.82618208678248,39.01741760435507],[-76.82932108618104,39.01723332214891],[-76.82866616612397,39.0130770015817],[-76.83128519046079,39.01483819947026],[-76.83315308458322,39.01445489574401],[-76.83492492506684,39.016083414930016],[-76.83806384471686,39.015898911748934],[-76.84236869692903,39.019612589794875],[-76.84321609372275,39.019745123525425],[-76.84339848517027,39.01740899936483],[-76.84424585816681,39.01754152601989],[-76.84609543389476,39.02053321371561],[-76.84582654395115,39.02319361064647],[-76.84896574279395,39.02300883165801],[-76.84897483646489,39.02132123724172],[-76.84745312401316,39.020407705478135],[-76.84703855577608,39.018653860254815],[-76.85533957314559,39.020627166803294],[-76.85729401214408,39.0199192254815],[-76.85341206760249,39.01627229603696],[-76.84283857311908,39.0112408968736],[-76.84003692492112,39.01181606018933],[-76.84011421667677,39.013179388265584],[-76.83841959046504,39.01291427297485],[-76.83842892755055,39.01122668213487],[-76.83563664676248,39.01011415562118],[-76.83131369771446,39.00977542837622],[-76.8308805560524,39.01139671158183],[-76.82665381167656,39.00904597580262],[-76.82384244502191,39.01130836298512],[-76.82062676127693,39.01012916675943],[-76.8239387791838,39.00929652214436],[-76.82454537119835,39.007026760031614],[-76.82623980967352,39.007292064428896],[-76.82531557943453,39.005796079221525],[-76.82743359713768,39.00612769290144],[-76.82844451177624,39.007299407824284],[-76.82904139270073,39.00671721286796],[-76.83098620497739,39.00769727594593],[-76.8321799231166,39.00653285870552],[-76.83370115349692,39.00744657555871],[-76.839294853063,39.00798406207213],[-76.8365986616562,39.00485970640888],[-76.84108522349628,39.006237312087066],[-76.84100792091888,39.00487398614316],[-76.83863944643542,39.00382780035741],[-76.84195097121813,39.002994676102006],[-76.8426435138283,39.000400564175614],[-76.84501193431005,39.00144667300069],[-76.84424210534375,39.00267747512088],[-76.84490700773722,39.005146116817606],[-76.84312598327652,39.00520533205796],[-76.8421829346744,39.00708465169004],[-76.84293438180431,39.009229041356136],[-76.84429186638839,39.00910356791324],[-76.84927994851886,39.011910464203005],[-76.85114767259705,39.01152688996275],[-76.85131171325477,39.01256594022859],[-76.85495167690561,39.01381056815504],[-76.85394922177882,39.01095147596811],[-76.85488306165603,39.010759657267705],[-76.85766677091009,39.01355934345795],[-76.85706115804027,39.01582926966376],[-76.85900659142976,39.01680889522434],[-76.86068374087222,39.02044891832479],[-76.86195490187409,39.02064752929675],[-76.86374503976498,39.018900448987694],[-76.86401325842964,39.016240015187286],[-76.86326987833628,39.01240815773772],[-76.86208534985387,39.011885282203934],[-76.86327863882022,39.01072056522538],[-76.86270831986158,39.00624014999253],[-76.861437408562,39.00604154720026],[-76.85982052561609,39.00714003769881],[-76.85772010843691,39.00343379577507],[-76.85373454690134,39.003486339669166],[-76.85764249709698,39.00207048082083],[-76.85680418932476,39.00025045670674],[-76.8575826710769,38.99733198868469],[-76.86062542322928,38.999158778619105],[-76.86069426835954,39.00220968064226],[-76.86331367669145,39.00397019976746],[-76.86275217963386,38.99780220055773],[-76.86470593332751,38.99709414518197],[-76.86589023982071,38.99761699447773],[-76.86614960978997,38.996644153612706],[-76.86876894974397,38.9984045560768],[-76.86561345359412,39.00196501419309],[-76.86569121420084,39.00332832413646],[-76.86763642948593,39.00430781250105],[-76.86525887712759,39.00494972548505],[-76.86414345056673,39.007477772230075],[-76.86761911185279,39.007682995104055],[-76.86684959942667,39.008913938608984],[-76.86506850061947,39.00897346866659],[-76.86437667615674,39.011567709190444],[-76.86495586166673,39.01436052699734],[-76.86834538712166,39.01489001020588],[-76.86621823538974,39.016246687812796],[-76.86697048579722,39.0183909351287],[-76.86467022690879,39.02039615117666],[-76.86517172043798,39.02182565703802],[-76.86729038649233,39.022156591602474],[-76.86890749044889,39.02105800113338],[-76.87416520793502,39.02120345596188],[-76.87586862690422,39.01978048783323],[-76.87705338305061,39.020303232540485],[-76.87662119837955,39.02192467792026],[-76.87780599486436,39.02244741563223],[-76.87781441926701,39.020759819338494],[-76.88035685259203,39.021156677562345],[-76.88325324715281,39.01856871409154],[-76.88512096291731,39.01818462840551],[-76.88749057323268,39.01922992972645],[-76.88817346276258,39.0183231530876],[-76.89164970999633,39.01852770359277],[-76.89438093217363,39.01490048424753],[-76.89573843365268,39.014774448208236],[-76.89608380800918,39.01347724031096],[-76.89413796451694,39.01249819626767],[-76.8939733122714,39.01145920269992],[-76.89693921071964,39.01192181221112],[-76.89635082388021,39.01081673916735],[-76.89838298197756,39.01147144473224],[-76.90017992303076,39.008036247765105],[-76.89331475032388,39.00730322799288],[-76.89230279097913,39.00613204154563],[-76.89229470439362,39.007819634776524],[-76.89008998055846,39.007813425226395],[-76.891282754288,39.00664843991786],[-76.89121262212038,39.003597552855744],[-76.88017291200156,39.00694120148701],[-76.88060492848892,39.00531974770463],[-76.87857310228009,39.00466475182507],[-76.8773970218692,39.002454431701665],[-76.88002521419239,39.0025270070041],[-76.88095052781266,39.0040225838997],[-76.88349239328714,39.004419376839735],[-76.88417519362356,39.00351262436793],[-76.88646615971219,39.003194644138006],[-76.88630163809296,39.00215564195529],[-76.88723527970147,39.00196358020587],[-76.88580810143077,38.99903863512913],[-76.88792619769559,38.99936921638327],[-76.88876527387094,39.001189029983145],[-76.89393525773328,39.001657943552466],[-76.89460986970565,39.002438725979815],[-76.89349550170216,39.00496703529328],[-76.89553548203385,39.00393419413044],[-76.89528449615898,39.00321950483829],[-76.89655545047717,39.00341776104301],[-76.89697112564907,39.005171436371256],[-76.90070570460921,39.004402825951885],[-76.90069781315484,39.00609041925513],[-76.90265141994621,39.00538176578717],[-76.90247881208396,39.00603037810538],[-76.9038361340001,39.00590425371493],[-76.90527195766984,39.00714140035292],[-76.90612708941262,39.0055859105532],[-76.90824546859864,39.00591614545554],[-76.90977532215457,39.00514133582609],[-76.91030060356846,39.00150787507991],[-76.91234024828164,39.00047475836845],[-76.91285775933314,38.998528881498366],[-76.91167310059507,38.998006480275905],[-76.9128653679049,38.99684128946559],[-76.91176698836868,38.995994576422675],[-76.9139713558364,38.99600040102594],[-76.91540715638521,38.997237428493825],[-76.91941469969383,38.992120129885734],[-76.91856748610995,38.99198811678192],[-76.91924973262104,38.99108117324379],[-76.91798642098743,38.98919555944078],[-76.9183312772857,38.987898294971416],[-76.91630712566656,38.985556329096624],[-76.91724798059562,38.983676453359664],[-76.91547508749639,38.982049117860726],[-76.91719179470552,38.9772504172603],[-76.91465825933513,38.97516672951039],[-76.9146658237134,38.973479143445445],[-76.91381883574947,38.973347098306824],[-76.91193716721055,38.97710678528279],[-76.91218822656454,38.97782143799398],[-76.91320771082505,38.97730487020011],[-76.91421203047192,38.98016346826651],[-76.91284759959225,38.98197729328454],[-76.91022011687693,38.98190541308396],[-76.90716136368468,38.98345501891622],[-76.9041965605308,38.98299265567969],[-76.90291810452291,38.98448206606154],[-76.89487082897638,38.983226640116136],[-76.89443122688411,38.98653572561276],[-76.89560756743026,38.988745878799165],[-76.89687826981158,38.988944131246164],[-76.89568587590549,38.99010916705177],[-76.89788210854032,38.9918028665323],[-76.89745055735773,38.99342437693776],[-76.89872134647104,38.99362261066119],[-76.89727793149864,38.994072980794954],[-76.89726996165518,38.99576057111427],[-76.89379478644202,38.99555617871383],[-76.89617177994656,38.99491372023534],[-76.89643073536475,38.993940816563466],[-76.89525428582319,38.99173066939281],[-76.89330903507145,38.99075161574481],[-76.89467411752825,38.98893800311405],[-76.89349780222928,38.98672784101548],[-76.89256437264552,38.98691994940414],[-76.89360023190689,38.983028367293215],[-76.88952133059254,38.985093945913675],[-76.88764629532386,38.987165683205724],[-76.88765448742174,38.98547809577017],[-76.89071374101245,38.983928970232796],[-76.89029833798502,38.98217527979087],[-76.88673748483882,38.98229498664229],[-76.8841798303218,38.98527343451636],[-76.88257206212289,38.98468463068942],[-76.8813795089744,38.98584952828107],[-76.87977175070739,38.98526068812754],[-76.88129313378911,38.986173818670395],[-76.88059374854832,38.99045572803004],[-76.87897750120494,38.99155446528184],[-76.87677327139573,38.99154801926671],[-76.87651406164343,38.992520881545104],[-76.87736120504702,38.992653181676104],[-76.87616843785719,38.9938180306377],[-76.87456054568274,38.9932291222534],[-76.87297827890963,38.987577430786885],[-76.87017778022656,38.98815327202118],[-76.86857006172029,38.987564286559795],[-76.87137055045821,38.98698848165268],[-76.87205333827879,38.98608179833968],[-76.8756144008649,38.985962512717805],[-76.8751129493542,38.98453305721951],[-76.87730853477164,38.9862271192125],[-76.8811370675419,38.9834472259318],[-76.88436082025378,38.982937263208896],[-76.88530246655104,38.981057630498825],[-76.88335763501016,38.98007842250997],[-76.87749817495225,38.98220337168263],[-76.87877711116626,38.980714223713726],[-76.87776575555542,38.979542923661334],[-76.87879390487859,38.97733905379702],[-76.88277801614998,38.97728570564987],[-76.88260529780301,38.97793428748189],[-76.88624406420384,38.97917799118375],[-76.887695442212,38.977040165132216],[-76.88878509071951,38.97957467421219],[-76.89132614493656,38.9799713052377],[-76.89057357405807,38.97782721855694],[-76.89269107458975,38.97815771741989],[-76.89368654851084,38.982704068498734],[-76.89581220753635,38.98134692759433],[-76.90207886706106,38.98266235288428],[-76.90462789952629,38.981371124440436],[-76.9090357477008,38.98138298804155],[-76.91073755256335,38.97995955067133],[-76.91109014197694,38.97697472144812],[-76.90989817172905,38.978139891630164],[-76.90651005594653,38.977611545871575],[-76.90118490139137,38.97441659405164],[-76.89982816215,38.97454268884237],[-76.90000071895466,38.97389408338363],[-76.90305138937192,38.97403224133671],[-76.90600805513995,38.97618221709315],[-76.90948233945153,38.976386266979596],[-76.91160751934302,38.9750288568646],[-76.91264219107751,38.971137122936575],[-76.90562342372513,38.967678241212546],[-76.9010438748949,38.968314863005055],[-76.89503734413184,38.966026491704866],[-76.89164180294428,38.96718532381283],[-76.89078681281286,38.96874070459376],[-76.88731294596278,38.96853613155914],[-76.88460789465995,38.96710042022934],[-76.8834156622186,38.9682653342871],[-76.88374447453371,38.97034333539323],[-76.87704733654665,38.97064842065844],[-76.87507744896578,38.974731833759975],[-76.87304652648878,38.974076750538856],[-76.87194039897416,38.97491727144039],[-76.87177614866071,38.973878254572874],[-76.87008232233684,38.973613573064455],[-76.86497476813123,38.977882139092486],[-76.86523408000195,38.9769093031077],[-76.86346251512873,38.9752812265402],[-76.86532922437098,38.9748974411667],[-76.86644411040136,38.97236939657015],[-76.86780086688862,38.97224366680925],[-76.8648454900498,38.970092782226125],[-76.8623049251511,38.96969560962847],[-76.86247780484771,38.969047056866366],[-76.8660380496346,38.96892804629606],[-76.86620220685835,38.96996706998642],[-76.86966747533916,38.97185981635423],[-76.87263160542133,38.97232300361678],[-76.87654596240465,38.96921897426633],[-76.88197265544589,38.96871552469771],[-76.88300052443473,38.96651162356546],[-76.88139318021604,38.9659228061316],[-76.87935406461186,38.96695540886312],[-76.87325341883229,38.96667785318677],[-76.87155119156655,38.968100773610125],[-76.87028092212483,38.96790226251425],[-76.86833664423104,38.96692282108537],[-76.87130913364611,38.96569845851128],[-76.87064369617687,38.96322997326703],[-76.86776635710247,38.96244245938026],[-76.86717014903992,38.96302483649927],[-76.86649619673152,38.962243909705975],[-76.8658135633035,38.96315055919327],[-76.86454339590325,38.96295198950788],[-76.86317805010941,38.96476526354837],[-76.86250412451804,38.96398431487219],[-76.86063768026628,38.96436805712813],[-76.85988617473281,38.96222378946926],[-76.86227115660323,38.9598944043804],[-76.86464726367717,38.95925255305044],[-76.86634073605671,38.95951730818236],[-76.86684184295817,38.960946793753486],[-76.8668505144362,38.959259214373944],[-76.87091145756166,38.96056954757956],[-76.87191388506723,38.96342848051255],[-76.87318408088564,38.96362697476105],[-76.8741087593989,38.96512259371576],[-76.87927608695081,38.965592115111974],[-76.87962152132327,38.9642949629316],[-76.88283613520527,38.96547262264634],[-76.88360491798635,38.9642415883306],[-76.8792232672088,38.95916607971611],[-76.879819347228,38.95858364501435],[-76.88235961980995,38.95898045837697],[-76.88471900603966,38.961713383598],[-76.8839502688041,38.96294442435862],[-76.88546299756314,38.96554508240373],[-76.89139098202699,38.96647063069203],[-76.89334361599047,38.96576212801188],[-76.89505338046473,38.96265132705554],[-76.89083551040564,38.95861521327068],[-76.89008317476693,38.95647113041749],[-76.89615905464866,38.96181060169962],[-76.8966607629269,38.96323996724954],[-76.90098125115271,38.96357641677585],[-76.90114589511552,38.96461539334608],[-76.90317680639785,38.96527001575607],[-76.90223582598016,38.967149779587096],[-76.90605464017432,38.96605670875302],[-76.9121401145005,38.96970782035635],[-76.91722932044514,38.96881248779191],[-76.91766028504257,38.96719091473972],[-76.91850720833413,38.96732293353838],[-76.91878070312882,38.96297481962034],[-76.92098407114251,38.96298051965491],[-76.92116382440204,38.96064430266817],[-76.91489871563859,38.95932984541525],[-76.91202867602715,38.956855776562556],[-76.90796720029304,38.95554678994957],[-76.90806113572607,38.95353490179398],[-76.90670479758036,38.95366107137514],[-76.90450951038024,38.951967537685526],[-76.90171063115746,38.95254408727481],[-76.9028160749447,38.95170330383083],[-76.90231432531905,38.95027396556265],[-76.89402005734581,38.94830382103178],[-76.89419260370357,38.94765522614023],[-76.90037798025183,38.94760744984171],[-76.90130301392483,38.949102862610005],[-76.90628918205412,38.95190744235928],[-76.9088293658466,38.95230371337505],[-76.9097699841143,38.95042390361106],[-76.90933125738275,38.95373302570584],[-76.910342762254,38.95490406398473],[-76.91736052211415,38.95836267230649],[-76.92371174722018,38.959352686537535],[-76.9236329469536,38.957989422330996],[-76.92465207223522,38.95747276204645],[-76.92244887065029,38.95746712715365],[-76.92407104920647,38.9546802476682],[-76.92153069954274,38.954284288599894],[-76.92102856468331,38.952855025519824],[-76.9240783932481,38.95299266612835],[-76.92849900895405,38.94962867653625],[-76.93072354225498,38.94457146307348],[-76.92801127384624,38.94482428260567],[-76.92472536547804,38.94059695783067],[-76.91947336839158,38.940453645652944],[-76.91717701814814,38.9424598101921],[-76.91260676537632,38.94140927801649],[-76.91879906413116,38.93967300559491],[-76.91955951927966,38.940129330898735],[-76.92219288990965,38.93851343499229],[-76.9255793000799,38.9390413496135],[-76.92801852556349,38.94313670320354],[-76.93055852154261,38.943532528800766],[-76.93174959455006,38.942367166104525],[-76.93293349199324,38.94288937139103],[-76.93267520595478,38.943862343752016],[-76.93360797758672,38.94366993495457],[-76.93575296923339,38.93724938166084],[-76.93067338677223,38.93645789190826],[-76.92719367833992,38.937942014215295],[-76.92405834658837,38.93812876832391],[-76.92101655398129,38.936303550143684],[-76.91678374946333,38.935643486970754],[-76.91848433386109,38.9342199528296],[-76.92254480904649,38.93552859121487],[-76.92237254398312,38.93617722440972],[-76.92753812785217,38.9366447339374],[-76.92872913653098,38.93547940136338],[-76.93042228861557,38.935743280890236],[-76.93118995291466,38.93451195712686],[-76.93288309142041,38.93477580302614],[-76.93449726483608,38.93367637322133],[-76.93400924083575,38.92887201356799],[-76.93520001883387,38.927706620102704],[-76.93393739360862,38.92582118605033],[-76.93123301005909,38.92438649998088],[-76.93276804586453,38.9219238416859],[-76.93208661557642,38.92283085042335],[-76.93141233928812,38.92205028082333],[-76.92946124782657,38.922759378152875],[-76.9235510438119,38.918460507228644],[-76.92083972290415,38.91871316904202],[-76.91873128729475,38.91669558052945],[-76.91695248630191,38.91675585405379],[-76.91780630739432,38.9152003043914],[-76.91449964303052,38.91603544113985],[-76.91576159538711,38.91792107058074],[-76.90931255791469,38.920630106848506],[-76.90939104969414,38.92199337302234],[-76.90804301361456,38.920431983657984],[-76.90626411252997,38.92049210388686],[-76.90031600817578,38.92462999013254],[-76.90064510571096,38.92670793354625],[-76.8982703779698,38.92735047129206],[-76.89817620581461,38.92936234464292],[-76.89394401193682,38.92870150267035],[-76.89697683862504,38.9322149573377],[-76.90196168368384,38.93501970434431],[-76.90136597369678,38.93560224346223],[-76.89730587515066,38.93429291176011],[-76.89634917379865,38.93954777476358],[-76.89551061842353,38.93772802913805],[-76.89305728087797,38.93700719004774],[-76.8956128769109,38.93402858023534],[-76.89502513960333,38.93292351380893],[-76.89273642177251,38.93324164868206],[-76.89341843957322,38.93233485496672],[-76.89316772126055,38.93162016898951],[-76.88679471363137,38.93569131809792],[-76.88568109581493,38.93821953207527],[-76.88710707682496,38.94114445208805],[-76.88440304724065,38.93970874194861],[-76.88346191249838,38.94158835646029],[-76.88032631190688,38.941774005211755],[-76.87718226558617,38.94364715061465],[-76.87362327527744,38.943766480505154],[-76.8742971329864,38.94454736650861],[-76.87709592177362,38.94397143606398],[-76.88004223620946,38.94780959781159],[-76.87801202008956,38.947154598427346],[-76.87732967156681,38.94806130928868],[-76.87615454327887,38.945850996253824],[-76.87488464949496,38.94565253292438],[-76.87097148879616,38.948756499235365],[-76.86919186512455,38.948816087890044],[-76.86647054661542,38.95075513901548],[-76.8652093019782,38.94886899967981],[-76.86071700712047,38.94917985393379],[-76.86056179078182,38.94645325030993],[-76.86335201069207,38.94756520550065],[-76.866574299061,38.94705570746027],[-76.86674708696388,38.94640715088496],[-76.86378404946255,38.945943824827104],[-76.86353357520336,38.945229077624525],[-76.8668421496624,38.94439529675354],[-76.8678701332984,38.942191528728074],[-76.8720165090472,38.94317754354157],[-76.87253469047654,38.94123185159877],[-76.8712648871258,38.94103335134263],[-76.87143761895463,38.94038478878476],[-76.87262105135554,38.94090756944941],[-76.87516914431392,38.93961695397746],[-76.87778665073793,38.94137715120065],[-76.88067161456698,38.940476854549445],[-76.88017037703332,38.939047429026985],[-76.87805407076448,38.93871671842652],[-76.87882265189481,38.937485718460444],[-76.87746656211434,38.93761156809668],[-76.87652527541553,38.93949112942367],[-76.87500492755822,38.9385779466997],[-76.87526396543913,38.937605095316485],[-76.87272447727653,38.937208137891446],[-76.87289718703003,38.93655957364666],[-76.87688750724077,38.93481884094456],[-76.87764764896282,38.93527542284598],[-76.87706860572153,38.93248269744022],[-76.87841620064054,38.934044425985114],[-76.8795216325199,38.93320385231788],[-76.88155147325064,38.93385882572166],[-76.88223363611486,38.93295209344033],[-76.88384025933487,38.93354089722117],[-76.8846949845432,38.931985572133144],[-76.8835116104683,38.93146290731184],[-76.88504840910608,38.92900083765984],[-76.88580854126192,38.92945736918022],[-76.88504016296613,38.93068841106918],[-76.88698369802113,38.93166758570621],[-76.89013510312849,38.92810662146636],[-76.88642075368959,38.92549975950076],[-76.88591950639542,38.92407036015046],[-76.8838036092524,38.92373974832244],[-76.88372559457017,38.922376465683335],[-76.88110029102019,38.92230396960221],[-76.88127289083796,38.92165539501502],[-76.87856969986724,38.92021956153061],[-76.87627286109242,38.92222496308891],[-76.8757718355114,38.92079552335977],[-76.86849199011215,38.91999498615146],[-76.867300271046,38.921159737618574],[-76.86569405470513,38.9205707205846],[-76.86348322977378,38.922251608780215],[-76.86516713161767,38.92420394900415],[-76.86388890954728,38.9256929446112],[-76.86532247296468,38.92693053845372],[-76.86455377503366,38.928161452969476],[-76.86319783424837,38.92828714644169],[-76.86327547095483,38.929650443052815],[-76.86054589706302,38.93327693152837],[-76.85436171231142,38.933322721699476],[-76.85316954910441,38.9344873394636],[-76.85249601108487,38.93370633980451],[-76.85419780664864,38.932283687804386],[-76.85404287042265,38.92955708245473],[-76.85488924049785,38.92968953472413],[-76.8552170645546,38.93176759987928],[-76.8597083086949,38.93145694556522],[-76.85887076219447,38.92963695439948],[-76.86056352484009,38.929901787272854],[-76.86073632557328,38.929253240618245],[-76.85862039224938,38.92892219889559],[-76.85879320796357,38.92827365503503],[-76.86040835533798,38.92717519076741],[-76.86167788744348,38.927373801781485],[-76.86100432397062,38.926592849088706],[-76.86126350625035,38.925620028553965],[-76.86210984369868,38.925752431476326],[-76.86220500754175,38.9237405866397],[-76.85924292116215,38.92327715355258],[-76.85754143462512,38.924699873034044],[-76.85635837386909,38.92417694967202],[-76.85661760961158,38.923204139165],[-76.85916536673717,38.92191385559284],[-76.8616178602248,38.92263536351886],[-76.86349197446927,38.92056403877147],[-76.86290483323111,38.919458822214025],[-76.86477011463923,38.91907504828028],[-76.86452844331987,38.91667273649615],[-76.86292234834947,38.91608368391232],[-76.86326783916378,38.91478658625056],[-76.86047006254933,38.91536220241567],[-76.86030611016575,38.914323179106056],[-76.85861371051723,38.91405834327455],[-76.8603149275206,38.91263561109577],[-76.85743969878817,38.911847863252405],[-76.85761248450463,38.91119932251407],[-76.85981428108,38.91120610872745],[-76.8597367288136,38.909842813301836],[-76.86235279230662,38.911603329088926],[-76.86183454967656,38.91354897066486],[-76.86504663621399,38.914727082862434],[-76.86646265324643,38.9193398002586],[-76.86832791285666,38.918955972814736],[-76.86859559606414,38.91629556856621],[-76.86951957942881,38.917791211814105],[-76.87180791308697,38.91747350604182],[-76.87197203664857,38.91851251456855],[-76.87637607499026,38.91852553791699],[-76.87629820492272,38.91716225155843],[-76.87443303325932,38.917546198798085],[-76.87604770683863,38.91644753244575],[-76.87579721367084,38.91573281289455],[-76.8766519016489,38.91417754696721],[-76.87866440180325,38.918207705584976],[-76.88078011489752,38.91853840485427],[-76.88009806894289,38.919445127373116],[-76.88110862750443,38.92061639836829],[-76.88500335283837,38.92088726631755],[-76.88526219423848,38.919914396404444],[-76.88729171619602,38.920569274680965],[-76.88797368311603,38.9196625124629],[-76.88983070353656,38.92096593295964],[-76.88923501147639,38.9215484126963],[-76.89124841166927,38.92557837100923],[-76.89386580210403,38.927338225504435],[-76.89717321625605,38.92650363774456],[-76.89667175100585,38.925074281669104],[-76.89794929186247,38.923584948384544],[-76.89693842127707,38.92241381418007],[-76.89397616801814,38.92195121082793],[-76.89381172278975,38.92091223097618],[-76.89643698879577,38.920984457941714],[-76.89778478626296,38.922545973574884],[-76.89914056036808,38.92241990206224],[-76.90050421682226,38.92060624322918],[-76.90279250363409,38.92028796556527],[-76.90449300293668,38.91886462623753],[-76.90518251789842,38.91627019782141],[-76.90247905552545,38.91483488660139],[-76.89773036474031,38.91611998488442],[-76.89765209754698,38.91475671240391],[-76.89680582331563,38.91462455224068],[-76.89620225295121,38.91689463600569],[-76.8931620453588,38.915068740042],[-76.89180639774676,38.91519474607029],[-76.89239394315298,38.91629982510811],[-76.88791195151643,38.914924091995125],[-76.88859385785833,38.914017327044526],[-76.89079574238255,38.91402356310239],[-76.89258256791247,38.91227609469511],[-76.89284934068549,38.90961564051372],[-76.89429110942667,38.90916532733723],[-76.89404046230108,38.90845064533439],[-76.8950510925115,38.90962180100163],[-76.89716663057936,38.90995222030921],[-76.8973310989185,38.910991194207384],[-76.89868665873519,38.910865127848716],[-76.8978324801491,38.91242054494046],[-76.90054364655663,38.91216838639467],[-76.89869458646763,38.90917755800989],[-76.90014420431304,38.90703960742731],[-76.89549020227827,38.90631274936991],[-76.89336672688196,38.907669870412086],[-76.89302180582227,38.9089670506651],[-76.88988763387395,38.909152940273465],[-76.88777215204686,38.90882239680525],[-76.88439567978867,38.906605883867684],[-76.88364407084327,38.904461777247725],[-76.87966394315347,38.904515152718126],[-76.88051841696253,38.90295986240836],[-76.88221063835257,38.90322439888053],[-76.88331555876313,38.90238379483804],[-76.88608799995906,38.90687036754064],[-76.89014636834125,38.908180061669476],[-76.89218368561444,38.90714729002732],[-76.8928815897789,38.902865365965155],[-76.89701809965388,38.90553810809536],[-76.8980366798508,38.905021670161524],[-76.89542799307655,38.901574340907565],[-76.896783380957,38.90144829550918],[-76.89730060407229,38.899502511035195],[-76.89722236277395,38.89813924121266],[-76.89603944861801,38.89761669825573],[-76.89638426220908,38.896319511491605],[-76.89545999968767,38.89482407262574],[-76.89317248064958,38.89514221394085],[-76.89428518006612,38.892613947082516],[-76.8931104317195,38.89040381101502],[-76.88650692013324,38.890385108964416],[-76.88455623982546,38.89109349681066],[-76.88429749139121,38.89206636163473],[-76.88277803574526,38.8911532798949],[-76.88472873494273,38.89044492002655],[-76.88456449269265,38.88940593213489],[-76.89201388634268,38.889556935881345],[-76.89219438733507,38.88722078412255],[-76.88754173052882,38.886493629495554],[-76.89042440075362,38.88559311248119],[-76.88916366400787,38.883707233020466],[-76.89068304439571,38.88462023564713],[-76.89306450163355,38.88229028297745],[-76.89264962144154,38.880536624861534],[-76.8938402709284,38.87937163584895],[-76.89063738821645,38.876506712431],[-76.89503088234518,38.87820663556198],[-76.8969970426785,38.87412295895582],[-76.89590069711089,38.87327611987887],[-76.89716938690522,38.87347436620236],[-76.89742789749337,38.872501476716344],[-76.89818751788009,38.87295792907541],[-76.8982816168382,38.870946070140356],[-76.90168042267582,38.868099509773565],[-76.89878274120734,38.8723754099072],[-76.89886098403456,38.87373867443723],[-76.8980151839361,38.873606523205],[-76.89672258157138,38.87847097313581],[-76.8945999404593,38.879828110573214],[-76.89441953490275,38.882164263723006],[-76.89186570914545,38.885142828870855],[-76.89439546237628,38.88722695622945],[-76.89354146930503,38.88878233908871],[-76.89420700258789,38.89125067653718],[-76.8972382829385,38.89476410758776],[-76.89969023932417,38.89548485996936],[-76.89934548854882,38.89678205579182],[-76.90052841286462,38.897304567147124],[-76.8995882419941,38.899184293367526],[-76.9005988328396,38.90035540241879],[-76.90433579608103,38.89789912677017],[-76.90441417023759,38.89926239205781],[-76.90067713970541,38.901718670493246],[-76.90149968572337,38.90691351037895],[-76.90251825337819,38.90639703553524],[-76.90293351844952,38.908150666288286],[-76.90471212088511,38.90809059393707],[-76.90587974530035,38.9119881955481],[-76.90975875816143,38.91563342799905],[-76.91374705062529,38.91389151448839],[-76.91460090659763,38.91233598748486],[-76.91290835597451,38.91207189282215],[-76.91249282840158,38.91031829459357],[-76.91122345518001,38.91012020423201],[-76.91243711856211,38.90389232274519],[-76.91358992440946,38.911164990778296],[-76.91604259466831,38.9118854212278],[-76.91799352547028,38.911176536047016],[-76.91967863210303,38.91312813290254],[-76.92441940861657,38.91352976664229],[-76.92467037129602,38.91424438766966],[-76.92492865923597,38.91327143590031],[-76.92874430795445,38.91217767497862],[-76.93119716217073,38.912897805745345],[-76.9311899871127,38.91458537838487],[-76.93238057665076,38.91342001421625],[-76.93491956002337,38.91381574890508],[-76.93484059925095,38.91245250041554],[-76.93679136225015,38.91174331942323],[-76.93620318008333,38.91063845153407],[-76.93324115657178,38.910176786869265],[-76.93187851060627,38.9119908030897],[-76.92951175225554,38.910946365501594],[-76.92926797276657,38.90854418301516],[-76.92613391172188,38.90873098883454],[-76.92385343467916,38.907362125734345],[-76.9259690376662,38.90769205349496],[-76.92987044344336,38.90627394091933],[-76.92877323187881,38.90542738933703],[-76.930049771782,38.90393772929742],[-76.93292547263408,38.90472379237204],[-76.93572226727824,38.90414654236608],[-76.93715662666743,38.90538330198196],[-76.93613125895241,38.90758763267533],[-76.9379098201479,38.90752708410533],[-76.93807486414133,38.90856600353575],[-76.94198300545003,38.905459938262425],[-76.94088566539051,38.9046134939682],[-76.94173883307108,38.90305778202002],[-76.93927921935976,38.90402543150318],[-76.93869806191809,38.90123300600122],[-76.93726375807685,38.89999626487559],[-76.9330329159546,38.89933675938118],[-76.93099639640656,38.90037020113037],[-76.92634251282726,38.8996445018384],[-76.92490845002624,38.8984076180274],[-76.92262094716814,38.89872630288625],[-76.92305137715695,38.89710472673184],[-76.92220526192902,38.89697274022282],[-76.921860905028,38.8982699988674],[-76.91949473605969,38.89722537191647],[-76.91881337154678,38.898132304792284],[-76.91789610704929,38.89494946489316],[-76.91578091065841,38.8946193999218],[-76.9147701553479,38.893448415492365],[-76.91223199127046,38.89305226926696],[-76.9120597348275,38.89370088450754],[-76.91096291958286,38.892854176672884],[-76.90791563326343,38.89271621479101],[-76.90944311337961,38.89194142173655],[-76.90869091864191,38.889797471010134],[-76.90378725910467,38.88835627490226],[-76.9079387681709,38.88765351628872],[-76.90836945949643,38.88603199336925],[-76.90525185963502,38.882843140757565],[-76.9055180620964,38.880182669198625],[-76.90661462333973,38.88102942389014],[-76.90873707566114,38.87967208049616],[-76.90858021067714,38.876945562161744],[-76.9095045156755,38.87844089990658],[-76.91077333238512,38.87863900708264],[-76.90677916111002,38.88206838147023],[-76.90863555977792,38.88337151408288],[-76.90871399875503,38.884734774188445],[-76.90998292291341,38.88493288960823],[-76.90903546998318,38.888500250334715],[-76.91241946028128,38.889028520728644],[-76.91294377278275,38.885395108419566],[-76.91464325946747,38.88397163624585],[-76.91440006038478,38.881569432713],[-76.91670207553636,38.8778757712032],[-76.91569153766106,38.87670479668844],[-76.91663100313473,38.8748249535688],[-76.9143517656138,38.87345592146776],[-76.91511904531207,38.87222470702832],[-76.91772761287676,38.87567160938731],[-76.91687425325107,38.87722715076979],[-76.91839384564582,38.878139812952064],[-76.91617800454078,38.88150919607831],[-76.91658594614562,38.8849503410246],[-76.91523089943617,38.88507660265834],[-76.91395438702517,38.88656610657264],[-76.91410390535312,38.890980187831815],[-76.91621898849398,38.89131028126891],[-76.92026960552944,38.89430655409235],[-76.92255697990198,38.89398791279916],[-76.92272177428673,38.89502685086025],[-76.92517399153118,38.89574709918528],[-76.9270383374204,38.89536238986926],[-76.9281281329013,38.897896524555854],[-76.93168479244653,38.89777563166852],[-76.93380726547167,38.89641785618839],[-76.93439529648954,38.89752273342661],[-76.9391351385468,38.89792380370174],[-76.94124359589325,38.89994104032639],[-76.9462415869699,38.89936885448713],[-76.94411925973628,38.900726843354796],[-76.94437037155463,38.90144142331097],[-76.94716694946784,38.900863915375105],[-76.94877338944744,38.90145187539642],[-76.95182781411701,38.899901262057874],[-76.95268069293951,38.89834547575703],[-76.94879368783442,38.89638916419298],[-76.94770319611428,38.89385521171499],[-76.94203146757951,38.89364694710747],[-76.93763594621376,38.891948687119076],[-76.93704791104007,38.89084382602457],[-76.93357762875061,38.890640550310245],[-76.9328965011298,38.891547559831736],[-76.93171343821925,38.891025357745804],[-76.93121153957968,38.889596148000294],[-76.93612288344781,38.88934869149585],[-76.9362159560948,38.88733679993218],[-76.93478196792967,38.88610003224172],[-76.9345380978225,38.88369786765424],[-76.93200731918036,38.88161456066422],[-76.92870957121542,38.880762506923745],[-76.92888164886865,38.88011386958845],[-76.93226539349716,38.88064159762321],[-76.9328604071282,38.88005891427974],[-76.93471013052321,38.88304922199672],[-76.93640208596987,38.88331301808713],[-76.93572106200392,38.88422004231033],[-76.9374920268901,38.88584706665435],[-76.93764999294189,38.88857355122055],[-76.94043221313406,38.89137133179149],[-76.94847012698486,38.89262378780263],[-76.9503342698795,38.89223872829279],[-76.9514315333216,38.893085087627746],[-76.95262144772127,38.89191953234266],[-76.94975278276125,38.889446358779],[-76.94831174725003,38.8898973156775],[-76.94789549409155,38.888143841157266],[-76.9461174143532,38.88820453282569],[-76.9447692164845,38.88664354958566],[-76.94383720437145,38.886836040864615],[-76.94418798728424,38.8838511558979],[-76.94992469358264,38.88879769155458],[-76.95288595361528,38.88925895641271],[-76.95422773449836,38.892507421022884],[-76.95600591248528,38.89244661298025],[-76.95719574327642,38.89128101387928],[-76.95880205288374,38.891868843237454],[-76.95939694595343,38.89128603171602],[-76.95720231369644,38.889593444821],[-76.96135337734515,38.88888889719826],[-76.96161108553832,38.88791587223299],[-76.95983302280413,38.88797676064718],[-76.96247651081151,38.88298488469061],[-76.94792941864603,38.87970600512036],[-76.9461651948032,38.87639156538405],[-76.94709706718642,38.87619905684472],[-76.94861024846068,38.878798914322154],[-76.95097623636457,38.87984298312783],[-76.9530911631005,38.88017244694051],[-76.95292596932876,38.879133551202884],[-76.95377193301815,38.87926532773758],[-76.95850415481337,38.881353223347496],[-76.95893368363693,38.87973152620533],[-76.96366608359675,38.88181922484165],[-76.96392373590506,38.88084619590976],[-76.96519274223412,38.88104374598462],[-76.96621685728888,38.878839182365724],[-76.96451849802263,38.88026336059802],[-76.96384426825256,38.87948297161715],[-76.96478252723881,38.87760276309468],[-76.96266762223648,38.8772734988913],[-76.96250229851253,38.8762346162851],[-76.96030155026565,38.87622965360533],[-76.958702107567,38.873954278873335],[-76.96115397114228,38.874673813548135],[-76.96089630367453,38.87564683599967],[-76.96436594799408,38.8758493465342],[-76.96453129741256,38.87688822660628],[-76.96605784354028,38.87611273755319],[-76.96817273017109,38.876441943857614],[-76.9683444463501,38.87579325212481],[-76.9666525499569,38.87552989233224],[-76.96606420737214,38.874425171146974],[-76.96470944227413,38.87455197352273],[-76.96378405400807,38.87305704843826],[-76.96200635562192,38.87311796791628],[-76.96099515589273,38.87194736359885],[-76.96522466076293,38.872605912595944],[-76.96784193425158,38.87436419345067],[-76.9693683922768,38.87358866385321],[-76.96818535965012,38.87306681103515],[-76.96887217376528,38.870472043947494],[-76.96954009108975,38.872939970684214],[-76.97241499444641,38.8737251147185],[-76.9776744753081,38.870491051420686],[-76.98156687869162,38.87075888471785],[-76.98148709202255,38.86939567340076],[-76.97818931889059,38.868544937545416],[-76.97853253267056,38.86724752735368],[-76.98301330076643,38.8686199761974],[-76.9853055117397,38.8666126124211],[-76.98936924252669,38.866231485792675],[-76.99445597814926,38.86364543301211],[-76.9946274302508,38.862996705862905],[-76.99293573599387,38.86273370528892],[-76.99328439223896,38.85974869030799],[-76.99227287571502,38.85857834309206],[-76.99312440771256,38.85702228642311],[-76.99178154674581,38.85377425679011],[-76.98586145529148,38.852853518769926],[-76.98331835669374,38.854146393165145],[-76.98162690864443,38.85388323846167],[-76.98281570027619,38.85271739880742],[-76.98654156225477,38.85194622250665],[-76.99203872462905,38.85280117264115],[-76.99213020740117,38.850789248091885],[-76.9895989258118,38.848707125422415],[-76.9891819148223,38.84695379817368],[-76.99163317099844,38.84767272756544],[-76.99154167841974,38.84968465104898],[-76.99289019414047,38.85124511859655],[-76.99237586521997,38.853191289662036],[-76.99456451590386,38.85657081037308],[-76.9944673883589,38.860270302698545],[-76.99869651776811,38.860927708381176],[-77.00217109268934,38.85944159510723],[-77.0047304427759,38.85308563978868],[-77.00803860646289,38.850560539985196],[-77.01299453442923,38.83512197964155],[-77.01596442354733,38.83220661311748],[-77.02248723627939,38.82916767926552],[-77.02063018424847,38.8278662608099],[-77.02114358047479,38.82591997786352],[-77.0201371941453,38.823062303175526],[-77.01777205884805,38.8220195615579],[-77.01786279308598,38.82000762471288],[-77.01701740115894,38.81987628654282],[-77.01804424654375,38.81598375205895],[-77.01179512156077,38.81298665388984],[-77.01222306283529,38.81136478453933],[-77.01357657149869,38.81123746365751],[-77.01340540961057,38.81188621340665],[-77.01543307427472,38.812538985668716],[-77.01425594563415,38.8103300192797],[-77.01746594425798,38.8115041675879],[-77.01880917071774,38.81475190411078],[-77.02136042427139,38.81008319225259],[-77.01409003889452,38.80929121324077],[-77.00892218861216,38.81220242869538],[-77.00508569635838,38.8217364316262],[-77.00701711504044,38.82608882916555],[-77.0065781275233,38.83108580226688],[-77.00080878678301,38.83626728036387],[-76.99386164855835,38.83923932572762],[-76.99267899800793,38.83871770877522],[-76.98522867709846,38.8402603163359],[-76.98039451134179,38.84356048559355],[-76.96973267516749,38.843927048545254],[-76.96659514709924,38.84580243634749],[-76.96514869606224,38.84794114764069],[-76.96269125275636,38.84890925516822],[-76.96302178636084,38.85098701322088],[-76.96462725505829,38.851574764290234],[-76.96462085995528,38.853262326160944],[-76.96175330914059,38.850789441611596],[-76.9607294531687,38.85299396115185],[-76.95658042754603,38.853698484929325],[-76.95572815433914,38.85525428974041],[-76.95157225415291,38.8576462082229],[-76.95003920737732,38.86010907957583],[-76.94826181331464,38.86016980179794],[-76.94545996589025,38.862434894209755],[-76.94181909398192,38.86288050886845],[-76.94156121009006,38.86385348975283],[-76.93766932287286,38.863584400131806],[-76.93698849901887,38.86449142919148],[-76.93470211346798,38.86481033564808],[-76.93444412773779,38.865783301935224],[-76.9330894683419,38.86590975851327],[-76.93291033101148,38.86824596363094],[-76.93189966625773,38.86707512262706],[-76.93012208723425,38.867135584687645],[-76.92944113628091,38.868042572651056],[-76.92208729985984,38.86588194290487],[-76.92276832213776,38.864974995583],[-76.91879783700959,38.86334206525313],[-76.91532891512207,38.8631382793061],[-76.91373116380808,38.86086232791585],[-76.90857873261433,38.85870668793811],[-76.91103722454767,38.85773965288995],[-76.9130652468454,38.858394104282795],[-76.91332349178457,38.85742118335693],[-76.91416913181766,38.857553229861495],[-76.91550860341393,38.860802101027254],[-76.9222667782905,38.863545754090694],[-76.92050411260855,38.86023095547896],[-76.92185868828636,38.860104636570554],[-76.92220286492162,38.85880738388923],[-76.92136459298618,38.856987831703016],[-76.919673303036,38.85672383116187],[-76.92153667987346,38.8563392063744],[-76.92163011295035,38.85432733363704],[-76.91849836336755,38.854513945193595],[-76.91935886549497,38.851270837445874],[-76.92180957758445,38.85199114856666],[-76.92393090149474,38.85063354957293],[-76.92858163214652,38.85135933520904],[-76.92781479945829,38.85259063002889],[-76.92848839473174,38.85337121251119],[-76.92671114705448,38.85343162554487],[-76.92594426097104,38.85466290907345],[-76.92349341820164,38.853942679525],[-76.92272647238994,38.8551739432064],[-76.9234713743655,38.85900536060813],[-76.92269700840268,38.861924186062076],[-76.92581447666429,38.86511259189728],[-76.93156994693324,38.86499727784689],[-76.93242284971964,38.86344163753486],[-76.933691467571,38.863639509726156],[-76.93352658778946,38.862600590181046],[-76.93674462848985,38.862089275118706],[-76.93708854955446,38.86079198080888],[-76.93894494811694,38.86209465610879],[-76.94928614714559,38.85796538352033],[-76.95514675562482,38.8524619577588],[-76.94575878882009,38.85133653563898],[-76.94340068707224,38.848604810524456],[-76.94162356797318,38.84866543744164],[-76.94061303473693,38.84749467011695],[-76.93503798477236,38.84527420153465],[-76.94459000384983,38.84743933843848],[-76.94424627927192,38.848736651611],[-76.94737092047282,38.85023694973051],[-76.9519359579416,38.851286189034134],[-76.9545587735848,38.85135718490565],[-76.95481643978857,38.85038417836107],[-76.95726747224778,38.85110378796365],[-76.96185208416365,38.84708997909548],[-76.95771651459856,38.84441941935828],[-76.96067602133533,38.84488049570258],[-76.96244658744922,38.846507156001145],[-76.96592757808197,38.84333450136927],[-76.96271700852216,38.84215901323917],[-76.96230068146798,38.84040559683273],[-76.96297453333969,38.84118599071695],[-76.9648372844265,38.84080071541126],[-76.9656764551193,38.84261997000652],[-76.96694480083066,38.84281750127003],[-76.96711644874009,38.84216881373123],[-76.96821315341471,38.84301501955135],[-76.97092774299182,38.84107376407971],[-76.97557833105195,38.841797784641734],[-76.97668124351334,38.840956355008366],[-76.9783723738081,38.84121957685696],[-76.98362924559433,38.83798527268571],[-76.99539277609796,38.836775918135466],[-77.00336744222956,38.82991136934952],[-77.00371551452652,38.82692633578516],[-77.0025385085984,38.82471725479379],[-77.00321814566139,38.82380986974641],[-77.00186991626936,38.82224951921693],[-76.99992218052418,38.822959716514895],[-76.9986372746963,38.827825199076],[-76.99507845058369,38.82963557088979],[-76.97994030263973,38.82863100508472],[-76.97942578760365,38.83057711759605],[-76.97325039200511,38.830628834768405],[-76.9632834517827,38.826712501260076],[-76.95693667145908,38.827412086169645],[-76.95642155110531,38.82935810281221],[-76.9539712579223,38.828638478174014],[-76.95311922194773,38.83019426079413],[-76.9521946342159,38.8286992565964],[-76.94923583784431,38.82823797843948],[-76.94626344321162,38.831151742997754],[-76.94550395748931,38.83069558751837],[-76.94593347703041,38.82907394472724],[-76.94788190160207,38.82836459620054],[-76.9476310070206,38.82765002941099],[-76.95033884913957,38.827396784594114],[-76.95059648698725,38.82642378934185],[-76.95329761835596,38.82785803636009],[-76.95609130360046,38.82728033200652],[-76.95634886428186,38.82630732480137],[-76.96252390584054,38.82625645036651],[-76.96362673387006,38.82541513836059],[-76.96472314608503,38.826261373568364],[-76.96743087723091,38.82600775509376],[-76.96751035365698,38.827370968889866],[-76.97317080471953,38.82926562419395],[-76.97469626200996,38.82849003287762],[-76.98002605247572,38.828306652830285],[-76.98112870956467,38.82746518480794],[-76.99508413875424,38.82794801185589],[-76.99703769762824,38.825550331580196],[-76.99078282924084,38.82423972834005],[-76.98850962113023,38.821184510554225],[-76.98393999670473,38.82182417952506],[-76.98267197009389,38.821626822715686],[-76.98386021921296,38.82046097707267],[-76.97743452379011,38.819798409511456],[-76.9789597377106,38.81902276644047],[-76.98648195716605,38.82053129686888],[-76.98716175498616,38.819624000339104],[-76.98564842731484,38.8170246307976],[-76.97238130788503,38.813945970702],[-76.97432907101755,38.81323620723345],[-76.97500280056485,38.81401653346957],[-76.98581984815999,38.81637591911086],[-76.98574004149144,38.815012718623215],[-76.98346137648683,38.81364496686968],[-76.98490068800405,38.81319360523045],[-76.98692225802277,38.81553440053802],[-76.98767012752792,38.81936541480044],[-76.9903659296982,38.82248640965994],[-76.99526686885531,38.823924169417104],[-76.99943058764279,38.81815567899138],[-77.00019027994638,38.81861150312729],[-77.0007041564779,38.816665306804126],[-76.99698588990502,38.815749349138116],[-76.99276513632134,38.81340433189648],[-76.99302215873517,38.81243124987214],[-76.99032661454162,38.80931031599782],[-76.98821357445165,38.80898149017801],[-76.98965276453592,38.80853007351109],[-76.98957289481845,38.80716687655754],[-76.991845710591,38.81022207052142],[-76.99311356374646,38.81041933317257],[-76.99411871677466,38.813277223685766],[-76.99868211280689,38.814324736249624],[-76.99833950652236,38.81562219475922],[-76.99960747111322,38.81581939102316],[-76.99977876496403,38.81517066009878],[-77.00222905735473,38.815889377407764],[-77.00342788824949,38.8113482314328],[-77.00724243190874,38.808564511939366],[-77.00960698036624,38.8096074532391],[-77.00986376471197,38.80863433663826],[-77.01163985130015,38.808572731109834],[-77.01190190224004,38.80591205437757],[-77.01350677247528,38.80649916917553],[-77.01367792082107,38.80585041963037],[-77.0445305447353,38.81064135088447],[-77.04393243338754,38.812912123661],[-77.04054639029549,38.81407500687329],[-77.04113537403701,38.815179366810526],[-77.04011441783591,38.81738453326628],[-77.04104066400843,38.81887887873815],[-77.0401905998671,38.82043525812596],[-77.04415691173057,38.82375184976721],[-77.04381507028414,38.82504943519332],[-77.04516877770705,38.82492176880817],[-77.04660343400379,38.8261572500248],[-77.04642353122507,38.830181168558674],[-77.04735454785143,38.82998790727149],[-77.0466754025087,38.83089553501925],[-77.04752097556779,38.83102667086808],[-77.04734559043202,38.833363030653736],[-77.04819119331107,38.833494161961276],[-77.04708473423838,38.836023789685306],[-77.04775498315337,38.83849128445295],[-77.04860064624557,38.83862241303731],[-77.04851964145145,38.83725925015158],[-77.0501254964235,38.8378458921494],[-77.05173575485168,38.83674495045446],[-77.05579747268953,38.836361646700865],[-77.05461873670757,38.8341530588098],[-77.05267555270916,38.83317652419697],[-77.05394396929943,38.83337316440779],[-77.05411482092889,38.83272435724991],[-77.05690363461397,38.83383194106712],[-77.05792431334636,38.83162663247549],[-77.05657476901288,38.830066876493454],[-77.0593677189725,38.829486842739364],[-77.0601279038497,38.82994229961834],[-77.05918851239375,38.83351078118556],[-77.06002995291307,38.83532939427897],[-77.06256278063364,38.837410074271254],[-77.06586417925212,38.8365709981141],[-77.06568936858163,38.8389073852122],[-77.06357513148399,38.83857984458909],[-77.06331895859725,38.83955307543373],[-77.07050359093058,38.842354145601966],[-77.07109325689123,38.84345836626204],[-77.07600101237196,38.8432053690542],[-77.07574881122822,38.842491061321205],[-77.07913186864963,38.8430147767613],[-77.0808271201059,38.841589035101144],[-77.08319379156066,38.84263057440426],[-77.08489256496193,38.839517212732964],[-77.08904305394024,38.837120829584926],[-77.08980350374684,38.83757610467013],[-77.09132789307903,38.836799076728006],[-77.09259990854126,38.83530775723061],[-77.0946289328366,38.83595923399457],[-77.08903953981209,38.83880839375226],[-77.08777093409512,38.83861211284405],[-77.08624288998053,38.8410766616627],[-77.08361667857368,38.84269601847081],[-77.08488534416787,38.84289234201129],[-77.08751153446734,38.841272958272484],[-77.09216328936068,38.841992601382664],[-77.09697896686994,38.84543833387563],[-77.09892635664389,38.84472660878172],[-77.09926730941149,38.843428868737654],[-77.10095893822643,38.84369041687597],[-77.10341436694318,38.842719568218044],[-77.10468623846049,38.84122812365982],[-77.1049450111368,38.83856724232268],[-77.10376157757649,38.83804668633367],[-77.10461048986895,38.836489868055075],[-77.10291901501442,38.83622836998618],[-77.10376792412677,38.834671557785214],[-77.10512170494397,38.83454323597663],[-77.1050396480303,38.833180110888854],[-77.10732429306115,38.832858063100005],[-77.10749466848158,38.83220918244763],[-77.10487239602301,38.83214142453515],[-77.10809710403792,38.82656297279741],[-77.1097823060589,38.83019952593674],[-77.105797030487,38.83532285155571],[-77.10503021648401,38.83824280345885],[-77.10629886221619,38.83843890759493],[-77.10604013940635,38.84109979172317],[-77.10773173847254,38.841361247307056],[-77.10798732483246,38.840387924529665],[-77.11095062161638,38.83915784496313],[-77.10950853866015,38.841298237746784],[-77.11102979047526,38.84220853237238],[-77.10713843925959,38.8419447666055],[-77.09917879260738,38.845440869480484],[-77.10281463098156,38.846678198582424],[-77.10923164048363,38.854084529869084],[-77.11608742493847,38.85311802588646],[-77.11862530046466,38.85350999530918],[-77.11905110250946,38.85188775082057],[-77.12091329962433,38.85150012856747],[-77.12099567399038,38.8528632458461],[-77.12361870681478,38.85293066254649],[-77.12251731059217,38.85377340055753],[-77.11896312149555,38.853899767544426],[-77.11828464518317,38.85480779005936],[-77.11540892008118,38.85402603257306],[-77.11270066624907,38.85428288680809],[-77.11202210836218,38.855190875065645],[-77.11033017297373,38.85492947766804],[-77.1131177322732,38.857723366552584],[-77.11404305115268,38.86090474097999],[-77.11218355667013,38.859604691387446],[-77.11083534399965,38.856357953745345],[-77.10753665406826,38.855510662163894],[-77.10736931524444,38.854471976644504],[-77.1043264291887,38.85265127642458],[-77.10297231068023,38.85277958979325],[-77.10059203761051,38.85848869791415],[-77.10253653811944,38.859464483377955],[-77.10346141724507,38.86264593744262],[-77.10116935238047,38.86634305409579],[-77.10252372606429,38.866214760232715],[-77.10252052267967,38.86790233027149],[-77.10074306786242,38.86796523978198],[-77.10031676436748,38.869587424309465],[-77.10056930007045,38.870301684194],[-77.10200900412632,38.86984895888862],[-77.10090710236348,38.87069150640895],[-77.10124167505862,38.87276889869134],[-77.0982834513851,38.870623608720784],[-77.09913286015674,38.86906682228315],[-77.09650926932039,38.86899888704505],[-77.09625342933023,38.869972189278556],[-77.09168514880076,38.86892826665054],[-77.09067192526305,38.86775872213081],[-77.09194449448424,38.86626740420345],[-77.0962601263583,38.866597049048174],[-77.1000707540682,38.86549802397042],[-77.1019366166952,38.86342311693702],[-77.10101179426283,38.86024165120724],[-77.09839181804152,38.85848618739796],[-77.10085426252088,38.854140252383345],[-77.1007755065387,38.85108955447339],[-77.10187711352889,38.85024701001784],[-77.09942468518481,38.8495302622635],[-77.09934271792713,38.84816713118451],[-77.09705755787131,38.84848903227797],[-77.09655271134727,38.84706050129755],[-77.09359225970779,38.846602671433246],[-77.0921564049261,38.84536773198542],[-77.08953367346213,38.84529964923713],[-77.08894371331921,38.84419551615324],[-77.08301952173451,38.84496698745616],[-77.0834387779887,38.8467199975927],[-77.08538273496502,38.84769605095272],[-77.08495620820392,38.849318178866326],[-77.08284524073805,38.84730340086211],[-77.08106827121807,38.847366028010654],[-77.08073438995149,38.845288587337805],[-77.08251497467117,38.843538399838934],[-77.0756558222203,38.846190610116224],[-77.07590039775076,38.85028004980449],[-77.07792968951321,38.85093180117759],[-77.07538829201296,38.85222656453314],[-77.07495767540081,38.85553622570776],[-77.07249753801824,38.85819407893293],[-77.07435628852386,38.85949472379044],[-77.07774012514682,38.86001847824491],[-77.0814653540937,38.85924444699498],[-77.08146166345328,38.86093201508794],[-77.07579211998954,38.86072987148973],[-77.07519840745093,38.86131323904124],[-77.07139547137338,38.85903636286205],[-77.07004117635893,38.85916431638698],[-77.06868289008838,38.86097982281729],[-77.06851210190673,38.86162865208792],[-77.06944346162864,38.86143522409529],[-77.0681665177651,38.86461387846385],[-77.07366946228976,38.86377763899164],[-77.0777212387461,38.868456322187036],[-77.08296835115887,38.868592932654245],[-77.07975105289769,38.869108045085696],[-77.08118346754516,38.872030701906056],[-77.08338409541064,38.87203351800319],[-77.08338774209766,38.87034594767517],[-77.08474222145125,38.87021784810323],[-77.08380715321286,38.87209896163844],[-77.08752938447101,38.873012317530645],[-77.08558112754879,38.8737238657518],[-77.08811955647242,38.87411646098383],[-77.0877782616087,38.8754141748885],[-77.09310435179893,38.87860107109545],[-77.09284843261754,38.87957436741069],[-77.08912579950197,38.87866117056026],[-77.08777471634382,38.87710174636003],[-77.08337315433619,38.87709623101356],[-77.08456431583049,38.87424184146771],[-77.08270134438551,38.874628918344015],[-77.08126512197445,38.87339384870738],[-77.08100906295999,38.8743671199614],[-77.08016292680693,38.874236212107505],[-77.08033735820565,38.871899795279255],[-77.07720905391959,38.87040284849626],[-77.07712747870609,38.86903969950482],[-77.07340558072923,38.86812603162051],[-77.07188817071037,38.86552770333037],[-77.06934615693004,38.86682234490293],[-77.06816251892373,38.86630144718951],[-77.06841872114866,38.86532820341052],[-77.06672670699932,38.86506621028721],[-77.06724315431374,38.86143216045129],[-77.07241996442532,38.85514336173826],[-77.07267996427652,38.852482543872554],[-77.07352583448613,38.85261350248821],[-77.07361893978022,38.84891395266528],[-77.07176047220585,38.84761329829622],[-77.06617738007017,38.84708629870938],[-77.0618671830472,38.8450680421537],[-77.05763840488396,38.84441279391291],[-77.05442199486416,38.84492724729189],[-77.05407591292288,38.84791242871082],[-77.06049642987985,38.85194615228455],[-77.06032558999847,38.85259496960372],[-77.05821098002184,38.85226733693428],[-77.05643813798675,38.85064204511775],[-77.0547465077837,38.8503798888452],[-77.05346911672788,38.85355838771983],[-77.05761295329923,38.854538185778225],[-77.05549400758929,38.85589807302764],[-77.05532740946985,38.854859317328554],[-77.05346477823242,38.855245953815384],[-77.0522814417056,38.85472490510493],[-77.05253781527179,38.85375169546458],[-77.05050867211197,38.85309952799381],[-77.05203817624472,38.85063541688884],[-77.05085492475587,38.8501143548229],[-77.05111130115162,38.849141148636875],[-77.04975273022492,38.85095644545954],[-77.04890692197779,38.85082532456268],[-77.04984261784898,38.848944479079485],[-77.04798010865407,38.84933103285351],[-77.04620756612898,38.84770559517896],[-77.0423069641458,38.85081492240913],[-77.04357109228731,38.85269923443419],[-77.04382757501534,38.85172604304342],[-77.04560468268085,38.851663950043715],[-77.04686891078943,38.85354822859797],[-77.04643699146756,38.856857790990766],[-77.04804326144927,38.85744446125671],[-77.04693643367503,38.85997409434182],[-77.04829078425696,38.85984639334891],[-77.04794884712183,38.86114399528855],[-77.04929878227381,38.86270385059367],[-77.05056770361016,38.86290052602541],[-77.05032009539843,38.86049859764217],[-77.05175991773396,38.86004645670041],[-77.0518410084537,38.861409620918735],[-77.05269565835825,38.85816558771421],[-77.05438746187437,38.8584277722187],[-77.05430632685024,38.8570646101318],[-77.05768990653017,38.857588911997496],[-77.05777110541634,38.85895207194918],[-77.05903998429358,38.8591486605333],[-77.05845037400267,38.85804438057374],[-77.06082142844463,38.857398782189826],[-77.06157776258053,38.85954179873124],[-77.06268407566552,38.85701203501169],[-77.06581555976304,38.85682177899249],[-77.06623447044277,38.85857484965078],[-77.0653844813362,38.86013140860091],[-77.06453853851276,38.8600003942891],[-77.0653804183278,38.86181897636234],[-77.0633386046659,38.86622972330659],[-77.05851469991491,38.866157811634224],[-77.05834380907869,38.866806627274414],[-77.05817714540794,38.86576787410739],[-77.0569081536196,38.865571276536535],[-77.05622879567524,38.86647896024381],[-77.05639970457125,38.86583014754532],[-77.05259276087905,38.86524026124836],[-77.05132818199333,38.8633560385916],[-77.0509008056862,38.86497805203191],[-77.05208429881291,38.86549911453989],[-77.05174240269761,38.86679672779473],[-77.05436587225898,38.86686561079526],[-77.05461794816915,38.867579964010474],[-77.05240436434568,38.87263934443282],[-77.05798931449317,38.87316696622778],[-77.06121526600606,38.86927727938306],[-77.06451404015287,38.87012580548039],[-77.06433501780494,38.87414976966986],[-77.06568554460617,38.87570944880342],[-77.0650875584311,38.877980339900134],[-77.06644221183392,38.87785244023572],[-77.06669444413303,38.878566769808906],[-77.06635274687869,38.87986442536871],[-77.06330571356801,38.87973028379715],[-77.0628013122979,38.87830161020646],[-77.06068594522154,38.87797401880851],[-77.05857904015043,38.874271250325336],[-77.05713472430878,38.876411041624415],[-77.0584893624936,38.876283228911646],[-77.05975015647482,38.8798549525031],[-77.06143833351383,38.88180461295426],[-77.06296395051045,38.8810279301955],[-77.0657466358912,38.88551046549761],[-77.07014870479671,38.88551660685431],[-77.06794366519401,38.887201128651505],[-77.06599888788114,38.88622479715056],[-77.06658480398528,38.88901661813765],[-77.06480680318049,38.88907901234523],[-77.06590534798615,38.889924357446915],[-77.06556358341135,38.89122201263363],[-77.06793565452303,38.89057627556962],[-77.0742830082527,38.89155857174242],[-77.07462461910735,38.890260892466515],[-77.07674040556509,38.890588246439414],[-77.07877833636404,38.88786483926719],[-77.0830988420696,38.88650736987441],[-77.08479502779944,38.88508156674173],[-77.0870778277643,38.88644746382037],[-77.08148795786035,38.88760872553543],[-77.07792449945248,38.89110906373568],[-77.07318045756149,38.89240087490295],[-77.07250105217992,38.89330865074594],[-77.06988057394211,38.89155257720632],[-77.0681879455141,38.891290603213996],[-77.06844024145234,38.89200493040831],[-77.06717076499282,38.89180843731837],[-77.06699989107742,38.89245726689973],[-77.06590129538095,38.89161193123243],[-77.06842426432422,38.89875522977038],[-77.07019854464023,38.900380359378445],[-77.07409288330233,38.900645287320096],[-77.0743491270818,38.899672027213306],[-77.07451609891484,38.90071076290329],[-77.07730782544073,38.901817896099736],[-77.08298057090435,38.90201997127739],[-77.08315132491371,38.901371118894026],[-77.08340380248966,38.902085416531364],[-77.08924377350229,38.90332592896979],[-77.0930495796069,38.9056022695095],[-77.09440469752884,38.90547406377312],[-77.09457196864938,38.9065127731997],[-77.09736422230436,38.907619455560955],[-77.10082927651037,38.91119330370064],[-77.10209918154167,38.911389452560435],[-77.10657254340394,38.919507761375726],[-77.10784260887657,38.919703851627645],[-77.10868626011813,38.92152215275608],[-77.11393137077965,38.92503261738058],[-77.11578966859736,38.92802023451409],[-77.11824490133942,38.92873666522952],[-77.11654835379814,38.93016293408016],[-77.11908327222744,38.9339300666067],[-77.12864457253905,38.94114378982337],[-77.13506517841465,38.953611638620906],[-77.13845382606412,38.9541337412916],[-77.14032086632575,38.95205823256695],[-77.14159159051566,38.95225397803413],[-77.13963939487456,38.95465397339217],[-77.13658909686254,38.95452163226571],[-77.14454324210108,38.96283621293778],[-77.14920120375233,38.96524131796794],[-77.15665887839272,38.96537641823493],[-77.16623322564746,38.96752449345663],[-77.1688621020087,38.96590335972602],[-77.17216650840231,38.96674903050338],[-77.17276030348013,38.96616519053437],[-77.17326747178483,38.96759343250169],[-77.18267392451406,38.96870162783869],[-77.18428507144445,38.96759894563138],[-77.1883533896392,38.9672112891951],[-77.19386161587354,38.968057295361525],[-77.197337312583,38.966565691361346],[-77.20199815805121,38.9672812211241],[-77.20826835127464,38.970268771331334],[-77.21165897588575,38.96910128081833],[-77.21335392840908,38.96936129818494],[-77.21369405454665,38.96637562911138],[-77.21547440255424,38.964623504928475],[-77.21666069234197,38.96514300163383],[-77.21471123348097,38.96585658800833],[-77.21377766843219,38.9694262989107],[-77.21852319389389,38.97150428428438],[-77.22293047127039,38.971504999625324],[-77.22648988760221,38.973063243565086],[-77.22818469124877,38.97501065445612],[-77.22776060189109,38.976633299237506],[-77.22962488938653,38.97961923065928],[-77.23132037247653,38.97819140583047],[-77.23259179718481,38.97838621986751],[-77.23488071206185,38.974686620455635],[-77.23759301308415,38.974427091515345],[-77.23776248624337,38.975465616590064],[-77.23564351081804,38.9751410077272],[-77.2353043732865,38.97643914404942],[-77.2401357203914,38.97987936815817],[-77.23988141191786,38.980852980368454],[-77.24556087031941,38.98273521633491],[-77.24869837033869,38.99266593179259],[-77.24997030561687,38.99454816924568],[-77.25327695452978,38.995391683430874],[-77.25302304963856,38.99805292684234],[-77.2542951909894,38.99993512157445],[-77.25607573501813,38.99987000842786],[-77.256753843643,38.998961214430054],[-77.26040002955074,39.00019394236816],[-77.2594686974343,39.00545161936578],[-77.25870501825739,39.00330977262382],[-77.2594674029942,39.00038880900111],[-77.25828023291815,38.99986971879917],[-77.25743270380275,39.001427622074765],[-77.25675421214706,39.00064881705723],[-77.25658513838734,39.00298551994995],[-77.2557371917308,39.002855808749615],[-77.25421170017698,39.007010084353325],[-77.2526004685868,39.00642607626944],[-77.2509890280755,39.00415444329257],[-77.24963234970713,39.00428436215887],[-77.2502260463368,39.00538775222015],[-77.25005653869461,39.006036843438004],[-77.24929332594498,39.005582542579916],[-77.24895447767766,39.008568327125325],[-77.25107424944686,39.00720510552154],[-77.25234623414059,39.00739971805976],[-77.25234650043053,39.009087322974594],[-77.2531945136814,39.009217057463545],[-77.25099020214542,39.01259246806489],[-77.24785266403927,39.01447501439182],[-77.24641113534742,39.016617049753876],[-77.24598744758944,39.021614983704865],[-77.24870200438937,39.02641803779954],[-77.25251896799209,39.027001911073825],[-77.25514873257214,39.02875415499747],[-77.25888112818757,39.02966238322069],[-77.26184714723722,39.019990616698394],[-77.26337404148092,39.0208990615268],[-77.26201707289641,39.021029116086524],[-77.26091566622073,39.02524832147519],[-77.2617643680999,39.02706560764067],[-77.2646485057511,39.027843985917755],[-77.26532676808509,39.02693514095555],[-77.26795621021516,39.02699950333441],[-77.27143320310445,39.025505810479],[-77.27296033288003,39.02641413826],[-77.27482617616624,39.02602419360765],[-77.27499630126373,39.0270626762653],[-77.27626869725587,39.027257044340544],[-77.2755865402795,39.01972790333949],[-77.27686047982317,39.02329748211093],[-77.27669283076466,39.02732183080328],[-77.27838937235651,39.02758096217595],[-77.28169501042618,39.023360894819405],[-77.2813536516887,39.01959634095574],[-77.28262593404654,39.01979064365408],[-77.28415107494392,39.017323617503614],[-77.28644176443169,39.01868586573429],[-77.28796784555621,39.01790640030636],[-77.28915552185761,39.01842520808731],[-77.28974766512891,39.01615319690091],[-77.29034206715106,39.01725639714691],[-77.29135941034008,39.016736723767075],[-77.29127248820275,39.01368608475759],[-77.29254469366913,39.01388028563939],[-77.29347618395323,39.01199756417318],[-77.29551066390928,39.01095815865935],[-77.29534281126392,39.013294918014914],[-77.293901474229,39.01374989764245],[-77.29330948027652,39.01602192774204],[-77.2956848644763,39.017059429481954],[-77.29848307909927,39.01647399078686],[-77.2985689681574,39.01783701864872],[-77.29543116964233,39.018033161080986],[-77.29526203597918,39.01868231527892],[-77.29254709173266,39.0172554990084],[-77.28856334159035,39.0206972172984],[-77.28432232109775,39.02004969365034],[-77.28262884102021,39.02485346959573],[-77.28000037158554,39.026477027504555],[-77.2809342074126,39.02796961579943],[-77.2768629855538,39.02836031112882],[-77.27117915409887,39.02647949385781],[-77.27041628055602,39.02771293134549],[-77.26447907449763,39.028493099209356],[-77.2610860600289,39.02797443316549],[-77.25998405051111,39.03050602386843],[-77.2745752995718,39.033748327900135],[-77.27941231205867,39.03718705447338],[-77.28433341511338,39.03861341039574],[-77.28763812429808,39.03270556520511],[-77.28823262961824,39.033808778589034],[-77.29255908538964,39.03413159412615],[-77.29289746982144,39.03283328958873],[-77.29417001461047,39.03302747443607],[-77.29501712490531,39.03146931240568],[-77.2983246414173,39.03062402049185],[-77.29789782242622,39.02718408717716],[-77.29883068955805,39.02698893099487],[-77.29917163469551,39.0290658307562],[-77.30044413030848,39.029259951193765],[-77.29891929184022,39.03172718232686],[-77.29137230036835,39.035300429541984],[-77.28797877655677,39.03478249767911],[-77.28416413450091,39.039262551712476],[-77.29231125867835,39.043543389079815],[-77.29417743771496,39.04315315255832],[-77.30054253494346,39.04581149752587],[-77.30317124457058,39.04418749952993],[-77.30478371896402,39.044770854894736],[-77.3063101509311,39.04399116062868],[-77.30766436785593,39.04048539345782],[-77.31131186367155,39.0400290206717],[-77.31241223031675,39.037496970802714],[-77.31393842778441,39.03671718376998],[-77.31512142655046,39.03217290936677],[-77.31376095702211,39.02892830833442],[-77.31460588864786,39.025682404305655],[-77.3131627490142,39.02444999931043],[-77.31460417757883,39.02399479529885],[-77.31451627176901,39.020944169009624],[-77.31154573779523,39.01880393052481],[-77.31290257611086,39.018673334794855],[-77.31587314467772,39.02081354077434],[-77.31646447276133,39.01854140137642],[-77.31782129734513,39.01841075190528],[-77.31925712051765,39.01289267531447],[-77.3177296966638,39.0119849189824],[-77.31874677041431,39.01146502168095],[-77.31704692627441,39.007831232882715],[-77.31416302182528,39.00705407418335],[-77.31526451633786,39.00620961651725],[-77.31500768144856,39.00380817904668],[-77.3164486894667,39.00335295515424],[-77.31628152695964,39.00568973989445],[-77.31814839907575,39.00698674952515],[-77.31857425438919,39.00873899700438],[-77.32128006324625,39.00172722366477],[-77.32136822947646,39.0047778356234],[-77.32382614721483,39.0038025995653],[-77.31899831756166,39.008803638779014],[-77.31883122443648,39.011140429000456],[-77.32095347702183,39.013151224570215],[-77.32002084674112,39.01334654648439],[-77.31951412778525,39.01529410751674],[-77.32163464645083,39.01561728620368],[-77.32409292690798,39.01464204315856],[-77.32612902138581,39.01528974151726],[-77.32866756974936,39.010614599391765],[-77.32748375829104,39.01347138062523],[-77.32960425921868,39.01379442311026],[-77.32723050168343,39.01444517656743],[-77.32680839226768,39.01606816900051],[-77.3246034042384,39.01606967555387],[-77.32392598405049,39.016978842452254],[-77.31968486580963,39.016332526998546],[-77.31765236264832,39.019059936623016],[-77.31485935342829,39.02470863231901],[-77.31587836623928,39.02587636648643],[-77.31537317800502,39.02951152471512],[-77.32012368557322,39.02989803272184],[-77.32215828535975,39.0288581875329],[-77.3225843653758,39.03061042756119],[-77.31605256661119,39.030290012878346],[-77.3154645925181,39.03593737808728],[-77.31275194425656,39.0378862239609],[-77.31224485958812,39.0398337633029],[-77.31394181969665,39.04009240952101],[-77.31699425804187,39.038532778523766],[-77.3203881633856,39.039049917897195],[-77.32208701922427,39.040996066086414],[-77.32463255710293,39.04138382509965],[-77.3293818351012,39.040082366311395],[-77.33057016901925,39.04060077985334],[-77.33209411952998,39.038133156538365],[-77.33379111051563,39.03839153149119],[-77.33573253698955,39.030925621130685],[-77.33564593591322,39.029562616116294],[-77.33445774618556,39.029044252107035],[-77.33589913247836,39.0285888005785],[-77.33632111168488,39.02696577388806],[-77.33513295957265,39.02644741656402],[-77.33623450429295,39.02560277018825],[-77.33521516848775,39.02443520313549],[-77.3362256530901,39.01885233845017],[-77.33724492687163,39.020019896129256],[-77.33691407967983,39.02638114370116],[-77.33810224340434,39.02689948397836],[-77.33598573714067,39.029951805193285],[-77.3367541973456,39.033780796153565],[-77.33514389819084,39.03488546822356],[-77.33506386166906,39.03858529749765],[-77.33396210667055,39.039429935340316],[-77.33226509084231,39.039171562677765],[-77.33192737988448,39.04046997576476],[-77.32904406842526,39.04138077176098],[-77.32879073550166,39.0423545754353],[-77.32683831281041,39.041382318015394],[-77.32522769465788,39.042486862945886],[-77.32302190540915,39.042488341428545],[-77.32089873933484,39.04047757135168],[-77.31589229395837,39.03937725605942],[-77.31470579843803,39.04054631544588],[-77.31054952884129,39.04126270741416],[-77.30970263732183,39.042820977966876],[-77.30257929246658,39.04645958543986],[-77.31530941760916,39.05008747580645],[-77.31590448495602,39.051190559980625],[-77.32311974013932,39.05397705304309],[-77.32668733244746,39.05722006112576],[-77.32991326260614,39.05838614305379],[-77.33424136579862,39.05870750795296],[-77.3406867515968,39.05597634155815],[-77.33848281950068,39.05766571244627],[-77.33662095186646,39.061431853128454],[-77.33534779653361,39.06123810230376],[-77.33899843795723,39.06246853423057],[-77.3366320685018,39.06986995596474],[-77.33374549308154,39.06909324395711],[-77.33442544845269,39.0698716369687],[-77.33349427728969,39.07175468419435],[-77.32976085285063,39.07253631448363],[-77.32645576950846,39.07675769697165],[-77.32467340523297,39.07682382041062],[-77.3231445700747,39.07591612068434],[-77.32628479277926,39.07571927593907],[-77.3267917515922,39.07377166696031],[-77.32865852154444,39.073380910337924],[-77.32992980369009,39.07188710729307],[-77.33085897935764,39.068316465003015],[-77.32984119670496,39.06883646657887],[-77.32856589348617,39.06695502466843],[-77.32669928807465,39.06734577944644],[-77.3217754087623,39.065921095012314],[-77.31854747121692,39.063067179884094],[-77.31684643035432,39.05943335651169],[-77.31446935951645,39.05839625211416],[-77.30946336987695,39.058983292946024],[-77.30827801595603,39.061839914505875],[-77.30853012070611,39.05917853007194],[-77.30623925897295,39.05950429885249],[-77.29664866964184,39.05736699622964],[-77.29622562820414,39.05898989646805],[-77.29486800741459,39.05912031086069],[-77.29521025168093,39.062884853069846],[-77.29648462002221,39.064766635842155],[-77.29818210612284,39.065025498502955],[-77.29818343686253,39.066713119684636],[-77.2998809744716,39.066971959226606],[-77.29928737749538,39.067556416655066],[-77.30047594589455,39.068075120593285],[-77.30013753276201,39.06937345376993],[-77.30149674336106,39.07093060398219],[-77.29979910753897,39.070671786329235],[-77.29988234469312,39.0686595809802],[-77.29716544295326,39.06723285343479],[-77.2958961243019,39.0721015651092],[-77.29436899023092,39.072881135273306],[-77.295219084816,39.07469820778925],[-77.29241860210767,39.075283578802164],[-77.2920800114653,39.076581891728075],[-77.29445735756339,39.07761942786363],[-77.29530750978515,39.07943650134767],[-77.29191071160746,39.07723104796061],[-77.29122997333118,39.07476479711535],[-77.28690110455986,39.07444193293093],[-77.28698898687644,39.07918023216793],[-77.28979079956939,39.080282608520804],[-77.29089601074028,39.08281360833359],[-77.29072668578704,39.08346276369697],[-77.28784006144139,39.08268498344559],[-77.28775865274507,39.08807244108727],[-77.28979761723066,39.090408372115235],[-77.28776192010218,39.093135327897016],[-77.28869343955363,39.08956498730052],[-77.28767505761165,39.09008464547418],[-77.2875035206236,39.08735854043312],[-77.28665453422973,39.087229038527326],[-77.28716048525744,39.081906333786435],[-77.2846137280788,39.081517804045745],[-77.28266278564308,39.08392009825112],[-77.27655166270472,39.085349995492905],[-77.27757091022502,39.086518056383966],[-77.27502483598141,39.087816957688744],[-77.27400715046046,39.09002413228405],[-77.27417973480264,39.096125517791364],[-77.27579394030023,39.0983968861878],[-77.27435157032224,39.100539277620825],[-77.2752862420921,39.10203192816467],[-77.27443944555735,39.10696524282289],[-77.27291134835416,39.10774455435128],[-77.27443710600997,39.10190234244742],[-77.27392701145907,39.10047448231308],[-77.27180422850317,39.1001504840365],[-77.27036170605663,39.1022928298888],[-77.27002124089213,39.100215823900044],[-77.27154921074393,39.09943654901908],[-77.27129419799665,39.09872261357536],[-77.27392624354658,39.09878685039919],[-77.27256563022955,39.09385412940925],[-77.27324440973231,39.09294523054806],[-77.27222514160681,39.09177713277496],[-77.27324290581002,39.08956997204708],[-77.27239391900382,39.08944037267818],[-77.2762974730594,39.0863236996123],[-77.27502324946758,39.08444170244072],[-77.27324065018855,39.08450708828471],[-77.27222150047977,39.083338992319234],[-77.2687411092168,39.08314509542362],[-77.26704391271055,39.084573456619005],[-77.26441238807237,39.0845090742486],[-77.26424282258664,39.085158193708274],[-77.26313902132007,39.08431458273008],[-77.26195192284838,39.08885840340716],[-77.2586413326585,39.08970273527397],[-77.25668931182007,39.09210462532736],[-77.254227196155,39.09139091722737],[-77.25456716847421,39.093467962976156],[-77.250237348672,39.09314382051938],[-77.24896424464039,39.096324444284974],[-77.25100219323657,39.098661015163984],[-77.25448359665894,39.10054304139455],[-77.25414421038596,39.10184125697546],[-77.25779590877534,39.104761717016515],[-77.25660777628718,39.10761786938297],[-77.25907046532339,39.10833153252385],[-77.25686267592044,39.108331836162115],[-77.25618390349997,39.1109282835927],[-77.2573728736578,39.11144740399099],[-77.2559297012534,39.11358958700901],[-77.25482491598724,39.10937062624712],[-77.2558438032388,39.1088512353536],[-77.25601279541223,39.10482685601365],[-77.25304027291983,39.10099755366616],[-77.25176664762417,39.100802945029926],[-77.24862477945189,39.09762264375488],[-77.24811555892234,39.09956994182043],[-77.25015335557461,39.100218895585286],[-77.2493044815083,39.101776770672025],[-77.24701201140314,39.10210144986965],[-77.24777622387168,39.10255577245269],[-77.24726694601792,39.10450306887266],[-77.2460781617343,39.10398385252877],[-77.24548393680021,39.106255690725305],[-77.24684280454038,39.109501084163114],[-77.24522935890833,39.10891696984277],[-77.24438003283645,39.10541190980038],[-77.24217233213253,39.10541195256122],[-77.23962493406347,39.108397767828365],[-77.23605860487135,39.10683986445903],[-77.23571885991252,39.108138031278976],[-77.2365679997473,39.1082678816105],[-77.23520921970609,39.11008528037744],[-77.23835115649965,39.10989065653155],[-77.23741698225916,39.111772996943095],[-77.2389455002277,39.112681757108504],[-77.23937006439937,39.114434308583746],[-77.23801130549334,39.114564103005605],[-77.23503919814164,39.11242199899334],[-77.23537897528313,39.111123832955805],[-77.23351056357058,39.113200826988404],[-77.23503946898295,39.109046727776004],[-77.23427526789412,39.10859232633216],[-77.23240688973735,39.11066930276013],[-77.2306236086623,39.11073407766836],[-77.22867009629175,39.11313553722337],[-77.22731134257069,39.11326521467948],[-77.22637683884605,39.11514747335996],[-77.22705607429647,39.11592646014953],[-77.22595189088307,39.11677015132402],[-77.22739538445201,39.11800358990285],[-77.2265458144234,39.11956131489452],[-77.22722540996332,39.11865266295604],[-77.22875394518933,39.11956154963186],[-77.22968792455909,39.12105454834412],[-77.22883836801202,39.122612289934054],[-77.23299991457881,39.12358626118856],[-77.23282997711264,39.12423534261573],[-77.23070668321543,39.123910641074815],[-77.23053648441643,39.12624735986277],[-77.22960215903316,39.12644200650927],[-77.22832844176143,39.12455951632999],[-77.22815905092004,39.1218333118589],[-77.22646082194001,39.119885850958354],[-77.22425268132348,39.119885575498664],[-77.22467693306578,39.12163817959638],[-77.22314758165153,39.12410452130545],[-77.22408150419129,39.12559756346507],[-77.22374145739498,39.12689570230626],[-77.22255247480096,39.12637625874445],[-77.22221196349356,39.1293620350808],[-77.22161767902752,39.12825848651069],[-77.21889957567089,39.128517673197756],[-77.2208538248615,39.12611635991025],[-77.22170314831153,39.12624631222609],[-77.22221326403547,39.12429911235284],[-77.22110935621232,39.123455121850995],[-77.22323300366207,39.12209234762658],[-77.22280878410908,39.120339738445914],[-77.21779778667717,39.12092309239306],[-77.2161843209797,39.12033859986335],[-77.21643886786724,39.12105265122764],[-77.21516498906222,39.1208576668493],[-77.21355091127161,39.12196077912877],[-77.21015389453021,39.12144071281268],[-77.21006667948174,39.1268281578023],[-77.20828298175942,39.126892612476105],[-77.20930171403582,39.12806124226585],[-77.20743289781397,39.128450209583995],[-77.20615810683671,39.12994277424776],[-77.20692156775118,39.132084992727286],[-77.20615730019982,39.13163041640768],[-77.2053071151998,39.13318800045822],[-77.20394794460414,39.133317423100415],[-77.2037785866611,39.13227882311979],[-77.20207986588098,39.13201866753659],[-77.20233610596205,39.12935746498095],[-77.20378031046653,39.12890353896342],[-77.20250721939364,39.127020783448714],[-77.20318630983881,39.12779990243434],[-77.20581934831878,39.12786558169374],[-77.20785832788633,39.12682759120609],[-77.20845389805143,39.124555923910776],[-77.20777478143107,39.12377683419324],[-77.20667025470348,39.124620355422884],[-77.20199926595235,39.12390498148877],[-77.20208347121321,39.12526810189395],[-77.20080955702537,39.125072970288436],[-77.20166065453705,39.121827780096964],[-77.2065859641074,39.12325723829994],[-77.20726662470486,39.120661055753736],[-77.21023967337749,39.11942854913526],[-77.21440078806056,39.12040314220424],[-77.21677901782427,39.11975453385821],[-77.21720418817281,39.118131886303544],[-77.21873258703211,39.11904089607304],[-77.22399806170941,39.119171540296314],[-77.22569761796433,39.11436848297818],[-77.2243392199054,39.112810491438005],[-77.22323505230271,39.11365415797261],[-77.21890518988066,39.10995365110794],[-77.21805606192862,39.10982368009809],[-77.21865014146958,39.11092724169148],[-77.2172063872978,39.11138133878713],[-77.21279127553812,39.10969278450396],[-77.21279062323282,39.11138041997733],[-77.21134750927968,39.11014681345472],[-77.21075214774729,39.112418488188844],[-77.2082047303465,39.11202839053447],[-77.20599601851478,39.113715427076386],[-77.2054021084224,39.11261180443052],[-77.2065064672805,39.1117682964513],[-77.20251613156343,39.11014440283071],[-77.20277139345801,39.109170845506135],[-77.19750668201488,39.10903930267923],[-77.19725236332216,39.10832521424514],[-77.19954525193508,39.108001452324245],[-77.20081979374733,39.10650896187221],[-77.20455550454015,39.10741883543262],[-77.20395995296681,39.1096904764379],[-77.20540375632562,39.109236533317784],[-77.20718624056607,39.110859755439364],[-77.21024394277151,39.109302728836326],[-77.21194216157637,39.10956277174401],[-77.21211225135133,39.10891372073961],[-77.20744299547364,39.106510919031905],[-77.2056622479187,39.10151243585461],[-77.20727521084667,39.10209706278289],[-77.20973578138944,39.10618696928202],[-77.21202854685545,39.10586297726791],[-77.21228233808688,39.10826466958377],[-77.21482964539628,39.10865468340838],[-77.21584938970935,39.106447985974974],[-77.21635838455775,39.10787608579177],[-77.22077346881026,39.10956451280642],[-77.2239996294955,39.11242099130785],[-77.22654714544808,39.112810765362454],[-77.22816082254627,39.11170748637207],[-77.227991168804,39.11066892382379],[-77.23249203947181,39.108657128013576],[-77.23342630125553,39.1067748257421],[-77.22807733232236,39.10359384981481],[-77.22204891348653,39.10300890264687],[-77.22238887872096,39.10171077447399],[-77.22043581144342,39.10242446731223],[-77.22069080607446,39.1014508746569],[-77.2194172595629,39.10125593458074],[-77.21890825096762,39.09982784909829],[-77.22255928208958,39.099374077986354],[-77.22315334458507,39.10047761584796],[-77.22213434112231,39.10099673796706],[-77.2241719456453,39.10164611779345],[-77.22400198062834,39.1022951843859],[-77.22612461280781,39.102619999049686],[-77.22688902482855,39.10138681723771],[-77.22824726396695,39.10294477749],[-77.23053984450685,39.10262044428803],[-77.23053960457287,39.10430807752804],[-77.23172828309133,39.104827442485615],[-77.2337660808063,39.10547666552804],[-77.23580403259064,39.10443822141244],[-77.23673796241408,39.105931162779214],[-77.23843619717069,39.10619084361475],[-77.23860604233555,39.10554175681079],[-77.24327615451607,39.10456811921007],[-77.24353085056909,39.103594479333374],[-77.24573849604047,39.103594412447954],[-77.24573838290617,39.101906779430536],[-77.24735152633771,39.100803253699524],[-77.24420992904365,39.09931047248086],[-77.24701172598023,39.09872618534141],[-77.24853955487445,39.09457193166318],[-77.24539830781974,39.094766812423956],[-77.24336064866284,39.09243015139584],[-77.24055906515193,39.093014355550224],[-77.23470141473689,39.090093305838536],[-77.23317324629556,39.09087212636619],[-77.23198478574646,39.09035277659914],[-77.2307111675526,39.09184558189532],[-77.22850387906772,39.0918453819237],[-77.22833397567423,39.09249445323394],[-77.22663609715318,39.092234635080196],[-77.22442841502175,39.09392199264195],[-77.22222106348073,39.09392168109855],[-77.22086219288249,39.09573891806707],[-77.22009918527189,39.091909170539346],[-77.22230647566509,39.09190951976422],[-77.22205153616852,39.092883113974715],[-77.2237494134481,39.093142994784294],[-77.22706088634389,39.09061196239867],[-77.23054152373263,39.090807026759926],[-77.23011731055136,39.089054453046046],[-77.23173019363932,39.08963876127576],[-77.23453171797598,39.0890547564908],[-77.23572029506349,39.087886453230695],[-77.23690865000837,39.09009339575283],[-77.23826695328677,39.08996361399008],[-77.23954032157792,39.0918459898046],[-77.24319082267627,39.0913916134202],[-77.24565294107744,39.09379317001272],[-77.24836964985728,39.09353340034686],[-77.24887882127148,39.09158610346028],[-77.24981264679008,39.09139131329693],[-77.25303885933921,39.09255939821254],[-77.25371757254851,39.08996297703408],[-77.25583997719595,39.09028728354096],[-77.25711305177535,39.08879422124652],[-77.26084809197086,39.088014771502465],[-77.26144168738469,39.08574286772978],[-77.26050750952001,39.084250117682664],[-77.26534551253178,39.08262654079778],[-77.26704330481664,39.0828858297013],[-77.26729699266967,39.08022451904582],[-77.26865570244692,39.08178203147803],[-77.27527744960351,39.08346800126729],[-77.27638055417812,39.082623877518756],[-77.28070986359114,39.08294710866464],[-77.28359443749089,39.08034980199496],[-77.28783897061369,39.08099735725885],[-77.28563097233247,39.07931054610074],[-77.28673282845628,39.07677870622022],[-77.28596759629892,39.07463700111318],[-77.28418524736415,39.074702543815185],[-77.2863062870715,39.07333870530437],[-77.28333542859764,39.07288539582908],[-77.28155217554696,39.071263277524544],[-77.27968520696055,39.07165332629405],[-77.28010869143199,39.0700304787222],[-77.2839291973695,39.07230101405238],[-77.28545643122149,39.07152157227415],[-77.28757952347607,39.07353295906239],[-77.29224811518579,39.07424511128575],[-77.29343430145401,39.07138863633146],[-77.2952165607701,39.07132296101178],[-77.29657052866965,39.066129676384215],[-77.29410766535555,39.06372914090553],[-77.29003451142384,39.064120270480984],[-77.29376793048573,39.06333983500415],[-77.29436029547117,39.06106778435895],[-77.29350915963838,39.05756309143618],[-77.29232081282858,39.05704432183217],[-77.29299900161452,39.05613532121185],[-77.29181068178501,39.05561654685905],[-77.29240424137562,39.055032126392405],[-77.2825587210364,39.050492234289614],[-77.27933211539036,39.04594969271223],[-77.27296852684705,39.04497787583803],[-77.26881029593514,39.04231764182881],[-77.26227718668449,39.04030678420599],[-77.26541717523175,39.04348670743872],[-77.2647387596218,39.04439555544942],[-77.26278713909582,39.043422291113636],[-77.26253291169974,39.04439595975987],[-77.261853964439,39.04361717707214],[-77.26075128303442,39.04446116599409],[-77.26168543786703,39.04764151933939],[-77.26287341232828,39.04816058109348],[-77.26244967052865,39.049783363599246],[-77.2641472258752,39.05173030749987],[-77.26584429234615,39.051989611336964],[-77.26677876673236,39.05516993054988],[-77.26584603183085,39.05705246542422],[-77.26737375452139,39.057960866829305],[-77.26644040552685,39.05815578773928],[-77.2657624437513,39.06075226330375],[-77.26508106059165,39.05322302143586],[-77.26151641331776,39.04997824723708],[-77.26194017708433,39.04835546785975],[-77.26032751542981,39.046083940219084],[-77.25990417077702,39.04939432974534],[-77.25769817116364,39.049394648201236],[-77.25701922901197,39.048615838413824],[-77.25523782555045,39.05036858220396],[-77.25133481343777,39.050109339003704],[-77.25141985824499,39.05147240707366],[-77.2535411289395,39.05179675056578],[-77.25320195340493,39.05309495200019],[-77.25116568949824,39.054133671521505],[-77.25362651326063,39.05484743544545],[-77.25532395054982,39.05679450163651],[-77.25481551928382,39.06042943214446],[-77.25668270014131,39.061727377790874],[-77.25490129304264,39.065167741807294],[-77.25625945573005,39.066725385485086],[-77.2549019447103,39.06854298534568],[-77.2532045307867,39.0682835312635],[-77.25091360099312,39.071983526023644],[-77.25040417856899,39.070555577350234],[-77.24666992363107,39.07133471075166],[-77.24667005834861,39.073022334158075],[-77.24828271870001,39.07360642585633],[-77.24556686359125,39.0755538168566],[-77.2465854756679,39.076722129680455],[-77.24641576912522,39.07737122387563],[-77.24514257562655,39.07717654823023],[-77.2448880871017,39.07983781209738],[-77.2438695283388,39.08035711036247],[-77.24446375896741,39.08146054242844],[-77.24276608059738,39.081200945143294],[-77.24234169711794,39.08282366863631],[-77.24081376470788,39.08191495536631],[-77.23818229731225,39.08353764430469],[-77.2403893557059,39.08016241961452],[-77.24319044512428,39.07957822068645],[-77.24361479069992,39.07795549526449],[-77.24259620909359,39.076787157827745],[-77.24480285750153,39.073411858937725],[-77.24293563664013,39.07380135568822],[-77.24038937794762,39.076787168918436],[-77.24055914412851,39.0744504586575],[-77.24140789901243,39.074580275110705],[-77.2445481133646,39.07101024879753],[-77.24590604635732,39.07088038400744],[-77.24624543520453,39.06958219838663],[-77.24751849862344,39.06977686246487],[-77.24777301593065,39.06880322019887],[-77.25159219798284,39.06938712629186],[-77.2524406447351,39.067829244941194],[-77.25430766122865,39.06743960579219],[-77.2542225435838,39.066076535843756],[-77.25261000256701,39.06549252202635],[-77.25286443667093,39.06451887008302],[-77.25481616692608,39.06380467282091],[-77.25413681299713,39.061338224943476],[-77.25252437778236,39.060754210508485],[-77.25218461682894,39.058677171583824],[-77.2534572129044,39.05718415531851],[-77.250571805775,39.05471789481298],[-77.248365644588,39.054718047541776],[-77.24675353920074,39.05582157711412],[-77.24590522765496,39.05906703547943],[-77.24166236748428,39.0601056701825],[-77.24217154494346,39.06153365201022],[-77.24106836788484,39.064065089527084],[-77.23945597719643,39.063480905212074],[-77.23470313302597,39.06984179604613],[-77.23385444545447,39.0697119339109],[-77.23198705477104,39.07178888891108],[-77.22978037540689,39.071788711603155],[-77.2328352036732,39.076981636152155],[-77.22782667064953,39.08094064055509],[-77.22409164011253,39.08171909690587],[-77.22494119022024,39.07847377431046],[-77.22358347930341,39.07691578507129],[-77.22553654220151,39.07282679797953],[-77.22842239665059,39.07191840018968],[-77.22782848758575,39.0708148933623],[-77.23012005651921,39.07049056983111],[-77.23343044820894,39.06627175643551],[-77.23521263592993,39.06620694181328],[-77.23733442839682,39.063156320538496],[-77.23809817091912,39.063610699342895],[-77.23971058045257,39.06250728056425],[-77.2407289252753,39.05861277844378],[-77.24166234904831,39.05841805068298],[-77.24013493810666,39.05750933307342],[-77.24055922306478,39.05588662453205],[-77.24429290895874,39.05848291445367],[-77.24446250691823,39.05614620654417],[-77.24573533026563,39.05634088842325],[-77.24768675270306,39.05393918602631],[-77.2498080787212,39.05426359340292],[-77.2503169365668,39.05231630451588],[-77.25116545045452,39.052446053809426],[-77.2500620841972,39.04991471470597],[-77.25557695201209,39.049070375829864],[-77.25642507628345,39.04751247287759],[-77.25930996790352,39.04829097785877],[-77.26015755534625,39.04504543412117],[-77.25693333675444,39.043877544003756],[-77.25574582000655,39.04504604086201],[-77.25362473643506,39.04472173539858],[-77.25235182882554,39.04283951985416],[-77.2510792241179,39.042644906221874],[-77.25099466609653,39.04465706937433],[-77.24488622094472,39.04608539941297],[-77.24259540694624,39.043034763448176],[-77.24089863245706,39.04277514242514],[-77.24200151871423,39.04193133000116],[-77.24106830286011,39.04043844554527],[-77.23826876455206,39.03933497871105],[-77.23826870421719,39.0410225925966],[-77.23725064192783,39.0415418330275],[-77.23385721292496,39.041022421930215],[-77.23283930549084,39.039854012172505],[-77.23071824003225,39.041216929799575],[-77.22995401888906,39.045825351751105],[-77.22766322663217,39.046149670811296],[-77.22808713031256,39.047902239347614],[-77.22588117596594,39.047901992791296],[-77.22418396031641,39.04932975951422],[-77.22638928578128,39.05270527027212],[-77.22452211868324,39.054782106784344],[-77.22604790092349,39.062441493577985],[-77.2245202211132,39.06322020377505],[-77.22511401789819,39.064323724905755],[-77.22384111002629,39.064128831484844],[-77.22418008650578,39.06620594984785],[-77.2229920935291,39.065686516444735],[-77.22273725519267,39.06666010737239],[-77.22146431277788,39.06646518952028],[-77.22239831782613,39.064582984904305],[-77.22163466324115,39.06412850952166],[-77.22341680891925,39.06406386411481],[-77.2233322745038,39.06270077390181],[-77.22494488798046,39.061597546937165],[-77.22358749219512,39.06003956248573],[-77.22392762228955,39.05705382131386],[-77.22307910327004,39.05692388588007],[-77.22477726501985,39.05212089664888],[-77.22358949794231,39.05160147025307],[-77.22350497477998,39.05023838315848],[-77.22078979512324,39.050497607348895],[-77.22061944944477,39.052834280549],[-77.21620666903306,39.054521100811776],[-77.21612113193852,39.056533244253544],[-77.21399989016196,39.056208261547766],[-77.21365998792376,39.057506355919195],[-77.21298144188853,39.056727304418665],[-77.20975601897656,39.05893342515163],[-77.20916102716605,39.06120507066159],[-77.20992313614673,39.06503486374278],[-77.21153532387332,39.06561943144494],[-77.21102533392276,39.06756656591439],[-77.21297690935108,39.06854064751353],[-77.21280627019934,39.070877317487444],[-77.21407926666535,39.0710723241929],[-77.21492733242532,39.07288994472806],[-77.21628535340317,39.07276040359815],[-77.21492673005167,39.07457756855157],[-77.21679356185241,39.07587611685733],[-77.2165386047465,39.07684969686671],[-77.2145867584551,39.07587566973813],[-77.21314238755026,39.07970496692551],[-77.21450053906253,39.079575445140435],[-77.2134811308816,39.081782120340996],[-77.21441431089053,39.08327522299835],[-77.21203792345162,39.08223615491145],[-77.21178288031747,39.08320972630042],[-77.21297107963751,39.08372926853061],[-77.21280105648188,39.08437831761782],[-77.21110342315723,39.08411828768543],[-77.21084766368851,39.08677948508353],[-77.20864052920142,39.08677893237144],[-77.2080452745053,39.08905058405046],[-77.2060081673381,39.08840094144826],[-77.20456393856934,39.09054251852595],[-77.20320556435989,39.09067193197964],[-77.20286707332717,39.0885947471424],[-77.20549951232628,39.0869728045335],[-77.20490582834685,39.08586918512916],[-77.205839698175,39.085674725560885],[-77.20643339474908,39.08677834046441],[-77.20974518068525,39.08424777245281],[-77.21229428690523,39.07788733194885],[-77.20966305333404,39.07782179043048],[-77.2100031219803,39.07652370225423],[-77.2122099450259,39.07652423077076],[-77.21331431633037,39.07399304390656],[-77.2128056185906,39.07256494068349],[-77.21187193585442,39.072759452124814],[-77.21263627563707,39.071526364821516],[-77.21102394802833,39.070941810781456],[-77.21144896131834,39.069319197839235],[-77.20856449814531,39.06685195659624],[-77.20924382563734,39.06594341195244],[-77.20814095468064,39.06509931561603],[-77.20720969981663,39.060230930411315],[-77.21196365010476,39.05555872042005],[-77.21467905025865,39.05529968890946],[-77.21612228090481,39.05315800800111],[-77.21900747220609,39.05224983204365],[-77.2195171409249,39.05030267010504],[-77.22282639108603,39.04945938642584],[-77.22689973275052,39.04569522926314],[-77.2245240158128,39.04634402231831],[-77.2187551942889,39.04478533040803],[-77.21629334235328,39.04913372415001],[-77.21264479517262,39.04958730711243],[-77.2128134358989,39.05231349601972],[-77.21103156885515,39.052377989206555],[-77.20865474414445,39.054714097318104],[-77.20661859370165,39.054064468755115],[-77.20339396582165,39.05458280503198],[-77.20067761924541,39.056529208131295],[-77.19813023008506,39.05951414592315],[-77.19804418673633,39.06152627866005],[-77.19413861043496,39.064640478846854],[-77.19575066244893,39.0652252513081],[-77.19608884127409,39.06730244662515],[-77.19846451241689,39.06834181683754],[-77.1988018065359,39.07210662889696],[-77.1971895773426,39.07152189529583],[-77.19507117301501,39.06613372205415],[-77.19218513161479,39.06704134429823],[-77.19192987588234,39.06801487222728],[-77.18777082896709,39.068727158713386],[-77.18683587398007,39.07060910430803],[-77.18785347247264,39.07177789726768],[-77.18624133866649,39.071193021657784],[-77.18547655459659,39.07242594648246],[-77.18555782162225,39.07716431300511],[-77.18759443096468,39.07781428942419],[-77.18861092900835,39.080670703217834],[-77.19175171850621,39.08047725809818],[-77.19107088001687,39.08307333577485],[-77.18886506600525,39.081384805601495],[-77.18793120589903,39.08157913746695],[-77.18708371398561,39.07976132987792],[-77.1851321843761,39.078786839645495],[-77.18445505552555,39.07632000474027],[-77.18063465085321,39.07742165895475],[-77.17961282210462,39.08131568096267],[-77.18258202288942,39.083459096944594],[-77.18309020288733,39.08488732667671],[-77.18521214351189,39.08521283880873],[-77.18572038746947,39.086641058250564],[-77.18673944968775,39.08612223606363],[-77.18920072337387,39.086837280119646],[-77.18936976704069,39.087875890810594],[-77.18588938093394,39.087679673636494],[-77.18461747566566,39.085796749952486],[-77.18232522122263,39.086120235203815],[-77.18096828127435,39.08456177833613],[-77.1815629683366,39.08397788478684],[-77.17952624020569,39.083327808784865],[-77.17723108518076,39.087026454202544],[-77.17952196612848,39.08839069067604],[-77.17943537328308,39.090402821079316],[-77.1841013491259,39.09449429705993],[-77.18274151448927,39.096311117345095],[-77.18392972034657,39.09683093847551],[-77.18324844910165,39.09942698123208],[-77.18596431576115,39.10085620712513],[-77.1864726839446,39.10228442769679],[-77.18468956794915,39.1023485436438],[-77.18239814983451,39.10098439882584],[-77.18222781316851,39.10163340815886],[-77.18146402049577,39.101178682809675],[-77.18197230246314,39.10260692187138],[-77.18027435361911,39.102346469955336],[-77.18027576117393,39.10065883768078],[-77.18163436291876,39.10052967457951],[-77.1820602056616,39.09890715333354],[-77.18027716866335,39.09897120594869],[-77.18019340300616,39.09760807776263],[-77.18231842222066,39.094558378899855],[-77.18028279796724,39.09222068441361],[-77.1782458502365,39.09157058643194],[-77.17824730469633,39.089882957617945],[-77.17604158198206,39.08819419772284],[-77.17425570836185,39.091633420920054],[-77.17255804361749,39.09137286415049],[-77.16966906486009,39.0939675971108],[-77.17068508414869,39.09682416606756],[-77.16941009325598,39.098316344742805],[-77.17161596913135,39.10000522553762],[-77.1754361781891,39.10059147558034],[-77.17543465821291,39.102279107776184],[-77.17636881782344,39.102084869059006],[-77.17815047776693,39.10370850515449],[-77.1773852140793,39.10494138765179],[-77.178743901053,39.10481225603531],[-77.1801863553073,39.1060462396604],[-77.1789951507785,39.108901650048466],[-77.17619241504109,39.10948440512949],[-77.17509079529549,39.1069523743794],[-77.17568722712095,39.104680872966384],[-77.17500864772998,39.1039016073642],[-77.1741596691413,39.10377133671481],[-77.17441374489434,39.104485471741285],[-77.17322548193863,39.1039655588937],[-77.17416121876643,39.10208370405388],[-77.16991811823007,39.099744632300514],[-77.1713587072897,39.10266634939964],[-77.16948370825759,39.109805279505565],[-77.16838063349094,39.10896082342815],[-77.16481403873662,39.10908851088936],[-77.16498631133335,39.10675189044939],[-77.16804305304036,39.10688353667863],[-77.16965748668521,39.10578101847539],[-77.16872493756591,39.10428757359398],[-77.17025571912234,39.10182191111656],[-77.16796628212556,39.098769868885135],[-77.1686480932459,39.09617391023891],[-77.16754353198593,39.09701707935531],[-77.16788444296442,39.09571910193033],[-77.16431849736026,39.09584677484344],[-77.16312864222829,39.097014396704886],[-77.16151614754656,39.09642919760491],[-77.161771910611,39.095455727101886],[-77.16669637010422,39.09519912754251],[-77.16831056455901,39.094096629281694],[-77.17086039104913,39.09111228420657],[-77.16882355870517,39.09046203195108],[-77.17247443153053,39.09000973271966],[-77.17196642437065,39.08858145822908],[-77.17315757198368,39.08572612618371],[-77.17358039185396,39.08747889290148],[-77.17595790820428,39.08683106944561],[-77.18046715894623,39.07469541429116],[-77.17910903806752,39.07482456401698],[-77.17834409478563,39.076057445755595],[-77.17520346064869,39.076250551874814],[-77.17477759758272,39.077873042769724],[-77.17392892347527,39.07774277117867],[-77.17460878572518,39.076834414162754],[-77.17036550777227,39.076182992642586],[-77.16968559858033,39.077091326335186],[-77.1690073411515,39.076312032001155],[-77.17113058772195,39.07495015999245],[-77.17435480472471,39.07612028323081],[-77.17511981634175,39.074887426035275],[-77.17630761741762,39.075407317951786],[-77.17826039179509,39.0746943220788],[-77.17911047214857,39.073136940411146],[-77.18216582560163,39.073268238553524],[-77.18411980274762,39.07086752793725],[-77.18182801694158,39.07119100312838],[-77.18106454668572,39.07073627789662],[-77.18479947331863,39.06995911631137],[-77.18615876349232,39.0681422823542],[-77.1890449238569,39.06723479990572],[-77.18921511903899,39.066585785368055],[-77.18633025287306,39.06580565021706],[-77.18650046894807,39.06515663956453],[-77.1891312230857,39.065222671358356],[-77.18896103034623,39.06587168562228],[-77.19023387513215,39.06606693643],[-77.19286578014012,39.0644452680895],[-77.19380049972554,39.06256327921287],[-77.19312211934509,39.061784118564326],[-77.18837020761526,39.0613927507105],[-77.1860800114616,39.06002868404364],[-77.18633531749458,39.05905516952282],[-77.190153493132,39.059640962836006],[-77.19032248716637,39.060679567092635],[-77.19227472840844,39.05996635288895],[-77.19286800905483,39.06107002742169],[-77.1949892981841,39.0613953712106],[-77.1958399099816,39.05815025962481],[-77.19422909689818,39.05587787052096],[-77.19618013343637,39.05685221388234],[-77.19668839459344,39.05828038112057],[-77.19813122227517,39.05782652677114],[-77.20076451478128,39.052829457665176],[-77.19898262441846,39.05289377803517],[-77.1990676612427,39.052569264807936],[-77.20144380871865,39.05192095792883],[-77.20161294610534,39.05295954540676],[-77.2035640032785,39.05393377230694],[-77.20611016694251,39.05263634320942],[-77.20907971544288,39.053091497172176],[-77.20950466777118,39.0514688960343],[-77.21128651388761,39.051404424758786],[-77.21196633392617,39.048808251149545],[-77.21586971579335,39.04738111500639],[-77.21629448320802,39.04575849226057],[-77.211459886786,39.04231730331803],[-77.21137560180951,39.0409542101738],[-77.20883068481123,39.040564130414545],[-77.20721829335618,39.0416671441573],[-77.20747170161262,39.044068818183185],[-77.20679334729155,39.04328973471337],[-77.20280587985323,39.04335348512026],[-77.20280676329881,39.041665870694224],[-77.2056058529802,39.04277013717791],[-77.20866147316268,39.039525554996246],[-77.20764399158843,39.03835693909915],[-77.20492919910056,39.038615816089425],[-77.20425092289359,39.03783671946389],[-77.20204527406945,39.03783604962395],[-77.20221528440305,39.03718702062626],[-77.20713565451953,39.036928821630234],[-77.20866222065784,39.037837941639104],[-77.2086629681183,39.036150328767675],[-77.20747557703929,39.035630749741046],[-77.20883365891818,39.03381367869709],[-77.20900285973434,39.034852252870444],[-77.2103601808872,39.03472277735512],[-77.20967971133433,39.0390065490913],[-77.21086717329068,39.03952610734443],[-77.21146125189892,39.03894207544615],[-77.21120635290258,39.039915638153396],[-77.2134963868326,39.04127923682847],[-77.21417417463276,39.0437458980292],[-77.21638000282908,39.04374635248132],[-77.21773693997481,39.04530441122598],[-77.21951912325389,39.04355220687515],[-77.22537277362031,39.04478633219603],[-77.22664567708472,39.043293594248595],[-77.22910589316972,39.04400784250241],[-77.22936083392942,39.04134662793879],[-77.23114264007239,39.039594258023584],[-77.22953087178118,39.039009947408836],[-77.22698560326468,39.04030785342839],[-77.22528894817218,39.04004801929908],[-77.22435609963671,39.03855500978496],[-77.22248966440728,39.03894419690517],[-77.21892812725312,39.03401059662902],[-77.22189699532466,39.03446544274049],[-77.22240517657549,39.037581112041615],[-77.2246957223359,39.037256890428246],[-77.22554365907301,39.03907442768033],[-77.22724029235782,39.03933425828723],[-77.22851306204001,39.03784150260018],[-77.22970063951674,39.03836088068639],[-77.23029455732225,39.037776758836436],[-77.23054895374513,39.038490770477814],[-77.23326365024175,39.038231333528145],[-77.23555404471071,39.03959452510304],[-77.23708119786419,39.03712806921534],[-77.24013514234197,39.03725794117328],[-77.23979579527959,39.038556102730524],[-77.24234080797014,39.0389455478948],[-77.24217118194586,39.04128224591438],[-77.24539515337331,39.04413813346178],[-77.24624356303457,39.04426791618783],[-77.24895804364218,39.04063290695306],[-77.25269097169912,39.04154132305133],[-77.2540486456994,39.04309898442558],[-77.26380504530955,39.04290284123062],[-77.26159876149634,39.04121561456975],[-77.25905356624534,39.04082656385925],[-77.25981677012108,39.03959319344304],[-77.25328415441851,39.03758186374841],[-77.25311431480117,39.036543349531925],[-77.25048454072811,39.036478672794075],[-77.24743030591281,39.0329738307357],[-77.24267994322213,39.030896930543406],[-77.24106826572209,39.02693754934388],[-77.23776039623499,39.02440609599177],[-77.23682758607819,39.021225575353995],[-77.23597946201852,39.021095728822544],[-77.23996578451079,39.01259287736511],[-77.23394481201277,39.01200851629371],[-77.23250350487292,39.00908757177785],[-77.23419946359263,39.009347306024544],[-77.23547131537008,39.01122969702206],[-77.23640414517911,39.01103501032914],[-77.2361496778313,39.01200861966359],[-77.24106822395831,39.0117490774841],[-77.24632533884959,39.00344074969602],[-77.24793628997206,39.002337235385454],[-77.24598602255313,39.001363713870774],[-77.2425944453519,39.002532148053255],[-77.24293357443678,39.00123398656061],[-77.24997115019937,39.00129857781176],[-77.25064912150772,38.9987022143831],[-77.2526838413338,38.99766351294344],[-77.25183570925735,38.99584617339742],[-77.2470877891768,38.99545705557304],[-77.24607030676869,38.99428876299316],[-77.2474265008689,38.99078368186041],[-77.24378073616518,38.9828001784967],[-77.23877942678243,38.98169676560647],[-77.23860992459824,38.98065824093912],[-77.23632132784147,38.97929511871239],[-77.23581260610403,38.98124232694911],[-77.23454112287158,38.98104754582369],[-77.23360850412678,38.98292981559162],[-77.2318283545578,38.982994606322414],[-77.22572576325481,38.97935918580903],[-77.22445510119181,38.9757891078317],[-77.21970863629143,38.97539894399195],[-77.22250500773833,38.97819041454031],[-77.22208077320391,38.979813040690665],[-77.2203006896308,38.9798776660479],[-77.22140195859572,38.98240924034893],[-77.22089235256684,38.98604398709592],[-77.22004466702323,38.98591403246079],[-77.2205543144838,38.98227928926695],[-77.21835087173014,38.980591311184284],[-77.21979202391869,38.980137211091936],[-77.22021679029048,38.9768269958655],[-77.21708110157356,38.97533356061674],[-77.21657301953275,38.97390549622608],[-77.21479307556959,38.97397004252814],[-77.21326649243944,38.97643619927704],[-77.20928196127099,38.978187753532474],[-77.20242009284233,38.97072144967362],[-77.19742024107477,38.96961637222351],[-77.19318190430441,38.97065333595741],[-77.18648733064612,38.96928752511421],[-77.17911279616025,38.97051731684392],[-77.17648696726508,38.96876347956998],[-77.1749607237126,38.969541568365976],[-77.1769091878161,38.97051620062774],[-77.17224838203161,38.969799728163785],[-77.16953436704691,38.97174542335099],[-77.16639821095102,38.971938303536525],[-77.15758553802854,38.97024510619498],[-77.15004220409494,38.97043453685353],[-77.14682305996914,38.9692638034247],[-77.15054476742448,38.975238062640756],[-77.15681353306964,38.97822821595648],[-77.15732047245724,38.97965652566768],[-77.15952435724355,38.97965798973883],[-77.1602016122501,38.98043732320778],[-77.15841954677583,38.98218865818452],[-77.15943545230708,38.983357666531845],[-77.15867113724637,38.98459040820354],[-77.16045139048005,38.98452666677293],[-77.1609584451564,38.98595496299883],[-77.15994060199547,38.98647356495178],[-77.15942789729097,38.99010806085422],[-77.1601903862777,38.99056291284366],[-77.1616339364554,38.988421888226966],[-77.16248154673471,38.98855224181633],[-77.16230947355984,38.990888810721536],[-77.16332556306794,38.992057788798014],[-77.16544470792982,38.99238363322691],[-77.16552807612184,38.993746746516905],[-77.16993505439531,38.995436944806045],[-77.16815116905823,38.9988760252899],[-77.1695913432046,39.000110108924545],[-77.16958968974083,39.001797711408315],[-77.1723016432758,39.00322721134154],[-77.17535100849486,39.00673388268194],[-77.17713178899919,39.006669901776874],[-77.1783170394033,39.00887737288768],[-77.18069194456123,39.00822946769672],[-77.18119817752367,39.011345291747304],[-77.18331796432254,39.01167083203851],[-77.18526895890992,39.010957733847256],[-77.18552410356796,39.00998422909758],[-77.18764387005979,39.010309695460485],[-77.18832171170101,39.011088879197914],[-77.18560786821457,39.01134733268989],[-77.18594550689153,39.01342453646215],[-77.18959121681088,39.014659346680645],[-77.19027029382784,39.01375091391112],[-77.19145720480694,39.014270655524186],[-77.19205123297894,39.01368671893801],[-77.19535807968572,39.01453177840208],[-77.18933611018882,39.01563286052748],[-77.18992898462275,39.01673654074033],[-77.19128600163899,39.01660727406916],[-77.19128255010622,39.02167009714905],[-77.19357163592171,39.02303405894111],[-77.19238344175591,39.024201945670725],[-77.1895864574805,39.021409776165974],[-77.19052187704978,39.0178402183219],[-77.18789283547187,39.01777421652735],[-77.1884881362322,39.01550268976704],[-77.18721618098839,39.015307422773276],[-77.18450479168025,39.01219063993314],[-77.18229992075713,39.01218961944989],[-77.18102665167844,39.013681895018955],[-77.18060408135025,39.011929176184076],[-77.1794172861352,39.01140933102603],[-77.17984265660088,39.00978684282983],[-77.17772294025983,39.00946124330495],[-77.17645261401537,39.00757826163937],[-77.17382395611975,39.007511962075554],[-77.17348669101385,39.0054347273423],[-77.16958803620032,39.00348531434534],[-77.16916580069132,39.001732559471634],[-77.167979253563,39.001212605837196],[-77.16814610829155,39.00393883304951],[-77.1661100066867,39.004976149462244],[-77.16958307511847,39.008548125890925],[-77.16737490476696,39.01192205035935],[-77.17203836161768,39.012638710522104],[-77.17042603139069,39.013741241430075],[-77.17212028152781,39.01568943007962],[-77.17101536201504,39.018220225060965],[-77.17152124995667,39.021336093632804],[-77.1734710556,39.02231078783063],[-77.17415040540065,39.0214024420952],[-77.17542243214949,39.02159784312706],[-77.1788981897607,39.023481959698636],[-77.18279951359331,39.023743477527304],[-77.18381639146213,39.02491229402937],[-77.1815260524819,39.025235761054745],[-77.1809332362849,39.02413203917619],[-77.17423397002544,39.022765555899916],[-77.17363816460313,39.025037017017],[-77.1775380833477,39.02698630966987],[-77.17618084823769,39.027115426312434],[-77.17694234654948,39.029257788237594],[-77.1762629582389,39.03016615043631],[-77.17897610090915,39.03159551121972],[-77.17702449091657,39.03230851295568],[-77.17676766650787,39.03496961559199],[-77.17812504717355,39.034840492364495],[-77.18117740439774,39.036659426169464],[-77.18168522973048,39.0380876497609],[-77.18609654223869,39.03808967338551],[-77.18372070995142,39.03873768516034],[-77.18422859975593,39.04016589885926],[-77.18227817112222,39.039191370646165],[-77.1817675830734,39.04113837590956],[-77.18236055059407,39.04224209697825],[-77.18482029581114,39.04295722214769],[-77.18566730213216,39.04477503324562],[-77.1834601105153,39.04646164855043],[-77.18345877792657,39.04814926420223],[-77.18218626503213,39.04795394461051],[-77.18227001084394,39.04931705914668],[-77.18074213807714,39.05009522918763],[-77.18006542540274,39.047628383005],[-77.18201878282909,39.045227716336626],[-77.18185131318569,39.04250148912178],[-77.17930650056046,39.04211080436],[-77.18109091896862,39.0386715391272],[-77.18015899570122,39.037178198183796],[-77.17803847944423,39.03685260257287],[-77.1782938117644,39.03587910850024],[-77.1754954022304,39.03477422790144],[-77.17643168538642,39.03120476828149],[-77.17499230812072,39.02828314741593],[-77.17550298730359,39.026336174244506],[-77.17177180516236,39.025425441064456],[-77.17355460853551,39.023673902297645],[-77.16923096893538,39.02165933370249],[-77.16974175583665,39.01971238636893],[-77.16813260946932,39.01743967388022],[-77.16669039583964,39.017893176703325],[-77.16516477308228,39.016983543956776],[-77.16201933678019,39.02392674599715],[-77.16337473929221,39.02548539309405],[-77.16184899874034,39.02457571846787],[-77.1604899155998,39.0263922727018],[-77.1579457815018,39.02600115138095],[-77.15675111079183,39.032231528403294],[-77.16090651836554,39.033207895834664],[-77.15912127939005,39.036646867806866],[-77.1599656919943,39.04015246513538],[-77.16217141049344,39.04015388223039],[-77.1626788868889,39.041582184355754],[-77.16395123584049,39.04177770355959],[-77.1631863832225,39.04301048475808],[-77.16386426760303,39.043789806253386],[-77.1651366583748,39.04398531338891],[-77.16717044509515,39.04632323555228],[-77.16886703861363,39.046583863796],[-77.16912086252887,39.04729800218611],[-77.16733907984577,39.04736186861267],[-77.16733737302594,39.04904948433109],[-77.17115325174616,39.051323476893764],[-77.1722538913771,39.05385551661528],[-77.16979390105497,39.05314014124689],[-77.16784501300795,39.05047776754471],[-77.16623351253244,39.04989263458446],[-77.16453862308144,39.04794435437149],[-77.16521832400177,39.04703605355901],[-77.16284382446717,39.04599605169411],[-77.16369389949536,39.044438783438096],[-77.16208256627915,39.04385359724289],[-77.16208439494434,39.042165983116206],[-77.15835448377258,39.03956723100997],[-77.15853062118968,39.033855425209715],[-77.1557286381091,39.03612532284355],[-77.15411755322314,39.035540034159226],[-77.15555623535037,39.03846190048303],[-77.1539430826125,39.039564222088416],[-77.15267079931334,39.039368600442565],[-77.15334650565123,39.04183559223925],[-77.15207212321339,39.04332757822346],[-77.15334041095085,39.04689843539812],[-77.15418868810305,39.04702884687214],[-77.15350884945833,39.04793708732608],[-77.15460882327812,39.05046928183339],[-77.15969314239688,39.05631446409908],[-77.16385175411493,39.055603119026735],[-77.16189751796514,39.05800350432273],[-77.16554505505684,39.059239029935654],[-77.16689947431013,39.06248526771297],[-77.16325355326077,39.05956216186964],[-77.16198089489767,39.05936663491055],[-77.16121582379232,39.060599407765],[-77.16104909891929,39.057873145240166],[-77.15782590544521,39.05670268063813],[-77.15689617836954,39.05352154312856],[-77.15358800550563,39.052675453790066],[-77.15443835689665,39.05111824707306],[-77.15181021219266,39.049363864836955],[-77.15223847811528,39.04605384584282],[-77.15113865364856,39.043521632287444],[-77.14961268772014,39.042611804553545],[-77.15173531341448,39.04125027208358],[-77.15139852286026,39.03917296577113],[-77.1530117054932,39.03807067728741],[-77.15097651858633,39.03742013874075],[-77.15021149183607,39.03865283911386],[-77.14630948551662,39.038390296830876],[-77.14368650793827,39.03326052348499],[-77.1442810747699,39.03267681367561],[-77.14538271246849,39.03352147188423],[-77.14504169144581,39.034819373091565],[-77.14690625402348,39.03611896182183],[-77.14622642642102,39.03702716071494],[-77.14928020303863,39.03715926656501],[-77.15038406679305,39.03631626882081],[-77.1528432969421,39.03703202644803],[-77.15233810015432,39.033916073660805],[-77.15479726836247,39.034631792306755],[-77.15649941891117,39.0298297560866],[-77.15624774365534,39.027427984229],[-77.15506086965718,39.02690790494915],[-77.15633294138784,39.02710350170195],[-77.15642009803994,39.02509140997718],[-77.15752369586039,39.024248350492414],[-77.16023624940355,39.025678119218746],[-77.16074730532277,39.02373120759543],[-77.15939199181202,39.02217253227649],[-77.16193599975604,39.02256362372177],[-77.1600752655871,39.017889048725706],[-77.16321161794428,39.01938393411497],[-77.16321341979707,39.01769632692213],[-77.1655053513923,39.015685591381676],[-77.17016903112847,39.01640232219944],[-77.16915415546286,39.01354578947007],[-77.16779715627003,39.01367481419949],[-77.16601793271076,39.012051055609255],[-77.16627506945855,39.009389985317625],[-77.16788736615386,39.008287509090856],[-77.16382021669605,39.005299288872386],[-77.16484005935966,39.00309305034825],[-77.16738342936534,39.00348402897355],[-77.16679100499654,39.00238024350705],[-77.16823459540099,39.00023913815471],[-77.16755877056445,38.9977722442948],[-77.16832307351089,38.99653944536841],[-77.16637402750156,38.995564674400526],[-77.16399940828366,38.996212304400615],[-77.16527272085642,38.99472020763487],[-77.16128972522874,38.993095024203576],[-77.16137670406802,38.99108294005084],[-77.16052906628683,38.99095257886535],[-77.160018234768,38.99289947930314],[-77.15832292478568,38.99263873251867],[-77.15848557616769,38.99874017156657],[-77.157041728591,39.00088116303102],[-77.15805787301659,39.00205018606609],[-77.1560216804364,39.0030873367071],[-77.15236685531161,39.01028956125939],[-77.15075427902555,39.011391836276246],[-77.14888174503952,39.016842732913794],[-77.15091633742273,39.017493303550445],[-77.15074591538199,39.01814226009708],[-77.14667454822215,39.01852868652192],[-77.14404327520892,39.020149363452525],[-77.14276908192224,39.02164124852732],[-77.14404102846879,39.02183697101521],[-77.14378528697662,39.02281039231381],[-77.14242806996332,39.02293913997495],[-77.1426815517318,39.02365332949612],[-77.1408173842341,39.0223536800658],[-77.14038873806112,39.02566364633056],[-77.1393725477418,39.02449447419559],[-77.14005234378102,39.023586314733755],[-77.13725258411458,39.0241681829724],[-77.13699915386516,39.02345398230961],[-77.13844166284447,39.02300082394729],[-77.13937725793586,39.021119258229625],[-77.1423451012614,39.0215760048042],[-77.14065383696993,39.017939801202516],[-77.14378979228086,39.01943517712494],[-77.143706802055,39.018072043652495],[-77.14591185058981,39.018073749474844],[-77.14752464840615,39.01697153615026],[-77.1496529141039,39.01054722881062],[-77.14812765849814,39.00963738783864],[-77.15075636969388,39.00970423147948],[-77.15296524347292,39.00633060382688],[-77.1515273008558,39.003408723005705],[-77.15381506645441,39.00477341347436],[-77.15585330989562,39.00204869594194],[-77.1568752969881,38.998154922237596],[-77.155688896058,38.997634851432196],[-77.15679208586408,38.99679180219806],[-77.15526901490442,38.994194450233216],[-77.15730303104169,38.99484491385093],[-77.15671278195096,38.99205348164186],[-77.15739205844466,38.991145232017914],[-77.16002011003341,38.991211879320126],[-77.1585802743587,38.989977686380485],[-77.15858599971716,38.98491489012088],[-77.15723145547062,38.983356200880124],[-77.15655224968361,38.984264448530986],[-77.15307690796774,38.984067315943925],[-77.1519718063156,38.986597928697705],[-77.15002113869343,38.98731050088408],[-77.14806828052298,38.98971064144357],[-77.14772535236084,38.99269614051668],[-77.14687772025427,38.99256568607661],[-77.14517802614434,38.99567996033899],[-77.1423816658712,38.99457434094906],[-77.14136356972966,38.99509279124522],[-77.14178509688355,38.996845638761215],[-77.1401726582725,38.99794777396778],[-77.13754438160835,38.997880706375355],[-77.13711813746595,38.999503046403454],[-77.13652620472703,38.99839911726652],[-77.1316934652448,38.99833005331017],[-77.13169093269791,39.00001765467853],[-77.13041940086998,38.9998218063853],[-77.12948384799732,39.001703298104644],[-77.13219500969859,39.00313367400945],[-77.13261636252157,39.00488655488667],[-77.13159805246522,39.0054049259349],[-77.12981983929434,39.00378065091237],[-77.1264289410099,39.00325830844765],[-77.12684221982344,39.010074019493985],[-77.12480535766157,39.01111065942107],[-77.12293362267343,39.01487355857893],[-77.12276569734077,39.01383487102769],[-77.1204754361599,39.01415721142878],[-77.12073145916835,39.01318383954855],[-77.12225919831751,39.012406412583346],[-77.12277117741893,39.01045966164731],[-77.12514662859886,39.009812818903576],[-77.12574382343685,39.00754159639589],[-77.1235418166134,39.00585192921398],[-77.12439226379603,39.00429494045978],[-77.12201974322744,39.00325416571364],[-77.12015366731195,39.00364181255409],[-77.11837575277455,39.00201737408247],[-77.12100694169479,39.00039724586703],[-77.12320872453569,39.002086956536495],[-77.12592244369465,39.00182986738108],[-77.12778581914375,39.00312973606365],[-77.12897989702886,38.998587268474814],[-77.13118689887631,38.99690163484079],[-77.13016869039862,38.99741999350661],[-77.12771102236918,38.996703791606144],[-77.1261836712186,38.99748128369841],[-77.12567721893713,38.996052842939015],[-77.121780348381,38.99410193175145],[-77.11635343811862,38.99461586904855],[-77.11525272656779,38.993770958745856],[-77.11601787363477,38.9925384828246],[-77.11737457024284,38.99241002444914],[-77.11737743458153,38.990722425409146],[-77.11864877227386,38.990918407005566],[-77.11974948010624,38.9917632868172],[-77.11940819755769,38.99306110877221],[-77.122121593498,38.99280410306367],[-77.125424000254,38.99533862190492],[-77.12966216030327,38.995991569020326],[-77.1302565350768,38.99540792990441],[-77.13042452482162,38.99644660425526],[-77.1314427178538,38.99592824357051],[-77.13398565776714,38.99631990593664],[-77.1345775350396,38.997423846824866],[-77.13635812336204,38.99736045085545],[-77.13703770349504,38.996452311885534],[-77.13830919424593,38.996648092285305],[-77.14034779072814,38.99392363286766],[-77.13984342838319,38.99080765117497],[-77.14120005060815,38.99067893243051],[-77.14229873038447,38.993211211977396],[-77.14424739073428,38.99418636056525],[-77.14807258510848,38.98633544398054],[-77.15205903504327,38.984585853110815],[-77.15248485869522,38.98296346557322],[-77.15545122805366,38.98341989611407],[-77.15587894027138,38.98010990020173],[-77.15706505684119,38.980629967778206],[-77.1588452145925,38.98056624942387],[-77.15681158377585,38.979915812515245],[-77.15588091119865,38.978422303607935],[-77.15291474285898,38.97796588368697],[-77.15130704508795,38.97569296816106],[-77.14961216715665,38.97543210309558],[-77.1469060529052,38.97062692438167],[-77.1437721365907,38.96913163862825],[-77.13378451827758,38.960166188532746],[-77.13073910649094,38.95665852157826],[-77.12803755154127,38.95016535565127],[-77.12592246779592,38.94815128618362],[-77.1263539696794,38.94315382205656],[-77.12440691487885,38.94217839999311],[-77.12212441970577,38.93912559422571],[-77.11806016568148,38.93782349174954],[-77.11831595257559,38.936850136058254],[-77.11332561714246,38.932366506414176],[-77.11104690265317,38.92762591756179],[-77.10740997564452,38.92470123512523],[-77.10698969345356,38.92294828945197],[-77.1048728309912,38.92262145043978],[-77.10284449891745,38.92028255319507],[-77.10081305189576,38.91963120439795],[-77.10149234991101,38.91872327034056],[-77.10031089544076,38.91651509578169],[-77.09532643375042,38.9103431750741],[-77.09236685833133,38.9081977338865],[-77.08348188607796,38.90513614413059],[-77.07856998407398,38.90538943949919],[-77.07916028258644,38.90649363004114],[-77.07679159391289,38.90545200574861],[-77.07593746235793,38.90869622374889],[-77.07398813777228,38.90940759287578],[-77.07500167276652,38.91057727981512],[-77.07711805106253,38.910904628193414],[-77.07677258584513,38.91388989668403],[-77.07287752928048,38.91362505245437],[-77.07228726821874,38.91252083097773],[-77.07321926866882,38.91232737339588],[-77.07373185492011,38.91038085345535],[-77.07306006456655,38.90791347829358],[-77.07594128340045,38.90700864598763],[-77.07636834870904,38.90538653789362],[-77.06536424048676,38.903683866723135],[-77.0641759386992,38.90485050517238],[-77.0629062498819,38.90465396809086],[-77.06316265722062,38.903680730614276],[-77.06434686683846,38.90420167846649],[-77.0649410158292,38.90361835987323],[-77.06121750403483,38.9027043220786],[-77.05994366928702,38.90419533102006],[-77.05630141302964,38.904644311529985],[-77.05442887550251,38.908406118590634],[-77.05052978379513,38.9098281498505],[-77.05957653156997,38.91561843907141],[-77.0562629226029,38.91983251432441],[-77.06227070048085,38.92211306312347],[-77.0624375514868,38.92315181811853],[-77.05837525690973,38.921847763055915],[-77.05609188575977,38.92048133121074],[-77.05592513137864,38.919442568051345],[-77.05338095202083,38.92073689083209],[-77.05126439476814,38.92040913687187],[-77.04896786235514,38.92410531409862],[-77.05014346315572,38.928001560988925],[-77.04912564155008,38.92851924948528],[-77.04590997456177,38.92734590579523],[-77.04505874830683,38.92890233866786],[-77.04750883320163,38.931307751427184],[-77.0511480805292,38.932546609922866],[-77.05097696824755,38.933195420870426],[-77.05360282934534,38.933264320632176],[-77.05156707372414,38.93429974683404],[-77.04894117721459,38.93423080396223],[-77.04825661530002,38.936826035106904],[-77.05316639287607,38.93826152331111],[-77.0501848280777,38.94455298937063],[-77.05577098827506,38.94676830180529],[-77.05399156779282,38.94683054136552],[-77.05170749538281,38.945464024098754],[-77.05102732708357,38.946371688640454],[-77.0500992539168,38.94487739474457],[-77.04882890506137,38.944680712440324],[-77.04806312374198,38.945912765114386],[-77.0457746692348,38.9462337241981],[-77.04492321924387,38.947790160224244],[-77.04737842067897,38.948507995659334],[-77.04686486134484,38.95045441671672],[-77.04542322050266,38.950906506028986],[-77.0448239845447,38.95317732177728],[-77.04219280774737,38.954795823210674],[-77.04269274023366,38.9579121831564],[-77.04090840034985,38.95966182361392],[-77.0434495850273,38.96005533828307],[-77.04826630153173,38.965190606045034],[-77.04698211675968,38.97005667673597],[-77.04528774505178,38.969794387249166],[-77.0441791128306,38.97232403315416],[-77.04799158987063,38.97291418626047],[-77.04891997730132,38.97440850203345],[-77.05103809448916,38.97473629850902],[-77.05509890196514,38.97772819713306],[-77.0584880977426,38.97825248566782],[-77.06043941794867,38.97754135333426],[-77.0633194330711,38.97832439931187],[-77.06569436328063,38.977678697409026],[-77.06484297143504,38.97923527730966],[-77.06594287767892,38.98008063259841],[-77.06246798287077,38.979880963071814],[-77.06230100136054,38.97884219968395],[-77.05780770755437,38.97916019175052],[-77.0545040690085,38.978311474604794],[-77.04790149795008,38.97492618392789],[-77.04815835353347,38.97395296795897],[-77.04349859960742,38.973231659966984],[-77.04350317623265,38.97154406808999],[-77.0426559778075,38.97141290245683],[-77.04070464818864,38.972123754507486],[-77.04027174477717,38.97543334705744],[-77.04365615357946,38.97764563333066],[-77.04483688115475,38.97985436649397],[-77.04457996031984,38.98082757645728],[-77.04279969742934,38.98088965579556],[-77.04101479668307,38.9826393037854],[-77.04211447752746,38.9834848706671],[-77.04931694788517,38.98459962769565],[-77.04991187382294,38.98401637452668],[-77.05126413061546,38.9855762341957],[-77.0549917581656,38.98649058155205],[-77.059404143972,38.98480950901398],[-77.06194630685941,38.9852026463305],[-77.06278957050515,38.98702127662886],[-77.06406069629685,38.98721781718907],[-77.06328648774193,38.99182516592123],[-77.06472474277952,38.993060464000116],[-77.06446804134274,38.99403371709817],[-77.06844892358744,38.99566200668427],[-77.06972418546191,38.99417089091089],[-77.0741328291872,38.994176890977464],[-77.07524075290284,38.991646969144085],[-77.07659369450032,38.99320655463628],[-77.07871624466058,38.99184628139574],[-77.08279747779702,38.98639929263741],[-77.08246290921045,38.98432181848175],[-77.08483786523577,38.98367574965931],[-77.08338849767148,38.98750347572269],[-77.0841504837848,38.98795879448814],[-77.0827938116034,38.98808688963515],[-77.08151892421422,38.9895781382503],[-77.08074951011895,38.99249799895742],[-77.07718467551923,38.9943107684291],[-77.07404730344271,38.99450131525977],[-77.07277212438066,38.99599247552249],[-77.07022952599361,38.99559955928096],[-77.0694635711485,38.99683175340454],[-77.06785405103935,38.99624534975314],[-77.06683540073887,38.99676318877087],[-77.0644639495989,38.99572131552987],[-77.06403608859316,38.9973434035932],[-77.0626792060276,38.997471279068364],[-77.06386493884868,38.99799223852173],[-77.06394641014924,38.999355420459416],[-77.06215327348703,39.00448057849905],[-77.06468387690055,39.00993646611308],[-77.06391767714437,39.01116862883547],[-77.06527888683674,39.009353136962666],[-77.0661265679136,39.00948414891432],[-77.06698232043104,39.00623995104856],[-77.06842492384173,39.0057876074122],[-77.06927256903539,39.00591859780913],[-77.06867761921758,39.00650194577572],[-77.07342529769748,39.00689788751657],[-77.07613555023984,39.0083294886159],[-77.079957639656,39.00554345871699],[-77.08529652451726,39.00704314643713],[-77.08436697341467,39.00554909533032],[-77.08708452639341,39.003605253418904],[-77.08640783919817,39.00282551836493],[-77.08776477987571,39.002697383417626],[-77.08810667212242,39.00139964656305],[-77.08886883331695,39.001854937354786],[-77.09048213553797,39.00075346801799],[-77.09014728149957,38.99867600992495],[-77.09201338983978,38.998288814440684],[-77.09244407547787,38.994979030245304],[-77.09600520247308,38.99485342153302],[-77.09753614550775,38.9923887021258],[-77.0977036611565,38.993427420203815],[-77.09897499309554,38.993623603384485],[-77.09974041433748,38.99239122784643],[-77.10101173366202,38.992587390135085],[-77.10100848964213,38.994274989264035],[-77.09871874785416,38.99459692733525],[-77.09744407281957,38.996088341014534],[-77.09473046731928,38.996344807407155],[-77.09421783723947,38.998291438235206],[-77.09167158190117,38.99958656141247],[-77.09098792943911,39.00218205333373],[-77.09022575155542,39.00172677552819],[-77.08750835268567,39.003670685616825],[-77.08605872725268,39.00749845489205],[-77.08766864307471,39.00808462354143],[-77.08868730358154,39.00756661264504],[-77.08918959065713,39.01068281004402],[-77.09079960218631,39.011268938395844],[-77.09147988096959,39.01036104691994],[-77.0912234764738,39.01133435799143],[-77.09368127940189,39.01205128390207],[-77.09452564773787,39.013869706220866],[-77.09622122348951,39.01413132515276],[-77.09664846547675,39.012509121888954],[-77.09970439748608,39.010954842120654],[-77.10106470990597,39.00913895809701],[-77.103095462535,39.011477915152796],[-77.10631889250884,39.010962186317684],[-77.10436395748015,39.013361648027214],[-77.10300684711645,39.013489964624846],[-77.10046673138713,39.0114100624047],[-77.10012501261076,39.012707835377064],[-77.09842945600163,39.01244626981573],[-77.09774924446114,39.01335419967396],[-77.09834071033073,39.014458316272076],[-77.10393688256336,39.01498387806001],[-77.10605017281355,39.01868594878001],[-77.10800211251117,39.01797406415103],[-77.10910310611699,39.018819042027296],[-77.11190587727458,39.01655020309362],[-77.11512946955109,39.01603424509722],[-77.11436406025632,39.0172667201784],[-77.11563585381049,39.017462733468236],[-77.11614225796119,39.018891220109005],[-77.11105501950358,39.01810710939231],[-77.10994793859543,39.02063736145971],[-77.1080844334398,39.01933722136858],[-77.10698033721447,39.02017984069067],[-77.10528458176083,39.019918368424825],[-77.10494921669087,39.01784094385347],[-77.10223804271065,39.01640996959401],[-77.10096630368442,39.0162138191155],[-77.10155784164417,39.01731792090411],[-77.10121935486778,39.01692809241037],[-77.10028608857696,39.01712176342971],[-77.10214617878907,39.020109626234415],[-77.10231060904754,39.02283594964132],[-77.10443037693945,39.02316283728035],[-77.10518972000679,39.02530563714682],[-77.10934709105915,39.02459612040913],[-77.10993882443366,39.02570018379616],[-77.11273588817409,39.0268065395358],[-77.11214111617402,39.027390097720485],[-77.1100211904105,39.02706334147452],[-77.10909087550476,39.02556947063756],[-77.10756271908136,39.026346737250336],[-77.10637621105134,39.02582619284408],[-77.10577826119544,39.02809732896287],[-77.10908781749693,39.02725707897274],[-77.11179953064809,39.028687906233834],[-77.11442889690225,39.02875551922874],[-77.11442596263919,39.03044312859298],[-77.11620448393155,39.03206763119612],[-77.11527106326103,39.032261415329415],[-77.11475872986819,39.0342081423618],[-77.1172146681015,39.03661221625932],[-77.11373693141486,39.03641398047995],[-77.11382527786841,39.03440191569921],[-77.11297722048266,39.03427122888646],[-77.113913619433,39.032389851541595],[-77.11264156945693,39.03219382012379],[-77.11357795034087,39.03031244596941],[-77.11222053990362,39.03044086363402],[-77.11162873331308,39.029336810244025],[-77.1083221876898,39.02848951909928],[-77.10721795526388,39.02933214181704],[-77.10552198553823,39.029070672396536],[-77.10382920818591,39.027121571186235],[-77.10417092858776,39.025823784939895],[-77.10289901972929,39.025627653952185],[-77.10290222127836,39.023940046231246],[-77.10120639281307,39.02367851811093],[-77.09729537270097,39.02847726072305],[-77.10043414954207,39.02828612524269],[-77.10212686300561,39.0302352731098],[-77.10287980731414,39.03575331029801],[-77.10457592340197,39.03601481609466],[-77.10542084246231,39.03783317156426],[-77.10185762679336,39.037959051248876],[-77.10016474074644,39.036009897165904],[-77.10161096020897,39.033869555255585],[-77.10017127152206,39.03263467645983],[-77.10043089052584,39.02997373412502],[-77.09619101270164,39.02931978538805],[-77.09542851782084,39.02886453750651],[-77.09619437007902,39.027632176803756],[-77.09110325997993,39.0285348559325],[-77.0885558902261,39.029829921598854],[-77.08702385456708,39.032294545225135],[-77.08430886123504,39.032550785326514],[-77.08380298731984,39.03112216569351],[-77.08516046060001,39.03099405862066],[-77.08618304964999,39.02878845771636],[-77.08813545495012,39.028076884210215],[-77.08780054213918,39.025999410546305],[-77.0896638553386,39.02729985644964],[-77.08932890244577,39.02522238717739],[-77.09127770998326,39.02619837220884],[-77.09492922440838,39.02406074849939],[-77.09772599672928,39.02516744199185],[-77.09756173306077,39.022441111464026],[-77.09553422455656,39.018414453724006],[-77.0962145110715,39.0175065352495],[-77.09155495523983,39.01509942189102],[-77.09130547544365,39.01269752483211],[-77.08833831532112,39.012239559146934],[-77.085207422179,39.00905518172652],[-77.08240778358395,39.00963581196865],[-77.08003568976943,39.00859423409022],[-77.0742652346495,39.01040404872211],[-77.07392305313705,39.01170174932057],[-77.07587129169175,39.012677973933094],[-77.0773063778815,39.01560073449801],[-77.07653651938459,39.01852058123526],[-77.074922611877,39.01962187249209],[-77.07466209655497,39.02228275681118],[-77.07347589037938,39.021761898445305],[-77.07160122567845,39.02552402983608],[-77.07024383063117,39.02565198858418],[-77.07116941052772,39.02883375804807],[-77.06930240743812,39.0292206421053],[-77.06836489523684,39.03110168188251],[-77.07065592073013,39.030780301817416],[-77.0714143480503,39.03292331080748],[-77.0705624318208,39.034479943746575],[-77.06971445136715,39.03434896153805],[-77.06971047911674,39.03603657125262],[-77.0665672418396,39.03791454060253],[-77.06938003594088,39.032271436044546],[-77.06819370466357,39.031750526352724],[-77.06581703069105,39.032396281660375],[-77.06463072290113,39.031875337923616],[-77.06751695813539,39.03097068474499],[-77.06896802736517,39.02714311729547],[-77.06795296487272,39.02597336077262],[-77.06981989177677,39.025586497212885],[-77.06939993266046,39.02383339767267],[-77.0708428700141,39.023381024643136],[-77.07152744064405,39.02078563479167],[-77.0736508904118,39.0194254421526],[-77.07348365839896,39.01838668731526],[-77.07475536124986,39.01858311933392],[-77.07603089571634,39.01709193328486],[-77.07484861645709,39.01488348403753],[-77.07552912813576,39.01397567943701],[-77.0729042295882,39.01221963941876],[-77.07274092548134,39.00949328194226],[-77.0685880578662,39.00851396893184],[-77.0679034978497,39.01110933736669],[-77.06866563430945,39.01156475289261],[-77.06739004577821,39.01305586193193],[-77.06493246814169,39.01233841549061],[-77.06382797837978,39.01318065007357],[-77.06366090100312,39.01214188307372],[-77.06281319339487,39.01201085423129],[-77.06238519975568,39.013632940833666],[-77.0605185401275,39.01401969186284],[-77.06026170843843,39.014992939522145],[-77.05805675622864,39.01498971272155],[-77.05788975711695,39.01395093765162],[-77.05492275645527,39.01349217335221],[-77.05560350378721,39.012584478184124],[-77.0611136168699,39.01343638228824],[-77.06298438550576,39.011362019297],[-77.06095909994903,39.00733480455673],[-77.05808220217749,39.00486409912536],[-77.06021801090309,38.99844134019409],[-77.06225543819573,38.99740576217309],[-77.06056037450091,38.997143680132474],[-77.06124506505847,38.994548357972505],[-77.0599780146155,38.992664190432656],[-77.05870680470218,38.99246760789448],[-77.05708467949646,38.99694385936144],[-77.05606594276888,38.9974616100593],[-77.05445651673024,38.996875032644354],[-77.05657958775477,38.995515137191255],[-77.0576067952789,38.99162218686366],[-77.0598966251576,38.9913010073248],[-77.05990082258656,38.98961341021127],[-77.05880084243972,38.988768000137355],[-77.0556636612854,38.98895808215949],[-77.04896999216676,38.987584849962495],[-77.04363785846125,38.984396009676864],[-77.04244789026367,38.98556245313296],[-77.04472394913134,38.99030434117518],[-77.04480050550859,38.9933551311247],[-77.04327233924364,38.994131602390354],[-77.04182057662736,38.997958848924036],[-77.03978750745486,38.99730649318773],[-77.04370064426632,38.99250958674983],[-77.0432004308953,38.989393214664],[-77.0416769508148,38.98848206958209],[-77.03989183681806,38.99023170346936],[-77.03760195234194,38.99055251390846],[-77.04151024638387,38.98744327687471],[-77.04185289185808,38.98614567066114],[-77.04032949664528,38.98523450949755],[-77.03642127078989,38.988343708290586],[-77.03413622528002,38.986976859120176],[-77.03566433876975,38.98620050119641],[-77.03769706066477,38.98685292333163],[-77.03863479549939,38.98497212856875],[-77.03948214454462,38.98510332192429],[-77.03881082573268,38.98263573522428],[-77.03966281417806,38.98107933316129],[-77.04178570079917,38.979719694068756],[-77.04305664229217,38.979916449508615],[-77.0433135802825,38.9789432428339],[-77.040857392111,38.97822532372828],[-77.03950549498286,38.976665352437735],[-77.03892459490396,38.97218577817672],[-77.04104723590169,38.9708261535394],[-77.04418367361922,38.97063644148142],[-77.04690999068539,38.965318308522285],[-77.04310709083497,38.961352943816365],[-77.04192210346086,38.96083178900848],[-77.04098476457432,38.96271260178295],[-77.03971412907848,38.96251582563329],[-77.03996639244606,38.96323021765101],[-77.03801525593175,38.963941026547026],[-77.03664948048066,38.96744379685844],[-77.03027648584508,38.973209926296114],[-77.02993369486833,38.974507497984256],[-77.02908648641105,38.97437623965347],[-77.03026671872793,38.976585110314836],[-77.02840083880957,38.97697137621779],[-77.02865796239065,38.97599820033096],[-77.02781073888029,38.97586693326136],[-77.02729646310911,38.97781328109602],[-77.02246519770512,38.9777399651052],[-77.0230653335721,38.9754692491983],[-77.02391254389234,38.97560054865641],[-77.0234939791199,38.973847307964434],[-77.0256976831442,38.973851148518456],[-77.02637345032981,38.974631210825684],[-77.02823928100987,38.97424497554146],[-77.02883920790111,38.97197423291228],[-77.03019567447461,38.97184672783696],[-77.03130478543785,38.96931720706464],[-77.0341937461176,38.96672574710708],[-77.03555010549191,38.96659818360187],[-77.03733946323462,38.96316102888082],[-77.04081812904064,38.961673812180386],[-77.04107503256577,38.96070061278938],[-77.03989007036076,38.960179438624216],[-77.04184570192484,38.95778101225445],[-77.0419405517588,38.95408143659663],[-77.04406260853484,38.95272176398821],[-77.04644588841028,38.94870125995412],[-77.04381947730131,38.948632208514866],[-77.04356722670741,38.94791782583907],[-77.04509895777312,38.945453770788596],[-77.04772525543284,38.945522795109504],[-77.04917121884607,38.94338309422087],[-77.04629273808801,38.94259972393849],[-77.04468005613819,38.94370060930638],[-77.04442781418656,38.942986228878944],[-77.04553146350202,38.94214417584822],[-77.04968023519302,38.94312425029277],[-77.05147273878393,38.93799931947303],[-77.04766206167926,38.93740927631903],[-77.0468197504292,38.93559055647664],[-77.03588314205811,38.93862360897864],[-77.03579275796656,38.94063558783944],[-77.03256228649342,38.94452464855937],[-77.03042561975705,38.950946879268386],[-77.02847471931545,38.951657536868275],[-77.02804631540018,38.95327949001069],[-77.02584323399816,38.953275691180515],[-77.02558615304706,38.95424885797194],[-77.02346874666485,38.95392062808933],[-77.02202181849192,38.95606003250959],[-77.01871449561808,38.956897952590595],[-77.01972780349571,38.95806809881144],[-77.01861846163304,38.96059751189313],[-77.01920829829187,38.961701996045896],[-77.01810404794705,38.96254381720192],[-77.01954095741375,38.96377963318567],[-77.01860815561098,38.963972688640325],[-77.01825487705784,38.968645405345576],[-77.01604611806981,38.97032902268971],[-77.01487165898074,38.966432429424934],[-77.01623325520796,38.96461748807271],[-77.01504840715475,38.96409607637689],[-77.01572918969995,38.96318860685057],[-77.01437285915621,38.96331595362872],[-77.01429235661963,38.96195274683298],[-77.01573962910464,38.95981343073191],[-77.01405086710113,38.957863127763574],[-77.01660224240072,38.95488201862636],[-77.01363790975864,38.95442227197613],[-77.00940857959493,38.95207778254777],[-77.00966586913574,38.951104649596616],[-77.0176258391867,38.952677008979975],[-77.01932484860313,38.95125208959757],[-77.022712553898,38.951777353030074],[-77.02339312570517,38.95086984307961],[-77.02482989453117,38.952105595718116],[-77.02508697802317,38.95113243079349],[-77.02635737528048,38.95132935640798],[-77.02720926358005,38.94977304705532],[-77.02636732025066,38.947954185202505],[-77.02967414872676,38.947116062201594],[-77.02925560896917,38.94536284824242],[-77.03052591682415,38.94555973100767],[-77.03214369208582,38.9427714449869],[-77.02943184441526,38.94302648183557],[-77.0288420039657,38.94192204924756],[-77.0281615837182,38.94282958793722],[-77.02638223597707,38.94289143142549],[-77.02587812170938,38.941462595903594],[-77.02715825936538,38.938284346486256],[-77.02868542534463,38.93750808002493],[-77.03096395094222,38.9405626030468],[-77.03333312598807,38.941605107673375],[-77.03512197417693,38.93816799725947],[-77.03647779994273,38.93804042413383],[-77.03724369449537,38.936808444346006],[-77.04105888673878,38.935711224459986],[-77.04639635700865,38.93552498604372],[-77.04817997355498,38.9337752726564],[-77.04953569463711,38.93364755687523],[-77.04979238277276,38.93267434330924],[-77.0464909466532,38.93182541853453],[-77.04480201020418,38.92987554193337],[-77.04345092616686,38.92831562446698],[-77.04379325885395,38.927018024028236],[-77.04591449242346,38.92565832487449],[-77.04938231708917,38.92754603745015],[-77.04795455726581,38.92293541229964],[-77.04906230654099,38.92040575036957],[-77.0506744064294,38.91930481154695],[-77.05321423572036,38.91969812399229],[-77.05618168406974,38.918469343134085],[-77.05770812514486,38.91769272146086],[-77.0582211636934,38.915746264295976],[-77.05238509269094,38.91281671031917],[-77.04884124927054,38.907878333971425],[-77.04630185572442,38.90748493257585],[-77.04647294925147,38.90683613030356],[-77.04240725266257,38.907219131416646],[-77.03995349187655,38.90650120163324],[-77.03876473719227,38.907667596908816],[-77.0374950678814,38.90747079952582],[-77.0442621618342,38.910207812401005],[-77.04476642040888,38.911636567135865],[-77.04358222998249,38.9111154317669],[-77.04341110065445,38.911764230410704],[-77.04425305125051,38.91358296755986],[-77.04298326399619,38.91338622622788],[-77.04357308777738,38.91449058727681],[-77.04060558884578,38.91571906575075],[-77.04017766647617,38.91734105273118],[-77.03873663957819,38.9177930622734],[-77.03111766801987,38.91661207969916],[-77.0309464147422,38.91726086160314],[-77.02433542207406,38.91893708057747],[-77.02492500802923,38.92004153112094],[-77.0238214554319,38.92088339824325],[-77.02677952631873,38.923030478652755],[-77.02643690923092,38.92432803140782],[-77.02846289931458,38.92666817893986],[-77.02650766254597,38.92906638384742],[-77.024647991101,38.927765010016934],[-77.02499565880767,38.92477988168488],[-77.02296983266957,38.92243967810844],[-77.02373579165406,38.921207784362906],[-77.02161935423999,38.92087952441467],[-77.02153876297395,38.919516330429126],[-77.02018325590889,38.91964373993741],[-77.02044028690271,38.91867058900877],[-77.01917047531559,38.91847360369313],[-77.01942751571225,38.917500455015094],[-77.02188651874,38.91653121411522],[-77.01427320282463,38.91366161948281],[-77.01410180644423,38.91431037786068],[-77.01655557541541,38.915028819978566],[-77.01866667153942,38.91704474362948],[-77.01866152284637,38.91873232153974],[-77.01942238461679,38.919188033059015],[-77.01822793509015,38.92204181203242],[-77.02151334904019,38.92795422716963],[-77.02125629961847,38.928927381537946],[-77.01956297761573,38.92866474233942],[-77.01752686670649,38.9296996091072],[-77.01812676065231,38.9274289327516],[-77.01694250410983,38.92690754188285],[-77.01558163065395,38.92872248131987],[-77.01388833388619,38.92845976465012],[-77.01363118078159,38.929432903278276],[-77.01617116306635,38.929826974935054],[-77.015914035641,38.930800118477684],[-77.014644024786,38.93060308648979],[-77.01489593163832,38.93131752621912],[-77.01285968022832,38.93235231673898],[-77.01049109939524,38.93130942244001],[-77.01218974987674,38.929884605038716],[-77.01151986492879,38.92741689055091],[-77.01406502144512,38.92612342556809],[-77.01161090321926,38.92540493309809],[-77.01262894790186,38.92488755273939],[-77.01221094624296,38.92313428668246],[-77.01348608933348,38.92164376465827],[-77.01720996996602,38.922559238154875],[-77.01814740601783,38.920678615632006],[-77.0153558564227,38.919570147719504],[-77.01510921682305,38.917168132268074],[-77.0137484796676,38.91898304921512],[-77.01112849479607,38.917225728193856],[-77.00969800282625,38.914302245914655],[-77.01071590591154,38.9137848820249],[-77.01013193207527,38.910992788646986],[-77.00513910793202,38.909879975243015],[-77.00412121980763,38.91039729308675],[-77.00471043011446,38.911501838471324],[-77.00242286596523,38.911821996267406],[-77.00070218755049,38.91999698385993],[-77.00399157559465,38.92422228268239],[-77.00304821722166,38.927790378358],[-77.00490750326138,38.92909207604837],[-77.0053253632726,38.93084536813357],[-77.00659535313355,38.931042495550486],[-77.00489656617913,38.93246723655255],[-77.00531444529578,38.93422052948537],[-77.00362105772848,38.933957672437295],[-77.00251152369493,38.93648693281404],[-77.00166480708826,38.9363554880034],[-77.0013383347141,38.932590230386054],[-76.9993074534847,38.9319372180217],[-77.00304270581674,38.92947795803379],[-77.00118344325898,38.928176232318805],[-77.00204113320353,38.92493252192903],[-77.00094836154861,38.922399028845106],[-76.9992552646165,38.92213611261143],[-77.0000216215164,38.920904365429095],[-76.99578331829501,38.9219345776532],[-76.99431907255591,38.929136386013596],[-76.99304914918136,38.92893913294315],[-76.99280321362893,38.926537070168344],[-76.99459360438613,38.92310055166761],[-76.99256304827301,38.922447429706935],[-76.9933295216328,38.92121572383293],[-76.99654973179454,38.92070285196087],[-76.99791655915985,38.91720054631172],[-76.99690982292026,38.91434265226262],[-76.9945420561618,38.91329945590689],[-76.99996934445517,38.91110327479142],[-77.00090707818296,38.909222785472515],[-77.00395522968354,38.909358461577064],[-77.00429817682564,38.908060973536315],[-77.00285711097654,38.908512565541464],[-77.003543024198,38.90591759508861],[-77.00167881279619,38.90630345537599],[-77.00270217868918,38.904098583488874],[-77.00100950077099,38.903835691833876],[-76.99990591732728,38.90467734431633],[-76.99228894783107,38.90349397806639],[-76.99228318900543,38.90518155183075],[-76.99431326131341,38.90583467689481],[-76.99473073290407,38.90758799924742],[-76.99227742991297,38.90686912596144],[-76.99083052034875,38.909008152708516],[-76.98811978530996,38.909262285202814],[-76.98691838837655,38.91380333416927],[-76.98522554191906,38.913540226690394],[-76.98556884238626,38.91224278977268],[-76.98226309004923,38.9130797330125],[-76.98345283765616,38.91191387885127],[-76.98397377149035,38.908280156562064],[-76.98710766419194,38.90809188875326],[-76.98881207008331,38.90497982213392],[-76.99008156429139,38.90517711796622],[-76.98975001299857,38.90309941869842],[-76.98374011881889,38.902502935721635],[-76.98213936723552,38.90022785617409],[-76.97951476529879,38.90015744376917],[-76.97968643638151,38.899508734429325],[-76.97841706911252,38.899311332301714],[-76.97757692724339,38.89749215189576],[-76.97283690197779,38.89709255146282],[-76.97182519546324,38.8959220320958],[-76.96953169087597,38.89792915363018],[-76.96891162532589,38.90526230267092],[-76.96526875636995,38.90570860870709],[-76.96450197173196,38.90694013857806],[-76.96526237137631,38.90739618162947],[-76.96441606020278,38.90726448306237],[-76.9635633276085,38.9088203518661],[-76.96466099454123,38.90966659587796],[-76.96279648137865,38.9100518716857],[-76.96744505785846,38.91246377755135],[-76.96634095590464,38.913305132152814],[-76.96913151907886,38.91441470239938],[-76.96802740703221,38.91525607223348],[-76.96929073151394,38.91714115642471],[-76.97106949832487,38.91708013210973],[-76.97132717646262,38.91610708344197],[-76.97666338706132,38.91592384634085],[-76.97819670828807,38.913460628765684],[-76.98073594169601,38.91385542525739],[-76.97987743335939,38.91709898341558],[-76.98242279113161,38.915806169671065],[-76.98496212921738,38.9162008797397],[-76.98521369508506,38.91691537833706],[-76.98097541460183,38.91794508390418],[-76.97894512436758,38.91729173941731],[-76.97690875446064,38.918325937668314],[-76.9716582614049,38.91818483546299],[-76.97156612843072,38.92019676145921],[-76.97325287911829,38.92214763225163],[-76.97104449026497,38.92383043730669],[-76.9733201697794,38.9268860128963],[-76.96959662006915,38.925969221004046],[-76.96689787743983,38.922847735799124],[-76.96767111962163,38.919928612335426],[-76.96555497245792,38.91959939565018],[-76.96581273318473,38.91862635811812],[-76.97072591676401,38.918377529695576],[-76.96344527271386,38.917582567414826],[-76.9631939180998,38.916868024610615],[-76.96675779692627,38.91505855032478],[-76.96439043888054,38.91401477815791],[-76.96277715251966,38.91511459404105],[-76.96346455578828,38.91251984331358],[-76.95822760452099,38.90900302505621],[-76.957295341886,38.90919561807363],[-76.95474314010418,38.912175488275466],[-76.95371155565262,38.916067540550536],[-76.9549811479551,38.91626519606363],[-76.9548092173351,38.916913872579805],[-76.9526932159246,38.91658443654357],[-76.95243528714961,38.91755744653174],[-76.95006805316778,38.916513400587185],[-76.94608048608104,38.91825648282703],[-76.94684088851199,38.91871263952587],[-76.94539240931539,38.92085113910541],[-76.94336235743009,38.92019721181219],[-76.94403674463548,38.920977716236855],[-76.94293224321248,38.92181886332108],[-76.94547157671204,38.92221438238414],[-76.94529269809996,38.92455062189861],[-76.94842061382779,38.926050907586074],[-76.94713725517046,38.92922833794091],[-76.94908158582425,38.930206539074774],[-76.94865153985236,38.93182821261295],[-76.95017266990298,38.93274049151371],[-76.95187253367055,38.93131650024139],[-76.95262642864182,38.93346020034182],[-76.95406829953858,38.9330091907115],[-76.95381033095832,38.93398220571754],[-76.95550353905921,38.93424574280013],[-76.95533818819624,38.93320684302196],[-76.95788454461986,38.93191453022291],[-76.95873113047057,38.93204627380517],[-76.9583872584571,38.933343639813984],[-76.96321551269715,38.933419449868424],[-76.96125794611683,38.935816627745844],[-76.95795740120835,38.934965346310015],[-76.9571836099075,38.93788441516435],[-76.95345970099588,38.93696713740448],[-76.95482227667969,38.93515287796325],[-76.95219644240214,38.935081886895055],[-76.95211713511416,38.93371864552961],[-76.94982864212517,38.93403783391218],[-76.94771895967031,38.932020734212635],[-76.94509324527426,38.93194959279458],[-76.94871723849975,38.936566612700275],[-76.94701719045557,38.93799056175656],[-76.94862444835752,38.93857852662222],[-76.9485248770905,38.94227802099656],[-76.95022499575778,38.94085405042384],[-76.95183234277519,38.9414419739572],[-76.95293703905119,38.94060074534606],[-76.95725644309935,38.94093523418609],[-76.95826199042459,38.943793460286074],[-76.96122554014713,38.94425452929087],[-76.96375933224863,38.946337256699394],[-76.96553881702738,38.94627631148201],[-76.96774801398453,38.94459359926167],[-76.96944151930346,38.944856946457485],[-76.9730066129016,38.94304728568194],[-76.97471860858494,38.93824781751906],[-76.97353448704152,38.93772601142366],[-76.9731173530657,38.93597261066781],[-76.97498247534547,38.93558717831418],[-76.97566963694744,38.932992352793434],[-76.97905617748694,38.933518806935645],[-76.9790622450946,38.93183122744727],[-76.98211130221604,38.93196744098654],[-76.98159611502514,38.93391358688473],[-76.97981694583122,38.933974762337165],[-76.97997660114818,38.936701209830076],[-76.97811147677001,38.937086717340996],[-76.97827716137633,38.938125587286066],[-76.97683533915969,38.93857687865708],[-76.97682921937452,38.94026445961165],[-76.98563404467934,38.941970483541276],[-76.98691006168343,38.9404802310018],[-76.98877522639556,38.94009459100475],[-76.99030864686898,38.9376312156096],[-76.99276871725058,38.93666254954195],[-76.9946223387276,38.93965198457825],[-76.99292886345073,38.93938898135326],[-76.99165298876638,38.9408792955783],[-76.99046870307943,38.94035765096395],[-76.98723582325091,38.94424553068877],[-76.98224106887909,38.9431317902781],[-76.97893387577044,38.94396864829089],[-76.97571865854506,38.94279348243467],[-76.97562660663657,38.944805418227524],[-76.97393308014647,38.94454215547312],[-76.97409872209624,38.94558103208352],[-76.97206149206896,38.94661515474978],[-76.96892590221988,38.94680304320791],[-76.96782129659647,38.94764441493756],[-76.9666370716586,38.94712254230845],[-76.96671031025994,38.95017335973579],[-76.97010386195095,38.94901247666149],[-76.97179747858414,38.94927579185932],[-76.972386513093,38.950380496652215],[-76.97484108594641,38.951099767756446],[-76.97339278492883,38.953238603893126],[-76.97474282990635,38.954799289602164],[-76.97745530732566,38.95454544796563],[-76.97846791913274,38.95571593065512],[-76.98041941626984,38.95500605912083],[-76.9809347841915,38.95305991233246],[-76.98348138054958,38.95176707045989],[-76.9854386441949,38.94936953652835],[-76.99010210776947,38.94840543808227],[-76.990788851464,38.94581052417615],[-76.9951087381307,38.946143695137245],[-76.9917099434039,38.94899284545527],[-76.99543494908556,38.949908976291255],[-76.99593852430007,38.95133793717216],[-76.99949208574579,38.95290268296001],[-77.00049945664858,38.9557605712583],[-76.99609882150467,38.954064370544565],[-76.99517177793037,38.9525696643156],[-76.9916183256083,38.9510047948556],[-76.98424236731248,38.952222999886466],[-76.98304599664509,38.95507645287674],[-76.99109167713232,38.956326156003236],[-76.99176691073787,38.95710640468597],[-76.99040484502375,38.95892107550254],[-76.98981546796502,38.957816454922394],[-76.98575254114024,38.95651001497688],[-76.98143208214495,38.95617651769461],[-76.97888529512946,38.95746931832136],[-76.97685392127215,38.956815936019076],[-76.97701963283734,38.9578548105545],[-76.97795246645344,38.95766206794201],[-76.97768862823091,38.96032272181343],[-76.97895905750076,38.96052013303797],[-76.97836375523265,38.96110304388796],[-76.98047512975093,38.96311963053927],[-76.9809604241087,38.9696114184801],[-76.98188739287993,38.971106234618446],[-76.9832439253719,38.97097924280431],[-76.98442271108571,38.97318854806647],[-76.98976889665492,38.971317156274324],[-76.99257355641987,38.9690510295684],[-76.99426772059661,38.969314038764345],[-76.99596757564053,38.96788943584833],[-76.99511480727655,38.969445534692376],[-76.99706085694179,38.970422989144424],[-76.9987550692687,38.97068593712931],[-77.00401489431472,38.96913830329455],[-77.00282454065363,38.9703043640654],[-77.00400940219373,38.97082589296262],[-77.00375196729965,38.97179901699079],[-77.00180579097976,38.97082166727277],[-76.9975646060233,38.97185194771153],[-76.99485725833807,38.9704186400634],[-76.99223011286234,38.970348496199755],[-76.9919725221581,38.97132159571427],[-76.98798295604347,38.97306603878525],[-76.98671228329394,38.9728687195918],[-76.98552159140482,38.974034615014304],[-76.98433681013479,38.97351290934964],[-76.98509209848845,38.975656425003386],[-76.98797122740578,38.9764412190678],[-76.99050690555728,38.9785234098847],[-76.98999161329775,38.980469603765386],[-76.99075294100663,38.98092549519199],[-76.9938899447238,38.980737054062075],[-76.99414754311644,38.979763949185354],[-76.99550421559132,38.97963682318191],[-76.9987213801377,38.98081148249434],[-77.00032442285409,38.9830863735841],[-77.00311818014947,38.9841951899347],[-77.00439457949456,38.98270474832774],[-77.0060032883543,38.98329197342482],[-77.00829847723766,38.98128415335116],[-77.01016457440763,38.980898189442485],[-77.01050774798455,38.97960067113487],[-77.0116070283704,38.980446507885475],[-77.01406826258379,38.97947741336857],[-77.01262054987063,38.98161671625322],[-77.00939775737513,38.98213000988727],[-77.00710257214381,38.98413785054991],[-77.00438909515532,38.98439234147527],[-77.00413161734225,38.985365468293324],[-77.00531673349909,38.985886985900166],[-77.00539709435738,38.987250203425745],[-77.00666806889798,38.98744733172305],[-77.00598694637483,38.98835475485149],[-77.007000487644,38.989525010536596],[-77.00511774849136,38.994973713892],[-77.00774579556563,38.99504358516361],[-77.00944598781852,38.99361879202767],[-77.01224559156051,38.99303980866173],[-77.01436408576777,38.99336823200996],[-77.00918854499133,38.994591930728916],[-77.00935480430209,38.99563076794504],[-77.01096383901,38.99621792992449],[-77.0109531728136,38.999593124334794],[-77.01264811464777,38.99985588382055],[-77.01408040749153,39.00277936844613],[-77.01738468530824,39.003629164808466],[-77.01755108231707,39.00466799253067],[-77.01882239409709,39.004864996908815],[-77.01805547103486,39.0060968754621],[-77.02059815415606,39.00649086096574],[-77.02287850096374,39.00954556417488],[-77.02559285150343,39.009290668006415],[-77.02628388211252,39.005007933896024],[-77.02934100159051,39.00345538827574],[-77.0298456134766,39.0048842230191],[-77.02848853024543,39.00501172491712],[-77.02669275597533,39.01013637506848],[-77.0305928119469,39.010402673751],[-77.03075941308211,39.01144148489266],[-77.03236897027618,39.012028370888835],[-77.0356786425036,39.01119007969627],[-77.03626914846147,39.012294491349735],[-77.03609771585697,39.01294328952177],[-77.03304516369079,39.012808401524545],[-77.0322783977623,39.01404036950503],[-77.03346418289135,39.014561620699496],[-77.03396415218465,39.01767804453138],[-77.03506428083072,39.01852367858417],[-77.03404508511066,39.019041250353226],[-77.0340354867337,39.02241645908999],[-77.0356453132539,39.0230033036712],[-77.03929362448967,39.02255492210697],[-77.03844114225663,39.024111331923585],[-77.04216597281234,39.02671367612258],[-77.0438616594154,39.0269760105863],[-77.04709069252243,39.0247742121218],[-77.04996800448743,39.027245180283956],[-77.05038751485262,39.02899834650125],[-77.05199761900758,39.029584979732974],[-77.05174061830655,39.03055821227197],[-77.05046876824692,39.030361544162574],[-77.05004039124701,39.03198359312604],[-77.04919247688865,39.03185247086014],[-77.04911124575356,39.03048927202206],[-77.04792508876653,39.02996816888862],[-77.04835350107548,39.028346127771364],[-77.04538597328529,39.027887134500276],[-77.04656305995547,39.03178347664618],[-77.04494385728871,39.034571989152035],[-77.04385251561379,39.03035122451993],[-77.0417374321111,39.02833569544787],[-77.04020849806044,39.02911213340246],[-77.04012743839218,39.02774892932203],[-77.0388556688804,39.02755214237714],[-77.036574086411,39.02449772363451],[-77.03513091383796,39.02494969852632],[-77.03242568619316,39.021829593696836],[-77.03098254078608,39.02228152017813],[-77.03165395994479,39.02474916484023],[-77.02969129086006,39.02883506186009],[-77.03121060069047,39.031433967012305],[-77.03027207467936,39.03331471978472],[-77.03043872372666,39.03435353529949],[-77.03171058940893,39.03455040866396],[-77.03128176929995,39.036172394042055],[-77.03255366907875,39.036369258833865],[-77.03229638415691,39.0373424522321],[-77.03432571183258,39.03968254444636],[-77.03763190322793,39.04053180710027],[-77.03813693535858,39.04196061691921],[-77.04432567070872,39.04359327350362],[-77.0454217754134,39.0461264312383],[-77.04228208430753,39.04631617685825],[-77.04050486670175,39.0446906121943],[-77.03686018752902,39.04345141981608],[-77.03703168526259,39.04280261727802],[-77.03363963538689,39.042277737274766],[-77.03389691979336,39.04130454027276],[-77.03152934682446,39.03857442062617],[-77.03025741124601,39.03837754527053],[-77.03000987640836,39.035975516231865],[-77.02823318589192,39.0343497788838],[-77.0291766908297,39.030781433944014],[-77.02824798943844,39.02928695709002],[-77.02689044801565,39.02941444203206],[-77.02868176060645,39.02597737820495],[-77.02707192444953,39.02539044306162],[-77.02902481652248,39.024679799392295],[-77.02945852486265,39.02137022033422],[-77.03132553822066,39.02098393580621],[-77.03184486144278,39.01734995441524],[-77.03058305451397,39.01377787744381],[-77.02787349583767,39.01234528085274],[-77.02770693384718,39.01130646568695],[-77.0258401496694,39.01169269519824],[-77.02397837773148,39.01039129531786],[-77.02287344344055,39.01123316524707],[-77.02211159724501,39.01077746871184],[-77.02167761777606,39.01408701634401],[-77.02151114028527,39.01304819257455],[-77.02015389013275,39.01317560353462],[-77.02101683696677,39.008244120337956],[-77.01686473767103,39.00726307757937],[-77.01577021300368,39.00472968437973],[-77.01390353423966,39.005115734008],[-77.01424675537109,39.00381820045544],[-77.0118758277912,39.00277532156767],[-77.00959615520016,38.99972041960928],[-77.00875945830832,38.996213827708054],[-77.0052839505487,38.99601255662183],[-77.00376080683161,38.995100945285174],[-77.00615314572293,38.98939359534406],[-77.00488213858054,38.98919646171439],[-77.00472143487134,38.98647002541144],[-77.0030268334742,38.98620715825308],[-77.00218507307765,38.98438812251572],[-76.99533249648971,38.98028556167447],[-76.99456543484675,38.981517290347846],[-76.99185201175986,38.981771507074214],[-76.99269923909038,38.98190301973949],[-76.99285948225521,38.98462946966882],[-76.997594035449,38.98840349661947],[-76.9992774616789,38.99204162742826],[-76.9988481691002,38.993663489490736],[-76.99994752640548,38.99450943134709],[-76.99832736682322,38.99729731881077],[-76.99874546000297,38.99905065066935],[-77.00026862356619,38.99996232411208],[-76.99949023927971,39.004569283130515],[-77.00050390194804,39.005739594853736],[-77.00143728735694,39.005546674264316],[-77.00109382958968,39.00684417275118],[-77.00329302040261,39.008536010601894],[-77.00575531577287,39.00756707669292],[-77.00532607600204,39.00918896515297],[-77.00871637844946,39.009714615452665],[-77.00904357892095,39.013479897216904],[-77.00768629888685,39.01360717189953],[-77.00692995066694,39.011463781082185],[-77.00396337330712,39.01100379931591],[-77.00303544246583,39.00950913884914],[-77.00176409229387,39.00931197266478],[-77.00075593011536,39.006454071274995],[-76.99889474107114,39.00515229640673],[-76.99848223215379,39.00171136545097],[-76.99763476368332,39.00157989185589],[-76.99831611420402,39.00067251268139],[-76.99687883664653,38.999436443963084],[-76.9976460480528,38.998204697562],[-76.99646078623525,38.997683105711275],[-76.99825275500895,38.994246498680305],[-76.99672973636643,38.993334801325446],[-76.99766297264398,38.993141909490554],[-76.9978403382825,38.990805571518585],[-76.99631739683312,38.98989386959366],[-76.99623720316701,38.98853064563799],[-76.99378115616281,38.98781179386659],[-76.99446242581516,38.986904437801684],[-76.99167447587192,38.98410783322122],[-76.991428399243,38.981705748573695],[-76.98888674022032,38.98131116722152],[-76.98897847169391,38.97929921084055],[-76.98694639785346,38.97864599167393],[-76.98771355818673,38.977414310631936],[-76.98237886085175,38.97591043438864],[-76.98094837034404,38.97298659633995],[-76.9774801564566,38.97109695842612],[-76.97680494622189,38.97031663039123],[-76.97782386649226,38.969799532488665],[-76.9766392093473,38.96927775366495],[-76.97808773412451,38.967138874619806],[-76.97605609755152,38.966485478330846],[-76.97384642818315,38.96816834383481],[-76.97239153292061,38.97199476216373],[-76.97052546387599,38.97238015757056],[-76.97110841069905,38.97517246134863],[-76.96965323143625,38.97899885159902],[-76.97083799674085,38.97952069787782],[-76.96829020452938,38.98081328550325],[-76.9701502234707,38.98211551415352],[-76.9695546739714,38.98269838461955],[-76.97056755046484,38.9838689366939],[-76.96937641990907,38.98503467913873],[-76.9707332338875,38.9849078238217],[-76.9703893260562,38.986205233087844],[-76.971911865377,38.987117252582806],[-76.97105209923625,38.99036078372126],[-76.97317032931143,38.99068990994383],[-76.97555261584014,38.98835833897777],[-76.97835228671323,38.987780120546645],[-76.97639375631167,38.99017755638428],[-76.97986285151345,38.992067230156756],[-76.97587800400946,38.99212369513611],[-76.97308435753527,38.99101426430374],[-76.9716414550414,38.991465498825505],[-76.97765249325838,38.993750169999295],[-76.97756043035542,38.99576212249068],[-76.98085189996269,38.999988081733406],[-76.98195114356042,39.00083418380158],[-76.9850030981406,39.00097032767475],[-76.98423564350875,39.002201996467875],[-76.98524902777196,39.00337243228563],[-76.99032806336541,39.00584929283154],[-76.98962907899713,39.01181942685609],[-76.99157618863188,39.01279697378085],[-76.993935693336,39.017215444460824],[-76.99613503123327,39.018907411954544],[-76.99696572091874,39.024101705283],[-77.00000750169025,39.0276126893341],[-77.00517460811312,39.02976457729975],[-77.00874297468827,39.027953865916714],[-77.0089093039076,39.028992709354675],[-77.00636045531941,39.030286088673286],[-77.01092697336436,39.03470839408479],[-77.00964979506541,39.036198915387914],[-77.01117387349754,39.037110460589524],[-77.01116854239862,39.038798068904455],[-77.01226872544879,39.03964390789067],[-77.0182901888498,39.04023901981856],[-77.01676075416282,39.04101517064692],[-77.01057285750299,39.039381141495916],[-77.00717573448728,39.04054314792427],[-77.00963369510391,39.04126174080743],[-77.00919896568992,39.044571261677596],[-77.0076693428267,39.04534730113666],[-77.00783569649708,39.04638614909023],[-77.01216163717665,39.04671873157051],[-77.01453400190314,39.04776161261966],[-77.01606360228315,39.04698548830605],[-77.01767382773005,39.047572568303515],[-77.0202230810592,39.04627895298196],[-77.02056638372727,39.04498139306822],[-77.02192422689753,39.044853976916066],[-77.02115693456884,39.046085882837495],[-77.02242390984006,39.047970463095666],[-77.02047544353695,39.046993394191745],[-77.02013212974514,39.04829095430665],[-77.01852186853682,39.04770390610196],[-77.01529618815553,39.04821735847877],[-77.01503863029764,39.04919051809649],[-77.0102938611759,39.047104729635564],[-77.01096480734722,39.04957249650983],[-77.01257504891706,39.05015964286414],[-77.01018656972008,39.054179560764695],[-77.0121297802295,39.0568444059133],[-77.01170039170816,39.05846632991638],[-77.01407313321293,39.05950922191948],[-77.0152647671769,39.05834303627847],[-77.01874328264915,39.058544029974236],[-77.01942490359122,39.05763652628699],[-77.02442809504224,39.05874878945963],[-77.0252712731462,39.06056769669946],[-77.03019384609823,39.060316506780666],[-77.03325320810912,39.05876385036848],[-77.03614565404496,39.05617230731434],[-77.03589310570125,39.05545789680325],[-77.0377609603212,39.05507151327727],[-77.03793247742838,39.05442270818335],[-77.03666024722229,39.054225897857734],[-77.03700329403202,39.05292829073919],[-77.03827550245835,39.05312509750704],[-77.03929982509749,39.0509198745419],[-77.0401479439966,39.05105106477581],[-77.04013862474278,39.054426292365086],[-77.038780634726,39.054553907832805],[-77.03886169902773,39.05591711907013],[-77.03494961017735,39.05902630797229],[-77.03571204252182,39.0594819294575],[-77.03868549297289,39.05825354074477],[-77.03919066893683,39.0596823506961],[-77.04063450582522,39.059230325922364],[-77.04037724817633,39.06020353992429],[-77.03935750588951,39.06072115899004],[-77.03868079903984,39.05994115637574],[-77.03545471807875,39.060455133308984],[-77.03299585328882,39.05973704900294],[-77.03171868779094,39.06122780368675],[-77.02798257808242,39.06200036182583],[-77.02806344817748,39.06336358189938],[-77.02925000771828,39.06388487773676],[-77.02856845085378,39.0647924363325],[-77.02975503734169,39.06531372748036],[-77.02999776752043,39.069403387508274],[-77.03287626515068,39.071874770828614],[-77.03389621008635,39.07135720392289],[-77.03473977142123,39.07317605101133],[-77.03686070313277,39.07350409487151],[-77.04009201549017,39.071302460584654],[-77.03941520223857,39.07052246049057],[-77.04180260182437,39.06650196915542],[-77.0417122225729,39.06851399341959],[-77.04289896407528,39.06903515938829],[-77.04043042756366,39.07169245929064],[-77.04424808671907,39.07228273720014],[-77.04568761035652,39.07351827263286],[-77.04543036979837,39.0744914995957],[-77.04771837934572,39.07585816095963],[-77.04967242561275,39.075147186353924],[-77.05129235082379,39.07235859234253],[-77.05214074154098,39.07248970120019],[-77.0533363318919,39.06963552821618],[-77.05443747236522,39.070480998192934],[-77.05545724417603,39.06996325445689],[-77.05400460846472,39.07379069260069],[-77.05273199571292,39.07359404618466],[-77.05119782269107,39.076058246611],[-77.05187042510376,39.078525805072665],[-77.05484006164603,39.07898464744654],[-77.05382015884489,39.07950238696801],[-77.05338721309111,39.08281208468416],[-77.0542357296303,39.08294317948994],[-77.05482277997596,39.08573514073349],[-77.05363133177038,39.08690171149066],[-77.05447556754532,39.08872042976471],[-77.05574844993944,39.088917058871324],[-77.05345552549339,39.08923816722771],[-77.05411965157352,39.09508097302334],[-77.05649419746145,39.09612306176813],[-77.05725288916604,39.09826618228135],[-77.0585259463176,39.09846278329728],[-77.0682086250975,39.09691879325072],[-77.06658880158693,39.09970762046586],[-77.06786190925317,39.09990412592311],[-77.06760487232275,39.10087740354348],[-77.06888199837985,39.09938626919368],[-77.0720239133244,39.099195849393496],[-77.07270134374805,39.09997567597866],[-77.07150994910316,39.10114242123067],[-77.07346055377685,39.1021186991077],[-77.07345666484392,39.103806329577125],[-77.07031851619094,39.10230915532362],[-77.07040022557742,39.103672357860184],[-77.06904136823569,39.10380030526284],[-77.06878833084484,39.10308595541248],[-77.06725811277555,39.10386273678145],[-77.06726214570241,39.102175106491316],[-77.06488724756404,39.101133222252955],[-77.0651443218062,39.10015995020479],[-77.0634468502729,39.09989790291062],[-77.06361824381622,39.09924905705602],[-77.06200234714815,39.10035019615611],[-77.05742007298085,39.09930497366596],[-77.05792590283772,39.10073371818775],[-77.0588603560382,39.10054036269973],[-77.05910906476895,39.10294236212976],[-77.0611494385777,39.10190678340647],[-77.06174106910328,39.103011091575084],[-77.06615225847305,39.10470500569765],[-77.06547077970674,39.105612773518246],[-77.0670786664065,39.10788685085241],[-77.06614414058205,39.108080268389266],[-77.06512799262299,39.10691047175861],[-77.06478519329221,39.10820816937785],[-77.06266312232967,39.10788060000365],[-77.06190417060915,39.10573750858141],[-77.05791740318777,39.104108977760795],[-77.05792165311149,39.102421347702354],[-77.05690571670306,39.10125148513975],[-77.0555468808909,39.10137928497828],[-77.05555549034851,39.09800402732412],[-77.05496399461408,39.09689969077182],[-77.05284229823671,39.096571954472815],[-77.0517451738008,39.094038839123634],[-77.05251245386627,39.09280673365529],[-77.05090094457505,39.09222010049329],[-77.05192543516026,39.09001475781974],[-77.05031841818456,39.08774049224264],[-77.051934211486,39.08663950764315],[-77.05084609481717,39.0807311425909],[-77.05152752293002,39.07982345919387],[-77.0492393169077,39.07845686697115],[-77.04949652049332,39.07748363141954],[-77.0461027618837,39.07695908856224],[-77.04601248868276,39.078971119772866],[-77.04346254769415,39.08026527184717],[-77.04466316303427,39.07572355716386],[-77.04178411217667,39.0732524451738],[-77.03966316558801,39.07292448536088],[-77.03762329933953,39.07395970581306],[-77.03728016432675,39.0752573195246],[-77.03439658862438,39.074473656574824],[-77.03269499402745,39.075898810932685],[-77.03151793636661,39.07200230730667],[-77.02812456353229,39.071477274006554],[-77.02820544683564,39.072840496311976],[-77.02701874857725,39.072319189657506],[-77.02607958610942,39.074199924226875],[-77.02684212202595,39.07465560138536],[-77.02632712123818,39.07660197729148],[-77.02742805300426,39.07744768765213],[-77.02460020761936,39.086465132457285],[-77.0273933519876,39.0892610459256],[-77.02755513378482,39.091987500716144],[-77.02908060704355,39.092898835279605],[-77.03214136472894,39.091346197026915],[-77.03527825299581,39.092844331789905],[-77.03613160939081,39.0912879247671],[-77.03749029060498,39.09116033740085],[-77.0364653457395,39.09336556154044],[-77.03815785892101,39.09531560346691],[-77.03764301483527,39.09726203372578],[-77.0390018051144,39.097134429694],[-77.03772410544411,39.09862525634895],[-77.03891131019101,39.099146463309324],[-77.03839645914378,39.101092898103104],[-77.04442322941273,39.10168674984443],[-77.04492882024576,39.103115547887604],[-77.04671207650884,39.10305343668218],[-77.0480664803813,39.10461336325057],[-77.0480620013831,39.10630099367192],[-77.04365571837226,39.102918807447814],[-77.04110953531247,39.10252528747744],[-77.04025615356602,39.10408173198833],[-77.03915466885503,39.10323613106312],[-77.03762413084434,39.104012547649944],[-77.03744776832727,39.10634898827408],[-77.0343054536028,39.10653853439966],[-77.0337808047255,39.11186021571271],[-77.03462962517965,39.11199144509765],[-77.03377599337581,39.113547847962124],[-77.03615085104687,39.11459032899638],[-77.0363225230761,39.113941518968794],[-77.03980375926444,39.11414192510865],[-77.04353325557516,39.11674427074131],[-77.04395312754662,39.118497487191895],[-77.05660144292995,39.12078870005183],[-77.05787914498714,39.11929767301233],[-77.05906683223955,39.119818689548204],[-77.06102195008256,39.119107530569245],[-77.06145059567513,39.11748541798433],[-77.0602629294764,39.11696442445609],[-77.06043439173222,39.11631558085655],[-77.06170777384095,39.11651214997149],[-77.06145893271294,39.11411014945245],[-77.06230782942625,39.11424118992587],[-77.06366277682508,39.11580094992914],[-77.06255669907566,39.11664318880716],[-77.06271986180994,39.119369611945764],[-77.06611978238216,39.1182060696886],[-77.06679732671876,39.11898593131],[-77.06577694746007,39.11950377289239],[-77.06577287906119,39.121191408806],[-77.06339738049464,39.12014949227132],[-77.0622912334448,39.12099172950628],[-77.06016880023307,39.12066411674392],[-77.06050335917095,39.122741700656235],[-77.0617768541336,39.12293826931247],[-77.06177269259238,39.12462590623692],[-77.0630462240293,39.12482246196651],[-77.06355234229423,39.12625119067517],[-77.06218474610503,39.129754340533516],[-77.06219305043162,39.126379063786295],[-77.06092367546412,39.12449486184221],[-77.05676866927105,39.12182749683799],[-77.05082590592559,39.12090982577591],[-77.05149011007208,39.126752681292885],[-77.05216757703832,39.12753262393992],[-77.05522498679971,39.12766704453701],[-77.05437161214601,39.12922359357045],[-77.05632274064986,39.1302001457006],[-77.05359962695714,39.13214335838455],[-77.05453016547786,39.13363767393648],[-77.0532521423438,39.13512867081286],[-77.05410126995334,39.13525976786315],[-77.05384392344118,39.136233023763495],[-77.05630558462602,39.13695070583874],[-77.05460295600817,39.1383761772745],[-77.0528188390365,39.138438402098075],[-77.0525614640701,39.1394116559699],[-77.05070477791142,39.13473534489859],[-77.05240739768439,39.13330992787512],[-77.05190584084582,39.13019351278399],[-77.05335100044921,39.1297413342288],[-77.05157149353414,39.12811590267822],[-77.049448900493,39.127788106479926],[-77.05038815072805,39.12590717617063],[-77.04979650631577,39.12480280905758],[-77.04809851422166,39.124540550931584],[-77.0491190902759,39.124022853916195],[-77.04929512025205,39.12168638871314],[-77.045393562118,39.11973303682656],[-77.0407244830286,39.11901160661878],[-77.04064331334766,39.11764838059493],[-77.03877856034731,39.11634717802488],[-77.03572165755618,39.116212353387326],[-77.03630826511417,39.119004419729706],[-77.03417159942848,39.123739268826625],[-77.0353591892063,39.124260512250935],[-77.03373749452845,39.12704892602528],[-77.0361127931431,39.128091410561176],[-77.03475341858226,39.12821898377678],[-77.0337230537701,39.132111839597414],[-77.035583350224,39.13510076155699],[-77.03227287715569,39.134251429358784],[-77.03168144026385,39.133146974237945],[-77.03330817350745,39.12867094606796],[-77.03119051924467,39.12665520105387],[-77.03323678204775,39.12393243958959],[-77.0317964710121,39.12269674811402],[-77.0331605737682,39.12088157215673],[-77.03223063834712,39.11938710053826],[-77.03401430495096,39.11932517128628],[-77.03435770649415,39.11802755577562],[-77.03351363383699,39.11620869070976],[-77.0308001963791,39.11477613177583],[-77.03012797408302,39.112308442448665],[-77.03200217378863,39.11023450987824],[-77.03192603172893,39.107183649845446],[-77.02929390456673,39.10711428910017],[-77.02715713141814,39.11184900666839],[-77.02774337452855,39.11464111102862],[-77.02502007969986,39.116583691857436],[-77.02518684468217,39.11762253020105],[-77.02238254212986,39.118201818098136],[-77.0240802931291,39.118464427034176],[-77.02347900743989,39.120735204281104]],[[-77.02059889321013,39.118263580480956],[-77.02093741941064,39.11865363572128],[-77.0210233285576,39.11832924097622],[-77.02059889321013,39.118263580480956]],[[-77.02093741941064,39.11865363572128],[-77.02127594924707,39.11904369006971],[-77.02136185734344,39.11871929506595],[-77.02093741941064,39.11865363572128]],[[-76.92541844917227,38.976168166242424],[-76.92508109788793,38.97577786079445],[-76.92499492940549,38.97610218106369],[-76.92541844917227,38.976168166242424]],[[-76.9284692630512,38.976305699394125],[-76.92880663495394,38.97669599566258],[-76.92889278715234,38.97637167271791],[-76.9284692630512,38.976305699394125]],[[-76.94006533610441,39.00073975841952],[-76.93955552695343,39.00099815460227],[-76.93997920485745,39.001064090343235],[-76.94006533610441,39.00073975841952]],[[-76.93240410338463,39.047844453968885],[-76.9314699920056,39.048036856861046],[-76.93231788215508,39.048168783116864],[-76.93240410338463,39.047844453968885]],[[-76.92950829249837,39.050433576399755],[-76.93001848402109,39.05017521934941],[-76.92959452894787,39.05010924907411],[-76.92950829249837,39.050433576399755]],[[-76.93235340453963,39.01980385655526],[-76.93311478256273,39.02026010431994],[-76.93438613768303,39.020457973765886],[-76.9337109316236,39.01967740527327],[-76.93235340453963,39.01980385655526]],[[-76.92477860994963,38.98687635302627],[-76.92418265810014,38.98745900613545],[-76.9246062432335,38.9875249942006],[-76.92477860994963,38.98687635302627]],[[-76.92536723491429,38.98798128711285],[-76.92502982913513,38.987590980820876],[-76.92494364643451,38.987915301640136],[-76.92536723491429,38.98798128711285]],[[-76.91093712130291,39.01072653998647],[-76.91161963870005,39.00981963569002],[-76.91119593552504,39.00975360307299],[-76.91093712130291,39.01072653998647]],[[-76.91161963870005,39.00981963569002],[-76.91272583835982,39.0089787566077],[-76.91187844056658,39.0088466974965],[-76.91161963870005,39.00981963569002]],[[-76.89804212832145,39.065799030804634],[-76.89727251588641,39.067030174999125],[-76.89769654029622,39.06709625577647],[-76.89804212832145,39.065799030804634]],[[-76.8960004472831,39.0668319239898],[-76.8973748666065,39.06333064870273],[-76.89618926302879,39.06280809403019],[-76.89312680623703,39.06435737480102],[-76.89500367649771,39.062285528093135],[-76.89484693256549,39.05955891821269],[-76.89680203336813,39.058850350405436],[-76.89647244745437,39.05677235396373],[-76.89749315060796,39.05625590858843],[-76.89673161920291,39.05579943963823],[-76.89733632630559,39.05352930475772],[-76.89581333215172,39.052616360741474],[-76.88917059237485,39.05766062197569],[-76.88949997358004,39.059738638108975],[-76.88668860293542,39.062002467335724],[-76.88838454939095,39.062266926002046],[-76.88752016728965,39.06550991797147],[-76.8887921896221,39.0657082557513],[-76.88717439285188,39.06680711360285],[-76.88819530298316,39.06629074369766],[-76.8892944701932,39.067137675314974],[-76.88989135497846,39.066555181999824],[-76.89718611513925,39.067354480840464],[-76.8960004472831,39.0668319239898]],[[-76.8962372711644,39.05268244632939],[-76.89674759667771,39.05242422583598],[-76.89632365870693,39.052358141992514],[-76.8962372711644,39.05268244632939]],[[-76.88355611190362,39.06050059295209],[-76.88389363338352,39.06089101668005],[-76.88398008575112,39.06056672045964],[-76.88355611190362,39.06050059295209]],[[-76.88424771757767,39.05790622408584],[-76.88475812234846,39.05764805260899],[-76.88433416481588,39.0575819277907],[-76.88424771757767,39.05790622408584]],[[-76.87003198317443,39.03339399428607],[-76.86969466374936,39.03300353476781],[-76.86960818044396,39.03332781949415],[-76.87003198317443,39.03339399428607]],[[-76.85736273717437,39.02297013961592],[-76.85702553411717,39.02257964637314],[-76.85693900671785,39.02290392170866],[-76.85736273717437,39.02297013961592]],[[-76.8653004675418,39.04616679602859],[-76.86581085717,39.045908702927385],[-76.86538698533283,39.04584251358982],[-76.8653004675418,39.04616679602859]],[[-76.8409089282901,39.038301595776794],[-76.84124611770044,39.03869213381095],[-76.84133273387218,39.038367868553046],[-76.8409089282901,39.038301595776794]],[[-76.82776136600519,39.02306991871494],[-76.82809841419193,39.02346049143657],[-76.82818507084309,39.0231362361819],[-76.82776136600519,39.02306991871494]],[[-76.82886812537895,39.00736572278961],[-76.82920510674387,39.007756291504755],[-76.82929173975398,39.007432036310234],[-76.82886812537895,39.00736572278961]],[[-76.93072354225498,38.94457146307348],[-76.93123298763169,38.94431310534842],[-76.93080964790073,38.94424714032035],[-76.93072354225498,38.94457146307348]],[[-76.93520710225826,38.926019044277695],[-76.9367208942601,38.9286190634587],[-76.93656287612826,38.92589256358699],[-76.93520710225826,38.926019044277695]],[[-76.93276804586453,38.9219238416859],[-76.93336339275493,38.92134115286454],[-76.93294018462677,38.92127519531535],[-76.93276804586453,38.9219238416859]],[[-76.91449964303052,38.91603544113985],[-76.91416262878148,38.91564510933522],[-76.91407648282328,38.915969419261586],[-76.91449964303052,38.91603544113985]],[[-76.89394401193682,38.92870150267035],[-76.89318383667059,38.928245021061024],[-76.89309758237934,38.92856931695239],[-76.89394401193682,38.92870150267035]],[[-76.89359095345027,38.93168626235845],[-76.89410044038776,38.931428057613914],[-76.89367720923634,38.93136196598593],[-76.89359095345027,38.93168626235845]],[[-76.89410044038776,38.931428057613914],[-76.89469617434851,38.9308455537274],[-76.894272946042,38.93077946413759],[-76.89410044038776,38.931428057613914]],[[-76.88384025933487,38.93354089722117],[-76.88417719384967,38.933931312360656],[-76.88426349422028,38.933607022436746],[-76.88384025933487,38.93354089722117]],[[-76.86030611016575,38.914323179106056],[-76.86081559361304,38.914065111710286],[-76.8603924935831,38.91399890665776],[-76.86030611016575,38.914323179106056]],[[-76.90225969048532,38.90736993972396],[-76.90175040074456,38.90762817715789],[-76.90217350131948,38.90769424102758],[-76.90225969048532,38.90736993972396]],[[-76.90453976191803,38.908739199968025],[-76.90403047068713,38.90899744681347],[-76.90445358128342,38.90906350291414],[-76.90453976191803,38.908739199968025]],[[-76.96621685728888,38.878839182365724],[-76.96681158468445,38.87825633619108],[-76.96638859652786,38.878190493156474],[-76.96621685728888,38.878839182365724]],[[-76.99437025095396,38.86396979651596],[-76.99597625833836,38.864557142179464],[-76.99809656585545,38.86319827174061],[-76.99631913671581,38.863259683348765],[-76.99437025095396,38.86396979651596]],[[-77.01543307427472,38.812538985668716],[-77.01568458108447,38.813253413821904],[-77.0158557259083,38.812604660834225],[-77.01543307427472,38.812538985668716]],[[-76.95658042754603,38.853698484929325],[-76.95624347620075,38.853308270506936],[-76.95615759113453,38.85363260716507],[-76.95658042754603,38.853698484929325]],[[-76.95514675562482,38.8524619577588],[-76.95565547071325,38.85220350275399],[-76.9552326438093,38.852137621844015],[-76.95514675562482,38.8524619577588]],[[-77.05114204516426,38.837328201165164],[-77.05147943037962,38.837718156614315],[-77.0515648726306,38.837393754608634],[-77.05114204516426,38.837328201165164]],[[-77.04399400210241,38.852764813831996],[-77.04424592760886,38.85347918698803],[-77.04441691267841,38.852830391786604],[-77.04399400210241,38.852764813831996]],[[-77.06115479763164,38.85947627930664],[-77.06056097816136,38.86005957663089],[-77.06098394596127,38.86012509808694],[-77.06115479763164,38.85947627930664]],[[-77.05485710762191,38.873357024794814],[-77.05519467951655,38.87374697171325],[-77.05528014747084,38.873422565823205],[-77.05485710762191,38.873357024794814]],[[-77.22715444186548,39.044721633395774],[-77.22783302771217,39.04550060584483],[-77.22800282576046,39.04485154071912],[-77.22715444186548,39.044721633395774]],[[-77.18324844910165,39.09942698123208],[-77.18273881403667,39.09968637970028],[-77.18316328677273,39.09975148640404],[-77.18324844910165,39.09942698123208]],[[-77.23708198874408,39.02193957162726],[-77.2375908851115,39.02167995399837],[-77.2371668193724,39.02161503405815],[-77.23708198874408,39.02193957162726]],[[-77.16210450466012,39.023602259700446],[-77.16176566416519,39.023212595931234],[-77.16168049522977,39.02353708197462],[-77.16210450466012,39.023602259700446]],[[-77.15867430505014,39.05683306170471],[-77.15918372554057,39.056573763940364],[-77.15875952641397,39.05650857587332],[-77.15867430505014,39.05683306170471]],[[-77.04492321924387,38.947790160224244],[-77.044414153361,38.9480489848024],[-77.04483761783216,38.948114562116736],[-77.04492321924387,38.947790160224244]],[[-77.08893667932784,39.00996851296521],[-77.08859829439214,39.00957865053641],[-77.0885128150562,39.00990308557723],[-77.08893667932784,39.00996851296521]],[[-77.02967414872676,38.947116062201594],[-77.0300119277322,38.94750608145266],[-77.03009759448938,38.94718168982237],[-77.02967414872676,38.947116062201594]],[[-77.04358222998249,38.9111154317669],[-77.04333011164036,38.91040105226321],[-77.04315898174501,38.91104985049854],[-77.04358222998249,38.9111154317669]],[[-77.0158387551854,38.92774933874188],[-77.01550114373154,38.92735928197356],[-77.01541543527317,38.92768366262733],[-77.0158387551854,38.92774933874188]],[[-77.01406502144512,38.92612342556809],[-77.01499735047885,38.92593040530118],[-77.01415073408236,38.92579904591624],[-77.01406502144512,38.92612342556809]],[[-76.97072591676401,38.918377529695576],[-76.97123503697082,38.918119008637156],[-76.97081181330181,38.918053180367416],[-76.97072591676401,38.918377529695576]],[[-76.96607685419269,38.91596574494924],[-76.96641414809677,38.91635593561544],[-76.96650006145192,38.91603158936121],[-76.96607685419269,38.91596574494924]],[[-76.9526932159246,38.91658443654357],[-76.95235599447324,38.91619420854726],[-76.95227001793961,38.91651854500507],[-76.9526932159246,38.91658443654357]],[[-76.97474282990635,38.954799289602164],[-76.97423346561813,38.95505782637596],[-76.97465690752414,38.9551236433047],[-76.97474282990635,38.954799289602164]],[[-77.03261650152335,39.0144303856452],[-77.03210692544585,39.01468916235079],[-77.0325307667957,39.01475478234319],[-77.03261650152335,39.0144303856452]],[[-77.03210692544585,39.01468916235079],[-77.03151160585935,39.01527233299767],[-77.03193545007035,39.015337955028414],[-77.03210692544585,39.01468916235079]],[[-76.9751231458277,38.9666782069341],[-76.97504337469981,38.96531497411425],[-76.97436206505719,38.96622222061149],[-76.9751231458277,38.9666782069341]],[[-76.97639375631167,38.99017755638428],[-76.97537454050469,38.99069464414811],[-76.97622184194319,38.99082626947409],[-76.97639375631167,38.99017755638428]],[[-77.02229663920414,39.11852621377415],[-77.02178629604359,39.11878495296269],[-77.0222107355111,39.118850609411425],[-77.02229663920414,39.11852621377415]],[[-77.03422441831252,39.10517530748858],[-77.03515899170077,39.10498213000778],[-77.03490628337883,39.10426771107584],[-77.03405755266967,39.104136483775434],[-77.03422441831252,39.10517530748858]],[[-76.88329674704809,39.06147348059244],[-76.88414470639165,39.06160573595446],[-76.88448223616457,39.06199615816023],[-76.88465513750515,39.06134756473129],[-76.88329674704809,39.06147348059244]],[[-76.91307870933684,39.06239943793103],[-76.9127410241112,39.06200909340106],[-76.91265469834715,39.062333409702596],[-76.91307870933684,39.06239943793103]],[[-77.18189124082177,39.09786853055031],[-77.18155194784947,39.09747891563659],[-77.18146678022666,39.097803419526265],[-77.18189124082177,39.09786853055031]],[[-77.16839410322895,39.09545976455924],[-77.1681401182049,39.09474561845687],[-77.16796966880585,39.0953946074777],[-77.16839410322895,39.09545976455924]],[[-77.03312884088595,39.07258918956947],[-77.03279046381871,39.072199170916306],[-77.03270466172083,39.07252357096387],[-77.03312884088595,39.07258918956947]],[[-76.90321663128951,39.04802818202761],[-76.90203123526916,39.0475056845088],[-76.90050040772839,39.048280404184304],[-76.89888317574764,39.04937941108855],[-76.8994719131801,39.050484479301176],[-76.9011676374288,39.05074876293853],[-76.90321663128951,39.04802818202761]],[[-76.89863200007515,39.04866472314413],[-76.89829445621262,39.048274340298555],[-76.89820808231379,39.04859864577469],[-76.89863200007515,39.04866472314413]],[[-76.89744662662659,39.04814218181905],[-76.89710909155507,39.047751795788066],[-76.89702271298948,39.04807610041048],[-76.89744662662659,39.04814218181905]],[[-76.84846006929197,39.03813095580348],[-76.8493942727111,39.03793917752067],[-76.84956742981429,39.03729063568379],[-76.84846006929197,39.03813095580348]],[[-77.18377664693172,39.075540791135424],[-77.1834374480901,39.075151182985785],[-77.18335231505165,39.07547568681998],[-77.18377664693172,39.075540791135424]],[[-76.85805492028082,39.02037593334046],[-76.85771772553487,39.01998544214478],[-76.85763120430809,39.02030971782348],[-76.85805492028082,39.02037593334046]],[[-76.85865167146548,39.01979359481678],[-76.85857402520668,39.01843027683101],[-76.85822795834206,39.01972738134244],[-76.85865167146548,39.01979359481678]],[[-76.94778224557524,39.021528847885186],[-76.94744456387949,39.021138600441],[-76.94735844138232,39.021462938555906],[-76.94778224557524,39.021528847885186]],[[-76.8976139501298,39.012702579603],[-76.89727657861405,39.01231219635302],[-76.89719024288078,39.01263649915966],[-76.8976139501298,39.012702579603]],[[-76.90626861458124,39.011687671160054],[-76.90575860867173,39.01194592898899],[-76.90618231968038,39.01201198018495],[-76.90626861458124,39.011687671160054]],[[-76.90626861458124,39.011687671160054],[-76.90677861686922,39.01142941124705],[-76.9063549087126,39.0113633620923],[-76.90626861458124,39.011687671160054]],[[-76.90804974595584,39.01162755003985],[-76.90822231742405,39.010978929392],[-76.90686490842035,39.011105101838396],[-76.90677861686922,39.01142941124705],[-76.90804974595584,39.01162755003985]],[[-76.90508378885971,39.01116520595669],[-76.90474638438593,39.01077484310217],[-76.90466008378114,39.011099151021014],[-76.90508378885971,39.01116520595669]],[[-76.90008569923177,39.01004814670463],[-76.89974832676208,39.00965777033898],[-76.89966200519929,39.00998207472465],[-76.90008569923177,39.01004814670463]],[[-76.9027141884784,39.01012024176386],[-76.9019531073086,39.0096638083781],[-76.9018667955684,39.009988114296874],[-76.9027141884784,39.01012024176386]],[[-76.90364788896451,39.00992805633927],[-76.90331049793492,39.00953768966094],[-76.90322419239617,39.00986199651676],[-76.90364788896451,39.00992805633927]],[[-76.90085466118254,39.00881699705429],[-76.90051729029614,39.00842662285576],[-76.9004309736226,39.00875092771159],[-76.90085466118254,39.00881699705429]],[[-76.86375479952451,39.000661215628014],[-76.8634176655618,39.00027074115688],[-76.8633311931887,39.00059501977201],[-76.86375479952451,39.000661215628014]],[[-76.91598818673243,39.00003000143138],[-76.91394860629399,39.00106317800471],[-76.91376852144914,39.00339939896991],[-76.91554944368959,39.00333917034285],[-76.91666302027245,39.00081066379757],[-76.91598818673243,39.00003000143138]],[[-77.32780155061864,39.06650120189377],[-77.32703721729578,39.06604737445433],[-77.32695273612237,39.06637197576014],[-77.32780155061864,39.06650120189377]],[[-76.91743160403769,38.99957941331709],[-76.91692172264202,38.99983771649611],[-76.91734537326253,38.99990372946836],[-76.91743160403769,38.99957941331709]],[[-76.91743160403769,38.99957941331709],[-76.91794148181266,38.9993211080544],[-76.917517834044,38.99925509712257],[-76.91743160403769,38.99957941331709]],[[-76.91921989100148,38.99783153949683],[-76.91735287788129,38.99821613679564],[-76.91913367026991,38.99815585680055],[-76.91921989100148,38.99783153949683]],[[-76.91921989100148,38.99783153949683],[-76.9197297501774,38.99757322696069],[-76.91930611096436,38.99750722214988],[-76.91921989100148,38.99783153949683]],[[-76.92133810380491,38.99816155058828],[-76.92057703090951,38.99770523224707],[-76.92049081637754,38.998029550486926],[-76.92133810380491,38.99816155058828]],[[-76.92481348068706,38.99836517197468],[-76.92278145090273,38.9977109004034],[-76.92269524619103,38.99803522017446],[-76.92481348068706,38.99836517197468]],[[-77.32431213075486,39.05787076360487],[-77.32397226152327,39.05748154071698],[-77.32388777661866,39.05780613944333],[-77.32431213075486,39.05787076360487]],[[-77.30122752130355,39.0533405345806],[-77.30173640828943,39.053080652743674],[-77.30046349227132,39.05288654475179],[-77.30122752130355,39.0533405345806]],[[-77.30046349227132,39.05288654475179],[-77.2988508725389,39.05230313248141],[-77.29876628148814,39.052627713817415],[-77.30046349227132,39.05288654475179]],[[-77.2983419806807,39.052563002462705],[-77.29800227531761,39.05217370890874],[-77.29791768062866,39.05249828965958],[-77.2983419806807,39.052563002462705]],[[-77.24861901825523,39.043618707992806],[-77.25014602806434,39.04283970419581],[-77.24895823141165,39.04232052120876],[-77.24861901825523,39.043618707992806]],[[-77.28959996839717,39.0488669631512],[-77.28993961331638,39.04925627945503],[-77.29002423985104,39.04893170432179],[-77.28959996839717,39.0488669631512]],[[-77.28968459599498,39.04854238827136],[-77.2843374507055,39.04536386733424],[-77.28187664655131,39.04465071295283],[-77.28595084649467,39.04763508291161],[-77.28968459599498,39.04854238827136]],[[-77.27262678131412,39.03952567041923],[-77.27228727455045,39.03913630744017],[-77.27220258024221,39.03946086993596],[-77.27262678131412,39.03952567041923]],[[-77.27152357549915,39.0386821407654],[-77.26795998232437,39.037125172281975],[-77.26541489621849,39.0367362521933],[-77.27016628962278,39.03881228476777],[-77.27152357549915,39.0386821407654]],[[-77.26549961765002,39.03641169447751],[-77.26023961210562,39.0345951973124],[-77.25557387977928,39.033881847611546],[-77.26202149043112,39.036217610990434],[-77.26549961765002,39.03641169447751]],[[-77.27661314685218,39.03777206540292],[-77.27627362693055,39.037382713437],[-77.27618895245838,39.03770727855355],[-77.27661314685218,39.03777206540292]],[[-77.27542524404672,39.037253135979846],[-77.27576475882053,39.037642490256225],[-77.27584943511067,39.037317925432426],[-77.27542524404672,39.037253135979846]],[[-77.27542524404672,39.037253135979846],[-77.27508573290883,39.03686378080121],[-77.27500105373869,39.03718834507924],[-77.27542524404672,39.037253135979846]],[[-77.14777815942158,39.017685714563754],[-77.14743942324623,39.017296012088636],[-77.1473541973259,39.017620487985845],[-77.14777815942158,39.017685714563754]],[[-76.92700454047609,38.98181917843648],[-76.92615013433411,38.98337480620198],[-76.92826795772892,38.98370469829991],[-76.9285264441165,38.98273172941811],[-76.9268322055807,38.98246782219755],[-76.92700454047609,38.98181917843648]],[[-77.25514972683452,39.03381698895169],[-77.25481034031007,39.03342757858601],[-77.25472557464641,39.03375212884404],[-77.25514972683452,39.03381698895169]],[[-77.25277437380085,39.032778708963015],[-77.25243500484244,39.032389292174855],[-77.25235022978767,39.03271384075465],[-77.25277437380085,39.032778708963015]],[[-77.25201086340334,39.032324422811776],[-77.2516715006537,39.03193500396724],[-77.25158672272099,39.03225955200095],[-77.25201086340334,39.032324422811776]],[[-77.24743000134683,39.02959860806977],[-77.24819345450801,39.03005292217348],[-77.2482782450121,39.029728376576884],[-77.24743000134683,39.02959860806977]],[[-77.24743000134683,39.02959860806977],[-77.24666655772475,39.029144289307524],[-77.24658176070896,39.029468833771936],[-77.24743000134683,39.02959860806977]],[[-77.24666655772475,39.029144289307524],[-77.24632723843426,39.02875485606874],[-77.24624244035823,39.029079400280175],[-77.24666655772475,39.029144289307524]],[[-76.9248225901365,38.976750821470375],[-76.92448523934694,38.97636051436837],[-76.9243990675191,38.976684834252424],[-76.9248225901365,38.976750821470375]],[[-77.24692066332467,39.024795435724855],[-77.24725996731918,39.02518486708461],[-77.24734475631338,39.02486032238963],[-77.24692066332467,39.024795435724855]],[[-77.24692066332467,39.024795435724855],[-77.24658136296395,39.024406003463234],[-77.24649657109272,39.024730547612464],[-77.24692066332467,39.024795435724855]],[[-77.2402200975589,39.02343251246475],[-77.24123788514841,39.02291324928383],[-77.24030492899688,39.021420363878406],[-77.23996565886287,39.022718522444336],[-77.2402200975589,39.02343251246475]],[[-76.92189493222284,38.96785095095313],[-76.92256953075207,38.96863157735024],[-76.92274187087506,38.96798294086177],[-76.92189493222284,38.96785095095313]],[[-76.97454011301815,38.96388592555074],[-76.97326963698777,38.963688468982],[-76.97309775734047,38.964337175142994],[-76.97394474783277,38.964468815486065],[-76.97454011301815,38.96388592555074]],[[-76.9328763805932,38.95639001974278],[-76.9346561368861,38.95632951745039],[-76.93449103339243,38.95529058666592],[-76.93313470839293,38.9554170452237],[-76.9328763805932,38.95639001974278]],[[-77.24818988636969,38.99461319476877],[-77.24912246909034,38.99441841303831],[-77.24895278963358,38.99337990045994],[-77.24810496853563,38.99325013732661],[-77.24818988636969,38.99461319476877]],[[-77.24700289100518,38.994093997196735],[-77.2473420522609,38.9944834263996],[-77.24742680511002,38.99415888325914],[-77.24700289100518,38.994093997196735]],[[-77.24700289100518,38.994093997196735],[-77.24666373338017,38.993704567090944],[-77.24657897765647,38.99402910968735],[-77.24700289100518,38.994093997196735]],[[-77.24708764491353,38.99376945430763],[-77.24759630853993,38.993509796854],[-77.24717239806579,38.993444911377104],[-77.24708764491353,38.99376945430763]],[[-76.93718094253745,38.940173725224476],[-76.93692976769691,38.93945912701308],[-76.93675762148622,38.940107780533644],[-76.93718094253745,38.940173725224476]],[[-76.9375252246609,38.93887641681623],[-76.93727405091671,38.93816181943116],[-76.93710191084038,38.93881047331231],[-76.9375252246609,38.93887641681623]],[[-77.23369363755214,38.97923008703531],[-77.23064190264057,38.98078765537188],[-77.23047227761704,38.981436717338106],[-77.23293043994657,38.98215088263826],[-77.23394770216112,38.98163168262358],[-77.23445647652188,38.979684481915875],[-77.23369363755214,38.97923008703531]],[[-77.14394475342907,38.966795103187586],[-77.1446217219136,38.96757452015845],[-77.1452987048974,38.968353933526096],[-77.14479208015453,38.96692557714516],[-77.14394475342907,38.966795103187586]],[[-77.1573320960234,38.96953095311278],[-77.15572247237121,38.96894569144938],[-77.15563733999676,38.969270170575825],[-77.1573320960234,38.96953095311278]],[[-77.21182604631186,38.97520262697187],[-77.20902946100198,38.97409851271856],[-77.2062337636738,38.97130674028396],[-77.20411505008356,38.97098159329706],[-77.20911288821895,38.9771491891836],[-77.21148648364762,38.97650069817721],[-77.21182604631186,38.97520262697187]],[[-77.23547356826501,38.98085286704533],[-77.2353041152254,38.97981433799738],[-77.23504974233536,38.980787940296324],[-77.23547356826501,38.98085286704533]],[[-76.93517168185295,38.93445692728081],[-76.93483447153714,38.93406665069895],[-76.93474839585684,38.93439097578517],[-76.93517168185295,38.93445692728081]],[[-77.14318261497222,38.96634015305145],[-77.14284414236351,38.9659504411621],[-77.14275895608006,38.96627491130609],[-77.14318261497222,38.96634015305145]],[[-77.23547369337068,38.97916526958863],[-77.23513466702235,38.978775808882205],[-77.23504987726967,38.97910034285672],[-77.23547369337068,38.97916526958863]],[[-76.94339323415737,38.93337349127141],[-76.94621153284886,38.92773327125102],[-76.94570909668602,38.92630411341502],[-76.94240916471728,38.92545241934522],[-76.9407952930438,38.926551950881866],[-76.94012088895946,38.92577142824481],[-76.94110471378703,38.93369251867094],[-76.94339323415737,38.93337349127141]],[[-77.22089559511001,38.974230804888734],[-77.22326858222715,38.97526968482083],[-77.22394687127337,38.97436107353763],[-77.22148906023028,38.97364673115687],[-77.22089559511001,38.974230804888734]],[[-77.21784432987334,38.97410046121876],[-77.21860701610422,38.97455495316091],[-77.21979397883973,38.97338682474274],[-77.21852267574249,38.97319187974418],[-77.21784432987334,38.97410046121876]],[[-77.21292954131701,38.970983890889244],[-77.20733596875176,38.97046324539536],[-77.20716615994806,38.971112274477],[-77.21106408677626,38.97306049749422],[-77.21292954131701,38.970983890889244]],[[-76.93553012568118,38.92978447167124],[-76.93476967849418,38.92932824493676],[-76.93468360812626,38.929652569767356],[-76.93553012568118,38.92978447167124]],[[-77.21860753230958,38.972867357355575],[-77.22004852994597,38.97241325481395],[-77.2183534824294,38.97215332877141],[-77.21860753230958,38.972867357355575]],[[-76.93683513734564,38.92154443536113],[-76.93488411223822,38.92225361796045],[-76.93471198847736,38.92290226711432],[-76.93683513734564,38.92154443536113]],[[-76.93209377067018,38.921143275885825],[-76.93175663849308,38.92075299164155],[-76.93167056484177,38.9210773140055],[-76.93209377067018,38.921143275885825]],[[-76.93311945143309,38.918938974662616],[-76.93413085552187,38.92010981330832],[-76.93481223489222,38.91920279366801],[-76.93311945143309,38.918938974662616]],[[-76.93192878349589,38.920104346776526],[-76.93176380102868,38.91906541759165],[-76.93150558385403,38.92003838434228],[-76.93192878349589,38.920104346776526]],[[-76.93287552620258,38.91653679674842],[-76.93126170817091,38.91763620290309],[-76.9332055161052,38.91861465138545],[-76.93397295281099,38.917383313253396],[-76.93287552620258,38.91653679674842]],[[-76.91839424731293,38.916305260192146],[-76.91805721094354,38.91591493895899],[-76.91797108200795,38.91623925160233],[-76.91839424731293,38.916305260192146]],[[-76.90367010846158,38.91366979812304],[-76.90333316319654,38.91327943700929],[-76.90324697181744,38.913603739308954],[-76.90367010846158,38.91366979812304]],[[-76.9194989484738,38.915464332302896],[-76.91898966326427,38.91572264081895],[-76.91941282649083,38.9157886459283],[-76.9194989484738,38.915464332302896]],[[-76.9194989484738,38.915464332302896],[-76.92000823007095,38.915206021703845],[-76.91958506968983,38.91514001863154],[-76.9194989484738,38.915464332302896]],[[-76.90511189054298,38.91321935888401],[-76.90435180687298,38.912762946674825],[-76.90426562064056,38.913087249660514],[-76.90511189054298,38.91321935888401]],[[-76.92483524165944,38.91528332562562],[-76.92432597664168,38.915541656052284],[-76.924749143652,38.915607642949034],[-76.92483524165944,38.91528332562562]],[[-76.92483524165944,38.91528332562562],[-76.92619083369384,38.9151569585054],[-76.92492133890013,38.9149590082563],[-76.92483524165944,38.91528332562562]],[[-76.92407501287137,38.91482703420586],[-76.9237379528998,38.91443672848999],[-76.92365185100714,38.91476104501527],[-76.92407501287137,38.91482703420586]],[[-76.93262447511864,38.91582219211463],[-76.93228736472783,38.91543190958897],[-76.93220129972816,38.91575623209213],[-76.93262447511864,38.91582219211463]],[[-76.94772805554227,38.90871901677076],[-76.94983706334435,38.910736110033035],[-76.95152971668878,38.910999700538746],[-76.95187360535816,38.909702357425594],[-76.94772805554227,38.90871901677076]],[[-76.89754329915031,38.901904753443624],[-76.89720644113416,38.90151437627635],[-76.89712023640048,38.90183867382269],[-76.89754329915031,38.901904753443624]],[[-76.95740755640638,38.902120989313936],[-76.95537130487669,38.903154831805956],[-76.95519279057109,38.905491079735846],[-76.95773818075102,38.9041987746936],[-76.95740755640638,38.902120989313936]],[[-76.94462148829945,38.90215600282364],[-76.94428437687887,38.90176575360931],[-76.94419838143736,38.90209008386138],[-76.94462148829945,38.90215600282364]],[[-77.01725142403284,38.90905861903517],[-77.0269904788326,38.908881080016606],[-77.02817944185061,38.90771479745652],[-77.03088024941033,38.91083494215142],[-77.02909677907579,38.91258440134136],[-77.03104176541642,38.913561315032474],[-77.03417576327652,38.91337185741847],[-77.03528384562865,38.91084232179913],[-77.0312227238778,38.90953737943998],[-77.03207401946464,38.907981045553164],[-77.03487015188558,38.907401558989044],[-77.03487492427097,38.90571398293345],[-77.03394770044784,38.90421957642238],[-77.03216930072502,38.90428150259418],[-77.03395728731877,38.90084442612777],[-77.03768506878991,38.900071707457144],[-77.04089939935669,38.90124526021039],[-77.04072826932122,38.90189405432443],[-77.04953438357991,38.901907957730835],[-77.05164601197367,38.90392331635159],[-77.05070525090856,38.90749176451766],[-77.04926448419491,38.907943895816075],[-77.05307363279644,38.908533887428725],[-77.05613469191391,38.90360555080497],[-77.05495055071994,38.90308452455477],[-77.05470266141542,38.90068259322081],[-77.05360408438366,38.899837147700396],[-77.05555335188947,38.89912609994039],[-77.05386059903893,38.898863930064785],[-77.0556474292792,38.895426543230855],[-77.05480540406809,38.89360788769827],[-77.05335625052193,38.89743521466612],[-77.05327943667159,38.89438447123032],[-77.0506593831014,38.89262799115498],[-77.0475263204624,38.89281786489978],[-77.04438869042178,38.89469523314894],[-77.03879750787074,38.895854570729576],[-77.03397166595964,38.89578170340028],[-77.033629305118,38.89707927141776],[-77.03244543098975,38.896558030662106],[-77.02693953774862,38.89739244253676],[-77.02533255697018,38.89680549587678],[-77.02431499493652,38.89732297862022],[-77.02338809452426,38.89582849474068],[-77.02084925853077,38.8954345726546],[-77.01941367482509,38.89419878333197],[-77.0163661288266,38.8940634875322],[-77.01577166891714,38.894646572555125],[-77.01704105602289,38.89484359207064],[-77.01678406368647,38.89581673295391],[-77.0196603785841,38.896600783089696],[-77.02269792932125,38.90011114558102],[-77.018209319158,38.900427700382764],[-77.01778098796058,38.90204960680777],[-77.01609351035965,38.90009934701026],[-77.01185664490261,38.901130105742034],[-77.01168525648539,38.90177885972666],[-77.01540809900547,38.90269438493538],[-77.01557423726932,38.903733200211065],[-77.01320654811185,38.90269036171869],[-77.0119317310775,38.90418087716592],[-77.00786600137707,38.904562745446114],[-77.0075177281826,38.907547817732635],[-77.00641416370051,38.90838952854807],[-77.01039974604679,38.906644508776566],[-77.01310502918712,38.90807746459385],[-77.01353349994318,38.90645557307061],[-77.01496922544737,38.90769143241561],[-77.01835487341476,38.90821681169323],[-77.01725142403284,38.90905861903517]],[[-77.01640499967017,38.908927275332445],[-77.01631931692522,38.9092516558167],[-77.01716574490281,38.90938300010988],[-77.01725142403284,38.90905861903517],[-77.01640499967017,38.908927275332445]],[[-76.95480941756533,38.89529977060647],[-76.95590677909854,38.89614609065163],[-76.95556302624269,38.8974434426955],[-76.95683229900457,38.89764107877798],[-76.95675952685507,38.89459027702803],[-76.95480941756533,38.89529977060647]],[[-77.00430913796895,38.904685824033166],[-77.0040574270441,38.90397136532886],[-77.00388596248285,38.90462010876511],[-77.00430913796895,38.904685824033166]],[[-76.91249797614915,38.89039177938653],[-76.91173808435457,38.889935413784755],[-76.9116519580025,38.89025972095941],[-76.91249797614915,38.89039177938653]],[[-77.00414315817946,38.90364699354205],[-77.00380572105671,38.90325690617901],[-77.00371998887788,38.90358127771627],[-77.00414315817946,38.90364699354205]],[[-77.00466300085424,38.900013188285456],[-77.0053378578445,38.90079335712291],[-77.0047432547497,38.90137638975163],[-77.00473778461085,38.90306396362229],[-77.00635560313758,38.900276029931476],[-77.00466300085424,38.900013188285456]],[[-76.98857407117522,38.87590099269737],[-76.98789962418182,38.875120735012615],[-76.98323485506339,38.877772309097075],[-76.98018806344324,38.87763612415603],[-76.97942182634937,38.87886774197396],[-76.9780670019131,38.87899469043775],[-76.97865556335398,38.88009935523727],[-76.97391048110626,38.88138736479945],[-76.97237768990975,38.883850519368295],[-76.97508137880995,38.88528430059787],[-76.97482385981161,38.88625735324446],[-76.97236525276014,38.887225657012074],[-76.97337684719754,38.88839617070381],[-76.97261038180947,38.889627748023],[-76.97336445555818,38.89177131033831],[-76.97522844500409,38.89138587651542],[-76.97902399721404,38.89535328298388],[-76.97961875695323,38.89477037417432],[-76.98147678161743,38.896072417459564],[-76.98376394323702,38.895752646760805],[-76.98714293385801,38.89796644930579],[-77.00111746199434,38.896761029113065],[-77.00315288540222,38.89572643623201],[-77.00610932560993,38.897874002605704],[-77.00932841401455,38.89736080044651],[-77.00984795321088,38.8937269763467],[-77.01120831582938,38.891912108107945],[-77.0102977747108,38.885354814025455],[-77.00818243925593,38.88502632625195],[-77.00641534628176,38.881712742731004],[-77.00353976160483,38.88092838673685],[-77.00455724221293,38.880411075583226],[-77.00151584364865,38.87858784583434],[-76.99796023738128,38.87871074186257],[-76.99610802908447,38.875721380308974],[-76.9919638158411,38.87473952292249],[-76.99103786615265,38.87324480137587],[-76.99035181516776,38.8758396920949],[-76.98857407117522,38.87590099269737]],[[-76.99061488520933,38.87317904106624],[-76.99027766157775,38.87278891835319],[-76.99019190502935,38.87311327931337],[-76.99061488520933,38.87317904106624]],[[-77.05647668254608,38.9023079195956],[-77.05563026596829,38.90217684379644],[-77.05545926494418,38.90282565831385],[-77.05588247646781,38.90289119752465],[-77.05647668254608,38.9023079195956]],[[-77.01323291530338,38.89425249454338],[-77.01416483868974,38.894059481334715],[-77.01433618686785,38.893410724554975],[-77.01323291530338,38.89425249454338]],[[-77.01442185981257,38.89308634609605],[-77.01366130190777,38.89263060542989],[-77.01357562611273,38.89295498334468],[-77.01442185981257,38.89308634609605]],[[-77.05538665406858,38.89808733894029],[-77.05504896836044,38.89769739138117],[-77.05496347089782,38.89802179807706],[-77.05538665406858,38.89808733894029]],[[-77.06444867790044,38.89712696183306],[-77.06267873264504,38.8938141761078],[-77.06115700761599,38.89290328232311],[-77.06165732657874,38.896019539740095],[-77.06410685358922,38.898424614173756],[-77.06444867790044,38.89712696183306]],[[-77.03085301866003,38.89090843617682],[-77.02916054567486,38.89064592931312],[-77.02898933600318,38.89129470635267],[-77.03025870043928,38.891491590435095],[-77.03085301866003,38.89090843617682]],[[-77.02527689250175,38.88700444656176],[-77.02434508879294,38.88719754313841],[-77.02646056011577,38.887525755155515],[-77.02518627956329,38.88901640403371],[-77.02907984675718,38.88928274553539],[-77.03178969533131,38.8890277182146],[-77.03408120420733,38.88701944753046],[-77.0323888099269,38.88675698487033],[-77.02875708128126,38.88383001218964],[-77.02756851724908,38.88499629678331],[-77.02528188573689,38.88531687521833],[-77.02527689250175,38.88700444656176]],[[-77.02791092924652,38.88369874745132],[-77.02825332904919,38.88240119737866],[-77.02504003342851,38.88122731951741],[-77.02681291917442,38.882853066341816],[-77.02647049159819,38.884150612506446],[-77.02791092924652,38.88369874745132]],[[-77.03551213884168,38.88994263823191],[-77.03619197363558,38.88903506556587],[-77.03449952493311,38.88877263166028],[-77.03424278719694,38.88974580798435],[-77.03551213884168,38.88994263823191]],[[-77.05413008401266,38.8928279889519],[-77.05379242940671,38.89243803822763],[-77.05370693252101,38.892762443842656],[-77.05413008401266,38.8928279889519]],[[-77.02265777946509,38.88524737631637],[-77.02333269235771,38.88602744574551],[-77.02358956270616,38.88505429247044],[-77.02265777946509,38.88524737631637]],[[-77.06183655055573,38.89199556870686],[-77.06149885856185,38.89160563901582],[-77.061413396967,38.89193004991137],[-77.06183655055573,38.89199556870686]],[[-77.04922778802269,38.88970497437695],[-77.05049717942104,38.889901651168564],[-77.05117682716471,38.888993996332886],[-77.04999295889478,38.88847292368898],[-77.04922778802269,38.88970497437695]],[[-77.00692408366022,38.88145407636629],[-77.0065867344211,38.881063997651665],[-77.0065010407329,38.88138837021461],[-77.00692408366022,38.88145407636629]],[[-77.0057406544671,38.88093258160817],[-77.00515167572227,38.879828045364064],[-77.00489457756494,38.88080115979094],[-77.0057406544671,38.88093258160817]],[[-76.97605008851069,38.87496616718167],[-76.97478115858914,38.874768728419355],[-76.9746953307374,38.87509307872803],[-76.97579261890941,38.87593922062633],[-76.97605008851069,38.87496616718167]],[[-76.97410069221408,38.8756759625113],[-76.9733405682457,38.87521997546656],[-76.97325473345064,38.875544324794994],[-76.97410069221408,38.8756759625113]],[[-76.97029390184792,38.875083547330206],[-76.9708885659853,38.87450068185403],[-76.9690249854806,38.87488604962742],[-76.97029390184792,38.875083547330206]],[[-77.00456271483237,38.8787235064684],[-77.00396828562104,38.87930653378514],[-77.00439131417842,38.879372248565275],[-77.00456271483237,38.8787235064684]],[[-77.06083599535707,38.885763057627535],[-77.06049833760265,38.88537312551102],[-77.06041287886329,38.885697535467024],[-77.06083599535707,38.885763057627535]],[[-77.06312248427379,38.88544182328245],[-77.0634601563897,38.885831748253445],[-77.06354560171907,38.88550733619126],[-77.06312248427379,38.88544182328245]],[[-77.06269936758942,38.88537630892979],[-77.06261804705876,38.884013147955685],[-77.06219493912403,38.88394763189252],[-77.06269936758942,38.88537630892979]],[[-77.063293376264,38.88479299960855],[-77.06380193314207,38.88453409972847],[-77.06337882111782,38.88446858770258],[-77.063293376264,38.88479299960855]],[[-77.00966049166446,38.87276168959268],[-77.01067781480204,38.8722443286986],[-77.00839150914568,38.87256459503355],[-77.00736335087562,38.876457073713745],[-77.00863239839627,38.87665417889209],[-77.00999247258505,38.87483932777858],[-77.00966049166446,38.87276168959268]],[[-77.06160508035488,38.88284336371641],[-77.06126743201445,38.882453433834],[-77.06118198012346,38.88277784420473],[-77.06160508035488,38.88284336371641]],[[-77.05754504782587,38.88153928813897],[-77.05720742725444,38.88114934725829],[-77.05712195881748,38.88147375477818],[-77.05754504782587,38.88153928813897]],[[-76.98927183838387,38.86993097816826],[-76.98893463697087,38.86954085195026],[-76.98884887826712,38.869865211856656],[-76.98927183838387,38.86993097816826]],[[-77.0573013974621,38.8774497974995],[-77.05704500414069,38.87842301968041],[-77.05712621417834,38.87978618338381],[-77.0573013974621,38.8774497974995]],[[-77.0101798389439,38.86912787498848],[-77.00992819327621,38.868413431325145],[-77.00975686463079,38.869062180046285],[-77.0101798389439,38.86912787498848]],[[-77.0634034820299,38.874343159551195],[-77.06306586345039,38.87395323496676],[-77.06298042953253,38.874277646245666],[-77.0634034820299,38.874343159551195]],[[-77.04597795955245,38.8702927606515],[-77.04665298354514,38.87107270167376],[-77.04682398846329,38.87042390183664],[-77.04597795955245,38.8702927606515]],[[-77.04326885727538,38.87054809757964],[-77.04301688234327,38.8698337210344],[-77.04284584491741,38.87048251557232],[-77.04326885727538,38.87054809757964]],[[-76.9989424261591,38.863329739691046],[-76.99860520352563,38.862939640089635],[-76.99851949562586,38.86326400643735],[-76.9989424261591,38.863329739691046]],[[-77.0002969230161,38.863202563266185],[-77.00089125025794,38.86261955466607],[-76.99945106174522,38.863071104563986],[-77.0002969230161,38.863202563266185]],[[-77.0610402278426,38.87161366852448],[-77.06019415954705,38.87148262437768],[-77.06002327117665,38.87213144273936],[-77.06044630855669,38.87219696612291],[-77.0610402278426,38.87161366852448]],[[-77.0480975013339,38.86893303389602],[-77.04682848163208,38.86873633302919],[-77.04581146416105,38.8692539904379],[-77.04784101506824,38.86990623604699],[-77.0480975013339,38.86893303389602]],[[-77.00182280186303,38.86242663497618],[-77.00148556799192,38.86203654325448],[-77.00139987397257,38.86236091156061],[-77.00182280186303,38.86242663497618]],[[-77.05072104435055,38.86900199408008],[-77.05097309192378,38.86971635488797],[-77.0511440552003,38.869067549193666],[-77.05072104435055,38.86900199408008]],[[-77.05258404171184,38.86861539822716],[-77.05156706681102,38.869133102863806],[-77.05241309231536,38.869264205873606],[-77.05258404171184,38.86861539822716]],[[-77.05258404171184,38.86861539822716],[-77.0530925237442,38.86835654279091],[-77.0526695152687,38.86829099433403],[-77.05258404171184,38.86861539822716]],[[-77.0512339267526,38.8670555776438],[-77.04810196492275,38.8672454653376],[-77.04733698494981,38.868477501206655],[-77.04860600151711,38.86867419686014],[-77.0512339267526,38.8670555776438]],[[-77.04522197256014,38.86814964624878],[-77.0449699867761,38.86743527387605],[-77.04479897236573,38.86808407092693],[-77.04522197256014,38.86814964624878]],[[-77.00250279945676,38.86151925011922],[-77.00225125530825,38.86080479149927],[-77.00207987621825,38.861453529031515],[-77.00250279945676,38.86151925011922]],[[-77.00335414741474,38.85996312263023],[-77.00318828307469,38.858924296498195],[-77.0029312324377,38.85989740446009],[-77.00335414741474,38.85996312263023]],[[-76.95692395601063,38.85240113682837],[-76.95751854201116,38.85181833704024],[-76.95607829838148,38.85226938222133],[-76.95692395601063,38.85240113682837]],[[-77.05098188582447,38.866341217588854],[-77.0506443707711,38.865951259535],[-77.0505588909442,38.86627566194261],[-77.05098188582447,38.866341217588854]],[[-76.9622619891332,38.850530959528555],[-76.96192502201697,38.85014076069717],[-76.96183916596077,38.85046510117827],[-76.9622619891332,38.850530959528555]],[[-77.04567209236988,38.85808981510563],[-77.04711189595486,38.85763772830016],[-77.04542013695122,38.85737544447721],[-77.04567209236988,38.85808981510563]],[[-77.01717577604644,38.850966814915125],[-77.01641564036251,38.85051109341587],[-77.01633002632576,38.850835471619675],[-77.01717577604644,38.850966814915125]],[[-77.04474979343523,38.8549079319356],[-77.04441236466025,38.85451795741913],[-77.04432687050645,38.8548423551019],[-77.04474979343523,38.8549079319356]],[[-77.05296508933671,38.852129678455164],[-77.0533025528098,38.85251962957207],[-77.0533880042964,38.852195225781834],[-77.05296508933671,38.852129678455164]],[[-77.05296508933671,38.852129678455164],[-77.052627629474,38.851739726436094],[-77.05254217513756,38.85206412968526],[-77.05296508933671,38.852129678455164]],[[-77.05305054186795,38.85180527491185],[-77.05364435419295,38.85122201412828],[-77.05322144464883,38.85115646768376],[-77.05305054186795,38.85180527491185]],[[-77.10399186091864,38.850573897278274],[-77.1043295900969,38.850963709281494],[-77.10441481267242,38.850639270399995],[-77.10399186091864,38.850573897278274]],[[-77.10399186091864,38.850573897278274],[-77.10365413535227,38.85018408437127],[-77.10356890992345,38.85050852271307],[-77.10399186091864,38.850573897278274]],[[-77.04616715892644,38.831154363044874],[-77.04582983249102,38.830764393399456],[-77.04574437249373,38.831088791219685],[-77.04616715892644,38.831154363044874]],[[-77.00433141443924,38.819593079384596],[-77.00263517936006,38.82101777041483],[-77.00381761407786,38.821539291338034],[-77.00433141443924,38.819593079384596]],[[-77.00391421574325,38.81783980716423],[-77.00230917318673,38.81725256736833],[-77.00213789695455,38.817901301928956],[-77.00391421574325,38.81783980716423]],[[-77.00366280842027,38.81712535478027],[-77.00417110503143,38.816866701571335],[-77.00374843922398,38.816800986495146],[-77.00366280842027,38.81712535478027]],[[-77.01593609282148,38.81396784151521],[-77.01627318171755,38.81435789188517],[-77.0163587531881,38.81403351497313],[-77.01593609282148,38.81396784151521]],[[-77.01593609282148,38.81396784151521],[-77.01559900753084,38.81357779024283],[-77.01551343321601,38.81390216661504],[-77.01593609282148,38.81396784151521]]],[[[-77.0917328186377,39.0110753388633],[-77.09394447100657,39.00770276119668],[-77.09649096996819,39.0064075897205],[-77.09641223212114,39.003356825808076],[-77.09853470780673,39.00199621152863],[-77.09896182694078,39.000374003471755],[-77.10091334467711,38.999662232379016],[-77.10108092529367,39.000700947088625],[-77.10023328366692,39.00057017398059],[-77.10040085666496,39.0016088897579],[-77.09861683325155,39.003359371488614],[-77.09869896177419,39.00472253169086],[-77.10022349591002,39.00563297904464],[-77.09614920376207,39.007705350700434],[-77.0953835605361,39.00893770708913],[-77.09606040080234,39.00971739398029],[-77.09461789136735,39.01017005900129],[-77.094952926003,39.012247508860746],[-77.0917328186377,39.0110753388633]]],[[[-77.12685942476413,39.10730695409566],[-77.1304183007853,39.11224325793317],[-77.13823016120926,39.112769225225804],[-77.13873767414076,39.11419764410279],[-77.14018431359396,39.11205682274729],[-77.14324123349708,39.11218907892282],[-77.14400265211248,39.11433167568299],[-77.14884312118633,39.114400261691884],[-77.1504538120229,39.11667326372139],[-77.15283249016527,39.11602587905749],[-77.15198134444778,39.117583093506084],[-77.15707404458927,39.12005317904807],[-77.157411372524,39.12213050089915],[-77.15902820807693,39.11934047939324],[-77.15996263098326,39.1191463633237],[-77.15928218951291,39.12005464749342],[-77.16055590399766,39.120250204310366],[-77.16038719701743,39.119211548043225],[-77.16352972815054,39.11901881478118],[-77.1660736747657,39.12278510528536],[-77.1623358312428,39.1235617117251],[-77.16055403785028,39.12193784273367],[-77.16199469040734,39.12485968092307],[-77.16080618302252,39.12433964730921],[-77.15953050611392,39.125831732603835],[-77.15825669650197,39.125636165067185],[-77.15859790778822,39.12433820592516],[-77.15656025344136,39.12368774855871],[-77.1562229426172,39.12161042376095],[-77.15410208473524,39.119596776321444],[-77.15189395384107,39.11959521588597],[-77.15181069707742,39.11823206320953],[-77.14951727303098,39.11855494536297],[-77.14807509148017,39.11732060296054],[-77.1470553154514,39.117839111169346],[-77.14782122979699,39.1166064123568],[-77.14442493494077,39.11608455105627],[-77.14145552674292,39.11394021034602],[-77.13890605989741,39.11523632869778],[-77.13856453949197,39.116534231454736],[-77.13670048214948,39.113546862611685],[-77.12965213712538,39.11347584847527],[-77.12990838722159,39.112502440408974],[-77.12829581646048,39.11191680866757],[-77.12728125308266,39.109059885276835],[-77.12380274018172,39.10717429526914],[-77.12533510707527,39.10470918485336],[-77.12465976718956,39.10224201264688],[-77.11905389394937,39.103405008166746],[-77.11786604505605,39.10288456636906],[-77.11726782014583,39.105155789173715],[-77.11862377789853,39.106714947240015],[-77.11743587796482,39.1061945010019],[-77.11684049373648,39.1067780900203],[-77.11616252613227,39.10599850304298],[-77.11471529944842,39.10813904231736],[-77.11589740507608,39.112034782798055],[-77.11488040071663,39.11086539208815],[-77.11012570152003,39.110471028260726],[-77.1101196262989,39.11384629722208],[-77.10740786784702,39.11072777698067],[-77.10528553127901,39.11040093500277],[-77.10562133330716,39.11247839312269],[-77.1043415593524,39.11565754377722],[-77.10247250135576,39.116044932591464],[-77.1023837411039,39.118057019295236],[-77.10144917850447,39.118250702586266],[-77.10526977987274,39.118839110849386],[-77.10517794083039,39.122538838157276],[-77.10585594492235,39.12331848754566],[-77.10848873157455,39.12338622751379],[-77.10814662928205,39.12468404873414],[-77.10390115293633,39.124030351992],[-77.10364451360397,39.1250037086214],[-77.10066942963441,39.12623366711099],[-77.09905019890506,39.12902293305047],[-77.10023507235617,39.13123119757353],[-77.10193340890865,39.131492744092704],[-77.10074196690896,39.13265977663727],[-77.10260824868125,39.13396005383419],[-77.10158467748835,39.13616583279028],[-77.10412918938842,39.13824575938836],[-77.10387250287059,39.1392191192595],[-77.1055710393525,39.13948061652409],[-77.1048041665342,39.1407130605746],[-77.10582142666723,39.141882540632565],[-77.10675628176644,39.14168882356369],[-77.10726027219287,39.14480502416046],[-77.10861982948178,39.144676657964574],[-77.10836318043035,39.14565002837672],[-77.10530491549193,39.14551691375547],[-77.10402772612818,39.14700843579014],[-77.10572644539411,39.147269931349136],[-77.10410376067563,39.151746922426824],[-77.10563145002443,39.15265732795034],[-77.10758699583727,39.151945432175],[-77.10664889084883,39.153826804108505],[-77.10426856260545,39.15447331007203],[-77.1055364405551,39.158044730485955],[-77.10383746984247,39.15778323174744],[-77.10393260504446,39.152395830802945],[-77.10214818605621,39.15245876341557],[-77.10121642631826,39.150964798612115],[-77.10164436191705,39.149342537215986],[-77.10291843473989,39.149538685563854],[-77.10343509398272,39.14590431935901],[-77.10462671002907,39.14473725788268],[-77.10335271684367,39.14454112722514],[-77.10411965472932,39.14330869116327],[-77.10353024347516,39.14051693189576],[-77.10072568266129,39.141097989165225],[-77.09825681293543,39.143756474188415],[-77.09690060082448,39.142197082576935],[-77.09664380343591,39.14317042830812],[-77.09179800168373,39.14478745437205],[-77.09170891047472,39.14679954502183],[-77.09094172505232,39.14803190542989],[-77.08958207370424,39.14816007848584],[-77.08846871871094,39.1523778472258],[-77.08686275660769,39.14841638002279],[-77.08456809080384,39.1487380660975],[-77.08312641425192,39.14750296317839],[-77.08295141044393,39.14983948828666],[-77.080150060812,39.1487324363251],[-77.07819433259968,39.14944390028722],[-77.07760586841793,39.14665201476842],[-77.07947209546046,39.14795264281102],[-77.08134209752845,39.14756559727477],[-77.08219510952779,39.14600885745397],[-77.08542104740836,39.14718130378041],[-77.08924656558287,39.14608256228402],[-77.09018852370149,39.14251368017485],[-77.0862775606948,39.14393689129639],[-77.0855139243207,39.14348157284468],[-77.08594576741957,39.14017172446664],[-77.08619910284003,39.14088604460653],[-77.09002077161017,39.14147492409351],[-77.0915515387648,39.1406978567881],[-77.09265075686503,39.143230643744],[-77.09537324102845,39.14128657179258],[-77.09749643572863,39.14161358497403],[-77.09817785195577,39.140705635191075],[-77.09936617842857,39.1412262689827],[-77.10319437160845,39.13843945657642],[-77.09903701519184,39.13577349680569],[-77.09810553354866,39.13427951378625],[-77.09904690320653,39.13071057313353],[-77.09743417709392,39.13012453904516],[-77.09751642678022,39.1314877311202],[-77.09429099076942,39.13031560222174],[-77.09207907801704,39.1320006199578],[-77.0884255947701,39.13245056119508],[-77.08740874691729,39.1312809411103],[-77.0835876357848,39.13069198258615],[-77.08384091494004,39.13140630616382],[-77.0815467732378,39.13172793538858],[-77.08128609846248,39.13438888817417],[-77.08001234990655,39.134192518873654],[-77.07813890327094,39.13626718473902],[-77.07644054081385,39.13600531303134],[-77.07822835755346,39.13425510813321],[-77.07780756701007,39.13250200205748],[-77.08001608811611,39.13250487815211],[-77.0803624599697,39.129519492634834],[-77.0835912907304,39.129004342941435],[-77.08426912341994,39.129784111011276],[-77.0886860009889,39.129789594486404],[-77.08927827738059,39.130893777573306],[-77.09097656657126,39.131155473702876],[-77.09217159633047,39.12830089541752],[-77.09658503138982,39.12999373799748],[-77.09896792322066,39.12765974266075],[-77.09693405486979,39.12532066909363],[-77.09277423802618,39.12434214485416],[-77.09218196191296,39.12323797985602],[-77.08954919588886,39.123169894635645],[-77.08750862975221,39.124205943720746],[-77.08496146305758,39.12381332034337],[-77.08284251716569,39.121798457154824],[-77.08708767342851,39.12245287256262],[-77.08776548251204,39.12323262056049],[-77.08895697836451,39.122065714533235],[-77.09065505997219,39.12232741459284],[-77.09312004654264,39.12135672867504],[-77.09439360541798,39.12155296322686],[-77.09439020185543,39.12324060068159],[-77.09523926465152,39.12337141654049],[-77.09507148453716,39.12233267125991],[-77.09575275018588,39.12142473826831],[-77.09651286458039,39.12356762946486],[-77.09871781160052,39.12525781162499],[-77.09846109846202,39.126231157792134],[-77.09973475724425,39.12642733782896],[-77.10041600300416,39.12551937855405],[-77.09939905910369,39.12434985813182],[-77.10433204246227,39.12072045274195],[-77.09915553033044,39.11857265579265],[-77.09966887698137,39.1166259631869],[-77.10128132141122,39.117211966732874],[-77.10145565698956,39.11487543116681],[-77.1023901761449,39.11468174795504],[-77.1011199630179,39.11279796083059],[-77.10468685111435,39.11267210053729],[-77.10460448817115,39.11130891826205],[-77.09653969426064,39.1100665441306],[-77.09475291407506,39.11181700386633],[-77.09263060264546,39.11148994579594],[-77.0916995641471,39.10999592196508],[-77.09042621516801,39.10979966026471],[-77.0899126690657,39.11174631211393],[-77.08830043768577,39.11116016176648],[-77.08829689304649,39.112847795618585],[-77.08489757859633,39.114011943031585],[-77.082097581003,39.11290494285365],[-77.08235446630653,39.11193163302743],[-77.08532566093935,39.112389749805125],[-77.0873694924735,39.10966610560612],[-77.08821838396159,39.10979696905577],[-77.08796513710533,39.10908265742982],[-77.09102531750128,39.10752856468561],[-77.09339737348868,39.11025758395676],[-77.09467073852142,39.11045381524384],[-77.09543746381726,39.109221441070005],[-77.09883308545054,39.10974463971281],[-77.10002418227968,39.10857763072017],[-77.10172198845065,39.108839178958156],[-77.10316961192805,39.10669879066766],[-77.10367320573344,39.109814984161765],[-77.1045252958767,39.10825810295042],[-77.10681548031145,39.109623684635594],[-77.10749647998395,39.108715689561286],[-77.10545972171901,39.10806439691576],[-77.10580179374783,39.1067665872989],[-77.11055622701049,39.107161116209134],[-77.10920043408444,39.105601870022895],[-77.10989049432258,39.09963096890552],[-77.11208904310307,39.104696169097366],[-77.11293792101576,39.10482686363405],[-77.11285541214305,39.10346368889174],[-77.1141287106234,39.1036597206287],[-77.11532237838736,39.100804935286206],[-77.11752707209999,39.102494776415284],[-77.11880036620225,39.10269076026648],[-77.11948115109205,39.101782700761056],[-77.11803981287066,39.10054801404798],[-77.11821641853001,39.096523832637835],[-77.11626536288585,39.095548258171995],[-77.11711701588894,39.09399129491171],[-77.11355698059363,39.09074225495955],[-77.11305309510857,39.087626112799896],[-77.11067801617556,39.08658510633631],[-77.11101989389358,39.08528728763734],[-77.10889828410713,39.08496050890088],[-77.10881587357045,39.08359733658082],[-77.10737197701525,39.08405015558843],[-77.10634612922448,39.087943578801195],[-77.10464879464024,39.087682094751536],[-77.10422128925815,39.08930434684025],[-77.10201085524957,39.09098952781955],[-77.10107663979949,39.09118320730418],[-77.09989239381389,39.08897496790989],[-77.09700759907003,39.088192756028704],[-77.09445484250804,39.0911755835293],[-77.09479024600924,39.093253063267724],[-77.09258291743483,39.093250449569496],[-77.09113525004203,39.095390709089195],[-77.09028652161821,39.09525986591644],[-77.09105316094035,39.094027522357194],[-77.09029001918631,39.093572237684775],[-77.0890990120052,39.0947391500734],[-77.08578615072167,39.095578877394146],[-77.08757630813388,39.09214092426562],[-77.08952688699617,39.09311694836614],[-77.0927540351041,39.09260156438905],[-77.09395177321625,39.08805936374075],[-77.0947148800142,39.08851462546103],[-77.09556691231569,39.08695781194618],[-77.0987082198056,39.08676671814344],[-77.10108313317588,39.08780795337203],[-77.10116540341852,39.08917113188222],[-77.1028627602496,39.08943266357453],[-77.10346130595802,39.087161516863624],[-77.10541511043228,39.08644966437598],[-77.1068652911974,39.082621616930645],[-77.10644723047483,39.07918100112268],[-77.10441130936275,39.07852969491508],[-77.10331266001073,39.075997043589126],[-77.10118811253912,39.077357756767604],[-77.10017183013674,39.076188253392935],[-77.10229636244817,39.07482755787985],[-77.10356913073272,39.07502369671954],[-77.10484822297757,39.07184457833826],[-77.10645971565364,39.07243050977669],[-77.10773554458257,39.070938984256635],[-77.10544656180394,39.06957342940637],[-77.10408840375904,39.06970175906983],[-77.10197050520055,39.06768724245273],[-77.09823812287587,39.06677429367169],[-77.09883662650094,39.06450317864829],[-77.09425608278438,39.063459320950514],[-77.0942594866616,39.061771702452596],[-77.09214209155417,39.059757021182264],[-77.09086962141907,39.059560765846875],[-77.08925501988489,39.06066225111168],[-77.08873825754851,39.064296498941516],[-77.08610044294525,39.06760358011861],[-77.08838900017045,39.06896949083313],[-77.08957257067365,39.07117783169175],[-77.08677057395371,39.071758566519286],[-77.08685970988921,39.06974650852967],[-77.08380832507007,39.067925247141595],[-77.08057848741714,39.07012801665732],[-77.08124832600791,39.07428303473067],[-77.08353700237407,39.075649036462494],[-77.08183265104097,39.07876248663217],[-77.0838683762662,39.0794141627457],[-77.08284500456857,39.08161976424383],[-77.07919775161425,39.08038180612367],[-77.08005748976615,39.07544985630876],[-77.07844991459257,39.07317596066722],[-77.07913468258866,39.070580506472396],[-77.07828626549596,39.07044958196274],[-77.07751586536355,39.073369462423265],[-77.07573336385127,39.073432015154246],[-77.07138980163825,39.07985213322221],[-77.06884028175092,39.08114680616799],[-77.07147150587029,39.08121532931069],[-77.06993780744149,39.083679764491144],[-77.07205920446481,39.084007208201484],[-77.07171270842403,39.086992544377345],[-77.07374857345125,39.08764438725153],[-77.07425464318986,39.08907306217084],[-77.07188007301473,39.08803131410016],[-77.07170877970616,39.08868016997279],[-77.06814301244695,39.088805083609806],[-77.07035812540695,39.08543288066254],[-77.06797971486547,39.08607868351678],[-77.06908925398544,39.083548776873734],[-77.06756347538911,39.08263793499439],[-77.06765315646123,39.08062588682452],[-77.06629472522556,39.08075380364865],[-77.06655170852612,39.0797805324033],[-77.06892992563247,39.07913475762949],[-77.07003932566003,39.07660484574223],[-77.07088779975062,39.07673582670597],[-77.07344101629006,39.07375349127251],[-77.07327366226842,39.072714726380894],[-77.07166243093603,39.072128364578894],[-77.07497438646581,39.071289017342984],[-77.07523122007066,39.0703157298348],[-77.07684244000943,39.070902045169994],[-77.07676064663559,39.06953885517941],[-77.08049662484328,39.0687648293177],[-77.0814343088665,39.06688368564105],[-77.0849989778171,39.06675839121151],[-77.08704510993056,39.06234715710325],[-77.08628591480824,39.0602042326657],[-77.08968269081389,39.05904005897885],[-77.090534485417,39.0574832883002],[-77.0902848938832,39.05508137191778],[-77.08850638883958,39.053456491757366],[-77.0897822531013,39.051965155639],[-77.08707010511988,39.05053384195273],[-77.08851346243607,39.05008126155011],[-77.08877710079953,39.04573272206999],[-77.08564114325097,39.04423595042564],[-77.085559214911,39.04287277265121],[-77.08216312820193,39.044036830318994],[-77.08198465448358,39.04806092189111],[-77.08071241648399,39.047864562929966],[-77.07943643814104,39.049355804824486],[-77.07544853001272,39.04941546687717],[-77.07450319257106,39.05467178964596],[-77.07306355245001,39.05343659223928],[-77.07229703624714,39.05466881571546],[-77.07093909822727,39.054796782704905],[-77.07290014978378,39.05071021603449],[-77.07086532663894,39.05005836361384],[-77.0693362469,39.050835163020224],[-77.06771347380378,39.055311596764255],[-77.06550729834832,39.05530850226033],[-77.06354159030127,39.06108257237456],[-77.06303592598512,39.05965386112767],[-77.0616778785441,39.05978172699961],[-77.06423087744533,39.05679958989542],[-77.0638965154537,39.05472204158696],[-77.06118060308587,39.05497777708213],[-77.0610134674765,39.053938999174406],[-77.05813048160965,39.05315588996428],[-77.05736371525768,39.05438802122636],[-77.05600575621423,39.05451582497853],[-77.05720089923184,39.05166162395407],[-77.0602551275124,39.051795918936484],[-77.06152321575718,39.053680102126734],[-77.06576420224187,39.054335237099814],[-77.06686929483301,39.05349297942854],[-77.06806399452682,39.050638674425294],[-77.05992510238468,39.04803074839255],[-77.06111998493769,39.045176512893335],[-77.06196392352996,39.046995166655066],[-77.063660154561,39.04725723168585],[-77.06374167722913,39.048620424902545],[-77.0655235807229,39.048558044464805],[-77.06738707356723,39.04985882958445],[-77.07137894698829,39.048111812559604],[-77.07366661402759,39.04947798969109],[-77.07494271286048,39.04798680703272],[-77.07519561895167,39.048701137167996],[-77.07579086179923,39.04811775385056],[-77.07918348810493,39.04864148324244],[-77.08079797526123,39.04754013119575],[-77.0809765133796,39.043516041691596],[-77.07682159156914,39.04253699856412],[-77.07665426110148,39.04149824395919],[-77.0798754727199,39.04267081094974],[-77.08301490803895,39.042480115278636],[-77.08454729419827,39.04001553683847],[-77.08581940521626,39.040211856258814],[-77.08650001696932,39.03930398769322],[-77.08523153226976,39.03742006420367],[-77.0809058117851,39.03709002700684],[-77.08031442657409,39.03598582321319],[-77.08260555311628,39.035664222448005],[-77.07854037870156,39.03267319617957],[-77.08108431827868,39.03306594455219],[-77.0826984308413,39.03196457074251],[-77.08549532098985,39.03307154114609],[-77.08574467876826,39.035473458007665],[-77.0879467041598,39.037163803718535],[-77.08870570765865,39.03930670940158],[-77.09260755449559,39.03957106133627],[-77.09014533371882,39.04054172249902],[-77.08988880492791,39.041515035713424],[-77.0915780784869,39.04515194468506],[-77.09454660219748,39.04560983545917],[-77.09794256408006,39.04444543891622],[-77.0982778516625,39.04652289173249],[-77.0999742024405,39.046784460855626],[-77.10090460148622,39.04827840537753],[-77.10387331157541,39.04873607351241],[-77.10361693766143,39.04970941644749],[-77.10514247676788,39.05061981025515],[-77.10285097865676,39.05094182757261],[-77.10098682364908,39.049641574289076],[-77.1003917705293,39.05022507847372],[-77.10022408560337,39.04918635427057],[-77.09725538010372,39.048728598890165],[-77.09649602625137,39.04658574198472],[-77.09242277864391,39.046970391411776],[-77.0921662576592,39.04794371040924],[-77.09369161631724,39.0488542445501],[-77.09343510567265,39.049827566486485],[-77.09114358069746,39.050149367801595],[-77.09105458735274,39.05216142184901],[-77.09316830231585,39.055863735149266],[-77.09528899217646,39.056190780687224],[-77.09409867769449,39.057357733017014],[-77.09672237161584,39.060800956129846],[-77.09960607620759,39.061583170738345],[-77.10096733852318,39.05976727217974],[-77.10325273338636,39.06282052568786],[-77.10494948240864,39.06308202762046],[-77.10656389984358,39.06198033793904],[-77.10910901640172,39.062372514267274],[-77.10893811589783,39.06302141836007],[-77.10435435107004,39.06366555217025],[-77.10367373421965,39.06457352242555],[-77.10706111589035,39.06847173198228],[-77.10875801053845,39.068733182170604],[-77.10934704045523,39.07152487815458],[-77.11435549944576,39.07094590052694],[-77.11325661822568,39.06841334061981],[-77.11529525092399,39.06737687999084],[-77.11691248497492,39.06458743511938],[-77.11886271824385,39.06556299387476],[-77.11852107333941,39.06686082946753],[-77.11588742294482,39.06848092321675],[-77.11656215134285,39.07094812757793],[-77.11409918756982,39.071919268930095],[-77.1133361336093,39.07146412762277],[-77.11214585877524,39.07263125603155],[-77.11723692555104,39.07341532937701],[-77.11749320067999,39.07244195423805],[-77.11944647199874,39.07172988310618],[-77.12224545193612,39.07283603354268],[-77.1246229465231,39.072189193912294],[-77.1237717098025,39.07374620231212],[-77.12546610795766,39.07569504752453],[-77.11944365251169,39.07341750525925],[-77.11901656128805,39.07503980395136],[-77.11452050272571,39.0736722317777],[-77.11222831933598,39.07399442339934],[-77.11053431580913,39.072045398312795],[-77.11018945727275,39.07503083494963],[-77.10874573947191,39.07548366920358],[-77.10628564276982,39.074767033652215],[-77.10679226243222,39.07619557261204],[-77.10874267134909,39.07717129225697],[-77.1075522292708,39.0783383778783],[-77.1093256595241,39.083338242037556],[-77.11059859584111,39.083534309187],[-77.1114502294568,39.08197738824735],[-77.1110229094732,39.083599662007785],[-77.11382221837877,39.084706004581406],[-77.1139872328962,39.087432343429334],[-77.11559623547909,39.08970578514842],[-77.11763256997975,39.0903569094595],[-77.11737910173055,39.08964266042338],[-77.11984262241414,39.088671450888754],[-77.12069411816873,39.08711446512787],[-77.1233256068685,39.08718189047893],[-77.12307482946164,39.08478002719889],[-77.12435053416053,39.08328832773568],[-77.12408888845023,39.08763697175521],[-77.12688855179903,39.088743020850735],[-77.13113472168921,39.087708300989206],[-77.13351511700967,39.085373662828964],[-77.13495641716911,39.086608166571246],[-77.13614655453641,39.08544081670582],[-77.13563440547716,39.08738764818352],[-77.13733184459147,39.08764870905456],[-77.13682454471929,39.08622029165668],[-77.13869265232535,39.08583238869085],[-77.13962904987994,39.08395080033176],[-77.14183609737975,39.08395257856987],[-77.14412621676475,39.08531746657214],[-77.14497715288681,39.083760315469945],[-77.14684297010288,39.085059916451826],[-77.14769384499313,39.08350274682394],[-77.14828664063178,39.08460663883148],[-77.14998406022087,39.08486752677111],[-77.14879415455042,39.08603500900591],[-77.1472673252087,39.08512514554367],[-77.14794327358744,39.0875921868987],[-77.14607737167165,39.086292601823594],[-77.14522865072283,39.08616213403759],[-77.144887379898,39.08746004696358],[-77.14132411124287,39.08589943295129],[-77.14098277191009,39.08719733509153],[-77.13826591789505,39.087454757213905],[-77.1379245166307,39.088752651330296],[-77.13936595872796,39.08998710471355],[-77.1363953398957,39.089530281399206],[-77.13665141521302,39.088556863879475],[-77.13529295752448,39.08868553505484],[-77.13512468494147,39.08764685082644],[-77.13385161044258,39.08745103473776],[-77.12934932481654,39.08945925035581],[-77.12765187209361,39.08919808037832],[-77.12688590450178,39.0904306484573],[-77.12493489607445,39.08945521118906],[-77.1251911246533,39.08848181730169],[-77.12417159009456,39.08900013495387],[-77.12086218323947,39.08815316877844],[-77.12001067891397,39.08971015599248],[-77.11873760901298,39.089514185019894],[-77.11797148687691,39.09074669823071],[-77.11661295519615,39.090875165289965],[-77.11839300462695,39.09249965403979],[-77.11796577777635,39.094121954850365],[-77.1194924291733,39.09503217976793],[-77.12050089849696,39.10126442033333],[-77.12440618838814,39.10152777633913],[-77.12466246662875,39.100554381324685],[-77.12551131875829,39.100684989902035],[-77.12592773599036,39.10581318789003],[-77.12830366207004,39.10685390670402],[-77.13068221602556,39.10620694704128],[-77.13306323201998,39.1038723093835],[-77.13467566264406,39.104457878383066],[-77.1362051719999,39.10368026727399],[-77.13552947254105,39.10121315461915],[-77.13603685164323,39.10264158133918],[-77.13764927891839,39.10322711163176],[-77.13926409248218,39.1021249889502],[-77.13824208287335,39.104331055643286],[-77.14308188016923,39.10439986579779],[-77.14402065312588,39.100830605992165],[-77.13926881274772,39.09874972632883],[-77.1387613972822,39.097321313858195],[-77.13681004439734,39.09634606173864],[-77.13715150125024,39.09504816883391],[-77.13876614058805,39.09394605433033],[-77.14199067916236,39.095117021336506],[-77.14352217467551,39.09265169244071],[-77.14658047423671,39.0910962373343],[-77.148956214831,39.09213655851722],[-77.14844436181004,39.09408344520023],[-77.14547130263794,39.09531446802741],[-77.1478471652819,39.096354811235436],[-77.14767653084412,39.0970037726118],[-77.14555441420036,39.09667761892861],[-77.14410823921189,39.098818496445716],[-77.14512554533106,39.09998764531356],[-77.14690863815032,39.099924096894405],[-77.14665047157892,39.102585169492905],[-77.14834830535658,39.10284608065888],[-77.14860426745186,39.10187263607224],[-77.15047061472733,39.10317218702579],[-77.15132162399284,39.10161498725691],[-77.15268029503507,39.10148614057952],[-77.15199992792859,39.102394381789416],[-77.15326924334316,39.10596527812569],[-77.14978808837594,39.10576804938134],[-77.14961956897882,39.10472938143257],[-77.14656076054705,39.1062849153342],[-77.14452372037395,39.10563426302295],[-77.14214530845865,39.10628148742992],[-77.14155242927453,39.1051775616189],[-77.13798597326668,39.10530447934621],[-77.13603441635884,39.104329213569116],[-77.13093587286518,39.10692117118553],[-77.12685942476413,39.10730695409566]],[[-77.14436200224061,39.099532692180496],[-77.14385222763585,39.09979193120753],[-77.14427666610533,39.099857170691216],[-77.14436200224061,39.099532692180496]],[[-77.14452372037395,39.10563426302295],[-77.14418459156697,39.10524454556766],[-77.14409924792965,39.10556902431067],[-77.14452372037395,39.10563426302295]],[[-77.12685942476413,39.10730695409566],[-77.12652038291812,39.106917188335615],[-77.12643495841706,39.107241655051],[-77.12685942476413,39.10730695409566]],[[-77.11012873891889,39.108783394607634],[-77.10961877726228,39.109042493690886],[-77.10995773833604,39.10943230569755],[-77.11012873891889,39.108783394607634]],[[-77.10815670056768,39.072691968364545],[-77.10798885283153,39.07165325049568],[-77.10773245319452,39.072626605889035],[-77.10815670056768,39.072691968364545]]],[[[-77.05135147972832,39.14732879085387],[-77.05263413190856,39.144150166002],[-77.05441838938724,39.14408794375477],[-77.05373204458269,39.146683298470286],[-77.05500594114562,39.146879937418966],[-77.05585090878672,39.14869866772153],[-77.05372769468255,39.148370943196525],[-77.05414799573448,39.150124136348325],[-77.0524493957181,39.14986193629536],[-77.05253957867849,39.14784987267139],[-77.05135147972832,39.14732879085387]]],[[[-77.08703185005956,38.82803144582604],[-77.08356778341502,38.82614480871306],[-77.08433170714589,38.82491255502922],[-77.08053038413591,38.822635968226095],[-77.07960701277476,38.81945435691276],[-77.07665538782935,38.81562100312775],[-77.07834629052533,38.815882859280364],[-77.0783425299068,38.81757041939736],[-77.07986289770074,38.81848109444721],[-77.08146121398825,38.82244245072219],[-77.08458754816736,38.82393928225777],[-77.08467644143425,38.821927296560375],[-77.08662332344181,38.82121576664722],[-77.08822913151602,38.82180191362281],[-77.08738004050623,38.823358617207006],[-77.08856311875495,38.82387932889247],[-77.08720595086082,38.82569503135579],[-77.08796627004753,38.826150317170395],[-77.08949044011155,38.82537331277711],[-77.08872659872823,38.82660559833889],[-77.09024728457192,38.82751614673682],[-77.08703185005956,38.82803144582604]]],[[[-77.08685060917833,38.833742986704806],[-77.0772961701273,38.83158882442909],[-77.07865744851358,38.82808566720961],[-77.07554253620684,38.82152600144938],[-77.07368473226423,38.82022537973655],[-77.07360327905,38.81886223592748],[-77.06988398594665,38.817948467246325],[-77.06777434284733,38.815933439147],[-77.06566076237142,38.81560593490077],[-77.06607943259058,38.817358998329674],[-77.06284367849123,38.82631147215376],[-77.06115258967336,38.82604940403603],[-77.05996548560502,38.82721599159808],[-77.05971349683946,38.826501652446126],[-77.05446945684709,38.82636405800941],[-77.05354284042839,38.824869811847776],[-77.05379043381318,38.82727172442449],[-77.05209935527152,38.82700953266382],[-77.05287252087167,38.82240235193933],[-77.05211245990573,38.821946850886846],[-77.05338067965921,38.822143496634716],[-77.05355150999152,38.821494691013626],[-77.05270603661076,38.821363596466036],[-77.05296228723199,38.820390389435815],[-77.05118594790503,38.820452587771086],[-77.05288557100714,38.81733967247438],[-77.05474723721339,38.816953046270484],[-77.05795817892403,38.81812614553214],[-77.05745430846386,38.816697459932634],[-77.05847051040843,38.81617970994588],[-77.0600759812711,38.816766221649075],[-77.06126291348502,38.815599634276886],[-77.06016972302554,38.81306669602431],[-77.06820105650446,38.81431137613623],[-77.06937988310014,38.8165198302087],[-77.07309909703123,38.81743361389929],[-77.07596910980682,38.81990391075631],[-77.08043023734048,38.829710637061105],[-77.08279651759386,38.830752182626554],[-77.0844914123119,38.829326392689644],[-77.08998801478042,38.83017699420719],[-77.09455045695043,38.8329085381974],[-77.09387187197052,38.83381642490809],[-77.08744400399866,38.83315956510287],[-77.08685060917833,38.833742986704806]]],[[[-77.0611028766969,38.91484177590259],[-77.06389494095343,38.915949213159756],[-77.06380946146669,38.91627362672032],[-77.05957653156997,38.91561843907141],[-77.0611028766969,38.91484177590259]]],[[[-77.08236087537092,38.91441642291072],[-77.08168137904977,38.91532425162923],[-77.08328922223278,38.91591046913679],[-77.08480808869983,38.91850867409313],[-77.08361256879147,38.92305066313094],[-77.08420308691592,38.924154832230826],[-77.08327096428442,38.92434837267518],[-77.08334906617925,38.92739910930291],[-77.0801179967369,38.93297698430762],[-77.07893320633671,38.93245618511007],[-77.08199352080825,38.92752719456968],[-77.0825913866371,38.92525620758261],[-77.08183006634383,38.92480088338233],[-77.08387603993823,38.91870221893896],[-77.08210100810591,38.91707728122963],[-77.08109097074885,38.91422007182],[-77.0787220031949,38.91317848336338],[-77.07973940002157,38.912660553060306],[-77.0797431331858,38.91097297431243],[-77.07788297284807,38.90967240207552],[-77.07916028258644,38.90649363004114],[-77.08000679163824,38.90662454526325],[-77.07915278953672,38.909868785904266],[-77.08067509402458,38.91077946072826],[-77.08033349473364,38.91207716006895],[-77.08143256659427,38.91292237002818],[-77.08236087537092,38.91441642291072]],[[-77.08067138246315,38.912467039461376],[-77.08016269052358,38.91272600946898],[-77.08058598178637,38.91279146443318],[-77.08067138246315,38.912467039461376]]],[[[-77.05868774305821,38.9323631921166],[-77.05851669838803,38.9330120134478],[-77.0541117592044,38.93300545888392],[-77.0552151452573,38.9321633208659],[-77.05868774305821,38.9323631921166]]],[[[-77.07765543124673,38.935634965835995],[-77.0785914743108,38.93375388342277],[-77.07994714158187,38.93362583523132],[-77.08036683435773,38.93537887503267],[-77.08188968736818,38.93628953806809],[-77.08002511416545,38.936676577818446],[-77.0794270745186,38.938947555990055],[-77.07943455784674,38.93557238693822],[-77.07765543124673,38.935634965835995]]],[[[-77.05621585694081,38.93839591514972],[-77.05486005916585,38.9385237040327],[-77.05316639287607,38.93826152331111],[-77.05460773527079,38.9378093448272],[-77.05621585694081,38.93839591514972]]],[[[-77.02910881433996,38.93757371093228],[-77.02894240576659,38.93653490911477],[-77.02546969084942,38.93633420492438],[-77.02598372249446,38.93438787634482],[-77.03123548823906,38.93452667857903],[-77.03580226410593,38.937260420983606],[-77.03291934964274,38.93816432408982],[-77.03139707010094,38.937253059693276],[-77.02910881433996,38.93757371093228]]],[[[-77.06331211196586,38.94658460256201],[-77.05585653938566,38.94644389243256],[-77.06094234570914,38.94554266984442],[-77.06348314578675,38.94593577339002],[-77.06474947368119,38.94781989201913],[-77.06331211196586,38.94658460256201]]],[[[-77.06517295512721,38.94788539991389],[-77.06703789434349,38.94749858282613],[-77.0672943973454,38.9465253311715],[-77.06941178599274,38.9468528126967],[-77.06711936854937,38.94886175234266],[-77.06517295512721,38.94788539991389]]],[[[-77.05145078775433,38.946437243364564],[-77.0519510591442,38.94955356225193],[-77.05093735190718,38.94838368070526],[-77.05145078775433,38.946437243364564]]],[[[-77.05752490612237,38.95683156038287],[-77.05719119468357,38.95475402734779],[-77.05431650273465,38.952283254406176],[-77.05262251828157,38.952021065750706],[-77.0519510591442,38.94955356225193],[-77.05347385314381,38.95046457594599],[-77.05321715149593,38.9514377995595],[-77.05491112451814,38.95169998007375],[-77.0557538243167,38.95351864909345],[-77.05778581361547,38.95417073902993],[-77.05744360266573,38.95546838301319],[-77.05913347153513,38.95741809446629],[-77.06125114031236,38.95774571579603],[-77.06328741387006,38.95671012721308],[-77.06481049944836,38.95762100268365],[-77.06786079600549,38.957755108608595],[-77.06988508388847,38.96178218007461],[-77.07268298179146,38.96120183651021],[-77.07335913499305,38.96198164140079],[-77.06954305286187,38.96307985885867],[-77.06734771914407,38.95970161700718],[-77.06438287011693,38.95924308258056],[-77.06379236800589,38.958138813700266],[-77.05930035869726,38.95845685880655],[-77.05752490612237,38.95683156038287]]],[[[-77.0603998865976,38.959302260602136],[-77.05921059726013,38.9604688603628],[-77.05972389712193,38.958522385403086],[-77.0603998865976,38.959302260602136]]],[[[-77.05363816419938,39.018358349580474],[-77.05423766197585,39.01608746851232],[-77.05559490666852,39.01595968492404],[-77.05585180421566,39.014986446765235],[-77.05712339997929,39.01518305924707],[-77.05779988817378,39.015962955442525],[-77.05583892509686,39.02004925959001],[-77.05610012104408,39.01738841579202],[-77.05363816419938,39.018358349580474]]],[[[-76.99609527465117,39.030720639352516],[-76.99754445101856,39.02858151243109],[-76.99796834212155,39.02864725054938],[-76.99694307994183,39.03085212408305],[-76.99439395337163,39.03214525820307],[-76.99414189867254,39.031430765847674],[-76.99609527465117,39.030720639352516]]],[[[-76.97552144012376,39.04340044111527],[-76.97662127803714,39.0442465964613],[-76.98019106630326,39.04243670111154],[-76.9820528748612,39.04373876441685],[-76.97644923785111,39.04489531562288],[-76.97441544324732,39.044241884340735],[-76.97552144012376,39.04340044111527]]],[[[-76.97714445509554,39.1105197033378],[-76.97560693842405,39.11298298688932],[-76.97399560314798,39.112395354577664],[-76.97246417604462,39.113170970128884],[-76.97349134308097,39.11096626589388],[-76.972304414839,39.11044443308119],[-76.97545322588732,39.10856882538265],[-76.97435861915916,39.106035022031016],[-76.9751273381678,39.104803391855896],[-76.9732640887859,39.10350121027602],[-76.97224326080392,39.10401828249986],[-76.96978354694157,39.10329894155442],[-76.96867657169858,39.104140342853036],[-76.96893494538537,39.103167269706695],[-76.96689958705905,39.10251370845465],[-76.96538109170913,39.09991398400701],[-76.96402212055348,39.10004078331167],[-76.96420082896113,39.097704450360446],[-76.96124399142704,39.09386819386458],[-76.95886433651084,39.09451190922086],[-76.95722719363512,39.10067455703194],[-76.95432350519741,39.10495190877008],[-76.95601408272364,39.10690307275323],[-76.95465496448001,39.10702976982454],[-76.95473450860756,39.10839304861033],[-76.9574396220452,39.111514893427156],[-76.95718106467717,39.11248794424012],[-76.95395874035029,39.11131218134303],[-76.95430353393984,39.11001478941153],[-76.95260623313996,39.10975122824992],[-76.9527853325845,39.10741490738443],[-76.95151240552,39.10721722323885],[-76.95313012863271,39.10611751968312],[-76.95254012420145,39.10501269468511],[-76.95416444288814,39.102225352779996],[-76.94957683845128,39.10286378037177],[-76.95179116676432,39.1011813086397],[-76.95544392006623,39.10073538455226],[-76.95588805372212,39.095738395239216],[-76.95929511742607,39.09289015740629],[-76.95912935131884,39.09185123586484],[-76.96117083750708,39.09081730085003],[-76.95710757958513,39.087822272931156],[-76.9593147361868,39.08782729243386],[-76.96160154503971,39.08919554216695],[-76.96305290296308,39.0870567957161],[-76.96611482467101,39.085505785424935],[-76.96874610826167,39.085576483494414],[-76.97044918326976,39.08415220256284],[-76.97036937086827,39.08278894009064],[-76.97486945316886,39.0824741082818],[-76.97597602666539,39.081632655269175],[-76.97624036801238,39.07897195184836],[-76.97480191742522,39.07773561101746],[-76.97421800601171,39.074943276904186],[-76.97466069130039,39.0699462445331],[-76.97364034454463,39.07046332499802],[-76.97084372109654,39.06935382914275],[-76.97049941565541,39.070651257051274],[-76.96888906016402,39.070063563219136],[-76.96591394772598,39.07129028373428],[-76.96821302276875,39.06928317569851],[-76.97050569339147,39.06896364119579],[-76.97033982161236,39.067924739186566],[-76.9726262117972,39.06929278107008],[-76.9762772345709,39.068846247445315],[-76.97578554150616,39.064041949894836],[-76.97773997316571,39.06333210810453],[-76.97936239412674,39.06054445851671],[-76.97657220087495,39.05774748064806],[-76.97767837826576,39.056906016234535],[-76.97675040197298,39.055411147775196],[-76.97922678650043,39.05106751030472],[-76.98041279501305,39.05158927132689],[-76.97964472823895,39.05282092215626],[-76.98287086447394,39.05230839516152],[-76.98328890123935,39.054061795133116],[-76.97998272993406,39.0532110841194],[-76.97921463873858,39.054442732640005],[-76.9802286704056,39.05561321969468],[-76.9797985774126,39.05723503299695],[-76.98267488612746,39.059707573480146],[-76.98360901180983,39.05951478517564],[-76.98368904695674,39.06087803337963],[-76.98767177912544,39.062508931163514],[-76.98842809059647,39.064652457918214],[-76.99080070006553,39.065695795494825],[-76.99682414581696,39.06629195082411],[-76.99699039241536,39.067330817133204],[-76.99274926873221,39.06667333304004],[-76.99121900512385,39.067449172942915],[-76.99434257002507,39.07232356828465],[-76.99713966638473,39.07343253582276],[-76.99950708290936,39.076163327626205],[-76.9972086546122,39.078171017080344],[-76.99670984532486,39.075054412824315],[-76.99374647536759,39.07290656361498],[-76.99238805875348,39.07303367237288],[-76.99104704030921,39.068097914969215],[-76.98665162933517,39.06302611777297],[-76.98325900001974,39.06249986017386],[-76.98148872892365,39.05918583330781],[-76.97945448920048,39.05853248290128],[-76.97987247935203,39.06028589629283],[-76.98148270701982,39.06087344675131],[-76.98088056705332,39.063143993283624],[-76.97943628112327,39.06359532386608],[-76.97883405468195,39.065865861583895],[-76.97789983471394,39.06605861420514],[-76.97839777568265,39.06917528881766],[-76.97652924340161,39.06956078071112],[-76.97576092089865,39.07079241146645],[-76.97686117611545,39.07163856878743],[-76.97633257287093,39.07695997186231],[-76.97870541048566,39.07800354272231],[-76.97741457436877,39.08286898339572],[-76.9833532980564,39.083790156077335],[-76.98343335514312,39.08515341045134],[-76.98809968913531,39.08587698719009],[-76.98851804519553,39.087630380200295],[-76.99055318101429,39.0882835856507],[-76.99063337813321,39.0896468365225],[-76.99224434346615,39.090234250653936],[-76.9922385688037,39.09192187416986],[-76.99698574625862,39.094008369099605],[-76.99740436358434,39.095761734861625],[-77.00037436017726,39.09622188014765],[-77.0022323655905,39.099211279832254],[-77.00146416528376,39.10044307624507],[-76.99909588404552,39.09771230937992],[-76.99655012509506,39.09731787718224],[-76.99469240189397,39.09432839364346],[-76.99138426482348,39.09347797986118],[-76.99046135555531,39.09029558038135],[-76.98656897147104,39.08665277255085],[-76.98317523966047,39.08612651041457],[-76.98224677713415,39.08463167510984],[-76.97630799870325,39.08371044940908],[-76.97477720080313,39.084486089224775],[-76.97426073582841,39.08643225258707],[-76.97603134106912,39.08974639887543],[-76.97789428732521,39.091048535589934],[-76.97906877756218,39.09494556026709],[-76.98127012220112,39.09663781427463],[-76.98109799946525,39.0972865460248],[-76.97897662565069,39.09695754901693],[-76.97847237475565,39.095528484761935],[-76.97711350848574,39.095655427076125],[-76.97788207097824,39.09442378230024],[-76.97585918788542,39.09039512252926],[-76.97433443494431,39.089483135365306],[-76.97308042205962,39.084222808851074],[-76.97121147464631,39.084608221841854],[-76.96491554767188,39.08835912629084],[-76.96243703663504,39.092702507783706],[-76.96455179333856,39.094719409831576],[-76.9667400581209,39.09978716984896],[-76.96911350349477,39.10083092830538],[-76.96885514050861,39.101804001388494],[-76.97360850053826,39.10220376678274],[-76.97665856044718,39.10402774475573],[-76.97980091643016,39.103839655830974],[-76.98039132589679,39.104944351157364],[-76.98378591663398,39.10547069116925],[-76.98259300433489,39.10663658496314],[-76.98344167116439,39.10676816366409],[-76.98411225616441,39.10923610246634],[-76.98199051973785,39.108907156144824],[-76.98173230052367,39.10988025749046],[-76.97996094447048,39.10656617976279],[-76.97699065434696,39.106105545833984],[-76.97714445509554,39.1105197033378]],[[-76.97750106792375,39.105846991168555],[-76.97716283465653,39.10545681868089],[-76.97707674488613,39.10578118227718],[-76.97750106792375,39.105846991168555]]],[[[-76.94168402506241,39.12257749577496],[-76.93855480925305,39.119389360909544],[-76.94228094520236,39.12199474479144],[-76.94401988039293,39.11213267052729],[-76.94495478276603,39.111940170993584],[-76.94554472809155,39.1130450334653],[-76.94372662321844,39.12154384118966],[-76.94098688704358,39.1268598476377],[-76.9402243420071,39.12640363929819],[-76.94168402506241,39.12257749577496]]],[[[-76.96271913896513,39.12989619596395],[-76.96502656761832,39.12620149075644],[-76.9659615953938,39.12600883273479],[-76.96518609024906,39.12892804558972],[-76.96262648972343,39.131908186240196],[-76.96271913896513,39.12989619596395]]],[[[-76.95769225065571,39.13384433783469],[-76.9531093672491,39.13279526403562],[-76.95294359854819,39.13175632619766],[-76.95099381956942,39.130778152399124],[-76.94929604550342,39.13051454497382],[-76.94818841805775,39.131355768299855],[-76.94861965593044,39.12973404189739],[-76.94734634899629,39.12953631423255],[-76.94470661119011,39.13115279640139],[-76.94376455639893,39.133032929296284],[-76.93824674975562,39.132175799333204],[-76.93977894299543,39.13140060238703],[-76.94047619582855,39.12711825343049],[-76.9414113005037,39.12692577997636],[-76.94174249063418,39.12900368437044],[-76.94096597996382,39.13192274783662],[-76.94223931136672,39.1321205409232],[-76.94539670501442,39.12855805311602],[-76.94845395844627,39.12869509871224],[-76.9488919594566,39.12538573947536],[-76.94999272865425,39.1262321434368],[-76.95340145404015,39.123384050391714],[-76.95450224545169,39.12423041409863],[-76.94930959646753,39.127139277634896],[-76.94964101355878,39.12921716107496],[-76.95218763566216,39.12961255636009],[-76.95667748986861,39.13267364960869],[-76.9576988314841,39.13215670230563],[-76.95795087721277,39.132871281855664],[-76.96134661068,39.13339823747577],[-76.96305095232314,39.13197404478935],[-76.96474881042056,39.13223746450728],[-76.96159869661273,39.134112809810496],[-76.95939013304147,39.13410783080973],[-76.96031875762279,39.135602851128446],[-76.95692292852254,39.1350758672085],[-76.95769225065571,39.13384433783469]]],[[[-76.97050654059493,39.13718324688415],[-76.97443179030006,39.132388405410985],[-76.97672642584632,39.132068752307006],[-76.97750762071719,39.127461830722645],[-76.97894710229829,39.128698151986995],[-76.9765541785412,39.132717482244445],[-76.98190629314874,39.13253401325328],[-76.98284735391937,39.130653591778675],[-76.9845452529128,39.130916741154074],[-76.98309365142825,39.13305575666647],[-76.98470551875371,39.13364327345889],[-76.98410884337481,39.13422622939326],[-76.97995003973375,39.13324392988417],[-76.97884272581582,39.134085426647424],[-76.97502235019867,39.13349313242115],[-76.97262905119088,39.137512391021694],[-76.97050654059493,39.13718324688415]]],[[[-76.92657678862577,38.82571609662398],[-76.92965011891759,38.819103380645636],[-76.93244365604698,38.81852621024697],[-76.93041656851787,38.817872078867744],[-76.93050970736132,38.81586020772307],[-76.93357515612901,38.810934953395254],[-76.93460632815263,38.80704311578143],[-76.93028777127233,38.80839539572847],[-76.92900569289847,38.81157259455582],[-76.923834286962,38.814480258338406],[-76.9235763342835,38.81545319669153],[-76.92230858204356,38.81525522197637],[-76.92010225477026,38.81693709846993],[-76.9174807106879,38.816865373419105],[-76.91755924347325,38.81822861780239],[-76.9144290336175,38.81841512575664],[-76.91384194291675,38.81731016377364],[-76.91257418482937,38.81711208936309],[-76.91189348272474,38.8180189759368],[-76.90910747921932,38.81690813023479],[-76.91190109477726,38.816331423386586],[-76.91148613688222,38.81457784118156],[-76.91367745063091,38.816271223047046],[-76.91621295045036,38.816667336270044],[-76.91638498801595,38.81601872089911],[-76.92095484012304,38.81538154519865],[-76.92375564092542,38.81311701845159],[-76.9256178821612,38.812732334064364],[-76.9267281996799,38.81020379950918],[-76.92605502189532,38.809423211013645],[-76.9238562921522,38.809417601175106],[-76.91879319267538,38.80693808502221],[-76.91811266284063,38.807845004860916],[-76.91599999137533,38.807514946818806],[-76.91575700252407,38.80511276608598],[-76.92791715669547,38.80903849218739],[-76.93190633515329,38.805608464164514],[-76.93528664542356,38.80613610537431],[-76.93588102716308,38.80555341226845],[-76.93690496818455,38.80334910908272],[-76.93124747056217,38.80145280144781],[-76.92778145697937,38.8012493654076],[-76.92677180274838,38.80007849092436],[-76.92390029336967,38.79929229437973],[-76.92026244130878,38.79973727261472],[-76.92178784341351,38.798962335366774],[-76.9218811960783,38.79695047444855],[-76.9253396899521,38.798841625775125],[-76.92720155841761,38.79845691810334],[-76.9273662031426,38.79949583903808],[-76.94012037129521,38.802837709525015],[-76.94198917814325,38.80076522769712],[-76.94418764844345,38.80077051553871],[-76.94910646698965,38.79714744409588],[-76.95146981381407,38.79819149426864],[-76.95325234854776,38.79644317478895],[-76.95578737387589,38.79683847690553],[-76.95662581316168,38.79865778465558],[-76.9578933700101,38.79885540770265],[-76.95712758402608,38.80008687718619],[-76.95905556769522,38.80444001272798],[-76.96226441805821,38.80561559120089],[-76.96209281301624,38.806264269567066],[-76.95955742593901,38.80586909620663],[-76.95980185978644,38.808271190901145],[-76.95801264863138,38.81170716079954],[-76.95581384769488,38.81170211844702],[-76.9550412783527,38.81462113106181],[-76.95309994907547,38.813643036752865],[-76.9565797778096,38.81047065569715],[-76.95854066610076,38.806386033669476],[-76.95400489023767,38.79858683295127],[-76.94942963719947,38.80091277915698],[-76.94806943489014,38.802726950798146],[-76.94680183738964,38.802529227095185],[-76.94688090271144,38.803892450885094],[-76.9446823381245,38.803887210866556],[-76.94061490120846,38.805954421724856],[-76.93755715484653,38.80919229503087],[-76.93507942607025,38.815222510781744],[-76.93363976638668,38.81567329334553],[-76.93329599674034,38.816970571768685],[-76.93566682170956,38.816327371817756],[-76.93583162736671,38.81736628331265],[-76.94065218006982,38.8174429705105],[-76.94631116262966,38.819338851346124],[-76.93853213287515,38.81880085100326],[-76.93785173782531,38.81970788038795],[-76.9360823709592,38.81808087324407],[-76.93303816147976,38.817943530071226],[-76.93422004835695,38.81846571521298],[-76.9312474521237,38.82137911642035],[-76.93123312201224,38.824754225857205],[-76.93038783143604,38.8246222962898],[-76.93004396175166,38.825919566870695],[-76.92792347059493,38.82727726692005],[-76.92657678862577,38.82571609662398]]],[[[-76.97676110371233,38.86562109315989],[-76.97811568182293,38.865494159173934],[-76.97819540116093,38.866857372038275],[-76.97684079785262,38.86698430691575],[-76.97676110371233,38.86562109315989]]],[[[-76.93494977394117,39.08809425547776],[-76.93850168681723,39.09134840374792],[-76.93832919477641,39.09199707556481],[-76.93510808429345,39.09082082871051],[-76.93442509921546,39.09172787492851],[-76.93494977394117,39.08809425547776]]],[[[-76.84363950807429,39.09750746935769],[-76.84311943818,39.09945309067463],[-76.84107603087821,39.100485087624214],[-76.84217516600002,39.10133244132537],[-76.84149092213698,39.10223897825442],[-76.84336100957346,39.10185551505019],[-76.84274496509263,39.10581302589323],[-76.84520350397375,39.10653488013817],[-76.84588774197007,39.10562832202919],[-76.8463027787745,39.107382198325126],[-76.8493589524625,39.10752167943262],[-76.84960984684129,39.108236474625464],[-76.85664845383559,39.11001098511117],[-76.86403381262969,39.11048795658283],[-76.86404256719428,39.108800334594655],[-76.86540187599331,39.10867462813698],[-76.86660539637342,39.10582223807104],[-76.87262259040439,39.10811203981275],[-76.87457921466708,39.107403815381716],[-76.8761200380159,39.10494178520787],[-76.88214579258852,39.10554350386113],[-76.88563444893767,39.104060604311705],[-76.88682064983222,39.104583263685264],[-76.88767732360722,39.10302787432295],[-76.8910711515196,39.103556745509316],[-76.89243840945812,39.10174312204253],[-76.89422176013476,39.101683198353825],[-76.89157373861855,39.1049861659002],[-76.88936606595381,39.1049799434143],[-76.88893365234279,39.10660145616315],[-76.88537495639595,39.10503350412085],[-76.88231048891565,39.10658253043292],[-76.87619810602777,39.106305113229226],[-76.87483035679102,39.10811855963625],[-76.87253603075088,39.10843633098536],[-76.87312484598795,39.109541536013275],[-76.87414645656445,39.10902527743448],[-76.87838897625724,39.10968681444486],[-76.87864016375958,39.110401551317835],[-76.87719430383042,39.11085169712454],[-76.87371367914216,39.11064673848852],[-76.87168754589801,39.10830399524501],[-76.86905553494219,39.108231242036325],[-76.86719410019359,39.10692747062849],[-76.86445806045148,39.11055415132168],[-76.87022446316026,39.11212930537586],[-76.87445010234003,39.11616622520693],[-76.87572297609059,39.1163646986685],[-76.87470127349036,39.11688097093784],[-76.8688650980606,39.112255064645154],[-76.86309871484843,39.11067984750556],[-76.85766128540071,39.11118248364543],[-76.85189523034174,39.10960674721935],[-76.85146195278178,39.11122813095442],[-76.85231043492509,39.11136060480213],[-76.85128863634196,39.11187668416826],[-76.85135719613434,39.11492765209651],[-76.85067293880186,39.11583424193946],[-76.84966015508584,39.11466268541912],[-76.85147099950463,39.109540509624615],[-76.84502094679601,39.10887104412711],[-76.84443256459244,39.10776570618879],[-76.84231150593276,39.10743437654527],[-76.84145380894093,39.10898945442379],[-76.8406053742975,39.10885690654685],[-76.84154978489542,39.10697756511134],[-76.84011307350471,39.10573965999209],[-76.83569769230445,39.105725348113715],[-76.83671951511174,39.105209397500666],[-76.83646875802096,39.10449457671678],[-76.83544694348718,39.105010525198075],[-76.83341273646262,39.104354778818625],[-76.83255488534468,39.10590979437685],[-76.82915180970559,39.10706694385875],[-76.827291121111,39.10576257540056],[-76.82584503554544,39.10621212357828],[-76.82687655255145,39.10400863621687],[-76.82925768579389,39.10336744714308],[-76.82943117860373,39.10271892572058],[-76.82654876195085,39.10193043756878],[-76.82808150811204,39.10115662188146],[-76.82689578597235,39.10063340247926],[-76.82868873766412,39.09888680289639],[-76.82521847847352,39.096992871533196],[-76.82198925044786,39.09750130783404],[-76.81988815101543,39.093794367689014],[-76.82320399115211,39.092961730543216],[-76.82421604574986,39.094133497648734],[-76.82491009020852,39.09153944367256],[-76.82661612247344,39.0901171337641],[-76.82517999888643,39.0888790600399],[-76.82552698501003,39.087582031963755],[-76.82773412314492,39.08758938809834],[-76.8281677891792,39.08596809437785],[-76.82698231425564,39.08544487729477],[-76.82485232505644,39.08680086285451],[-76.82094893194869,39.086528098418924],[-76.8196669484093,39.08801667687453],[-76.81856827720905,39.087169126312666],[-76.81712250771362,39.087618571445496],[-76.81713234901,39.08593096028636],[-76.81441441098818,39.086181301723634],[-76.81594695415957,39.0854076379514],[-76.81578325475668,39.084368527870964],[-76.81891537318118,39.085872117110775],[-76.82095868423238,39.08484048730026],[-76.82079491444213,39.08380138393159],[-76.8246981605039,39.08407415306861],[-76.824447594598,39.08335931088965],[-76.82894833927655,39.083049763097755],[-76.82811940131236,39.07954190996214],[-76.82914090976378,39.07902602417768],[-76.82958404407805,39.075717119161396],[-76.8286588748381,39.07422114129527],[-76.83172312084588,39.072673447103476],[-76.83333242334686,39.07326291822236],[-76.83300458681445,39.071184748505615],[-76.83071124404715,39.0715017457722],[-76.83138582495451,39.07228288088091],[-76.83011384445017,39.07208395520647],[-76.82994043086117,39.072732473879555],[-76.82909244047647,39.07259984833475],[-76.83012338199177,39.07039634784727],[-76.82841788127595,39.07181870073135],[-76.82460200939924,39.07122179357904],[-76.82283876240935,39.06790550559567],[-76.82046849555488,39.06685896197627],[-76.81902314180245,39.0673084275447],[-76.81696061080555,39.071715234158766],[-76.81602588770855,39.07190676961866],[-76.8155052618004,39.0738522660751],[-76.81626647192562,39.07430923423351],[-76.81481105056301,39.076446259028806],[-76.81726831842404,39.077168661693605],[-76.81582273983834,39.07761809087593],[-76.81479126226971,39.079821475591984],[-76.81471437469759,39.078458116075915],[-76.81344233176476,39.0782590195275],[-76.81275794675935,39.07916539434942],[-76.81089826680963,39.077860787391494],[-76.81150583837551,39.0755910622434],[-76.81371261090933,39.07559866735368],[-76.8143969504214,39.07469228786588],[-76.81390600514078,39.07157495758046],[-76.81586221758539,39.07086766221375],[-76.81715381489704,39.06769152216529],[-76.81426301541259,39.06859035954444],[-76.81339525102726,39.0718328385488],[-76.8109282189477,39.072797966074994],[-76.81176621457229,39.07461832227291],[-76.80930908763585,39.07389581115106],[-76.8086246921718,39.07480216248711],[-76.80650475894844,39.07447022401224],[-76.80395071909633,39.075759456545576],[-76.80351657373286,39.07738066266165],[-76.80266857736693,39.07724785668981],[-76.80285241649008,39.07491176898643],[-76.80455849006569,39.07348976624087],[-76.80609087052527,39.072716225808726],[-76.80905870818677,39.07318093929062],[-76.81324154804147,39.06910612205046],[-76.81002347918535,39.06792663957678],[-76.80952275228424,39.06649689986619],[-76.8056205071471,39.06622365502252],[-76.8022392296729,39.06400485173982],[-76.8006865518071,39.06815355059428],[-76.79899078782287,39.06788789469147],[-76.79752469293045,39.07171231927339],[-76.79582885747159,39.071446620048356],[-76.79505745423016,39.072677131680024],[-76.79396967892596,39.07014176161624],[-76.79634999282185,39.069501206918524],[-76.79627346208167,39.068137838579446],[-76.80053333335395,39.06542682020939],[-76.7999459793958,39.06432128078285],[-76.80029329854526,39.06302432901518],[-76.80147821565296,39.06354779851054],[-76.80183569676883,39.060563240505665],[-76.80014010565498,39.06029760064751],[-76.79673864962186,39.061453853022954],[-76.79385822406503,39.06066461291799],[-76.79300004246528,39.062219342834865],[-76.78833717932257,39.061488445758314],[-76.78764211664802,39.064082281046204],[-76.78602282782454,39.06517982095208],[-76.78347937098893,39.06478102846245],[-76.78433778646784,39.06322636360298],[-76.78341370749806,39.06173005242337],[-76.78477227503139,39.06160522866477],[-76.78529363572659,39.05965986535096],[-76.7835218452272,39.05803062606688],[-76.78378253297566,39.0570579478397],[-76.78624939119518,39.056093362003026],[-76.78677067283334,39.054147994387975],[-76.78770524462799,39.053956679607154],[-76.78763941356858,39.05090571164558],[-76.78866080681233,39.05039016128844],[-76.78663909433159,39.04804605886187],[-76.78324861945306,39.04751434241682],[-76.78446494370533,39.04297518511272],[-76.78726823170106,39.04240127285389],[-76.7853336537649,39.03973292477777],[-76.78762619211729,39.03941676680262],[-76.79066894702011,39.04124528361881],[-76.79220079567565,39.040471918882574],[-76.79456979536909,39.04151899684348],[-76.79542769908515,39.03996426170885],[-76.79669902272072,39.040163541299314],[-76.79831759327189,39.03906586707489],[-76.79816452494346,39.03633914765796],[-76.79952259274577,39.036214163162114],[-76.80037010483201,39.03634698964068],[-76.79968595136681,39.0372532857474],[-76.80333642151578,39.03681183679676],[-76.80587900885756,39.037210220858974],[-76.80689000826983,39.038382117292784],[-76.81036698460912,39.03858894396887],[-76.81189856776261,39.0378153366719],[-76.81158146672338,39.03404952826594],[-76.81285273119957,39.03424864231325],[-76.8158860408335,39.03776413554672],[-76.81367050141715,39.03944416547304],[-76.81239914386475,39.03924505961971],[-76.81069402715012,39.04066716141069],[-76.80332626667473,39.038499432069],[-76.8031526942716,39.03914790949644],[-76.80103382553696,39.038815879771626],[-76.79950210572467,39.0395893532214],[-76.79949186150087,39.041276948979935],[-76.79847067308098,39.04179258757407],[-76.79541736024066,39.04165185723821],[-76.79863402920172,39.042831712534486],[-76.79921093825376,39.045624850986755],[-76.79835304864613,39.047179613767526],[-76.7998747042947,39.04809375125001],[-76.80073257214852,39.04653897771411],[-76.80548138734737,39.04694516697626],[-76.80139639820878,39.04900787023773],[-76.80646226484458,39.05317986654589],[-76.80885194203876,39.050851474673216],[-76.81334081629493,39.052230093591625],[-76.81351432905318,39.05158160046355],[-76.81563362683417,39.05191341800702],[-76.8158938629987,39.05094067350212],[-76.817849500882,39.05023334944145],[-76.82124035538335,39.05076412170988],[-76.81953514144828,39.05218634769979],[-76.81579725101705,39.052952522203974],[-76.8155370063579,39.053925266849255],[-76.81341765036787,39.053593447539946],[-76.81325405875495,39.05255434009245],[-76.81256991338923,39.05346070969819],[-76.80909221949662,39.053253944147734],[-76.81035381895545,39.0551406850359],[-76.80940927535588,39.05701977141767],[-76.81016027182352,39.05916437742415],[-76.81143197162723,39.059363506883095],[-76.81135516869686,39.05800015032069],[-76.81322427694332,39.057617143601064],[-76.81332096633139,39.055605295251645],[-76.8183977852268,39.05808920734402],[-76.82899552761096,39.05974751899976],[-76.83011297847408,39.05721976589751],[-76.83129801563884,39.057742950444975],[-76.83018059794153,39.06027071444003],[-76.83525831871216,39.062753939577036],[-76.83542224784028,39.0637930198961],[-76.83576893145356,39.06249596917328],[-76.83865922255583,39.06159663247301],[-76.83918846644143,39.05796343906462],[-76.84266647105103,39.0581693622646],[-76.84086557297836,39.06160375537683],[-76.83813927629284,39.06354222009128],[-76.83898717751165,39.063674783682785],[-76.83864054570421,39.064971843658036],[-76.84090578917899,39.06971752125541],[-76.8467733737785,39.067594268721955],[-76.84601204221823,39.06713748801622],[-76.84748462682371,39.06162488900499],[-76.85002832377376,39.062022370967185],[-76.84917132772621,39.06357748897028],[-76.84983695463296,39.066046129736414],[-76.8483917987174,39.066495936839374],[-76.84923975308624,39.06662843053438],[-76.85153286123496,39.0663110915967],[-76.8546828743087,39.06443855957959],[-76.85470080613102,39.061063346352526],[-76.85647426545107,39.06269157096266],[-76.8584298244145,39.06198360666134],[-76.85961514300296,39.06250652152796],[-76.86005678942009,39.059197517881536],[-76.86293787486075,39.059985222861144],[-76.86395011074985,39.06115665927821],[-76.863430844595,39.063102352513475],[-76.85782383191084,39.06425355537134],[-76.85594585118831,39.06632484100837],[-76.854673907773,39.06612616695589],[-76.85245840055642,39.067806896979725],[-76.85025186071069,39.067799979932786],[-76.84718821476783,39.06934812963611],[-76.8538855869707,39.07073225939679],[-76.85482019511501,39.07054043920589],[-76.85465597345247,39.069501383241764],[-76.85635197824227,39.069766279491816],[-76.85805688406933,39.06834354380167],[-76.86221911545256,39.06764229758795],[-76.85829884580839,39.0707459252548],[-76.85532184090448,39.071969997253646],[-76.855071015543,39.07125521843665],[-76.85353918739075,39.072029362568244],[-76.84692833154656,39.07032094282798],[-76.84412443831184,39.07089620423309],[-76.84428851256143,39.071935274371725],[-76.84225515149775,39.071279676719946],[-76.84173523222451,39.07322528277442],[-76.84324874566796,39.07582650247209],[-76.84323027831736,39.07920172302922],[-76.84168888654217,39.081663333497474],[-76.84559209607906,39.08193544632095],[-76.84823224936777,39.08032108413137],[-76.84866541471567,39.078699721105956],[-76.85249089581636,39.077608278848494],[-76.85622966722461,39.07684099694244],[-76.8576660818092,39.07807870908136],[-76.86021924983977,39.07678837222035],[-76.86233949567277,39.07711939443729],[-76.8633694932046,39.07491561644148],[-76.86540314641132,39.07557086900304],[-76.86523876207886,39.0745318260829],[-76.86719455424583,39.073823722324434],[-76.86760992360261,39.075577516999296],[-76.87211000201081,39.07526640661026],[-76.8739012411047,39.073519163349566],[-76.87644549872164,39.07391610530878],[-76.87669654347944,39.07463084130811],[-76.87457630487488,39.07430006419774],[-76.87389271971837,39.07520677484695],[-76.87448128636085,39.07631196655227],[-76.87252549823356,39.07702018531407],[-76.87259491672425,39.08007112136027],[-76.86852726542887,39.07876081733974],[-76.86632908913319,39.07706657356267],[-76.86615598684214,39.07771514331756],[-76.86403570624533,39.07738418617948],[-76.86291912533635,39.07991225342583],[-76.85927571437543,39.07866784477907],[-76.85154714983597,39.079487693005255],[-76.84957287891936,39.08357077541757],[-76.84838728901481,39.08304776274776],[-76.84804073258357,39.08434485351453],[-76.84464811547882,39.083814809578996],[-76.8461527866139,39.088103612391116],[-76.84495795232519,39.089268180464515],[-76.84326153389526,39.08900312774704],[-76.84215331234826,39.08984339940457],[-76.8421440516634,39.091531013718864],[-76.84392719293417,39.091471811661336],[-76.84773515584538,39.09375574299764],[-76.84799511208513,39.092782923914534],[-76.84875672483209,39.093239694623534],[-76.849025766704,39.09057925844384],[-76.85047139768719,39.09012944197822],[-76.85192604424283,39.087991994287485],[-76.85387334046433,39.08897171267056],[-76.8525143803176,39.089097292611555],[-76.85234112605885,39.08974584455977],[-76.85615819843727,39.09034190187924],[-76.8564180296928,39.08936906580719],[-76.85802790224955,39.08995821890023],[-76.8582011062566,39.08930965900053],[-76.85938686896603,39.08983257865618],[-76.8684753786095,39.08888650168995],[-76.86974775816327,39.08908503528367],[-76.86999878944646,39.08979978681229],[-76.8759367142315,39.09072609291543],[-76.87619628204926,39.0897532154483],[-76.87992704485958,39.09067283537113],[-76.88392565999848,39.08893183274652],[-76.88595989081035,39.089586750579805],[-76.88842649551142,39.08862013074506],[-76.89317854899984,39.08902297036603],[-76.88672170865149,39.09004328835608],[-76.88646228072781,39.09101618785103],[-76.88959614742718,39.09251799732227],[-76.8894232160187,39.093166601326516],[-76.88349322048369,39.090553321637664],[-76.88229894448163,39.09171824911957],[-76.87686306691602,39.092221723174355],[-76.8766900225495,39.09287030942151],[-76.87618781206409,39.09144083216223],[-76.87083846089773,39.09161975001688],[-76.86625949666968,39.090567484795066],[-76.86447639583267,39.09062700722014],[-76.86217378122475,39.09263220255699],[-76.85657339583285,39.092095738786824],[-76.85580280226777,39.0933266319555],[-76.85325797780001,39.0929292659268],[-76.85155240109866,39.094351942213116],[-76.85111920685921,39.09597332002633],[-76.85255591263885,39.0972110956395],[-76.85501425789869,39.09793275467802],[-76.85603583391165,39.097416646073924],[-76.85577596875771,39.0983894828211],[-76.85696186220363,39.09891242650654],[-76.85722171334884,39.09793958718382],[-76.85883178233142,39.098528730816845],[-76.8608748823636,39.09749644240179],[-76.86299573550586,39.09782745470389],[-76.86657098441181,39.09602080854991],[-76.87412806360153,39.09584860647747],[-76.87293355040445,39.09701344512951],[-76.8744571876871,39.09792667700324],[-76.87428410825491,39.098575260599205],[-76.87301155010312,39.09837677308919],[-76.87300300513458,39.100064392330275],[-76.8714793412999,39.09915114226181],[-76.87140136952137,39.0977878131407],[-76.86673543641659,39.097059853854624],[-76.8657918062589,39.09893938298421],[-76.86409508604099,39.09867461414401],[-76.85890064630382,39.1015796867418],[-76.8542345949817,39.10085125770753],[-76.8532219626982,39.09967973358279],[-76.85363714257622,39.10143358339199],[-76.85041698622993,39.10025514012309],[-76.85101445475468,39.09967283004591],[-76.8490760110611,39.097005447793336],[-76.84254966587126,39.094972513247825],[-76.8417788042199,39.09620332012787],[-76.84363950807429,39.09750746935769]],[[-76.83383692054471,39.10442107796529],[-76.83443455622005,39.10383884712218],[-76.83401037499212,39.10377255002202],[-76.83383692054471,39.10442107796529]],[[-76.82943117860373,39.10271892572058],[-76.82994209292978,39.10246097736],[-76.82951792384709,39.10239466494867],[-76.82943117860373,39.10271892572058]],[[-76.82994209292978,39.10246097736],[-76.83045300362774,39.102203026912356],[-76.83002883558477,39.102136716247536],[-76.82994209292978,39.10246097736]],[[-76.83012338199177,39.07039634784727],[-76.83072076764118,39.0698141385451],[-76.83029678837447,39.06974782919326],[-76.83012338199177,39.07039634784727]],[[-76.82850459415998,39.07149444253168],[-76.82816732103599,39.07110386765665],[-76.82808060711324,39.071428125598],[-76.82850459415998,39.07149444253168]],[[-76.86966120834558,39.089409323283085],[-76.86906397365993,39.089991721843994],[-76.86948810639255,39.09005789916021],[-76.86966120834558,39.089409323283085]],[[-76.84203884896786,39.09523051305491],[-76.84153730393427,39.09380089525199],[-76.83983147728526,39.09522341093336],[-76.84203884896786,39.09523051305491]],[[-76.83771080575661,39.09489200358723],[-76.8375374055402,39.09554053559812],[-76.83974478663316,39.09554767845847],[-76.83983147728526,39.09522341093336],[-76.83771080575661,39.09489200358723]],[[-76.8375374055402,39.09554053559812],[-76.83660243019385,39.09573222668016],[-76.83745070427116,39.09586480154264],[-76.8375374055402,39.09554053559812]],[[-76.83293972669121,39.09786227359992],[-76.83345059440752,39.09760431105837],[-76.833026450477,39.0975380106797],[-76.83293972669121,39.09786227359992]],[[-76.83626500102663,39.095341672034635],[-76.83245731558583,39.09305738863901],[-76.83211042703046,39.09435443739029],[-76.83363349530308,39.09526816910099],[-76.83626500102663,39.095341672034635]],[[-76.86582719165068,39.07563705863501],[-76.86633778637312,39.0753789620168],[-76.86591374217467,39.07531277413028],[-76.86582719165068,39.07563705863501]],[[-76.83217558840606,39.067676930020724],[-76.83268624667315,39.067418972058455],[-76.83226227958488,39.06735266944162],[-76.83217558840606,39.067676930020724]],[[-76.83285962308567,39.06677045017629],[-76.83337027255648,39.06651248944488],[-76.83294631013172,39.066446189172815],[-76.83285962308567,39.06677045017629]],[[-76.83354364070364,39.06586396671388],[-76.83405428137839,39.065606003213354],[-76.8336303236171,39.06553970528601],[-76.83354364070364,39.06586396671388]],[[-76.83422764126055,39.06495747963343],[-76.8348249493349,39.06437525117015],[-76.83440099804925,39.064308955886986],[-76.83422764126055,39.06495747963343]]],[[[-76.89112802324519,39.09174340582926],[-76.89625004800858,39.08578606453566],[-76.89760089829582,39.087347623336385],[-76.89623404008633,39.0891612986526],[-76.90318553455755,39.091257474350584],[-76.90462303383808,39.092494646891716],[-76.90445023662873,39.093143271791554],[-76.90275351102383,39.09287903092485],[-76.90216438017198,39.09177396978084],[-76.89546414956648,39.09039243691877],[-76.89205470159203,39.093238923135125],[-76.89153595879907,39.09518474518878],[-76.89077405679947,39.09472823647967],[-76.8918034414679,39.09252421571089],[-76.89112802324519,39.09174340582926]]],[[[-76.93015425178183,39.09781873785027],[-76.92897509443353,39.09560887077089],[-76.93287222428788,39.09756586500544],[-76.93379983609358,39.099061072589514],[-76.93015425178183,39.09781873785027]]],[[[-76.88346349513317,39.113855716159094],[-76.8785536282423,39.11072584682292],[-76.87992133362137,39.108912358543094],[-76.88425040839527,39.10924939913645],[-76.88203427036939,39.11093066996475],[-76.8860174623175,39.11256484061121],[-76.88763629567914,39.111465988424364],[-76.8917142349558,39.111088050402614],[-76.89462185451374,39.106812156907395],[-76.89521099258401,39.107917256957975],[-76.89784301824875,39.1079894564321],[-76.89946157075981,39.10689045125369],[-76.90319350807928,39.107809375794815],[-76.90089931596953,39.10812767053819],[-76.90021574107195,39.10903453170851],[-76.89410308355865,39.10875799470658],[-76.89256278879287,39.111220249532984],[-76.89366268678967,39.11206714961881],[-76.88873613995798,39.11231293213255],[-76.88703080310266,39.113736100414094],[-76.88542016839634,39.113147320327684],[-76.88346349513317,39.113855716159094]]],[[[-76.9144383431639,39.118679292191906],[-76.91624471936805,39.11355617013259],[-76.91591432905103,39.111478204220894],[-76.91726607983777,39.11303955688025],[-76.91503544983934,39.118096672469385],[-76.91800583681616,39.11855878762094],[-76.91817857343496,39.11791014071778],[-76.92140803377953,39.11739920383835],[-76.92166708784085,39.11642622655658],[-76.92276740396652,39.11727286998393],[-76.92208401605096,39.11817985298114],[-76.9160493356926,39.119267696975676],[-76.9144383431639,39.118679292191906]]],[[[-76.91219206838988,39.12711162339178],[-76.91193284927273,39.12808458297897],[-76.91125688392923,39.12730387712631],[-76.90522908291521,39.12670356692109],[-76.90497757736834,39.12598888151181],[-76.90319363874147,39.12604895977971],[-76.90344512694111,39.126763648805365],[-76.89580644087832,39.12557431304355],[-76.8960658670711,39.12460138757046],[-76.89767684208559,39.125190031067504],[-76.89895788245535,39.12370063784266],[-76.89954722349893,39.1248057209881],[-76.90124468331844,39.1250700072462],[-76.90074176690418,39.12364062036799],[-76.90141758511723,39.12442138280575],[-76.90447458112412,39.12455950947141],[-76.90482812990766,39.121574622667865],[-76.9076334981786,39.12099798608198],[-76.9074684069136,39.11995899018179],[-76.90874143727856,39.12015712576065],[-76.91002216198603,39.11866762004049],[-76.91120877688708,39.119190048173664],[-76.9118923101033,39.118283124774244],[-76.91367605079138,39.11822292181191],[-76.91392761503619,39.11893758853014],[-76.9097629439376,39.1196405734804],[-76.90941730906988,39.12093784418236],[-76.90575547096822,39.12307004640806],[-76.90914265882051,39.12528605595397],[-76.90999141025375,39.125418136498524],[-76.91025064586249,39.12444518147359],[-76.91084016477407,39.125550211253476],[-76.91211330234252,39.12574831253036],[-76.91228610868828,39.12509967289498],[-76.91381082990407,39.12601242730235],[-76.91585392128641,39.124979229917145],[-76.91618437129492,39.127057201497806],[-76.91830633942193,39.12738727196244],[-76.91686038731164,39.127837880526656],[-76.91702563085485,39.128876865572714],[-76.91490362502502,39.12854677315634],[-76.91491119967736,39.126859141849415],[-76.91219206838988,39.12711162339178]]],[[[-76.87501350792895,39.12233430110744],[-76.87553288726414,39.12038853785504],[-76.87393072419086,39.118111982323384],[-76.87784444779896,39.116695458830804],[-76.87785288223917,39.115007833852566],[-76.87920388044672,39.116569601277185],[-76.88192273160769,39.11631784158994],[-76.8816631455597,39.11729073595963],[-76.88013063000862,39.11806521459102],[-76.87894425708164,39.11754249001808],[-76.87774946434985,39.11870737981497],[-76.87893584770529,39.11923011590718],[-76.87968954020299,39.121374325978785],[-76.88496281099789,39.11983169971691],[-76.88181117629973,39.12170501878641],[-76.88180283305836,39.1233926462506],[-76.877983813326,39.12279737269281],[-76.8773948166856,39.121692187818816],[-76.87501350792895,39.12233430110744]]],[[[-76.90618815443416,38.808008066555395],[-76.906086609012,38.811707468889594],[-76.90388781199816,38.81170150446013],[-76.90303490567527,38.813256939624274],[-76.90185332653982,38.81273445715231],[-76.90117253199118,38.813641284389476],[-76.89601582890305,38.81317268389799],[-76.89636024370085,38.81187550956125],[-76.89966239358785,38.81104086666047],[-76.89764374933442,38.80869864883992],[-76.89594568479394,38.810121876082505],[-76.89391915831189,38.80946714785987],[-76.89348056032436,38.812776157281654],[-76.89161814857995,38.81316035832713],[-76.89049846185524,38.817376129702076],[-76.88821335036592,38.817694176691965],[-76.88651489235116,38.819117275876906],[-76.88592821894738,38.818012181524416],[-76.88457436294023,38.81813810705129],[-76.88458260713263,38.81645055622974],[-76.88356516867618,38.81696687837962],[-76.87993454091577,38.815723121728354],[-76.87994289219077,38.81403557162821],[-76.87715752763773,38.81292400761665],[-76.87485556008805,38.81661690780867],[-76.87457151915403,38.822652396107046],[-76.86695650513347,38.82314889275637],[-76.86781892908888,38.81990615438148],[-76.8672411781849,38.81711342163758],[-76.86562857118591,38.818211960579454],[-76.86453343039622,38.817364849259754],[-76.86479217743705,38.816392033900655],[-76.86674105169726,38.815683963052756],[-76.86489582387887,38.81269266405613],[-76.86507700320986,38.810356571874365],[-76.86600824560469,38.810164674509494],[-76.86380949858344,38.81015799839085],[-76.8635594903622,38.80944326289212],[-76.86361955056401,38.81418163738632],[-76.86293826717872,38.815088254471064],[-76.86150694251141,38.81385064938207],[-76.8604805755581,38.8160543305942],[-76.85887672903496,38.81546523249572],[-76.85802281882833,38.81702035803188],[-76.8554013333885,38.81694731876864],[-76.85532396383815,38.815584035434384],[-76.85296143099556,38.81453814859906],[-76.85491037056201,38.81383026408236],[-76.85611833813081,38.80929055071669],[-76.85156631668077,38.80655023914941],[-76.85251551550914,38.80298335051244],[-76.85674003971167,38.80364559659375],[-76.85353297864684,38.80246728421498],[-76.85456830081732,38.79857611776136],[-76.85516326548564,38.79799381278567],[-76.85769781185789,38.79839112333173],[-76.85744790384237,38.79767637630938],[-76.85838785224753,38.79579699095616],[-76.86117227683467,38.79690897531147],[-76.8616122448078,38.7936000855949],[-76.85822419822183,38.79475797892553],[-76.8597501548802,38.79398380659132],[-76.85959530485125,38.79125725156935],[-76.86274198183517,38.78769704066219],[-76.86071637629799,38.787041770452774],[-76.85794119195627,38.78424223310726],[-76.85438994554532,38.78436100887179],[-76.85328647921303,38.785201344236995],[-76.85397655170055,38.7826072396242],[-76.856346958537,38.78196556061769],[-76.86099263905865,38.782693878168246],[-76.8605615048958,38.78431521838623],[-76.86156987824484,38.78548663082349],[-76.86410402502575,38.78588380974885],[-76.86527621177079,38.788094195670546],[-76.86671574927853,38.78764420921967],[-76.86831904751449,38.788233204211785],[-76.86848283066435,38.78927220225971],[-76.86983617878282,38.7891464530143],[-76.86931900557045,38.79109209923039],[-76.87041380754803,38.79193916606694],[-76.87590508366954,38.792799263043335],[-76.87649983091083,38.79221685585934],[-76.87596593204871,38.79753762387726],[-76.8744400731599,38.79831199634523],[-76.87756111804026,38.799814046909376],[-76.87679396613231,38.80104501916487],[-76.87771665775276,38.802540581618416],[-76.87550968715603,38.80422166130575],[-76.87820851915231,38.80565754231612],[-76.87794998912403,38.80663038466229],[-76.87896732314731,38.80611410917951],[-76.88039879222731,38.80735151147538],[-76.88055445408924,38.81007804461629],[-76.87928691218146,38.80987962957675],[-76.87911455920775,38.810528192960575],[-76.88003741837952,38.81202373950447],[-76.88250300659973,38.80936972615697],[-76.88427921709275,38.809309947577155],[-76.88343419053233,38.80917769775563],[-76.88402901120219,38.808595253485336],[-76.88377881021479,38.807880558938194],[-76.88114930509694,38.809495614128664],[-76.88226941118623,38.805279930605195],[-76.87898406786248,38.802739012590955],[-76.88061279999401,38.79826520606948],[-76.88525976062186,38.798992613888494],[-76.88543203170725,38.79834404267844],[-76.88669938988929,38.79854239458948],[-76.88686345797015,38.79958136930263],[-76.8915966744437,38.79998425261766],[-76.89295018140679,38.79985825054482],[-76.89346678648775,38.79791250405834],[-76.89540689722702,38.79889153158917],[-76.8971047108729,38.79746831328549],[-76.89776953163873,38.79993660690263],[-76.89929517681293,38.799161946800254],[-76.89996797353504,38.79994267997357],[-76.901345028313,38.79475394057072],[-76.90278447464841,38.79430353441237],[-76.9034728731463,38.79170915202405],[-76.90288616328495,38.790604140971915],[-76.8975589350884,38.79078420073545],[-76.8977231403718,38.79182316029114],[-76.89636979072218,38.791949214450256],[-76.89331066800422,38.79518599037636],[-76.89246578867417,38.795053802372486],[-76.89135451425382,38.797582025818116],[-76.89069803212085,38.79342615087262],[-76.88739657699614,38.79426055329654],[-76.88696596130997,38.79588198715402],[-76.88493991099004,38.79522711287016],[-76.88655171910128,38.79412832494204],[-76.88249146997296,38.79450607671381],[-76.88274989647627,38.79353322601482],[-76.88047383452212,38.79216358272779],[-76.88048217062627,38.7904760364338],[-76.88376701389657,38.793016911741354],[-76.88875812991537,38.79244705005594],[-76.88783533961326,38.79095157132939],[-76.88927479431776,38.79050132242191],[-76.88463657423405,38.78808651970068],[-76.88455868903507,38.78672325848388],[-76.88658449979043,38.787378138491135],[-76.88936090237225,38.7901770343074],[-76.89274018966083,38.79070583625897],[-76.89384328472113,38.78986514881876],[-76.89266215024756,38.78934257981697],[-76.89224780825604,38.787588937736096],[-76.89418762811948,38.78856798342624],[-76.89453195927378,38.78727081723086],[-76.8957991498424,38.78746907578045],[-76.89629965221663,38.78889841305133],[-76.89849776138414,38.78890451222025],[-76.89917835835847,38.78799770184187],[-76.90018740253899,38.789168799978405],[-76.90973870052143,38.78964906385142],[-76.90754056799463,38.78964316429231],[-76.90693836561297,38.791913268411164],[-76.90626556834624,38.79113257371089],[-76.90482620606564,38.79158302021299],[-76.90446647479263,38.796255312291656],[-76.90319910805596,38.79605714230927],[-76.9025967176276,38.79832722667075],[-76.90529586459648,38.79976251636739],[-76.903011369392,38.80008083586534],[-76.90376247208357,38.80222479987703],[-76.90215074434445,38.80332381271921],[-76.90179862852472,38.80630855202909],[-76.90618815443416,38.808008066555395]],[[-76.85787032655614,38.797742590538604],[-76.85837900443627,38.79748453655877],[-76.85795658275505,38.797418324066875],[-76.85787032655614,38.797742590538604]],[[-76.86848283066435,38.78927220225971],[-76.86797424578127,38.78953029755509],[-76.86839663088081,38.78959647581617],[-76.86848283066435,38.78927220225971]],[[-76.87713866546724,38.799747899856115],[-76.87663003817607,38.800006030967744],[-76.87705249178275,38.80007217975818],[-76.87713866546724,38.799747899856115]],[[-76.89996797353504,38.79994267997357],[-76.90030437729658,38.80033304521094],[-76.90039044792441,38.80000874912608],[-76.89996797353504,38.79994267997357]],[[-76.90213507144243,38.8066989125324],[-76.90162648415772,38.80695714650243],[-76.9020490006768,38.807023210040114],[-76.90213507144243,38.8066989125324]],[[-76.85710034788336,38.815524646706244],[-76.8578591223797,38.81598134336819],[-76.8585404772441,38.81507475414775],[-76.85778170791306,38.814618061702525],[-76.85710034788336,38.815524646706244]],[[-76.86357694877213,38.80606816733522],[-76.86493061697274,38.805942471523835],[-76.86349943796333,38.80470489058343],[-76.86357694877213,38.80606816733522]],[[-76.86493061697274,38.805942471523835],[-76.86543932705686,38.80568438833122],[-76.86501685148147,38.805618199877955],[-76.86493061697274,38.805942471523835]],[[-76.8891853136408,38.80906435295456],[-76.89275381407732,38.80556947925548],[-76.89157243311705,38.80504689907851],[-76.89133025691885,38.80264467106298],[-76.8884508758538,38.80354520099212],[-76.88513247720492,38.8077546422388],[-76.8857190560485,38.808859739229064],[-76.8891853136408,38.80906435295456]],[[-76.90086752958288,38.80650071848266],[-76.9001085845062,38.80604428583111],[-76.90002250550337,38.80636858190927],[-76.90086752958288,38.80650071848266]],[[-76.89808213394423,38.805389626004406],[-76.90020254416157,38.80403243994255],[-76.9000461608214,38.80130593316712],[-76.89742519826994,38.80123378364569],[-76.89733116561976,38.80324562688056],[-76.8963140015924,38.803762053098545],[-76.89352877989135,38.80265085847998],[-76.8958835280397,38.80538351944102],[-76.89698680883514,38.804542802818],[-76.89808213394423,38.805389626004406]],[[-76.87066382293527,38.79265388652301],[-76.86844837420217,38.79602238498444],[-76.86760353026533,38.795890027294874],[-76.86804320040517,38.7925811150469],[-76.86677599652785,38.79238257226791],[-76.86459519257177,38.78900081959589],[-76.86256078400903,38.79003312435865],[-76.86255203341989,38.79172066934628],[-76.86584498313123,38.79257447507988],[-76.86581895715139,38.79763711273737],[-76.87055193116413,38.798040800538836],[-76.87066382293527,38.79265388652301]],[[-76.8622933440085,38.792693477693916],[-76.8619571788853,38.79230300948551],[-76.8618709465158,38.79262727858826],[-76.8622933440085,38.792693477693916]]],[[[-76.85072644474994,38.82128143506814],[-76.84665537637007,38.823345561837435],[-76.84556952637338,38.82081073346858],[-76.84616474428573,38.82022847046456],[-76.84819114083169,38.82088398089425],[-76.85073547252546,38.81959388606813],[-76.84996765977844,38.82082469445623],[-76.85072644474994,38.82128143506814]]],[[[-76.8410295220663,38.83124616752122],[-76.84437906203472,38.821975250997895],[-76.84606927301672,38.82224027827026],[-76.84324730745809,38.82787814807751],[-76.8440061237305,38.82833493019798],[-76.84612820726028,38.82697866731564],[-76.84552378479533,38.82924848055682],[-76.84832745980935,38.82698565741642],[-76.84882730283839,38.828415192000605],[-76.85018141129132,38.828289657163744],[-76.85019045254752,38.826602106983266],[-76.85170815502097,38.82751558139318],[-76.85272596616653,38.82699952045846],[-76.85264863596663,38.82563623405058],[-76.8555293312217,38.82473653481918],[-76.85442526705893,38.82557688363829],[-76.85492521996993,38.82700639339964],[-76.85339852105162,38.827780508786624],[-76.85338955389277,38.82946805940801],[-76.85034502597195,38.829328683287876],[-76.85152650476041,38.82985165807778],[-76.85084492461576,38.830758210079765],[-76.84653253792969,38.83042002064225],[-76.84341082241167,38.82891718331438],[-76.84204746085436,38.83073019414565],[-76.84407411223235,38.831385772659054],[-76.84381503558083,38.832358546211296],[-76.84212459825105,38.832093487891655],[-76.8410295220663,38.83124616752122]]],[[[-76.89749280511091,38.840762155391744],[-76.897570989891,38.84212541583897],[-76.89553556593661,38.84315826800992],[-76.89519098867918,38.84445544429326],[-76.89923813799439,38.847452387735174],[-76.89737487071606,38.84783667677238],[-76.89711644688389,38.84880956339551],[-76.90024012088973,38.850311050046614],[-76.89331168635698,38.848214785552656],[-76.89365631482248,38.84691761396055],[-76.89247425734673,38.84639504014844],[-76.89059476492358,38.85015434099762],[-76.88974925344762,38.85002213370935],[-76.8894907200982,38.85099500465866],[-76.89067283077584,38.85151760720535],[-76.8857638820576,38.85176326180851],[-76.88492660069974,38.84994346467169],[-76.88205357872683,38.84915629356506],[-76.88103566589078,38.84967259672417],[-76.8806212606863,38.847918904998714],[-76.8831825215115,38.84325302894478],[-76.88580498054478,38.84332548027823],[-76.88690075843924,38.844172405771864],[-76.88759019301678,38.8415780986393],[-76.88632208431497,38.84137975497351],[-76.88733984393157,38.84086340885069],[-76.8876927185252,38.83787870011257],[-76.88693352931361,38.8374221852379],[-76.8893135648191,38.83509231721173],[-76.88559576050137,38.83417301371388],[-76.8840692372259,38.834947507722084],[-76.88119681538805,38.834160318024765],[-76.8800929043926,38.83500089646618],[-76.88078249446862,38.83240662979114],[-76.87495176421264,38.83115631129351],[-76.87367537307505,38.8326453910866],[-76.8743397214241,38.8351138191977],[-76.87578013129601,38.83466372523962],[-76.87551300993464,38.83732411897831],[-76.87331344301933,38.837317611614715],[-76.87338266625626,38.840368440759406],[-76.87211461726034,38.84016995167832],[-76.87161423706904,38.838740509335786],[-76.86992355077894,38.83847583025343],[-76.87136405433098,38.83802578748916],[-76.8706135355456,38.83588161924702],[-76.87113099190037,38.83393595894253],[-76.87239892980412,38.83413445796053],[-76.87257992202892,38.831798349665966],[-76.87189858545723,38.83270501769054],[-76.87088939319699,38.83153368396138],[-76.86835362296057,38.83113664215493],[-76.86436877301962,38.83287707837663],[-76.86599039935055,38.83009100224275],[-76.86235941798816,38.82884672865143],[-76.87073404691962,38.828807132730674],[-76.87478779481215,38.83011731751126],[-76.87648673789472,38.82869437756204],[-76.87918649490526,38.830130240815855],[-76.88021249465992,38.827926401420726],[-76.87827181546034,38.826947132948376],[-76.8795480129997,38.82545800667939],[-76.8766760137563,38.8246707129231],[-76.87685684548214,38.822334600691924],[-76.87491636014833,38.821355280206326],[-76.87517498284394,38.82038244276366],[-76.87711544576493,38.8213617590995],[-76.87771881959463,38.81909179366032],[-76.87974546805715,38.819746787649876],[-76.88093533121831,38.81858193049434],[-76.88346246318996,38.82066626537518],[-76.88065178581759,38.824617433937235],[-76.88361000072413,38.825080350265594],[-76.88166103916645,38.825788687268414],[-76.88123010976813,38.827410106236236],[-76.88079082803006,38.83071907673527],[-76.88248137390407,38.83098360727077],[-76.88264545487826,38.83202259095908],[-76.88644928347783,38.8326176953484],[-76.88781157617817,38.8308041955942],[-76.88780340509327,38.83249174913299],[-76.88974435986555,38.83347086881317],[-76.90387251758872,38.833315393921815],[-76.90489781602173,38.83111134936536],[-76.90380982597725,38.82857703009485],[-76.90186881262503,38.827598131343706],[-76.90263582056839,38.82636700048779],[-76.90196275148968,38.82558627975592],[-76.90018615907212,38.82564631210359],[-76.89926271431273,38.82415091369638],[-76.89630443778053,38.823688371303035],[-76.89477824772014,38.824462996434356],[-76.89106091641025,38.8235438579956],[-76.89343232736738,38.82290146628393],[-76.89369070853958,38.82192859003759],[-76.89106901111262,38.821856305816176],[-76.89192227321192,38.82030095173421],[-76.89014580129587,38.82036084001869],[-76.89031807940401,38.81971226064394],[-76.89175808644913,38.819261981603404],[-76.8909990655876,38.81880549253514],[-76.89168003483738,38.81789872076519],[-76.89337032301665,38.81816310232044],[-76.89354256725738,38.81751451860509],[-76.89683704423311,38.81836750203506],[-76.89437969129673,38.81933425121899],[-76.8958036965446,38.822259029206364],[-76.89783059541783,38.82291372742599],[-76.89775242638157,38.82155046990978],[-76.89834723360643,38.82096795613836],[-76.90103927105959,38.8240908946051],[-76.90450629555386,38.8242950797483],[-76.90356716850968,38.826174820350786],[-76.90524992475379,38.82812659376071],[-76.90666680315768,38.83273880418758],[-76.91317904707317,38.833080738387956],[-76.91580869311188,38.83146499918929],[-76.91699067574972,38.83198734949241],[-76.92402625346116,38.8286953052069],[-76.92589618035458,38.826623060959285],[-76.92826015009696,38.82766755724563],[-76.92629699336607,38.831751708335325],[-76.92798772806952,38.83201561774083],[-76.92806647361404,38.83337885759105],[-76.93398425308196,38.834302355182615],[-76.93524529469782,38.836187767870975],[-76.93338250519099,38.836572597974204],[-76.93152685580928,38.835269843033444],[-76.93093219702645,38.83585251700432],[-76.92612500685199,38.83240033852717],[-76.92443426997035,38.83213640368366],[-76.92409025892732,38.83343365875256],[-76.9206227451266,38.8332300216639],[-76.91858789607723,38.834263251587096],[-76.91503431289303,38.83438376787709],[-76.91757044992661,38.834779854055064],[-76.91764900368518,38.83614310092087],[-76.91585712219793,38.83957847123155],[-76.91592812785616,38.84262927704125],[-76.9172748942062,38.84419056593224],[-76.91524722922325,38.843536184484236],[-76.91490300091532,38.844833415623626],[-76.91101222762634,38.84456348931066],[-76.91440174982303,38.84340414554481],[-76.91483958252441,38.84009505156203],[-76.91315629334916,38.83814340597647],[-76.91510527906378,38.837434572450825],[-76.91486221998053,38.83503238260646],[-76.90572762305757,38.83461856283758],[-76.9034420376457,38.83493689141443],[-76.90276105554976,38.83584372946521],[-76.90022496199647,38.83544734001813],[-76.89987261220178,38.838432083651114],[-76.89749280511091,38.840762155391744]],[[-76.89751664723522,38.83569948932735],[-76.89387681783771,38.83614369389147],[-76.8901589023778,38.8352245272588],[-76.89056535698002,38.83866573947579],[-76.88887460365805,38.8384013190641],[-76.88827141736174,38.840671343446544],[-76.88944521766642,38.84288151256085],[-76.88859979262006,38.84274929753348],[-76.88723729631975,38.84456280828447],[-76.88910053335357,38.84417867186125],[-76.8931554659543,38.845488257620204],[-76.89298315217717,38.84613684271395],[-76.89433751361021,38.84601082488017],[-76.89375854003039,38.84321820826818],[-76.89800957878784,38.838816381854286],[-76.8982758847667,38.83615593925022],[-76.89954393512163,38.83635416043077],[-76.89751664723522,38.83569948932735]],[[-76.87308878542218,38.83154023436765],[-76.87275238340015,38.831149793969495],[-76.87266615309802,38.831474071842216],[-76.87308878542218,38.83154023436765]],[[-76.87914215189122,38.82201676311494],[-76.87931453177112,38.821368198942515],[-76.87897814334008,38.82097777586734],[-76.87914215189122,38.82201676311494]]],[[[-76.85394000724745,38.83732351560125],[-76.85023157675764,38.8347155985644],[-76.84676420936407,38.834509893807336],[-76.84506455080758,38.83593242684269],[-76.84279708656815,38.8328745342027],[-76.84423764683352,38.832424807187444],[-76.84500567844678,38.831194032845474],[-76.84720505802731,38.83120104288151],[-76.8463507146177,38.832756090445535],[-76.84710960109473,38.83321285378603],[-76.85488055717529,38.835444149365216],[-76.85386264339851,38.83596022846605],[-76.85394000724745,38.83732351560125]]],[[[-76.83558661758092,38.851674185601894],[-76.83989092817865,38.85370031097347],[-76.83575007671854,38.85271323362744],[-76.83515451037135,38.85329544859748],[-76.83558661758092,38.851674185601894]]],[[[-76.8335799059521,38.8625070955794],[-76.83492527509834,38.86406928265549],[-76.8347523992423,38.864717787992284],[-76.83348403192605,38.86451890293312],[-76.83364748989597,38.86555795525472],[-76.83204277097208,38.864968506470774],[-76.83316656961726,38.860753242789166],[-76.83401210279591,38.86088583637953],[-76.8335799059521,38.8625070955794]]],[[[-76.85808877711617,38.90114013950507],[-76.85555957961883,38.89905526767626],[-76.85590512076814,38.89775819338732],[-76.85336712713574,38.89736084173419],[-76.85362630739951,38.8963880408796],[-76.85177056132288,38.89508408247351],[-76.85043330199437,38.89183450967912],[-76.84924175487208,38.892999083346524],[-76.84679038157768,38.8922773334488],[-76.84635828287249,38.893898643310585],[-76.84931002297225,38.89604994565207],[-76.85137984846827,38.90481896760514],[-76.8528991955188,38.90573243574842],[-76.852553563017,38.90702950298014],[-76.85043831244428,38.906698322635094],[-76.85007452386853,38.911370516040066],[-76.85124830437631,38.913581065653815],[-76.85065236421235,38.91416335943558],[-76.85243115633487,38.91410403702747],[-76.8519900432925,38.917412939189475],[-76.85317296281028,38.91793590375155],[-76.85291369980922,38.9189087063721],[-76.85096192890168,38.91961656811399],[-76.85035688825177,38.92188642996912],[-76.8489236784547,38.920648663990406],[-76.84494264099307,38.92070092492571],[-76.84356839291607,38.924201541492515],[-76.84070216168286,38.921725835503494],[-76.84164414321697,38.919846550713046],[-76.8456342945326,38.91810682751042],[-76.8465761019975,38.916227506162684],[-76.84724941489536,38.917008536125124],[-76.85072071123956,38.917214229271856],[-76.84818206791358,38.916816770472465],[-76.84938309244079,38.91396463591051],[-76.84735409552698,38.913309137841914],[-76.84761341284928,38.91233634756572],[-76.84701745381074,38.912918623782176],[-76.84574821364879,38.91271986308158],[-76.84558447722057,38.91168082067956],[-76.84380573870575,38.911740044849864],[-76.84303683748601,38.912970823474815],[-76.84074851990711,38.91328799810353],[-76.84177685395785,38.91108445570946],[-76.84017106625134,38.910495108890096],[-76.84296881627827,38.90991995111347],[-76.8431509406628,38.90758386506145],[-76.84746787995277,38.90792217522372],[-76.84857327248436,38.90708188036472],[-76.84874612583522,38.906433352386344],[-76.84629430535432,38.90571159145286],[-76.8488416335198,38.904421522947196],[-76.84944657632713,38.90215167367259],[-76.84742702222135,38.89980861336838],[-76.84598514915324,38.90025838100058],[-76.8470995641846,38.89773053637665],[-76.84575331237497,38.896168475139575],[-76.8433018669996,38.895446655969344],[-76.84151427241959,38.897193410197296],[-76.84354276794458,38.89784900246761],[-76.84319700625971,38.89914604230255],[-76.83818889606545,38.901401637051336],[-76.83775655180001,38.90302291879197],[-76.8398716379781,38.9033543153381],[-76.83969871292639,38.90400283068415],[-76.8370741156641,38.903929402743024],[-76.83579567517233,38.90541810475247],[-76.8341900607696,38.90482868090658],[-76.83520907624967,38.90431275930026],[-76.83530495500798,38.9023009408574],[-76.83725641410297,38.90159332715759],[-76.83752516818808,38.89893299612309],[-76.83625619759599,38.89873413861753],[-76.83617909945595,38.89737083068238],[-76.83923574739549,38.895822993268084],[-76.84075475455359,38.896736609181254],[-76.84076402265904,38.895049046411685],[-76.84297454623066,38.89336856922551],[-76.84357958004924,38.8910987517531],[-76.83994594117225,38.889853812450404],[-76.84037815857685,38.888232525758866],[-76.83750410844232,38.887444318084675],[-76.83818638482853,38.88653783364349],[-76.8360717944689,38.88620640904989],[-76.83557180525422,38.884776813628015],[-76.83261147233762,38.88431274675416],[-76.8326884899089,38.88567605469267],[-76.83175619472861,38.88586770305092],[-76.83135225425144,38.88242627989428],[-76.83050647596174,38.88229366781498],[-76.83118879117109,38.881387222464426],[-76.83051597956967,38.88060610883152],[-76.82780574591514,38.88085673513662],[-76.82918946744742,38.87566875473334],[-76.83087137398365,38.877621548947666],[-76.83264929019172,38.87756251058712],[-76.8332639534394,38.87360519013174],[-76.83529171815252,38.87426091550978],[-76.83699246138603,38.87283851043203],[-76.83877025594182,38.87277938429562],[-76.84022090743854,38.8706421443911],[-76.84208505882415,38.87025871403627],[-76.84243070324956,38.86896168187579],[-76.84233506506008,38.870973497583236],[-76.84343075338053,38.87182081017247],[-76.84429480002511,38.86857821835553],[-76.84684086571838,38.86728819682849],[-76.84657256838283,38.86994853776074],[-76.84843666860453,38.86956501189126],[-76.84902318845867,38.870670290019405],[-76.85367445040845,38.87139888907433],[-76.85400197761126,38.87347694198898],[-76.85171494789087,38.87379431742233],[-76.84958254391955,38.876838242412134],[-76.84721810763362,38.87579223897234],[-76.84526743620548,38.876500007220585],[-76.84440333890952,38.8797426088741],[-76.84205735445333,38.87532138835472],[-76.84368077817403,38.87253559113635],[-76.84114372961305,38.87213799045501],[-76.83706954878804,38.87420181376119],[-76.83409079648766,38.87711289932561],[-76.83459070406283,38.87854249939264],[-76.83552289807061,38.878350829885214],[-76.83491771914024,38.88062060447732],[-76.84243407967831,38.88382545320545],[-76.8438664549352,38.885063288356164],[-76.84478036080917,38.88824667115286],[-76.84749081090975,38.88799567343368],[-76.84901883430305,38.88722162556449],[-76.8491143092759,38.88520980077553],[-76.8500465503664,38.88501802187473],[-76.84921884954805,38.881510415838285],[-76.84990092463777,38.8806038675781],[-76.8511696167214,38.88080258496852],[-76.85093755086676,38.8767126986313],[-76.85238792380873,38.87457531531812],[-76.85399301880383,38.87516450127682],[-76.85382924920302,38.87412547464359],[-76.85618481803606,38.87685891152913],[-76.85203342550147,38.87755993573508],[-76.85202442060329,38.879247495704476],[-76.85287020267384,38.879379960894326],[-76.85210179601879,38.880610790712375],[-76.85328411890379,38.88113375177018],[-76.8523519360283,38.881325554930974],[-76.85208378821812,38.88398591224989],[-76.85724521982394,38.884456345821526],[-76.85996430779569,38.882517514103554],[-76.8604823796664,38.8805718879608],[-76.85846306879637,38.878229013717124],[-76.8588948052709,38.87660766478491],[-76.85728963885883,38.87601854221115],[-76.85746234095858,38.875370004587744],[-76.85864461728171,38.87589291417875],[-76.85890365074422,38.874920104854674],[-76.85772138834469,38.874397197795474],[-76.85866231923212,38.872517794979984],[-76.85359705535473,38.87003559654677],[-76.85436532525857,38.86880475900919],[-76.85572017460461,38.86867916305709],[-76.85632460651722,38.86640929016282],[-76.85463333393471,38.86614440157024],[-76.85220080911145,38.862047646516494],[-76.85034596284727,38.86074367216567],[-76.85178702733224,38.860293855968045],[-76.85371927486248,38.86296109983814],[-76.85574692742135,38.863616489686756],[-76.85658363724039,38.86543648677533],[-76.8589567149823,38.86479475233443],[-76.86041542437896,38.860969720899604],[-76.86194274393806,38.86019551620089],[-76.86170136101617,38.8577932163661],[-76.85900092391941,38.85635696764844],[-76.86204659727701,38.856496131387765],[-76.86315978628319,38.85396815568462],[-76.86207290625806,38.85143346372564],[-76.85962280368247,38.85071197113485],[-76.85843207554413,38.85187662747184],[-76.85826829499058,38.85083760949897],[-76.85293655549022,38.851015750111465],[-76.84914110901916,38.84873206121576],[-76.85590457739636,38.84979177492229],[-76.85709531186058,38.84862714314831],[-76.85625878219126,38.84680715298078],[-76.85760434754226,38.84836909100105],[-76.85971793820303,38.848700146783706],[-76.86074478781916,38.84649646430255],[-76.86081349377395,38.84954730350512],[-76.86190907480774,38.85039445061796],[-76.8635224497641,38.84929595635211],[-76.86498060949596,38.845470877872536],[-76.86555849853849,38.84826362955052],[-76.86283208567669,38.85189013165841],[-76.86434175635773,38.85449100962544],[-76.86280582925916,38.85695279974211],[-76.86483339637115,38.857608040446415],[-76.8632198571891,38.85870655281158],[-76.86379778370588,38.86149931685906],[-76.86193397061591,38.86188307343671],[-76.85766166200021,38.86965878940078],[-76.85816198080221,38.871088293079815],[-76.8601123821332,38.870380322337226],[-76.85925785484544,38.87193546573279],[-76.86026741963299,38.87310689952968],[-76.86331379543279,38.87324603239785],[-76.8638317119727,38.871300394416934],[-76.8650139679736,38.8718232429919],[-76.86840548937504,38.87066515433728],[-76.86841411390446,38.868977594925084],[-76.8689146389344,38.870407055068654],[-76.87086491756493,38.86969891515445],[-76.86994151630415,38.868203290914465],[-76.87179690298657,38.869506973024585],[-76.87298770558321,38.86834218589563],[-76.87366085910213,38.869123067750316],[-76.87637049838659,38.868871439104964],[-76.87713837139276,38.867640460584006],[-76.88002042445885,38.86674018756411],[-76.87909687281036,38.8652446320706],[-76.88138351491233,38.864926751653385],[-76.88224579132908,38.86168389808296],[-76.872797066544,38.855814557558254],[-76.87280558764884,38.854127000730394],[-76.87162356277234,38.85360422755845],[-76.87349561799222,38.8515327692134],[-76.87357336553927,38.852896046383904],[-76.87484163988216,38.853094520809535],[-76.8736511159944,38.85425932371428],[-76.87491941426835,38.85445779737432],[-76.87541996716712,38.85588722884707],[-76.87643800656106,38.8553709714696],[-76.87693859551048,38.856800396954505],[-76.87955317072014,38.85856053838889],[-76.8813305823278,38.85850080180392],[-76.88371148516066,38.856171036013656],[-76.88422873593545,38.85422531667471],[-76.88659300356045,38.855270611312456],[-76.88938826739088,38.85469441001956],[-76.88862073763703,38.85592546260514],[-76.88497984408217,38.8563694067288],[-76.88208995599214,38.85895735208404],[-76.88317764428805,38.86149187054077],[-76.88953623265989,38.85910850409055],[-76.89156409994531,38.85976330749802],[-76.89393668483997,38.85912090361229],[-76.89130555626771,38.86073618330572],[-76.88961428830413,38.860471772344845],[-76.88385084370724,38.86227269641607],[-76.88136686702799,38.86830187098419],[-76.87865726617188,38.86855360886347],[-76.87474840597064,38.871657663184436],[-76.87322949547722,38.8707444666609],[-76.86907861525165,38.87144606129589],[-76.86780139845256,38.87293508727618],[-76.86568706820476,38.872604168478944],[-76.86381424973428,38.87467551386121],[-76.8615272251417,38.87499307041875],[-76.86294224727334,38.87960580488204],[-76.86607521700887,38.87942059710942],[-76.86539335422596,38.88032723423845],[-76.86750790723026,38.880658158350826],[-76.86878526539155,38.879169134020046],[-76.86988138446047,38.880016213541175],[-76.87140900264585,38.879241890427615],[-76.87115868286921,38.878527164864536],[-76.87369611750883,38.87892415134928],[-76.87165932733292,38.8799566155467],[-76.87190965693058,38.8806713402218],[-76.87021799669392,38.8804066638959],[-76.86809480564229,38.88176334765616],[-76.86420223437834,38.88149195004834],[-76.86249305728036,38.88460229178051],[-76.8659628527545,38.8848075573676],[-76.86993332293825,38.88644218460607],[-76.87019224318539,38.8854693504523],[-76.87197031886511,38.885409747957915],[-76.8712021712837,38.886640697073986],[-76.87229843085169,38.88748775598989],[-76.87009734986925,38.887481191491915],[-76.86992473152851,38.888129747669886],[-76.86882848989735,38.88728266769363],[-76.86611813988534,38.88753413197342],[-76.86595416957802,38.88649511981594],[-76.8599466637257,38.88589263755576],[-76.85756402985535,38.88822195477743],[-76.85341200315237,38.88892302614121],[-76.85162481102503,38.89066992472723],[-76.85255711537025,38.89047812681509],[-76.85297108711474,38.89223192112272],[-76.85727827727182,38.89425745217495],[-76.85668254336836,38.89483977349217],[-76.85423103443163,38.89411817057461],[-76.85354888669997,38.895024744173064],[-76.85557743011944,38.89568013933614],[-76.8593666869315,38.89965120847536],[-76.86266447807256,38.90050510902787],[-76.86605737210735,38.89934708058537],[-76.86631638997838,38.8983742529637],[-76.86741276930464,38.899221356330166],[-76.87088327493075,38.89942648455689],[-76.87062431430512,38.90039932184913],[-76.86613503148513,38.90071037021277],[-76.86587600288587,38.90168319774425],[-76.86384719966055,38.90102797060993],[-76.86147298466972,38.901669801529366],[-76.86121389040014,38.902642619438],[-76.85808877711617,38.90114013950507]],[[-76.84299996402159,38.91972109303884],[-76.84333661563889,38.92011161835693],[-76.84342308147686,38.919787357487195],[-76.84299996402159,38.91972109303884]],[[-76.84719033486576,38.91227009748044],[-76.84685369882975,38.911879583029226],[-76.84676725765186,38.9122038459521],[-76.84719033486576,38.91227009748044]],[[-76.84037815857685,38.888232525758866],[-76.8408875301568,38.88797454110777],[-76.84046459974957,38.88790826827863],[-76.84037815857685,38.888232525758866]],[[-76.85572017460461,38.86867916305709],[-76.856056658604,38.86906965134168],[-76.85614300729073,38.86874538367968],[-76.85572017460461,38.86867916305709]],[[-76.8593578491817,38.90133877358582],[-76.85986724517844,38.90108071052034],[-76.8594442214232,38.90101450234332],[-76.8593578491817,38.90133877358582]],[[-76.84787272324496,38.911363556871166],[-76.84736321284221,38.91162157099271],[-76.84778628721601,38.911687820482534],[-76.84787272324496,38.911363556871166]],[[-76.847449650676,38.91129730767906],[-76.847199455845,38.91058253087266],[-76.8466035078469,38.91116480496597],[-76.847449650676,38.91129730767906]],[[-76.84595360815713,38.89045726437299],[-76.84560792447027,38.891754309729144],[-76.8464538400615,38.89188681890906],[-76.84704963156992,38.891304546966126],[-76.84595360815713,38.89045726437299]],[[-76.82984318239254,38.87982499162005],[-76.82933382868217,38.88008293062717],[-76.82975670354531,38.880149241371264],[-76.82984318239254,38.87982499162005]],[[-76.82942030933236,38.87975868117358],[-76.82908391872537,38.879368120081324],[-76.82899743704183,38.87969236928481],[-76.82942030933236,38.87975868117358]],[[-76.86319249016442,38.88032054713055],[-76.86370172565138,38.88006246898297],[-76.86327882042853,38.879996274062805],[-76.86319249016442,38.88032054713055]]],[[[-76.82797957893332,38.90993584967702],[-76.82113410531763,38.9075112846006],[-76.82172051640718,38.908616697091524],[-76.82036486567968,38.908741921921205],[-76.82322076069029,38.89804183335796],[-76.82660457060126,38.89857244695419],[-76.82903687550919,38.902669722528366],[-76.82818130606688,38.904224657732414],[-76.83038288898858,38.90423196656971],[-76.83020036351193,38.90656803283307],[-76.83180598396946,38.907157508479095],[-76.83154647398058,38.9081302650261],[-76.82874870252714,38.90870516492647],[-76.82797957893332,38.90993584967702]]],[[[-76.82075869938623,38.91387095724576],[-76.825248986688,38.91356155152513],[-76.82644125377328,38.912397205456465],[-76.82720084516671,38.91285409508245],[-76.82516244733226,38.913885799449396],[-76.82608550813502,38.9153817657066],[-76.82363361105995,38.91465955582514],[-76.81837389716446,38.91619952925963],[-76.81880675108948,38.91457831237187],[-76.82049901793481,38.914843691515664],[-76.82075869938623,38.91387095724576]]],[[[-76.84599746396496,38.94484995690156],[-76.84438170706511,38.945948236164156],[-76.84319839555904,38.94542518573052],[-76.84379465123072,38.94484292529264],[-76.84599746396496,38.94484995690156]]],[[[-76.82637443394688,38.98366586807655],[-76.82509437362347,38.98515447648339],[-76.82635520726036,38.987041033652616],[-76.83270769468469,38.98803571023687],[-76.83185119989305,38.98959068956344],[-76.82905984998179,38.988478018949294],[-76.82795299552983,38.98931814953846],[-76.82751990076592,38.99093941575562],[-76.82887707068384,38.990814111216146],[-76.82980118383723,38.992310066362506],[-76.82835736867476,38.99275963486689],[-76.8300514887824,38.9930248866399],[-76.8286847190846,38.9948377892955],[-76.82520978157538,38.99463147691027],[-76.82477659405176,38.99625273490146],[-76.82265887593914,38.99592107641625],[-76.82300546367497,38.994624076091235],[-76.82096471535118,38.995655723628516],[-76.82055092668739,38.993901797022886],[-76.81860662374488,38.992921572636035],[-76.81707605696499,38.993695256973616],[-76.8152283567559,38.990703150061115],[-76.8147949702083,38.99232437221407],[-76.81394794458694,38.9921916451218],[-76.81443835599502,38.99530893338301],[-76.81315784660453,38.99679742136758],[-76.81271444590354,39.00010622321948],[-76.81009640152855,38.998344637828765],[-76.8107900356323,38.99575070565753],[-76.8083255488799,38.996715769047036],[-76.80720827037824,38.99924330050457],[-76.80517727529767,38.99858710425539],[-76.80562100951954,38.99527833012815],[-76.80452390236579,38.99443066891236],[-76.80563110510182,38.993590746605484],[-76.80766196480144,38.99424693491465],[-76.80800881189879,38.99294997681825],[-76.80970286221773,38.99321550631168],[-76.80920265577878,38.99178578325742],[-76.81115676873513,38.991078571459155],[-76.81125342686927,38.98906674693543],[-76.8138042943357,38.987777383197106],[-76.81143676758671,38.98673068129307],[-76.81066652642961,38.98796127229175],[-76.80905929420864,38.98737151612498],[-76.80941609014857,38.98438697409481],[-76.80747219144897,38.983406576753865],[-76.81044637770918,38.98218366940825],[-76.81374733474753,38.98303888102023],[-76.81231354334908,38.981800681162966],[-76.81232348185775,38.98011310061867],[-76.81428714368025,38.977718260878106],[-76.8183481698581,38.97903031789333],[-76.82233241728335,38.97897891024931],[-76.82429571911355,38.97658391257053],[-76.8226117019047,38.97463100296153],[-76.8229581890908,38.97333400701324],[-76.82024447616236,38.973584471160194],[-76.82228461579864,38.972552838965164],[-76.82263109891998,38.971255844334536],[-76.81534679198084,38.970452181748875],[-76.81392312102957,38.96752642525097],[-76.81222965323875,38.96726095439655],[-76.8129996489051,38.96603035755323],[-76.81579974826217,38.965455808444084],[-76.82316048597114,38.96762277281934],[-76.82452688221068,38.965809938511875],[-76.82377642566152,38.96366545184497],[-76.82215991582233,38.96476344462184],[-76.81979301749818,38.96371690574263],[-76.82183288695737,38.96268528248381],[-76.81896587970255,38.96020906081049],[-76.81888904028514,38.95884573073634],[-76.81685906706699,38.95818972962957],[-76.81626248663194,38.95877186168774],[-76.81686889697278,38.95650215465383],[-76.81873537008495,38.95611907125638],[-76.81908183822327,38.95482208967233],[-76.81909161614603,38.953134515342654],[-76.81646526835135,38.95306065064575],[-76.81867811430153,38.9513805936974],[-76.81708144877553,38.94910337129641],[-76.81881364641391,38.94261848570417],[-76.81647702632912,38.93650917468276],[-76.8145244295559,38.93721646456423],[-76.8127251958236,38.940650383825144],[-76.81196540528879,38.9401934038054],[-76.81386117753623,38.934747685281046],[-76.81801619769749,38.93404793456079],[-76.81878574436308,38.9328173076507],[-76.8178626125118,38.93132128355076],[-76.81880530756963,38.92944216986867],[-76.81831515279346,38.92632492888564],[-76.81721893668175,38.925477388411714],[-76.81739211290733,38.92482890260574],[-76.81866148666812,38.925027953878825],[-76.81909438666416,38.92340673407926],[-76.81766167836352,38.92216860660603],[-76.8187676309824,38.92132857594814],[-76.81716180365152,38.92073893035844],[-76.81768129080136,38.918793473860056],[-76.81912370554778,38.918344034352245],[-76.82039297101575,38.91854306772899],[-76.81979674358693,38.91912521356653],[-76.82096973000009,38.92133605196208],[-76.82215249042694,38.921859312688845],[-76.82241217480897,38.92088657405083],[-76.82368149357478,38.921085573834745],[-76.8235180531646,38.92004650117188],[-76.8259797441951,38.919081146954795],[-76.82876838726814,38.920193875733084],[-76.8289414480917,38.919545374263734],[-76.83012423670765,38.920068558831474],[-76.83097995079187,38.91851360700067],[-76.83309545599906,38.91884511982271],[-76.83123001368206,38.919228417272244],[-76.83155711555314,38.921306541963915],[-76.8301147188726,38.9217561262714],[-76.82859532336256,38.92084237701695],[-76.82554702318451,38.92070238984572],[-76.82452770993895,38.921218233142255],[-76.82460461521175,38.922581552546355],[-76.82248904012894,38.92224989470604],[-76.82222935191226,38.923222633682734],[-76.82313311035341,38.92809375992729],[-76.82940340810688,38.92772527545166],[-76.83101898656263,38.92662719406945],[-76.83220190512763,38.92715035931846],[-76.82914379272694,38.92869802962449],[-76.82567201001393,38.928491732133324],[-76.82541234205647,38.92946447859572],[-76.82743201023108,38.93180790663408],[-76.8287880782206,38.93168260414603],[-76.83377025910134,38.93449009084741],[-76.83393387823243,38.93552915202993],[-76.83699217570874,38.933981362160516],[-76.83580911175646,38.93345824211433],[-76.8379437494978,38.930414532034625],[-76.84039631895992,38.931136460463726],[-76.84319486026136,38.93056129601034],[-76.84225278013987,38.93244059530389],[-76.84106970342971,38.93191752554793],[-76.83944485587543,38.93470330975934],[-76.83757904071207,38.935086703545515],[-76.83731950830861,38.93605947581093],[-76.83926254475301,38.93703939886013],[-76.83908953427559,38.9376879162733],[-76.83663675709624,38.936965961349],[-76.8362906866338,38.9382629886535],[-76.83898439866886,38.94138731980074],[-76.83897508341502,38.94307489284213],[-76.8410913386865,38.94340627037319],[-76.8421973435479,38.9425660283384],[-76.8419378461889,38.94353881128081],[-76.84388114440043,38.94451866300305],[-76.84108207201209,38.945093844051655],[-76.84022626127765,38.94664887126014],[-76.84276590141609,38.94704649455155],[-76.84387194225165,38.94620623715423],[-76.8459018246476,38.946861795139654],[-76.84555587221165,38.94815885009132],[-76.84216037725281,38.949316324994484],[-76.84205538090701,38.95301573720302],[-76.8434891111658,38.95425358811803],[-76.84687568168748,38.95478365246374],[-76.85087666379276,38.95135617616736],[-76.85111799973481,38.9537585260438],[-76.8474628644725,38.955888950323825],[-76.85194661358074,38.95726615314024],[-76.85126384562133,38.958172721911026],[-76.84999380478725,38.95797400343091],[-76.84998474265412,38.95966158128961],[-76.84862818993993,38.95978711602748],[-76.84828222465461,38.961084180996856],[-76.85199702378422,38.96369219809605],[-76.85690473272379,38.965135457477814],[-76.85426895002712,38.966749973068744],[-76.85392305217026,38.968047055093805],[-76.85561669015881,38.968311956940944],[-76.85569422755243,38.96967526606825],[-76.85406909682683,38.97246125692916],[-76.85760286056076,38.977405234823806],[-76.8556406328814,38.9798007595767],[-76.85403321658598,38.97921158658144],[-76.85316829022838,38.98245429474548],[-76.85791321517027,38.982858475222734],[-76.8574719346163,38.98616742937954],[-76.85839657660502,38.98766317049149],[-76.85619246655706,38.987656359008106],[-76.8551038323414,38.98512156078121],[-76.85307279974732,38.984466149659845],[-76.85177522340358,38.98933020413326],[-76.85119674303343,38.98653733596663],[-76.8485691571347,38.986464150550354],[-76.8456636409024,38.990738876998726],[-76.84619201966531,38.98710569657175],[-76.84127377382838,38.98734959289864],[-76.83941592927438,38.98604543295922],[-76.83967561193752,38.985072649201285],[-76.84085954287674,38.985595736298606],[-76.84162924834037,38.984364958446015],[-76.84442063264237,38.985477345674404],[-76.84578683445972,38.983664272416824],[-76.8480682334856,38.98503458573304],[-76.85078227753566,38.98478351271216],[-76.8519933404637,38.98024374170845],[-76.84988503144976,38.97822496543934],[-76.85268530858185,38.9776495829553],[-76.85287628780017,38.973625878436835],[-76.8511050793183,38.97199762628021],[-76.85247086157361,38.97018448315485],[-76.85086368332279,38.969595269960095],[-76.84848711705105,38.9702368582895],[-76.8516420753917,38.96667685291744],[-76.85003498130415,38.966087629296034],[-76.84723512805851,38.96666295098642],[-76.85046742666864,38.96446629067198],[-76.8475037576797,38.96400257455162],[-76.846242775006,38.96211623880604],[-76.84132621787006,38.96236013625968],[-76.84327922862165,38.96165242194199],[-76.84286509558562,38.95989857880723],[-76.84625192419988,38.96042866061732],[-76.84643406959245,38.9580925534887],[-76.84126748660694,38.957621664972805],[-76.84068038391739,38.956516337516284],[-76.83898707474661,38.956251232271484],[-76.83941970773971,38.95462993449105],[-76.83738966711286,38.95397426970899],[-76.83731248924165,38.95261095230142],[-76.83383954295367,38.95240488277676],[-76.83673485549379,38.94981803204191],[-76.83504171649314,38.949552873204105],[-76.83411803839655,38.94805696661792],[-76.83607073551586,38.947349367224476],[-76.83539726194329,38.94656827331926],[-76.83692664324228,38.94579436853162],[-76.83735925998087,38.944173080358716],[-76.83542545653397,38.94150555371541],[-76.83552137829021,38.93949372508208],[-76.83063483794152,38.934674483269006],[-76.82860543276907,38.93401867659498],[-76.82792259221216,38.93492511390618],[-76.8273358750989,38.933819726861344],[-76.82564314233066,38.933554440343826],[-76.8252295938715,38.93180054536183],[-76.82312342945296,38.929781328653036],[-76.82143080590735,38.929515984792566],[-76.82110395613775,38.927437831103525],[-76.82025767373769,38.927305148321466],[-76.82091134243764,38.931461459812546],[-76.82004550830341,38.93470391449694],[-76.81825639208444,38.936450342360025],[-76.81900640555003,38.938594854055],[-76.82094926315317,38.93957506431377],[-76.81992965312236,38.94009087114601],[-76.81974670234945,38.94242693326433],[-76.8211798447596,38.943665040093066],[-76.81998698148301,38.94482934051947],[-76.82142017527082,38.94606744499125],[-76.81955397398137,38.94645056822937],[-76.82045784176987,38.95132172967236],[-76.82342082212514,38.95178609091821],[-76.82171796926845,38.95320832444147],[-76.82204495227758,38.95528648401424],[-76.8237381772821,38.95555182044931],[-76.82362256220576,38.96093879650422],[-76.82582586005705,38.96094618633628],[-76.8281348789795,38.95725413250419],[-76.8296645619942,38.95648031606796],[-76.83127127905223,38.957069802678745],[-76.8311752166681,38.959081633064955],[-76.83303222535986,38.96038591107551],[-76.83225315441206,38.96330420861324],[-76.82760581562235,38.960887219688004],[-76.8282793380686,38.961668357501836],[-76.82810617119345,38.96231686186989],[-76.8268361213129,38.96211790622276],[-76.82784641509502,38.96328961808451],[-76.82699010764662,38.96484455804905],[-76.83046362810002,38.96505081968073],[-76.82842381468012,38.96608258518549],[-76.82901080839464,38.96718797218168],[-76.82723069987797,38.96724695903932],[-76.82798129513675,38.96939142594942],[-76.82577774140255,38.96938407438163],[-76.82550829773649,38.97204440583657],[-76.83220577937745,38.97174210207575],[-76.83298494254653,38.96882380119406],[-76.8339088609147,38.97031972074223],[-76.83560247890821,38.97058489584201],[-76.83364915381203,38.971292490255955],[-76.83330286687544,38.97258951564881],[-76.83439997992235,38.9734369196303],[-76.83803769721213,38.974682035725166],[-76.8458326425951,38.97522635874486],[-76.84472618334088,38.97606663718962],[-76.84505392610002,38.978144743078225],[-76.8431962487957,38.976840641559235],[-76.84200319398937,38.97800515931694],[-76.84073283232887,38.97780634545446],[-76.84063700414922,38.97981818935668],[-76.83564205799996,38.97869854159359],[-76.83514144175169,38.977268926314665],[-76.8365077206437,38.975455957474495],[-76.83210972345977,38.973753937544124],[-76.83228288187325,38.97310542648853],[-76.83041604444617,38.9734887146486],[-76.83066629069663,38.97420353162385],[-76.82880897183134,38.97289921553205],[-76.82651870794106,38.973216130235194],[-76.82668231060319,38.97425520678259],[-76.82558527508847,38.9734077344691],[-76.82515222226237,38.975028988479075],[-76.82675931228718,38.97561853513979],[-76.82692292378557,38.97665761174603],[-76.82861666381888,38.97692288244209],[-76.83021430069377,38.97919996568607],[-76.83149415154412,38.97771130583183],[-76.83241815210482,38.9792072384785],[-76.83589237350022,38.979413348592104],[-76.83715338759569,38.981299794398],[-76.83588298167162,38.98110093079189],[-76.8346897399848,38.982265378994406],[-76.83765407110235,38.98272940243802],[-76.8359507723271,38.984151837841814],[-76.83645145183043,38.985581451358556],[-76.83416082205603,38.98589850771559],[-76.83340042444742,38.98544165596899],[-76.8342568372966,38.98388666694878],[-76.83289980584884,38.98401203017606],[-76.83240867973261,38.98089482036127],[-76.8292712556629,38.98107917958034],[-76.83055115885571,38.979590529025764],[-76.8278372387515,38.97984115944814],[-76.8285205018378,38.97893471670262],[-76.82606643930319,38.97821254844103],[-76.82563336860373,38.97983380530782],[-76.82444964087135,38.97931057343898],[-76.82418011189564,38.981970905994814],[-76.82637443394688,38.98366586807655]],[[-76.83663675709624,38.936965961349],[-76.83630006348768,38.93657541694793],[-76.83621354599259,38.936899673590275],[-76.83663675709624,38.936965961349]],[[-76.84022626127765,38.94664887126014],[-76.83920668877482,38.94716483705307],[-76.83962996227639,38.947231114694375],[-76.84022626127765,38.94664887126014]],[[-76.82443032605818,38.982685736463125],[-76.82383360536359,38.98326790705434],[-76.82425707486415,38.9833342375019],[-76.82443032605818,38.982685736463125]],[[-76.82374697680052,38.98359215720833],[-76.82291942249472,38.98008432819858],[-76.81927191691544,38.98052634870277],[-76.81732798856996,38.97954610630943],[-76.81468092230905,38.98284736555074],[-76.81679822357385,38.98317915946758],[-76.81779883626105,38.98603853883668],[-76.8224765675071,38.98339315630401],[-76.82374697680052,38.98359215720833]],[[-76.8170188796739,38.98895675195713],[-76.818462689423,38.98850731560686],[-76.81906927894691,38.986237587702284],[-76.81771217750746,38.98636278491599],[-76.81787568396798,38.98740187515038],[-76.81618173918082,38.98713645743672],[-76.8170188796739,38.98895675195713]],[[-76.81635507139823,38.98648796729355],[-76.81466115343396,38.98622252886478],[-76.81457448047927,38.98654677276237],[-76.81618173918082,38.98713645743672],[-76.81635507139823,38.98648796729355]],[[-76.81466115343396,38.98622252886478],[-76.8143243498642,38.985831922004216],[-76.81423767587397,38.98615616564709],[-76.81466115343396,38.98622252886478]],[[-76.82481519696427,38.98950239635367],[-76.82634559324822,38.98872861709871],[-76.82465158668272,38.98846331492585],[-76.82481519696427,38.98950239635367]]],[[[-76.80552240692357,38.969249756630376],[-76.8053490192399,38.96989822994572],[-76.80407889930946,38.969699041139606],[-76.80783271913418,38.96555807621798],[-76.80657273774393,38.96367133704294],[-76.80563937481207,38.96386279097059],[-76.8061594777035,38.96191737100401],[-76.80742946753995,38.962116538285905],[-76.8085160972541,38.96465174556583],[-76.81045950911776,38.96563212379278],[-76.80892942961073,38.9664057044614],[-76.80762922516558,38.971269283592726],[-76.80627238317074,38.971394355437475],[-76.8075525864322,38.96990594428258],[-76.80552240692357,38.969249756630376]]],[[[-76.79929355634853,39.004083537925816],[-76.79531825387045,39.002446621073936],[-76.79575213474878,39.00082546437227],[-76.80040096638733,39.00324366098938],[-76.80142159999978,39.00272800981999],[-76.80143179403068,39.00104042465414],[-76.80227889983733,39.001173237337916],[-76.80388638200925,39.00176308257781],[-76.80260554311485,39.00325146322378],[-76.80395284999265,39.0048140167884],[-76.80014069368735,39.00421636526443],[-76.80072756531155,39.005321892502735],[-76.79937007630245,39.00544688953952],[-76.79929355634853,39.004083537925816]]],[[[-76.8047291794125,39.016759927458125],[-76.80666385782301,39.01942796309935],[-76.80862876742123,39.01703319801472],[-76.81100721415125,39.01639236839453],[-76.81101718769541,39.01470477872978],[-76.81304868551389,39.01536088112938],[-76.81040012154362,39.01866206779594],[-76.81251844588954,39.01899393662052],[-76.81141093597239,39.019833923785505],[-76.81182465175429,39.021587888174984],[-76.80809829481849,39.02066623562535],[-76.80537265953504,39.022603967596346],[-76.81298911961215,39.025486428204346],[-76.81391334651885,39.02698250998555],[-76.81077388731731,39.02716640297596],[-76.80773121602489,39.02533838306507],[-76.80340749220717,39.02499868335659],[-76.80321364095929,39.029022344065766],[-76.80194249424436,39.0288231315324],[-76.8019526798455,39.02713553913246],[-76.80043143659721,39.026221430370185],[-76.79686828051109,39.02633855960348],[-76.79719488219929,39.028416808260346],[-76.79837921311554,39.028940304170504],[-76.8003344296939,39.028233258511385],[-76.80083471247924,39.02966302573639],[-76.7972713884122,39.02978016660568],[-76.79488203288437,39.03210832727652],[-76.7918291336151,39.03196750896368],[-76.79241610284346,39.03307308053364],[-76.7866365736014,39.03486952625441],[-76.78898139016283,39.02611538455955],[-76.79177357128056,39.027228963126284],[-76.79406568745557,39.02691268696127],[-76.79474981368088,39.026006423394286],[-76.793902432367,39.02587355879697],[-76.79391280412179,39.02418596789357],[-76.79553106114027,39.023088332935636],[-76.79460726187313,39.021592115345946],[-76.79951773824524,39.02303765741201],[-76.79952797929954,39.021350066837265],[-76.80215677589239,39.021424290846745],[-76.80225372330591,39.01941246355788],[-76.80327457067726,39.01889679580441],[-76.80209036807031,39.01837334745311],[-76.80294783802111,39.01681856641957],[-76.8013502285385,39.014541118756945],[-76.80491279947408,39.01442386116338],[-76.8047291794125,39.016759927458125]]],[[[-76.7783066248418,39.07748411125088],[-76.78280720172023,39.077176234786],[-76.78670994909146,39.077450196624156],[-76.78551433763741,39.0786141907352],[-76.77931773986622,39.07865624041883],[-76.77769800058738,39.07975367473035],[-76.77760029285426,39.08176550397366],[-76.77386043920598,39.08253042068627],[-76.77490401711309,39.07863976942501],[-76.77753486083608,39.07871451543969],[-76.7783066248418,39.07748411125088]]],[[[-76.78349389340825,39.08944665517768],[-76.78867997703344,39.088232350063656],[-76.78894070408575,39.087259655680754],[-76.78919093411713,39.08797456991349],[-76.7931811756379,39.08792409729942],[-76.79514838172601,39.0855295168396],[-76.79531178866107,39.086568654298546],[-76.79734515378128,39.087225021871625],[-76.7950511493734,39.0875413619191],[-76.79385550549955,39.08870543844678],[-76.79944491311657,39.090932338396556],[-76.80684811738561,39.08803748361994],[-76.80573948956464,39.08887743039042],[-76.80546886910041,39.09153777174988],[-76.80309808156508,39.09049089225408],[-76.80257697634829,39.09243634120175],[-76.80054341813096,39.09178005858222],[-76.79773832990568,39.092354275515355],[-76.79283361052528,39.08922103508108],[-76.79028927478242,39.088822380249276],[-76.78646226982539,39.08991190976492],[-76.79204111896968,39.093826753759814],[-76.78949662629262,39.09342808235923],[-76.78577743853839,39.090818137925126],[-76.78408120013873,39.090552277445504],[-76.78390733163403,39.0912007340106],[-76.78060181221437,39.09034471297899],[-76.78025401099126,39.09164161615916],[-76.77525230923477,39.090519516935416],[-76.7757525273031,39.09194940096714],[-76.77711167302746,39.091824660288175],[-76.77700315861217,39.09552410391951],[-76.77912357126472,39.095856546955474],[-76.77716632850309,39.09656326716268],[-76.77791678191107,39.09870808348791],[-76.7809617756679,39.100536857714395],[-76.78435470829021,39.10106864167644],[-76.78662808307183,39.10412772553085],[-76.78816130067818,39.103354401797844],[-76.79028199292092,39.10368665498277],[-76.78831413474055,39.106081166622914],[-76.79171781439393,39.10492513532236],[-76.7910120060229,39.1092066263306],[-76.78634614682943,39.108475648213606],[-76.78660697778665,39.10750295499416],[-76.7850736560745,39.10827626017285],[-76.78295285367327,39.10794391784589],[-76.78092972367389,39.10559969779152],[-76.779059210722,39.10598222200872],[-76.77991820763698,39.10442757581445],[-76.77694928003098,39.10396216365651],[-76.77535056928673,39.1016843463617],[-76.77390424371728,39.10213328994934],[-76.77392593757189,39.098758066138494],[-76.77003303065257,39.096796091048645],[-76.77238184587056,39.08804216642761],[-76.77407798285788,39.0883081864419],[-76.7748499072915,39.0870778015399],[-76.77654603080298,39.087343787825695],[-76.77619817155565,39.08864067892828],[-76.77814446350078,39.089621583579195],[-76.78043860715611,39.089305555460946],[-76.7812104344808,39.088075130829104],[-76.78137364781345,39.08911428709479],[-76.78349389340825,39.08944665517768]],[[-76.78660697778665,39.10750295499416],[-76.7871180777696,39.10724518242446],[-76.78669391988684,39.107178723839915],[-76.78660697778665,39.10750295499416]],[[-76.7848529790237,39.08932182990814],[-76.7851901038491,39.08971252361745],[-76.78527703098493,39.08938829454858],[-76.7848529790237,39.08932182990814]]],[[[-76.79781946399714,39.10689432167923],[-76.79917885140213,39.106769339351125],[-76.80021118510312,39.10456607309679],[-76.80335401588592,39.10438244454186],[-76.80276630405056,39.10327691046961],[-76.80429933189131,39.10250338783861],[-76.80744206310345,39.10231965600638],[-76.80633322420097,39.10315961033916],[-76.80674729192042,39.10491361770392],[-76.80079886848368,39.10567161952131],[-76.80214803606187,39.107234220858714],[-76.80087552369727,39.10703499460508],[-76.79874441421532,39.10839053823134],[-76.7982230639945,39.11033597555293],[-76.79712430545348,39.109488231863686],[-76.7973849957251,39.10851551584794],[-76.79823334743338,39.10864835865301],[-76.79781946399714,39.10689432167923]]]]},"properties":{"lid":"RVDM2_major","stage_ft":16.0,"site_id":"01649500","level":"major"}}]}