{"type":"FeatureCollection","features":[{"type":"Feature","geometry":{"type":"MultiPolygon","coordinates":[[[[-77.34338358625807,38.86235518407128],[-77.34414349413962,38.86112132750214],[-77.34617547820125,38.86176868326431],[-77.34532659679994,38.859952016967384],[-77.34642550726542,38.85910729995497],[-77.34650721572373,38.85709512628243],[-77.34946967145711,38.857546911082736],[-77.34888067832868,38.859819156523656],[-77.35015035147092,38.860012762990166],[-77.35082598575012,38.859103472907194],[-77.3540435337643,38.86026889451778],[-77.34990045531048,38.862674154090456],[-77.34820749835683,38.86241600575127],[-77.34846243760363,38.86312975744019],[-77.34549976120003,38.86267794826541],[-77.34558634825738,38.86404091414472],[-77.34338358625807,38.86235518407128]]],[[[-77.38350350730478,38.86543101552942],[-77.38562330074885,38.86744066440066],[-77.38960097641095,38.867371047320425],[-77.38901315515976,38.86964348591375],[-77.38748786506778,38.868736606145],[-77.38368141949213,38.86984446528702],[-77.38435340405837,38.86724742127756],[-77.38350681000601,38.86711858530131],[-77.38350350730478,38.86543101552942]]],[[[-77.37852089045641,38.87108353243046],[-77.37683078520196,38.872513345899115],[-77.37776463082415,38.87400517247283],[-77.37683393370322,38.874200917249915],[-77.37565422663891,38.87705810246957],[-77.3748075339945,38.876929206911754],[-77.37632029040543,38.87108595728726],[-77.37818160284743,38.87069446860804],[-77.3784336791052,38.869720588527315],[-77.38334211010283,38.86945541565075],[-77.38342941293241,38.87081835605522],[-77.38038219101436,38.87069201069881],[-77.38013013743507,38.87166589485442],[-77.37852089045641,38.87108353243046]]],[[[-77.33630386854675,38.88455892742536],[-77.33587831264025,38.88280677157437],[-77.33714835177774,38.88300051180032],[-77.34062167478223,38.88488006152221],[-77.3436694208628,38.8850073847735],[-77.34341682708062,38.885981195860715],[-77.33782885259055,38.885466438789614],[-77.33765816264324,38.88442806369895],[-77.33630386854675,38.88455892742536]]],[[[-77.34310133551348,38.90246779887577],[-77.3453028845472,38.90246596389573],[-77.3460631783332,38.901232089549744],[-77.34631334694153,38.8985706937767],[-77.34478798290323,38.89766328532325],[-77.34715531639671,38.8953246305215],[-77.3480021738712,38.895453715279686],[-77.34673434104798,38.896947662697826],[-77.34690764606341,38.89967360420204],[-77.35333848707225,38.89694184694912],[-77.35841985543514,38.89771601546143],[-77.3606998443551,38.894014139965385],[-77.35993435774249,38.89187295111519],[-77.36154112018231,38.890767980893266],[-77.36111213604566,38.88732833566359],[-77.3624664370119,38.88719720083067],[-77.36212996865858,38.88849566692492],[-77.3634001767137,38.8886891382792],[-77.36137287101411,38.89141721305945],[-77.36095501655822,38.89472786865904],[-77.36688028544506,38.89394310452359],[-77.36865517724424,38.89218880205039],[-77.37043298458589,38.89212204973256],[-77.3707693217104,38.89082356052184],[-77.37221078866925,38.89205527191826],[-77.3700966354725,38.89342053824071],[-77.36840289253817,38.893162664887406],[-77.36713551794625,38.8946568204872],[-77.363834973396,38.8955039279174],[-77.36222533015099,38.89492135220317],[-77.35757565668416,38.89927457882909],[-77.35732050166365,38.898560842770785],[-77.35393287925977,38.89804472346647],[-77.35004020753902,38.89947616446097],[-77.34978764875075,38.90044999028715],[-77.34733356577897,38.901425725853855],[-77.34691255914372,38.903048759891114],[-77.34386643866196,38.90460909451162],[-77.34352955833475,38.90590751293875],[-77.34208830229753,38.904675465915425],[-77.34310133551348,38.90246779887577]]],[[[-77.326618518688,38.926950241641],[-77.33161108815283,38.922987355329276],[-77.34228259764929,38.9225896449007],[-77.3451610405218,38.921678558194365],[-77.34702627329976,38.92297511746817],[-77.3588028741136,38.92510641216887],[-77.35931340423296,38.92653388268663],[-77.36380211145767,38.9262049786798],[-77.3632130102322,38.92847731170714],[-77.35914505257008,38.92718311484477],[-77.35812672708103,38.92601575322996],[-77.35423001556482,38.925759747841965],[-77.34524769138893,38.92304153434763],[-77.34355334760339,38.92278332048422],[-77.34245344297705,38.92362801870685],[-77.33728616745593,38.92317779413992],[-77.33517045616107,38.92454247022162],[-77.33212107040086,38.92441493732078],[-77.32467504531081,38.93104072016288],[-77.326618518688,38.926950241641]]],[[[-77.32968034973227,38.93720342009101],[-77.3276423848821,38.93318061622351],[-77.32577920372431,38.933571348859935],[-77.32526928168195,38.93214373901449],[-77.32958574868678,38.92909009000988],[-77.33263532578118,38.929217685330435],[-77.33288821371322,38.92824389077685],[-77.33534339397642,38.92726843771625],[-77.33915585368547,38.927849639100465],[-77.34297074040565,38.93011830746381],[-77.3455967543134,38.93018102495542],[-77.34584947226107,38.9292072038539],[-77.35008574827532,38.92985261724859],[-77.35051192098175,38.93160473495928],[-77.35509047418311,38.934326705189335],[-77.35729298614038,38.93432465729174],[-77.35788774338586,38.935427520294965],[-77.35365107388223,38.934782372897914],[-77.34856217772744,38.93063283562136],[-77.3437337462739,38.93057202713889],[-77.34297310667642,38.931805891985974],[-77.34509612921642,38.93550383628722],[-77.34797752979244,38.93628026813143],[-77.34569071134935,38.9366067579482],[-77.34365426086268,38.93427180260799],[-77.34229905049541,38.93440273269373],[-77.34237860490492,38.930702958027084],[-77.33619281104144,38.92908518772472],[-77.33593996437932,38.93005898912765],[-77.3322981313506,38.93051607746735],[-77.33196092489518,38.93181446891795],[-77.33085866379348,38.930971480414584],[-77.32882692329143,38.932011452644545],[-77.32857396796246,38.93298523941734],[-77.33128857151372,38.936098835490725],[-77.32968034973227,38.93720342009101]]],[[[-77.33391479103115,38.93616180038436],[-77.3351857555873,38.936355562070304],[-77.33459350685575,38.936940175964715],[-77.33645672690753,38.936549310737895],[-77.33696689915071,38.937976875445905],[-77.33916952199809,38.93797514938218],[-77.33933807672219,38.93732594339323],[-77.34052480448408,38.937844253425915],[-77.33874812203744,38.93959816360889],[-77.3409531136479,38.941283992685975],[-77.33790301658797,38.941156601673896],[-77.33781648165248,38.939793617011375],[-77.33662974139838,38.93927528092596],[-77.33603748051156,38.93985990195246],[-77.33501934823673,38.938692348599005],[-77.33476645251736,38.93966614889938],[-77.33273239595492,38.9390185996103],[-77.3328209660918,38.942069174773934],[-77.33087117879873,38.941096995931574],[-77.33179863927234,38.937526421364865],[-77.33103563490683,38.937072627832784],[-77.332641706227,38.93428044000548],[-77.33416768596926,38.93518800229428],[-77.33391479103115,38.93616180038436]]],[[[-77.36494493651715,38.950673876553324],[-77.36401037013901,38.94918193843727],[-77.36468665883636,38.94827256237619],[-77.36638167075947,38.94853048839674],[-77.36646875088418,38.949893454750665],[-77.36782420610422,38.94976226029384],[-77.3674063101429,38.953072963528186],[-77.36553994325766,38.95177670539493],[-77.36587664326647,38.950478219100326],[-77.36494493651715,38.950673876553324]]],[[[-77.34121988803558,38.95043570719329],[-77.34045668964612,38.949981970792784],[-77.34113327997149,38.94907272305891],[-77.34469412675988,38.95062757024263],[-77.34257775657058,38.95199237790102],[-77.34130649934275,38.9517986915327],[-77.3411402531703,38.95413549136767],[-77.34613877702556,38.95354718427084],[-77.34630975001443,38.95458555723839],[-77.3478338460181,38.95380536390982],[-77.34961569823335,38.955426499642584],[-77.34317480691536,38.954782904161505],[-77.33978696167868,38.95595398466094],[-77.34121988803558,38.95043570719329]]],[[[-77.36108310884431,38.972356773058884],[-77.35964023975463,38.971124918710046],[-77.36074066269948,38.970280062370996],[-77.35938481258859,38.970411179822406],[-77.35946628771497,38.96839896819457],[-77.36166702966779,38.96670924963585],[-77.35980317297684,38.96710049524002],[-77.3592081278901,38.965997636425165],[-77.36030847833216,38.965152784561674],[-77.36047413427612,38.96281595534339],[-77.36140600846609,38.96262033112268],[-77.36353086631982,38.96631797605797],[-77.36200667658062,38.967098363636225],[-77.36108032132378,38.97066917911362],[-77.36235477777895,38.97255025735095],[-77.36134414682556,38.976445698181735],[-77.35922459338695,38.976123199674255],[-77.36117290796524,38.975407342597165],[-77.36108310884431,38.972356773058884]]],[[[-77.34039547473661,38.967182487112304],[-77.33674958893832,38.965952115422574],[-77.33488561776234,38.966342986689476],[-77.33505427639182,38.96569378388203],[-77.33327463968013,38.96576002944896],[-77.3330194898957,38.96504623688748],[-77.33369631315769,38.96413702773126],[-77.33539158462476,38.964395377766074],[-77.33649218725682,38.963550737329214],[-77.34039316708112,38.96549489404139],[-77.34174895979747,38.96536398419592],[-77.34175129888511,38.96705157720869],[-77.3451420467916,38.9675680342392],[-77.34565260682385,38.96899556957876],[-77.34158269684568,38.96770078924795],[-77.34158736756909,38.971075976873394],[-77.34277466168008,38.97159426790549],[-77.34209788248522,38.972503527584635],[-77.34014715591802,38.971531490272454],[-77.34039547473661,38.967182487112304]]],[[[-77.35568082547536,38.98638193820013],[-77.35864860192461,38.986833511416286],[-77.35839585513052,38.987807366754026],[-77.35542804052936,38.98735578742608],[-77.35568082547536,38.98638193820013]]],[[[-77.35375048960063,38.99891090784469],[-77.35578374204373,38.9978705170822],[-77.3554466425569,38.99916898524603],[-77.35375048960063,38.99891090784469]]],[[[-77.33170370363537,38.997241394731404],[-77.33254534030482,38.992307785273624],[-77.3333933006827,38.99243697159877],[-77.33415690035959,38.99289075433209],[-77.33280484596906,38.99639678277693],[-77.33399249073123,38.996915159849614],[-77.33306010359604,38.99711057919463],[-77.3331487581993,39.000161180526106],[-77.33170370363537,38.997241394731404]]],[[[-77.32264035942828,39.004971727851625],[-77.3190827673715,39.00847904606706],[-77.31967389493818,39.00620689595044],[-77.3206064346156,39.006011576868104],[-77.3205182988355,39.00296096376718],[-77.32136822947646,39.0047778356234],[-77.32264035942828,39.004971727851625]]],[[[-77.31460931102418,39.029057623744876],[-77.31494555914031,39.02607165068839],[-77.31401104971286,39.02457931871072],[-77.31485591965267,39.02133341533132],[-77.31349734993108,39.01977642462064],[-77.3157886662211,39.02113813195657],[-77.31637999958281,39.01886599283935],[-77.3177368303737,39.0187353442842],[-77.31849880717722,39.01750161809993],[-77.31934157392001,39.012568082211544],[-77.31738652647269,39.00822047144958],[-77.31509558715875,39.00685879646857],[-77.31594194448829,39.005300498463455],[-77.31772434725025,39.006922104866504],[-77.31806573777244,39.008998945869834],[-77.3190827673715,39.00847904606706],[-77.31883122443648,39.011140429000456],[-77.32010529726229,39.013021952838],[-77.31942967198772,39.01561870088128],[-77.32612902138581,39.01528974151726],[-77.32807466400513,39.01119918868452],[-77.32748375829104,39.01347138062523],[-77.3287560565874,39.01366521045991],[-77.32401042136132,39.016654245957504],[-77.31976932129717,39.01600793342254],[-77.31858507255164,39.018864632316415],[-77.31714377057547,39.01931988214978],[-77.31485935342829,39.02470863231901],[-77.31579388192486,39.026200957945015],[-77.31503348915662,39.02912227927798],[-77.31613705452148,39.02996542102153],[-77.31554908961472,39.035612786320684],[-77.31419364174535,39.03743102368642],[-77.31334519078936,39.0373017052531],[-77.31512142655046,39.03217290936677],[-77.31460931102418,39.029057623744876]]],[[[-77.33379111051563,39.03839153149119],[-77.33590354331156,39.0319640209912],[-77.33522173689583,39.02949803098284],[-77.33657651112237,39.02767956661786],[-77.33555714071701,39.026512001967795],[-77.33597249479223,39.01982615307764],[-77.33733378493689,39.023070505774626],[-77.33725387282846,39.02677032910094],[-77.33590133784377,39.03027641054543],[-77.336665350507,39.03073018063437],[-77.33632997273689,39.03371621475959],[-77.33514389819084,39.03488546822356],[-77.33463961053089,39.03852071027723],[-77.33158755122513,39.040080774889475],[-77.3320096933637,39.03845775969533],[-77.33379111051563,39.03839153149119]]],[[[-77.31825798599263,39.03028865816435],[-77.31715439113228,39.02944553522174],[-77.32156517854769,39.02944274749834],[-77.32224463279638,39.030221201777444],[-77.31825798599263,39.03028865816435]]],[[[-77.32055896967564,39.040088340304884],[-77.31504381727135,39.03924794918677],[-77.31741849356969,39.03859742601449],[-77.32183171525718,39.04028224195686],[-77.32166276555087,39.0409314345149],[-77.32055896967564,39.040088340304884]]],[[[-77.32412383383341,39.041643800191096],[-77.33158755122513,39.040080774889475],[-77.33090999466314,39.04098998354678],[-77.32912851122516,39.04105617045763],[-77.3288751805635,39.04202997424982],[-77.32683831281041,39.041382318015394],[-77.32480342949408,39.04242224208514],[-77.32157828956636,39.04125603073487],[-77.32412383383341,39.041643800191096]]],[[[-77.30842831153677,39.04093933802336],[-77.31173610287635,39.04009368758754],[-77.31241223031675,39.037496970802714],[-77.31334519078936,39.0373017052531],[-77.31224485958812,39.0398337633029],[-77.31495931369473,39.03957254081074],[-77.31470579843803,39.04054631544588],[-77.31156706347039,39.04074286638885],[-77.3065653155288,39.04470501710777],[-77.30571679325955,39.04457564640334],[-77.30842831153677,39.04093933802336]]],[[[-77.30563224185117,39.04490023197743],[-77.30308812645826,39.04619969837759],[-77.30181532730288,39.04600560446928],[-77.30308668224943,39.044512083349495],[-77.30563224185117,39.04490023197743]]],[[[-77.32772715599826,39.07526391554345],[-77.32620029700206,39.07604387730168],[-77.32730069020445,39.07351167946504],[-77.32814958870529,39.073640903388174],[-77.32772715599826,39.07526391554345]]],[[[-77.31475896379236,39.092862575522105],[-77.318489988222,39.088706135993604],[-77.31492293581661,39.08715050128445],[-77.31475209944495,39.08611206240254],[-77.31899906113871,39.088446181784306],[-77.32239341863573,39.0872756432212],[-77.32562061422978,39.08844184299171],[-77.32681170828026,39.09064792520046],[-77.3289344585308,39.09097098350935],[-77.32893036783153,39.08759572750875],[-77.33079748142774,39.08720493776237],[-77.33350933521912,39.083568054277336],[-77.33249561382792,39.08746333268562],[-77.33105303833534,39.08791874945063],[-77.33139729299954,39.09168321148643],[-77.32587809903902,39.09084329376352],[-77.32570709742124,39.08980486923112],[-77.32213983657412,39.08824944133241],[-77.31475896379236,39.092862575522105]]],[[[-77.32367084182083,39.090844783796086],[-77.32587809903902,39.09084329376352],[-77.32384181678452,39.091883211332],[-77.3222338133573,39.09636298705933],[-77.32121557608674,39.096882920676364],[-77.32367084182083,39.090844783796086]]],[[[-77.28775865274507,39.08807244108727],[-77.28954245687449,39.08969447533531],[-77.28844050278971,39.09222634618587],[-77.28886391161755,39.09060346263093],[-77.28775865274507,39.08807244108727]]],[[[-77.31009377893848,39.0972141565261],[-77.30669722987214,39.096696730409946],[-77.30618653791333,39.09526900414168],[-77.30890466519018,39.09669554179709],[-77.31068753128721,39.09662964427659],[-77.31229791155299,39.09383764714254],[-77.3139098645418,39.092733259663994],[-77.31475896379236,39.092862575522105],[-77.31043375968254,39.097603420208145],[-77.31103077196825,39.10039416881154],[-77.31001400424427,39.10260164330547],[-77.31009377893848,39.0972141565261]]],[[[-77.32121557608674,39.096882920676364],[-77.31909813881063,39.101622623996555],[-77.32079099684623,39.09681828547618],[-77.32121557608674,39.096882920676364]]],[[[-77.31630031524877,39.10558380177691],[-77.31748606745452,39.10272708061696],[-77.3185044133261,39.10220717697253],[-77.31833708947748,39.104544005055175],[-77.31630031524877,39.10558380177691]]],[[[-77.30424035566249,39.102734538586716],[-77.30899559208687,39.10312147743559],[-77.30958940155112,39.10253696977482],[-77.30925099076009,39.10383533607865],[-77.30636335865114,39.10305798310707],[-77.30279873852375,39.10487726176804],[-77.30424035566249,39.102734538586716]]],[[[-77.3020341576598,39.10442327730641],[-77.30254483236386,39.105851023121886],[-77.2998264874244,39.10442434390999],[-77.29991113405066,39.10409975876906],[-77.3020341576598,39.10442327730641]]],[[[-77.31447368961567,39.146477741553596],[-77.31481220576329,39.14517935007085],[-77.31761520374496,39.14459346646625],[-77.31617315020628,39.14673636249203],[-77.31371029080837,39.14771147242668],[-77.3131144657173,39.146608357521984],[-77.31447368961567,39.146477741553596]]],[[[-77.30343767123499,39.15660968101296],[-77.30377643200347,39.15531131685765],[-77.30734659470322,39.15686729232828],[-77.30845044163193,39.15602287180334],[-77.31227469947176,39.1566049225812],[-77.31346313097741,39.15543586068321],[-77.31473787986468,39.155629839275555],[-77.31287059384951,39.157708043788745],[-77.3047124139394,39.15680376238141],[-77.30403343136538,39.15771284454566],[-77.29953013923623,39.158039597942995],[-77.30343767123499,39.15660968101296]]],[[[-77.29741213131632,39.16615429690712],[-77.29843284917744,39.16732220543336],[-77.29758422667703,39.168880431040286],[-77.2929930356152,39.16615622670792],[-77.29324728085803,39.165182473033504],[-77.29350274301314,39.16589637293469],[-77.29741213131632,39.16615429690712]]],[[[-77.26426890891732,39.16616494466601],[-77.26588378025299,39.166748818637906],[-77.26562916244245,39.16772251667838],[-77.26426890891732,39.16616494466601]]],[[[-77.29682941345865,39.1819276686128],[-77.29809925949506,39.175371183641644],[-77.29979796797225,39.17394237253654],[-77.29707843380399,39.174203270378634],[-77.29537966568252,39.1756320444373],[-77.29274481435327,39.17556826084188],[-77.29257528953315,39.17621743074313],[-77.29146977408433,39.175374056075576],[-77.28679682076996,39.178037176251934],[-77.28603156926991,39.17758308662444],[-77.2901947406392,39.17517983825276],[-77.28670989723338,39.17498644107905],[-77.28594467844357,39.17453235121426],[-77.28670883129764,39.17329878386388],[-77.28738925837993,39.17407745016108],[-77.29503940016666,39.17524273345589],[-77.29775765775912,39.173294223011226],[-77.30132717016126,39.17316272007624],[-77.30260219795072,39.17335682374637],[-77.30192303408853,39.174265897568816],[-77.30268835002751,39.17471988914213],[-77.30438547597886,39.17160335916792],[-77.29987995144477,39.170242470264064],[-77.29817866600693,39.168295970143255],[-77.3048951808389,39.171343458425795],[-77.30803489642078,39.1660841060667],[-77.31058474600123,39.16647216230408],[-77.31253698301151,39.16406939063128],[-77.31169034794367,39.16731536553706],[-77.31084038321042,39.167186026790084],[-77.31084363715031,39.17056133691119],[-77.30684927134715,39.17062842898705],[-77.30591760463308,39.174198963577865],[-77.30404958830326,39.17627704383656],[-77.2997146077302,39.17595461963281],[-77.3004813138779,39.17809628315687],[-77.29810458321252,39.18212181873468],[-77.29682941345865,39.1819276686128]]],[[[-77.26562916244245,39.16772251667838],[-77.26707434344793,39.16895550732017],[-77.26690460448688,39.169604641310464],[-77.26562916244245,39.16772251667838]]],[[[-77.26826497903588,39.17116218564297],[-77.26987999370075,39.17174600836742],[-77.27005038959797,39.1727845265618],[-77.26826497903588,39.17116218564297]]],[[[-77.31519379442398,38.85400235354501],[-77.31400861174387,38.853483806645635],[-77.31434577560469,38.85218547669468],[-77.31646152665873,38.85250873642361],[-77.31519379442398,38.85400235354501]]],[[[-77.32781273881896,38.86301615420216],[-77.32967410549236,38.862625394518055],[-77.33026372003556,38.86035323969355],[-77.33119645663407,38.86184541487669],[-77.33508967014944,38.862102141996196],[-77.33458440533413,38.86404972348344],[-77.33094586208978,38.86450676825907],[-77.33077740101861,38.865155956815975],[-77.32908445418678,38.86489754713214],[-77.32933716639091,38.86392376771083],[-77.32781273881896,38.86301615420216]]],[[[-77.3345001919063,38.86437432024034],[-77.33314840142545,38.86619271984631],[-77.3340769553125,38.86430973270842],[-77.3345001919063,38.86437432024034]]],[[[-77.29972654820352,38.87627363323108],[-77.2957457609164,38.87296521931475],[-77.29540816954544,38.874263501737985],[-77.29210652929082,38.87342112406562],[-77.29235976513344,38.872447419159],[-77.29354388235213,38.87127860170288],[-77.29566009539536,38.871602217372775],[-77.29989121109419,38.87056176797228],[-77.3005717175655,38.87471546849145],[-77.29972654820352,38.87627363323108]]],[[[-77.32139698697466,38.877559580994244],[-77.32156929803332,38.88028555129681],[-77.31970743679074,38.88067619004081],[-77.32072266369632,38.88015628621131],[-77.32055038461405,38.87743031477427],[-77.32139698697466,38.877559580994244]]],[[[-77.28668981548556,38.873942498579346],[-77.28804400120279,38.87381217714386],[-77.28973587781891,38.87238357495358],[-77.29142885889046,38.872642522435434],[-77.28922932969313,38.87433097362269],[-77.29041467506016,38.87484975879625],[-77.2905858207194,38.87757577114336],[-77.28821505574314,38.87653819242618],[-77.2871152078611,38.87738239472852],[-77.28668981548556,38.873942498579346]]],[[[-77.31328515686499,38.89184407454037],[-77.30659253345968,38.887109607369716],[-77.3067612607647,38.88646045001075],[-77.31108067549845,38.88847018884298],[-77.31328515686499,38.89184407454037]]],[[[-77.30000845243961,38.91073902564175],[-77.30128168253312,38.914308296111166],[-77.300859575252,38.91593117628348],[-77.29967212440859,38.913724906876865],[-77.30000845243961,38.91073902564175]]],[[[-77.30170659017557,38.916060577635996],[-77.3012844822069,38.91768345963034],[-77.30086096530702,38.91761875822149],[-77.30026721711468,38.91651562461998],[-77.30170659017557,38.916060577635996]]],[[[-77.3225607625088,38.93409276793637],[-77.32154292696914,38.932925104909266],[-77.32027389889099,38.93441878903251],[-77.31425874789852,38.933838329498634],[-77.31315833649924,38.93468276912483],[-77.31154659480704,38.93241194689825],[-77.30866730724802,38.933322254624876],[-77.30637736916869,38.93027284886347],[-77.30468447404013,38.931701688780734],[-77.3001951618912,38.9320284532357],[-77.29799404211411,38.93371707283239],[-77.29494433750506,38.93358862564249],[-77.2947766450391,38.93592535707756],[-77.29731836416761,38.93631366948101],[-77.29875948875252,38.93754624202288],[-77.29833852256952,38.94085670601639],[-77.29706888023189,38.942350154317246],[-77.29800198692244,38.94384259491977],[-77.30477926634012,38.943190215655136],[-77.3063895167907,38.94377354092916],[-77.30571254185013,38.94468259842864],[-77.30062845683366,38.94390626466894],[-77.29859592365318,38.944945743488844],[-77.29571343588921,38.94248057552024],[-77.29503759527297,38.945077162917286],[-77.29325842626677,38.94514283435586],[-77.29300494958268,38.94611655029935],[-77.29461517040674,38.946700028653744],[-77.29377149053552,38.95163334684924],[-77.29453441516584,38.95208737051008],[-77.29250156655063,38.95312675068392],[-77.29191002191514,38.955398752938244],[-77.29343715511817,38.95799441045109],[-77.29250755212308,38.96156470830808],[-77.29047440987674,38.96260405669681],[-77.29064576411989,38.965330100870126],[-77.29166355708955,38.96649802279238],[-77.2964098258007,38.96688543394064],[-77.29810370170611,38.965456699812165],[-77.30022267328263,38.96578024164107],[-77.30242471097984,38.96409157477206],[-77.30581504168129,38.96460910616789],[-77.30793557787416,38.966620109704095],[-77.31174659300929,38.96382697018588],[-77.31352620200893,38.96376103340079],[-77.31445480207582,38.96019057700864],[-77.31377439455233,38.9577244970966],[-77.31504740171276,38.95960605735308],[-77.31462704875331,38.9629165870117],[-77.32234170497941,38.96544315230068],[-77.32352493712521,38.96258644134006],[-77.32292857609633,38.95979581741623],[-77.32377614065834,38.959925068802555],[-77.3256380418073,38.95784677336142],[-77.32580282505829,38.95382240263488],[-77.32614617404067,38.95758679552177],[-77.32784126615714,38.957845248464274],[-77.32817866667827,38.956546863450946],[-77.33080353622537,38.95492230373641],[-77.33088995783474,38.956285296219654],[-77.33343258032113,38.95667286966154],[-77.33521199472796,38.95660662191906],[-77.33529412258646,38.954594430303764],[-77.33978696167868,38.95595398466094],[-77.33860220970047,38.957123256856114],[-77.33546713642943,38.957320409090364],[-77.32995808278459,38.95648069106274],[-77.32716442826518,38.95875442484392],[-77.32546931738005,38.9584959626199],[-77.32419992406807,38.95998969232548],[-77.32428816211716,38.963040282725956],[-77.32759423984581,38.96388181294862],[-77.3292030827414,38.96277725118491],[-77.33047449949837,38.962971061884815],[-77.33123567663799,38.96173726824826],[-77.33360767948257,38.96108644354581],[-77.33487689885726,38.95959261735802],[-77.34216574472744,38.960365769835725],[-77.34199716187092,38.96101498179899],[-77.33725103380289,38.96062931475403],[-77.33309954947002,38.96134645207615],[-77.33022145861698,38.96394485630371],[-77.33276434511569,38.96433244387659],[-77.33251133013755,38.9653062431603],[-77.32979764683357,38.96388025331052],[-77.32691734273341,38.96479098878386],[-77.32445884567649,38.96407868721382],[-77.32403696655454,38.965701657517464],[-77.326158038015,38.96771234993082],[-77.32225731963665,38.965767745070714],[-77.32158033831958,38.966676892042905],[-77.31886862661823,38.96693825621992],[-77.32031256458701,38.96985817783075],[-77.31810718544592,38.96817197492383],[-77.31767979774453,38.964732143581834],[-77.31420495713995,38.96453952360026],[-77.30937589385637,38.96616497050855],[-77.3075133155726,38.968243024413376],[-77.30378200443913,38.965648673070845],[-77.29920745830658,38.9679875773906],[-77.29547772252828,38.967080570091746],[-77.29513968982697,38.96837886810509],[-77.29310518357406,38.96773066636771],[-77.29276710553111,38.969028958042735],[-77.2914099846956,38.96747173848753],[-77.28878267246719,38.967407873326934],[-77.28725765891274,38.968187342620006],[-77.28624201715324,38.97039457306178],[-77.28361460395267,38.9703305984495],[-77.28302068714773,38.96922737410214],[-77.28132548929635,38.96896830839711],[-77.28047881335601,38.97052636155165],[-77.28115727804477,38.971305033264535],[-77.27886905988478,38.971630292661175],[-77.27929465360559,38.97507026093384],[-77.2765816494038,38.97364310538105],[-77.27437872311795,38.97533131595519],[-77.27183576375263,38.97494253127303],[-77.27183504565788,38.97325493541265],[-77.27378414222916,38.97254045091454],[-77.27361416187703,38.971501975562596],[-77.27124128355703,38.972151654212745],[-77.26827464944728,38.971697992232954],[-77.26717313217425,38.97254202837424],[-77.26556255967381,38.971958191635906],[-77.2637832383711,38.97371103616398],[-77.26208800459912,38.97345170748455],[-77.26174934665876,38.97474991569351],[-77.26056257854509,38.97423084937309],[-77.25810481236047,38.975204828237736],[-77.25615513602729,38.97423147056797],[-77.25395202154046,38.97760691525927],[-77.25064639965231,38.978451018214976],[-77.24929019985987,38.97858093281927],[-77.24640805046043,38.97611460733717],[-77.24395003124619,38.97708830613534],[-77.24479756552549,38.97553050079757],[-77.24657752094883,38.97546552412449],[-77.24691645285667,38.97416735719533],[-77.24555989105755,38.967546850374546],[-77.24691589190351,38.967416976750776],[-77.2464075366464,38.96936422492313],[-77.24793317603412,38.97027285237247],[-77.2470013261631,38.975530411453846],[-77.25301938540194,38.97611413610489],[-77.25496874324362,38.97539994683849],[-77.25581602199452,38.973842066657724],[-77.2580197314728,38.973841781649156],[-77.25827377278817,38.97286813332251],[-77.25929115161037,38.97403632202135],[-77.26691800293798,38.970140504243695],[-77.26657825423172,38.968063535407836],[-77.26835673279841,38.96462305857396],[-77.26742396761071,38.96313039058073],[-77.26928887727352,38.96442812622856],[-77.26751044753337,38.96786861632366],[-77.26827401395832,38.97001039717384],[-77.27234274774085,38.97130758201094],[-77.27302038710754,38.97039870316497],[-77.27471558870805,38.97065788238145],[-77.27463176782393,38.97267003824092],[-77.27581861081708,38.97318896988782],[-77.27700463277658,38.972020294709104],[-77.27564779344195,38.970462902091626],[-77.27954662075287,38.97072137813489],[-77.27895187935947,38.96793053978368],[-77.28081619126776,38.96754050871827],[-77.28115447557063,38.96624224990025],[-77.2853077807726,38.96721444402725],[-77.28615431481428,38.96565635869312],[-77.28742566710685,38.96585061057114],[-77.28632340648761,38.9650072222737],[-77.28674505879891,38.96169678763361],[-77.28470979762551,38.95936085660803],[-77.28597685286383,38.95280475791517],[-77.28351817272448,38.95040405636405],[-77.28080693075505,38.95066458811134],[-77.28105965474091,38.948003306911666],[-77.27961952111245,38.94845811620735],[-77.27868673212002,38.946965536381455],[-77.27597560092025,38.94722596241241],[-77.27512747503313,38.9454087957684],[-77.27343285987159,38.94514962313347],[-77.27258482163622,38.943332439639015],[-77.27029676220833,38.94196995146098],[-77.26690773842907,38.9414514513218],[-77.26580666291478,38.94229547162973],[-77.26521324464153,38.9411921665443],[-77.26267152659047,38.9408031959937],[-77.26190794361078,38.936973802643095],[-77.26267001060658,38.93574043453152],[-77.26377155417268,38.93658402939354],[-77.26301001019432,38.939504991660854],[-77.26402699881498,38.940673135882115],[-77.2664835201273,38.93969904462547],[-77.26741596585126,38.94119171467111],[-77.26860160146474,38.940023125223654],[-77.27080428728397,38.94002261318088],[-77.27097415406662,38.94106108764824],[-77.27385498328465,38.94183924178661],[-77.2741948172005,38.94391618281214],[-77.27673753690048,38.94599250611075],[-77.27987228084362,38.94579683826213],[-77.28029685695118,38.9475492006555],[-77.28233068515911,38.94819761049338],[-77.28199250568045,38.949495869114514],[-77.28622834378068,38.94845587574652],[-77.28690666427904,38.949234513515606],[-77.28555210938046,38.951052413651766],[-77.28817992526515,38.952803937319956],[-77.28699546514747,38.95566030695602],[-77.28750480125824,38.95708807878176],[-77.28623465354386,38.95858141964066],[-77.2909803771652,38.95896903800458],[-77.29004494035017,38.95410135902644],[-77.29123042292889,38.95293255117482],[-77.29004380033571,38.9524137684767],[-77.29215997833161,38.949362267341236],[-77.29122575334324,38.94618219259409],[-77.29139475456883,38.94553305109215],[-77.29258127464011,38.94605182036023],[-77.29232420744196,38.94196276977898],[-77.28884940861319,38.94008185277495],[-77.28766084330981,38.936187874447185],[-77.28554278874478,38.93586411948085],[-77.28478110791656,38.937097628110024],[-77.28351026472231,38.93690334993877],[-77.28139126860229,38.93489193761231],[-77.28156033129608,38.93424281053599],[-77.28283112285328,38.9344371086147],[-77.28300114813064,38.93547556579765],[-77.284271965047,38.93566984914698],[-77.2874907499143,38.935149423550875],[-77.29003468212235,38.938913058670266],[-77.29350823568349,38.93910635483012],[-77.29494684415776,38.93696379809069],[-77.2932523550292,38.93670489651819],[-77.29248840317432,38.93456327967955],[-77.29291080503191,38.93294042393526],[-77.29468967620419,38.9328747575963],[-77.29553561029107,38.931316615894794],[-77.29248481432735,38.92950052319448],[-77.2927382401291,38.928526810559674],[-77.2880789854991,38.92781469341634],[-77.28833136444018,38.925153405862595],[-77.28383740395972,38.9170416625511],[-77.27960156376793,38.91470640571983],[-77.2769761652735,38.914642291030525],[-77.27443375550773,38.9108784004577],[-77.27146959708145,38.91042481872094],[-77.2707065613073,38.90828307532523],[-77.26825052156671,38.90756966574625],[-77.26816532983165,38.90620663901639],[-77.2650316983995,38.904714430255275],[-77.26342212019357,38.90244299198127],[-77.26528370805713,38.89867804052994],[-77.26706237422704,38.90030034915847],[-77.26587793979841,38.903156496736536],[-77.26706358787925,38.90367550709041],[-77.2671487560389,38.905038534132736],[-77.2727392077634,38.90893163893838],[-77.272401039637,38.91022986446031],[-77.27502627506244,38.9102940759835],[-77.27570492754536,38.91276035202827],[-77.2775686950508,38.91405795411889],[-77.27926260153535,38.91431706916026],[-77.2803630981573,38.91347293262907],[-77.28222696688249,38.91477046482196],[-77.28713878172903,38.9145091012265],[-77.28738791546323,38.906785079041576],[-77.28509970243287,38.90373529123888],[-77.28628444471819,38.90256653865113],[-77.28603102296498,38.903540234756676],[-77.28891275519968,38.907693194663885],[-77.28798138928666,38.907888272897644],[-77.28772905738049,38.91054955364304],[-77.28933844966956,38.91113309766066],[-77.287901276145,38.91496316335786],[-77.28519136913332,38.91522378964178],[-77.28485339375112,38.916522050185606],[-77.28603939460754,38.91704087996151],[-77.2873120502506,38.92061029680587],[-77.28926070739975,38.92158315751857],[-77.28884051337253,38.92658116610609],[-77.29316060140503,38.926903955304105],[-77.29392449267581,38.92904556575422],[-77.3015475911016,38.92852281329292],[-77.30256075533345,38.924627886881446],[-77.30187966904217,38.920474171097936],[-77.30077792781287,38.91963091658801],[-77.3012844822069,38.91768345963034],[-77.30280972337584,38.9185914056287],[-77.30162498561963,38.91976031856163],[-77.3034078744299,38.924757276763366],[-77.30197117202805,38.92858751245134],[-77.30315749133044,38.92910617933503],[-77.30425793442603,38.92826182908705],[-77.3095957573962,38.92975185001089],[-77.3101881483308,38.92916735607521],[-77.30891579882181,38.927285754027864],[-77.30730589271099,38.926702462878865],[-77.30764351506197,38.92540413940803],[-77.31323098669495,38.92254509296156],[-77.31661243925069,38.916311996521486],[-77.31881440734632,38.9163106319192],[-77.31898309336513,38.915661455511696],[-77.3163558769177,38.91391059335437],[-77.31635237902034,38.91053543189242],[-77.31228791117755,38.91092728155013],[-77.31017048175794,38.91060394824225],[-77.31033923159849,38.909954784082416],[-77.31330361267831,38.91040743651983],[-77.3144036556599,38.90956299835379],[-77.31762284968332,38.91072937287033],[-77.31880176702708,38.90449756983537],[-77.31617495756367,38.902746706380675],[-77.3157480449248,38.899306899370615],[-77.31159820514407,38.898335733291475],[-77.31007488166483,38.89911547556562],[-77.307618765668,38.89840284673245],[-77.30617977841806,38.89885796130556],[-77.30304568466943,38.897366714869975],[-77.30042089049081,38.89730309671467],[-77.29804934348942,38.89626570361728],[-77.2980480189691,38.89457812629626],[-77.29516628476368,38.89042538564467],[-77.29093278842022,38.88977809982171],[-77.29110166142537,38.88912896357466],[-77.29364172847441,38.88951734892122],[-77.29381057674033,38.888868209004855],[-77.29618182260191,38.889905682235174],[-77.29897784174292,38.89269539586315],[-77.29923375655109,38.8950968284019],[-77.30431589024626,38.89756079186678],[-77.30854995770943,38.89820762122683],[-77.31201997125908,38.89671282025937],[-77.3166792267333,38.899111612780686],[-77.31498210715519,38.895477854446966],[-77.31557244576258,38.893205760593645],[-77.31320081641864,38.89216865789782],[-77.31472396119709,38.8913888778945],[-77.31650355006262,38.89301047547291],[-77.31836574368782,38.89261988426456],[-77.317343240681,38.886389466022415],[-77.31624183588507,38.88554635259079],[-77.31784733836895,38.88275437509051],[-77.31496837557697,38.881977248766454],[-77.31479801957053,38.8809388426656],[-77.31750832044673,38.88236514468679],[-77.31776124792808,38.88139138686371],[-77.31970743679074,38.88067619004081],[-77.31860789136174,38.881520672198],[-77.3177665906895,38.88645411087926],[-77.31954977151179,38.89145081550008],[-77.31912820359042,38.89307375307396],[-77.31650530205175,38.89469805223324],[-77.31599931435801,38.896645565555225],[-77.31769473216075,38.898591732568796],[-77.31989433399798,38.896902771218095],[-77.32116085648774,38.89372152152205],[-77.32420700796085,38.89216174696329],[-77.32454416907309,38.89086338332417],[-77.32835261127491,38.88975733806578],[-77.32995567909377,38.88527762733714],[-77.33122574554926,38.88547142830969],[-77.33173124867862,38.883523855561364],[-77.33367735735527,38.88280843919615],[-77.3340963827375,38.87949788053399],[-77.33773565475296,38.879040742426504],[-77.33764247335034,38.87261505096755],[-77.33450886452748,38.871124604820025],[-77.33492996297224,38.869501619277536],[-77.33357379469119,38.86794488159627],[-77.3317965434898,38.868011105089984],[-77.33230191026483,38.866063534075714],[-77.33594492560842,38.868981591455764],[-77.3358629121971,38.87099376091911],[-77.33857325540835,38.87241960056883],[-77.34034830434254,38.870665708063676],[-77.3439870960875,38.87020838686557],[-77.3439005316111,38.86884541888952],[-77.34533869061146,38.86838986817919],[-77.3451655186646,38.86566393485291],[-77.34245529771403,38.864238240514446],[-77.34541801866936,38.864690122562855],[-77.34600959348613,38.864105462362495],[-77.34626695753543,38.86650678922749],[-77.3488065296888,38.86689404301742],[-77.34948224452381,38.86598475953977],[-77.35295247932396,38.866176389158355],[-77.35405401598854,38.86701917436442],[-77.35650685046129,38.866043309874826],[-77.35608625250158,38.86766636803856],[-77.34787584564604,38.867089570148295],[-77.34415784290553,38.87124675146503],[-77.34678173651504,38.87130944337404],[-77.34856154827656,38.872930576676296],[-77.35109880388572,38.87163021196428],[-77.3579557197162,38.87233789670725],[-77.35711180502307,38.873896452066056],[-77.3544010442214,38.87247101764391],[-77.35414863729565,38.873444849123636],[-77.35135380368315,38.87234395847226],[-77.34890068814644,38.87331972167911],[-77.35288650147338,38.87831400050481],[-77.35381731542476,38.87811843548094],[-77.35542652028417,38.878701119168106],[-77.35348073487451,38.879416876655625],[-77.35136147960458,38.877406675200056],[-77.34992318030527,38.87786229629399],[-77.34864820477988,38.87429354205241],[-77.3456826461824,38.87215416474334],[-77.3427196201464,38.87170228862364],[-77.33976121082584,38.874625485844525],[-77.33840710267668,38.87475637239599],[-77.33925826253522,38.878260662233565],[-77.33832966476436,38.88014369130342],[-77.3360445648221,38.88047000088051],[-77.33587831264025,38.88280677157437],[-77.33266431193866,38.885016023792154],[-77.33199032121168,38.88761279265016],[-77.33072021539601,38.8874189994609],[-77.33080863855757,38.890469555329844],[-77.32302494632832,38.895018437047014],[-77.32184279199262,38.89787511688246],[-77.31921977811048,38.89949947445942],[-77.31888248213319,38.900797825024135],[-77.31752785001291,38.90092848386135],[-77.31710618219786,38.9025514164984],[-77.3204094317078,38.90339313111744],[-77.32134251754714,38.904885388281365],[-77.3183029484971,38.91319541565732],[-77.32000064660593,38.916829136827424],[-77.31686725750822,38.917025817940655],[-77.31669854947025,38.9176749915868],[-77.31813963319944,38.918907335812285],[-77.31763352101176,38.92085486191064],[-77.32220828438271,38.92189045876443],[-77.32195151788827,38.91948906540199],[-77.32330648729554,38.91935835791079],[-77.32364379036382,38.918059992177476],[-77.32593012524073,38.91773390967405],[-77.32635168433008,38.91611094382886],[-77.32829871656695,38.91539560896682],[-77.32855161448741,38.91442182505958],[-77.33041429091338,38.914031051786324],[-77.33328826134478,38.909745081022095],[-77.33625277640718,38.91019718476017],[-77.33786030225448,38.90909251895717],[-77.33946549505593,38.906300253231784],[-77.34344533637643,38.906232117436396],[-77.34276917283216,38.907141372486954],[-77.3401439919549,38.9070785953265],[-77.33904428493418,38.90792326156106],[-77.33803105288169,38.9101308970017],[-77.3397273732055,38.91207676601643],[-77.34548099624651,38.908567067453276],[-77.35064728590844,38.90901694971197],[-77.3514075575402,38.90778304155274],[-77.35598197978115,38.90881739061768],[-77.35674752828297,38.91095860849892],[-77.35844164376057,38.91121664168745],[-77.36198978400296,38.9060206669247],[-77.3651225775003,38.905822845921854],[-77.36977520414509,38.903156910168605],[-77.37003049729253,38.90387062100457],[-77.37443367846373,38.90386595554385],[-77.3751966052809,38.904319480053864],[-77.37384200891194,38.90445075425779],[-77.37384508955186,38.90613833235101],[-77.37240331627908,38.904906637762004],[-77.368931185301,38.90471555193312],[-77.36495432547993,38.906472084186376],[-77.36470194182577,38.907445941257144],[-77.36351553730815,38.90692786467235],[-77.36140078948098,38.908292985266534],[-77.3608959077844,38.91024068500803],[-77.36377647735422,38.9110167471731],[-77.36555763761426,38.912637644377384],[-77.36623937714708,38.91510342454109],[-77.36869662940401,38.91581489336521],[-77.36793656684992,38.91704890881728],[-77.36446100501273,38.91517011690715],[-77.36445814141626,38.913482536605244],[-77.36072760788531,38.91088991790806],[-77.3588651745054,38.9112811463692],[-77.35912038922241,38.911994880416835],[-77.3513259275936,38.909795230882985],[-77.34768520430467,38.91025276979027],[-77.34794030586569,38.9109665267491],[-77.34590693364811,38.91031919601065],[-77.34125297604828,38.91298423841854],[-77.33828831651581,38.91253225406687],[-77.33786254943975,38.91078009883759],[-77.33659202402869,38.91058636524907],[-77.33625498638159,38.91188476491246],[-77.33413742279704,38.91156184086716],[-77.33075560787705,38.91610782962715],[-77.32813011419636,38.916044798021225],[-77.3276242890504,38.91799236414336],[-77.32356138182139,38.92007216586074],[-77.32297107467903,38.9223443056568],[-77.31805886028404,38.92260708889959],[-77.31636462307956,38.922348503585944],[-77.31627851358367,38.92098550744059],[-77.31492350129443,38.92111613816689],[-77.31077728955256,38.92520769114611],[-77.31010214637641,38.92780435438971],[-77.31086654532722,38.92994586071603],[-77.30807175527102,38.93053157089874],[-77.30824213137929,38.93156999288691],[-77.31213899172303,38.93182744343182],[-77.31273304461476,38.93293052245646],[-77.31646124603957,38.933837006684946],[-77.32408275542574,38.93162528343822],[-77.32289814712678,38.93279440164366],[-77.3239160025714,38.933962053528035],[-77.3225607625088,38.93409276793637]],[[-77.28344350128745,38.9676045425565],[-77.28293514663233,38.967864345861244],[-77.28335893996793,38.967929108949555],[-77.28344350128745,38.9676045425565]],[[-77.28495832048964,38.949949201683246],[-77.2839418649357,38.950468817296624],[-77.28487378643149,38.950273768274116],[-77.28495832048964,38.949949201683246]],[[-77.29333926821796,38.93975549862513],[-77.29325599760288,38.94176765802442],[-77.29495060457256,38.942026559729115],[-77.2951195629422,38.941377413533054],[-77.29333926821796,38.93975549862513]]],[[[-77.32307636101717,38.94058314884653],[-77.32027389889099,38.93441878903251],[-77.32417674655713,38.93973862053966],[-77.32307636101717,38.94058314884653]]],[[[-77.26105982025143,38.93346895621512],[-77.26224592756371,38.93398801473468],[-77.26267001060658,38.93574043453152],[-77.26156849256448,38.93489682998523],[-77.26105982025143,38.93346895621512]]],[[[-77.2462377053348,38.96495052446986],[-77.2492886376871,38.96508016983537],[-77.25005121278575,38.96384687431189],[-77.25140713668561,38.963716951679054],[-77.25174592775018,38.96241877383051],[-77.25420365646718,38.963132515731864],[-77.25454239493533,38.96183433035955],[-77.2530165682614,38.95923819287251],[-77.25369403921245,38.95664182940726],[-77.25437177488338,38.95573305437518],[-77.25716796414721,38.955148552294894],[-77.25496514737067,38.95683641360503],[-77.25437271410779,38.96079583031856],[-77.2558982733264,38.9617043586867],[-77.25488144621102,38.962223737055936],[-77.25488177111629,38.96391133021999],[-77.2519155748827,38.9634572777106],[-77.25157678201003,38.96475545622066],[-77.24878017878136,38.96533983310151],[-77.24767868960011,38.96787128954826],[-77.2462377053348,38.96495052446986]]],[[[-77.26234398207684,38.9792284363035],[-77.26174934665876,38.97474991569351],[-77.26259697655145,38.97487958526504],[-77.26446319553536,38.979552589446484],[-77.26336099353264,38.97870899546029],[-77.26234398207684,38.9792284363035]]],[[[-77.2971105964035,38.99635317896921],[-77.29787268854064,38.995119583825],[-77.29693892687074,38.993627130866706],[-77.29558252700812,38.99375755163754],[-77.29685179840642,38.99057650702949],[-77.29583358534327,38.98940862340004],[-77.29312093407651,38.989669425796144],[-77.29201706028714,38.98713848576834],[-77.28879489638034,38.98597143375351],[-77.28828533278124,38.98454366106394],[-77.28557283583497,38.98480429830206],[-77.28548722920259,38.98344126861266],[-77.28379169143916,38.98318223604492],[-77.28557594646166,38.989867095812684],[-77.28667857502874,38.9907104939267],[-77.28472911834703,38.99142518292643],[-77.28311406756723,38.98409117546406],[-77.28133393389925,38.98415667625848],[-77.2803160597368,38.982988666507936],[-77.2781966756158,38.9826647838982],[-77.27845047775764,38.981691092986836],[-77.27980668338762,38.98156085966778],[-77.27946561840776,38.977796325597154],[-77.28175402778226,38.9774710548966],[-77.27997314798621,38.97584893965201],[-77.284296121378,38.976172039968624],[-77.28395784696338,38.97747030928058],[-77.28065257947416,38.97831521141334],[-77.28065442477762,38.98169040603359],[-77.28370612007777,38.98181920546626],[-77.28514791529848,38.98305194433049],[-77.28599568356715,38.98318145424196],[-77.28777143810306,38.97636549785214],[-77.29133130946828,38.97623428623168],[-77.29514724125944,38.97850444116685],[-77.29556983887495,38.976881566055646],[-77.2976033072257,38.975842131962175],[-77.30099415106547,38.97635979599562],[-77.30294304441719,38.975644853213],[-77.30743657850293,38.97700558325433],[-77.30930255711442,38.97830272008142],[-77.30904917961129,38.979276473530284],[-77.31210082378736,38.97940457472441],[-77.31413752475345,38.98174006331961],[-77.31795088124078,38.98063432382835],[-77.31871065025129,38.97771300725159],[-77.32040618475972,38.97797156254967],[-77.32210361518291,38.97991769129583],[-77.32490213775809,38.98101925756481],[-77.32473529802489,38.983356045511634],[-77.32651735920665,38.98497752007875],[-77.3357596821781,38.98672330556542],[-77.33931768993635,38.98490311915437],[-77.33931997326394,38.986590717191454],[-77.3356753320141,38.98704790850096],[-77.33491614667038,38.98996933307526],[-77.33763090333065,38.99139521660517],[-77.33720915964449,38.99301823840897],[-77.33585064032216,38.991461499380904],[-77.3333933006827,38.99243697159877],[-77.33381081465373,38.98743876487333],[-77.33058796741233,38.98627279789083],[-77.32821511651113,38.98692356732072],[-77.32795994214875,38.9862097620754],[-77.32541631670138,38.985822074756555],[-77.32218990352303,38.981280694893144],[-77.31862803774743,38.979725194753044],[-77.31930699636209,38.98050365890389],[-77.3179526689054,38.98232192111073],[-77.31838017282159,38.98576176063485],[-77.32160467430958,38.988615643364966],[-77.32254266629054,38.99348310936452],[-77.3209311861881,38.99289998946948],[-77.32067236026481,38.988810969410196],[-77.31787181608894,38.98602170776348],[-77.3171048538213,38.98219262950992],[-77.31566426894324,38.982647859514856],[-77.31600722942738,38.98641229662317],[-77.31516109319989,38.98797059043783],[-77.3143925478502,38.98245389648481],[-77.30981408826518,38.981418002246265],[-77.31006746298944,38.98044424691833],[-77.30718471843687,38.979666929446005],[-77.3062509640725,38.97817455010302],[-77.29896071668271,38.97739928573089],[-77.29472462479485,38.980127315238754],[-77.29302913137128,38.97986840899809],[-77.29048476322009,38.97779240934872],[-77.28650413430081,38.982921637798654],[-77.28904745084547,38.983310122368984],[-77.29099897293361,38.98597056310257],[-77.29277914226606,38.98590492366731],[-77.29464633506194,38.98888988190104],[-77.29820680677435,38.98875847281224],[-77.29761515060167,38.99103051438977],[-77.29931227602479,38.99297695871634],[-77.30601265351166,38.996024287618994],[-77.30440272336381,38.99712855423947],[-77.30423224853007,38.99609011695899],[-77.301772916002,38.995377362529624],[-77.29693762633367,38.991939530374964],[-77.298720620069,38.995249007058845],[-77.29880783249229,38.998299631818995],[-77.2975358827655,38.998105495597294],[-77.29821345698002,38.997196475467284],[-77.2971105964035,38.99635317896921]]],[[[-77.25480225585895,38.99123742695491],[-77.24700217961436,38.98565599710381],[-77.24649343830724,38.98422805304178],[-77.25166473559217,38.98636966330324],[-77.25505640096634,38.99026378262534],[-77.25480225585895,38.99123742695491]]],[[[-77.27532457189281,39.003825535077674],[-77.27252665751972,39.00441045067352],[-77.27048997077202,39.000386668231805],[-77.26565640169284,38.998635217056695],[-77.264978407319,38.99954405963368],[-77.26659018251658,39.00181550933408],[-77.26421516951153,38.99908985098274],[-77.26073929095601,39.00058333533702],[-77.2610780871758,38.999285124703526],[-77.26285860921972,38.999219914277425],[-77.26277290307189,38.996169264036915],[-77.26446921607514,38.99811618618566],[-77.271083251011,38.999802355045695],[-77.27735654324876,38.99772362043743],[-77.28015598428277,39.00051380110654],[-77.28668495112207,39.000836102222586],[-77.2877031772543,39.00200406299293],[-77.28753401189879,39.002653204978415],[-77.28558320627432,39.00168030556293],[-77.2822768576888,39.00252525414889],[-77.27574614061338,38.99882751565505],[-77.27116860702134,39.0011653981368],[-77.27235589019298,39.001684365188005],[-77.27244127225654,39.003047407811906],[-77.27473050735438,39.00272226535361],[-77.27668119576823,39.00369533546413],[-77.2770213993446,39.005772288056455],[-77.27532457189281,39.003825535077674]]],[[[-77.26040002955074,39.00019394236816],[-77.26023107395406,39.00253065005545],[-77.25946826593425,39.003764015456376],[-77.25912814930383,38.999999412568386],[-77.26040002955074,39.00019394236816]]],[[[-77.26786336691907,39.00538516999379],[-77.26659018251658,39.00181550933408],[-77.26743813639253,39.001945146383555],[-77.26786336691907,39.00538516999379]]],[[[-77.24598602255313,39.001363713870774],[-77.24344236479438,39.0026619490138],[-77.2425944453519,39.002532148053255],[-77.24335752651703,39.00129888659294],[-77.24598602255313,39.001363713870774]]],[[[-77.23937239294783,39.00136381034766],[-77.24208570078729,39.00279178537968],[-77.2420009140527,39.00311632531605],[-77.23954195426064,39.00240233732603],[-77.23937239294783,39.00136381034766]]],[[[-77.2763525357647,39.02524486999349],[-77.27592678759085,39.02180486434599],[-77.27677582436914,39.02362204685856],[-77.2763525357647,39.02524486999349]]],[[[-77.28416312963982,39.03757493850936],[-77.28746888693955,39.03335471037368],[-77.29205029821738,39.034391437520036],[-77.29493254097785,39.03179388996867],[-77.2977313286339,39.03120846678736],[-77.29900115969251,39.028027380902245],[-77.29891929184022,39.03172718232686],[-77.29713800631355,39.031792910305924],[-77.29094810724824,39.035235693127326],[-77.28806339499933,39.03445792468887],[-77.28433341511338,39.03861341039574],[-77.28416312963982,39.03757493850936]]],[[[-77.25973201961628,39.03991774745804],[-77.26261664530759,39.0406961746224],[-77.2635503068842,39.04218889720774],[-77.25998671259265,39.04063169903268],[-77.25973201961628,39.03991774745804]]],[[[-77.26584719162192,39.06042770399508],[-77.2644867478554,39.052119693575754],[-77.26185591302479,39.050367640383826],[-77.26202492756754,39.04803091186582],[-77.26270442475597,39.05049731081857],[-77.26584429234615,39.051989611336964],[-77.26584603183085,39.05705246542422],[-77.26737375452139,39.057960866829305],[-77.26644040552685,39.05815578773928],[-77.26584719162192,39.06042770399508]]],[[[-77.22494119022024,39.07847377431046],[-77.22358347930341,39.07691578507129],[-77.22553654220151,39.07282679797953],[-77.22842239665059,39.07191840018968],[-77.22825283204772,39.07087984574555],[-77.2300351373787,39.070815105332585],[-77.23419419906129,39.0667261594905],[-77.23606128500269,39.06633679459024],[-77.23716467091647,39.063805400505125],[-77.24013488703007,39.06257219227337],[-77.24038948912525,39.05991094644522],[-77.2421714844298,39.05815841266119],[-77.24055921589043,39.0575742432758],[-77.24081378368314,39.05660061738854],[-77.24420806712124,39.05880745893954],[-77.24488678060986,39.056211101952066],[-77.24624443655162,39.05608123380586],[-77.24811101639206,39.05400407039796],[-77.2502323461967,39.05432847053374],[-77.25023212881896,39.05264085276229],[-77.25150490624135,39.05283547541036],[-77.25014710491396,39.051277783600824],[-77.25057113002889,39.049655042651],[-77.25506792815433,39.049330068370786],[-77.25684931026576,39.047577327334096],[-77.2592252049971,39.04861553201494],[-77.26024230992861,39.044720879529585],[-77.25693333675444,39.043877544003756],[-77.25625481145003,39.04478634573632],[-77.25404895163557,39.044786599387315],[-77.25235182882554,39.04283951985416],[-77.24895823141165,39.04232052120876],[-77.24827962095635,39.04322927913029],[-77.25048543354127,39.04322912793248],[-77.25048565677046,39.044916742939705],[-77.24531043630407,39.04615029325982],[-77.24072896084763,39.040048996265625],[-77.23784459524056,39.039270060892804],[-77.23733549467345,39.04121729427087],[-77.23283930549084,39.039854012172505],[-77.23080312155568,39.040892395524274],[-77.22969986188112,39.04342372293059],[-77.23029357560162,39.044527215469415],[-77.22766322663217,39.046149670811296],[-77.22774782300232,39.047512754105306],[-77.22545696773697,39.04783703257395],[-77.22426888048003,39.04900522924995],[-77.2245228775879,39.051406871505606],[-77.22604996515012,39.052315780065946],[-77.22443719290182,39.05510663754995],[-77.22562431553315,39.05900129395222],[-77.22460553357911,39.06120805217416],[-77.22367362511677,39.054652175463],[-77.22511657792275,39.052510390317984],[-77.22358949794231,39.05160147025307],[-77.22358989903587,39.049913853306954],[-77.22087473180223,39.050173079339],[-77.22605099704782,39.04725293006378],[-77.22800282576046,39.04485154071912],[-77.22409981788677,39.04627905748391],[-77.2187551942889,39.04478533040803],[-77.21901000927612,39.043811751397584],[-77.22443948124217,39.044980937105485],[-77.22630606100226,39.04459172028096],[-77.22706985986724,39.04335855035562],[-77.22859681022629,39.04426742633691],[-77.23122751780735,39.03926972354845],[-77.22910671216893,39.03894499975451],[-77.22749466423734,39.040048276374016],[-77.2249496925026,39.03965852694135],[-77.22478025273018,39.0386199736579],[-77.22257458000367,39.03861966838047],[-77.22232026143588,39.03790564039293],[-77.22461081779792,39.037581420327534],[-77.22511950264649,39.039009466409304],[-77.22673123547598,39.039593834267315],[-77.22842817385697,39.03816603514109],[-77.23020967716602,39.03810129259122],[-77.23555404471071,39.03959452510304],[-77.23792951089116,39.03725790857057],[-77.24005030671233,39.03758248162261],[-77.2401351253267,39.03894555446016],[-77.24225598021629,39.039270089944054],[-77.24217118194586,39.04128224591438],[-77.24352862573025,39.04284002219496],[-77.24658295427629,39.04465735068333],[-77.24938223082354,39.04069778683346],[-77.25532126630203,39.04329356765025],[-77.26372030874995,39.04322739815109],[-77.2635503068842,39.04218889720774],[-77.26516241893077,39.04277276665035],[-77.26482349299656,39.044070997768905],[-77.26092078477967,39.04381205602665],[-77.25990417077702,39.04939432974534],[-77.25701922901197,39.048615838413824],[-77.25532260830131,39.05004403066964],[-77.25133481343777,39.050109339003704],[-77.25141985824499,39.05147240707366],[-77.25320166709567,39.05140733459972],[-77.2534563361915,39.05212130098353],[-77.2526928928835,39.053354634991805],[-77.25082622946667,39.053744248905005],[-77.2522688935521,39.05497738423491],[-77.25362651326063,39.05484743544545],[-77.25489966413825,39.056729641865964],[-77.2539666015953,39.058612088057096],[-77.25642832695387,39.0627010370666],[-77.25481649076978,39.065492293922034],[-77.2559199096009,39.066335975916644],[-77.25498675016097,39.068218432994655],[-77.2532045307867,39.0682835312635],[-77.25116808054597,39.07100987641555],[-77.24913109378176,39.0703609428091],[-77.24624556006222,39.071269821257786],[-77.24743396291123,39.073476656382105],[-77.24565171891051,39.07522927046576],[-77.24369978904849,39.081006201281525],[-77.24242653914126,39.08081149767998],[-77.24208702962781,39.08210967553056],[-77.24089864868242,39.08159041184276],[-77.2393707254701,39.08236930733306],[-77.2413230571826,39.07996769364649],[-77.24319044512428,39.07957822068645],[-77.24319033727483,39.07620297035284],[-77.24539704551377,39.074515285138],[-77.24497256920392,39.07276276741383],[-77.24115327619997,39.075553905357175],[-77.24217175678547,39.073347005784946],[-77.24811252993598,39.06919265220189],[-77.2505738335782,39.06990647851358],[-77.2524406447351,39.067829244941194],[-77.2542228536544,39.06776415763421],[-77.2542225435838,39.066076535843756],[-77.25303433808679,39.06555738971746],[-77.25507056557056,39.062831016654194],[-77.25303349072591,39.06049452786805],[-77.25354201155396,39.05685960461124],[-77.25142034814911,39.054847642420356],[-77.24734746262574,39.055237371962484],[-77.24599006221821,39.05874248981969],[-77.2412380739402,39.06004076371833],[-77.241492670271,39.06244237590918],[-77.24081377862436,39.06335109624593],[-77.23903166592073,39.06341599117387],[-77.23724938199369,39.06685610309235],[-77.23589150872483,39.066985873187214],[-77.23275104305964,39.07055567812547],[-77.22995021747982,39.07113964079506],[-77.22952560660944,39.07276231752319],[-77.2328352036732,39.076981636152155],[-77.22782667064953,39.08094064055509],[-77.2245160449079,39.08178406217958],[-77.22375219632067,39.08132959839221],[-77.22494119022024,39.07847377431046]]],[[[-77.28044838440863,39.0704198224366],[-77.2827406779733,39.071782151447835],[-77.28019429918497,39.07139353185895],[-77.28044838440863,39.0704198224366]]],[[[-77.27358569291111,39.0967098555585],[-77.27281841202837,39.089505173087154],[-77.27527904790364,39.08684325590188],[-77.27604327660175,39.087297403388],[-77.27510957404583,39.08749239046459],[-77.27392240451915,39.09034869890997],[-77.27409498251558,39.096450084907474],[-77.27536939267009,39.098332095832596],[-77.27443710600997,39.10190234244742],[-77.27324741799609,39.09969575398748],[-77.27154921074393,39.09943654901908],[-77.27384148702248,39.09911141750617],[-77.27435001480808,39.09716401429751],[-77.27358569291111,39.0967098555585]]],[[[-77.27188899534075,39.09982591825457],[-77.27095581952979,39.10170850690932],[-77.27010669495304,39.101578891620804],[-77.27061534011881,39.099631502779005],[-77.27188899534075,39.09982591825457]]],[[[-77.2740996138976,39.10657588002709],[-77.27308088910151,39.107095420296474],[-77.27477691761713,39.10229170397189],[-77.27520148785806,39.10235649639938],[-77.2740996138976,39.10657588002709]]],[[[-77.24021928436488,39.11456413413539],[-77.23741674169345,39.11683590728667],[-77.237841433917,39.11521319013038],[-77.24021928436488,39.11456413413539]]],[[[-77.23987957763785,39.115862314267986],[-77.24149313452318,39.1164464988023],[-77.2412383746886,39.11910777501367],[-77.24072881196965,39.1176797739913],[-77.23911523383494,39.11709557939717],[-77.23987957763785,39.115862314267986]]],[[[-77.25406334667345,39.12410508387605],[-77.25576241439792,39.12605216933281],[-77.25601737042128,39.12676614042071],[-77.25363896491257,39.125727859256514],[-77.25406334667345,39.12410508387605]]],[[[-77.22875338220241,39.12293682775985],[-77.2263758286971,39.12021038698482],[-77.22714042157976,39.11897719942652],[-77.22926328566784,39.120989600245345],[-77.22883836801202,39.122612289934054],[-77.23087663889766,39.12326156259125],[-77.23019679794149,39.1258578756324],[-77.22875310068932,39.12462446766694],[-77.22875338220241,39.12293682775985]]],[[[-77.23427250972895,39.138969845205715],[-77.22824198440722,39.13332226239043],[-77.23121497101414,39.13377689416949],[-77.23180923595268,39.13656804202746],[-77.23435748963608,39.138645302567646],[-77.23580167860584,39.13819100385756],[-77.23953945740475,39.139099831848434],[-77.24081372418311,39.13591927804438],[-77.2391148264332,39.1339719845253],[-77.24132339540911,39.133971996053056],[-77.24106857252376,39.1383209257251],[-77.23970934274799,39.14013838448581],[-77.23826513949562,39.14059272874905],[-77.23546178236545,39.13948917801697],[-77.23342284192697,39.14052762369808],[-77.23427250972895,39.138969845205715]]],[[[-77.23418535455671,39.16292147731963],[-77.23146599813508,39.163180940525685],[-77.23019084318037,39.16636141644041],[-77.22840619188896,39.16642616028335],[-77.22891585438487,39.16785422598135],[-77.22687537279764,39.172267882676955],[-77.2283199858356,39.173501324531856],[-77.22696010137318,39.173630999752696],[-77.22457981843355,39.17596746771785],[-77.22067016158135,39.175707254839864],[-77.22186082284976,39.172851406645464],[-77.22466526177705,39.173955271577256],[-77.2249208218011,39.171293999498964],[-77.2237311034634,39.17077456246487],[-77.22483650701366,39.168243226143495],[-77.2238169606839,39.16707471398619],[-77.22084265660482,39.166619902220475],[-77.2197376298064,39.167463546913105],[-77.21650862412015,39.166294580196656],[-77.21438355717777,39.16765725188218],[-77.20971044735181,39.165254506894044],[-77.20656523993591,39.167136063558836],[-77.20495083745976,39.16655141976122],[-77.20699091614132,39.16551343527048],[-77.20776016429197,39.15584209414276],[-77.20894952362394,39.15636168224265],[-77.20792657094732,39.16363130311178],[-77.21268462571608,39.16570958464064],[-77.21523395113694,39.16609959472869],[-77.21608430859905,39.164541932275704],[-77.21888833863632,39.16564592545193],[-77.22058790660016,39.165905853232736],[-77.22169289980283,39.16506220126649],[-77.22628168361659,39.166101380392625],[-77.22713180402076,39.16454364244389],[-77.22645211282959,39.16376464838281],[-77.22925627050444,39.164868407712305],[-77.22951163022415,39.16220713133186],[-77.23078627319205,39.16240197036619],[-77.23265602922024,39.160324996631275],[-77.22755793364496,39.15785798726684],[-77.22084684616141,39.15143103434671],[-77.21744785383021,39.15259881365519],[-77.21668386660843,39.15045665087251],[-77.2145598780977,39.15013167191257],[-77.21422078500925,39.14805449375589],[-77.21668442876752,39.14876900220488],[-77.21642921421972,39.149742595779465],[-77.21855319971452,39.15006754279511],[-77.21838307110698,39.15071660794431],[-77.22339571403504,39.151820876035245],[-77.22696333463875,39.15675445783285],[-77.22942739903758,39.1574687151841],[-77.23078674196377,39.15902666515528],[-77.23639501233217,39.15954627078625],[-77.23936915882989,39.158313058030835],[-77.23962409584581,39.15733941569012],[-77.24191834334204,39.15701486913971],[-77.2431929284296,39.15720958085321],[-77.24480752258245,39.15948137914006],[-77.24761163705851,39.158897071492],[-77.24489229229958,39.15578152499824],[-77.2465917223642,39.15604109702389],[-77.247016438852,39.15441833571381],[-77.2489708318532,39.15539186833456],[-77.24914050563369,39.153055110546845],[-77.25423837556376,39.15214593259907],[-77.25449309151253,39.151172261047094],[-77.25228373395123,39.14948483442985],[-77.25568236428904,39.15000375266239],[-77.25772125240894,39.148964940093194],[-77.25950458186502,39.14552448029795],[-77.2627328475046,39.14500467864807],[-77.26409159203843,39.143186966533776],[-77.26196760425145,39.14286279756501],[-77.26120335140635,39.14409620509578],[-77.2589095983535,39.144421106423806],[-77.25780495813086,39.143577438337864],[-77.25585146119407,39.14597934059434],[-77.25415192477537,39.14403224853814],[-77.25117837471674,39.14357816413172],[-77.2492244643211,39.14429231514429],[-77.24956413698018,39.142994102119964],[-77.24693051058476,39.14292934888372],[-77.24531642483105,39.144032878319756],[-77.24582603225304,39.14208557467711],[-77.24276766856647,39.141955840051146],[-77.24106858649165,39.14338386281863],[-77.24200307275872,39.14150148314694],[-77.24004914705206,39.14052784384615],[-77.24030401250793,39.13955420367543],[-77.24225791543205,39.14052783878009],[-77.24336227063858,39.13968399881749],[-77.24591084696367,39.140073378224955],[-77.24616550910996,39.13741208132845],[-77.24820469133306,39.14143636249901],[-77.25279208412613,39.14078691278073],[-77.25270690895246,39.13942382266546],[-77.25389632084595,39.13994297924599],[-77.25398151895686,39.141306068690284],[-77.25695499349581,39.14176008587452],[-77.2578898382442,39.14325287932713],[-77.25975876488585,39.14286315264477],[-77.25924867123393,39.14143522076804],[-77.26324147462974,39.14136965717818],[-77.26315610261501,39.14000657406572],[-77.2619666234804,39.13948750603168],[-77.26332528395872,39.137669804327416],[-77.2622206951364,39.13682617661477],[-77.26357982728557,39.136696117053965],[-77.26544798338183,39.134618661596335],[-77.26391867206802,39.13371022334496],[-77.26137069901353,39.135008856815475],[-77.2582277371965,39.13520406335182],[-77.26145507473264,39.13299665266905],[-77.25975613084111,39.13273728491283],[-77.25882138309603,39.13124450865971],[-77.25695275043593,39.131634220344566],[-77.25720735804812,39.13066054729704],[-77.2549988898043,39.13066081784471],[-77.25635755954366,39.128843195486226],[-77.2555078035696,39.12702583852721],[-77.25941582627426,39.13066023753049],[-77.2616242944804,39.130659888544905],[-77.26298382623486,39.13221747808831],[-77.26595698489733,39.13267127922853],[-77.26655138234263,39.13208697382629],[-77.2636625545187,39.12962098266801],[-77.26366149515364,39.126245700141574],[-77.26485076952328,39.12676475058772],[-77.26655078549683,39.13039933146126],[-77.26875924572622,39.13039885576998],[-77.2699479487603,39.12923021593871],[-77.26986381274115,39.131242424319964],[-77.27113731693272,39.129749206570665],[-77.27648927017147,39.13124070308467],[-77.27631887967287,39.1302022026232],[-77.27419521708693,39.12987824330544],[-77.27402486258963,39.128839739983825],[-77.27759223289644,39.128708919086264],[-77.27334424796328,39.12637336691777],[-77.27317391385526,39.12533486315487],[-77.274532811332,39.12520468419902],[-77.27436324128709,39.12585382253154],[-77.27801609683671,39.127086061050825],[-77.27877988514065,39.12585255446211],[-77.27767529654238,39.12500906601267],[-77.28064825186527,39.12546251527215],[-77.28124247210978,39.124878140500606],[-77.27843819579012,39.12208792251957],[-77.27699459385138,39.12254271480177],[-77.27724890090953,39.12156900250334],[-77.27503991521723,39.11988199016449],[-77.27087801752093,39.11890942664997],[-77.27070773617817,39.117870921038325],[-77.27257667766914,39.11916864175971],[-77.27452968254723,39.11845412753666],[-77.277078522239,39.12053050507599],[-77.27920192436508,39.12085441455829],[-77.27903151944642,39.119815919953275],[-77.28039030316592,39.119685677129425],[-77.280306467507,39.121697888754554],[-77.28378873704767,39.12189146317076],[-77.2843839139341,39.12299471300585],[-77.2865074206774,39.12331849789136],[-77.28506179098757,39.12039810561461],[-77.28693105395595,39.12169561121068],[-77.28854290312364,39.118903908444445],[-77.28522919118771,39.11637367772326],[-77.28896646517542,39.11728101623881],[-77.28845487138057,39.114165574698276],[-77.28658577496806,39.112868093923154],[-77.2891336418596,39.11325658554754],[-77.28947132692142,39.11027063616293],[-77.2897288291732,39.114359807931045],[-77.29074869565835,39.11552776719511],[-77.29338136730276,39.115591592295125],[-77.29355196747434,39.116630066362774],[-77.29066515176069,39.117539984151115],[-77.29041103866778,39.118513723106865],[-77.29202506064357,39.11909725209761],[-77.29041218982236,39.12020136132717],[-77.29143214932267,39.121369316322166],[-77.29015920934525,39.12286273938145],[-77.29330276947374,39.124354365971826],[-77.29568042314033,39.1237042482487],[-77.29593320423689,39.121042858524675],[-77.29712262397082,39.12156159977324],[-77.29720992095127,39.124612294070396],[-77.30035231934846,39.12441610284392],[-77.29941684439176,39.122923634327094],[-77.30222053321579,39.12402573965724],[-77.3014543465666,39.12188411071915],[-77.30485352295942,39.124089321956774],[-77.30621082192016,39.12227115755284],[-77.30425508040817,39.11961089244614],[-77.30748342146076,39.12077757037076],[-77.30561231066154,39.11779273617793],[-77.30807582583839,39.11850542990656],[-77.30739260623817,39.114351611728694],[-77.30909287509063,39.11629796448066],[-77.31113005292222,39.11525828368605],[-77.31104707396713,39.117270514184405],[-77.30994384616046,39.118114951141145],[-77.31121793065364,39.118308964336315],[-77.31028553684523,39.12019185479747],[-77.31113495064785,39.12032119609581],[-77.31096571914782,39.12097038366553],[-77.30969158864215,39.1207763677844],[-77.30952553381547,39.12480083196361],[-77.31122446954862,39.12505951937918],[-77.31249701484025,39.123565880065485],[-77.31309264151591,39.12466899280505],[-77.3159812048973,39.12544619272572],[-77.31691351849798,39.12356325760783],[-77.31869703686468,39.123497244870684],[-77.31818951387365,39.12544483922974],[-77.32005765829393,39.12505420798923],[-77.32065341201235,39.12615728483552],[-77.32319810088562,39.12316980001612],[-77.32099917099349,39.1316094451109],[-77.31964023712175,39.131740131992444],[-77.31836769551394,39.133233846835],[-77.31666854309861,39.13297525659022],[-77.31633187081202,39.13596129311776],[-77.31539591872098,39.13446894139458],[-77.31488823050918,39.136416526547315],[-77.31335994777258,39.137196339707295],[-77.31403862174862,39.136287210472965],[-77.31437538984298,39.13330117995825],[-77.30877174622283,39.1361603787659],[-77.311317274409,39.13317313113783],[-77.31471384632609,39.13200279221095],[-77.31326859202699,39.130770364434916],[-77.31675138423466,39.13096301609002],[-77.31759915238344,39.1294046719538],[-77.31598469589511,39.1288214737579],[-77.31394720709422,39.129861236872856],[-77.31394550887715,39.12817359569567],[-77.3109722348389,39.12772094227066],[-77.3086807977666,39.12973440146799],[-77.30935786900089,39.127137658240244],[-77.30731878838438,39.12648967173272],[-77.30596143832018,39.128307849750634],[-77.30477184496831,39.12778919235741],[-77.30400847779953,39.1290228590199],[-77.30264956177673,39.12915336017239],[-77.30290498961865,39.12986723548391],[-77.30205547882359,39.129737837720725],[-77.30188756223309,39.13207465621712],[-77.30001913950916,39.13246501502565],[-77.29925564244833,39.133698653665455],[-77.2980660086855,39.13317993156682],[-77.29730378249627,39.136101201882255],[-77.29543396338063,39.134803848498244],[-77.29763991848878,39.13142757436653],[-77.29330886225783,39.13279257232872],[-77.29118504815658,39.13246890297914],[-77.29127093742342,39.13383196471847],[-77.28957186757647,39.13357300424275],[-77.29467536587975,39.142788039306076],[-77.29374099980312,39.142983168459686],[-77.29305958292731,39.14051689633297],[-77.29101910647773,39.13818099600735],[-77.28974472730903,39.13798677507445],[-77.28957639545477,39.14032358081013],[-77.28711339650066,39.14129816282439],[-77.28456658775231,39.144284919860596],[-77.28286729721731,39.14402586724215],[-77.2822738957519,39.146297899150625],[-77.28065934749144,39.14571424040054],[-77.28099846473452,39.14441594122683],[-77.28218720024543,39.14324718110768],[-77.28541520214809,39.14272679102321],[-77.28753712113208,39.139675268236395],[-77.2883867223062,39.13980476543249],[-77.28863982676977,39.13714338197757],[-77.2855815950325,39.137014700232015],[-77.28736439156214,39.13526149283323],[-77.28405097781966,39.13441886552354],[-77.2854100257766,39.134288567469035],[-77.28489948798574,39.132860743316996],[-77.2865985245048,39.13311976758855],[-77.28778698497572,39.131950956624806],[-77.28430422240726,39.131757493784214],[-77.28404897077009,39.13104358001178],[-77.28269095301985,39.132861505633635],[-77.28107670013686,39.13227785388854],[-77.28175763272633,39.13474418753671],[-77.2801442582696,39.13584816701306],[-77.28175858302649,39.13643183127987],[-77.28057087492127,39.139288230411395],[-77.27972129373268,39.13915867984041],[-77.27972039074567,39.137471035152636],[-77.27844605426702,39.13727669847873],[-77.27870039346207,39.13630298034862],[-77.27504785700619,39.13675840355202],[-77.27394237720448,39.13422723649056],[-77.2708849919555,39.135785837019654],[-77.27411351579356,39.136953385019986],[-77.27343433579072,39.13786229643107],[-77.27411428846217,39.1386410295688],[-77.27589821590153,39.138575630498195],[-77.27700383008491,39.141106782399234],[-77.27454063583916,39.14208111559095],[-77.2733510413438,39.141562156217404],[-77.27471102878019,39.143119620979064],[-77.27335179633928,39.143249802349594],[-77.27309736108249,39.144223510913534],[-77.2716525700547,39.14299059657599],[-77.27292847897726,39.14656029705029],[-77.26952988661102,39.146041850384314],[-77.26732156545002,39.147729987469255],[-77.2662167771425,39.14688639352016],[-77.2655374053668,39.14779526364372],[-77.26732218035501,39.149417635765275],[-77.26902154159967,39.14967690103791],[-77.26885186512055,39.15032603506658],[-77.27301553665671,39.15129867252265],[-77.27395083445457,39.152791348164506],[-77.27871006764184,39.15486709955158],[-77.28032572105103,39.1571384356158],[-77.27548067324295,39.15369966658263],[-77.26851250305971,39.15162430269037],[-77.2685131456824,39.1533119523361],[-77.2667288494906,39.15337724567587],[-77.26638943520082,39.15467550832714],[-77.27165972687294,39.159867089298444],[-77.26460510358649,39.15474077122421],[-77.26367156309902,39.15831097720545],[-77.26095248489351,39.158571084628704],[-77.26239840535325,39.16317943290768],[-77.26044362261742,39.16220610966048],[-77.25976315659337,39.159739645475135],[-77.25670439241233,39.16129790556514],[-77.2574685168696,39.158376869229535],[-77.25831828323814,39.15850657231226],[-77.26103643073664,39.154871220241425],[-77.26044134734221,39.15376785157002],[-77.2624792683359,39.149353661839335],[-77.2607794751919,39.147406658997504],[-77.25916550041151,39.14851036914851],[-77.25704250677848,39.15324906295464],[-77.25517329818936,39.15363874965312],[-77.25491858270954,39.154612423095074],[-77.2523694476823,39.15422322709744],[-77.25152023732122,39.157468785230435],[-77.24939588783566,39.15714440063448],[-77.24803651409997,39.158961957428616],[-77.24854651035551,39.16038994044334],[-77.246592121553,39.16110405259221],[-77.24676215929613,39.162142600308215],[-77.24395791260922,39.162726889205516],[-77.24064374943448,39.161883100777295],[-77.24013386400162,39.16383039116655],[-77.24115362741529,39.16499876880226],[-77.23945400708315,39.16473912200122],[-77.23936908912535,39.161688362755896],[-77.23410050280573,39.16155836825834],[-77.23418535455671,39.16292147731963]],[[-77.23418550992547,39.16123382422646],[-77.23333575477902,39.161103956236005],[-77.23299589017616,39.16071447688194],[-77.23282586575569,39.16136356321323],[-77.23418550992547,39.16123382422646]],[[-77.249735617563,39.15584618370251],[-77.24939568959508,39.155456749582015],[-77.24931075723825,39.15578130361071],[-77.249735617563,39.15584618370251]],[[-77.26630044123011,39.14318653450938],[-77.26774327128,39.13935657310563],[-77.2659593173179,39.13942185521863],[-77.26570421910554,39.13870790270502],[-77.26477038324589,39.140590459319995],[-77.26579021666122,39.14175862936952],[-77.26443154138028,39.14357635950961],[-77.26630044123011,39.14318653450938]],[[-77.29508758856483,39.12597633196791],[-77.29347338910527,39.12539284193765],[-77.29236983360187,39.126237124304524],[-77.29508758856483,39.12597633196791]]],[[[-77.21532676789394,39.14383560698651],[-77.21261002939109,39.139031719377726],[-77.21405373886323,39.14026531830604],[-77.21991509312207,39.14149972342773],[-77.22042441365123,39.142927816511865],[-77.22169869378456,39.14312274786876],[-77.22433230460977,39.14318803535483],[-77.22603171122931,39.14176024128539],[-77.22781545501121,39.14338317809712],[-77.22993930541591,39.143707930271944],[-77.23138362272371,39.143253682396434],[-77.23299808581505,39.14046268810102],[-77.23376261433351,39.14091710026328],[-77.23010906422284,39.14474649699104],[-77.22526685960489,39.14299342764651],[-77.22399217991517,39.14448617947985],[-77.22059403453531,39.1439663960463],[-77.21957489736356,39.14279785502556],[-77.217365513728,39.1444851038791],[-77.21532676789394,39.14383560698651]]],[[[-77.20963621831159,39.14026428748729],[-77.20632347942998,39.13941958878995],[-77.20479396857182,39.14019806786278],[-77.20224560861037,39.13980784596979],[-77.20105656839445,39.1392881955476],[-77.20131195230837,39.138314635603884],[-77.20369088559467,39.137666275281404],[-77.20649368936411,39.138770541638344],[-77.21099620308334,39.1384471574179],[-77.21269445138678,39.140394836722294],[-77.21294838534382,39.14279654409647],[-77.2112493856505,39.14253651321251],[-77.21184430399744,39.141952468215344],[-77.20963621831159,39.14026428748729]]],[[[-77.20674265360158,39.15129814554182],[-77.20844184219153,39.151558238451784],[-77.20818650730301,39.15253181567172],[-77.20920633382858,39.152012802574674],[-77.21082044727676,39.15259738938014],[-77.20878004036757,39.155323084184445],[-77.20742046154677,39.15545254536473],[-77.206570821985,39.15532249472842],[-77.20767658857221,39.15279131910585],[-77.20640217639954,39.152596243708494],[-77.20674265360158,39.15129814554182]]],[[[-77.26239840535325,39.16317943290768],[-77.26358827580484,39.163698499351455],[-77.2640986112759,39.165126420014914],[-77.26299359565245,39.164282794387056],[-77.26239840535325,39.16317943290768]]],[[[-77.25152172331984,39.167594704730064],[-77.25296638082614,39.167140203996325],[-77.2536454969113,39.16285609095982],[-77.25500480312829,39.16103847139977],[-77.25789419130561,39.161817026258234],[-77.25594090732454,39.16759424787061],[-77.25432609717004,39.16701024474941],[-77.251097268295,39.170905141840805],[-77.24999231582048,39.170061399718634],[-77.25152172331984,39.167594704730064]]],[[[-77.23698941687297,39.16740037093121],[-77.23571478930258,39.165517940625485],[-77.23715950443214,39.16506362362836],[-77.2374994900627,39.163765437969154],[-77.23877418182964,39.16396019522997],[-77.23860420147687,39.16460928989949],[-77.24013384692695,39.165518045185756],[-77.23868914136955,39.16597239676315],[-77.2388590307258,39.16869861149448],[-77.23800924630152,39.166881120113885],[-77.23698941687297,39.16740037093121]]],[[[-77.24982242150342,39.170710510548076],[-77.2506723186048,39.17084026619362],[-77.25024758776023,39.17246304559054],[-77.2481229737856,39.173826295222156],[-77.2480378475278,39.17246319253343],[-77.24948262375284,39.17200873177996],[-77.24982242150342,39.170710510548076]]],[[[-77.29041123320975,38.86978704087212],[-77.29235857279407,38.87075984667915],[-77.29252858526912,38.871798282329536],[-77.28998914173002,38.871409875011146],[-77.28964919580424,38.869332996732375],[-77.28727763767385,38.86660782941178],[-77.28592358444638,38.86673814236333],[-77.28456851450626,38.86518086907561],[-77.28313003928979,38.865635714247254],[-77.28448508695064,38.867193003347744],[-77.28423276827336,38.86985426359398],[-77.28770518407664,38.87342286565766],[-77.28601219811003,38.87316386728211],[-77.28609768501786,38.874526876138816],[-77.28381252768149,38.874852222432466],[-77.282966998402,38.876410272879994],[-77.2821204776337,38.876280744171694],[-77.2823757792606,38.878682206643354],[-77.27975167621224,38.878618150997134],[-77.28068453421893,38.881798283888834],[-77.2777215198224,38.881344853259264],[-77.2762818626139,38.880112045317944],[-77.27704225392596,38.87719102409743],[-77.28550451139303,38.87342367783535],[-77.28474145057221,38.87128203067601],[-77.28287864928546,38.86998454332284],[-77.28347076865894,38.869400181458076],[-77.28220110942819,38.869205891551665],[-77.28211379154465,38.86446773788307],[-77.2783051027843,38.86388478778142],[-77.2755109801334,38.86109461757229],[-77.27280303163153,38.86135497136241],[-77.27322694588725,38.863107338937645],[-77.27238059693747,38.862977743903954],[-77.27051960098692,38.86505521405649],[-77.27221234352672,38.865314423829545],[-77.27145117439397,38.866547839497414],[-77.27305946467817,38.86713159162601],[-77.27560108160635,38.87258306258553],[-77.26950422645953,38.86557470565397],[-77.27051891444884,38.86336764287034],[-77.2629864281634,38.86187636510143],[-77.2617174373527,38.86336943639239],[-77.26442659120417,38.866484467476845],[-77.26400394026945,38.86810721241977],[-77.2656133512752,38.87206620616286],[-77.26442877334924,38.873234756795966],[-77.26366686180134,38.87278055271297],[-77.26425861629112,38.8705087098381],[-77.260447941199,38.8631749237496],[-77.25714720752966,38.862331615847715],[-77.25545560109813,38.86713491434569],[-77.25613283593114,38.86791371212905],[-77.25469508986974,38.87343094503421],[-77.25537271096677,38.87589732095041],[-77.25418821502018,38.878753348199865],[-77.25274928232497,38.879207841401445],[-77.25706640168318,38.87953188588202],[-77.25774376894796,38.88031067600857],[-77.25325741301187,38.88063573923376],[-77.25317310314007,38.88264785601204],[-77.2551202891339,38.883621248411664],[-77.25334316273074,38.88706149783121],[-77.25486748952228,38.88965760606043],[-77.25402086483265,38.889527885214854],[-77.25300531274974,38.89173481979172],[-77.25224301548985,38.88959296789425],[-77.25325798688384,38.884010888995746],[-77.25105675822223,38.88232351440836],[-77.24944870638188,38.88511462589949],[-77.24851805502266,38.89037213520248],[-77.2464862721442,38.89141075266242],[-77.24834845323099,38.88764606078803],[-77.24716319932469,38.88712687251193],[-77.24851734634136,38.88362183178349],[-77.24784004691081,38.882842990922526],[-77.24868658292436,38.88297275387727],[-77.24978675376593,38.88044131743161],[-77.25114112615707,38.88031139914932],[-77.25300306414974,38.87823421632847],[-77.2536797825294,38.875637880816484],[-77.2522406448218,38.87440479449981],[-77.25359460594319,38.87258727641928],[-77.2541863644493,38.86862790941724],[-77.25342456489922,38.86817364261279],[-77.25537002434915,38.862396743160446],[-77.25350797308323,38.86109881570842],[-77.25299969281153,38.85798335197661],[-77.24919157591155,38.85739950746487],[-77.24749955967248,38.86220269460718],[-77.24402993992751,38.865383254338965],[-77.2430991496244,38.87064071048827],[-77.2441148580926,38.87180900756977],[-77.24276067501296,38.87362642190219],[-77.24360715834419,38.8754437927321],[-77.24166036299061,38.87615779389893],[-77.23988280598937,38.877910273015836],[-77.2398827831675,38.87959784718238],[-77.23903630204204,38.87946802415145],[-77.2388669876401,38.88011708860167],[-77.24149110850004,38.88018200990369],[-77.24047531628989,38.880701264541294],[-77.24072926087115,38.883102813852744],[-77.2399673730284,38.88433603867426],[-77.23869756967909,38.88414130271475],[-77.23607319766779,38.88576389766062],[-77.23514170547779,38.889333730384195],[-77.23387182792864,38.889138944866815],[-77.23480323937373,38.88725669750678],[-77.23387215201447,38.88576379296834],[-77.23480352030782,38.88388154638629],[-77.23607330872264,38.88407632223332],[-77.23607353081688,38.88070117242011],[-77.23835908444772,38.880376706201474],[-77.2380205682422,38.878299684379755],[-77.24140642438894,38.875443821828796],[-77.2414910508067,38.87343171481166],[-77.24259136745228,38.872587917893],[-77.24276049973855,38.86687613206589],[-77.24005221960313,38.867135770259836],[-77.23802089794394,38.86986181826066],[-77.23615885590712,38.87025120127655],[-77.23471983629904,38.87239305739908],[-77.23218047944609,38.87369103848917],[-77.231334080655,38.873561162944966],[-77.23141898297777,38.871549063266805],[-77.23268854746973,38.871743873500066],[-77.23268873687756,38.87005630091888],[-77.23565101182479,38.87051080747285],[-77.23827490403153,38.86720065241932],[-77.24039076396747,38.86583763993877],[-77.2420834174453,38.866097261302514],[-77.2458069773478,38.861943147344746],[-77.24749909909434,38.8571399834586],[-77.24665273128501,38.85532264307862],[-77.24504491308198,38.85473854903931],[-77.2434372395937,38.857529573475354],[-77.23810593115745,38.8594118591049],[-77.2366671827673,38.86155373513708],[-77.23489000029879,38.86161856870476],[-77.23692120932618,38.8588925746325],[-77.2420832767789,38.85765940722666],[-77.24445260480914,38.85532272626299],[-77.24250631719855,38.85434916951705],[-77.24242166903262,38.85298613391564],[-77.23759854804106,38.85123362506747],[-77.23692184890406,38.847079590867],[-77.23277603361672,38.846105792554624],[-77.23302996694673,38.84513221211352],[-77.2298152799533,38.84227608373528],[-77.22761554720763,38.842275867929274],[-77.22575380430573,38.844352660695314],[-77.22321567315704,38.84396288636563],[-77.22152270520266,38.84707814322907],[-77.22067663438223,38.84694819529299],[-77.22177723412344,38.84441701813203],[-77.22067756914946,38.84357306004949],[-77.22110149969811,38.840262900687264],[-77.21704154258526,38.83727649167563],[-77.22211730048123,38.83805624079407],[-77.22245432435207,38.84350843046233],[-77.22321608176122,38.842275319130984],[-77.22516178941731,38.843249177586806],[-77.22973088306786,38.84091304129546],[-77.232268743815,38.8429902490838],[-77.23556831394335,38.843834217856916],[-77.23641427205933,38.84565163161682],[-77.23996785266232,38.8455218955118],[-77.24132160432075,38.847079652895566],[-77.24284457546601,38.84630076045672],[-77.24555218007593,38.84772862981596],[-77.24656734476686,38.84552176769162],[-77.25172830228597,38.84428820027843],[-77.25401294893916,38.84565101430997],[-77.25942779412534,38.84513106980736],[-77.2632353521265,38.845714598912195],[-77.2634888773191,38.84474095612718],[-77.26433499874716,38.84487061162845],[-77.26408148440389,38.84584425615885],[-77.26653540385716,38.846557743064366],[-77.26628191303482,38.847531392278526],[-77.26306633156928,38.846363693871815],[-77.26247423575916,38.84694795669368],[-77.26086647551284,38.84636406852569],[-77.25460542001021,38.84675435977698],[-77.25139005987208,38.84558635840011],[-77.24800581634308,38.84675491580662],[-77.24665219566587,38.8485723674423],[-77.2420831080222,38.847533993009954],[-77.24191391912093,38.84987062758581],[-77.243437061176,38.8524668650052],[-77.24546780206464,38.851428302309756],[-77.25105251266156,38.85194722105989],[-77.2529142864384,38.853245184064065],[-77.25266059042671,38.85421880612215],[-77.2542684581833,38.854802801295726],[-77.25486133146539,38.85759371647393],[-77.25943166145993,38.86031919108822],[-77.26188553611178,38.85934520081095],[-77.27068721765447,38.861030965769785],[-77.27330992843557,38.85940764281094],[-77.2745793932862,38.85960202359353],[-77.27872215216487,38.85213657620028],[-77.28210710762258,38.85265474776683],[-77.28565991091462,38.85083613217623],[-77.28980670098598,38.851808161034775],[-77.27965372843062,38.85362913776639],[-77.27973907353505,38.85499214792364],[-77.27813186028186,38.85609605271313],[-77.27618755536304,38.86018573465352],[-77.27915058641403,38.862326771433736],[-77.28262046123588,38.862520370553504],[-77.28245157434708,38.86316949317821],[-77.28566820776169,38.86433669058927],[-77.28617687967099,38.865764450857704],[-77.28753091435595,38.865634135153286],[-77.28939031671014,38.86186883865414],[-77.29116745650076,38.86180322340892],[-77.29285899314705,38.86037458058221],[-77.29582124919459,38.86082764820906],[-77.29928703916413,38.85595807093698],[-77.29666761482909,38.860957083099066],[-77.29514491284691,38.86173663838363],[-77.29302898852767,38.86141301429067],[-77.29066102015769,38.86375062551833],[-77.2893914401778,38.863556409410144],[-77.28880052557062,38.865828370370814],[-77.29057776243907,38.86576276355382],[-77.29345338939662,38.86316531264053],[-77.299714283508,38.86108548677606],[-77.3010668132812,38.859267453085906],[-77.30369023834254,38.859331057288585],[-77.30588897991016,38.85764235241652],[-77.30944302042815,38.85751062324659],[-77.30961324539126,38.85854903384637],[-77.31088279200466,38.85874304264846],[-77.31122329356133,38.86081986007313],[-77.31020666283796,38.85965211480715],[-77.30809073218056,38.859328747999264],[-77.30529862748725,38.85991439047174],[-77.3036073453579,38.86134320303438],[-77.30022183362935,38.8608256183879],[-77.30191599691956,38.862771992745394],[-77.30530161108564,38.86328953121669],[-77.30504857996077,38.864263261515894],[-77.30725051279948,38.86594967331558],[-77.30606670198655,38.86711862099818],[-77.30742226728192,38.86867565950248],[-77.30412220597536,38.869521174239885],[-77.30513441243053,38.865626255788925],[-77.30352589855178,38.86504292008914],[-77.3037789527261,38.8640691928115],[-77.30073215216511,38.86394088903258],[-77.29895362396786,38.86231907072563],[-77.2973465401959,38.863423225671035],[-77.29421538601497,38.86361933306033],[-77.29337020943693,38.865177452414855],[-77.29049335104966,38.86608733043245],[-77.2918485644376,38.86764453908987],[-77.2893936872692,38.86693155191144],[-77.29041123320975,38.86978704087212]],[[-77.28947810453349,38.86660698574997],[-77.28820847794958,38.86641275745716],[-77.288039631811,38.86706188799025],[-77.28888605602046,38.86719137612672],[-77.28947810453349,38.86660698574997]],[[-77.2703492352207,38.86232917807457],[-77.27001056599242,38.861939818741085],[-77.26992606744608,38.86226437145807],[-77.2703492352207,38.86232917807457]]],[[[-77.27273182555615,38.89205585273971],[-77.27145967441572,38.88679872349765],[-77.27018974404739,38.8866043101225],[-77.26892047017385,38.888097459579946],[-77.26866557902565,38.88569596666898],[-77.26502498278121,38.884463501400695],[-77.26663302029525,38.88335976295991],[-77.26595494867883,38.88089344641516],[-77.2678171033447,38.880503615208795],[-77.26815521518566,38.8792054070301],[-77.26553110583168,38.87914105028892],[-77.26553053468531,38.877453476271825],[-77.26756227512043,38.87810212224933],[-77.26790038035868,38.87680391514104],[-77.26510672205151,38.875701079419116],[-77.2638364701403,38.87381902792707],[-77.26442877334924,38.873234756795966],[-77.26883075517448,38.874921415025526],[-77.26840815338014,38.876544176605336],[-77.2711173825159,38.87797149214568],[-77.26967857086733,38.878426181848866],[-77.26934048978141,38.87972439406128],[-77.2721343664083,38.88082713487629],[-77.27061098679451,38.88160639046828],[-77.26934246807467,38.88478711847943],[-77.27095114405266,38.88537089924635],[-77.27416780208672,38.88485082278261],[-77.2727296115608,38.88699312386632],[-77.27450971665046,38.89199047617638],[-77.27273182555615,38.89205585273971]]],[[[-77.23039863299157,38.904132180734216],[-77.22726523442557,38.90601417698461],[-77.23031415352678,38.90276912870695],[-77.23420904226975,38.90471660611038],[-77.23632596273043,38.90504123629058],[-77.23810426733804,38.90328880228404],[-77.23945908534155,38.903159011293894],[-77.2454712119198,38.9054306755304],[-77.24911195222062,38.90160097988477],[-77.25309161959888,38.901535744500336],[-77.25588608674681,38.902638854570164],[-77.2553784233357,38.904586122026544],[-77.25927407917814,38.90653281239138],[-77.25741236324497,38.91198525838871],[-77.2580058224635,38.91477617803487],[-77.26291823538114,38.916203355814915],[-77.26359653290685,38.918669700030534],[-77.26605348496244,38.921070785825464],[-77.26453029509118,38.925225138155625],[-77.2657162928686,38.925744162903264],[-77.26427704609311,38.92788637721493],[-77.26495494025751,38.928665132762355],[-77.26393917374259,38.930872168156846],[-77.26537962554544,38.93210512752532],[-77.26470224717485,38.93301395965581],[-77.25860302554337,38.93275535314011],[-77.2592804776309,38.93184655435453],[-77.25817905775972,38.93100292015894],[-77.26190648079583,38.93191104385698],[-77.26343100594336,38.93113189019121],[-77.26402216880523,38.925484862412794],[-77.26300539236276,38.92431672058863],[-77.26478352558082,38.92256389953533],[-77.26241066543783,38.91815065550368],[-77.25792120912574,38.915100724679576],[-77.2553804405403,38.91471160609921],[-77.25343271101481,38.91542579571836],[-77.2538558720518,38.91380307730235],[-77.25241597727923,38.91256998713374],[-77.24504820325383,38.912116105598095],[-77.24538686764207,38.91081795441252],[-77.24614906307055,38.91127227302539],[-77.24640304483607,38.910298657554534],[-77.24826605585773,38.90990911867177],[-77.25072197869919,38.910622924326105],[-77.25055269600995,38.91127200727542],[-77.25394019912459,38.911790952149275],[-77.25410975962355,38.9128294457258],[-77.25682005823039,38.914257080311714],[-77.25605706116943,38.91042766468436],[-77.25521019294608,38.910297951620535],[-77.25639516177542,38.90744190334969],[-77.25546337390959,38.90594915724534],[-77.25283803507382,38.90419695187966],[-77.24987428307726,38.90374285427709],[-77.24606403982943,38.9065340697289],[-77.24276150801008,38.905690374182015],[-77.24216876711984,38.90627454408782],[-77.23988244071249,38.90491150175806],[-77.23734204223823,38.90620959384272],[-77.23514037879028,38.9062095116766],[-77.23039863299157,38.904132180734216]],[[-77.24716524116869,38.91075296988996],[-77.24665715393084,38.911012622494304],[-77.24708058420262,38.91107750896397],[-77.24716524116869,38.91075296988996]]],[[[-77.25606304589665,38.93911659394001],[-77.2567405888731,38.938207808229116],[-77.25275864477715,38.93658557404765],[-77.2535208626823,38.935352262221116],[-77.25258904822779,38.93554707530106],[-77.25267343548818,38.933534945124684],[-77.25377453075062,38.93269104242921],[-77.25064028101299,38.93288605042933],[-77.25089427811488,38.931912422942965],[-77.24920006334902,38.93165291976005],[-77.24945387643356,38.928991710158236],[-77.24598080420087,38.92710959580369],[-77.24640419917709,38.92548690029223],[-77.24496429448908,38.92594130582663],[-77.24081388214182,38.9249677671691],[-77.23793414155742,38.922501263778734],[-77.23624019192576,38.92224158389403],[-77.23700253942755,38.92100837600413],[-77.23835763085283,38.92256618013592],[-77.24310080392503,38.92464321168451],[-77.24589588991994,38.924058966181136],[-77.24826759874189,38.925097360604454],[-77.24902977246326,38.923864078313194],[-77.24996165767365,38.92535687629457],[-77.25123220979567,38.92555149788175],[-77.25174113804121,38.93035458031944],[-77.25301178211916,38.93054918380724],[-77.25453700746212,38.93314531081015],[-77.25369047206786,38.93639075966554],[-77.25699452296708,38.93723416753635],[-77.25750314186097,38.938662058722045],[-77.25970578657109,38.938661743764726],[-77.26190891893376,38.940348977139685],[-77.25606304589665,38.93911659394001]]],[[[-77.21226507459508,38.9364530315516],[-77.20752123924201,38.93606240375496],[-77.209640399498,38.93301231841597],[-77.20862364322558,38.93353131551916],[-77.20667653680694,38.93086960089691],[-77.20896379595351,38.93054567469018],[-77.20726976258388,38.93028559880568],[-77.2071856857069,38.92892252634384],[-77.20506820102356,38.92859739758792],[-77.20532279243498,38.92762386411091],[-77.20710161197741,38.927559454078],[-77.20693268756331,38.92652089430687],[-77.20837284091071,38.92606693034362],[-77.20769557612122,38.925287865932546],[-77.21049378621592,38.91795408555171],[-77.21167928031556,38.91847362647963],[-77.21015375502076,38.92093972549537],[-77.2123558636772,38.92094025136587],[-77.21303313788766,38.921719289870126],[-77.21286349351097,38.92236832226472],[-77.21040754585684,38.92165376567734],[-77.20930611506213,38.92249728201736],[-77.2103212967352,38.92535344757541],[-77.20896453532383,38.9288580895796],[-77.20930172621176,38.9326227897549],[-77.21099582121137,38.9328828379677],[-77.2116738685616,38.93197429931565],[-77.21268992831061,38.933142863049945],[-77.21302926733706,38.93184479666351],[-77.21472335754673,38.93210479393387],[-77.21557099346695,38.93054719835959],[-77.21726506256283,38.93080716086605],[-77.21768804452174,38.93255973349867],[-77.22488778244673,38.935351878098515],[-77.22285440744989,38.93639011431947],[-77.21777232219672,38.93392279951143],[-77.21675561117509,38.934441863341476],[-77.21607817880424,38.933662843822056],[-77.21082613266698,38.93353186855868],[-77.21251959724952,38.93547948225463],[-77.21226507459508,38.9364530315516]],[[-77.21472335754673,38.93210479393387],[-77.2150620574257,38.932494307762056],[-77.21514688198936,38.93216978963728],[-77.21472335754673,38.93210479393387]],[[-77.2106564410976,38.934180898975455],[-77.21014806023538,38.93444040277066],[-77.21057159417853,38.934505414118554],[-77.2106564410976,38.934180898975455]]],[[[-77.240644457052,38.932367177996866],[-77.24547302546254,38.93411958589887],[-77.24792957384787,38.933145862992575],[-77.2485226646539,38.93424924951182],[-77.24606608697455,38.9352229843127],[-77.24267754988604,38.934703822668304],[-77.23996674665048,38.93496346126454],[-77.240644457052,38.932367177996866]]],[[[-77.21828171920492,38.93028809311903],[-77.22065323703902,38.93132701648733],[-77.21997530775393,38.93223560414449],[-77.21861991406026,38.93236518271181],[-77.21828171920492,38.93028809311903]]],[[[-77.23903468843949,38.943596109799046],[-77.2405597172923,38.939442060287426],[-77.23920422611046,38.93957186393158],[-77.23962784457721,38.93794918878266],[-77.24106802003057,38.93749484445935],[-77.24166100553147,38.9352230906926],[-77.24301641137777,38.93509326027985],[-77.24360944359319,38.936196670588224],[-77.24123745679212,38.93853335923227],[-77.24072915133513,38.94048057603642],[-77.24183051237053,38.941324366290736],[-77.24115276748134,38.94560824800626],[-77.23903468843949,38.943596109799046]]],[[[-77.2050615626259,38.94209808877197],[-77.21192368789363,38.94281385945256],[-77.20489179970377,38.94274711207383],[-77.2050615626259,38.94209808877197]]],[[[-77.22378354041508,38.94800864115056],[-77.22268186588056,38.948852279355975],[-77.2226814442943,38.95053986923967],[-77.22183416897052,38.95040992751023],[-77.22242785984353,38.94813826161903],[-77.22378354041508,38.94800864115056]]],[[[-77.24606789461917,38.960536826657986],[-77.24530508097213,38.95839491221418],[-77.24327129782512,38.95774589444698],[-77.24454231221591,38.95625299374808],[-77.24437262457892,38.95183929920026],[-77.24149171492617,38.95106045928009],[-77.24250840559418,38.9471660120628],[-77.24360988839007,38.94800978731376],[-77.24250848163618,38.95054119148645],[-77.24505043189926,38.95093057572038],[-77.24716859850383,38.94956743272822],[-77.2451352431753,38.95229362659966],[-77.24564384537463,38.955409160535844],[-77.24471184220715,38.95729150654013],[-77.24750832283011,38.95839481386292],[-77.247593188829,38.959757864531475],[-77.24640689451289,38.9609262564362],[-77.24589868760319,38.96456109399934],[-77.24471219867239,38.964041876893106],[-77.24606789461917,38.960536826657986]]],[[[-77.21895101676576,38.95806851876618],[-77.21827334102196,38.95728950863288],[-77.21979886455615,38.956510888596654],[-77.22098689667143,38.95027997999664],[-77.22183416897052,38.95040992751023],[-77.22073150190054,38.95462873001512],[-77.22149400214771,38.95508320290913],[-77.2197140323673,38.95683541101702],[-77.21818692361519,38.962676807284595],[-77.21734006054399,38.960859241837255],[-77.21895101676576,38.95806851876618]]],[[[-77.22310302397251,38.95904279357798],[-77.2265773595663,38.959237964585554],[-77.22674729497015,38.95690131824004],[-77.22912034538403,38.95456490063319],[-77.228612172126,38.953136889913125],[-77.2309848108642,38.952488028280825],[-77.22708553549865,38.96066598490315],[-77.22378076772638,38.95982177752882],[-77.22183107981523,38.96222306793909],[-77.21996658840207,38.96261221241451],[-77.22310302397251,38.95904279357798]]],[[[-77.20598631132574,38.95709194042108],[-77.2043765717504,38.956507311020175],[-77.20471616793469,38.955209263108415],[-77.20649486522083,38.95683245285283],[-77.20539203432145,38.95936353052134],[-77.20649327136148,38.96020763675318],[-77.2043723412689,38.96494527342249],[-77.20564591241607,38.960077584283475],[-77.20488345881144,38.95962301366455],[-77.20598631132574,38.95709194042108]]],[[[-77.21360855158149,38.96838774205394],[-77.21394803854862,38.96708966661899],[-77.21479609849004,38.96553206858076],[-77.21360855158149,38.96838774205394]]],[[[-77.20394777969749,38.966567834338676],[-77.202761557437,38.96604821598659],[-77.20352493095825,38.96481520637738],[-77.20394863573499,38.96488024062306],[-77.20394777969749,38.966567834338676]]],[[[-77.23589785602692,38.974167405044085],[-77.23776248624337,38.975465616590064],[-77.23505014711952,38.975725149274524],[-77.23589785602692,38.974167405044085]]],[[[-77.24386528277266,38.9774128460481],[-77.24081384305344,38.97728306708784],[-77.23886434234701,38.976309437476566],[-77.24064432211726,38.976244545895696],[-77.24386528277266,38.9774128460481]]],[[[-77.22208120888945,38.97812544353114],[-77.22216562162431,38.97948851554461],[-77.22089420557757,38.97929359466216],[-77.2202158324398,38.98020218993814],[-77.22131710336394,38.982733765117594],[-77.22055337221748,38.98565448615151],[-77.22080842131211,38.9829933144407],[-77.21919849224487,38.98072127728172],[-77.22080981688327,38.977930521824376],[-77.21953892631701,38.97604799048006],[-77.22208120888945,38.97812544353114]]],[[[-77.23445617912081,38.983059677528935],[-77.24098337950711,38.985071979791],[-77.24115292584807,38.98611050191926],[-77.23810119039979,38.98429305730726],[-77.23326929398996,38.98422794789079],[-77.23445617912081,38.983059677528935]]],[[[-77.22216301890616,38.98961410715457],[-77.22241759508384,38.98864052995597],[-77.22394333902584,38.98954945498732],[-77.22385848680197,38.989873981850664],[-77.22216301890616,38.98961410715457]]],[[[-77.19096556316478,38.98921603894671],[-77.19079672592844,38.9881774479083],[-77.19317084431391,38.98752930613313],[-77.1931719505438,38.98584170715879],[-77.18935762303231,38.98525601382939],[-77.19046140406144,38.98272506892534],[-77.18825742586947,38.98272415423216],[-77.18859743193195,38.98142614539689],[-77.19173279848165,38.98292030167114],[-77.1907140539754,38.98512675405216],[-77.19435950566839,38.98467382005493],[-77.19876660391338,38.98636299229805],[-77.20071676851103,38.98564965422529],[-77.20334379071689,38.98740298320029],[-77.20605667810075,38.98714414303949],[-77.20758218626857,38.9880532689601],[-77.20698849201689,38.9886372774629],[-77.205886818957,38.98779317201599],[-77.20317390677036,38.98805200848988],[-77.20046191244704,38.98662318643942],[-77.19851171925868,38.9873365206147],[-77.19639257342929,38.98701124098897],[-77.19622366384736,38.985972657688514],[-77.193595768502,38.98590677696272],[-77.19478011121463,38.989801683216406],[-77.19359357564875,38.989281975393375],[-77.19384853292105,38.9883084568845],[-77.19215320877603,38.98804817234495],[-77.19096556316478,38.98921603894671]]],[[[-77.21775035507892,39.00311417803438],[-77.21478279239464,39.002659235162525],[-77.21300020386082,39.007786568203244],[-77.21147353221444,39.008565110745806],[-77.21181054828942,39.01401745509507],[-77.21240375056395,39.01512102767483],[-77.21376069745705,39.01499151542028],[-77.21299697083936,39.01622459761945],[-77.21418408455018,39.0167441221787],[-77.21274217201393,39.01719815977476],[-77.21206200672502,39.02148193198884],[-77.21095977726885,39.0206378671351],[-77.20909373017612,39.02102685177867],[-77.21155506119216,39.016678621391556],[-77.21147080414188,39.0153155341723],[-77.20977478747706,39.01505548921092],[-77.21104749074132,39.01356291857206],[-77.20952213152333,39.010966225749996],[-77.21368081655731,39.00181519703861],[-77.20969852071447,38.99512875928737],[-77.20647572914821,38.99733477211323],[-77.20494837379385,38.9998008354323],[-77.20325274213702,38.999540702032576],[-77.20834193704958,38.99525822673856],[-77.20910699589759,38.990649976167205],[-77.20741233860996,38.98870230011547],[-77.20800602999024,38.988118289579454],[-77.21071822817466,38.9895469471162],[-77.21377012840072,38.98967746630023],[-77.21317647056492,38.99026150454707],[-77.2093617503942,38.989676425598915],[-77.21003963237045,38.99045548819693],[-77.20919044534457,38.993700660330575],[-77.21037716436592,38.994220219408426],[-77.2108003490754,38.99597283186715],[-77.21249592455828,38.99623286202742],[-77.21215627569057,38.99753093927704],[-77.21469909816551,38.9996085504589],[-77.21503751298955,39.00168567110703],[-77.21817482208165,39.001491560803935],[-77.21825918873512,39.00285464042832],[-77.22029400977685,39.00350407263382],[-77.22046283033222,39.00623023011732],[-77.21775035507892,39.00311417803438]]],[[[-77.23326664952639,39.009541976100245],[-77.23453862742022,39.00973677115198],[-77.2361496778313,39.01200861966359],[-77.23360564077204,39.011619049400785],[-77.23326664952639,39.009541976100245]]],[[[-77.22724345463661,39.02245814613847],[-77.22978783676787,39.02284784744976],[-77.22970297177397,39.02317238004334],[-77.22707370209336,39.02310720776513],[-77.22724345463661,39.02245814613847]]],[[[-77.22172716702826,39.035114498364266],[-77.22147241889905,39.03608808149858],[-77.22062414891872,39.0359581297692],[-77.2201155736988,39.0345300660202],[-77.22172716702826,39.035114498364266]]],[[[-77.22232026143588,39.03790564039293],[-77.22113274411507,39.0373861917822],[-77.22147241889905,39.03608808149858],[-77.2225750045808,39.03693205521861],[-77.22232026143588,39.03790564039293]]],[[[-77.22502981907876,39.061273015451725],[-77.2242654118918,39.06419379740671],[-77.22333186735823,39.06438839465917],[-77.22502981907876,39.061273015451725]]],[[[-77.22333186735823,39.06438839465917],[-77.2229920935291,39.065686516444735],[-77.2219735766654,39.06620563390362],[-77.22248326378264,39.064258454986835],[-77.22333186735823,39.06438839465917]]],[[[-77.20329149929493,39.08865978497792],[-77.20889562696382,39.085805366787575],[-77.21220861398034,39.079899481150626],[-77.21170057396328,39.07678374685384],[-77.21365366991441,39.07438257040352],[-77.21263627563707,39.071526364821516],[-77.2111089522045,39.07061728827123],[-77.21153396169915,39.06899467513344],[-77.20941310710904,39.06698199139047],[-77.20788898236611,39.05932239424882],[-77.21187866735241,39.05588324264223],[-77.21518826015257,39.055040161618884],[-77.2170557005208,39.05296346530561],[-77.21832839469874,39.053158427856566],[-77.22002629854717,39.0500431232118],[-77.22087473180223,39.050173079339],[-77.22011027439163,39.05309383000004],[-77.21629163087256,39.054196575707195],[-77.21578184845694,39.05614372574114],[-77.213151398762,39.05607825832947],[-77.20984101477094,39.05860890420663],[-77.20899102267532,39.06185411188105],[-77.20958384619674,39.064645327716185],[-77.21111102506768,39.06555442203483],[-77.2109403329411,39.06789108818873],[-77.21289191594394,39.06886517117982],[-77.21238193956204,39.07081231235574],[-77.21433362032593,39.07178637321808],[-77.21484173829108,39.07490209390658],[-77.2160298236534,39.075421606100065],[-77.21416239704136,39.0758106706274],[-77.21263299752293,39.07996448698185],[-77.21356677079217,39.0797699695657],[-77.21373614625386,39.0808085457236],[-77.21152851173703,39.082495670561755],[-77.21059329180201,39.08606542695826],[-77.2082161094325,39.08671391282462],[-77.20779092220747,39.088336519887925],[-77.2061782605814,39.08775190117041],[-77.20371506312097,39.09041245005065],[-77.20329149929493,39.08865978497792]]],[[[-77.18154919208769,39.10085417871374],[-77.18240086616149,39.09760913564646],[-77.18121265851615,39.097089299825484],[-77.18240358223608,39.094233874625694],[-77.17943394640761,39.092090450071446],[-77.17655116035218,39.08793482727351],[-77.17417361317605,39.088582662210705],[-77.17842345065759,39.08248344604117],[-77.1802968666518,39.07534441779645],[-77.18148609116554,39.07417663631875],[-77.17970366039134,39.07424068040873],[-77.17791976475631,39.075992322883934],[-77.17528863098008,39.07592605357845],[-77.17486277171714,39.07754854466899],[-77.17393047790365,39.076055146736586],[-77.17503464647378,39.07521192415443],[-77.17622245224395,39.07573181691583],[-77.17817523617607,39.07501882233878],[-77.17902532214985,39.07346144116165],[-77.18208068909108,39.07359274140524],[-77.18369417027492,39.072490047790154],[-77.1846292308071,39.07060812519473],[-77.18284689031775,39.0706722143279],[-77.18293201998638,39.07034771112308],[-77.18522377428776,39.070024215620116],[-77.18658305507273,39.068207377000164],[-77.18955430887735,39.06697537714221],[-77.18692474340632,39.06522173300874],[-77.18972449890363,39.066326361937094],[-77.19346020704394,39.063861319755304],[-77.19354638004714,39.06184918935859],[-77.18845530175909,39.06106824426252],[-77.1875229400712,39.0595749527544],[-77.19447997166434,39.06165481599571],[-77.1960940392595,39.0588643443186],[-77.19533166640385,39.05672208894839],[-77.19626415190781,39.058215321096625],[-77.19753688224282,39.058410496824614],[-77.2010186738317,39.053543531615276],[-77.20051036072377,39.05211538328454],[-77.20313977980636,39.05386873581139],[-77.20653438588025,39.052701369547755],[-77.20899472270085,39.05341601728072],[-77.20992888293252,39.051533910767816],[-77.21196566301754,39.05049586771993],[-77.21196633392617,39.048808251149545],[-77.21323894171508,39.04900326569761],[-77.21586971579335,39.04738111500639],[-77.21663372097244,39.04614800866609],[-77.21561601858387,39.04497945674895],[-77.21468269761705,39.045173988357234],[-77.21179975729726,39.04101921840014],[-77.20891566326262,39.04023961114143],[-77.20721829335618,39.0416671441573],[-77.20721751230664,39.043354758613276],[-77.20331504845873,39.04309400703714],[-77.20357006426065,39.04212045999686],[-77.2056058529802,39.04277013717791],[-77.20908561788974,39.0395905724749],[-77.20764399158843,39.03835693909915],[-77.20221528440305,39.03718702062626],[-77.20645657175719,39.03783735013562],[-77.20705067199326,39.03725333950196],[-77.20857724388215,39.038162460605555],[-77.20857874271938,39.03478723516167],[-77.2098510960395,39.034982283945226],[-77.20925556948278,39.03894153364783],[-77.21273303264546,39.0408247085926],[-77.21417417463276,39.0437458980292],[-77.21629505359567,39.04407087705585],[-77.21680362051143,39.04549895878095],[-77.21833101061233,39.04472034589124],[-77.21858531383947,39.0454343828822],[-77.21637829751006,39.04880919929196],[-77.2127297671457,39.04926278472411],[-77.21238921360899,39.05224849112758],[-77.21111655129135,39.05205346776364],[-77.21077661699425,39.05335155329717],[-77.20890972919999,39.05374053734957],[-77.20865474414445,39.054714097318104],[-77.20712782371734,39.053804974559874],[-77.20186620853899,39.05536123558101],[-77.1983003260741,39.058865119838615],[-77.19753487020311,39.061785735974226],[-77.19439382473523,39.06366694697009],[-77.19430767303656,39.0656790786083],[-77.195665596009,39.06554976299259],[-77.19566454646498,39.06723738444909],[-77.19820933622611,39.06931535789233],[-77.19846254318152,39.071717062007615],[-77.19727464396796,39.071197382218784],[-77.19507117301501,39.06613372205415],[-77.19286466560516,39.06613288918718],[-77.19057190020966,39.06814414707294],[-77.18785593437379,39.068402652249674],[-77.18581702996254,39.07112792580983],[-77.18488199349949,39.07300985752069],[-77.18572935161265,39.074827677877536],[-77.18504964713331,39.0757360953928],[-77.18589831773538,39.07586629099014],[-77.18521860565423,39.07677470960178],[-77.18360638221091,39.076189799275646],[-77.18360771188627,39.07450217520001],[-77.18258879024754,39.07502097059949],[-77.18318204669397,39.076124694371046],[-77.18190904470491,39.07592937096833],[-77.18071979830609,39.077097156867126],[-77.18029264673252,39.08040729225721],[-77.17918846023483,39.08125056236031],[-77.18215764584212,39.083393988455164],[-77.18300505689167,39.08521183085419],[-77.18512700661078,39.085537344459496],[-77.18572038746947,39.086641058250564],[-77.18241037131867,39.08579573143738],[-77.18164811932618,39.08365338167157],[-77.17961139952858,39.08300330710414],[-77.17714591051298,39.087350954494426],[-77.17875832958802,39.08793594983805],[-77.18036796433404,39.09189618167685],[-77.18274421469096,39.0929358571438],[-77.18282802281753,39.094298982407054],[-77.18401619638793,39.09481880251313],[-77.1838458886301,39.09546781330418],[-77.18265770566474,39.094947991506444],[-77.18223189947045,39.0965705135818],[-77.18367424933511,39.09780445479699],[-77.18273881403667,39.09968637970028],[-77.18570885785884,39.10182972837257],[-77.18154919208769,39.10085417871374]],[[-77.18241987338581,39.07398235314764],[-77.18182527499776,39.07456624972546],[-77.1822496002,39.07463135924444],[-77.18241987338581,39.07398235314764]]],[[[-77.19039233743815,39.08229415732202],[-77.18487809314452,39.07807272996999],[-77.18521860565423,39.07677470960178],[-77.18750931336858,39.07813879626392],[-77.18861092900835,39.080670703217834],[-77.19073277123353,39.08099612083987],[-77.19039233743815,39.08229415732202]]],[[[-77.18724773002542,39.087550449501],[-77.1855501140996,39.08729007038185],[-77.18572038746947,39.086641058250564],[-77.18750311711119,39.08657692771042],[-77.18724773002542,39.087550449501]]],[[[-77.17390715389523,39.10136956883914],[-77.16991811823007,39.099744632300514],[-77.17093422810515,39.10260120235167],[-77.17076215666113,39.10493782916612],[-77.16922966236451,39.1090911336732],[-77.16736282746683,39.10779186289754],[-77.1651550551349,39.10779053795789],[-77.16490105884142,39.10707638355888],[-77.16702356607128,39.10740220759428],[-77.16965748668521,39.10578101847539],[-77.16914942462265,39.10435272820673],[-77.17025571912234,39.10182191111656],[-77.16839073626376,39.09883502601985],[-77.16907253282989,39.09623906501353],[-77.16771398899776,39.09636809071986],[-77.16941341284293,39.09494108358616],[-77.17034585614918,39.09643452064645],[-77.16932487042068,39.09864084036248],[-77.17153075416745,39.10032972277363],[-77.17492650706359,39.10085084207675],[-77.17492497524233,39.102538474349835],[-77.17628362164952,39.10240936968133],[-77.17696071619801,39.10487626115344],[-77.1785735227653,39.10546126083581],[-77.17840169026896,39.107797899499175],[-77.17619391756415,39.10779677059173],[-77.17670512350381,39.105849764642926],[-77.17390715389523,39.10136956883914]]],[[[-77.16488693764299,39.12057747227549],[-77.16497396949295,39.118565340394674],[-77.16888035039864,39.118827300101344],[-77.16956066034285,39.11791896363144],[-77.17117369691552,39.11850406079282],[-77.17066225363182,39.12045104878264],[-77.16879342645515,39.12083943481825],[-77.16972618950567,39.12233288399203],[-77.16488693764299,39.12057747227549]]],[[[-77.18577225367964,39.130195050758644],[-77.188659671731,39.13097520836618],[-77.18967933507103,39.13045635763868],[-77.19052982325786,39.12889888129465],[-77.18985085832324,39.128119693030456],[-77.19129511623933,39.127665912122076],[-77.19121111068692,39.12630278377175],[-77.19248502065183,39.12649801375425],[-77.19274047449093,39.125524473911504],[-77.1897680668027,39.12506892319198],[-77.18645751651484,39.1225360584086],[-77.18858057218343,39.12286151538596],[-77.18959893087178,39.12403030562095],[-77.19282674059734,39.12351232065846],[-77.192656444288,39.12416134711709],[-77.19469443504885,39.12481121300816],[-77.19545961425716,39.12357821920898],[-77.19342165124773,39.12292836601722],[-77.1932524680551,39.12188975385585],[-77.19503605623295,39.121825514838605],[-77.19546172444814,39.12020294101215],[-77.1988585780654,39.120723408572424],[-77.19911489632183,39.118062218612785],[-77.19614275403504,39.11760682093548],[-77.1943603510289,39.11598343836361],[-77.19461574275498,39.11500989668353],[-77.19724830984849,39.115075757248505],[-77.1983518130383,39.11591995816002],[-77.19860715104394,39.11494640829431],[-77.19945630406347,39.11507651226345],[-77.19945534187887,39.116764149416845],[-77.20106859353417,39.11734885860002],[-77.19987897702849,39.118516836987745],[-77.20115277372828,39.11871197787476],[-77.20208617477257,39.1202051835962],[-77.1961396362621,39.1226697365019],[-77.19962172676429,39.1228656679357],[-77.20140349923199,39.12617661757163],[-77.20063839356118,39.12740964857914],[-77.19936444569134,39.127214502086545],[-77.19928028920724,39.12585137931446],[-77.1955426431627,39.12662898435025],[-77.1940973455567,39.12877045559978],[-77.19273823767064,39.12889975561775],[-77.19180263672358,39.13078176011827],[-77.18865845842686,39.13266285073279],[-77.18577097328698,39.13188269283268],[-77.18577225367964,39.130195050758644]],[[-77.1875548135103,39.13181856099851],[-77.18814983459714,39.131234630615],[-77.1877251733699,39.13116954053836],[-77.1875548135103,39.13181856099851]]],[[[-77.20225009639573,39.131369627160836],[-77.20412072345613,39.12760545421589],[-77.2066686653131,39.12799563673696],[-77.20641419015348,39.12728156439465],[-77.20836806367132,39.12656808839397],[-77.2089621329675,39.12767169989971],[-77.20624320181736,39.129618251422336],[-77.20615730019982,39.13163041640768],[-77.20462795161521,39.132408892215196],[-77.20225009639573,39.131369627160836]]],[[[-77.1869447450093,39.15265424072773],[-77.18363303537079,39.15012128663876],[-77.18236145470182,39.1465506691893],[-77.17947348492798,39.145770362885195],[-77.1789649499533,39.14434210141918],[-77.18032437141073,39.14421295152588],[-77.18125767191174,39.14570632119817],[-77.18346659742383,39.14570736017924],[-77.18499255673295,39.14999208557346],[-77.18694599848348,39.15096659151186],[-77.1869447450093,39.15265424072773]]],[[[-77.1597637837899,39.14510997770975],[-77.15840622571163,39.143551256632605],[-77.16019037670755,39.14348751716171],[-77.16044258468712,39.14588933287825],[-77.16239558648547,39.146864223486624],[-77.16213965068611,39.14783770513702],[-77.15976189859147,39.14679762454892],[-77.1597637837899,39.14510997770975]]],[[[-77.20342074015882,39.16732988632658],[-77.2018072668867,39.16505754739144],[-77.19917288293598,39.16499178266774],[-77.19721991442326,39.16232981258135],[-77.19518084771295,39.161679983098814],[-77.19603158367724,39.16012245918109],[-77.19407777358799,39.159148094066936],[-77.19390849659672,39.158109475157765],[-77.18898107213475,39.156679504668794],[-77.18515650707309,39.157781315282705],[-77.18532694930131,39.157132294664486],[-77.18184462594397,39.15524831089196],[-77.17470846116623,39.15381670817097],[-77.17241242352007,39.155827665127156],[-77.16986368913142,39.15543677853432],[-77.16978005385188,39.154073628048394],[-77.17080017652479,39.1535549296865],[-77.17181867948919,39.154723872780416],[-77.1731783080594,39.15459480071324],[-77.17351938866875,39.15329679302203],[-77.17496424950673,39.15284319946813],[-77.17708813992873,39.15316885466242],[-77.17768195135847,39.1542726215013],[-77.1804864042336,39.1536898275941],[-77.18108027159109,39.1547935783302],[-77.1848182195771,39.15570405378332],[-77.18507258193705,39.15641817443087],[-77.18813145126269,39.15654932806593],[-77.1869447450093,39.15265424072773],[-77.18923667916594,39.1557059660514],[-77.19161514520218,39.156745485075696],[-77.19178780920863,39.152721155408756],[-77.193148474029,39.15090421589671],[-77.19246477461613,39.156875637892085],[-77.19356885757428,39.157719888375944],[-77.19501368113622,39.157266061546764],[-77.19467296621275,39.15856412920981],[-77.1971367741959,39.159279026354994],[-77.19815478850626,39.16213540781999],[-77.20163877758836,39.16233128437237],[-77.20316791214903,39.16324049361895],[-77.20495083745976,39.16655141976122],[-77.20367446148715,39.16973162606092],[-77.20367532627564,39.168043970667256],[-77.20240065705815,39.167848853654355],[-77.20342074015882,39.16732988632658]]],[[[-77.17342157659513,39.16712251158195],[-77.17580170306456,39.16647468088171],[-77.17732912389478,39.16907186335151],[-77.17562963689386,39.168811344515746],[-77.17342157659513,39.16712251158195]]],[[[-77.21619559349145,38.83714651327435],[-77.21441776336357,38.840586185901095],[-77.21357178054569,38.840456189534244],[-77.21475724521541,38.837600563189234],[-77.21348832317469,38.83740557001373],[-77.21365776430764,38.83675654341708],[-77.21619559349145,38.83714651327435]]],[[[-77.21179509186075,38.84052069169898],[-77.20942519833112,38.84285674416775],[-77.20714069227364,38.84318067541708],[-77.21145683669998,38.84013117334801],[-77.21357178054569,38.840456189534244],[-77.21323287653567,38.84175424282437],[-77.21306406358971,38.84071570228558],[-77.21179509186075,38.84052069169898]]],[[[-77.19216536117628,38.84324059939027],[-77.1900480793573,38.846290352221715],[-77.18920207383027,38.8461601893456],[-77.19047341636202,38.842980296868404],[-77.19216536117628,38.84324059939027]]],[[[-77.19537334982262,38.8545355469597],[-77.19613568054065,38.8533026006997],[-77.19283725061076,38.85077001215933],[-77.19139619754499,38.85459892922734],[-77.18995735047407,38.85505269202425],[-77.19004337332575,38.8530406251861],[-77.19207602013421,38.85031536923272],[-77.18827001017553,38.84804208478707],[-77.18420834190529,38.84842973261494],[-77.17659427137878,38.84725769961177],[-77.1750705727842,38.84803577748011],[-77.17481738435747,38.84732167145233],[-77.17024939965384,38.84628064809021],[-77.16779474163877,38.847252821669656],[-77.16525681989306,38.846861859772375],[-77.16635761752643,38.84601874255054],[-77.16517362474055,38.845498772978914],[-77.16847253088413,38.84634452891808],[-77.1701661118183,38.84491756473867],[-77.18759368508596,38.847262918082016],[-77.18920207383027,38.8461601893456],[-77.18852454458646,38.84706859547352],[-77.19114627968641,38.84882215034621],[-77.19368440841968,38.849212581929685],[-77.19452938466273,38.85103028261773],[-77.19698279731062,38.85174514747543],[-77.19757345231528,38.85453633530941],[-77.19977355485437,38.85453708459041],[-77.19977260345365,38.85622465399575],[-77.19537334982262,38.8545355469597]]],[[[-77.21812475167899,38.89043519155388],[-77.21643218420824,38.888487665875225],[-77.21880282618608,38.887839042804366],[-77.22032736572778,38.885372847856985],[-77.21795681756011,38.886021499889395],[-77.21821108800381,38.88504794531924],[-77.22049732928765,38.88303623315547],[-77.22007456723426,38.88128368132193],[-77.21728200761085,38.87849219283888],[-77.2151653480528,38.8798548127352],[-77.2166904035741,38.87570109125926],[-77.21804474679207,38.875571534725815],[-77.21559091079463,38.87316951185049],[-77.21584516800304,38.87219596364181],[-77.21499881570051,38.872065976556385],[-77.2126273450304,38.876089672068204],[-77.21178095324649,38.8759596629463],[-77.21127161176955,38.87959431723322],[-77.2129638347381,38.881541911258424],[-77.21101726764238,38.88056785691897],[-77.21033969045062,38.881476385949476],[-77.20915480780977,38.8809568346585],[-77.20966426439065,38.87732218847607],[-77.20593947630806,38.87810007502014],[-77.20644827621226,38.876153016662315],[-77.20831062771782,38.875764079819746],[-77.20864977756689,38.87446603496957],[-77.21076570535477,38.87479110034293],[-77.21262865296072,38.872714525641726],[-77.21347500856747,38.872844528924134],[-77.21339088189909,38.871481470642024],[-77.212036606419,38.87161097625458],[-77.21330675837756,38.87011841252221],[-77.20907590650617,38.86778076075385],[-77.20933023194108,38.86680722653108],[-77.21009174229125,38.86726176428703],[-77.2095845505817,38.865833691896945],[-77.21110825269444,38.8650551880082],[-77.20916141657759,38.8657686777467],[-77.20628428552423,38.86498902895186],[-77.20408216390994,38.8683635385336],[-77.20255831758166,38.86914195632412],[-77.20095054808085,38.86855728920082],[-77.2067929846922,38.86304197218616],[-77.20873902726245,38.86401609085335],[-77.20848470367021,38.86498962354656],[-77.21102417927844,38.863692129363066],[-77.21187244134653,38.85875943160102],[-77.20874200265415,38.85726580893979],[-77.20654181766866,38.8572652189167],[-77.2045120431593,38.854928004804385],[-77.19977355485437,38.85453708459041],[-77.20079020014295,38.8523305961795],[-77.2054437755365,38.85304598574582],[-77.20992721358799,38.85609779296152],[-77.21255044387514,38.856163326818276],[-77.21381906371607,38.85804589984673],[-77.21711965154088,38.85720279141913],[-77.21957349342019,38.857917209392916],[-77.21449576917058,38.85882492429139],[-77.21305569466617,38.86265409668543],[-77.21407081021138,38.863822638864065],[-77.21144662166562,38.865444708400425],[-77.21356230002128,38.86576972567852],[-77.2127147226577,38.86901486671256],[-77.21339151815778,38.86979389817733],[-77.21508416727669,38.87005388845478],[-77.21618473862091,38.86921032636401],[-77.21906214221679,38.86998974565975],[-77.21770790453638,38.87011931322633],[-77.21719944758452,38.872066416399505],[-77.2193148447232,38.87407890871561],[-77.2193990851942,38.87544196339383],[-77.21838320166937,38.87596103665798],[-77.2191448641393,38.87641551926942],[-77.22049968796168,38.87459836244415],[-77.22007745624681,38.87115823962845],[-77.22083954287808,38.869925139044156],[-77.22253222160904,38.87018502759191],[-77.22050015963096,38.87291078932532],[-77.22210557507016,38.883620647669886],[-77.2200726407798,38.88803398266603],[-77.21837903528193,38.88946163610986],[-77.22134200990921,38.88991648577938],[-77.22024118549825,38.89076009578014],[-77.21854803693275,38.890500175288956],[-77.2196483855252,38.891344156899386],[-77.21863176698663,38.8935508102193],[-77.2171928687284,38.89231731429764],[-77.21812475167899,38.89043519155388]],[[-77.21025703031634,38.87673817610651],[-77.20974904877056,38.876997676345134],[-77.2101722485005,38.877062688574874],[-77.21025703031634,38.87673817610651]]],[[[-77.19687456092585,38.89088381867983],[-77.19323492094057,38.88964924433378],[-77.19001983008836,38.88679206869814],[-77.18824199074663,38.8868562333927],[-77.18798731356578,38.88782972665074],[-77.18527934738917,38.886400592716626],[-77.18561639769847,38.88847776032503],[-77.18400833750692,38.88789287203969],[-77.18341527045848,38.88847675963265],[-77.18256878694498,38.88834655081732],[-77.18333302067221,38.88542610304039],[-77.18130182665112,38.88477607592484],[-77.17969246593758,38.8858787070364],[-77.18045678906309,38.88295827787817],[-77.17901874631688,38.88172434054691],[-77.17902017868877,38.88003676630442],[-77.1776656832148,38.880165896428316],[-77.17758221792337,38.878802812741974],[-77.17597443572325,38.8782178209211],[-77.17750462529482,38.87068943784064],[-77.17513569597122,38.86964969756398],[-77.17556033437887,38.86802725614148],[-77.17133081494374,38.86568831642297],[-77.16946687044056,38.86776426839502],[-77.1695501713075,38.86912735575301],[-77.16819586181704,38.86925638221448],[-77.16861730647457,38.87100910822472],[-77.16658492545092,38.87204641322497],[-77.16667333167638,38.86834678699964],[-77.16853569581431,38.86795844825612],[-77.16972337222283,38.86510324441553],[-77.17056956282946,38.86523354059021],[-77.17040293498331,38.862507368640806],[-77.16541099204566,38.86140101719922],[-77.16566587840249,38.86042757341472],[-77.1643966904693,38.860232076865756],[-77.16447988790902,38.861595166439535],[-77.1634638064373,38.86211378859403],[-77.1636355386059,38.85977725872182],[-77.16194331190096,38.859516566058645],[-77.15864769255448,38.85529549651864],[-77.15298040987143,38.85340931626683],[-77.15289743680202,38.85204622024808],[-77.16143895641765,38.8564007287268],[-77.16304433897407,38.85867347708229],[-77.1667668761779,38.85958445127201],[-77.16820427469261,38.86081852752395],[-77.17133564490679,38.86062560458906],[-77.17226354161744,38.86380654469539],[-77.17446238610444,38.86549531436284],[-77.17657790084954,38.865820963077226],[-77.1765764122061,38.867508534440496],[-77.17784575951418,38.86770390639243],[-77.17784721877048,38.86601633497564],[-77.18174010997794,38.866277880139],[-77.17818396298702,38.86809351771046],[-77.18055148854741,38.87082077158927],[-77.17885607302297,38.87393545461794],[-77.18410376640216,38.87406778273535],[-77.18562791282521,38.87328959144151],[-77.18977464409936,38.87426497050193],[-77.18427224388063,38.87510636663596],[-77.18004062543287,38.874455295103935],[-77.1784314735638,38.87555790846611],[-77.17775207510218,38.87815383225127],[-77.1802911536933,38.878544539560586],[-77.18155795611486,38.88211502207306],[-77.18519573252581,38.885037513128594],[-77.1879885383374,38.88614215105509],[-77.19120582140138,38.88562422776161],[-77.19509768793888,38.88926050541368],[-77.19865249093453,38.89081953013451],[-77.19805951742893,38.891403487999206],[-77.20068400820313,38.891469273385795],[-77.20034463728229,38.892767299122525],[-77.19780495553327,38.89237700197187],[-77.19687456092585,38.89088381867983]]],[[[-77.21439447794708,38.904713958451225],[-77.21634230364266,38.90400038308947],[-77.21634173544645,38.905687962680844],[-77.21439447794708,38.904713958451225]]],[[[-77.18593947216183,38.90911828877556],[-77.18721454195085,38.902563247346464],[-77.18831349216919,38.9050950875996],[-77.19102452234897,38.90314899977441],[-77.19288764634665,38.902760293408654],[-77.1889903619106,38.90587425576709],[-77.18805508156657,38.91113132385929],[-77.1867862030911,38.909248474913866],[-77.18593947216183,38.90911828877556]],[[-77.18814122319286,38.90911924464075],[-77.18763293704701,38.9093786552719],[-77.18805630515992,38.90944374328332],[-77.18814122319286,38.90911924464075]]],[[[-77.1730531951919,38.92468959708764],[-77.17228972639859,38.92592241217507],[-77.17229131557163,38.9242348284674],[-77.1700057338025,38.922870494690784],[-77.17390784256902,38.91638195791916],[-77.1695072088548,38.91300433890434],[-77.16781372449891,38.91274372472281],[-77.16874714460099,38.9108619685435],[-77.16858215530249,38.90644819916717],[-77.16985051442457,38.90833123369176],[-77.16933885425239,38.91196573002254],[-77.17534800119421,38.91592837810146],[-77.17814474886906,38.91365807907122],[-77.1778927612978,38.91125639279405],[-77.1795848272494,38.913204450208845],[-77.18576961572414,38.9097672830001],[-77.18703972411416,38.909962561796334],[-77.1872920088146,38.912364229066654],[-77.19118741106188,38.9126254789723],[-77.19169684647103,38.91067847277735],[-77.19432310439679,38.90905681248239],[-77.19525579239122,38.90717485771864],[-77.19720387134025,38.906461582827845],[-77.19805257537178,38.90321653301549],[-77.20406512017388,38.9021150464124],[-77.20745341411815,38.89926010327213],[-77.21050152613292,38.89939070111319],[-77.2128719271761,38.90042976902233],[-77.21337942420158,38.901857833982284],[-77.21473425960033,38.901728313210675],[-77.21558037023549,38.903545881699976],[-77.20897709937825,38.90016920078719],[-77.20525031066087,38.902634647727474],[-77.19864466693264,38.90432015349836],[-77.19788084887377,38.907240702592574],[-77.19576299103291,38.90860299600505],[-77.19804959951512,38.90827927203467],[-77.20033524860845,38.90964308626414],[-77.20169025199759,38.90951370791306],[-77.20177420363184,38.910876780571016],[-77.19686334905757,38.90944718179211],[-77.19449180851787,38.91009538701085],[-77.19466051744993,38.911133961450275],[-77.19339036820601,38.910938760689795],[-77.19135607873643,38.91366405825097],[-77.1900858942284,38.913468823575535],[-77.19076286074886,38.914247982915185],[-77.19313456968268,38.91359984866707],[-77.19279384721524,38.916585439237316],[-77.18932283136355,38.914701741658504],[-77.18923910833948,38.91333865989943],[-77.18737569427964,38.913727311965786],[-77.18424339559726,38.912233060346225],[-77.18178670171356,38.91320551891803],[-77.1763632541886,38.9170972368154],[-77.17415662487488,38.92215881929064],[-77.1728863383401,38.92196340820979],[-77.17220790036525,38.92287173350256],[-77.1730531951919,38.92468959708764]]],[[[-77.17076108657311,38.93007561350448],[-77.17423389931709,38.93027224940665],[-77.1750823798765,38.92871493108114],[-77.17915000499563,38.926639994203875],[-77.18440149687058,38.92677231068131],[-77.18609663606986,38.92534511467125],[-77.18923073340348,38.92515173796993],[-77.1851634786588,38.92722700505443],[-77.18617904671898,38.92839578516654],[-77.18194431460608,38.92774477426613],[-77.17830163560103,38.92819733991696],[-77.17745322991954,38.92975468015616],[-77.17567433062017,38.92981866495416],[-77.17533281637218,38.932804214001585],[-77.17135298287809,38.93117936820679],[-77.17076108657311,38.93007561350448]]],[[[-77.16491582349613,38.930526521624685],[-77.16660971103988,38.9307871760029],[-77.16737332699628,38.92955439507045],[-77.17076271126203,38.9283880288662],[-77.16949397922305,38.926504998665735],[-77.17228972639859,38.92592241217507],[-77.17093274487353,38.92773905360142],[-77.17186307839214,38.92923243871712],[-77.16855870217987,38.930074348997195],[-77.16779510083879,38.93130713731561],[-77.16652467179038,38.93111166082827],[-77.16372689148118,38.933381703067745],[-77.16330520354543,38.93162894649137],[-77.16466068174282,38.931499972449856],[-77.16491582349613,38.930526521624685]]],[[[-77.20353272190057,38.949626881827136],[-77.20539614628832,38.95092557492836],[-77.20412357041407,38.95410566397029],[-77.20471616793469,38.955209263108415],[-77.20276774132122,38.95423506970024],[-77.20454889734336,38.9507955151407],[-77.2017533599995,38.94969124086487],[-77.20209386997922,38.94670561214582],[-77.20116177273675,38.9469000391507],[-77.20099288818068,38.94586146850673],[-77.20625062068366,38.93586733408371],[-77.20752123924201,38.93606240375496],[-77.20429930095248,38.94164351573205],[-77.20378998590058,38.94359058186422],[-77.20446822288937,38.94268208125631],[-77.20523049649091,38.94313665332445],[-77.20455142297895,38.94573274679809],[-77.20285705199602,38.945472610093994],[-77.20268726155267,38.94612163068736],[-77.20387315860827,38.94664124825196],[-77.20353272190057,38.949626881827136]],[[-77.20378998590058,38.94359058186422],[-77.20302683941217,38.944823589327775],[-77.2034504273983,38.94488862508686],[-77.20378998590058,38.94359058186422]],[[-77.20268726155267,38.94612163068736],[-77.20217876890523,38.94638110225],[-77.20260236519577,38.94644614091928],[-77.20268726155267,38.94612163068736]]],[[[-77.17836054478005,38.95824943085771],[-77.18226380523006,38.95176059932497],[-77.18090937095066,38.950202176209714],[-77.18150571312654,38.946243117487754],[-77.1823528679035,38.946373334559695],[-77.18252419261192,38.944036753347234],[-77.18421845749315,38.94429716771665],[-77.18489694527007,38.94338877404741],[-77.18583286798994,38.938131706917304],[-77.18481716969306,38.93696292240699],[-77.18685110289702,38.935925309758225],[-77.18684985092533,38.93761289633138],[-77.18947599716964,38.93767891943737],[-77.19023812478505,38.938133583311725],[-77.18727214029329,38.93936557425185],[-77.18760949264681,38.94144275090147],[-77.18608267082216,38.943908561474615],[-77.1829464151045,38.94578944757119],[-77.18184156454038,38.95000790129007],[-77.18506042009491,38.95117772290514],[-77.18836556329383,38.95033537048254],[-77.18844931251041,38.95169845975523],[-77.18353463687707,38.95195591515177],[-77.18175383002769,38.953707577726135],[-77.1802251466993,38.95786091187206],[-77.17836054478005,38.95824943085771]]],[[[-77.15887373758868,38.95525234279941],[-77.15658938724923,38.952200165781136],[-77.15853714120085,38.95317508402127],[-77.15938244650964,38.954993048445104],[-77.16260479029408,38.952788272602696],[-77.16217936869796,38.954410687572725],[-77.16031475887802,38.95479893515487],[-77.15793757041077,38.95882162743002],[-77.15700520018044,38.959015722969255],[-77.15785630887459,38.95577092527961],[-77.15887373758868,38.95525234279941]]],[[[-77.17251148158579,38.960388290757535],[-77.17429113075544,38.960324351043894],[-77.17496989180913,38.95941600959021],[-77.17353043160378,38.95818199599213],[-77.17429421773099,38.95694916769362],[-77.17243278067411,38.95396241565258],[-77.17480441515694,38.955002219052105],[-77.17539353962658,38.959481141288954],[-77.17666597611417,38.95798893595751],[-77.17836054478005,38.95824943085771],[-77.1741210509682,38.960973333894934],[-77.17360767448777,38.96629546770413],[-77.17377932682814,38.96395889185617],[-77.17174602658169,38.96330870128545],[-77.17251148158579,38.960388290757535]]],[[[-77.15895314207586,38.9599906356413],[-77.15776542165524,38.96115817956842],[-77.15810587070345,38.959860258518376],[-77.15895314207586,38.9599906356413]]],[[[-77.19716539705978,38.970589895300726],[-77.19869044716272,38.97149912821046],[-77.1988593583555,38.97253770586832],[-77.19716539705978,38.970589895300726]]],[[[-77.18741603555233,38.97415599291062],[-77.18300725659282,38.9758416121042],[-77.1791935350488,38.975255607301726],[-77.17961869918874,38.973633129036024],[-77.18105995514766,38.97317947921945],[-77.17936502918293,38.97291902061139],[-77.17996022920877,38.97064755071621],[-77.18207882509826,38.970973110088906],[-77.1800438443719,38.97201064970928],[-77.18292492517313,38.97279091880602],[-77.18216111899385,38.974023803115436],[-77.18741603555233,38.97415599291062]],[[-77.18105995514766,38.97317947921945],[-77.18156871031803,38.97292009321662],[-77.18114497874456,38.97285498247364],[-77.18105995514766,38.97317947921945]],[[-77.18182240195082,38.97363419713652],[-77.18131364269259,38.973893584207275],[-77.18173738046411,38.9739586943845],[-77.18182240195082,38.97363419713652]]],[[[-77.18359705465042,38.98032050922144],[-77.18224341978907,38.97707449748696],[-77.18300725659282,38.9758416121042],[-77.18376974345425,38.97629631823919],[-77.18308959491546,38.97889230675267],[-77.18647976388445,38.979413099552495],[-77.18690228691233,38.98116578941165],[-77.18512213913453,38.98122991020783],[-77.18546219413966,38.97993191025855],[-77.18376709514594,38.979671511510546],[-77.18359705465042,38.98032050922144]]],[[[-77.15291474285898,38.97796588368697],[-77.15130704508795,38.97569296816106],[-77.14927361783207,38.97504240821621],[-77.14792161210403,38.97179602491895],[-77.15003799179621,38.97380972621097],[-77.14978249929077,38.974783152469506],[-77.15181592385161,38.975433704050616],[-77.15350878390299,38.97738213487634],[-77.15605119442948,38.97777334408581],[-77.15655811568554,38.97920165681221],[-77.15554231439461,38.97803262565464],[-77.15291474285898,38.97796588368697]]],[[[-77.1778299585617,38.98382272590817],[-77.18046056629407,38.98051374505027],[-77.18224070065868,38.98044969112391],[-77.18122308619738,38.9809684671545],[-77.18130673687601,38.982331567423074],[-77.17995034133384,38.98246072433448],[-77.1799489285182,38.98414832229687],[-77.1778299585617,38.98382272590817]]],[[[-77.17833009737375,38.99368894871067],[-77.17731226985632,38.99420769373697],[-77.17705707064717,38.99518117915971],[-77.17595564581686,38.994336807229615],[-77.17705855075396,38.9934935783441],[-77.17833009737375,38.99368894871067]]],[[[-77.17748092859176,38.99524630408405],[-77.18070311111522,38.99472864557631],[-77.18307619267821,38.99576829724581],[-77.18205836991199,38.99628708135709],[-77.1804479554497,38.9957021380492],[-77.18027784787918,38.99635113282257],[-77.17748092859176,38.99524630408405]]],[[[-77.17332746678447,38.99427049728824],[-77.17443040117593,38.993427291763126],[-77.17595564581686,38.994336807229615],[-77.17536164645709,38.99492066499608],[-77.17197083450407,38.994399567232314],[-77.16993505439531,38.995436944806045],[-77.17171716715991,38.99368544090146],[-77.17332746678447,38.99427049728824]]],[[[-77.15661785612328,39.0008159682595],[-77.1567940360623,38.99510420123557],[-77.15594635964355,38.99497380867373],[-77.15772686933605,38.994910106221546],[-77.15739205844466,38.991145232017914],[-77.1599349707722,38.99153636249543],[-77.15900408544513,38.99004287434053],[-77.16112315226803,38.99036879244488],[-77.1616339364554,38.988421888226966],[-77.16248154673471,38.98855224181633],[-77.16256303881606,38.99160295596192],[-77.16908735055578,38.99530664197575],[-77.16891547356217,38.9976432225014],[-77.1684081812156,38.996214956186684],[-77.16561144743775,38.995109860041836],[-77.1646803998689,38.99361641362625],[-77.16247609216319,38.99361504110927],[-77.16180052409763,38.991148118473944],[-77.16052906628683,38.99095257886535],[-77.16069747789716,38.99199121147103],[-77.15832292478568,38.99263873251867],[-77.1589983887764,38.995105674654546],[-77.15712494907024,39.00224428378635],[-77.15389823092346,39.00613653723915],[-77.15236685531161,39.01028956125939],[-77.15033035094531,39.01132661992692],[-77.14947613597013,39.0162589998293],[-77.14845778686787,39.016777510112895],[-77.14998319633638,39.01768734808658],[-77.14574138253624,39.01872269921385],[-77.14285433301025,39.02131677556263],[-77.14395578206538,39.0221614448225],[-77.14336129858843,39.0227451520477],[-77.14047866361648,39.02196395830294],[-77.14013760926971,39.02326184352979],[-77.13835639009537,39.02332529397266],[-77.13971596871752,39.0215089829423],[-77.1423451012614,39.0215760048042],[-77.14251788841368,39.019239452141484],[-77.14378979228086,39.01943517712494],[-77.14404552184475,39.01846175635952],[-77.14599708347585,39.0177492745435],[-77.14820212227767,39.01775093969483],[-77.14752464840615,39.01697153615026],[-77.14973812148286,39.01022275170985],[-77.15194499526784,39.00853674592961],[-77.15661785612328,39.0008159682595]],[[-77.15840424706657,38.995689451337626],[-77.15789525010334,38.9959487432721],[-77.15831909535883,38.99601393363198],[-77.15840424706657,38.995689451337626]]],[[[-77.18552410356796,39.00998422909758],[-77.18789775173717,39.011023791125595],[-77.1862019194693,39.01076342436653],[-77.18509885867707,39.01160673680773],[-77.18594550689153,39.01342453646215],[-77.18950618202896,39.014983851337284],[-77.19205123297894,39.01368671893801],[-77.19366213892877,39.01427151339156],[-77.19043918290957,39.01478950988992],[-77.18916603531356,39.01628186955368],[-77.19077697554287,39.01686670168713],[-77.19094356230096,39.02128051313824],[-77.1925535064406,39.02355293139051],[-77.1903494632115,39.02186444515303],[-77.19052187704978,39.0178402183219],[-77.18840187820638,39.01751480069426],[-77.18857317616265,39.01517818578006],[-77.18577540692648,39.0140735406097],[-77.18374192395916,39.0117359357559],[-77.18518390917292,39.011282235348105],[-77.18552410356796,39.00998422909758]]],[[[-77.17398018152244,39.022051430928954],[-77.18237548480268,39.02367837046352],[-77.18288324302026,39.025106586035456],[-77.17423397002544,39.022765555899916],[-77.17398018152244,39.022051430928954]]],[[[-77.17363972465195,39.023349408105666],[-77.1697401054174,39.02139999421313],[-77.1699120120601,39.01906340359649],[-77.16855658913467,39.017504829509996],[-77.16592757969093,39.017438362656186],[-77.16524991879935,39.01665905587472],[-77.16380412649424,39.02048773970547],[-77.16236182543395,39.02094119248095],[-77.16303949527806,39.021720515573335],[-77.16099911638568,39.026132968848515],[-77.15803096998647,39.02567666776631],[-77.15641225877474,39.031841849464655],[-77.15700476562142,39.03294568979039],[-77.16048245399944,39.03314271391334],[-77.16031208065523,39.033791685278885],[-77.15886759086236,39.035932710294716],[-77.1588694939418,39.034245098501145],[-77.15768248992511,39.03372504368079],[-77.1557286381091,39.03612532284355],[-77.15369348134313,39.03547482903171],[-77.15513214513939,39.03839670023531],[-77.1535189874188,39.03949901632041],[-77.15224670640163,39.03930339033273],[-77.15292239774419,39.041770384408956],[-77.15173324456117,39.042937885782095],[-77.15367729277858,39.04897573921319],[-77.15715185234262,39.05254808974093],[-77.15723513403309,39.05391122220095],[-77.15681095219026,39.05384602751113],[-77.15579410383397,39.05267698414083],[-77.15401217762786,39.052740659471006],[-77.15418466387311,39.05040407821552],[-77.15248803386172,39.050143249269055],[-77.15232371556738,39.045729365038255],[-77.15003679756668,39.04267702369395],[-77.15173531341448,39.04125027208358],[-77.15190784556874,39.03891369863677],[-77.15275602699928,39.039044119714504],[-77.15309693013657,39.037746196397336],[-77.15097651858633,39.03742013874075],[-77.14978740530475,39.03858762061496],[-77.14554658183623,39.03793535602726],[-77.14402529836802,39.03365023723431],[-77.14461986566661,39.033066525764625],[-77.14622642642102,39.03702716071494],[-77.14919496205123,39.03748374480345],[-77.15123221519259,39.03644670024642],[-77.1528432969421,39.03703202644803],[-77.15267694000389,39.03430576385157],[-77.15479726836247,39.034631792306755],[-77.15615664770336,39.0328152978618],[-77.15642009803994,39.02509140997718],[-77.15743850678545,39.02457283368188],[-77.16023624940355,39.025678119218746],[-77.16015481674286,39.02262738682762],[-77.16236000374003,39.022628800564696],[-77.16083619287939,39.020031506095904],[-77.16117686270833,39.01873356474506],[-77.16321161794428,39.01938393411497],[-77.1644871246013,39.01620423307043],[-77.16592931847926,39.0157507559635],[-77.17008390765773,39.01672681364055],[-77.16915415546286,39.01354578947007],[-77.16779715627003,39.01367481419949],[-77.16610306884806,39.01172656720324],[-77.16788736615386,39.008287509090856],[-77.16424412174082,39.00536445909852],[-77.16484005935966,39.00309305034825],[-77.16738342936534,39.00348402897355],[-77.16679100499654,39.00238024350705],[-77.16823459540099,39.00023913815471],[-77.16764218454192,38.999135357319524],[-77.16806774584167,38.99751291266309],[-77.16958968974083,39.001797711408315],[-77.17374197397208,39.004461247678016],[-77.17492708552219,39.00666875036586],[-77.17713178899919,39.006669901776874],[-77.17789310128323,39.008812250676776],[-77.18052180987215,39.00887846409954],[-77.18119817752367,39.011345291747304],[-77.18280894435507,39.011930226782134],[-77.18119679309844,39.01303289741925],[-77.17984265660088,39.00978684282983],[-77.17738408197509,39.00907162305983],[-77.176537698371,39.00725376631491],[-77.17551966827041,39.007772497760776],[-77.17390905212378,39.00718746855619],[-77.17348669101385,39.0054347273423],[-77.17221495209392,39.00523930699722],[-77.17170754199671,39.00381105244383],[-77.16958803620032,39.00348531434534],[-77.16916580069132,39.001732559471634],[-77.167979253563,39.001212605837196],[-77.1682312254423,39.00361434360834],[-77.1662802608206,39.00432717322268],[-77.16602487848057,39.00530063751977],[-77.16924426468714,39.00815848348873],[-77.16932772215979,39.00952159764213],[-77.1669509587011,39.0118568907542],[-77.16805254429298,39.01270134494096],[-77.17110533918006,39.01283291363152],[-77.17034091218075,39.014065732906275],[-77.17186493745568,39.01666290817887],[-77.17118236956911,39.02094645570635],[-77.1738950684441,39.02237592528445],[-77.17363816460313,39.025037017017],[-77.17474002748531,39.025881413701626],[-77.17185693128346,39.02510094800002],[-77.17363972465195,39.023349408105666]]],[[[-77.17668999813225,39.026856058093486],[-77.1765167974792,39.030880271709016],[-77.17566866868037,39.030750013072996],[-77.1758404069381,39.02841341061704],[-77.17499230812072,39.02828314741593],[-77.17584191595478,39.02672580072833],[-77.17474002748531,39.025881413701626],[-77.17668999813225,39.026856058093486]]],[[[-77.18244429309435,39.04360521004952],[-77.18074911585282,39.04165715316007],[-77.18092210794354,39.03763292629903],[-77.1754954022304,39.03477422790144],[-77.1765167974792,39.030880271709016],[-77.1781279593634,39.031465269362855],[-77.17660041735373,39.03224338607915],[-77.1763435776557,39.03490448780913],[-77.18117740439774,39.036659426169464],[-77.18202424628464,39.038477260144155],[-77.18422991433121,39.038478285520256],[-77.18346544025161,39.03971119086257],[-77.18193914987793,39.03880176090846],[-77.18168248240671,39.04146287664589],[-77.18439484236094,39.04457973639221],[-77.18150676752913,39.04886233839742],[-77.18082864674841,39.048083112512415],[-77.18244429309435,39.04360521004952]]],[[[-77.16344013886645,39.04372463431334],[-77.15869338220092,39.03995690516089],[-77.15886759086236,39.035932710294716],[-77.15962678583593,39.039762794442936],[-77.16208622352464,39.04047836947905],[-77.16344013886645,39.04372463431334]]],[[[-77.16344013886645,39.04372463431334],[-77.16759459233441,39.04638839478452],[-77.16649077522723,39.04723154693375],[-77.16691321049228,39.0489843241905],[-77.1712367945666,39.05268659966023],[-77.16665767975631,39.04995779705621],[-77.16538693251772,39.0480746893977],[-77.16572765250663,39.04677672940687],[-77.16369210813265,39.04612639825003],[-77.16344013886645,39.04372463431334]]],[[[-77.13500067476795,39.056230967866824],[-77.1341597564135,39.051037574930234],[-77.13237785149168,39.05110093992274],[-77.13305798369264,39.050192814636034],[-77.13433040361988,39.0503886375411],[-77.13458636871742,39.04941523115549],[-77.13170277058303,39.048633830165436],[-77.12958472067524,39.046619791814514],[-77.12593576028019,39.04707082769902],[-77.12347645557442,39.04635453609296],[-77.12839772415678,39.04609945603216],[-77.12856841120195,39.045450527116344],[-77.13272419567589,39.0464278396555],[-77.13306048625451,39.048505199162626],[-77.13475700830789,39.04876629336385],[-77.13679478352789,39.04772948362115],[-77.13756253119259,39.044809249493554],[-77.1367996148938,39.04435425446434],[-77.13815962562828,39.04253795402173],[-77.13663384277005,39.04162796700415],[-77.13544932410419,39.039420086157754],[-77.13672156195236,39.0396158842052],[-77.13748202845574,39.041758492443726],[-77.13909311719618,39.04234399752959],[-77.14011189115686,39.04182556182471],[-77.140964723024,39.03858083755907],[-77.1379985818362,39.03643644461826],[-77.1377474947868,39.03403463263757],[-77.13562726032195,39.03370831314787],[-77.1350350717812,39.03260437072188],[-77.13757931360846,39.03299596182692],[-77.13960955681759,39.03702194247201],[-77.1452077632875,39.03754564614418],[-77.1458001465135,39.03864954098498],[-77.14554436943799,39.039622968660474],[-77.1438480219925,39.03936202219724],[-77.14359221627623,39.04033544597113],[-77.14181058185704,39.04039894614607],[-77.14138418364927,39.0420213121945],[-77.1428247580301,39.04325571510702],[-77.14256892491473,39.04422913742463],[-77.141211305922,39.04435787225596],[-77.13934663385749,39.04305819619998],[-77.13781843337587,39.043835837391015],[-77.13789656233642,39.04857421041027],[-77.13569058892426,39.048572362234104],[-77.13458390154526,39.0511028469272],[-77.13577102403025,39.05162312404787],[-77.13475208181544,39.052141525029114],[-77.13576614442437,39.05499835744046],[-77.13500067476795,39.056230967866824]]],[[[-77.16291453898512,39.059172498830094],[-77.16147146481279,39.059625944272426],[-77.16071010433728,39.057483476302096],[-77.1593522699566,39.05761240970276],[-77.15884474701703,39.05618409000202],[-77.15757215965321,39.05598851799906],[-77.15723513403309,39.05391122220095],[-77.16003212607613,39.05670413573156],[-77.16283295640571,39.0561217506709],[-77.16181414415952,39.05664037400768],[-77.16181230885613,39.05832799239225],[-77.16512083467309,39.059173863558414],[-77.16622138303873,39.06170596022827],[-77.16291453898512,39.059172498830094]]],[[[-77.12898213045442,39.052266279165096],[-77.13025457569321,39.05246214388895],[-77.13102008613532,39.05122956352252],[-77.13237785149168,39.05110093992274],[-77.13008388723688,39.05311107591409],[-77.12940110293773,39.05570680240857],[-77.12728027385928,39.05538033920871],[-77.12898213045442,39.052266279165096]]],[[[-77.13439595362426,39.06356511049703],[-77.13210670228258,39.06220004861681],[-77.13099968264709,39.0647305074651],[-77.13015124054121,39.06459993723376],[-77.12913467055847,39.06343067346978],[-77.13040987621379,39.06193891760045],[-77.1287984231231,39.0613532978811],[-77.12896914240926,39.060704366677754],[-77.13338182535604,39.0607082625724],[-77.1329601305081,39.05895536778813],[-77.13431803673598,39.058826722808604],[-77.13508354530094,39.057594116023225],[-77.13482509617819,39.060255143325335],[-77.13363534994986,39.06142247519323],[-77.1344837612257,39.06155302155933],[-77.13439595362426,39.06356511049703]]],[[[-77.15050629974621,39.07448251381303],[-77.15085158975764,39.06980934367202],[-77.14924192499485,39.06753636679977],[-77.14915451872534,39.069548468302024],[-77.14737217307105,39.06961204858324],[-77.14711413114416,39.072273107155056],[-77.14626557204875,39.07214264678529],[-77.14278150093959,39.07532046911052],[-77.14329337351234,39.07337361251096],[-77.14541701599977,39.07201218062402],[-77.14771331572219,39.06831413307959],[-77.14856183271877,39.06844458347289],[-77.14873239220557,39.06779562430373],[-77.14669641128825,39.06714501224294],[-77.14915877759789,39.06617322568809],[-77.15085576983904,39.066434100841875],[-77.15187892989142,39.06254032596402],[-77.15001360067676,39.06124080590853],[-77.15061044103639,39.058969444074144],[-77.14840415185486,39.05896782166738],[-77.1505272777761,39.0576063059614],[-77.14840844494692,39.05559258544931],[-77.15019044596632,39.05552899046549],[-77.15129665747322,39.052998364813746],[-77.14968523434446,39.0524130169338],[-77.15155240458459,39.0520249230411],[-77.15206387826109,39.050078038413716],[-77.15307859237427,39.05293472843148],[-77.1513777524098,39.05604911884597],[-77.15230932630519,39.057542680562506],[-77.15154203659169,39.060463012316184],[-77.15315365312787,39.06104833694141],[-77.15459280139027,39.063970227419496],[-77.15136528550987,39.06617483469414],[-77.15229698892904,39.06766839919785],[-77.15186446500257,39.07435367670116],[-77.15007989568537,39.076104919493844],[-77.1493976095873,39.07870076654024],[-77.14854897134056,39.07857032161056],[-77.14897755790487,39.07526029662519],[-77.15050629974621,39.07448251381303]]],[[[-77.173420973478,39.076314505872695],[-77.17087502217986,39.075923646040245],[-77.16926127027506,39.07702617388615],[-77.17011157074414,39.07546885312398],[-77.173420973478,39.076314505872695]]],[[[-77.13860255678826,39.089532117062824],[-77.13393697856014,39.08712656414298],[-77.13104934037506,39.088032769694166],[-77.13325901089661,39.08634707330939],[-77.13444669968283,39.0868673663961],[-77.13555149063257,39.08602449303147],[-77.13563440547716,39.08738764818352],[-77.1368221282796,39.08790791867146],[-77.13775860101539,39.0860263436801],[-77.13945601596075,39.08628737547455],[-77.13869265232535,39.08583238869085],[-77.1399680548798,39.084340528648795],[-77.14455057093576,39.08538270494313],[-77.1452308718703,39.08447450741354],[-77.14650392487606,39.0846702068364],[-77.14752107146643,39.08583933299243],[-77.14735045880916,39.08648829264154],[-77.14531396652416,39.08583765570865],[-77.14463365386612,39.08674585392285],[-77.14140944417083,39.08557495731867],[-77.14064374813998,39.086807609335594],[-77.13826591789505,39.087454757213905],[-77.13860255678826,39.089532117062824]]],[[[-77.1616014026629,39.096104707475845],[-77.16618670560824,39.09545845793979],[-77.16873499170553,39.094161785183296],[-77.17060476503968,39.09208577260951],[-77.17018199014144,39.09033299426201],[-77.17238923212285,39.09033422993203],[-77.17256121666327,39.08799760731915],[-77.1737507725739,39.086829897150864],[-77.17374921374129,39.08851752494778],[-77.1748520405508,39.08936193011308],[-77.17434090095732,39.09130892234929],[-77.17213362933386,39.091307721337074],[-77.16941341284293,39.09494108358616],[-77.1627894538666,39.09662473064935],[-77.1616014026629,39.096104707475845]]],[[[-77.12460404876701,39.084002561708665],[-77.12400347575795,39.087961435614886],[-77.12731291049224,39.08880831811786],[-77.12977627009872,39.087836911848335],[-77.13104934037506,39.088032769694166],[-77.13087857545918,39.08868170698709],[-77.12934932481654,39.08945925035581],[-77.12773726994811,39.08887361393688],[-77.12663234503826,39.089716418284766],[-77.1251911246533,39.08848181730169],[-77.12035240464485,39.0884123108728],[-77.12111846178392,39.08717978352431],[-77.1233256068685,39.08718189047893],[-77.12375539314058,39.083871947345926],[-77.12460404876701,39.084002561708665]]],[[[-77.14393531394148,39.101155084348775],[-77.14257891680114,39.09959620406609],[-77.13926881274772,39.09874972632883],[-77.13774423090894,39.09615211350249],[-77.13859543069762,39.09459500294287],[-77.14283949890137,39.095247511452186],[-77.14233203769659,39.09381911450369],[-77.14556105559859,39.09161473068034],[-77.14751239886598,39.09258984455139],[-77.14598104005086,39.09505522258074],[-77.14513221691648,39.09492475392253],[-77.14572506682693,39.096028660505496],[-77.14385448117223,39.09810430028978],[-77.1437668889193,39.10011640938429],[-77.14588909798432,39.10044259379603],[-77.14656514207934,39.10290964976341],[-77.15174400949505,39.10336783346416],[-77.15182724797228,39.10473098225687],[-77.15038319961307,39.1051843027227],[-77.1492804170597,39.10433967794635],[-77.14809018113709,39.10550715773282],[-77.14384546639852,39.10485482721641],[-77.14401390352994,39.10589350301532],[-77.14223066166038,39.10595700998391],[-77.13900563806864,39.10478604678243],[-77.14138402899596,39.104138882627986],[-77.14342099911754,39.10478958619805],[-77.14393531394148,39.101155084348775]]],[[[-77.1384981856167,39.10335763159432],[-77.13917873053283,39.10244946412118],[-77.13815671376706,39.104655530249346],[-77.13892027183809,39.10511052194116],[-77.13679795770791,39.1047842182675],[-77.13629054867644,39.10335579406872],[-77.1384981856167,39.10335763159432]]],[[[-77.1359490373943,39.10465368665897],[-77.13492935263783,39.10517209413887],[-77.13416581891578,39.10471707793005],[-77.13527088457417,39.1038742042209],[-77.1359490373943,39.10465368665897]]],[[[-77.12965213712538,39.11347584847527],[-77.12990838722159,39.112502440408974],[-77.12838123814745,39.11159234038044],[-77.12770573081474,39.10912518145491],[-77.13033288743213,39.112567727660796],[-77.13330441027085,39.113024697864304],[-77.13219918258457,39.11386755558131],[-77.12965213712538,39.11347584847527]]],[[[-77.15647690440672,39.12232459790994],[-77.1545266481419,39.11966198105745],[-77.1524038387318,39.11933594288933],[-77.15147147035378,39.117842364681074],[-77.14917805710428,39.11816524055306],[-77.14748203206982,39.116216703068595],[-77.1428975286855,39.11517462870943],[-77.14188004573127,39.11400545819046],[-77.1400966028499,39.114068934649104],[-77.13933058417057,39.11530158526344],[-77.13763249165473,39.11504055030897],[-77.13602223823956,39.112767382934656],[-77.13780565272458,39.11270396493508],[-77.13916219219213,39.11426290123019],[-77.14052345274303,39.11244655162709],[-77.1430705207137,39.11283803594556],[-77.14434182236944,39.114721394319496],[-77.1495215179205,39.11517967166993],[-77.15036848296367,39.11699774748605],[-77.15664947660912,39.11998798300507],[-77.157411372524,39.12213050089915],[-77.15647690440672,39.12232459790994]]],[[[-77.15673087119073,39.12303877164088],[-77.15919689592262,39.120379137530485],[-77.16114919504521,39.12135404270599],[-77.16030190935389,39.11953603878448],[-77.16217074839494,39.119147780472304],[-77.16454762980888,39.12018780924596],[-77.16488693764299,39.12057747227549],[-77.16471639855297,39.12122646006668],[-77.16548029718648,39.1216812900761],[-77.16191123802992,39.123496533603266],[-77.16148849009474,39.12174371509831],[-77.16004416378962,39.12219714928329],[-77.16097676436323,39.123690664482616],[-77.15919120247159,39.125442054554],[-77.15876850885796,39.12368922612822],[-77.15673087119073,39.12303877164088]]],[[[-77.15603655433885,39.13576052784186],[-77.14975210423053,39.134457894413835],[-77.14873209951364,39.134976418139914],[-77.14881959623877,39.132964291837496],[-77.14559326702702,39.13179349334425],[-77.14355325848769,39.13283046371142],[-77.14117626401126,39.13179003103287],[-77.13871156594979,39.132761671487636],[-77.13862854153754,39.131398506438074],[-77.13667627477524,39.13042324575704],[-77.13395778835843,39.13068057587204],[-77.13301813491269,39.13424978052457],[-77.13080955896906,39.134247845662316],[-77.12919390276193,39.13534986545658],[-77.13003801829456,39.13885573055998],[-77.12663815580343,39.140021025097234],[-77.12621083356515,39.1416433693253],[-77.1284196343327,39.14164538585485],[-77.12943469782877,39.14450231845518],[-77.12832894606565,39.14534514706301],[-77.12450676317053,39.14475744420604],[-77.12407936543113,39.14637978267802],[-77.12577814216546,39.146641004362586],[-77.1267103517843,39.14813478381177],[-77.12526259615895,39.15027546382218],[-77.13120870214236,39.15118958244326],[-77.1319701746752,39.15333226964064],[-77.13528022777284,39.155866600441904],[-77.14055055345987,39.15431312977367],[-77.14224957507194,39.15457412693193],[-77.14156857993741,39.1554823206554],[-77.13638363016251,39.156711358099855],[-77.13264623827976,39.15579942726471],[-77.13154035172924,39.15664228638546],[-77.13153526835212,39.16001758769852],[-77.13093955603206,39.1606012505424],[-77.1299242082075,39.15774432072562],[-77.13086431785783,39.15417512231976],[-77.12865774429905,39.15248550035408],[-77.12356100942027,39.15170188277092],[-77.1229680419159,39.15059785836015],[-77.1249233622287,39.14988569036899],[-77.12263706370825,39.145145138390134],[-77.12348916182039,39.14358811630545],[-77.12688659263519,39.14411055231242],[-77.12748220223794,39.14352691086599],[-77.1256152291936,39.14222700445969],[-77.12519324841453,39.14047405610821],[-77.12562058650664,39.138851715761376],[-77.12800021249562,39.13820480333637],[-77.12825657200206,39.13723139390181],[-77.12536955474756,39.13644983303763],[-77.12554048122738,39.13580089729716],[-77.12868382257304,39.135609044095204],[-77.13013118494975,39.133468330660584],[-77.12851814682564,39.13288269938167],[-77.12834986873148,39.131843997100724],[-77.13030463131537,39.131131747234285],[-77.1306463679887,39.12983386342612],[-77.12818421411032,39.12911765400058],[-77.1289531683859,39.12619742886774],[-77.12708397047695,39.12658518844062],[-77.12470741637874,39.12554444229869],[-77.12317732346285,39.12632191525248],[-77.12360462331537,39.12469958643778],[-77.12785031601786,39.12535261055068],[-77.1288703346367,39.124834259094875],[-77.12819468753032,39.1223670964353],[-77.12564468825332,39.123662944999126],[-77.12216276020071,39.12346494203665],[-77.12607191734897,39.12204060856048],[-77.12632824564517,39.121067206242046],[-77.12471551359666,39.12048152708489],[-77.12497185456886,39.11950812786131],[-77.12649912735897,39.12041827117318],[-77.12718262368,39.11782252937705],[-77.12590904170101,39.11762663080735],[-77.12735349012709,39.117173593547506],[-77.12778064288774,39.115551253306556],[-77.12693161294575,39.11542065985038],[-77.1277832703126,39.113863617587135],[-77.12651241300937,39.11198009024764],[-77.12651506976906,39.11029245572642],[-77.1274494631163,39.11009858434398],[-77.1279541220812,39.113214681433554],[-77.13033031929106,39.114255363007686],[-77.13007406866515,39.115228772275664],[-77.13194042755902,39.116528604754734],[-77.13049089143753,39.12035696941085],[-77.1309128831955,39.12210989272751],[-77.13252570137291,39.12269549169194],[-77.13217645493141,39.12905629802929],[-77.13336483444378,39.12957660574123],[-77.13642490650913,39.128021389429755],[-77.13752789914754,39.128866132145525],[-77.13812568575067,39.126594801383455],[-77.13906025784081,39.12640084212104],[-77.13820630956981,39.129645606080175],[-77.1394777793097,39.13152902043217],[-77.14092241959449,39.1310758243004],[-77.14380939054396,39.131857023285455],[-77.14627398969053,39.13088528197863],[-77.14754785909638,39.131080972462726],[-77.14848031674792,39.132574584010264],[-77.15102813358084,39.13296590686926],[-77.15162138368501,39.134069793510925],[-77.16156087557127,39.13323270706363],[-77.16461695366564,39.13505208107501],[-77.16393642136957,39.13596039358804],[-77.1626624222193,39.13576487078636],[-77.16249364906497,39.1347262141713],[-77.15816178235521,39.13439886190971],[-77.15799115070271,39.13504784226127],[-77.15688782615126,39.134203280017],[-77.1570545700469,39.136929587540635],[-77.15493124449256,39.13660359140441],[-77.15603655433885,39.13576052784186]],[[-77.156717183573,39.13485225859513],[-77.15612188011782,39.13543603897909],[-77.15654653794466,39.135501237023874],[-77.156717183573,39.13485225859513]],[[-77.13361859929347,39.130290827683616],[-77.13310857043008,39.130550024206],[-77.1335331790126,39.13061530076348],[-77.13361859929347,39.130290827683616]]],[[[-77.15815217070215,39.14283708338333],[-77.15467324152159,39.13926469983045],[-77.15535392065388,39.13835643740172],[-77.15365320442511,39.139783264419876],[-77.15237916589982,39.13958763613079],[-77.15263520347156,39.13861417620598],[-77.15136118820115,39.13841853753563],[-77.15229793559683,39.136536834567664],[-77.1577332653962,39.137708956197095],[-77.1567966437334,39.13959070054631],[-77.15756068595329,39.1400455808778],[-77.15951538270272,39.1393328707258],[-77.16206349611879,39.139723968041416],[-77.16138288809528,39.14063226744],[-77.15747536118744,39.14037007103021],[-77.15883283980592,39.1419288012567],[-77.15840622571163,39.143551256632605],[-77.1571321082661,39.143355676880454],[-77.15815217070215,39.14283708338333]]],[[[-77.1502557836136,39.139261559998765],[-77.14881531768329,39.13633957741694],[-77.14643593830614,39.13698688783378],[-77.14728743037392,39.13542970534497],[-77.14524956612634,39.1347790612028],[-77.14754352154121,39.13445625672079],[-77.14864674125369,39.13530090190176],[-77.14992069451371,39.1354965682542],[-77.15042649430174,39.13861258970989],[-77.15170051045854,39.13880823796235],[-77.14982476144421,39.14425927609643],[-77.14889212608071,39.142765671099966],[-77.1502557836136,39.139261559998765]]],[[[-77.14649718254431,39.15522651836883],[-77.14581623442895,39.15613473546656],[-77.14284286826843,39.15567806031778],[-77.14267433238372,39.15463937259802],[-77.14191022985871,39.154184399463226],[-77.14276202070005,39.15262724248449],[-77.14445876967012,39.15457585863895],[-77.14726350080605,39.15399381369999],[-77.14743210085146,39.155032495062],[-77.15032009453552,39.15581354673483],[-77.1515923368714,39.157696847275126],[-77.14649718254431,39.15522651836883]]],[[[-77.16595024504848,38.83076548808609],[-77.16417552551644,38.82914174280631],[-77.16840437264501,38.82979335278669],[-77.17017920220324,38.83141703757984],[-77.17187080622492,38.831677616959304],[-77.17170100496654,38.83232658598014],[-77.16781165319777,38.83037716183912],[-77.16612009385256,38.830116527057136],[-77.16595024504848,38.83076548808609]]],[[[-77.14810015536763,38.831727000343086],[-77.14640863520454,38.83146609631836],[-77.14573511293133,38.82899913853246],[-77.14455154357081,38.828478972825884],[-77.14556949630737,38.82627294414919],[-77.1519122963336,38.82725125761722],[-77.15309589826946,38.82777135291379],[-77.15233310681779,38.82900403080294],[-77.15368669677056,38.82887517828496],[-77.15622197149466,38.83095394070148],[-77.15453044020931,38.83069314761872],[-77.15402057125408,38.832639982562284],[-77.15283688369381,38.83211989583618],[-77.15215903191424,38.83302810163251],[-77.14953880250432,38.83127372484687],[-77.14827016527275,38.83107806373844],[-77.14810015536763,38.831727000343086]]],[[[-77.13684069913641,38.837754351775004],[-77.13642021058337,38.83600152435074],[-77.13929309900006,38.83847035788124],[-77.13895288188687,38.83976820727538],[-77.13768412526677,38.839572437560584],[-77.1383622181891,38.83866431035667],[-77.13684069913641,38.837754351775004]]],[[[-77.14132032413998,38.84080863565829],[-77.13895288188687,38.83976820727538],[-77.14199838326786,38.83990048842831],[-77.14166050396547,38.83951077961622],[-77.14225350704196,38.838927095166355],[-77.1426741527088,38.840679903336934],[-77.14436587327491,38.840940858619376],[-77.14132032413998,38.84080863565829]]],[[[-77.14571309138668,38.84587479239016],[-77.14393845481831,38.84425075453184],[-77.14554964361571,38.84146102679053],[-77.14445090596726,38.84061639258391],[-77.14605760595067,38.84120179080538],[-77.1449544262085,38.84373229354179],[-77.14799795434921,38.84555199394646],[-77.14884387917382,38.8456824381903],[-77.1500319638561,38.84282743033521],[-77.15206171025643,38.84347796670428],[-77.15214876527116,38.84146592891795],[-77.15485441284245,38.84289577914836],[-77.15485242181796,38.84458334583537],[-77.15865911195885,38.8451700887661],[-77.16018292579255,38.844392213004944],[-77.16229776436967,38.844718104728805],[-77.16288883952845,38.84582188820466],[-77.16508867858518,38.84582325340487],[-77.16432590104027,38.847056007536764],[-77.15992802228821,38.84536564375664],[-77.15831920835161,38.84646799227161],[-77.15417447926278,38.845491563882526],[-77.15417648600473,38.8438039970386],[-77.15282261974122,38.84393285511395],[-77.15011277208657,38.84587809372875],[-77.15290150967844,38.848671084470176],[-77.15459345228732,38.848931900304],[-77.15289743680202,38.85204622024808],[-77.15171344214146,38.85152612168809],[-77.15315448810244,38.8493852353766],[-77.15070158493505,38.84866950285313],[-77.15095662318869,38.84769609073627],[-77.14875672791065,38.847694474583044],[-77.14901178872158,38.84672106657519],[-77.14545798949165,38.84684819351493],[-77.14410181129408,38.848664523608846],[-77.14571309138668,38.84587479239016]]],[[[-77.14232258034151,38.85041559696595],[-77.14308576510179,38.84918297788787],[-77.14410181129408,38.848664523608846],[-77.14418461604951,38.85002762499757],[-77.14232258034151,38.85041559696595]]],[[[-77.14873113364533,38.86794530553566],[-77.14349071010727,38.862748767923115],[-77.13883712436164,38.86203105067723],[-77.13706224764265,38.86040691137219],[-77.1349470667723,38.86008058826718],[-77.13528745001987,38.85878274694661],[-77.13393327217521,38.858911398794085],[-77.13368044901551,38.858197207886725],[-77.12851911415771,38.85773828920174],[-77.12623112891154,38.859748297816886],[-77.12309967738153,38.859940080824344],[-77.12140482615706,38.86136640377948],[-77.11979787973321,38.860780684497],[-77.12106695746273,38.8609766378712],[-77.1228469568056,38.85922586773191],[-77.1254702203087,38.859293245283546],[-77.12919749025126,38.85683021034521],[-77.1346115917355,38.85800329017444],[-77.13605084135037,38.85755017004837],[-77.13680938863708,38.85969272672787],[-77.13968556675736,38.86047398796861],[-77.1406994753593,38.86164313058267],[-77.14492999822144,38.86229554441174],[-77.14864822350042,38.86658220440397],[-77.14873113364533,38.86794530553566]]],[[[-77.14363381785219,38.88235069915449],[-77.14184687300936,38.88916449726096],[-77.14100045587554,38.88903400457368],[-77.1399884978068,38.886177285692675],[-77.14227921675307,38.88247944257688],[-77.14041866802116,38.881179813476756],[-77.1410971140488,38.88027166697749],[-77.13534322639192,38.878709139662604],[-77.13534567014311,38.87702156671666],[-77.13238627004996,38.87487708988715],[-77.13146250646412,38.870008275866596],[-77.128756311376,38.86857791036511],[-77.12494863955797,38.867990247006134],[-77.1235969878291,38.866431215407594],[-77.1318881191526,38.86838598420116],[-77.1340836933454,38.87176304261723],[-77.13441675157755,38.87552791775038],[-77.13686799041156,38.87793154772416],[-77.14033822647872,38.87812913137767],[-77.14312782368805,38.88092235253912],[-77.15159122726443,38.88222687288003],[-77.15252058327033,38.88372039429851],[-77.14778050228965,38.88332748433821],[-77.14844817443455,38.89085717224874],[-77.14692543947623,38.889947332053005],[-77.14684471582126,38.88689665091994],[-77.14574527801315,38.886052023758324],[-77.1465960358689,38.882807334974736],[-77.14608778540921,38.88306657440935],[-77.14363381785219,38.88235069915449]],[[-77.14617285959346,38.88274210561908],[-77.1458347593105,38.88235240627625],[-77.14574968407571,38.88267687481907],[-77.14617285959346,38.88274210561908]]],[[[-77.16833890924671,38.8956086053393],[-77.16571429872806,38.895542135097024],[-77.16698581674878,38.894050041970935],[-77.16580103891104,38.893530075463545],[-77.16639601325664,38.89125869538397],[-77.16487480598435,38.88866149979511],[-77.15903851496442,38.884049402698984],[-77.1571756889492,38.88443759945175],[-77.15675054554055,38.886059981034805],[-77.15793513732005,38.88658003356019],[-77.15725296914533,38.890863424235135],[-77.1556450840684,38.89027816784002],[-77.15615727500429,38.886643738053145],[-77.15497269487874,38.88612366853269],[-77.15607420465827,38.88528063884309],[-77.15235048839324,38.88436934062359],[-77.15379014845801,38.88391601303668],[-77.15582501226763,38.881191342240705],[-77.15853411388697,38.880933544546934],[-77.15836407907103,38.881582498903406],[-77.1611563455989,38.88268774089809],[-77.16141136325379,38.881714303418974],[-77.16225773189498,38.88184465661122],[-77.1614945293756,38.88307739845637],[-77.16656944098276,38.88723457775205],[-77.16665270990424,38.88859767024731],[-77.16987025298903,38.88808030061225],[-77.16834562888437,38.888858299488334],[-77.16647928353267,38.89262178867528],[-77.17054025173047,38.895609873753145],[-77.17053862261939,38.8972974511365],[-77.16833890924671,38.8956086053393]]],[[[-77.13691458155574,38.904608297043104],[-77.13530655653699,38.90402277582797],[-77.13548173199092,38.89999869545248],[-77.13708726545212,38.902271791998174],[-77.13666157056697,38.90389410826334],[-77.13902870488569,38.9066221671974],[-77.13691217322656,38.90629587581303],[-77.13691458155574,38.904608297043104]]],[[[-77.1435977737404,38.90935192875388],[-77.14504242226025,38.905523542794214],[-77.1478354043653,38.906629088204305],[-77.14715679685584,38.90753727458178],[-77.14537841361926,38.9076008246406],[-77.14427420463707,38.91013134138824],[-77.1435977737404,38.90935192875388]]],[[[-77.11963131092459,38.91004478744024],[-77.11988417629105,38.91075901153146],[-77.11683575244905,38.91062618552217],[-77.11742953340631,38.910042614989756],[-77.11963131092459,38.91004478744024]]],[[[-77.13949956971656,38.93336426831174],[-77.1419666766485,38.9256423084896],[-77.14502021706252,38.92239935075536],[-77.14612678144204,38.91818124133278],[-77.14435037383254,38.91655719516056],[-77.14469085345718,38.91525931898446],[-77.14223581498477,38.91454341314138],[-77.14325504067955,38.91233738113495],[-77.14037677631593,38.91155619775805],[-77.14105550580281,38.910648048017606],[-77.1388560729515,38.90895867625553],[-77.13852026133063,38.90688137637411],[-77.14012837528574,38.90746685612213],[-77.14207013482557,38.9118171866166],[-77.14384862389358,38.91175368397459],[-77.14469753833652,38.91019657745116],[-77.14520376664717,38.911624922921376],[-77.14325277900183,38.91402496171979],[-77.1459609473662,38.91545501870234],[-77.14714159682043,38.919350339591375],[-77.14561166082777,38.9235032271167],[-77.14323694432288,38.92583803638106],[-77.14059964944312,38.934208956073526],[-77.13949956971656,38.93336426831174]]],[[[-77.12486537155574,38.92030510799334],[-77.12325709684875,38.91971942929897],[-77.12334231556007,38.91939497467325],[-77.12596774675936,38.919462342215766],[-77.12486537155574,38.92030510799334]]],[[[-77.12029352393941,38.91926223353009],[-77.11825910834865,38.92029875214847],[-77.11842959089928,38.9196498496726],[-77.12029352393941,38.91926223353009]]],[[[-77.1566206356236,38.925198779363214],[-77.15806107625676,38.92474539979484],[-77.15670376173313,38.92656188522211],[-77.15687002328829,38.92928809752833],[-77.15576982918633,38.92844355465755],[-77.1566206356236,38.925198779363214]]],[[[-77.12951222180439,38.92777368643958],[-77.12967746811839,38.93049993553749],[-77.12848975937641,38.93166719429349],[-77.12951222180439,38.92777368643958]]],[[[-77.12950447951737,38.932836438999],[-77.13763537796662,38.933752173872655],[-77.14000351944915,38.93648022507148],[-77.14245927562398,38.93719617722814],[-77.14305760178094,38.93323731087828],[-77.14610701993267,38.933369492581704],[-77.14703691619893,38.93486306502839],[-77.14797115674675,38.93298145971197],[-77.14898620800551,38.93415054521646],[-77.15195056687874,38.93460705615697],[-77.15322304907443,38.93311509655037],[-77.15644265463713,38.93259807249705],[-77.15754678142602,38.930067439817],[-77.1566998607334,38.929937053642504],[-77.15687002328829,38.92928809752833],[-77.1583937051515,38.930197820210395],[-77.15822163870253,38.93253436352188],[-77.16101770753939,38.93195203066924],[-77.16186282840489,38.93376997276146],[-77.16398027038277,38.93409583938631],[-77.16415037777085,38.93344687291529],[-77.16482725248034,38.93422617591853],[-77.16364004650998,38.93539377180256],[-77.16304823286418,38.9342899796556],[-77.1576280013099,38.93311813110963],[-77.15796447904538,38.93519538648108],[-77.15999499678075,38.93753338649857],[-77.158047641725,38.93655849330287],[-77.1571194389639,38.933377417470844],[-77.15440838116851,38.93363518596979],[-77.1522038345445,38.9353212166486],[-77.14796900373017,38.93466904506502],[-77.14771362090325,38.93564246156615],[-77.1448343874895,38.93486137922861],[-77.14220381027415,38.93816958272368],[-77.1386479049128,38.93660892971778],[-77.1374650335568,38.93440110397996],[-77.13390693488404,38.934527900997566],[-77.12730201255648,38.93283444186198],[-77.12561088941396,38.9308856661475],[-77.12848975937641,38.93166719429349],[-77.12950447951737,38.932836438999]]],[[[-77.12357894301014,38.93023468938817],[-77.12561088941396,38.9308856661475],[-77.12399966660455,38.93198758054583],[-77.12357894301014,38.93023468938817]]],[[[-77.12086788367291,38.93049172462332],[-77.1215442676343,38.9312712634394],[-77.11875073965156,38.93016512217888],[-77.12086788367291,38.93049172462332]]],[[[-77.13983553141259,38.93544157289674],[-77.14000585713045,38.934792639440815],[-77.14102311983278,38.934274204892716],[-77.14110596431014,38.9356373228784],[-77.13983553141259,38.93544157289674]]],[[[-77.13834962080341,38.967958941818374],[-77.13894133362768,38.96906285710481],[-77.1368205739569,38.97042415518006],[-77.13478742342465,38.969773358391954],[-77.13699100842622,38.96977522260414],[-77.13834962080341,38.967958941818374]]],[[[-77.14478539664123,38.971988358891835],[-77.14469798191554,38.97400042550711],[-77.14385057298689,38.97386995076893],[-77.1437676335817,38.97250682710776],[-77.14478539664123,38.971988358891835]]],[[[-77.11994535935236,38.97592600255438],[-77.1219015337198,38.971838715350025],[-77.1249552186138,38.970283823975315],[-77.12876824233567,38.97087149505603],[-77.13046549932584,38.96944505076278],[-77.1336868736026,38.968928614772956],[-77.1334336706895,38.96821441304297],[-77.13504309889488,38.968799963747145],[-77.13343117954167,38.9699020066419],[-77.1312275907951,38.96990007921446],[-77.12851247566351,38.97184487707066],[-77.12614095400805,38.97080418629692],[-77.12495253079489,38.9719714179182],[-77.12266359670697,38.97229379655767],[-77.12266085567371,38.97398139095846],[-77.121813486499,38.97385076574174],[-77.12070745290754,38.976381096054524],[-77.12189325727378,38.9769014994409],[-77.12146678709973,38.97852378043638],[-77.11994535935236,38.97592600255438]]],[[[-77.14020067991851,38.97769659142338],[-77.14181496641868,38.9749068638522],[-77.14274758074254,38.974712882008895],[-77.14206598370356,38.97730864483277],[-77.14020067991851,38.97769659142338]]],[[[-77.12310974958734,39.010849430969834],[-77.12574115253695,39.00922920012333],[-77.12591444368393,39.00689267530447],[-77.12413632105537,39.005268318490536],[-77.1249014385412,39.00403578557305],[-77.11990047644291,39.00292757939521],[-77.11973262199173,39.001888889742986],[-77.12083629290709,39.00104615953958],[-77.12354726008145,39.00247672414174],[-77.12541328802617,39.00208902636413],[-77.12778581914375,39.00312973606365],[-77.12940373172675,38.998652557587675],[-77.13161072573475,38.9969669164011],[-77.12779631139183,38.996379330289464],[-77.12626896796432,38.99715682339134],[-77.12610103590652,38.99611814330172],[-77.12101806249669,38.9936468435986],[-77.12042362800345,38.99423043831486],[-77.11610031596584,38.99390162915975],[-77.11805434106806,38.9915019901269],[-77.11924037289633,38.9920224200714],[-77.11898440440375,38.99299578559047],[-77.122121593498,38.99280410306367],[-77.12618633142263,38.99579368312114],[-77.13678195753285,38.9974257147647],[-77.14077160845653,38.99398888311989],[-77.1402672275089,38.9908729031175],[-77.14416217764877,38.99451083306825],[-77.14688208023573,38.98919048715915],[-77.14832384837779,38.98873721649379],[-77.14832599476428,38.98704961779189],[-77.15248280888278,38.984651063282634],[-77.15239969548388,38.98328794316532],[-77.1534175478256,38.98276940330799],[-77.15545122805366,38.98341989611407],[-77.15706311331627,38.98231756495841],[-77.15579379553374,38.98043437998111],[-77.15876008254764,38.98089073126059],[-77.15732047245724,38.97965652566768],[-77.15952435724355,38.97965798973883],[-77.15994623243517,38.98141077136318],[-77.15808091885222,38.98179898693403],[-77.1590968135032,38.982967997983444],[-77.15867113724637,38.98459040820354],[-77.16036626096408,38.984851149908216],[-77.16087331623056,38.98627944655324],[-77.15951681085939,38.98640838022543],[-77.16002386030327,38.987836680683834],[-77.15900408544513,38.99004287434053],[-77.15841763462265,38.98387625578821],[-77.15367099752073,38.98348356581376],[-77.15205697530908,38.98627345123406],[-77.14908838229654,38.98750453776098],[-77.14917143847731,38.98886766098113],[-77.14526323606867,38.99535548707905],[-77.14195784328848,38.99450909618801],[-77.1397488180189,38.99788252162991],[-77.13720579246404,38.997490977227564],[-77.13695004509961,38.99846438061262],[-77.13177873841293,38.99800558917433],[-77.129230572275,39.00098908419814],[-77.12965184124721,39.00274197453622],[-77.12854824673124,39.00358478333662],[-77.1264289410099,39.00325830844765],[-77.12608506088696,39.00624375404627],[-77.12701547761625,39.00773749282015],[-77.12361353403539,39.01396549055897],[-77.12149394800848,39.01363893088105],[-77.12310974958734,39.010849430969834]]],[[[-77.09048562402502,38.999065867452224],[-77.09260808536308,38.997705355427534],[-77.09269696913537,38.99569331847159],[-77.09736197755521,38.99472518184766],[-77.09719446379655,38.99368646309749],[-77.0999079614614,38.99342994294982],[-77.10016092301079,38.994144215794265],[-77.09829496434038,38.99453153350296],[-77.09752949609707,38.99576390054102],[-77.0943921147022,38.995954961617],[-77.09132976176782,39.000884307709924],[-77.09048562402502,38.999065867452224]]],[[[-77.13185389584392,39.004431532503],[-77.12973455061956,39.0041051140003],[-77.12965184124721,39.00274197453622],[-77.13219500969859,39.00313367400945],[-77.13185389584392,39.004431532503]]],[[[-77.0917328186377,39.0110753388633],[-77.09708569594956,39.005824108503326],[-77.09811088135513,39.00193081699152],[-77.10023328366692,39.00057017398059],[-77.09887311072107,39.0023860463998],[-77.09878109337488,39.006085692136296],[-77.09563990092101,39.00796438780461],[-77.09452904304031,39.01218210198761],[-77.0917328186377,39.0110753388633]]],[[[-77.09809100866157,39.012056433104284],[-77.10038456218571,39.01004690190515],[-77.10258615801743,39.01173698090911],[-77.10479101334755,39.01173941695394],[-77.10402547407548,39.01297182743509],[-77.10004284834727,39.01134467436443],[-77.09919179755464,39.01290149803797],[-77.09809100866157,39.012056433104284]]],[[[-77.10562624235065,39.018620579723965],[-77.10359520891355,39.0162816613379],[-77.1005423922,39.0161484327296],[-77.09995087916563,39.01504432631494],[-77.10385146529397,39.0153083239418],[-77.10529087350612,39.016543156518445],[-77.10562624235065,39.018620579723965]]],[[[-77.10562624235065,39.018620579723965],[-77.10952704086124,39.01888439921521],[-77.11029254914328,39.0176519536247],[-77.11419625177743,39.01622802063527],[-77.11427868681986,39.017591173352656],[-77.11546511706246,39.018111641545],[-77.11114040792604,39.01778265840723],[-77.10927084783633,39.01985774889423],[-77.10774590228516,39.01894741053788],[-77.10706574624741,39.01985539239721],[-77.10528458176083,39.019918368424825],[-77.10562624235065,39.018620579723965]]],[[[-77.10101279537544,39.03614067150237],[-77.10059853410331,39.03101245463129],[-77.10136432136737,39.02978006160355],[-77.1027089137843,39.03640220281232],[-77.10398101059747,39.03659833610203],[-77.10287660472473,39.03744092137326],[-77.10101279537544,39.03614067150237]]],[[[-77.09367453245818,39.057292322726724],[-77.09833355395602,39.06138699178491],[-77.101559230929,39.06087138217429],[-77.10316725684906,39.06314497375195],[-77.1044398229208,39.06334110325932],[-77.10605425383436,39.062239420149226],[-77.10817518766058,39.06256624608965],[-77.10393015979987,39.06360017681962],[-77.10367373421965,39.06457352242555],[-77.10901132114788,39.06944744604047],[-77.10934704045523,39.07152487815458],[-77.11435549944576,39.07094590052694],[-77.11427594184252,39.067895114462075],[-77.1167416489294,39.06523635020056],[-77.11792887451435,39.065756799114894],[-77.11690672875149,39.067962675471406],[-77.11537776459055,39.06874004397197],[-77.11622333432648,39.07055833638477],[-77.11409918756982,39.071919268930095],[-77.1129118887459,39.0713987828449],[-77.11214585877524,39.07263125603155],[-77.11672723740524,39.07367445589884],[-77.11936105727534,39.072054342826206],[-77.12385710682342,39.07342173946102],[-77.12436406248636,39.07485020640984],[-77.11952906846841,39.07309304540218],[-77.11825344376965,39.074584692582306],[-77.114859325126,39.07406202783403],[-77.11460594096036,39.07334777529001],[-77.11231376818242,39.073669968468764],[-77.11061976992646,39.07172094466199],[-77.10960036658346,39.072239141184255],[-77.10976519441837,39.07496547938636],[-77.10832147527236,39.07541830870585],[-77.10645659457637,39.0741181318341],[-77.10611468791049,39.075415935311874],[-77.10823292657632,39.07743038411501],[-77.1074667536769,39.078662829810995],[-77.1093256595241,39.083338242037556],[-77.11051312773719,39.083858763525406],[-77.11127930375288,39.082626297869474],[-77.11127629416815,39.08431392320114],[-77.1137367632902,39.08503046120696],[-77.11483298535803,39.08925065154322],[-77.11712276440605,39.09061603841398],[-77.11652750531387,39.09119962420738],[-77.11830756078307,39.092824114279765],[-77.11754139645106,39.09405662560513],[-77.1194924291733,39.09503217976793],[-77.12008208477057,39.09782383842538],[-77.11914500218735,39.09970528436683],[-77.12041545375885,39.10158888256058],[-77.1254258970786,39.101009455536875],[-77.12558870611454,39.105423419701026],[-77.12660580665607,39.106592721581706],[-77.12872812783112,39.10691919936356],[-77.13297784032194,39.10419678040422],[-77.13416581891578,39.10471707793005],[-77.13144574358671,39.1066619847755],[-77.1281328283838,39.107502842539084],[-77.12652038291812,39.106917188335615],[-77.1273666759418,39.10873541786618],[-77.12380274018172,39.10717429526914],[-77.12533510707527,39.10470918485336],[-77.12432076078183,39.10185224126662],[-77.12092253830511,39.103017371052914],[-77.11786604505605,39.10288456636906],[-77.1198201312099,39.10217248533346],[-77.11812526699424,39.10022355351805],[-77.11855536732673,39.09691362026943],[-77.1167752061253,39.09528913249391],[-77.11711701588894,39.09399129491171],[-77.11550787082277,39.091717871054485],[-77.11364244320251,39.09041779811226],[-77.11305309510857,39.087626112799896],[-77.1111878164503,39.086326004011276],[-77.11178307850176,39.085742444321696],[-77.11110536141499,39.08496283286451],[-77.10932260453788,39.08502586754396],[-77.10881587357045,39.08359733658082],[-77.10737197701525,39.08405015558843],[-77.10592179443319,39.08787820996066],[-77.10422446290293,39.08761672011941],[-77.10311608507011,39.09014694217727],[-77.10167202284532,39.09059969551579],[-77.0999779153589,39.08865052056873],[-77.09658327122682,39.08812735530294],[-77.09505366536985,39.08890447657735],[-77.09496473283394,39.090916547530014],[-77.09403049954335,39.091110174051856],[-77.09445144179081,39.09286321111571],[-77.0926684766515,39.09292600699882],[-77.09181631225836,39.09448280238324],[-77.09079994117882,39.093313218654394],[-77.08740158077129,39.094477430161824],[-77.08782949211837,39.09285523437768],[-77.08944131352645,39.09344138878577],[-77.09317838562968,39.09266697824259],[-77.0942050056524,39.08877366031902],[-77.0964155532772,39.08708861886117],[-77.10099761755741,39.08813240142271],[-77.10150422644315,39.089560965462894],[-77.1027772506654,39.08975711294793],[-77.103375801719,39.08748596651134],[-77.10575394356576,39.08683948617363],[-77.10712173771469,39.081648261546285],[-77.10678603525449,39.0795708195828],[-77.10449679844116,39.07820524509202],[-77.10339815101472,39.075672594672206],[-77.10102035362712,39.07631902860594],[-77.1022108675195,39.075152005988784],[-77.10399338835418,39.075089073437454],[-77.10510150600692,39.07255885058009],[-77.10645971565364,39.07243050977669],[-77.108245245601,39.07067989474503],[-77.101717269916,39.06697296445805],[-77.09874782854124,39.0665152433131],[-77.09858343310519,39.06378889467504],[-77.09485129349788,39.062875844794675],[-77.09222761331618,39.0594325809008],[-77.09095514862952,39.05923632645257],[-77.08874532143348,39.06092126225716],[-77.0878863446304,39.065853259193275],[-77.08635711454153,39.0666302702679],[-77.0859293247287,39.06825245315251],[-77.08830345005185,39.06929392902564],[-77.08880967811454,39.07072253985097],[-77.0870272512492,39.07078525455448],[-77.0872839216701,39.06981194223095],[-77.08389389364253,39.06760081212422],[-77.08015427982936,39.07006256006056],[-77.0807385034977,39.07454201366311],[-77.08277410069262,39.07519370719757],[-77.0813227991881,39.07902146817389],[-77.08318735597706,39.08032202335301],[-77.07970762058409,39.08012283323552],[-77.07980070265273,39.0764231546996],[-77.08082037711604,39.075905202272445],[-77.07887413881761,39.07324142311942],[-77.07964073938557,39.072009154977216],[-77.0783718616897,39.07012515060096],[-77.07735225086913,39.07064308239313],[-77.07794387307925,39.07174730701067],[-77.0753947542618,39.0730421124952],[-77.07216051662085,39.07693228729526],[-77.07096554556608,39.079786645140395],[-77.0686729764666,39.08010803367676],[-77.06985215762704,39.084004190846464],[-77.0714636376733,39.08459057739618],[-77.07171270842403,39.086992544377345],[-77.07298560717136,39.08718899688923],[-77.07349165873711,39.08861767479375],[-77.07239002173874,39.087772370868024],[-77.06933425887082,39.08763837334062],[-77.07078241389696,39.08549837088623],[-77.06908526452573,39.08523640130562],[-77.0691749066691,39.08322435107155],[-77.0679877450416,39.08270343472464],[-77.06807741444773,39.080691386224295],[-77.06697596058464,39.07984603555309],[-77.06926852892403,39.079524678337776],[-77.06969675697951,39.07790254951536],[-77.07105512892954,39.07777459557218],[-77.07165457258988,39.07550360705223],[-77.0732697705691,39.07440234758915],[-77.07386911721521,39.07213134978334],[-77.07310631303055,39.07167596145991],[-77.0748887737356,39.071613446432536],[-77.07556981608097,39.070705632746716],[-77.07675683607367,39.07122647552375],[-77.07667504394028,39.069863285396906],[-77.08092082516522,39.068830284730424],[-77.08177292216355,39.067273571408],[-77.0855087305509,39.06649939516492],[-77.08729818491885,39.06306146439994],[-77.08671007038551,39.060269668214126],[-77.08959715815512,39.05936449748587],[-77.09095862894188,39.0575487093127],[-77.09037041843322,39.05475693318277],[-77.0889305070455,39.053521919647366],[-77.08986777622853,39.051640717427425],[-77.0883424069996,39.05073013589118],[-77.08919413294095,39.04917337667477],[-77.08877710079953,39.04573272206999],[-77.08547368287148,39.04319720740248],[-77.08674942931184,39.04170590508826],[-77.08224867600153,39.04371239780058],[-77.0815605743868,39.04799547035106],[-77.08020277732176,39.04812353844667],[-77.07994608867128,39.04909683239622],[-77.07502444790006,39.04934999300827],[-77.07408295249876,39.05291869722662],[-77.07272505031341,39.05304668369789],[-77.07246824416576,39.05401996302996],[-77.07290014978378,39.05071021603449],[-77.07052685202112,39.049668449313295],[-77.06823122329104,39.051677442243864],[-77.06797034817184,39.05433832704132],[-77.06559293374383,39.05498408058066],[-77.06337440691614,39.06004379652247],[-77.06227332060608,39.05919840732574],[-77.06414523383246,39.05712401074004],[-77.06432061887969,39.05478755350595],[-77.06160470555615,39.05504329827555],[-77.06033659142072,39.05315911546628],[-77.05668687417554,39.05360811757167],[-77.05847314013917,39.051858223836014],[-77.06059355694188,39.05218586136699],[-77.0618616607601,39.05407004123138],[-77.06618830509429,39.05440074263851],[-77.06814961301254,39.05031425124894],[-77.06348476645417,39.049593684907],[-77.06467544514578,39.04842702753603],[-77.06738707356723,39.04985882958445],[-77.0712933455067,39.04843623783701],[-77.074090695664,39.049543468196894],[-77.07494271286048,39.04798680703272],[-77.07553411410508,39.04909103868148],[-77.07579086179923,39.04811775385056],[-77.07918348810493,39.04864148324244],[-77.08079797526123,39.04754013119575],[-77.0809765133796,39.043516041691596],[-77.0774167709069,39.041953608077485],[-77.08063801499611,39.04312615538507],[-77.08335341616036,39.04286999506435],[-77.08310045020622,39.0421556822605],[-77.08488579906242,39.04040541228306],[-77.08624344374877,39.0402772931718],[-77.08658553984976,39.038979552451906],[-77.08489303944957,39.03703018990012],[-77.0813298276899,39.037155480659486],[-77.08116244520464,39.03611673308489],[-77.08285849162569,39.03637853546685],[-77.08269108909177,39.03533979008973],[-77.07896436672276,39.03273865785848],[-77.08108431827868,39.03306594455219],[-77.08312241847348,39.032030018218535],[-77.08507132514941,39.03300610175934],[-77.08735164851512,39.03774724417901],[-77.08904423151984,39.03969657346562],[-77.09074038981595,39.039958268375834],[-77.08955026807175,39.041125173829776],[-77.0914925706244,39.04547638370777],[-77.09777160605525,39.04509432560275],[-77.09810689174518,39.04717177911377],[-77.1033637488214,39.048995144081765],[-77.10378467227002,39.0507481361649],[-77.1019205055298,39.04944789693636],[-77.10047724426265,39.049900633058876],[-77.09997093191848,39.04847207505522],[-77.09742635128178,39.04807971250538],[-77.09700559658941,39.04632669969563],[-77.09208420279785,39.0465805360676],[-77.09208074913798,39.048268149993916],[-77.09292893221229,39.04839897980288],[-77.09122909561356,39.049824928755754],[-77.09096906890944,39.05248586090716],[-77.092066932895,39.05501861066441],[-77.09435520602536,39.056384408425004],[-77.09367453245818,39.057292322726724]],[[-77.10747914407294,39.071912339001315],[-77.10764698512268,39.072951057607476],[-77.10849548426623,39.073081781702136],[-77.10841309475357,39.0717186120843],[-77.10747914407294,39.071912339001315]]],[[[-77.11712276440605,39.09061603841398],[-77.11797434122829,39.08905907072166],[-77.1188230470444,39.08918972468555],[-77.11797148687691,39.09074669823071],[-77.11712276440605,39.09061603841398]]],[[[-77.0836059088143,39.12225379002661],[-77.08538960174342,39.12219112378071],[-77.0881043925116,39.123622493218946],[-77.08504709232479,39.123488881107164],[-77.0836059088143,39.12225379002661]]],[[[-77.09422243418649,39.122201854282274],[-77.0943046146181,39.123565046334136],[-77.09634506579775,39.12252888586256],[-77.09608833050616,39.123502226605275],[-77.0996491901278,39.12675178736445],[-77.09982360111373,39.124415249699375],[-77.10347980196812,39.12227733641334],[-77.10441758155454,39.120396000371564],[-77.09958003835345,39.11863804811725],[-77.09958332111708,39.11695041205017],[-77.10170582339548,39.1172773517825],[-77.10137011116826,39.1151998811486],[-77.10290020317598,39.11442267823961],[-77.10154443906147,39.1128633463748],[-77.10468685111435,39.11267210053729],[-77.10460448817115,39.11130891826205],[-77.10222875599328,39.11026774566535],[-77.09900089027971,39.110783377360946],[-77.0961152390654,39.11000114153541],[-77.09483848546816,39.111492558651555],[-77.09229172495867,39.11110008639991],[-77.09178514703228,39.10967147896641],[-77.0900873571971,39.10940979498793],[-77.08974499197076,39.110707562010546],[-77.08796158477755,39.11077029059323],[-77.08863929423136,39.11155003204559],[-77.08787242902274,39.112782364847185],[-77.08498319659456,39.11368750446331],[-77.08269329453712,39.112321519569775],[-77.08524004600035,39.11271418852745],[-77.08779393783523,39.10973153805508],[-77.09085414922852,39.10817744932981],[-77.09246633501515,39.10876356622415],[-77.0929729200066,39.1101921706312],[-77.09467073852142,39.11045381524384],[-77.09586191384642,39.10928684596928],[-77.09832307676011,39.11000369250928],[-77.10282749319364,39.10799659302458],[-77.10358767577608,39.110139435350334],[-77.10443660199954,39.110270188073216],[-77.10443977155818,39.10858255462766],[-77.10681548031145,39.109623684635594],[-77.10749647998395,39.108715689561286],[-77.10588417400879,39.10812976758384],[-77.1061407237199,39.107156409540906],[-77.11047073091962,39.10748557196586],[-77.11081271070087,39.1061877487078],[-77.10920043408444,39.105601870022895],[-77.10971951315395,39.10027987852944],[-77.11116070464784,39.101514661645645],[-77.11064777271581,39.10346139599296],[-77.11200355675905,39.10502062575443],[-77.11285243830923,39.10515132088303],[-77.11327984420632,39.10352903425228],[-77.11472409107914,39.103076144946534],[-77.11523691106214,39.10112939392518],[-77.11761253080338,39.10217031611739],[-77.11769512746997,39.10353348736337],[-77.11811956429364,39.10359881620119],[-77.11684337499155,39.10509045740839],[-77.11879469467446,39.10606602457304],[-77.11616252613227,39.10599850304298],[-77.115057206475,39.10684120722161],[-77.11428789848482,39.109761335321544],[-77.1154758341923,39.11028181199656],[-77.11564387824635,39.11132052727382],[-77.10978673469806,39.110081216633695],[-77.10978064375882,39.1134564853232],[-77.10740786784702,39.11072777698067],[-77.10528553127901,39.11040093500277],[-77.10536475783958,39.113451751096235],[-77.10443026244042,39.113645456618954],[-77.10383152879139,39.115916619467576],[-77.10247250135576,39.116044932591464],[-77.10246928576247,39.117732568434924],[-77.10102467106258,39.11818531664806],[-77.1051842464208,39.11916356370678],[-77.1050924026111,39.12286329118776],[-77.10746858785221,39.123904411625205],[-77.10687297835389,39.12448795492188],[-77.10347660950525,39.123964974350464],[-77.10321996471413,39.12493833009112],[-77.10075499158259,39.12590921690688],[-77.09896462567202,39.129347382282596],[-77.09981049012953,39.13116580732196],[-77.10150882362366,39.13142735963598],[-77.10065639694888,39.13298422726951],[-77.10209808338882,39.1342191233537],[-77.10124563657565,39.13577599589934],[-77.10412918938842,39.13824575938836],[-77.10387250287059,39.1392191192595],[-77.10514640408513,39.13941524438129],[-77.10471860523492,39.14103751452924],[-77.10624607697146,39.14194791050353],[-77.10726027219287,39.14480502416046],[-77.10428443810284,39.14603507405362],[-77.10402772612818,39.14700843579014],[-77.10530176443048,39.14720455963297],[-77.10367905498484,39.15168154511028],[-77.10699115724134,39.152528979349725],[-77.10622417069877,39.15376143545315],[-77.10435414175096,39.15414885553179],[-77.10401182057925,39.15544667347066],[-77.10393260504446,39.152395830802945],[-77.1022337723031,39.15213431046947],[-77.1016411255985,39.15103018432665],[-77.1036854327881,39.14830625091709],[-77.10309279525467,39.14720213256111],[-77.10462671002907,39.14473725788268],[-77.10319117180104,39.14012709996534],[-77.09851359077386,39.142783125010936],[-77.09698619842405,39.14187263392497],[-77.09621915462905,39.143105025637894],[-77.09188362513801,39.14446300906064],[-77.09136987293387,39.14640968036806],[-77.08924304123077,39.14777020792628],[-77.08855790656389,39.15036575658948],[-77.0874587232188,39.147832929766096],[-77.0855030908603,39.14854450850362],[-77.08321207965838,39.14717852365713],[-77.08184873436475,39.14899425805348],[-77.07921504406616,39.148925953689634],[-77.07853708695005,39.14814615504849],[-77.0812564233091,39.14789003553391],[-77.08210944095705,39.14633329619702],[-77.08508204184915,39.146791421958554],[-77.08533539186956,39.14750574482307],[-77.08916092843478,39.14640700588756],[-77.09061316361709,39.14257910342596],[-77.0885756069372,39.141927529815604],[-77.0863632078135,39.14361244984199],[-77.08653808682622,39.14127592291379],[-77.09180493116811,39.14141216558514],[-77.09256513829187,39.143555089501824],[-77.09579787843855,39.141351977326586],[-77.09979081908227,39.14129166088377],[-77.10302323921739,39.139088361933986],[-77.10260182206831,39.137335338101686],[-77.10047872947011,39.13700841235538],[-77.09878357132557,39.135059203559415],[-77.09913247767828,39.130386123756466],[-77.09743417709392,39.13012453904516],[-77.09590369575992,39.1309016770934],[-77.09293167702435,39.13044381142806],[-77.09071972882698,39.132128805030085],[-77.08316307170715,39.130626535507176],[-77.08120786061757,39.13133804422974],[-77.08094717482304,39.13399899609671],[-77.07967343402247,39.133802623340465],[-77.07873484026408,39.13568377772452],[-77.0773753985857,39.13581181703179],[-77.078656708206,39.132632931382666],[-77.07993042574084,39.132829314505976],[-77.08061197915407,39.131921462584394],[-77.07993416578405,39.131141674248354],[-77.08070135956437,39.129909385955784],[-77.08503260795746,39.13023943584623],[-77.08698775199449,39.129527867148674],[-77.09046637948994,39.13141449536055],[-77.09267831180901,39.12972950650552],[-77.09242495157777,39.129015201168755],[-77.0970096038595,39.130059139245624],[-77.0991390649156,39.12701084437224],[-77.09693405486979,39.12532066909363],[-77.09260649092454,39.12330339604869],[-77.088190007514,39.12329805183091],[-77.08844684793182,39.12232472743786],[-77.09422243418649,39.122201854282274]],[[-77.11029670304765,39.10982211680946],[-77.11012873891889,39.108783394607634],[-77.10885536142573,39.10858732170789],[-77.10910881196783,39.10930159069537],[-77.11029670304765,39.10982211680946]]],[[[-77.05372334458019,39.15005858850821],[-77.05211932962963,39.14609667490481],[-77.05382218805096,39.14467123522927],[-77.05330741392845,39.14661774925664],[-77.0555120549502,39.14830870520789],[-77.05338885377955,39.14798097492545],[-77.05372334458019,39.15005858850821]]],[[[-77.12950183148821,38.823793096694864],[-77.1317835499949,38.82515816080154],[-77.13042999037297,38.82528677388629],[-77.12950183148821,38.823793096694864]]],[[[-77.12002136997853,38.82806802874882],[-77.12272862440516,38.827811015231795],[-77.12298396309892,38.82683766292659],[-77.1244226698479,38.82638467941224],[-77.12611930448317,38.823270758006025],[-77.12781056192871,38.82353193889524],[-77.1268772033953,38.82541336749556],[-77.12552363038542,38.82554192696028],[-77.12145735595861,38.82930264287878],[-77.12002136997853,38.82806802874882]]],[[[-77.13481861157454,38.83204087244684],[-77.13186105251211,38.829896393899524],[-77.13321718654637,38.82808020149333],[-77.1311905750872,38.82574179427482],[-77.1317835499949,38.82515816080154],[-77.13381016424896,38.82749655817488],[-77.13372261990247,38.82950858003409],[-77.13651010359006,38.83230193477088],[-77.13625250508446,38.83496288011623],[-77.13481861157454,38.83204087244684]]],[[[-77.1041907834353,38.83473693155823],[-77.10732429306115,38.832858063100005],[-77.10757985505468,38.83188474205021],[-77.10571808803294,38.83227216306176],[-77.10826438918299,38.827601654187376],[-77.10910393594739,38.83110749582619],[-77.10588222825172,38.83499841221869],[-77.1049450111368,38.83856724232268],[-77.1040992474961,38.83843649842941],[-77.10461048986895,38.836489868055075],[-77.10334188259058,38.83629374666818],[-77.1041907834353,38.83473693155823]]],[[[-77.13150808825384,38.839632045409964],[-77.13464110416456,38.83775248496065],[-77.13370773984956,38.839633967859186],[-77.13150808825384,38.839632045409964]]],[[[-77.12913823815903,38.84027899505721],[-77.13066226465918,38.83950148287658],[-77.13150808825384,38.839632045409964],[-77.13125281855311,38.84060541660848],[-77.12989897121194,38.840734024101664],[-77.12989640260221,38.84242158993153],[-77.12837230689233,38.843199092935706],[-77.12913823815903,38.84027899505721]]],[[[-77.09031163713438,38.83731709743332],[-77.09336036164696,38.83576301039063],[-77.09268173528203,38.83667089085724],[-77.09031163713438,38.83731709743332]]],[[[-77.11871046238977,38.85318554650489],[-77.12040517612849,38.85175926172941],[-77.12057269446942,38.85279792931525],[-77.12268759965401,38.853124497533095],[-77.11743866919116,38.85467713701429],[-77.11591707713825,38.853766919837035],[-77.11871046238977,38.85318554650489]]],[[[-77.11302958043213,38.85973538038775],[-77.11218355667013,38.859604691387446],[-77.11125833545124,38.85642330354606],[-77.11277992477922,38.85733357821098],[-77.11302958043213,38.85973538038775]]],[[[-77.1143808819526,38.86129452603675],[-77.11818811876252,38.8618825136585],[-77.11971271377445,38.861105134328675],[-77.11835562877592,38.86292118543691],[-77.11539439603226,38.862463875785245],[-77.1143808819526,38.86129452603675]]],[[[-77.1197894697717,38.86584339366815],[-77.11826761524408,38.86493320419737],[-77.11835562877592,38.86292118543691],[-77.11953957043836,38.86344160343101],[-77.1197894697717,38.86584339366815]]],[[[-77.12038286223613,38.86525981221337],[-77.1234293950536,38.865392550294224],[-77.1235969878291,38.866431215407594],[-77.12038286223613,38.86525981221337]]],[[[-77.12374288908975,38.880970456208416],[-77.12442154098363,38.88006240102859],[-77.12619927037869,38.87999915178897],[-77.12052254570308,38.883174201511856],[-77.12009659358756,38.88479645700106],[-77.12170407205996,38.885382174074365],[-77.12170131207249,38.88706974844703],[-77.12500159547287,38.887916666033625],[-77.12516926247096,38.888955331825144],[-77.12059937761367,38.88791247279825],[-77.11950303972651,38.88538003844486],[-77.11848630655516,38.88589829318038],[-77.11891230096298,38.88427604300685],[-77.11772802525529,38.88375561773],[-77.11747813243944,38.88135381822675],[-77.11612350371401,38.881482275766714],[-77.11731345397534,38.87862757011401],[-77.11664335757659,38.87447286910046],[-77.11545925738154,38.87395242276009],[-77.11707505950534,38.86947548507986],[-77.12004218333196,38.86655761354178],[-77.12071796511871,38.86733715054681],[-77.11919043298826,38.86980211362532],[-77.11792120662315,38.869606140829774],[-77.11630545358383,38.87408308961184],[-77.11748956194516,38.87460352787509],[-77.11841245016697,38.87947244866803],[-77.11925871576554,38.879603095441105],[-77.11824206146156,38.880121347808654],[-77.11866236732712,38.881874245739375],[-77.11984661913066,38.88239466196961],[-77.12103366320672,38.88122749341549],[-77.12374288908975,38.880970456208416]],[[-77.11950303972651,38.88538003844486],[-77.12001140088843,38.88512090796184],[-77.11958823499226,38.885055587823175],[-77.11950303972651,38.88538003844486]],[[-77.11984661913066,38.88239466196961],[-77.12060773385024,38.8828497502769],[-77.12069292123876,38.88252529899614],[-77.11984661913066,38.88239466196961]]],[[[-77.08470967758049,38.88540599342752],[-77.08580839789327,38.88625116173897],[-77.08521455759431,38.88683457905015],[-77.08352198365434,38.88657281459755],[-77.08470967758049,38.88540599342752]]],[[[-77.11136876937555,38.889525843717536],[-77.11399017442989,38.891281039587085],[-77.11229739388202,38.89101966794089],[-77.11136876937555,38.889525843717536]]],[[[-77.09569466508377,38.89554481769237],[-77.09916891048195,38.89405597897523],[-77.10087144292127,38.88925480491674],[-77.09986105520946,38.886397758600246],[-77.10181273216999,38.88399841119636],[-77.10164540951669,38.88295971447438],[-77.10029072304503,38.88308799899173],[-77.10020870183776,38.88172486316763],[-77.10122550675386,38.881206758634],[-77.1088419102935,38.88238342807194],[-77.1068936109758,38.88309531212927],[-77.1077368146683,38.88491361120918],[-77.10511264522923,38.884845857996055],[-77.10485686452105,38.88581917983798],[-77.10215060461357,38.88438823066219],[-77.10265581951957,38.88581674504002],[-77.10121580397355,38.886269478726796],[-77.10087468543958,38.887567230594584],[-77.1014619486776,38.89035888699581],[-77.10264621551379,38.89087946810732],[-77.10662853312151,38.88913135971988],[-77.10874443044207,38.889458167358995],[-77.11120129779925,38.88848715919649],[-77.11196242216052,38.888942300931156],[-77.10730438076146,38.8899109719842],[-77.10560852314379,38.89133708396017],[-77.10129138354858,38.89100776368749],[-77.09865711874333,38.896002599935755],[-77.09433633986356,38.897360613219945],[-77.09569466508377,38.89554481769237]]],[[[-77.0908618381118,38.89884931711199],[-77.08925079835798,38.89995077535591],[-77.08713468378153,38.89962363453602],[-77.09382780198615,38.897619638783105],[-77.09255472364696,38.899110981734765],[-77.0908618381118,38.89884931711199]]],[[[-77.09779412875902,38.904309695786615],[-77.0993231084375,38.90184498608224],[-77.09821738695119,38.90437509048807],[-77.09779412875902,38.904309695786615]]],[[[-77.11675051501408,38.9109506353007],[-77.1146339574413,38.9106239634285],[-77.11310827173055,38.911401284984485],[-77.11455163680691,38.90926083238758],[-77.11471920392185,38.91029951511891],[-77.11675051501408,38.9109506353007]]],[[[-77.08000679163824,38.90662454526325],[-77.07872951654637,38.909803326072414],[-77.07830624431682,38.90973786479616],[-77.07916028258644,38.90649363004114],[-77.08000679163824,38.90662454526325]]],[[[-77.11064763976233,38.914059913665945],[-77.11115322714063,38.91548839878778],[-77.11055633211481,38.91775952039781],[-77.11064763976233,38.914059913665945]]],[[[-77.07982480431563,38.912336128677126],[-77.07872951654637,38.909803326072414],[-77.08033721410361,38.91038958143191],[-77.08016269052358,38.91272600946898],[-77.0820229695545,38.91402654802253],[-77.08201928905827,38.91571412751492],[-77.08109097074885,38.91422007182],[-77.07905988740735,38.9135683672034],[-77.07982480431563,38.912336128677126]]],[[[-77.08276586232707,38.92291977224389],[-77.0842139773678,38.91909208901828],[-77.0823572026844,38.916104002499836],[-77.08480808869983,38.91850867409313],[-77.08284027945534,38.92765809081132],[-77.08276586232707,38.92291977224389]]],[[[-77.08241322769857,38.92928022598189],[-77.08139561768887,38.929798179374444],[-77.081477340867,38.93116133608113],[-77.07935661118744,38.932521644444655],[-77.08157014262626,38.92746174428172],[-77.08241689975128,38.92759264341288],[-77.08241322769857,38.92928022598189]]],[[[-77.08011054535544,38.93635215218841],[-77.07900363223695,38.93888209683786],[-77.0785914743108,38.93375388342277],[-77.0806231165087,38.93440559747826],[-77.08146625833031,38.93622408734698],[-77.08011054535544,38.93635215218841]]],[[[-77.09847616407099,38.945266895367155],[-77.1032200111135,38.94566169399248],[-77.10254048329186,38.94656964087226],[-77.09839080426158,38.94559133404564],[-77.09822008236036,38.946240211271196],[-77.09652608057931,38.94597862235073],[-77.09550833758243,38.94649669273617],[-77.09507807807859,38.94980646351348],[-77.09118103331504,38.94954219298432],[-77.09083943941444,38.950839928140574],[-77.08914535712732,38.950578238260746],[-77.08702420508926,38.95193868143393],[-77.08796021569657,38.95005752401462],[-77.089739685894,38.94999479717544],[-77.09008129543307,38.948697065203994],[-77.0936401625956,38.948571525177435],[-77.09364357537852,38.946883937761],[-77.0951702124667,38.94610685197174],[-77.09509159517467,38.94305611492765],[-77.09847616407099,38.945266895367155]],[[-77.09551170696459,38.94480910576504],[-77.09602056846617,38.94455007165934],[-77.09559707868682,38.94448466910365],[-77.09551170696459,38.94480910576504]]],[[[-77.06517295512721,38.94788539991389],[-77.0689883067394,38.9467873192817],[-77.06881731998135,38.94743615612116],[-77.06678138448338,38.94847183408492],[-77.06517295512721,38.94788539991389]]],[[[-77.11602519967519,38.93885997634352],[-77.11576647548749,38.94152091388465],[-77.11331083602887,38.94080443283592],[-77.11212866484533,38.93859636425867],[-77.11246386975378,38.94067374440593],[-77.11101982055071,38.94281418178882],[-77.11398429389418,38.9432716006496],[-77.11593123828236,38.94424718645608],[-77.11609890560476,38.94528587225199],[-77.11567249151548,38.94690812581609],[-77.11406370309241,38.946322325752355],[-77.11287251890076,38.94917702559616],[-77.11371663733351,38.95099529990628],[-77.11031923439003,38.955535289192454],[-77.10887788732435,38.95598811612119],[-77.10845124961465,38.957610347345685],[-77.1121781626591,38.9585229732219],[-77.11276940184857,38.959627011733026],[-77.10743342886863,38.958128516428616],[-77.10666849815945,38.95936093302717],[-77.10437987968595,38.95968297381171],[-77.10378241090208,38.96195407678668],[-77.10539146207446,38.96254001150166],[-77.10724726880622,38.96721536475508],[-77.10928010154645,38.967866612499414],[-77.10893874436726,38.96916440093485],[-77.10682363706228,38.967150000312515],[-77.10546739269708,38.96727834287673],[-77.10537889666676,38.96929038020823],[-77.10444941550635,38.96779648821586],[-77.1027548896187,38.96753498354151],[-77.10165151753009,38.968377548640944],[-77.10156291467105,38.970389583578346],[-77.09867950529416,38.97129501923176],[-77.09977968449297,38.972140073574174],[-77.1003741040836,38.97155657970525],[-77.10291602510505,38.97194887704453],[-77.10282745285778,38.97396091395876],[-77.10443359801968,38.97623445664045],[-77.10604297018125,38.97682038415472],[-77.10789918296267,38.98149573765873],[-77.1058659818473,38.980844465952934],[-77.10468654421614,38.97694871837119],[-77.10299180436685,38.976687216575094],[-77.10164183276373,38.97344032863882],[-77.10011795525038,38.9725299032529],[-77.09926407632143,38.975774312286994],[-77.10036433002568,38.97661936201555],[-77.09993738157837,38.97824156891709],[-77.09832472155954,38.97934315727342],[-77.09688616735913,38.978108251196666],[-77.09832802715047,38.97765556209966],[-77.09918196988214,38.97441115858628],[-77.09808838506238,38.97019091169035],[-77.09944469671196,38.97006264972235],[-77.1002131236198,38.96714268316109],[-77.10191085321583,38.96571663028291],[-77.10513226495395,38.9652009358842],[-77.1036085162858,38.96429055447749],[-77.10479715634055,38.96312352862357],[-77.10284985629092,38.9621477654193],[-77.1037855891696,38.960266485844286],[-77.1015822930228,38.96026403197843],[-77.10141479834647,38.9592253243408],[-77.09870258107581,38.95948187611563],[-77.09751057908365,38.96233643383296],[-77.0930150302833,38.96434329113531],[-77.09284078430692,38.966679754542945],[-77.09199355370151,38.966548925856024],[-77.09199700550552,38.964861334088454],[-77.09378024452438,38.963110957826984],[-77.09005332732421,38.962197778706276],[-77.09030957437959,38.961224477428516],[-77.09437463847149,38.96252749347825],[-77.09666339064071,38.96220563711465],[-77.09641392356693,38.95980376996698],[-77.09921481791349,38.95753523822425],[-77.09684418142342,38.956493989798766],[-77.09845635765646,38.95539242441649],[-77.10226196063891,38.9593560885599],[-77.10692451306161,38.95838759785349],[-77.10938982747624,38.954041437217825],[-77.11151062274783,38.95268061126857],[-77.11169022505709,38.94696895023651],[-77.11474308489375,38.94541431578901],[-77.11372842652875,38.94424494828094],[-77.11262553440811,38.94508760811107],[-77.11008449891314,38.944695511203385],[-77.10677559895703,38.94722336454006],[-77.10660806018865,38.94618466586284],[-77.1032200111135,38.94566169399248],[-77.1083051758044,38.94475852982063],[-77.10839663169857,38.941058911131236],[-77.10010111858202,38.93741496678643],[-77.10035714411018,38.93644164820278],[-77.10297997280101,38.93819708774107],[-77.10475914017249,38.938134145566785],[-77.1048413101183,38.93949728840487],[-77.10704397795502,38.93949968439594],[-77.10729682213977,38.940213936991086],[-77.11034646736884,38.94034699804012],[-77.10992602417015,38.93859405856133],[-77.11179048743556,38.93820656923459],[-77.11153760614108,38.93749232599993],[-77.1144165862404,38.93827418151735],[-77.114075459354,38.9395719785518],[-77.11602519967519,38.93885997634352]],[[-77.11449893714958,38.93963731797733],[-77.11483713570458,38.94002710569455],[-77.11492241570522,38.93970265595761],[-77.11449893714958,38.93963731797733]]],[[[-77.30521395426554,39.05158600751733],[-77.3114078445498,39.0515177365218],[-77.31607525572588,39.05222899073425],[-77.31777430408631,39.054175202355246],[-77.31989594916206,39.05449841287656],[-77.31980961692565,39.05313539131589],[-77.32108258892843,39.053329301083714],[-77.32864017849836,39.058192323599826],[-77.33373255565948,39.05896752318279],[-77.34009357253501,39.0565609927287],[-77.33788960892798,39.058250353268136],[-77.33814513368407,39.0589641466166],[-77.33729638881329,39.058834991318065],[-77.33628100007913,39.06104266367021],[-77.33449903008238,39.06110892784309],[-77.33424353359038,39.060395126724586],[-77.33135735993848,39.05961836055301],[-77.33042416144178,39.059813762155244],[-77.33891401435865,39.06279314345855],[-77.33756313422562,39.06798688586806],[-77.33306555227432,39.0683148473341],[-77.33434099583103,39.07019624352048],[-77.33094762842889,39.071367104704535],[-77.3312031311217,39.072080914006484],[-77.32865852154444,39.073380910337924],[-77.3300122080542,39.069874881419615],[-77.33272558733205,39.06792564766837],[-77.32016048781092,39.06365033756958],[-77.31608223974723,39.05897946225838],[-77.30929267769208,39.05794485187147],[-77.30836257525401,39.0615153261666],[-77.30886833648108,39.057880176408965],[-77.30530449848806,39.058011892787846],[-77.29486550021008,39.05574507349898],[-77.29681788092806,39.05671783586135],[-77.29664866964184,39.05736699622964],[-77.29537569215472,39.05717283596019],[-77.29605512511021,39.05795143721525],[-77.29461415484343,39.06009404778498],[-77.29512563205877,39.06320943253406],[-77.29648462002221,39.064766635842155],[-77.2978423433716,39.06463620365251],[-77.29784366621544,39.06632382471994],[-77.29937198359343,39.067231834103985],[-77.29920277064166,39.06788099916755],[-77.29725005815048,39.066908272347376],[-77.2958961243019,39.0721015651092],[-77.29385993826041,39.07314098784855],[-77.29530371739749,39.07437362758892],[-77.29241860210767,39.075283578802164],[-77.2920800114653,39.076581891728075],[-77.29122997333118,39.07476479711535],[-77.28698577399115,39.07411735841198],[-77.28698898687644,39.07918023216793],[-77.29013059234035,39.080671926492776],[-77.29089601074028,39.08281360833359],[-77.29072668578704,39.08346276369697],[-77.28792473628313,39.08236040779622],[-77.2875035206236,39.08735854043312],[-77.28656878664026,39.08586598588453],[-77.287500271529,39.08229565906653],[-77.28639624378258,39.08145225511498],[-77.28512287178894,39.08125798895058],[-77.28325664998854,39.083335718506284],[-77.28079549783749,39.08431016460903],[-77.27765478104666,39.08450586014051],[-77.27638220369808,39.08599913161072],[-77.27222150047977,39.083338992319234],[-77.2687411092168,39.08314509542362],[-77.26661945364546,39.08450863654822],[-77.26313902132007,39.08431458273008],[-77.26203672051994,39.088533845035876],[-77.25872614610272,39.08937817911043],[-77.25634964478729,39.0917152151184],[-77.25431203128653,39.091066363973646],[-77.25465200451228,39.09314340936382],[-77.25269948454421,39.09385760788654],[-77.250237348672,39.09314382051938],[-77.24896424464039,39.096324444284974],[-77.2513418640802,39.0990504404961],[-77.25405905550288,39.100478178233004],[-77.2540593619225,39.102165810776185],[-77.25737134000859,39.10469686511478],[-77.25618425933058,39.112615919521886],[-77.25524950979701,39.10943548690365],[-77.25609763825662,39.10450230071458],[-77.24913416468378,39.09736297533586],[-77.24777590294346,39.099180507634316],[-77.24998362602246,39.100867997499655],[-77.24709689127431,39.10177690088384],[-77.24760646762063,39.10320487141057],[-77.2460781617343,39.10398385252877],[-77.24539904448991,39.10658023888812],[-77.2469276938137,39.10917653483178],[-77.24531425470748,39.108592421649675],[-77.24438003283645,39.10541190980038],[-77.24217233213253,39.10541195256122],[-77.23970985429446,39.10807322349538],[-77.23750207271218,39.10807318332079],[-77.23605860487135,39.10683986445903],[-77.2354641687725,39.10742402119333],[-77.23614342945045,39.108202957169325],[-77.23512427701527,39.110409821762],[-77.23750199450825,39.109760818338366],[-77.23699239071665,39.11170807535716],[-77.23937006439937,39.114434308583746],[-77.23622804160853,39.11294132173921],[-77.23546391767096,39.11079929135241],[-77.23427496154525,39.111967597250825],[-77.23563392177552,39.10846257288963],[-77.23334117960606,39.10878700039747],[-77.23240688973735,39.11066930276013],[-77.22968948304805,39.110928724377935],[-77.2292646337661,39.11255141233046],[-77.2267167835465,39.113849330312874],[-77.22629185077237,39.115472009027805],[-77.22714105948735,39.11560192393051],[-77.22586689901203,39.1170946868043],[-77.22705575337405,39.11761409772565],[-77.2265458144234,39.11956131489452],[-77.22382805412755,39.11982060885366],[-77.22442230313685,39.1209241450165],[-77.22297755492168,39.12475358933141],[-77.22374185537328,39.125208061653346],[-77.221702702952,39.1279339532202],[-77.22034365992373,39.128063554909104],[-77.22221283054165,39.125986752696335],[-77.22263791597109,39.12436408456961],[-77.22153400222567,39.12352009782677],[-77.22314799341399,39.122416881587505],[-77.22280878410908,39.120339738445914],[-77.21669398147489,39.12007906325669],[-77.21406059256,39.12170125323314],[-77.21066358430708,39.12118120086774],[-77.20964420111102,39.1217002226817],[-77.21006811092994,39.123452877228736],[-77.20879271648342,39.126633107919986],[-77.20802849459245,39.12617854359395],[-77.20879420713275,39.12325782749191],[-77.20675534115962,39.12429583259042],[-77.20208437244155,39.12358046189874],[-77.20131930568002,39.12481349646056],[-77.20140533326952,39.122801337547536],[-77.20463300414384,39.12228304625234],[-77.20607624519195,39.12351673363688],[-77.20760616390179,39.1210506022092],[-77.21015460819136,39.11975307404004],[-77.21482541022777,39.1204681410501],[-77.21677901782427,39.11975453385821],[-77.21711915562285,39.118456415889455],[-77.22119529104688,39.119755311005356],[-77.2239130582983,39.119496074593734],[-77.22510230432404,39.118327866076115],[-77.22552799322527,39.11332991653237],[-77.22349004883603,39.11268055746973],[-77.22289546386936,39.11326465476275],[-77.21856564196331,39.109564136351935],[-77.21729195891567,39.10936917419972],[-77.21712191435499,39.11001823234672],[-77.21839560832673,39.11021319626539],[-77.21729141117602,39.11105680958912],[-77.21279127553812,39.10969278450396],[-77.2121115832776,39.11060135595499],[-77.21134750927968,39.11014681345472],[-77.20990300557361,39.11228846143351],[-77.20786523011182,39.11163884640038],[-77.20608109520948,39.11339090539995],[-77.20659153941428,39.1114437745483],[-77.20294068312636,39.110209442130795],[-77.20132849355088,39.1079371232222],[-77.20047942063242,39.107807032219654],[-77.20022413281336,39.108780584581716],[-77.19852597425621,39.10852038165414],[-77.20098904931032,39.10754756062083],[-77.20073470160898,39.10683347951602],[-77.20370643190094,39.10728876648226],[-77.20353540352434,39.10962544062492],[-77.2057432321331,39.10962608399196],[-77.20752573351835,39.11124930136869],[-77.21015888946197,39.10962725310375],[-77.2118571155491,39.10988729718949],[-77.21177274471961,39.10852418751061],[-77.20956567676618,39.10683601669392],[-77.20820700679815,39.10696548520893],[-77.20651045843141,39.1033301241279],[-77.20744454841844,39.10313565186176],[-77.20922619349977,39.106446476666875],[-77.21143392553866,39.10644701897531],[-77.21219729509903,39.108589195180606],[-77.2176320389211,39.10807105745213],[-77.21780153849208,39.10910963360821],[-77.21916023145519,39.10898006018454],[-77.22340545646892,39.1113174549583],[-77.22357504616146,39.11235602389347],[-77.22697173409811,39.11287572263286],[-77.22850071926752,39.110409339315346],[-77.23189755982206,39.109241267898696],[-77.23436036344246,39.1065801511128],[-77.22688870008979,39.10307445007145],[-77.22332249778898,39.10320381582736],[-77.2228133987809,39.10177574580602],[-77.22094533107642,39.10216491418129],[-77.22120031796835,39.101191320529054],[-77.21933275691228,39.09989283229315],[-77.22281381817959,39.100088113402535],[-77.22204935065098,39.10132126984908],[-77.22340789038007,39.1011916501977],[-77.22400198062834,39.1022951843859],[-77.2300303559599,39.10288003676496],[-77.23053960457287,39.10430807752804],[-77.23325658375664,39.10573627136921],[-77.23537948535812,39.10437329441008],[-77.2366530314102,39.106255704948204],[-77.23792671180185,39.10645046863077],[-77.2434459526433,39.10391902599674],[-77.24565360797722,39.10391896061894],[-77.24573838290617,39.101906779430536],[-77.24769118762843,39.10119268916544],[-77.24786093842091,39.10054359034112],[-77.24497409463156,39.099764812047944],[-77.24752112471441,39.09846652347806],[-77.24862441912619,39.09424738209801],[-77.24548318633059,39.09444226499166],[-77.24336064866284,39.09243015139584],[-77.24149293132794,39.092819627841195],[-77.23818198538467,39.09197578552868],[-77.23605972195584,39.08996354819695],[-77.23156032422582,39.09028783672739],[-77.2289283469553,39.09191033225211],[-77.22773989976749,39.09139094179615],[-77.22400393940511,39.09385702692185],[-77.22179658983971,39.0938567078405],[-77.2215416366784,39.09483030136187],[-77.22043865890596,39.09229867979695],[-77.2237494134481,39.093142994784294],[-77.22697593002358,39.090936497011675],[-77.23003211802622,39.091066618663575],[-77.23088128015381,39.08950887836201],[-77.23504109350237,39.08879514624414],[-77.23954032157792,39.0918459898046],[-77.24276634507447,39.09132671180482],[-77.24471898409676,39.092300299067304],[-77.2448039541733,39.093663382091066],[-77.24692642712054,39.09398784102843],[-77.24887900733252,39.09327373317382],[-77.2493033058475,39.09165098420412],[-77.25303885933921,39.09255939821254],[-77.25371757254851,39.08996297703408],[-77.25583997719595,39.09028728354096],[-77.2575375273923,39.08885907383538],[-77.26084809197086,39.088014771502465],[-77.26161176101111,39.086781379654255],[-77.26084716393962,39.0846395159869],[-77.26245969459633,39.083535797795385],[-77.26704330481664,39.0828858297013],[-77.26755190123434,39.0809384602193],[-77.27476825521063,39.08372777613229],[-77.27629582746758,39.08294844531626],[-77.2796915173058,39.08346670078433],[-77.28350974565116,39.08067437457331],[-77.2877542969771,39.08132193276815],[-77.28758386254225,39.080283457705136],[-77.28597073827294,39.079699875376484],[-77.28681750136155,39.07645413167757],[-77.2860522701265,39.07431242721875],[-77.28469434486122,39.07444273080002],[-77.2863062870715,39.07333870530437],[-77.28299570863125,39.07249605983334],[-77.28613589204745,39.072300229771834],[-77.28596654907153,39.07294937739863],[-77.29216346910744,39.0745696893973],[-77.29377407216033,39.071777943708916],[-77.29564096831433,39.071387683257385],[-77.29665514523926,39.06580509576639],[-77.29376793048573,39.06333983500415],[-77.29384886612448,39.05795239764539],[-77.29240543779768,39.056719744633696],[-77.29393225341727,39.05594020085732],[-77.29231961836571,39.055356703493565],[-77.29299779142275,39.05444770315008],[-77.28883939959984,39.053475752614126],[-77.28705649984533,39.05185371891421],[-77.28264338196175,39.05016766411558],[-77.27899254272023,39.04556034763202],[-77.27220476218106,39.04452371289605],[-77.2652465826847,39.04076059452831],[-77.26142879463558,39.0401771110819],[-77.25591397087801,39.037646481221],[-77.25455667641496,39.037776454622076],[-77.25277492645212,39.036153933424195],[-77.24980579643608,39.035699825314126],[-77.24785444705309,39.0330387157489],[-77.24318888228713,39.03063728958566],[-77.24174683465371,39.02771644341958],[-77.23750597828082,39.02369210081642],[-77.23776054046381,39.021030878152246],[-77.23708198874408,39.02193957162726],[-77.23606429658234,39.0207711920519],[-77.23835425201787,39.02044671946402],[-77.24191627243472,39.01356649521168],[-77.24022017275156,39.01499447274099],[-77.23894808769867,39.01479973572939],[-77.23996578451079,39.01259287736511],[-77.23835454365492,39.01200868387935],[-77.2431034974026,39.012398136745325],[-77.24412103454279,39.010191245185894],[-77.24318823621104,39.01038598982973],[-77.24335781527597,39.009736907536315],[-77.24683407282065,39.00318109496907],[-77.24988660958822,39.00331072641242],[-77.25005611239456,39.00266163570957],[-77.24861470297101,39.00311608880272],[-77.24844501047623,39.00207757410285],[-77.24607078946718,39.00103917130364],[-77.25039510893309,39.00136345381107],[-77.25276857405825,38.99733896599393],[-77.25192070001835,38.99720922884209],[-77.25225963788105,38.995911042973276],[-77.24640946394062,38.994678194755984],[-77.2473420522609,38.9944834263996],[-77.24776580894547,38.99286071028343],[-77.24674848834775,38.993380024453195],[-77.24751124903176,38.9904591388498],[-77.24420458160328,38.98286507544941],[-77.24038999987815,38.98228095079074],[-77.24022047334786,38.9812424282305],[-77.23928803566305,38.981437142684285],[-77.23632132784147,38.97929511871239],[-77.23479550347398,38.980073944528705],[-77.23360850412678,38.98292981559162],[-77.23225219046549,38.98305954409419],[-77.22538678817443,38.978969698464276],[-77.22445510119181,38.9757891078317],[-77.21750487969963,38.975398548673034],[-77.21665788562572,38.97358097513599],[-77.21538658753849,38.97338599800413],[-77.21165558906743,38.97753925919],[-77.20809551151426,38.97766818526961],[-77.20809627149845,38.97598058872618],[-77.2043681098064,38.97338324632774],[-77.20242009284233,38.97072144967362],[-77.1969965145604,38.96955131563959],[-77.19453805629621,38.97052403467353],[-77.18936837271983,38.97006764429494],[-77.18699603926719,38.969028117012186],[-77.18504618559022,38.96974123770017],[-77.17979159209692,38.96960894764785],[-77.17962153966077,38.97025793892726],[-77.17606326443814,38.96869835151566],[-77.17182467696537,38.96973458562672],[-77.16961944035677,38.971420934573956],[-77.16648329846912,38.97161381690035],[-77.15419600304503,38.969723524851936],[-77.15055105059724,38.97017527813431],[-77.14648455427103,38.968874101296805],[-77.14775342955068,38.970757378191806],[-77.14682087925728,38.97095139753948],[-77.14589052633308,38.96945781573743],[-77.14419581302015,38.96919687694199],[-77.14148798396079,38.96607917739492],[-77.14013182076091,38.966207898808165],[-77.13911882382426,38.9633511430008],[-77.1327693484036,38.95899697432148],[-77.12871159510097,38.952632446753285],[-77.12871679490854,38.94925726867182],[-77.12736092250772,38.94938585018996],[-77.1260077079096,38.94782682845612],[-77.12677747932429,38.94321911959462],[-77.12178618632724,38.93873582642764],[-77.11806016568148,38.93782349174954],[-77.11882467731367,38.93659100870254],[-77.11374905236089,38.93243184833459],[-77.1114703082619,38.92769126721959],[-77.10749527078727,38.924376791177785],[-77.10665161621269,38.922558481251386],[-77.10132171862452,38.9193721494408],[-77.10191569518852,38.91878865253952],[-77.10048152903936,38.91586621831819],[-77.09608768728903,38.91079841554323],[-77.09202892780901,38.907807886584514],[-77.08432838712035,38.905267029823506],[-77.08094240120342,38.90474345238746],[-77.07848458233585,38.90571386272526],[-77.07687700288399,38.90512758369967],[-77.07602287893717,38.908371802152324],[-77.07415898920225,38.90875875226355],[-77.07390271091585,38.90973201311413],[-77.07533952499836,38.91096717366005],[-77.07711805106253,38.910904628193414],[-77.07626768387217,38.91246127177355],[-77.07694342298466,38.91324105185533],[-77.07634929162604,38.91382442869225],[-77.07525026514305,38.91297917357656],[-77.07338625340016,38.91336611230478],[-77.07330470161327,38.91200295351852],[-77.0749162490525,38.91090170080118],[-77.07339401401337,38.90999095525971],[-77.07297463532895,38.90823789782955],[-77.07432983758848,38.908109911470575],[-77.07416285145094,38.907071174543724],[-77.07594128340045,38.90700864598763],[-77.07645375948834,38.905062116139],[-77.06536424048676,38.903683866723135],[-77.06468463246969,38.90459160101969],[-77.06299171975607,38.90432955564408],[-77.06502647542668,38.903293946066825],[-77.06121750403483,38.9027043220786],[-77.06104655153644,38.903353144345154],[-77.05638691230666,38.904319903637706],[-77.05392011864294,38.90866498078966],[-77.05052978379513,38.9098281498505],[-77.05957653156997,38.91561843907141],[-77.05821693160242,38.91743384341208],[-77.05788338093629,38.915356323568496],[-77.05204735476434,38.912426753844755],[-77.0495977550889,38.91002143681743],[-77.0496021864378,38.90833385964254],[-77.05358239174865,38.908275028707536],[-77.05639118603027,38.902632327466186],[-77.0572376092695,38.90276339807787],[-77.05554905896267,38.900813675327974],[-77.05581841126073,38.894777729062135],[-77.05395909157161,38.89347680063347],[-77.05412575848905,38.89451556295014],[-77.05327509135113,38.896072045527944],[-77.05311278212069,38.893345707792875],[-77.0476973686421,38.89216906214646],[-77.04498745894288,38.89242443733131],[-77.04371347180012,38.89391527755288],[-77.04108903829078,38.89384616879189],[-77.03947735690387,38.894946979376314],[-77.03507472103534,38.894939748695116],[-77.03151352409057,38.89675118135729],[-77.02448626040155,38.896674207548074],[-77.02355936473018,38.895179725071195],[-77.01704624056276,38.8931560194257],[-77.01543421122098,38.89425651728973],[-77.01678406368647,38.89581673295391],[-77.01635572786864,38.89743863350679],[-77.01491494689137,38.8978903650379],[-77.01448655726796,38.899512259557],[-77.01330278059285,38.89899083584044],[-77.01296003652878,38.90028834727154],[-77.00999260005607,38.901516090796314],[-77.01134247049288,38.90307636714633],[-77.00888378137881,38.904045397251],[-77.00727679934981,38.903458216049536],[-77.00573922480626,38.90760936480865],[-77.00641416370051,38.90838952854807],[-77.00827840340304,38.908003596955886],[-77.00853555236644,38.90703047219737],[-77.0125961278152,38.90833615719234],[-77.0148835377623,38.908015811855655],[-77.01572473268688,38.909834741745556],[-77.01953370829068,38.91042576388836],[-77.01970504714994,38.909776998332966],[-77.02038015570768,38.91055708625784],[-77.02173549332907,38.91042967475077],[-77.02241569098273,38.9095221752911],[-77.02427987486284,38.90913600305143],[-77.02749438942655,38.9103099047238],[-77.0273181709942,38.91264625799574],[-77.02825029238656,38.912453138443574],[-77.02799338768254,38.91342630475785],[-77.02985275279302,38.9147276259304],[-77.02951022951349,38.91602518574038],[-77.0265424308934,38.917253327896056],[-77.02366522630474,38.91646943534206],[-77.02459239509385,38.91796392113489],[-77.02340320731693,38.919130170864456],[-77.0238214554319,38.92088339824325],[-77.02136741753668,38.92016509935095],[-77.02162443454782,38.91919194590043],[-77.02247098761684,38.91932325414833],[-77.02145817472477,38.91815313663868],[-77.02256677149441,38.91562371310063],[-77.01757343994089,38.914511399746075],[-77.01791616874998,38.91321387317788],[-77.0127516687001,38.91275012928315],[-77.01367856620581,38.91424469593553],[-77.01537153173949,38.914507414971744],[-77.01511444771315,38.91548055485611],[-77.01655557541541,38.915028819978566],[-77.01799152119861,38.91626464571048],[-77.01942238461679,38.919188033059015],[-77.01822277587706,38.923729391050045],[-77.02109002281985,38.927888570422716],[-77.01803589985923,38.92944089553543],[-77.0178748355549,38.92671449996317],[-77.01516353589436,38.92696922430687],[-77.0138026169483,38.92878414423775],[-77.01253264696561,38.92858709068333],[-77.01355599737491,38.92638212272518],[-77.01524924463392,38.926644843858654],[-77.01534017892644,38.92463288387987],[-77.01203950919718,38.92378304302669],[-77.01348608933348,38.92164376465827],[-77.01771895433622,38.92230052613368],[-77.01831878134718,38.920029851115295],[-77.01561295165918,38.91859700680763],[-77.016293301877,38.91768953996283],[-77.01528061095505,38.916519372253106],[-77.01366803781947,38.91761985046318],[-77.0110481039261,38.91586252806041],[-77.01054447755553,38.91443363549577],[-77.01156237646427,38.91391626464829],[-77.01038372684842,38.91170723566677],[-77.01114978582967,38.91047542141962],[-77.00556231510691,38.90994568627842],[-77.00488737091716,38.90916551774418],[-77.0042872146665,38.91143612451489],[-77.00208540018325,38.911431903809486],[-77.00019315883875,38.92025562595405],[-76.99536005027745,38.92186883313573],[-76.99561173773553,38.92258331117314],[-76.99364407095631,38.92835615428826],[-76.9947651952336,38.92245181951134],[-76.99349538721258,38.922254571187764],[-76.99375278402148,38.92128147527524],[-76.99595489579771,38.92128584395224],[-76.99807685527746,38.91992696425792],[-76.99842557460407,38.916941913667834],[-76.99749895577993,38.91544723248448],[-76.9999637629775,38.9127908505716],[-77.00056406516487,38.9105202643285],[-77.00141047946322,38.9106517161978],[-77.0013302777213,38.90928851094723],[-77.00293734043902,38.90987576966663],[-77.00395522968354,38.909358461577064],[-77.0049785695909,38.907153570030495],[-77.00328581246696,38.90689070935109],[-77.00362875991453,38.90559322357636],[-77.00235922177423,38.90539606645074],[-77.00312535007765,38.90416430279299],[-77.00186137517272,38.9022795666113],[-76.99923108253176,38.903897145523814],[-76.99203735891719,38.902779495073005],[-76.99211161673568,38.905830279079176],[-76.99007575419327,38.90686469199312],[-76.99057892669467,38.908293666247765],[-76.98710178496093,38.90977946327663],[-76.98692427218148,38.912115758768415],[-76.98624360815279,38.9130230637671],[-76.98607786702419,38.911984207986116],[-76.98438506588201,38.911721089095124],[-76.98456265914292,38.909384797359664],[-76.98803983382972,38.90789907161485],[-76.98846886161209,38.906277266805745],[-76.99050473055556,38.90524288035608],[-76.99076210720429,38.90426979282402],[-76.9895784230737,38.90374814226749],[-76.99017897444041,38.90147760897237],[-76.98704537422127,38.901665954255364],[-76.98730278444134,38.900692874350796],[-76.98501548325169,38.90101271053956],[-76.97926331319417,38.8994429351637],[-76.980029769375,38.89821131519655],[-76.97740524212841,38.8981408581486],[-76.97741134503207,38.896453286608704],[-76.97487273617823,38.89605842292488],[-76.97427792795052,38.89664130905735],[-76.97191106063136,38.895597682947695],[-76.96987519726737,38.89663176278701],[-76.96799840357544,38.900392259101615],[-76.96883833968693,38.902211505082704],[-76.96815122511069,38.90480628212629],[-76.96484561019814,38.90564276018151],[-76.96381465807558,38.90953489316703],[-76.96228738761029,38.91031035782272],[-76.9655009542428,38.911485866644355],[-76.96929073151394,38.91714115642471],[-76.97395234523506,38.91617766932429],[-76.97869361869587,38.91657722806862],[-76.97886533579437,38.91592851848548],[-76.98030065967542,38.91716478073561],[-76.98098143644255,38.916257507867485],[-76.98326923410205,38.91593774546969],[-76.98301171611222,38.91691081892418],[-76.98055218314185,38.917879288880314],[-76.97894512436758,38.91729173941731],[-76.9716582614049,38.91818483546299],[-76.97114289238829,38.92013093430127],[-76.97215492423962,38.92130146291266],[-76.97070713693444,38.923440258847165],[-76.97179887208434,38.92597401864224],[-76.96799579454742,38.923693951857565],[-76.96767111962163,38.919928612335426],[-76.96555497245792,38.91959939565018],[-76.96581273318473,38.91862635811812],[-76.97123503697082,38.918119008637156],[-76.96522405520076,38.91752162694787],[-76.96709509027713,38.91544873909201],[-76.9653227444347,38.91382213167157],[-76.96396724524716,38.913948926563435],[-76.96321321845598,38.91180530102484],[-76.96076008462555,38.91108580374385],[-76.96101787927788,38.91011277727115],[-76.95865076422963,38.90906889619723],[-76.95738128739978,38.90887127844319],[-76.95568205513781,38.91029534094796],[-76.95406207468447,38.91308261656955],[-76.95328835974976,38.916001652492],[-76.95404878378032,38.91645776485383],[-76.95193279906076,38.91612831586125],[-76.94794529768579,38.917871457978144],[-76.94396448515661,38.91792689778272],[-76.94666887961202,38.91936130496351],[-76.94496919314385,38.92078522261291],[-76.94344837797512,38.91987288137359],[-76.94217183283172,38.921362682465386],[-76.9430973912428,38.922857778021985],[-76.94445309255258,38.922731211127584],[-76.94444622370517,38.92441878672369],[-76.94791135719181,38.92630933524236],[-76.9464559355127,38.930135426522696],[-76.94746770953957,38.931306158150335],[-76.95457094603329,38.934438315984906],[-76.95584086097914,38.934635963187624],[-76.95771260291417,38.93256321213227],[-76.95872459165167,38.933733852310084],[-76.96177369033865,38.93387056586162],[-76.960920589697,38.93542642202797],[-76.95762006641993,38.934575131661155],[-76.95769947766829,38.93593836966673],[-76.95684626574212,38.93749419825319],[-76.95701822681008,38.936845517103464],[-76.95405500528568,38.93638434806539],[-76.95533157063717,38.93489442161643],[-76.95228244118229,38.93475754967463],[-76.95287773682992,38.934174766163935],[-76.94949135519624,38.93364759720641],[-76.94738169339045,38.93163049187807],[-76.94517927199311,38.931625260639905],[-76.94629754960627,38.92740893850728],[-76.94537186765179,38.92591386591896],[-76.93978369233844,38.925381165581896],[-76.9410186664772,38.934016848091204],[-76.94177920178127,38.934473036801805],[-76.94509324527426,38.93194959279458],[-76.94660751356639,38.93454949339266],[-76.94617055669215,38.937858738109384],[-76.94843885268833,38.94260235595093],[-76.95259302339018,38.941898096827224],[-76.95471639267659,38.94053995542304],[-76.95733585447624,38.94229847363103],[-76.95707131850294,38.944959077743775],[-76.95800403968023,38.944766485475355],[-76.95808346923477,38.94612972517691],[-76.95460385742025,38.94761461840645],[-76.95858628513575,38.947558836796865],[-76.95859282840226,38.94587125504243],[-76.9602863303183,38.94613472727144],[-76.96105359906628,38.94490321694541],[-76.9639248331042,38.94737614715289],[-76.96460609644181,38.9464689604451],[-76.96579029618962,38.94699085241384],[-76.96613410073918,38.9456934634138],[-76.97130688864115,38.94447156889862],[-76.9734299838455,38.94311310668543],[-76.97445472253955,38.94090845714729],[-76.97514195316928,38.938313632635285],[-76.9740437325655,38.93746747815439],[-76.97565734399764,38.93636751236768],[-76.9748965767016,38.935911531301926],[-76.9767678089501,38.93383849235498],[-76.97837521534876,38.9344260713479],[-76.97939362224764,38.93390896321659],[-76.97931380706984,38.93254573951733],[-76.98066962569733,38.93241877654258],[-76.98117279018955,38.933847793837174],[-76.97828933318759,38.93475042663307],[-76.97947344041404,38.935272187120404],[-76.97921580331767,38.9362452552361],[-76.9778599109046,38.93637220238482],[-76.97692123231137,38.938252524206796],[-76.97640586192216,38.94019865023627],[-76.97750415117326,38.94104478412439],[-76.98461556934217,38.94248764349094],[-76.98868938387925,38.940418953744526],[-76.99115535780439,38.937762737965365],[-76.99301468586626,38.93906461572656],[-76.99182464771411,38.94023056591076],[-76.98962196320787,38.94022612387319],[-76.988597693403,38.942430898472956],[-76.98724170215823,38.9425579482896],[-76.98647490112508,38.94378962014159],[-76.9823269433217,38.94280743187835],[-76.97952903337449,38.94338573613925],[-76.98012418144853,38.94280282118002],[-76.97893994708376,38.94228106635737],[-76.97825890154344,38.94318833123735],[-76.97478600951874,38.94298620784311],[-76.97495166009911,38.94402508308661],[-76.9722333391105,38.945966451684725],[-76.97147249295594,38.945510449005056],[-76.96985861565348,38.946610361755845],[-76.96672302032773,38.94679819453264],[-76.9659430816608,38.95140490597076],[-76.96950858288263,38.94959534405385],[-76.97247243999263,38.950056144743115],[-76.97441766727918,38.95103395149449],[-76.9727177841476,38.9524582556611],[-76.97288342676629,38.95349713506607],[-76.97449123589485,38.954084766024444],[-76.97414754066115,38.95538217973783],[-76.97541787410344,38.95557962707913],[-76.97660842594588,38.95441383177687],[-76.97922891577532,38.9561718910931],[-76.98075696794318,38.95539621287512],[-76.98246275286063,38.95228421345299],[-76.9838189336144,38.952157215701284],[-76.98416244125845,38.9508597758039],[-76.98628548285491,38.949501092345194],[-76.98933529353907,38.94963712863518],[-76.9904396807276,38.94879556512107],[-76.99053132831548,38.94678361722455],[-76.99282004328165,38.94646367728664],[-76.99366686147643,38.94659518266136],[-76.99340937402066,38.947568281792144],[-76.99086310085477,38.94886132667705],[-76.9937412322749,38.94964598377832],[-76.99990995200238,38.95465599914276],[-76.99618464709684,38.953740002050125],[-76.99568105043488,38.952311041676126],[-76.99314039464467,38.95191654914251],[-76.99255103278638,38.95081194267437],[-76.98797330696289,38.95145177080303],[-76.98678887565192,38.95093009027596],[-76.9837330547902,38.95248157556468],[-76.98262254743024,38.95501066458117],[-76.98855090608225,38.95593156925392],[-76.9908341208301,38.95729925114651],[-76.98854505644687,38.95761915493853],[-76.98744638879326,38.95677311681563],[-76.98151797558104,38.955852159251336],[-76.9784618357556,38.95740351580208],[-76.976516383935,38.956425771565776],[-76.97574925534498,38.95765737954854],[-76.97785435969305,38.961361595764515],[-76.98038922309144,38.9634439886043],[-76.98070268533337,38.97058449448685],[-76.98383330928277,38.97208389674368],[-76.98399915524183,38.97312276429416],[-76.99019244720492,38.97138292033581],[-76.99146888654283,38.96989261456219],[-76.99486296264033,38.96873105091066],[-76.99579020573077,38.970225762982906],[-76.99833151503927,38.970620202300616],[-76.99765044605896,38.97152757735582],[-76.99223011286234,38.970348496199755],[-76.98951126961373,38.972290250820386],[-76.98509802964355,38.9739688349843],[-76.98391325248078,38.97344712528089],[-76.98466852767613,38.975590643491344],[-76.98873250031421,38.976897122609444],[-76.98847483966044,38.97787021582127],[-76.99008331316351,38.97845764682565],[-76.99032933440787,38.9808597329487],[-76.99338046691477,38.980995670437004],[-76.99465700957592,38.97950532971008],[-76.9962655691216,38.980092680733584],[-76.99456543484675,38.981517290347846],[-76.99015756628619,38.98150846440104],[-76.98905851920556,38.98066243754765],[-76.98957383778514,38.97871624748411],[-76.98703229323195,38.97832162833312],[-76.98779944869206,38.97708994682072],[-76.98246477335937,38.97558607434379],[-76.98120009309709,38.97370110880907],[-76.98247076543319,38.97389848446875],[-76.98230493952364,38.9728596147549],[-76.97765201300624,38.97044824554502],[-76.97858500636042,38.97025549781994],[-76.97740644535747,38.96804613807741],[-76.97842532956848,38.96752903541068],[-76.97928449744111,38.96428546442505],[-76.97750458389434,38.96434660697738],[-76.97767642428795,38.96369789471181],[-76.97462604626446,38.96356157151488],[-76.97403687109771,38.962456875246716],[-76.97191322298173,38.963815351623566],[-76.97325102241118,38.96875123081083],[-76.97070991438224,38.968356277986324],[-76.97070365005953,38.97004386588013],[-76.96773899018326,38.969583021579],[-76.9656946172696,38.972304631608544],[-76.9659461879019,38.97301917493696],[-76.96984403177149,38.973287380214096],[-76.96864675027143,38.97614070317211],[-76.96703850105621,38.97555299455813],[-76.9667805550865,38.97652604250576],[-76.96838882372252,38.977113754548824],[-76.96703215097455,38.977240584087006],[-76.96651624000336,38.97918668006024],[-76.96633789699209,38.98152296895952],[-76.96769465078928,38.98139614692784],[-76.9662455367183,38.98353490923214],[-76.96657042169099,38.98730028696094],[-76.96987972645012,38.98646375319935],[-76.96995314061473,38.989514586543564],[-76.97359397762601,38.99075573085256],[-76.97546665743859,38.98868269487012],[-76.97724716801474,38.988621581322334],[-76.97537454050469,38.99069464414811],[-76.97715510039293,38.99063353190227],[-76.97816820962589,38.99180402338082],[-76.97181341175816,38.99081679201569],[-76.97155547553317,38.99178985216565],[-76.97612974317833,38.99283821998376],[-76.97722882383643,38.99368436291182],[-76.97975268193365,38.99914197004541],[-76.97696482851646,38.996345029747154],[-76.97562011751168,38.993096763929934],[-76.9721448505572,38.99289456512593],[-76.97146949525835,38.99211420546267],[-76.96849761374374,38.99334097167529],[-76.9676376218394,38.9965844823103],[-76.96619457509328,38.997035653908824],[-76.96654497206694,38.99405065976619],[-76.97028452035791,38.99159236419919],[-76.9673189851151,38.99113150836013],[-76.96749097958035,38.99048280757283],[-76.96545878636576,38.98982923546773],[-76.9640158600863,38.99028038126144],[-76.96156007250792,38.989560891758956],[-76.96055376315016,38.98670267308354],[-76.96191709328399,38.98488832251367],[-76.95870034288099,38.983712708508094],[-76.96151292637717,38.979759689543414],[-76.96465636095208,38.977884397530644],[-76.96508632243093,38.97626265775871],[-76.9636500914476,38.975026209065724],[-76.96349096369549,38.97229972552759],[-76.96554180299411,38.96789056429104],[-76.96783129146846,38.967571084429984],[-76.96716890968749,38.96341553092895],[-76.96912072344298,38.962705836329086],[-76.96947083516488,38.95972084947935],[-76.97218351436523,38.95946712292378],[-76.97236161572431,38.957130833301434],[-76.97371790439023,38.95700394588282],[-76.9698272018148,38.95504827838838],[-76.97008503095591,38.95407522719406],[-76.96847725760843,38.95348753913475],[-76.96728659070186,38.95465325624824],[-76.96550690261095,38.954714226608765],[-76.96516943583842,38.954324031406294],[-76.96627417346745,38.95348268248602],[-76.96602266712951,38.952768141872845],[-76.96423661116049,38.954516677813295],[-76.96143810750411,38.95509457498318],[-76.96102765270717,38.951653545980406],[-76.95713757702633,38.949697482056344],[-76.95357176333235,38.95150668842862],[-76.95423990544232,38.95397472377885],[-76.95177873752235,38.9549426279593],[-76.94973417908434,38.957663969148776],[-76.94991299652226,38.9553277124282],[-76.95280429841696,38.952738153631955],[-76.94933102162194,38.952535317311586],[-76.94823288652299,38.95168893263178],[-76.9493512954735,38.94747257116506],[-76.94782986790723,38.94656028031334],[-76.94621561018664,38.947659885603535],[-76.94537571506895,38.94584047527194],[-76.94427085192052,38.94668163716019],[-76.94003723329298,38.94602236662069],[-76.93740398716072,38.947638643045984],[-76.93714574402019,38.94861162536795],[-76.93916953873376,38.95095323849716],[-76.93728975840756,38.95471329733949],[-76.93568223582795,38.95412518425851],[-76.93558906303498,38.95613709341412],[-76.93491444068276,38.95535653923422],[-76.93177837868124,38.955543488955904],[-76.93261804588765,38.957362993861125],[-76.93049377361064,38.95872076019717],[-76.9322735888707,38.95866029206258],[-76.93210135575795,38.95930894089653],[-76.92871395539416,38.958781202800694],[-76.92667571138756,38.95981458196316],[-76.92709186320943,38.96156814465084],[-76.92531197254557,38.96162853847811],[-76.92742915941795,38.96195844380774],[-76.93065163567319,38.96144728039971],[-76.93233824552826,38.96339871881586],[-76.93597713451581,38.96464096147187],[-76.93810147728153,38.963283100078215],[-76.9387762072791,38.96406363783006],[-76.93766396115983,38.96659232841053],[-76.94029091805557,38.96666362744992],[-76.94282489117775,38.96874678917372],[-76.94418144774046,38.96862022443204],[-76.9451076484214,38.97011531498183],[-76.95333308081949,38.96903121468284],[-76.95154632088973,38.97077957208458],[-76.95230061504962,38.972923286304066],[-76.94976622529822,38.97084031679348],[-76.94620602520385,38.97096172960636],[-76.94713229727503,38.97245680556673],[-76.94585490518301,38.973946655687115],[-76.94214314782826,38.96965385917597],[-76.93917868482994,38.96919233258101],[-76.93622132333172,38.967043149486166],[-76.93308476113376,38.967230132555926],[-76.93165642158894,38.96430573048094],[-76.92979754661272,38.96300292852274],[-76.92767305711926,38.96436064768483],[-76.92715618510451,38.96630657611924],[-76.92867776627462,38.967219123112315],[-76.92536886331817,38.96805455582506],[-76.92266307943099,38.96661967431103],[-76.92282803978463,38.96765862255123],[-76.92155763838478,38.96746063641325],[-76.92103316471,38.97109412568268],[-76.9192455782876,38.97284201843406],[-76.9212768819085,38.973496345383495],[-76.9205948255116,38.974403297621706],[-76.9219515261385,38.97427697579907],[-76.92101091423164,38.97615688449975],[-76.92685405300412,38.97740505751372],[-76.92787342731576,38.976888369282136],[-76.92811738972162,38.979290577640704],[-76.92855541629108,38.975981376702705],[-76.93077356072347,38.97261172913368],[-76.93153443512965,38.97306798319639],[-76.93230247431418,38.97183664593048],[-76.93408260882428,38.97177615173055],[-76.93465705175987,38.97625621376767],[-76.93795919673076,38.97710812027847],[-76.93991166249616,38.97639888374068],[-76.9394811392056,38.978020536268794],[-76.9405795698615,38.97886700170114],[-76.94278342070297,38.97887231464328],[-76.94455684701913,38.9804992591935],[-76.94727038757252,38.98024607656178],[-76.95091037388806,38.98148788440923],[-76.94548320661076,38.98199434961866],[-76.93871315622536,38.97925191910988],[-76.93812439923704,38.97814704980329],[-76.93558315394606,38.97775137711396],[-76.93490123597539,38.97865840855456],[-76.93599962298534,38.97950491460403],[-76.93446348187476,38.98196763322943],[-76.93310665959243,38.982094091984905],[-76.9326041054748,38.98066486987245],[-76.92752152672885,38.97987324610297],[-76.9273492010501,38.98052189038927],[-76.92861984622675,38.98071981762018],[-76.92818904573323,38.98234143202957],[-76.92691837341243,38.98214350033887],[-76.92641594049529,38.98071425316087],[-76.92311376705237,38.97986203904239],[-76.92505912760353,38.9808406239132],[-76.92522415440463,38.98187957119058],[-76.92505180349603,38.982528212485434],[-76.92242428884988,38.982456590647956],[-76.92818179406362,38.98402902117308],[-76.9305581072544,38.983385905425834],[-76.93250366212166,38.984364374131346],[-76.93274780245544,38.986766576129696],[-76.93536839743922,38.98852557018452],[-76.93561264631697,38.990927768092845],[-76.93815435197958,38.99132344097477],[-76.93908071781989,38.99281858168329],[-76.94831466527953,38.99459320531819],[-76.95145908088242,38.992718243316915],[-76.95273000460314,38.99291592407076],[-76.9528954539225,38.993954836449774],[-76.95662227258838,38.99487213883374],[-76.95525862332636,38.996686434059306],[-76.95272332111541,38.99460351735695],[-76.94967169420545,38.99446658005889],[-76.94890371010507,38.99569802908133],[-76.94229755374175,38.99399470581663],[-76.9383125718607,38.99404996485528],[-76.93930411878638,39.00028355471498],[-76.93735100607411,39.00099278431511],[-76.94125024317738,39.001261888894696],[-76.93953455642823,39.00606094010695],[-76.94097794750506,39.00561007779322],[-76.94207681217979,39.00645653362161],[-76.9455594942598,39.00497197854322],[-76.94971050005094,39.00595540534945],[-76.95310692520502,39.00479497747877],[-76.95429199192573,39.00531698380775],[-76.94987593590326,39.00699432390059],[-76.94428149898411,39.00646181999129],[-76.94266585832801,39.00756138906575],[-76.94148083848245,39.00703927157588],[-76.94079871949454,39.007946339573074],[-76.9390177054228,39.008006930450435],[-76.93909684820537,39.00937019532959],[-76.94121548714196,39.009699867849264],[-76.94204908272066,39.01320692169717],[-76.94635908225915,39.0169169907591],[-76.94668308677468,39.02068244047805],[-76.94838507424197,39.01925847810922],[-76.94897431990249,39.02036330592361],[-76.95262303158033,39.01991747106978],[-76.95356339228826,39.01803730989757],[-76.95602006226194,39.01875696087936],[-76.95516584284361,39.0203127974536],[-76.9488020896201,39.02101198414982],[-76.94794768930765,39.022567771644226],[-76.94904689131947,39.023414168121555],[-76.94870241452671,39.024711525261736],[-76.94649717416158,39.02470631737809],[-76.94497416667849,39.02379398065822],[-76.94532556349668,39.020809033596976],[-76.94363037701794,39.02054535409991],[-76.94424020978575,39.016587405621976],[-76.9424659106548,39.01496044727213],[-76.94085005377296,39.01605999423326],[-76.93687091530647,39.014427608761046],[-76.93567166311604,39.01728063185697],[-76.93617453051709,39.01870984984033],[-76.93472374614771,39.02084825667305],[-76.93573659328216,39.02201910003825],[-76.93351717186223,39.02538886265116],[-76.93054329061148,39.02661472668007],[-76.93002605292777,39.02856068614466],[-76.93129754475788,39.02875858748663],[-76.93027025979615,39.03096291010918],[-76.93136938293615,39.03180946423542],[-76.9305144827993,39.0333651345651],[-76.9317788866693,39.03525063436675],[-76.93092395483558,39.03680630842206],[-76.93320148402839,39.039862672714314],[-76.93234652840299,39.04141835778642],[-76.93327341306872,39.04291355411723],[-76.9310460480848,39.047970891564006],[-76.93358972314881,39.04836666165491],[-76.9307801654655,39.050631483781395],[-76.9323897823326,39.05121966941481],[-76.93222449572963,39.05018071987893],[-76.93477535994506,39.04888885807229],[-76.93494068006459,39.0499278039797],[-76.9370604820845,39.050257549657545],[-76.93798757639644,39.051752713100164],[-76.94137937610527,39.052280205808984],[-76.94120700243897,39.05292887702198],[-76.94569851044832,39.054302712519934],[-76.94704983770552,39.0558637247671],[-76.94712236379377,39.05891460662191],[-76.95008378535597,39.061063562036324],[-76.9498253089771,39.06203658841616],[-76.94846701884794,39.06216321678132],[-76.94872551385912,39.0611901932054],[-76.94585030142467,39.058716866271325],[-76.94611566205441,39.05605623805836],[-76.94264439075131,39.05416560113437],[-76.93747035912759,39.053698711942666],[-76.93772897122325,39.05272571270765],[-76.93586064626709,39.05311059188359],[-76.93484736396523,39.05193974332998],[-76.93187959190728,39.051478036251],[-76.93060049873706,39.05296774847943],[-76.9309310429216,39.055045652856],[-76.92836538477108,39.05971265712416],[-76.92935697435081,39.06594639519606],[-76.93139097097836,39.06660056664637],[-76.93368371869886,39.06628171172201],[-76.933432142454,39.06556709205537],[-76.93911025540797,39.06746336847542],[-76.94530579739829,39.06741335133237],[-76.94233039551136,39.06863950657555],[-76.9397859633733,39.068243914039776],[-76.93977897240597,39.06993152803579],[-76.94240273623902,39.07169039814914],[-76.9420579120251,39.072987747741664],[-76.93741400337227,39.06719960200085],[-76.93079441845659,39.067183259265335],[-76.92906924513218,39.07366983429131],[-76.93110345532459,39.074324011363345],[-76.9310100016695,39.07633595659342],[-76.9296586382969,39.07477476416985],[-76.92830007499143,39.07490117235328],[-76.92700591947585,39.07976608600544],[-76.92598509589311,39.08028277601539],[-76.92591343583463,39.07723187015494],[-76.92848712347065,39.070877287687324],[-76.92681270712413,39.0655505371974],[-76.92766806503263,39.063994883637676],[-76.92630969974807,39.06412126981408],[-76.92690626309056,39.06353859904702],[-76.92564149355591,39.061653040364696],[-76.92590029228468,39.060680064393836],[-76.92725859397545,39.060553682771236],[-76.92607282092159,39.06003141354076],[-76.92804941721118,39.05425952547629],[-76.92771895896483,39.05218161372045],[-76.92924957853324,39.051406558127645],[-76.93095982064698,39.04829521977645],[-76.9291778099462,39.04835566991449],[-76.92943651401526,39.04738268885317],[-76.92892634002091,39.04764104338785],[-76.92816470154006,39.04718476782702],[-76.92962342880608,39.043358822107685],[-76.93166397293344,39.042325380781165],[-76.9292139814191,39.03991764011418],[-76.92989654484843,39.03901063095702],[-76.92904876588517,39.038878688382816],[-76.92863937092035,39.03543750713209],[-76.92754022472472,39.034590928326026],[-76.92907047593228,39.03381587728508],[-76.92712364419174,39.03283734694793],[-76.92696575943151,39.03011079165011],[-76.9255291132298,39.02887389126219],[-76.92875456801819,39.02836277179145],[-76.92901320662776,39.0273897949294],[-76.92723170657548,39.02745021693089],[-76.92741141848349,39.02511396729605],[-76.92843870747744,39.0229096704765],[-76.93047869470007,39.0218762521861],[-76.93006211614504,39.02012268439341],[-76.93108206638409,39.01960596631893],[-76.93438613768303,39.020457973765886],[-76.93210200213063,39.01908923991079],[-76.93228153694363,39.01675298646527],[-76.9338904162082,39.01734114927606],[-76.93457270945514,39.01643411785182],[-76.93508973926458,39.01448814335587],[-76.93330856025854,39.0145486524],[-76.93425646454254,39.010981042064685],[-76.93112518891583,39.00948038018783],[-76.93351656861459,39.0054620138931],[-76.93302098658127,39.00234519351261],[-76.93498836920836,38.998260843989094],[-76.9323602765905,38.99818943233412],[-76.932970535064,38.99423155347047],[-76.9319581192699,38.9930606927833],[-76.93382492286943,38.99267587614179],[-76.93467927413913,38.99112019331068],[-76.93391819123381,38.99066395727084],[-76.93357359974293,38.99196126558695],[-76.93187912798489,38.99169742688712],[-76.9323099016319,38.990075797330384],[-76.93409048237123,38.99001530285233],[-76.92816003703643,38.9890917912309],[-76.9284185440047,38.988118821766],[-76.92672418042422,38.987854912852804],[-76.92673146628103,38.98616732280111],[-76.92503715426186,38.98590339093771],[-76.92504447904881,38.98421580149304],[-76.92435502843595,38.986810365555954],[-76.92325666662619,38.98596375550644],[-76.92223713239218,38.98648040653127],[-76.923845261097,38.987068696654894],[-76.92357933772277,38.98972924679147],[-76.92452005872299,38.98784931472243],[-76.92570464431327,38.98837159251125],[-76.92544610015639,38.98934455636168],[-76.92756409411936,38.98967446077539],[-76.92602745277976,38.99213707883737],[-76.92518022700206,38.992005110867765],[-76.92619251903075,38.993176026640114],[-76.92466309192349,38.99395103709365],[-76.9255892139607,38.99544627908819],[-76.92507206536114,38.99739220806853],[-76.92049081637754,38.998029550486926],[-76.92481348068706,38.99836517197468],[-76.9257396620077,38.99986041388717],[-76.92293910852678,39.00043744658266],[-76.92301794177045,39.00180072003931],[-76.92166813442185,39.00023946058265],[-76.9214094941025,39.00121241783622],[-76.9186950816104,39.001465035842095],[-76.9182564530483,39.004774215075656],[-76.9171503812567,39.005615142864315],[-76.91833520323567,39.00613749244794],[-76.91646044625612,39.008209671804494],[-76.91882271035864,39.01094196905515],[-76.91881523852862,39.012629565259],[-76.92084764941302,39.01328390331505],[-76.9202440107294,39.01555413708359],[-76.92193899605246,39.015818135616065],[-76.9219315960275,39.01750573334846],[-76.9209116102377,39.01802237608143],[-76.91845531263161,39.01730203064015],[-76.9193965226821,39.015422129144916],[-76.91694784343531,39.01301415738125],[-76.91611546029935,39.009506935243216],[-76.9141542940131,39.01190339676462],[-76.91262434488075,39.01267826119857],[-76.91050574887993,39.012348100650826],[-76.91383201244479,39.00813786778384],[-76.91272583835982,39.0089787566077],[-76.90984623434889,39.00819221309933],[-76.90415007628705,39.01135740221802],[-76.90584490538335,39.01162162026213],[-76.90431487366648,39.01239638226699],[-76.9061745544656,39.01369957590653],[-76.9063393860699,39.01473855366414],[-76.9043699489909,39.01882245981271],[-76.90597864825304,39.01941098445217],[-76.90546080456254,39.02135683921036],[-76.90672435009041,39.02324259021558],[-76.9060261057679,39.027524668237334],[-76.90822370918924,39.02921819498169],[-76.91000526831353,39.02915804563784],[-76.91059401104386,39.030263057307465],[-76.91024881581056,39.03156030915932],[-76.90770585573478,39.03116406228056],[-76.90847491195817,39.0299328611518],[-76.90610465131431,39.02888795843966],[-76.9050843934513,39.02940447213202],[-76.90499027765587,39.031416381876475],[-76.90320865905952,39.03147645930063],[-76.90251798125183,39.03407092179551],[-76.90488835930114,39.03511589387338],[-76.90386018396511,39.03732000032444],[-76.90504542707644,39.03784247947515],[-76.90564194520084,39.03725991349341],[-76.91360909305799,39.03883896747407],[-76.91292632807838,39.039745887085616],[-76.91519563364726,39.044490187867424],[-76.91392391055068,39.044292121140494],[-76.91325630705153,39.04182383368396],[-76.91038306713446,39.03934969447732],[-76.90741596439834,39.03888740398466],[-76.90622292031426,39.04005255050513],[-76.90351483509268,39.03861723500747],[-76.90401721794603,39.0400465882508],[-76.90163881830861,39.04068920170651],[-76.90196061266352,39.04445478276393],[-76.90331865280672,39.04432866322793],[-76.9057601567641,39.048424521964115],[-76.90846865163051,39.049859790931386],[-76.9069378431221,39.05063459025319],[-76.90558747444487,39.04907314327162],[-76.90430788488312,39.050562584104775],[-76.90700868061172,39.053685492446505],[-76.90767618091006,39.05615381857325],[-76.90598030692126,39.0558896235283],[-76.90420590495917,39.05426210773347],[-76.90286337400578,39.05101302344086],[-76.90389177321312,39.0488089200438],[-76.90296541768694,39.04731350301381],[-76.89973894098215,39.04782395430545],[-76.9000844009585,39.04652672806731],[-76.90221180651163,39.04516946345583],[-76.89991958667261,39.04548773645642],[-76.89948776227115,39.047109268284586],[-76.89779212901568,39.04684496188457],[-76.89617488802709,39.04794393325576],[-76.89591573683194,39.04891684508133],[-76.89803533220434,39.04924725660162],[-76.89786257901248,39.04989586726163],[-76.88866020318729,39.057918811580436],[-76.88898957097193,39.05999682916193],[-76.88763121326545,39.060122792382],[-76.88779588508899,39.0611618029564],[-76.88635106128268,39.06161205112352],[-76.88693148986587,39.064404790190274],[-76.88786592938581,39.06421272167967],[-76.88717439285188,39.06680711360285],[-76.89319707738014,39.06740829225839],[-76.89293781692437,39.06838120122249],[-76.89208976253757,39.068249005712396],[-76.89190880859526,39.07058522157538],[-76.8902126552164,39.07032081061876],[-76.88952930256454,39.07122760661553],[-76.8872980259494,39.07628418451295],[-76.88602582258605,39.076085831056076],[-76.88594760268005,39.07472251692691],[-76.88833544087716,39.07239258794345],[-76.88996964006745,39.06791849162843],[-76.88827355597482,39.067654054329836],[-76.88801422873786,39.06862695306268],[-76.88640458566475,39.06803819069803],[-76.88708794731397,39.06713141240757],[-76.88530543851095,39.06719123337971],[-76.88649926332931,39.06602628225711],[-76.88506259601131,39.0647889061485],[-76.8856594954217,39.064206433408124],[-76.88276968240459,39.065106863776585],[-76.88293429602541,39.06614588171772],[-76.8813247490474,39.06555705381071],[-76.88097886381664,39.0668542322093],[-76.87928283727715,39.06658967223901],[-76.87673036597624,39.06788039835475],[-76.87391828269024,39.0701439419052],[-76.8732432645917,39.06936303807096],[-76.87843482863747,39.06645738357729],[-76.8797236131513,39.06328059634136],[-76.8826915353848,39.063743550303364],[-76.88286445686022,39.06309495916436],[-76.88074452667932,39.06276428798204],[-76.88160083761821,39.061208952516004],[-76.88355611190362,39.06050059295209],[-76.88321029055341,39.06179777638967],[-76.88490621957774,39.062062282524984],[-76.88449051015336,39.060308549960475],[-76.8859353195752,39.05985832353394],[-76.88474985487535,39.05933566002957],[-76.8850956370395,39.058038472874024],[-76.88806337945068,39.058501298084245],[-76.88018109650778,39.05659630673207],[-76.87932480952857,39.058151631139914],[-76.8766946068043,39.058079040309416],[-76.87831236773854,39.05698032062211],[-76.87772389936818,39.05587515089757],[-76.88103734684654,39.0550409768495],[-76.8857007261327,39.05576839375221],[-76.88628931490837,39.056873525668045],[-76.88859013162066,39.05486789671174],[-76.89028591854843,39.0551323290893],[-76.89029405702892,39.05344472255459],[-76.88333825045252,39.05303544580771],[-76.88241226387676,39.051539874438696],[-76.88402150932397,39.05212868679763],[-76.8873347137777,39.05129434534049],[-76.89140116714461,39.052604027315816],[-76.89344251395288,39.0515712123138],[-76.89362337128524,39.049235002103686],[-76.89515429220488,39.04846036704906],[-76.89567260478414,39.04651454635305],[-76.89049941998637,39.04604570157573],[-76.88999726143632,39.04461629219723],[-76.88304230114169,39.044206999484885],[-76.88414935444261,39.043366370224895],[-76.88382020032431,39.04128834584851],[-76.88516995692098,39.0428500273053],[-76.89009180918947,39.042604389317496],[-76.89575898751673,39.04619024275728],[-76.89840467757145,39.04288722143032],[-76.89841262624361,39.04119961796169],[-76.89934673720447,39.04100746388932],[-76.8982557999354,39.038473022416774],[-76.90139552469171,39.038286917590675],[-76.9014034034473,39.03659931526023],[-76.90072050726765,39.037506167423],[-76.89962165489868,39.03665934128078],[-76.89989653971608,39.03231122128104],[-76.89590942628858,39.0323651194152],[-76.89420610472546,39.0337883654209],[-76.89038355538251,39.034881083288106],[-76.89183592347375,39.0327431897129],[-76.89421414984044,39.03210076483963],[-76.89651396419045,39.03009499769593],[-76.90032826712923,39.030689692132405],[-76.9010111041892,39.02978284317239],[-76.90155274941363,39.02277420757915],[-76.8998735011102,39.01913473540752],[-76.89452952638544,39.019314670450704],[-76.89350126050773,39.02151868530095],[-76.89189261560763,39.02092999881433],[-76.88891821539006,39.02215486502101],[-76.88959296362695,39.02293567731007],[-76.88822711631347,39.02474924396374],[-76.88551171024811,39.02500113737066],[-76.88534715293405,39.023962130232896],[-76.8836521107656,39.023697631857054],[-76.88338458304023,39.026358111302805],[-76.88558162388912,39.02805203832962],[-76.88599717523249,39.02980575746681],[-76.88335969451448,39.031420907452635],[-76.8816644857166,39.03115638161729],[-76.88328987085079,39.028370003522056],[-76.88194042337685,39.02680830547225],[-76.88279628537467,39.02525297141228],[-76.87922491866199,39.027060061498155],[-76.87651785020208,39.02562416058654],[-76.86998853755689,39.02528028937857],[-76.86980698054363,39.02761645555227],[-76.87081887653117,39.02878782945872],[-76.86927086360147,39.03293735882929],[-76.8701963429996,39.034433023349514],[-76.86901140593747,39.03391021198479],[-76.86857896106959,39.03553163306238],[-76.8693314806047,39.03767587298494],[-76.86747184706148,39.03637212241404],[-76.86937459084052,39.029237877679826],[-76.86863079540059,39.025406044107605],[-76.86778328635958,39.02527368369358],[-76.86846647834291,39.02436701454712],[-76.86464403761653,39.02545893844392],[-76.86447977739775,39.02441990359998],[-76.85753578758035,39.022321588304386],[-76.85745815953992,39.02095826905225],[-76.85718968368197,39.02361869075609],[-76.85549475200143,39.02335380806564],[-76.85481140782626,39.024260405686675],[-76.85158561632596,39.024769604193025],[-76.8514900264985,39.02678147151401],[-76.85301192302892,39.027694954773146],[-76.85130787147963,39.02911761118481],[-76.85112570475714,39.03145375150414],[-76.85019158922088,39.03164554259918],[-76.85016438778598,39.03670833629971],[-76.85153140892909,39.034895184786876],[-76.85280279746685,39.03509388992764],[-76.85313103710655,39.03717199418739],[-76.85626189455384,39.0386746294929],[-76.86200483243634,39.043625345127154],[-76.86641644741573,39.04363872258546],[-76.86761018813847,39.04247395779745],[-76.86828489609728,39.04325488852811],[-76.86709115336157,39.04441965995704],[-76.86895098591617,39.04572341802638],[-76.86869147834254,39.04669627264278],[-76.86733333400078,39.04682201364614],[-76.8669786093672,39.049806752176764],[-76.865706924801,39.04960819164659],[-76.86605300046381,39.04831105973222],[-76.86478134458768,39.04811248977848],[-76.86632124317457,39.045650607740676],[-76.86098405459403,39.04414149776351],[-76.86115712308747,39.04349293908418],[-76.86022287934216,39.0436848060218],[-76.855068034427,39.03983928445141],[-76.85413382156115,39.040031105471044],[-76.85565602863524,39.040944558377376],[-76.8553963602325,39.041917384407824],[-76.8539517182942,39.04236725426564],[-76.85151333644184,39.038270382161045],[-76.84922111251899,39.03858771918787],[-76.84800890467888,39.0431275061144],[-76.84968611061954,39.046767693887006],[-76.84874269247372,39.048647076395426],[-76.84747107802197,39.048448329229224],[-76.84850112004372,39.046244685747936],[-76.84757593662069,39.044748856579574],[-76.84621779217409,39.044874366673305],[-76.84785396434252,39.04040084641263],[-76.8470154596721,39.03858074469647],[-76.84574402598435,39.038381980195176],[-76.84642761592167,39.037475430318544],[-76.84174727688058,39.040121738626965],[-76.84071711690927,39.04232532377068],[-76.84207522323523,39.04219987387504],[-76.84181536864128,39.04317267171399],[-76.84054386887316,39.04297385382541],[-76.83688393864107,39.04510399659542],[-76.8372305070654,39.043806946050886],[-76.836045654352,39.0432838193646],[-76.83876191424432,39.04303300683834],[-76.8400427136958,39.04154424345473],[-76.83988807546133,39.03881757456632],[-76.84175654022681,39.038434139884],[-76.84159257775222,39.03739507252461],[-76.83930965797066,39.0360246285481],[-76.8443951991979,39.036819871648824],[-76.8471111888139,39.036568876819764],[-76.84872891811989,39.03547054650082],[-76.84886098624082,39.02670829181798],[-76.84522048129531,39.02546348268623],[-76.8429193990469,39.02746829811711],[-76.84222660850263,39.030062423054865],[-76.84214925920168,39.02869909249149],[-76.84087801158141,39.028500278511025],[-76.84326577578489,39.02617123462148],[-76.84318841114211,39.024807905592674],[-76.83300968205931,39.02490470948359],[-76.83002459433139,39.0278157601813],[-76.83060258991686,39.03060874555025],[-76.82857050779481,39.029952928700624],[-76.82948556500371,39.03313649143008],[-76.82761717167463,39.03351974116938],[-76.82811802725448,39.03494939970336],[-76.82667335504895,39.03539895174857],[-76.82734755765078,39.03618010382557],[-76.82682749047,39.03812563547149],[-76.8259799093539,39.03799298949341],[-76.82488192040486,39.037145502303105],[-76.8249782600365,39.03513365203141],[-76.82695259680887,39.031050995405856],[-76.8265480772248,39.02760948417933],[-76.82841632434322,39.027226250905244],[-76.83122816404627,39.02496375423431],[-76.82885917600235,39.02391737844413],[-76.82392870768318,39.02584818265693],[-76.82223384529591,39.02558284590865],[-76.8189406482589,39.02304026155914],[-76.82047181276914,39.02226655056917],[-76.81895043862927,39.021352669417034],[-76.81988450430234,39.02116111363895],[-76.81989427251932,39.01947352194671],[-76.82074162671601,39.01960620904182],[-76.82311035754051,39.02065273893934],[-76.82284062635858,39.0233130860732],[-76.82571988693839,39.024101649173],[-76.82852212161262,39.023526807757754],[-76.8298894345077,39.02171389850561],[-76.83115102634365,39.02360041799124],[-76.832845875056,39.0238656329498],[-76.83488724639976,39.02283378538787],[-76.83887388175215,39.02278184637987],[-76.83769871497675,39.0205711438608],[-76.83838223778996,39.0196646409752],[-76.83627316389648,39.017645620900424],[-76.83169935708068,39.01659209616585],[-76.82965811569626,39.01762389026096],[-76.82967719720202,39.0142487077852],[-76.83865138697891,39.01700426172027],[-76.84160789528883,39.01915578587946],[-76.8424460406797,39.02097591815985],[-76.84371716106678,39.02117471584107],[-76.84363979327772,39.01981138822326],[-76.84432323490178,39.01890485275043],[-76.84506568313175,39.02273682764672],[-76.846163689722,39.02358413433673],[-76.84785859277848,39.02384914439506],[-76.84989975063307,39.02281705006035],[-76.85016849019102,39.020156644477865],[-76.85482932377765,39.020885215775365],[-76.8572074891069,39.02024350086148],[-76.85721639119966,39.01855590661873],[-76.85358513729958,39.01562375094674],[-76.84630519987262,39.01313430777871],[-76.84292514950378,39.010916631986625],[-76.84021010326667,39.01116753421899],[-76.8349625967408,39.009333051918446],[-76.83089006784918,39.00970912172949],[-76.82716407792736,39.00878804311578],[-76.82580656971122,39.00891332928087],[-76.82494968156568,39.0104682661217],[-76.82274488377217,39.01046086066085],[-76.82479567513542,39.007741592574625],[-76.82700039071689,39.007748961615235],[-76.82649974438141,39.006319304995095],[-76.82819417350481,39.00658458268895],[-76.82835787514753,39.00762366242069],[-76.83098620497739,39.00769727594593],[-76.83260353566034,39.00659916091733],[-76.83327753501794,39.007380277082994],[-76.83996893710363,39.00876514208407],[-76.83888055232316,39.006230193165514],[-76.840998644479,39.00656157544619],[-76.84168199453374,39.005655056463695],[-76.83999683763702,39.003702373983316],[-76.84271160599677,39.00345147671885],[-76.84331756355407,39.00118162505821],[-76.84416474738877,39.00131415191877],[-76.8436453792233,39.00325974277271],[-76.84474307529094,39.00410705933526],[-76.8427889389913,39.004814801291204],[-76.84175005129306,39.008705972099506],[-76.84716166288626,39.01157922291899],[-76.85528882817587,39.01420106646637],[-76.85487410638196,39.012447249191766],[-76.85547081798434,39.01186492671036],[-76.85724309499948,39.01349312669057],[-76.85697463883025,39.01615354466359],[-76.858920079728,39.01713317163172],[-76.85822795834206,39.01972738134244],[-76.8593349258038,39.018886976734365],[-76.8605972323185,39.02077319609486],[-76.86229212243904,39.02103800902871],[-76.86460992797569,39.01565764842644],[-76.86293269253102,39.01201768121309],[-76.86313195850353,39.00630634803354],[-76.86254413068735,39.00520111585185],[-76.86169686811719,39.0050687143368],[-76.861437408562,39.00604154720026],[-76.85974287095783,39.00577672324936],[-76.85907745935967,39.00330816078937],[-76.85611215310794,39.00284464753975],[-76.85857621323385,39.00187863461638],[-76.85714128769574,39.00064094913605],[-76.85816148243555,39.00012483179914],[-76.85791976010361,38.99772247881969],[-76.86070308736223,39.00052209107674],[-76.85984704399606,39.00207726656624],[-76.86365082724076,39.004360674751084],[-76.8640831966535,39.0027392791552],[-76.86314948399428,39.00293116680477],[-76.86383252390627,39.00202452645231],[-76.86307177144403,39.001567855356164],[-76.8641784066312,39.00072741003925],[-76.86265693404306,38.99981406764586],[-76.8630028272188,38.998516954963186],[-76.86504305948428,38.99748461595824],[-76.8682589038742,38.99866265930202],[-76.86620999325034,39.00138264108468],[-76.86536276848021,39.00125026466828],[-76.86518112288992,39.00358641491795],[-76.8667027060673,39.00449972692279],[-76.86534534608404,39.00462544530214],[-76.86491299359257,39.00624684578291],[-76.8635555979165,39.006372544629734],[-76.86448062182723,39.00786824518006],[-76.86659887821918,39.008199190784744],[-76.86464484468223,39.00890727720509],[-76.8641259701015,39.010852956065925],[-76.86461865775992,39.013970054927256],[-76.86656414320066,39.01494956177823],[-76.86416001226945,39.02065423847813],[-76.86432425941507,39.02169327309602],[-76.86678016880107,39.02241468974477],[-76.86882101783824,39.021382284664],[-76.87221089867694,39.021911662965486],[-76.8745889441612,39.021269615069635],[-76.87848062650865,39.023228288334224],[-76.87891277747144,39.02160683613356],[-76.88162807965897,39.021355087163414],[-76.8839279013022,39.019349556698586],[-76.88731779730277,39.01987852241818],[-76.88842443088127,39.01903785850372],[-76.89198708014068,39.01891810252801],[-76.8941218747148,39.01587338690813],[-76.89785703327307,39.01510486085919],[-76.89549542158346,39.01237216293431],[-76.89795132526689,39.01309296196102],[-76.89744924777109,39.01166359061094],[-76.90050939403396,39.010114217239376],[-76.90034465617941,39.00907523252439],[-76.90152941381862,39.009597742774844],[-76.90229834657333,39.0083665842727],[-76.90153728636072,39.00791014846713],[-76.89560579582836,39.006985078911946],[-76.89289915111596,39.005549539824564],[-76.89111004205293,39.00729703655729],[-76.89197357243069,39.0040540516325],[-76.8911343829541,39.00223425888867],[-76.8902789700426,39.003789644566965],[-76.88518698567452,39.00468387656733],[-76.88450418695629,39.0055906347739],[-76.88094217810234,39.00571017580795],[-76.87840869006891,39.00362573894202],[-76.87858150682811,39.002977160358896],[-76.87985241137396,39.00317558755029],[-76.88298235749036,39.004677540802845],[-76.88595614305562,39.003452820267526],[-76.88783164624215,39.00138110321538],[-76.88656897014283,38.9994951667008],[-76.88910254812876,39.001579435660275],[-76.89342527835849,39.0019161503024],[-76.89443719712884,39.00308732681017],[-76.89350356011441,39.003279442756146],[-76.89340915783008,39.005291335086056],[-76.89502549238158,39.004192407547684],[-76.89714378058028,39.00452283180075],[-76.89789682129145,39.00666688756998],[-76.9001094163851,39.00498536506302],[-76.90027414161784,39.00602434940621],[-76.90527195766984,39.00714140035292],[-76.90476198009614,39.00739965389828],[-76.9050130735085,39.0081143245054],[-76.90654300772295,39.0073395544337],[-76.90637818997583,39.00630057819103],[-76.91028526609789,39.00488306178174],[-76.91081052017772,39.001249599027794],[-76.91285015040837,39.00021647398101],[-76.9131165044777,38.99755594247901],[-76.91532091936138,38.99756174311874],[-76.91702297968969,38.9961382159956],[-76.9200107279029,38.99153749924847],[-76.91673069258039,38.98562234401903],[-76.91733419257507,38.9833521380967],[-76.91564752263369,38.981400489915686],[-76.91719179470552,38.9772504172603],[-76.91474447277444,38.97484241646605],[-76.91526173727452,38.97289653727435],[-76.9139050507739,38.9730227859344],[-76.91236829884605,38.9754852285983],[-76.91176470917658,38.97775540764854],[-76.91201576907466,38.978470060778875],[-76.9130352636461,38.97795349435086],[-76.91345119049745,38.97970710751206],[-76.91259651942457,38.98126264145544],[-76.90733387625912,38.98280640238499],[-76.90470636905941,38.98273440544691],[-76.90300438132357,38.984157760716],[-76.8982591216777,38.98375530407957],[-76.89631404369854,38.982776298730585],[-76.89444729585053,38.98316055061975],[-76.89409399376673,38.98614533533322],[-76.89702696252549,38.993358296140244],[-76.8978741529594,38.99349045629043],[-76.8969326705468,38.995370187987],[-76.89608545993478,38.9952380213722],[-76.89576418731525,38.99147245554395],[-76.89424251184522,38.990559501641634],[-76.89476043635644,38.988613703277395],[-76.8930742499712,38.9866617467981],[-76.89360023190689,38.983028367293215],[-76.88841522592067,38.985934615058376],[-76.88876059394302,38.98463743346411],[-76.89071374101245,38.983928970232796],[-76.89072186160773,38.98224138343549],[-76.88673748483882,38.98229498664229],[-76.88435255205484,38.98462484976633],[-76.88265842984073,38.984360339484475],[-76.88095597283986,38.985783392719824],[-76.87977175070739,38.98526068812754],[-76.88003089104251,38.9842878201411],[-76.88079156926602,38.984744386070986],[-76.88156059024342,38.983513360851376],[-76.88376457708881,38.98351972184812],[-76.88530246655104,38.981057630498825],[-76.88124012099097,38.979747764302],[-76.8804711343869,38.98097878682695],[-76.87911423693825,38.98110465527952],[-76.87904463953768,38.9780537735387],[-76.88006436225893,38.97753747802525],[-76.88666756669927,38.979244108633075],[-76.88760910562796,38.977364459479666],[-76.8886987559844,38.979898969442466],[-76.891239821055,38.98029560225511],[-76.89133425088849,38.97828371941959],[-76.89218125548825,38.978415918115914],[-76.89233772476003,38.98114249484976],[-76.89368654851084,38.982704068498734],[-76.89614942763417,38.98173731291781],[-76.90250240421699,38.982728416332705],[-76.90505143148081,38.98143717917713],[-76.90852596400522,38.98164125600422],[-76.91124731662869,38.97970127369079],[-76.91126260417317,38.97632610009638],[-76.90964713376563,38.97742523425196],[-76.90617279939005,38.97722118894625],[-76.90118490139137,38.97441659405164],[-76.9029651247847,38.97435654621572],[-76.90676881158419,38.97663862323257],[-76.90897259234328,38.976644536580636],[-76.9121172457832,38.97477057650371],[-76.91229731279455,38.97243436828531],[-76.91340293638686,38.97159348806071],[-76.90604687690205,38.96774429241595],[-76.90197704348243,38.96812269139008],[-76.90223582598016,38.967149779587096],[-76.90715250145979,38.966903468469496],[-76.9112931750084,38.96957575805385],[-76.91425747667724,38.97003795083401],[-76.91493957113578,38.96913103402126],[-76.91739420820086,38.96985144359257],[-76.91782517527658,38.96822986971727],[-76.92011488360367,38.967911270284496],[-76.91945522306484,38.963755462385116],[-76.9245512567233,38.96117224703824],[-76.9181998614328,38.960182275514555],[-76.91498490924943,38.95900553296493],[-76.91515729416697,38.958356907930636],[-76.91380087847459,38.95848315517913],[-76.90847680323068,38.95528852528401],[-76.90890788272903,38.95366698584606],[-76.90712817020099,38.95372711875309],[-76.9028160749447,38.95170330383083],[-76.90273767425798,38.95034002789124],[-76.89630924308659,38.94798566179698],[-76.9006288244045,38.94832212283682],[-76.90425861556942,38.951252872166144],[-76.90840599996075,38.952237671816086],[-76.90823356937976,38.95288628689464],[-76.90925273250059,38.952369753489876],[-76.91025655281813,38.955228373016745],[-76.91490627279651,38.957642263290495],[-76.92337448301885,38.95896237742394],[-76.92514699040376,38.960589594462995],[-76.92592230773798,38.95767071621404],[-76.92465207223522,38.95747276204645],[-76.92533391944616,38.95656578977824],[-76.92381260287691,38.95565320320711],[-76.92475287750025,38.95377327895937],[-76.92254978787378,38.953767645860644],[-76.92229870975706,38.953053016653456],[-76.92534854901731,38.953190626041604],[-76.92526972476904,38.95182736408926],[-76.92628875216978,38.95131069081979],[-76.92789613670612,38.951898925373904],[-76.93037911200038,38.94586875363683],[-76.93241691301282,38.94483531570854],[-76.9321657688501,38.944120707383604],[-76.93394522580691,38.9440602153932],[-76.93582490381327,38.940300212918935],[-76.93700879687492,38.940822379158405],[-76.9377834282024,38.9379034350368],[-76.93609726297169,38.93595207774365],[-76.93610432640355,38.93426449996373],[-76.93492054645067,38.93374232556751],[-76.93646270944195,38.92959204178241],[-76.93536506990273,38.92874554592333],[-76.93553720165775,38.928096895351054],[-76.9367208942601,38.9286190634587],[-76.93690005785659,38.92628283503399],[-76.93276090631888,38.92361141643895],[-76.93311232032273,38.92062654876213],[-76.93532148831225,38.91894442005028],[-76.93405190268861,38.91874656318244],[-76.93397295281099,38.917383313253396],[-76.93202916742938,38.91640487696089],[-76.93083852347472,38.91757023821396],[-76.93278232396325,38.9185486933215],[-76.93294731978928,38.9195876210797],[-76.9323448348895,38.921857882099786],[-76.93098912880626,38.92198431660946],[-76.92913856933072,38.918993938524395],[-76.92515768122674,38.91904877458923],[-76.92465571812005,38.917619533159154],[-76.92000079553151,38.91689359419743],[-76.92000823007095,38.915206021703845],[-76.91424877397255,38.91532079936291],[-76.91406891076247,38.91765699156655],[-76.91491525154042,38.91778903396075],[-76.91414748836863,38.919020254187785],[-76.91134995162685,38.9195970185991],[-76.90905403525528,38.92160302702445],[-76.90829383938315,38.92114663847374],[-76.90906172392869,38.919915454142576],[-76.90736901725013,38.91965128360286],[-76.90473599977916,38.921266860620605],[-76.90346645683117,38.92106869056014],[-76.9036310401496,38.92210765762516],[-76.90048844237015,38.923981388611146],[-76.8964833190459,38.929098025177446],[-76.89233741379887,38.928112830163194],[-76.89504116921202,38.92954836503846],[-76.89478242421671,38.93052125662359],[-76.89681232740428,38.931175980021536],[-76.89689059652373,38.93253925604275],[-76.90077813637726,38.93449720406023],[-76.89739211747946,38.93396861268805],[-76.89618465496642,38.93850879556201],[-76.89432707338976,38.937205467100966],[-76.89569912646668,38.93370428235236],[-76.89477440349451,38.93220883102202],[-76.89341843957322,38.93233485496672],[-76.89452367230743,38.93149414779825],[-76.894272946042,38.93077946413759],[-76.88968747987866,38.93310323799174],[-76.889342372798,38.934400412418455],[-76.886457756938,38.93530090997443],[-76.88261535216132,38.94145609896802],[-76.87311362938678,38.94402460156742],[-76.87472042318568,38.944613524390036],[-76.87709592177362,38.94397143606398],[-76.8791176556977,38.946314026821966],[-76.87885863832629,38.947286887442225],[-76.87707905703907,38.947346589229376],[-76.87691479559113,38.94630758335128],[-76.87454771056824,38.94526209190439],[-76.87046179857069,38.94901460958495],[-76.86876855551498,38.94874991110401],[-76.867662763426,38.949590390756],[-76.8644490963368,38.94841234068182],[-76.86038012785525,38.94878937424088],[-76.86063939749783,38.94781655201408],[-76.86546850737369,38.94789616735045],[-76.86699759682502,38.947121891717686],[-76.86641018818716,38.94601668772168],[-76.86429374186321,38.945685742026726],[-76.86446654683027,38.945037188753915],[-76.86819838415576,38.944269563155224],[-76.86769736540417,38.94284008648178],[-76.87091083908803,38.94401805148132],[-76.87396870680926,38.94246934814288],[-76.87295795979873,38.94129801546335],[-76.87457318237378,38.94019936476241],[-76.87575663427378,38.940722115497834],[-76.8757481714354,38.94240969101692],[-76.87701801101174,38.94260814541605],[-76.87778665073793,38.94137715120065],[-76.88100856418795,38.94086727867234],[-76.88152648888224,38.93892154980452],[-76.88245933225019,38.938729525782676],[-76.88195807164934,38.93730010783239],[-76.87950488271971,38.93657900073355],[-76.87644738013223,38.93812783927237],[-76.8753503098612,38.93728081143108],[-76.87671483715853,38.93546741058883],[-76.87807088830561,38.935341569208795],[-76.87756973717573,38.93391213419619],[-76.87866678250968,38.93475914201214],[-76.87934898972951,38.93385242548457],[-76.88053237275831,38.93437513019399],[-76.8820610180773,38.93360067035924],[-76.88485107371858,38.93471213995676],[-76.88495386951331,38.931012701403645],[-76.88749320825535,38.93140940810504],[-76.89064457727467,38.927848431044445],[-76.8883641688304,38.92647891181291],[-76.88617834687027,38.923097487910205],[-76.88515942977168,38.923613829643365],[-76.88457193513699,38.922508715253166],[-76.88118659131337,38.92197968233157],[-76.87899285255199,38.920285704611985],[-76.8769549807046,38.92131826127344],[-76.87552133009618,38.920080802838555],[-76.8685783438091,38.91967070775812],[-76.86696348609539,38.92076927731465],[-76.86527091244659,38.92050453212142],[-76.8635696084488,38.921927333777475],[-76.86331047011602,38.9229001586476],[-76.86474396872764,38.92413775871069],[-76.86346573916688,38.9256267499428],[-76.86489929408961,38.92686434866594],[-76.8646401559516,38.92783717696241],[-76.86235146536318,38.92815475089871],[-76.8621699055009,38.93049087150091],[-76.86020909228854,38.93288645224018],[-76.85953549357619,38.93210549098281],[-76.85792022367505,38.93320394462159],[-76.85453457639909,38.932674183383426],[-76.85376563547479,38.93390503199056],[-76.85291921844498,38.933772571976625],[-76.8547074374076,38.932025644884284],[-76.86013150954058,38.93152315310722],[-76.8601403330244,38.929835581219585],[-76.86115951454659,38.92931944463254],[-76.85972597485211,38.928081802268665],[-76.86201467459745,38.927764276787045],[-76.86151389078432,38.92633477840137],[-76.8628785575095,38.924521532510354],[-76.86262816581619,38.923806785593136],[-76.85924292116215,38.92327715355258],[-76.85941571793705,38.92262860931946],[-76.86204101154368,38.922701564465996],[-76.86332796726366,38.91952501874163],[-76.86586678761125,38.91992216759905],[-76.86468374469236,38.91939932399572],[-76.86326783916378,38.91478658625056],[-76.86191214515559,38.91491226543972],[-76.86072921200089,38.9143893844561],[-76.86132507344998,38.9138070422299],[-76.86462352849308,38.914660892241386],[-76.86621224419447,38.9186250610742],[-76.86561638240467,38.919207427155946],[-76.86679942890166,38.919730261848265],[-76.86909644984253,38.917725036429054],[-76.87273197736316,38.91896912558588],[-76.87722235745903,38.918657837577314],[-76.87714447140918,38.91729455172633],[-76.87536562154918,38.917354228682676],[-76.87681608688456,38.91521654862853],[-76.87824126149005,38.918141561401185],[-76.87984752571744,38.918730415720624],[-76.87874231728085,38.91957099064654],[-76.88052121851601,38.9195112652323],[-76.88144548758157,38.921006820243996],[-76.88847494038991,38.921091902664855],[-76.88779296632595,38.921998667812694],[-76.89057454772828,38.924797579145824],[-76.89065269321917,38.926160857917324],[-76.89504918345916,38.92786079123571],[-76.89759642234446,38.92656971739884],[-76.89845870667077,38.92332672602073],[-76.89769855920956,38.92287027241611],[-76.90440681011235,38.919188929582766],[-76.90560567178925,38.916336250053554],[-76.90459477870151,38.91516517939368],[-76.90205591319294,38.914768823712706],[-76.89823972811314,38.91586176367688],[-76.89697826508078,38.91397595646442],[-76.89629646351159,38.91488276751588],[-76.89469015117413,38.91429412657368],[-76.89358518136494,38.91513483328341],[-76.88926760082764,38.91479812854872],[-76.89274697610928,38.91331507498829],[-76.89317815736983,38.91169359959304],[-76.89461996520951,38.911243282470764],[-76.89318621281542,38.91000602992698],[-76.89429110942667,38.90916532733723],[-76.89623419454084,38.910144354193434],[-76.8980831781438,38.91313521964695],[-76.90088057173169,38.91255875503165],[-76.8987807928774,38.908853259062475],[-76.90014420431304,38.90703960742731],[-76.89650880413939,38.90579632393708],[-76.89336672688196,38.907669870412086],[-76.89302180582227,38.9089670506651],[-76.88904143883916,38.909020727215825],[-76.88439567978867,38.906605883867684],[-76.88373033867445,38.90413748896624],[-76.88068263206313,38.90399885743496],[-76.8810277493197,38.90270171234983],[-76.88297048375131,38.90368094623851],[-76.88398913755952,38.90316462384261],[-76.8864248231555,38.90726077518419],[-76.88963702999615,38.908438249370825],[-76.89201121732354,38.907795878557046],[-76.89304598100111,38.903904344594636],[-76.89786426870707,38.90567026665381],[-76.89905524560507,38.9045052238938],[-76.89931384112708,38.903532326747225],[-76.89820908792434,38.90437307348359],[-76.8967754097904,38.90313586354287],[-76.89669717441818,38.90177259275859],[-76.8978801607768,38.90229512971508],[-76.89805256379101,38.901646533481355],[-76.89729264510034,38.9011900786835],[-76.89781779955871,38.89755672488385],[-76.89554620351159,38.894499776521634],[-76.89427715199932,38.89430151307066],[-76.8935334244345,38.89046990422429],[-76.88946784255975,38.89084788886522],[-76.88701614336561,38.89012693471319],[-76.88464248776796,38.89076920844209],[-76.88490122698896,38.889796343054584],[-76.88676563309522,38.889412239731776],[-76.89243687314634,38.88962303282553],[-76.89261736074033,38.8872868804318],[-76.88982900262967,38.886175592429396],[-76.89093357661514,38.8853349222894],[-76.88975091543304,38.884812320159334],[-76.89110600133398,38.88468633709266],[-76.89306450163355,38.88229028297745],[-76.8938402709284,38.87937163584895],[-76.8925795534187,38.87748579255711],[-76.89452177080948,38.878464842361936],[-76.89562617377777,38.877624131190615],[-76.89666031600652,38.87373258164094],[-76.89818751788009,38.87295792907541],[-76.8982816168382,38.870946070140356],[-76.90057623388148,38.86894027394399],[-76.89843808360189,38.87367259954242],[-76.89750611511109,38.87386474212204],[-76.89629965561423,38.87840489090639],[-76.89553199288169,38.87963598971132],[-76.894263200266,38.87943772647855],[-76.89441953490275,38.882164263723006],[-76.89177950001081,38.88546712203934],[-76.89397248770594,38.88716086598841],[-76.89387021170664,38.89086029082882],[-76.89757510991384,38.89515448433508],[-76.89960405278129,38.895809158995],[-76.89916519318798,38.89911822074778],[-76.90051264457922,38.900679702275916],[-76.9024634263848,38.89997106248305],[-76.89990930526952,38.902949799973115],[-76.90193063425855,38.90529200590315],[-76.90157801649943,38.90827677903242],[-76.90293351844952,38.908150666288286],[-76.90613052076584,38.912702853941106],[-76.9100957487547,38.91602377177186],[-76.91434248401741,38.91330891761575],[-76.91460090659763,38.91233598748486],[-76.9125713685921,38.91168155689601],[-76.91257897472734,38.909993986007805],[-76.91511018369108,38.91207769710945],[-76.91790740185415,38.91150084844424],[-76.91925548409259,38.91306212872348],[-76.9239101543848,38.91378809530147],[-76.92390281039815,38.91547566771196],[-76.92535181360263,38.91333742072062],[-76.92874430795445,38.91217767497862],[-76.93111109531102,38.91322212738367],[-76.93177812510417,38.91569027062604],[-76.93262447511864,38.91582219211463],[-76.9329687232929,38.9145249006407],[-76.9341521769114,38.915047092315056],[-76.93534272660109,38.913881699633976],[-76.9353498053746,38.912194126911665],[-76.93882111951848,38.91239735355656],[-76.9384049662526,38.910643842158066],[-76.93544292856636,38.91018223009183],[-76.93460373466698,38.9083627561028],[-76.93187851060627,38.9119908030897],[-76.93213669427018,38.911017836595725],[-76.93044411072259,38.91075398135261],[-76.92800583323998,38.90665869336076],[-76.93071668059619,38.906405875266856],[-76.93038681699193,38.90432801732235],[-76.93207925102165,38.90459187312907],[-76.93266732181412,38.90569675971425],[-76.93715662666743,38.90538330198196],[-76.93562208780277,38.90784600923354],[-76.93731462253201,38.90810979369288],[-76.93747965935647,38.90914871399418],[-76.939258257548,38.909088146068875],[-76.94409863526225,38.90578955658452],[-76.9436032785489,38.902672823228755],[-76.94029747869367,38.903508646522106],[-76.9392071759363,38.90097461703069],[-76.93692669606618,38.899605995762876],[-76.93320499898755,38.898688114552094],[-76.93108244859317,38.900045880110014],[-76.92845790295988,38.89997438680228],[-76.92584066017619,38.89821526880403],[-76.92448538278074,38.898341631821175],[-76.92482969328692,38.89704436587523],[-76.92305137715695,38.89710472673184],[-76.92322354378734,38.896456095944615],[-76.9223774357807,38.896324110621514],[-76.92152393352269,38.89787968796724],[-76.91958083573361,38.89690105901111],[-76.91874219097188,38.895081480779815],[-76.91662698691488,38.8947514302397],[-76.91485627158927,38.89312410602258],[-76.91240424464637,38.89240365383952],[-76.91180896660781,38.89298623984532],[-76.91028914705038,38.89207349526689],[-76.9092708347348,38.89259003301149],[-76.91054754843711,38.891100576224105],[-76.9068343552586,38.88849433819844],[-76.90845559546119,38.88570768864449],[-76.90728052865825,38.883497688774746],[-76.90533800570556,38.88251883832583],[-76.9056825823198,38.88122162812783],[-76.90992745381216,38.87850693707472],[-76.90941071689713,38.88045276915024],[-76.90677916111002,38.88206838147023],[-76.90947381737176,38.88519115803661],[-76.90869861236934,38.88810990505265],[-76.91097820207936,38.88947904355041],[-76.91317934688526,38.88948488210216],[-76.91208258209578,38.88863818461783],[-76.91268542362617,38.88636803177161],[-76.91455715309498,38.88429594520105],[-76.91499522444046,38.8809868350828],[-76.91703892871189,38.87826609424697],[-76.916028380011,38.87709512242397],[-76.91663100313473,38.8748249535688],[-76.91452395380455,38.87280730464173],[-76.91511904531207,38.87222470702832],[-76.91764153003793,38.87599592015998],[-76.91678816477685,38.87755146101011],[-76.91797090196908,38.87807380467904],[-76.91566894487819,38.88176748984439],[-76.91573998377037,38.884818310587264],[-76.91404049876333,38.88624179794601],[-76.91410390535312,38.890980187831815],[-76.9165559011953,38.891700606266795],[-76.91984656630076,38.894240552089535],[-76.92686620733886,38.89601102586475],[-76.92770506570781,38.89783054934168],[-76.93312608669503,38.8973248676275],[-76.93904912471638,38.89824813022325],[-76.94158068258041,38.90033129771833],[-76.94471434260058,38.90014410165532],[-76.94335217001044,38.901958241606515],[-76.94699498561575,38.9015125797571],[-76.94944766109069,38.90223234848278],[-76.95072372220912,38.90074247622015],[-76.95402927689001,38.899906375219814],[-76.95352687927964,38.898477254277886],[-76.95022811638098,38.89762577134888],[-76.94821222663673,38.89359678600596],[-76.94211746270152,38.893322618704545],[-76.937721958898,38.891624361834495],[-76.93713392503757,38.8905195011925],[-76.93324062976656,38.89025027163415],[-76.93392174097576,38.88934326036774],[-76.9365459090113,38.889414637912566],[-76.93630196965546,38.88701247581797],[-76.93319023140411,38.882136759342394],[-76.92913254022285,38.88082847857074],[-76.92981361449955,38.87992149092414],[-76.93268836502175,38.88070755713433],[-76.93589308540679,38.883571394969685],[-76.93848903498007,38.89039300002321],[-76.94330752998053,38.89215715279732],[-76.95109442739614,38.89269485737899],[-76.95235692250829,38.89458010858963],[-76.95159003674151,38.895811556849985],[-76.95243619167752,38.89594334277334],[-76.95277999313605,38.89464599964548],[-76.95370542982126,38.89614101083319],[-76.95539775805972,38.89640454803908],[-76.95404256567834,38.896531234149876],[-76.9552258780201,38.89705322346898],[-76.95488210875818,38.89835057377325],[-76.95767848467169,38.89777282894915],[-76.95886837569017,38.89660721301561],[-76.95862367624581,38.894205092766484],[-76.95675952685507,38.89459027702803],[-76.95379802560217,38.894129104401074],[-76.9539699114562,38.893480431189076],[-76.95837899293699,38.891802972756985],[-76.96032247573666,38.89278099287378],[-76.9616840541709,38.89096666858989],[-76.96126747308448,38.88921323876028],[-76.96246361516921,38.886360020964986],[-76.96153165344391,38.88655264528276],[-76.96298541299522,38.88272639866724],[-76.9508043560297,38.880491651100634],[-76.94691835364306,38.87853528503147],[-76.94683920663358,38.87717205023668],[-76.94852429937646,38.87912324665043],[-76.95055325331238,38.879777086036114],[-76.9530911631005,38.88017244694051],[-76.95368600635786,38.87958966366324],[-76.95892715420348,38.88141909331629],[-76.9587618744017,38.880380205202655],[-76.95960786311592,38.88051194192249],[-76.95943605804226,38.88116062191561],[-76.96358019796486,38.88214356772539],[-76.96808055374046,38.8784538566361],[-76.96749216590037,38.87734914184365],[-76.96723457360542,38.87832217778259],[-76.96477613344744,38.87929033007723],[-76.96554262250788,38.87805880275796],[-76.96410831925765,38.87682237579998],[-76.96808687093515,38.87676628965365],[-76.96885327749719,38.87553474223289],[-76.96437235098223,38.874161780268146],[-76.9642070100157,38.87312290032174],[-76.96166928543602,38.872727767375906],[-76.96141810293987,38.87201322499196],[-76.96522466076293,38.872605912595944],[-76.96775607599133,38.87468853893704],[-76.96970550766738,38.873978843491216],[-76.96810582076388,38.87170359074474],[-76.96912342403334,38.87118657109051],[-76.97097441008236,38.87417633420487],[-76.97317509703115,38.87418110735899],[-76.97606235291444,38.871591034160254],[-76.98181825441135,38.871473386140494],[-76.98267016029111,38.86991739900678],[-76.97827512348117,38.86822058506818],[-76.9788696677897,38.867637681769644],[-76.98326468328912,38.86933447450609],[-76.98453947702208,38.86784426026796],[-76.98919773601236,38.866880205908714],[-76.99292999536452,38.8644212706902],[-76.99631347438466,38.86494724900844],[-76.99707927968585,38.86371552880196],[-77.00216003934393,38.86281672579756],[-77.00225125530825,38.86080479149927],[-77.00046832208808,38.862553828069494],[-76.99445597814926,38.86364543301211],[-76.99429594124616,38.86091902942271],[-76.9929414763574,38.861046140215805],[-76.9932958560863,38.856373561608386],[-76.99245583778465,38.854554491416565],[-76.99144440663935,38.85338413812638],[-76.98670717348554,38.85298507008629],[-76.98645581360192,38.852270580101795],[-76.9915301344047,38.8530597770384],[-76.99255305979781,38.85085500306032],[-76.99229014106318,38.85351565133998],[-76.99447879751189,38.856895173689104],[-76.99379302291155,38.859490078513275],[-76.99514176824364,38.861050523283126],[-76.99903373158189,38.86131780764367],[-77.00217109268934,38.85944159510723],[-77.00335414741474,38.85996312263023],[-77.00515331985548,38.85315135176699],[-77.00727312453951,38.851792326071724],[-77.00931792561394,38.84738251094012],[-77.01024926021378,38.8471895282319],[-77.01341731477119,38.83518766328331],[-77.01943727789997,38.83072002036116],[-77.02112832495531,38.83098265818595],[-77.0236699451097,38.82968901106677],[-77.02240673014745,38.8278045007215],[-77.02384607995785,38.82735268578111],[-77.02377057445985,38.82430194874486],[-77.0216569492971,38.82397369318219],[-77.02098771686138,38.82150606105693],[-77.01811434945519,38.820722048469015],[-77.0175256695742,38.81961757844763],[-77.01880917071774,38.81475190411078],[-77.02178306701073,38.81014884717019],[-77.01417561412978,38.80896683800071],[-77.00807690325709,38.812071029595415],[-77.0082373481285,38.81479740103424],[-77.00491989429435,38.82069761211377],[-77.00617710332689,38.824269857989066],[-77.00532623231422,38.825825998814096],[-77.00692607399532,38.82810075931378],[-77.00624101315888,38.830695724836204],[-77.0053044268799,38.83257623708388],[-77.00344209988336,38.83296212054572],[-76.9996261347423,38.83574572990746],[-76.99987756671507,38.83646019187054],[-76.99818646921318,38.8361972637551],[-76.99784375133066,38.83749472383888],[-76.99522139246453,38.83742464444843],[-76.99445583192079,38.83865634955529],[-76.98819403737589,38.83903317447483],[-76.97963468284978,38.84310453882721],[-76.96930988354802,38.84386121574014],[-76.96218258560172,38.84916773896719],[-76.9632793382964,38.85001398911907],[-76.96302178636084,38.85098701322088],[-76.96192502201697,38.85014076069717],[-76.95928920617959,38.85344504371916],[-76.95582064235724,38.85324239159557],[-76.95530530967311,38.85518840905588],[-76.95445962263408,38.85505664335897],[-76.94970226141668,38.85971884708059],[-76.94461421257542,38.86230306120259],[-76.93487410012817,38.864161691219266],[-76.93232255871804,38.86714108328008],[-76.92919028591568,38.86732796537995],[-76.9249614132732,38.86666818702043],[-76.9236140669215,38.86510697773883],[-76.9203171639974,38.86425470235775],[-76.91930675689446,38.86308375919975],[-76.91583784587752,38.86287998750639],[-76.91381724617256,38.86053802043423],[-76.9125487362847,38.86033994484356],[-76.91247025183874,38.85897669109733],[-76.91424764650485,38.85891648230987],[-76.91694176680194,38.86203908795109],[-76.92311250558147,38.86367773964789],[-76.9209269550444,38.860296954969],[-76.92228890716625,38.858483070599554],[-76.92136459298618,38.856987831703016],[-76.92213895986181,38.85406901621701],[-76.91993888376682,38.85406333680026],[-76.91910072289618,38.85224377027384],[-76.92578680621865,38.85193642049356],[-76.92569349092949,38.85394829582179],[-76.92315664286554,38.85355237512991],[-76.92254702930622,38.857510130443956],[-76.92329929840005,38.85965398882065],[-76.922274154924,38.861858192600195],[-76.92488268984019,38.865304940152896],[-76.9286885999425,38.86589874949327],[-76.93148393829695,38.865321597823254],[-76.93437232449668,38.86273249887156],[-76.93564093529713,38.86293035108765],[-76.937339454861,38.86150657154761],[-76.93936781805493,38.86216059268012],[-76.94860552033762,38.85887247581598],[-76.95455214541238,38.85304474620601],[-76.95845007027702,38.851625743683336],[-76.95387827408776,38.85226430548698],[-76.94626752933694,38.851078119215956],[-76.9426410374356,38.84814863662962],[-76.9363062935831,38.84547204654802],[-76.94332163833629,38.84724157819273],[-76.944583145266,38.8491268984595],[-76.94855343357403,38.85075899986487],[-76.95853594277911,38.851301405509105],[-76.95896529382776,38.84967971392125],[-76.9615945235085,38.84806299991408],[-76.96193793618751,38.84676563872681],[-76.96329218974432,38.846638867055255],[-76.96601340755254,38.843010158310356],[-76.96939569859133,38.84353687031927],[-76.96923035549771,38.842498000702136],[-76.97075613157145,38.84172245682187],[-76.97456118375725,38.84231485557668],[-76.97752680713434,38.8410879688176],[-76.97828660142761,38.841543928412904],[-76.98150940169532,38.83934389172779],[-76.98269198248433,38.839865615354476],[-76.98362924559433,38.83798527268571],[-76.99437583940072,38.83729315147757],[-76.99683247035323,38.83632441673068],[-76.99980305461847,38.83340943739588],[-77.0005629081779,38.8338652599683],[-77.00379018368665,38.82997708581477],[-77.00389228199332,38.824590039601006],[-77.00296672457632,38.823095415513905],[-77.0039834023537,38.82257811241575],[-77.00433141443924,38.819593079384596],[-77.00297773456843,38.819720299312955],[-77.00254953865344,38.82134213806915],[-77.0000078348166,38.82263535062387],[-76.99830021788482,38.827435100166554],[-76.99465571895958,38.8295698246922],[-76.97994030263973,38.82863100508472],[-76.98112870956467,38.82746518480794],[-76.99499845631985,38.82827237451966],[-76.99746040809893,38.82561606962019],[-76.9916282244719,38.824371245657495],[-76.98850962113023,38.821184510554225],[-76.98639624518577,38.82085565333164],[-76.98724746211427,38.819299643387254],[-76.98607107810186,38.81709040765324],[-76.97280392886235,38.81401179281846],[-76.97424331356481,38.81356055504316],[-76.98573413811862,38.81670027497859],[-76.98607697371003,38.81540285121553],[-76.9838840057165,38.81371075116758],[-76.984478060854,38.81312782440591],[-76.98692225802277,38.81553440053802],[-76.98699621303712,38.81858515707175],[-76.98926927672039,38.821640401825015],[-76.99475849147255,38.82418278626177],[-76.99619794103975,38.82373129282863],[-76.99662629223742,38.822109475640545],[-76.99798002753427,38.82198232510967],[-76.99781432612845,38.82094349606068],[-76.99967637598773,38.8205576977025],[-76.99959630573694,38.819194505582345],[-77.00128701405797,38.81945741398558],[-77.0037429524093,38.8184885439833],[-77.00561035192472,38.81641509907533],[-77.00256608182184,38.81627946516293],[-77.00213789695455,38.817901301928956],[-77.00036714018661,38.81627521396635],[-76.99580359791162,38.81522776329334],[-76.99318777254611,38.81347008443823],[-76.99041229547677,38.80898595719083],[-76.99487832506527,38.813733080184235],[-76.99825946667697,38.814259002455245],[-76.99833950652236,38.81562219475922],[-77.00265171651009,38.81595509766394],[-77.0038505221698,38.811413947567296],[-77.00698561283639,38.8095376230968],[-77.00901315475245,38.81019050033252],[-77.0114686784393,38.80922147801069],[-77.01410053211872,38.80591610074351],[-77.04368521338058,38.81051019489388],[-77.04215626850196,38.81297419242605],[-77.04055102524062,38.81238744862965],[-77.03809108964289,38.81504460627062],[-77.04027607208415,38.820110864496726],[-77.03993417865361,38.82140843872417],[-77.04331142907371,38.823620691051524],[-77.04406689829005,38.82576380657531],[-77.04466057041182,38.82518059048991],[-77.04533516272554,38.82596053479194],[-77.04439964551716,38.8278413415738],[-77.0452361242597,38.83134761543012],[-77.04684182262164,38.83193429962775],[-77.04682835022139,38.836996986143994],[-77.04555536922064,38.83848783568725],[-77.0467383941475,38.83900894770475],[-77.04681936758178,38.840372112012304],[-77.05079586499946,38.840313370945715],[-77.05258140484749,38.836876051837066],[-77.05613487833055,38.836751589428744],[-77.05470416081397,38.8338286547625],[-77.05724103446467,38.83422188067655],[-77.05834711384696,38.831692162727336],[-77.05953011992523,38.832213152193404],[-77.05884689270327,38.83480840941431],[-77.06129427057446,38.83721352223898],[-77.06374590960907,38.837931023788464],[-77.06518520301753,38.83747872797536],[-77.06475828667489,38.83910078450229],[-77.06264404815218,38.83877322798042],[-77.06357102779681,38.8402674082388],[-77.07067037670176,38.84339287943823],[-77.08310848391322,38.84295499839316],[-77.08353501455834,38.841332877975624],[-77.08853491741415,38.837379831612104],[-77.08912481621668,38.838483965825404],[-77.08666933990115,38.83945453078453],[-77.08353137273147,38.843020442753264],[-77.08869490435544,38.84179366968814],[-77.09207457824651,38.84400459672759],[-77.09731663475853,38.84582816477363],[-77.09918207235754,38.8437533038194],[-77.10087370839464,38.8440148531309],[-77.10392248781959,38.84246050500464],[-77.1049450111368,38.83856724232268],[-77.10680073684198,38.841554962646896],[-77.10764654150273,38.84168568813857],[-77.10798732483246,38.840387924529665],[-77.109764101079,38.84032491131015],[-77.11018397368295,38.84207782997393],[-77.10671553550277,38.84187940284482],[-77.09773955299286,38.84589356064975],[-77.09959844015023,38.84719382499404],[-77.10044429731603,38.84732459974286],[-77.10070000187677,38.84635129136923],[-77.1038277563243,38.8478476410028],[-77.1061887240862,38.85226387546773],[-77.10906122939596,38.854733414462196],[-77.1138021836538,38.85344023602111],[-77.11591707713825,38.853766919837035],[-77.11159912337746,38.855125527881626],[-77.11083835438131,38.8546703857365],[-77.10922859292873,38.85577209772691],[-77.10618560616184,38.85395144290388],[-77.10492298519576,38.85038020285655],[-77.10331641339774,38.84979427056058],[-77.1044968775551,38.85200239849652],[-77.10271981213366,38.852065336243555],[-77.10127076857417,38.85758077192376],[-77.1002542935546,38.858098875391555],[-77.1014380276305,38.858619466044196],[-77.10118228988655,38.859592777281854],[-77.10245129686497,38.85978892129089],[-77.10320887972607,38.861931684088724],[-77.10074631240605,38.866277669777084],[-77.10226797616805,38.867188074564375],[-77.10015275443384,38.866861157254064],[-77.1001462376557,38.87023629779633],[-77.1015006854922,38.8701080150568],[-77.10065131516613,38.87166481791499],[-77.0982834513851,38.870623608720784],[-77.09938538245278,38.86978108453651],[-77.09888034281036,38.86835255957508],[-77.09482045083304,38.86704970739101],[-77.09693565411894,38.86737671572892],[-77.10049378891125,38.86556341058953],[-77.10185136814056,38.86374755458492],[-77.10134955229903,38.860631471760385],[-77.09890006667723,38.85822714433105],[-77.10247052242404,38.849663515386254],[-77.10069675714799,38.84803885755289],[-77.09528394180583,38.84686429715855],[-77.09553971364629,38.8458909994871],[-77.09173349475111,38.84530231705284],[-77.08996007486475,38.84367750628452],[-77.088520812827,38.84413009026154],[-77.08750798468868,38.842960523154574],[-77.08640632175188,38.843802939154145],[-77.08471474255582,38.84354119229016],[-77.0844588344439,38.8445144673543],[-77.08276724573115,38.844252693876506],[-77.08310118018196,38.84633012883312],[-77.08529743113132,38.848020476629614],[-77.08470389816691,38.84860388888779],[-77.08293055464534,38.846978976899585],[-77.0811535931064,38.84704160526967],[-77.08217004968044,38.84652365915463],[-77.08234068092003,38.84587481216818],[-77.08107197027797,38.84567846250239],[-77.08251497467117,38.843538399838934],[-77.07845299760373,38.84392257997468],[-77.07684298416504,38.84502386980743],[-77.076590768481,38.84430956364652],[-77.07481386656478,38.84437210106159],[-77.07396422623326,38.845928716384364],[-77.0755666504069,38.84820259453672],[-77.07530677118638,38.8508634171851],[-77.07699848650628,38.851125292727076],[-77.0748800016795,38.8524855109708],[-77.07453472167198,38.85547075198787],[-77.07224531934713,38.85747976287423],[-77.07241216454906,38.8585184961169],[-77.07638582302457,38.86014650113245],[-77.08053405427438,38.85943796530102],[-77.08070102208083,38.86047668761034],[-77.07410018608536,38.860467979188705],[-77.07072029412076,38.85825655772953],[-77.06876828303899,38.86065540811187],[-77.06774351745977,38.86454838149275],[-77.06655992783631,38.86402746860898],[-77.06715775366492,38.86175657413463],[-77.06936601240986,38.8583845038633],[-77.07148477157438,38.85702437900081],[-77.07301753483883,38.852872441296],[-77.07454242294742,38.852095618639],[-77.07421256397652,38.84833059349863],[-77.07209801530318,38.84800319801352],[-77.07150829736301,38.84689898158489],[-77.06583987288396,38.8466963829007],[-77.06152970825717,38.84467811468938],[-77.05586148423299,38.84447505947663],[-77.0523032689799,38.84628707851215],[-77.05677987475275,38.849344421296024],[-77.0576214379464,38.85116305388842],[-77.05440904649191,38.849989941754686],[-77.05288398792001,38.85076651640536],[-77.0526319871403,38.85005216103371],[-77.05228580756472,38.85303733915007],[-77.0505941367117,38.852775126109655],[-77.05203817624472,38.85063541688884],[-77.05085492475587,38.8501143548229],[-77.0506117547002,38.84602486590808],[-77.0509535735267,38.84472725882312],[-77.05222218643752,38.84492391691235],[-77.05146627895215,38.84278084677341],[-77.05223091952294,38.84154878899054],[-77.04918551356523,38.841414300845535],[-77.05052629809228,38.84634926756087],[-77.04992808054142,38.848620077805215],[-77.04815105076078,38.8486822327997],[-77.04815551187014,38.84699466813023],[-77.0412947846915,38.84964497673275],[-77.04306726482918,38.85127048504767],[-77.04457880645526,38.855556727748315],[-77.04534822389634,38.85263714510655],[-77.04636050995357,38.85380705805622],[-77.04465975788509,38.85691989596465],[-77.04609503535109,38.85815538737143],[-77.04583856027381,38.85912858416349],[-77.0478722978341,38.85809326180086],[-77.04685094435514,38.860298493967434],[-77.04820530111455,38.86017079390417],[-77.04769238628064,38.862117196250786],[-77.05081972858078,38.863614886637606],[-77.05032009539843,38.86049859764217],[-77.05150351164019,38.86101966542744],[-77.05192210220666,38.86277278529755],[-77.05311860809627,38.858231136005244],[-77.0551479174624,38.858883261107614],[-77.05422087374221,38.857389014733684],[-77.05709607470892,38.85817219259],[-77.05717726313917,38.8595353530215],[-77.05869824179702,38.8604462920252],[-77.06005258053465,38.86031846246321],[-77.06063806061503,38.86311030293989],[-77.06098394596127,38.86012509808694],[-77.06411966042869,38.85824731761236],[-77.0657261033233,38.85883375871775],[-77.06504691798727,38.85974149006016],[-77.06377801259072,38.85954496297918],[-77.06478661358852,38.862402294094416],[-77.06376981206037,38.86292009849624],[-77.06342402755568,38.86590531208793],[-77.05893770126562,38.86622334012162],[-77.05724995201672,38.864273649215725],[-77.05792504088066,38.865053528283596],[-77.05673724985691,38.86622008991674],[-77.05648515787817,38.86550574112603],[-77.05419926514826,38.865826852271816],[-77.05149474253699,38.86439480067684],[-77.05141365497214,38.8630316357632],[-77.05022137845764,38.86588570273962],[-77.04767896738501,38.86717989985362],[-77.04682848163208,38.86873633302919],[-77.04547396328412,38.86886401816894],[-77.04657197911271,38.869709532531026],[-77.04513193368643,38.87016161369244],[-77.04487540349524,38.87113480984557],[-77.04580694741024,38.870941559311085],[-77.04487086495183,38.87282237905899],[-77.04571692123713,38.87295352784145],[-77.04826402857569,38.869971800998705],[-77.04818299523359,38.868608633085756],[-77.05097748897593,38.868028786071875],[-77.0512383176048,38.86536800934313],[-77.0520799275414,38.86718668289619],[-77.0537719382498,38.867448876079564],[-77.05351553298058,38.86842208980429],[-77.0502980342618,38.868936437523054],[-77.04995609021648,38.870234046370754],[-77.05071664130145,38.87068956307998],[-77.05148158735929,38.86945750602854],[-77.05351119467512,38.870109658787726],[-77.05334025002767,38.8707584678271],[-77.05257968182538,38.87030296721625],[-77.05266079929116,38.87166613252446],[-77.05147720189387,38.87114507514583],[-77.05265644099966,38.873353702123396],[-77.05333590752416,38.87244603726874],[-77.05468616733978,38.87400583593991],[-77.05748081629068,38.87342584190362],[-77.06214674283652,38.86908390606587],[-77.06409101113836,38.870060295998684],[-77.06399739513715,38.873759847632165],[-77.0627282484838,38.87356330948064],[-77.06247194131082,38.87453654243492],[-77.06458721663314,38.87486410321502],[-77.06474991398912,38.87759041973414],[-77.06034832436133,38.87758408665166],[-77.06001489532905,38.87550658296933],[-77.05824144771813,38.87388131260155],[-77.05713472430878,38.876411041624415],[-77.05840390547068,38.876607637125446],[-77.05966470087616,38.880179361725546],[-77.06186142832472,38.881870131583156],[-77.06092978728772,38.88206350305029],[-77.06109652747158,38.88310225452929],[-77.06278894018999,38.88336432509051],[-77.06193858829982,38.88492086496194],[-77.06362694127073,38.88687049680621],[-77.06388737542808,38.88420968748222],[-77.06566120035792,38.88583487907719],[-77.06930245868716,38.88538562467463],[-77.06938390580602,38.8867487814889],[-77.06811451837883,38.8865522981913],[-77.06794366519401,38.887201128651505],[-77.06557576406387,38.88615929261077],[-77.06582396239821,38.888561197814596],[-77.06446910880835,38.8886890908871],[-77.06556358341135,38.89122201263363],[-77.06793565452303,38.89057627556962],[-77.07377443959027,38.89181751484938],[-77.0749623751125,38.89065078633095],[-77.0777575010311,38.89007033388969],[-77.07920148195116,38.88793029875065],[-77.08352198365434,38.88657281459755],[-77.08326590847156,38.88754609206546],[-77.07996240055904,38.88838563692068],[-77.0774159468702,38.89136802176814],[-77.07614645730618,38.89117162061574],[-77.07250105217992,38.89330865074594],[-77.06988057394211,38.89155257720632],[-77.0681879455141,38.891290603213996],[-77.06699989107742,38.89245726689973],[-77.06547814036543,38.89154642631578],[-77.06833882518202,38.89907964573102],[-77.06935212577713,38.900249377295495],[-77.07316103462904,38.90083875117721],[-77.0743491270818,38.899672027213306],[-77.07451609891484,38.90071076290329],[-77.07688460088714,38.90175243003758],[-77.08204872825345,38.90221350197196],[-77.08315132491371,38.901371118894026],[-77.08340380248966,38.902085416531364],[-77.08924377350229,38.90332592896979],[-77.09025746882786,38.904495490268836],[-77.09440469752884,38.90547406377312],[-77.09457196864938,38.9065127731997],[-77.09736422230436,38.907619455560955],[-77.10243718257753,38.91177927259484],[-77.10826289287358,38.92145679364792],[-77.11283173903334,38.924187694176005],[-77.11299931596398,38.92522638128566],[-77.11393137077965,38.92503261738058],[-77.11612782010876,38.92841001808836],[-77.11782148357388,38.92867133869128],[-77.11654835379814,38.93016293408016],[-77.11942146881447,38.93431984151561],[-77.12889763433087,38.94185799853308],[-77.12855414545012,38.944843423401686],[-77.13143106219513,38.94731247276016],[-77.13015788528104,38.94880421171297],[-77.13227310517101,38.950818209153205],[-77.13167657937667,38.953089443433456],[-77.13625071450465,38.95413190306444],[-77.14488170932519,38.963225920013436],[-77.14877754586209,38.96517609678242],[-77.15606496060055,38.96596018107523],[-77.15665887839272,38.96537641823493],[-77.16530076605585,38.96771865158306],[-77.17004807981957,38.966423302107486],[-77.17259019639415,38.96681417184437],[-77.1724200862746,38.967463152983555],[-77.18309763327449,38.96876673332063],[-77.18377636315039,38.96785834256451],[-77.18920080072482,38.96734145989788],[-77.19428533088758,38.968122362635576],[-77.19776102202044,38.96663074675268],[-77.20318439495736,38.96780084686899],[-77.20657339578966,38.97000868446529],[-77.20911583355985,38.97039880608633],[-77.21115035467483,38.969360790021405],[-77.21284531142469,38.96962081434541],[-77.21360855158149,38.96838774205394],[-77.21445540906468,38.97020533498979],[-77.21852319389389,38.97150428428438],[-77.22250671097166,38.971440030134644],[-77.22640506595567,38.97338777135205],[-77.22962488938653,38.97961923065928],[-77.23098114361002,38.97948953093666],[-77.23123556639453,38.97851593716998],[-77.23242219515045,38.979035284261336],[-77.23505014711952,38.975725149274524],[-77.23810138290912,38.979230263576035],[-77.2401357203914,38.97987936815817],[-77.23988141191786,38.980852980368454],[-77.24522177335285,38.982345782974285],[-77.24835921029569,38.992276506406334],[-77.24997030561687,38.99454816924568],[-77.25327695452978,38.995391683430874],[-77.25293831721781,38.99837747400211],[-77.2542951909894,38.99993512157445],[-77.25921285600009,38.99967486110099],[-77.25717817314201,39.00071366988499],[-77.25556705718805,39.000129700887726],[-77.2557371917308,39.002855808749615],[-77.25455000801391,39.00233668267218],[-77.25276967833544,39.004089377521524],[-77.24878440031081,39.00415460344272],[-77.24895447767766,39.008568327125325],[-77.25107424944686,39.00720510552154],[-77.25234623414059,39.00739971805976],[-77.25234650043053,39.009087322974594],[-77.2531945136814,39.009217057463545],[-77.25099020214542,39.01259246806489],[-77.24742863114966,39.01441012957267],[-77.24581751976527,39.01720124659377],[-77.24590253950548,39.02025191883338],[-77.24496971208,39.02213428570131],[-77.24675108094564,39.02544452448837],[-77.25370683779533,39.02920866915595],[-77.2587963850806,39.0299869360507],[-77.26176242863514,39.02031517102953],[-77.26261058959109,39.02044484144248],[-77.2606614773004,39.0262219832901],[-77.26286728448754,39.02790922231528],[-77.26838033481516,39.0270643181836],[-77.27092440080955,39.02576556694668],[-77.27626869725587,39.027257044340544],[-77.2763525357647,39.02524486999349],[-77.27669283076466,39.02732183080328],[-77.27881350964356,39.027645741399496],[-77.28389722477723,39.018297325572696],[-77.28678125150488,39.019075188683544],[-77.28966420768262,39.01816537724466],[-77.2899179801836,39.017191657408745],[-77.29119024335078,39.017385872280066],[-77.29279841265952,39.01290656059923],[-77.2947483657701,39.012191742422395],[-77.29330948027652,39.01602192774204],[-77.293988506709,39.01680053484207],[-77.29788988301564,39.01705843646572],[-77.29772077356365,39.01770759390856],[-77.29585526642298,39.018097881998436],[-77.29263166939822,39.0169309238548],[-77.2882238374065,39.02030789911733],[-77.28449155558083,39.019400554211444],[-77.2825422753901,39.021802820410045],[-77.28220471661955,39.02478870343287],[-77.28008501597193,39.02615246040468],[-77.28051006634767,39.02790484381512],[-77.27779592420066,39.02816531292234],[-77.2707550304153,39.02641468857356],[-77.27007684077489,39.02732356310246],[-77.26541204804693,39.02829819403118],[-77.26363081634311,39.02836344138499],[-77.26074666898403,39.027585039405245],[-77.2600687889224,39.03018147019974],[-77.2591357768921,39.030376335297625],[-77.26235943223833,39.031544165566004],[-77.26923056079731,39.03225677599569],[-77.27652681821948,39.03472140540915],[-77.28204309297803,39.03893873184714],[-77.28433341511338,39.03861341039574],[-77.28357063741352,39.03984693120836],[-77.2867104732543,39.04133870154463],[-77.29061544970186,39.044972061994905],[-77.29248167451071,39.04458185085457],[-77.2928201089608,39.043283544210446],[-77.30181532730288,39.04600560446928],[-77.30274986179734,39.04749803364517],[-77.29986590623344,39.048408153392415],[-77.3005453053659,39.0491867288938],[-77.30266672823728,39.04951023336583],[-77.30376753945909,39.04697825595698],[-77.31564920589378,39.050476721885545],[-77.31548017728804,39.051125907177905],[-77.31251004474434,39.050673297000436],[-77.31098353897171,39.05145306835686],[-77.30775822015016,39.05028649635993],[-77.30377045965157,39.05035348793537],[-77.30521395426554,39.05158600751733]],[[-77.23427542105789,39.10690469169792],[-77.23503960439415,39.10735909299304],[-77.23512454389606,39.107034551857446],[-77.23427542105789,39.10690469169792]],[[-77.25548979566992,39.0375816236811],[-77.25515038975303,39.03719221399573],[-77.25506562121853,39.03751676469327],[-77.25548979566992,39.0375816236811]],[[-77.24191627243472,39.01356649521168],[-77.24250988968618,39.01298231736975],[-77.24208587026513,39.01291741432066],[-77.24191627243472,39.01356649521168]],[[-77.24988640038319,39.00162312305527],[-77.25022561217615,39.002012544842515],[-77.2503103609327,39.00168799934734],[-77.24988640038319,39.00162312305527]],[[-77.14512834783035,38.96900287737254],[-77.14623122596731,38.96815992569272],[-77.14453877523988,38.96621139829242],[-77.14165836664189,38.965430238827906],[-77.14512834783035,38.96900287737254]],[[-77.01491494689137,38.8978903650379],[-77.01457747875656,38.89750030728108],[-77.01449180131398,38.89782468602747],[-77.01491494689137,38.8978903650379]],[[-77.02233003430591,38.909846559953586],[-77.02266760115593,38.91023659722264],[-77.0227532567881,38.909912212310466],[-77.02233003430591,38.909846559953586]],[[-77.02459740631163,38.916276343153626],[-77.02519197210164,38.9156932141863],[-77.02476871382909,38.915627570103894],[-77.02459740631163,38.916276343153626]],[[-76.94191374656408,38.922335671181585],[-76.94207888123681,38.92337458731086],[-76.94250210983975,38.92344051369025],[-76.94276019216205,38.922467523605455],[-76.94191374656408,38.922335671181585]],[[-76.94843885268833,38.94260235595093],[-76.94784345260273,38.94318511883985],[-76.94826680158467,38.94325102572517],[-76.94843885268833,38.94260235595093]],[[-76.94784345260273,38.94318511883985],[-76.94724804298558,38.94376787891858],[-76.94767139481714,38.94383378784135],[-76.94784345260273,38.94318511883985]],[[-76.94724804298558,38.94376787891858],[-76.94665262383673,38.94435063618713],[-76.94707597851792,38.944416547147405],[-76.94724804298558,38.94376787891858]],[[-76.97843749942608,38.96415386053543],[-76.97809991957155,38.963763699972226],[-76.97801400156717,38.96408805642337],[-76.97843749942608,38.96415386053543]],[[-76.97070991438224,38.968356277986324],[-76.96910182051752,38.967768596795544],[-76.96901585768528,38.96809294720669],[-76.97070991438224,38.968356277986324]],[[-76.96191709328399,38.98488832251367],[-76.96285031345603,38.984695692673775],[-76.96200310760008,38.98456397619805],[-76.96191709328399,38.98488832251367]],[[-76.94537571506895,38.94584047527194],[-76.94597115662307,38.94525772400986],[-76.94554779805074,38.945191809271165],[-76.94537571506895,38.94584047527194]],[[-76.93714574402019,38.94861162536795],[-76.93663628954761,38.94887000753275],[-76.93705966143939,38.94893595271916],[-76.93714574402019,38.94861162536795]],[[-76.92109710053363,38.975832566994384],[-76.91991275211453,38.975310246234905],[-76.9198265611531,38.97563456289217],[-76.92109710053363,38.975832566994384]],[[-76.93465705175987,38.97625621376767],[-76.93414739492384,38.976514586759926],[-76.93457092538738,38.97658054070768],[-76.93465705175987,38.97625621376767]],[[-76.92311376705237,38.97986203904239],[-76.92277641100519,38.97947172711106],[-76.92269022787735,38.979796045961535],[-76.92311376705237,38.97986203904239]],[[-76.922510476314,38.98213227185049],[-76.92217311297787,38.98174195814411],[-76.92208692447245,38.98206627668791],[-76.922510476314,38.98213227185049]],[[-76.93735100607411,39.00099278431511],[-76.93641750936011,39.00118522290885],[-76.93726486242653,39.00131711436852],[-76.93735100607411,39.00099278431511]],[[-76.94727231811704,39.02178727662843],[-76.9478683662605,39.02120450947279],[-76.94702076226663,39.02107268996352],[-76.94727231811704,39.02178727662843]],[[-76.93475215835674,39.01409786185111],[-76.93526207638664,39.01383948484959],[-76.9348383283449,39.01377353287418],[-76.93475215835674,39.01409786185111]],[[-76.9223233254566,38.98615608766332],[-76.92164856709975,38.98537545785724],[-76.92147617603696,38.986024094534315],[-76.9223233254566,38.98615608766332]],[[-76.92315574068844,38.98966325519923],[-76.92281096204321,38.99096053342663],[-76.92204256035723,38.9921918155413],[-76.92383055497957,38.99044387732933],[-76.92315574068844,38.98966325519923]],[[-76.91425570860133,39.00820389138772],[-76.91485190991511,39.007621284037455],[-76.9151106607292,39.00664833945174],[-76.91409077873756,39.007164925242876],[-76.91425570860133,39.00820389138772]],[[-76.9151106607292,39.00664833945174],[-76.91570684244658,39.006065728141714],[-76.91528315742664,39.00599970951284],[-76.9151106607292,39.00664833945174]],[[-76.9044011773495,39.01207207451987],[-76.90406377233245,39.011681709752985],[-76.90397746760826,39.012006017245014],[-76.9044011773495,39.01207207451987]],[[-76.90371881099915,39.031218211111444],[-76.90338132081092,39.03082784325426],[-76.90329499032022,39.031152151298585],[-76.90371881099915,39.031218211111444]],[[-76.90590951044139,39.05283871956914],[-76.90497526480671,39.05303092338953],[-76.90582316509061,39.05316303059754],[-76.90590951044139,39.05283871956914]],[[-76.88617817444552,39.06226064694295],[-76.8856677423297,39.06251882446516],[-76.88609172986993,39.06258494479058],[-76.88617817444552,39.06226064694295]],[[-76.88575418871824,39.06219452691636],[-76.88541665119246,39.06180410815233],[-76.88533020376232,39.06212840544368],[-76.88575418871824,39.06219452691636]],[[-76.86846647834291,39.02436701454712],[-76.8689767037462,39.02410890939267],[-76.8685529560833,39.02404273110294],[-76.86846647834291,39.02436701454712]],[[-76.84999123739378,39.03735687890446],[-76.84838259453569,39.03676762726476],[-76.8483734851875,39.03845522601766],[-76.84999123739378,39.03735687890446]],[[-76.86169686811719,39.0050687143368],[-76.86135972477466,39.00467823400259],[-76.86127323798868,39.00500251141198],[-76.86169686811719,39.0050687143368]],[[-76.90906172392869,38.919915454142576],[-76.90957107366698,38.91965718626001],[-76.90914789688493,38.919591147530845],[-76.90906172392869,38.919915454142576]],[[-76.90957107366698,38.91965718626001],[-76.91008041979279,38.91939891629419],[-76.90965724404955,38.91933287930546],[-76.90957107366698,38.91965718626001]],[[-76.88575517132294,38.92303136932344],[-76.88541827877756,38.92264095904933],[-76.88533199654402,38.92296524929327],[-76.88575517132294,38.92303136932344]],[[-76.93562208780277,38.90784600923354],[-76.93511291304098,38.908104383709336],[-76.93553604661393,38.90817033372931],[-76.93562208780277,38.90784600923354]],[[-76.94189006893274,38.907471838755924],[-76.94222719393353,38.90786209476698],[-76.94231320496608,38.90753776564158],[-76.94189006893274,38.907471838755924]],[[-76.93176367825633,38.89913887958819],[-76.93142664967776,38.898748595564726],[-76.93134060055587,38.89907291677063],[-76.93176367825633,38.89913887958819]],[[-76.91140120562629,38.889545075778315],[-76.91241185264003,38.89071608710756],[-76.91300710731012,38.89013349837121],[-76.91140120562629,38.889545075778315]],[[-77.00165141514597,38.86307537203694],[-77.00190296125083,38.86378983206149],[-77.00207434740896,38.863141094599335],[-77.00165141514597,38.86307537203694]],[[-77.00072867810927,38.83490408674091],[-77.00039157738541,38.83451399323203],[-77.00030591084588,38.83483835979183],[-77.00072867810927,38.83490408674091]],[[-76.96192502201697,38.85014076069717],[-76.96158805850803,38.84975056096623],[-76.96150220141219,38.850074901199726],[-76.96192502201697,38.85014076069717]],[[-76.92454585456277,38.86491463902724],[-76.924036940462,38.86517296665277],[-76.92445981476824,38.86523895412415],[-76.92454585456277,38.86491463902724]],[[-77.05502374132516,38.87439578335408],[-77.0558698341437,38.87452686284582],[-77.05620741687635,38.87491680705989],[-77.05637834575148,38.87426799374627],[-77.05502374132516,38.87439578335408]],[[-77.05620741687635,38.87491680705989],[-77.05654500322179,38.87530675037257],[-77.0566304669943,38.87498234349103],[-77.05620741687635,38.87491680705989]],[[-77.05798931449317,38.87316696622778],[-77.05832690226723,38.87355690460526],[-77.05841235605551,38.87323249656252],[-77.05798931449317,38.87316696622778]],[[-77.06092978728772,38.88206350305029],[-77.06059214617461,38.88167357136518],[-77.06050669219172,38.88199798123954],[-77.06092978728772,38.88206350305029]],[[-77.06059214617461,38.88167357136518],[-77.0602545086751,38.88128363877871],[-77.06016905364632,38.881608048404956],[-77.06059214617461,38.88167357136518]],[[-77.24835921029569,38.992276506406334],[-77.24742665298594,38.992471282337306],[-77.24827446379838,38.99260105008784],[-77.24835921029569,38.992276506406334]],[[-77.25455000801391,39.00233668267218],[-77.25429550246334,39.00162272446914],[-77.2541260399035,39.002271820852165],[-77.25455000801391,39.00233668267218]],[[-77.24530889017049,39.020836113591066],[-77.24496961691105,39.02044667718135],[-77.24488482246367,39.020771220017096],[-77.24530889017049,39.020836113591066]],[[-77.30377045965157,39.05035348793537],[-77.30343073554526,39.049964209376505],[-77.30334616766343,39.05028879369803],[-77.30377045965157,39.05035348793537]],[[-76.8583921186476,39.020766423645604],[-76.85771772553487,39.01998544214478],[-76.85754468230978,39.02063399345935],[-76.8583921186476,39.020766423645604]],[[-76.94651083530093,39.02133111556034],[-76.9457493620369,39.0208749498571],[-76.94566323229218,39.02119928678211],[-76.94651083530093,39.02133111556034]],[[-76.90524081224167,39.01389178044974],[-76.90490339427743,39.01350141784901],[-76.90481709113766,39.013825726020634],[-76.90524081224167,39.01389178044974]],[[-76.90447967575385,39.01343536227266],[-76.90414226399167,39.01304499763259],[-76.90405595799987,39.013369305251054],[-76.90447967575385,39.01343536227266]],[[-76.90254156993166,39.01076885466456],[-76.90287896254526,39.011159223510155],[-76.90296527116239,39.010834916826255],[-76.90254156993166,39.01076885466456]],[[-76.90254156993166,39.01076885466456],[-76.9022041809394,39.010378484926804],[-76.90211786947056,39.010702791057646],[-76.90254156993166,39.01076885466456]],[[-76.90203941827919,39.00933950241625],[-76.90389898015879,39.0106427294912],[-76.90407158630244,39.00999411471659],[-76.90203941827919,39.00933950241625]],[[-76.90373419269267,39.009603749185494],[-76.90424418936793,39.00934549977009],[-76.90382049565126,39.00927944198867],[-76.90373419269267,39.009603749185494]],[[-76.91621677180946,39.00580742969594],[-76.91587933244666,39.005417097435185],[-76.91579308783112,39.00574141281],[-76.91621677180946,39.00580742969594]],[[-76.91929865172746,38.999194814751036],[-76.91769029175028,38.99860646460381],[-76.91403485358609,39.00073886415343],[-76.91343110639244,39.00300906020536],[-76.91486703608543,39.004246095296466],[-76.9166479781443,39.0041858509026],[-76.91929865172746,38.999194814751036]],[[-77.3244869199006,39.06228442251055],[-77.32329827488338,39.0617659488037],[-77.32321378198935,39.06209054731851],[-77.3244869199006,39.06228442251055]],[[-76.92082082219521,39.00010746269041],[-76.92056960113366,38.99939282497735],[-76.92039716723492,39.0000414615766],[-76.92082082219521,39.00010746269041]],[[-77.32295839286819,39.061376722873256],[-77.32219414366739,39.06092286605804],[-77.32210964682281,39.06124746377323],[-77.32295839286819,39.061376722873256]],[[-76.91650559704979,38.99808410949265],[-76.91599572284622,38.99834240880717],[-76.916419363919,38.998408424923916],[-76.91650559704979,38.99808410949265]],[[-76.91659182941174,38.99775979401804],[-76.92006717381683,38.99796354826861],[-76.92032582053768,38.99699059431215],[-76.91921989100148,38.99783153949683],[-76.91659182941174,38.99775979401804]],[[-76.92032582053768,38.99699059431215],[-76.92083566989356,38.996732277267945],[-76.92041203457399,38.99666627624005],[-76.92032582053768,38.99699059431215]],[[-77.32100553726845,39.060404370542486],[-77.32066567389622,39.06001513843448],[-77.32058117128148,39.06033973505783],[-77.32100553726845,39.060404370542486]],[[-77.32669131728645,39.060595298537166],[-77.32592705299469,39.060141464747154],[-77.32584257372767,39.06046606495574],[-77.32669131728645,39.060595298537166]],[[-77.29444118468031,39.05568034878597],[-77.29410148563943,39.05529104435246],[-77.29401686990616,39.05561562262446],[-77.29444118468031,39.05568034878597]],[[-77.32745358089973,39.05936150858074],[-77.32957542037234,39.05968455409209],[-77.32770699100512,39.058387704743495],[-77.32745358089973,39.05936150858074]],[[-77.32609600926529,39.05949226421375],[-77.32575612290081,39.059103046094165],[-77.32567164407735,39.059427646126714],[-77.32609600926529,39.05949226421375]],[[-77.32083282039487,39.05767832639063],[-77.32405867697332,39.05884456042784],[-77.32439661383971,39.05754616458625],[-77.32100181643486,39.05702913306898],[-77.32346342323693,39.05774151383308],[-77.32329444752463,39.05839071058476],[-77.32083282039487,39.05767832639063]],[[-77.32100181643486,39.05702913306898],[-77.32023762515679,39.056575264568465],[-77.32015312462937,39.05689986070294],[-77.32100181643486,39.05702913306898]],[[-77.32023762515679,39.056575264568465],[-77.31998228463588,39.05586143470381],[-77.31981328220564,39.056510626504746],[-77.32023762515679,39.056575264568465]],[[-77.30139808746952,39.054378985888945],[-77.30258645548024,39.05489766842168],[-77.30267103211564,39.05457308435536],[-77.30139808746952,39.054378985888945]],[[-77.30148266880742,39.05405440266125],[-77.30139668233076,39.05269136843669],[-77.29044851206052,39.0489964440441],[-77.28280880728468,39.04276806182415],[-77.27703902099428,39.0412120779544],[-77.27415344790649,39.03874637206003],[-77.26787464424888,39.035762118926705],[-77.25404681038057,39.032973304901375],[-77.24972038944802,39.030961536405],[-77.25065366130235,39.03245435344334],[-77.2556589850695,39.035244908972],[-77.26032480569123,39.035958255638995],[-77.2657549325708,39.03881324698777],[-77.27771810843407,39.04199077730958],[-77.28128308709454,39.0452350820595],[-77.28909106752673,39.049126795080134],[-77.29044966298423,39.05068406051829],[-77.29919193697617,39.054380041200815],[-77.30148266880742,39.05405440266125]],[[-77.3025004473108,39.053534634759345],[-77.30402855398137,39.05444258480211],[-77.3047926216307,39.054896552829106],[-77.30419769256045,39.053793414718854],[-77.3025004473108,39.053534634759345]],[[-77.3195579460786,39.05579679577612],[-77.31921811199834,39.05540756002563],[-77.31913360827595,39.05573215539975],[-77.3195579460786,39.05579679577612]],[[-77.30597951077263,39.05372758523204],[-77.30521544799775,39.053273624598035],[-77.30513088423464,39.05359821032235],[-77.30597951077263,39.05372758523204]],[[-77.31548190933114,39.05281352398933],[-77.31030561874991,39.05236216638855],[-77.30954313751296,39.053595849592725],[-77.31124040925583,39.053854533337294],[-77.3114094820665,39.05320535350428],[-77.31429518791633,39.05398258217733],[-77.31548190933114,39.05281352398933]],[[-77.30275417134614,39.05256088285183],[-77.30241444236653,39.05217160136352],[-77.30232986737934,39.052496185118386],[-77.30275417134614,39.05256088285183]],[[-77.28883717247605,39.05010051848782],[-77.28807325487313,39.04964645271882],[-77.28798861879628,39.049971026563306],[-77.28883717247605,39.05010051848782]],[[-76.93703462004395,38.995539729118526],[-76.93669711662298,38.99514945408569],[-76.9366109769791,38.995473783385876],[-76.93703462004395,38.995539729118526]],[[-77.28425380999127,39.04737605394948],[-77.28323598727381,39.047895671795914],[-77.28484838392045,39.04847928630683],[-77.2849330322799,39.04815471468629],[-77.28425380999127,39.04737605394948]],[[-77.28340529627437,39.04724653077877],[-77.28306569573476,39.04685719674624],[-77.28298104054966,39.047181767021115],[-77.28340529627437,39.04724653077877]],[[-77.29562443964129,39.04944862876394],[-77.29528476338199,39.04905932799076],[-77.29520016018442,39.049383906714475],[-77.29562443964129,39.04944862876394]],[[-77.290787003368,39.047698141947215],[-77.29189056947467,39.04854150179515],[-77.29205980270466,39.04789234891209],[-77.290787003368,39.047698141947215]],[[-77.29977995674518,39.04704511939244],[-77.29579236670381,39.0471118548237],[-77.2914639497165,39.045101535863964],[-77.29443496693966,39.047242264211526],[-77.29910193753778,39.04795415558078],[-77.29893276704301,39.04860331806288],[-77.29995048746541,39.04808357154663],[-77.29977995674518,39.04704511939244]],[[-77.2720339127114,39.041797608828006],[-77.27474858437336,39.041537265042614],[-77.27135488795304,39.0410188784236],[-77.2720339127114,39.041797608828006]],[[-77.27059117495247,39.04056470586959],[-77.26897906827087,39.03998090710705],[-77.26889435821181,39.040305467393814],[-77.27059117495247,39.04056470586959]],[[-77.27975365286805,39.040951624808066],[-77.27848100791078,39.04075729198722],[-77.27729304300374,39.04023838016365],[-77.27754790953371,39.040952295755915],[-77.27975365286805,39.040951624808066]],[[-76.92088762599069,38.98491914232955],[-76.92055025843881,38.98452882404509],[-76.92046405939928,38.98485314160046],[-76.92088762599069,38.98491914232955]],[[-77.25922222268274,39.03680222987943],[-77.2584586297561,39.03634798305813],[-77.25837387697177,39.03667253596671],[-77.25922222268274,39.03680222987943]],[[-77.28051650691016,39.039718127203706],[-77.2801769570003,39.03932878577875],[-77.28009229768547,39.039653353663994],[-77.28051650691016,39.039718127203706]],[[-77.27754705820988,39.03926468201574],[-77.27678332495809,39.03881054767204],[-77.27669865109834,39.039135113215146],[-77.27754705820988,39.03926468201574]],[[-77.27856480076383,39.03874511155601],[-77.2741519029104,39.03537114629289],[-77.26906181447077,39.03459350798414],[-77.27856480076383,39.03874511155601]],[[-77.26872234982389,39.034204135587956],[-77.26838288881243,39.03381476228958],[-77.26829818327556,39.034139321828874],[-77.26872234982389,39.034204135587956]],[[-77.26541375687054,39.03336102748494],[-77.26643150348333,39.03284155697012],[-77.26515903607682,39.03264708792298],[-77.26541375687054,39.03336102748494]],[[-77.2456486107557,39.027975986886105],[-77.24505489632726,39.028560181180055],[-77.24615764152531,39.02940394445145],[-77.24861757929305,39.03011780454858],[-77.2456486107557,39.027975986886105]],[[-76.92243905857687,38.97908141428588],[-76.92210170976736,38.97869110056684],[-76.9220155245571,38.979015418910265],[-76.92243905857687,38.97908141428588]],[[-76.92142702300458,38.97791047044717],[-76.92049378028743,38.97810278860899],[-76.921340835712,38.97823478828365],[-76.92142702300458,38.97791047044717]],[[-76.9191519271318,38.9748539207651],[-76.91948924233327,38.97524424227558],[-76.91957543433567,38.97491992587165],[-76.9191519271318,38.9748539207651]],[[-76.9191519271318,38.9748539207651],[-76.9188146155486,38.97446359836063],[-76.91872842069616,38.97478791421382],[-76.9191519271318,38.9748539207651]],[[-76.91890080963282,38.9741392824635],[-76.917888899715,38.972968310646735],[-76.91704191184867,38.97283628751661],[-76.91796760860028,38.9743315815191],[-76.91890080963282,38.9741392824635]],[[-76.91704191184867,38.97283628751661],[-76.91628113072991,38.97237994461631],[-76.9161949270554,38.97270425860815],[-76.91704191184867,38.97283628751661]],[[-76.91636733363615,38.97205563058032],[-76.91552035915191,38.971923597083176],[-76.91526928742347,38.971208951747805],[-76.91501066472915,38.97218189131157],[-76.91636733363615,38.97205563058032]],[[-77.24123789372565,39.02460085849513],[-77.24149232253433,39.0219396277819],[-77.24047455952216,39.02077128435232],[-77.239711198314,39.02369214094382],[-77.24123789372565,39.02460085849513]],[[-77.2397112251626,39.022004531987086],[-77.23903268873147,39.022913236267726],[-77.2394567637057,39.022978149849955],[-77.2397112251626,39.022004531987086]],[[-77.24395203359398,39.024341188538834],[-77.24429131957267,39.02473062798014],[-77.24437612128501,39.02440608533674],[-77.24395203359398,39.024341188538834]],[[-77.24395203359398,39.024341188538834],[-77.24361275124893,39.0239517481958],[-77.24352794665982,39.02427629029338],[-77.24395203359398,39.024341188538834]],[[-77.24471460654328,39.009607057123326],[-77.24437538883899,39.009217619804225],[-77.24429060483016,39.00954216163898],[-77.24471460654328,39.009607057123326]],[[-76.93168509617412,38.957555395590795],[-76.93134779754865,38.95716510825437],[-76.93126167902,38.9574894319805],[-76.93168509617412,38.957555395590795]],[[-76.86827613154365,38.94563285965608],[-76.8675159404571,38.94517621966148],[-76.86742955177571,38.945500498450706],[-76.86827613154365,38.94563285965608]],[[-76.97099280900247,38.96063287661696],[-76.97039744201875,38.961215749252915],[-76.97082091627905,38.961281579332955],[-76.97099280900247,38.96063287661696]],[[-76.86971876549171,38.94518283003407],[-76.86878580584276,38.94537475841044],[-76.86963238661416,38.94550711035762],[-76.86971876549171,38.94518283003407]],[[-76.86971876549171,38.94518283003407],[-76.87022843152599,38.944924722877595],[-76.86980514359979,38.944858549665234],[-76.86971876549171,38.94518283003407]],[[-77.25158249566464,39.003570222964264],[-77.25132801492242,39.00285625853762],[-77.25115852301128,39.00350535099714],[-77.25158249566464,39.003570222964264]],[[-76.87218069352974,38.94421655544482],[-76.8716710393741,38.94447467059652],[-76.87209432676426,38.94454083743831],[-76.87218069352974,38.94421655544482]],[[-76.87218069352974,38.94421655544482],[-76.87269034407164,38.94395843820857],[-76.87226705952584,38.943892273406],[-76.87218069352974,38.94421655544482]],[[-77.25446496199913,39.000973627921894],[-77.25480419527203,39.00136303715793],[-77.2548889228461,39.00103848857106],[-77.25446496199913,39.000973627921894]],[[-77.25446496199913,39.000973627921894],[-77.25421046205162,39.00025966969924],[-77.25404100190815,39.00090876582549],[-77.25446496199913,39.000973627921894]],[[-76.97152720198243,38.95362401329845],[-76.97085221762585,38.952843654873014],[-76.97068034204214,38.95349235666139],[-76.97152720198243,38.95362401329845]],[[-76.97246621810301,38.951743728217494],[-76.9712818931839,38.95122189962469],[-76.97102409014639,38.952194952906964],[-76.97220842904794,38.95271678403371],[-76.97246621810301,38.951743728217494]],[[-77.24776596893724,38.994548311307675],[-77.24912246909034,38.99441841303831],[-77.24861362490066,38.992990475725364],[-77.24818971654503,38.992925593727904],[-77.24776596893724,38.994548311307675]],[[-76.96129206841618,38.948992930906456],[-76.96027332194865,38.94950989148891],[-76.96112011673685,38.9496416190892],[-76.96129206841618,38.948992930906456]],[[-76.96129206841618,38.948992930906456],[-76.96180143622432,38.94873444749228],[-76.96137804310672,38.948668586748184],[-76.96129206841618,38.948992930906456]],[[-76.96180143622432,38.94873444749228],[-76.9623967699568,38.94815161715581],[-76.96197337969019,38.948085758449004],[-76.96180143622432,38.94873444749228]],[[-76.88893544162255,38.93095915589957],[-76.8885984953493,38.93056875384584],[-76.888512217885,38.930893046650624],[-76.88893544162255,38.93095915589957]],[[-77.23420224733647,38.97897048505292],[-77.23064190264057,38.98078765537188],[-77.231574139595,38.982280603715445],[-77.23394770216112,38.98163168262358],[-77.23420224733647,38.97897048505292]],[[-77.15741722114713,38.96920647281104],[-77.15529878707491,38.96888049249395],[-77.15512851794159,38.96952945011654],[-77.15724697014062,38.9698554333718],[-77.15741722114713,38.96920647281104]],[[-77.20902946100198,38.97409851271856],[-77.2062337636738,38.97130674028396],[-77.20411505008356,38.97098159329706],[-77.20563937831815,38.973578336336494],[-77.20894381999261,38.976110624767685],[-77.20868910739439,38.977084172453175],[-77.21038423523589,38.977344230696005],[-77.21191093508519,38.97487810906509],[-77.20902946100198,38.97409851271856]],[[-77.16894216840853,38.97064165356194],[-77.16775612975876,38.9701217002842],[-77.16767104966002,38.97044618772081],[-77.16894216840853,38.97064165356194]],[[-77.2267430378451,38.97884004506921],[-77.22640405973827,38.97845056053373],[-77.22631923142956,38.97877508852598],[-77.2267430378451,38.97884004506921]],[[-77.23504987726967,38.97910034285672],[-77.23454126960156,38.97935994831795],[-77.23496508676072,38.97942487678931],[-77.23504987726967,38.97910034285672]],[[-77.23504987726967,38.97910034285672],[-77.23598229635178,38.97890566031383],[-77.23513466702235,38.978775808882205],[-77.23504987726967,38.97910034285672]],[[-77.213012482505,38.975722159376296],[-77.2122498189821,38.97526763297187],[-77.21216493126555,38.97559215112952],[-77.213012482505,38.975722159376296]],[[-77.1414902881742,38.964391584596484],[-77.1418287462848,38.96478130008911],[-77.14191393496696,38.96445683065528],[-77.1414902881742,38.964391584596484]],[[-77.1414902881742,38.964391584596484],[-77.14115183368799,38.96400186820298],[-77.14106664214096,38.9643263370918],[-77.1414902881742,38.964391584596484]],[[-77.14123702447546,38.96367739927114],[-77.14038974193629,38.96354690110039],[-77.14005129727039,38.963157181753424],[-77.14021935235313,38.96419583774513],[-77.14123702447546,38.96367739927114]],[[-77.22081074715616,38.9745553289083],[-77.22369236550574,38.97533465174721],[-77.22445548179515,38.97410151169187],[-77.22199767452555,38.97338717941234],[-77.22081074715616,38.9745553289083]],[[-77.21775946846518,38.974424983145596],[-77.21903079105894,38.97461993599888],[-77.21979397883973,38.97338682474274],[-77.21759028317659,38.973386430939996],[-77.21775946846518,38.974424983145596]],[[-77.21292954131701,38.970983890889244],[-77.20691222844553,38.97039822266256],[-77.2068273226087,38.97072273693153],[-77.20970791689935,38.973189979432334],[-77.21191160656578,38.973190513209836],[-77.21292954131701,38.970983890889244]],[[-76.93713710969922,38.93037258471735],[-76.9367999077634,38.929982313697884],[-76.93671384566471,38.93030663996636],[-76.93713710969922,38.93037258471735]],[[-77.21987882996521,38.97306230147532],[-77.2192858571572,38.971958771877375],[-77.21818376793787,38.97280237308941],[-77.21987882996521,38.97306230147532]],[[-77.13725866652736,38.96036386063311],[-77.13692025342542,38.959974132927705],[-77.13683504772968,38.96029859871926],[-77.13725866652736,38.96036386063311]],[[-77.13353383335462,38.95776439691811],[-77.13387221805228,38.95815413373433],[-77.13395743444441,38.957829670079015],[-77.13353383335462,38.95776439691811]],[[-77.13353383335462,38.95776439691811],[-77.13319545228048,38.957374659201015],[-77.13311023302454,38.95769912231157],[-77.13353383335462,38.95776439691811]],[[-76.94029297132418,38.92512277133408],[-76.93995577678443,38.92473250917329],[-76.93986973494462,38.92505683740037],[-76.94029297132418,38.92512277133408]],[[-76.93692118854977,38.92122010939264],[-76.93607476802289,38.921088217136365],[-76.93369341834676,38.92341900753439],[-76.93606770518406,38.92277579188971],[-76.93692118854977,38.92122010939264]],[[-76.93158449042384,38.92140163632379],[-76.93227306430255,38.91880705649782],[-76.9318498718871,38.91874109525001],[-76.93158449042384,38.92140163632379]],[[-76.93608183053443,38.919400642763385],[-76.93557257662174,38.919659019519344],[-76.93599577774225,38.919724968070625],[-76.93608183053443,38.919400642763385]],[[-76.93608183053443,38.919400642763385],[-76.93659108083381,38.919142263924996],[-76.93616788256021,38.91907631741046],[-76.93608183053443,38.919400642763385]],[[-76.90171897149503,38.9143784581562],[-76.90138203340884,38.91398809170418],[-76.90129583250364,38.9143123926777],[-76.90171897149503,38.9143784581562]],[[-76.90410104865285,38.912048284678896],[-76.90265144726827,38.91418628291863],[-76.9047671523853,38.914516572741356],[-76.90460257001398,38.913477608230544],[-76.90553502664538,38.91328541133065],[-76.90410104865285,38.912048284678896]],[[-76.90544884506305,38.913609715161044],[-76.90578580319489,38.91400007054245],[-76.90587198373878,38.913675766461246],[-76.90544884506305,38.913609715161044]],[[-76.92364450093737,38.9164486176269],[-76.92330743576848,38.91605831065728],[-76.92322133004177,38.916382626953045],[-76.92364450093737,38.9164486176269]],[[-76.92449817550236,38.914893021952864],[-76.92601864928346,38.91580559497798],[-76.9266140001585,38.91522293903465],[-76.92449817550236,38.914893021952864]],[[-76.92872984398174,38.91555282002743],[-76.9283927557074,38.91516252692782],[-76.9283066736838,38.91548684671602],[-76.92872984398174,38.91555282002743]],[[-76.93059467805647,38.91516805624915],[-76.92983441439132,38.91471180014805],[-76.92974833931993,38.91503612091772],[-76.93059467805647,38.91516805624915]],[[-76.92729542741749,38.91431596128752],[-76.92704443873608,38.913601345566605],[-76.92687226560501,38.91424998309163],[-76.92729542741749,38.91431596128752]],[[-76.90283949991644,38.91016253804158],[-76.90250257532685,38.90977217484982],[-76.9024163843999,38.91009647642343],[-76.90283949991644,38.91016253804158]],[[-77.12644185430369,38.941141777411715],[-77.12678012378217,38.94153153264498],[-77.12686535232382,38.941207074631244],[-77.12644185430369,38.941141777411715]],[[-77.12644185430369,38.941141777411715],[-77.1256800937567,38.94068672146102],[-77.1255948605423,38.941011178636685],[-77.12644185430369,38.941141777411715]],[[-77.11992456591906,38.93743588019806],[-77.11958635216565,38.93704610649301],[-77.11950109605893,38.93737055931614],[-77.11992456591906,38.93743588019806]],[[-76.9515364201591,38.90931212755256],[-76.94688857164634,38.90689962629128],[-76.94341060566781,38.90838419762004],[-76.94764206722519,38.90904334970174],[-76.94975108203697,38.91106044451173],[-76.95186690966413,38.91138993051585],[-76.95340097393333,38.90892702110986],[-76.9515364201591,38.90931212755256]],[[-77.1160338797928,38.93379722048183],[-77.1156957037666,38.93340743636423],[-77.11561043458433,38.93373188634971],[-77.1160338797928,38.93379722048183]],[[-76.95859098365861,38.90264294688245],[-76.95537791863205,38.90146726032152],[-76.9530837863239,38.90347407894373],[-76.95392338547522,38.90529342666847],[-76.9569712846938,38.90543025774732],[-76.95859098365861,38.90264294688245]],[[-77.01376952840354,38.912232740431314],[-77.01343199995213,38.911842678836976],[-77.0133463005374,38.91216705738986],[-77.01376952840354,38.912232740431314]],[[-76.96359544703736,38.90038248980274],[-76.96283513103693,38.89992643693852],[-76.96274922035784,38.9002507799761],[-76.96359544703736,38.90038248980274]],[[-77.00337705252737,38.90487876340737],[-77.00490377155172,38.90410279323964],[-77.0040574270441,38.90397136532886],[-77.00337705252737,38.90487876340737]],[[-77.00363975170191,38.902218075204175],[-77.00414315817946,38.90364699354205],[-77.00592700891917,38.9018978953576],[-77.00644131969119,38.89995165670869],[-77.00534331391218,38.899105783713956],[-77.00440582493111,38.900986304135095],[-77.00373097613499,38.90020613020499],[-77.00338805586891,38.90150361536659],[-77.00465752895859,38.901700761859175],[-77.00363975170191,38.902218075204175]],[[-77.00338805586891,38.90150361536659],[-77.00287916591725,38.901762267861876],[-77.00330232389373,38.90182798654235],[-77.00338805586891,38.90150361536659]],[[-76.97294758877356,38.890017919600936],[-76.97183765911592,38.89254689087017],[-76.97547982973133,38.89210039258047],[-76.9755595288622,38.89346361151461],[-76.97792637911127,38.894507167684395],[-76.97800612665444,38.895870385455765],[-76.97987019641667,38.89548488163734],[-76.98121930990612,38.89704548469595],[-76.98240881236605,38.89587964295283],[-76.98561615428106,38.89874220014151],[-76.99137418550858,38.89862410793651],[-76.99298667489678,38.89752392238266],[-76.99781259082621,38.897598385222096],[-77.0029814321912,38.89637517773735],[-77.00602361002265,38.8981983755136],[-77.01059783098627,38.8975578860077],[-77.00949981302578,38.89671205008378],[-77.01171710740903,38.89165342174575],[-77.0113099524643,38.886525017778084],[-77.00776477325371,38.88327305417971],[-77.00802184180196,38.882299933507724],[-77.00675269760684,38.882102821942816],[-77.00692408366022,38.88145407636629],[-77.00853057757713,38.882041260530535],[-77.00861626299856,38.88171688653877],[-77.00599774178937,38.87995946541075],[-77.00803262660085,38.878924794547665],[-77.00896973817105,38.877044251831414],[-77.00973010406001,38.87750002041334],[-77.01195739949873,38.869066264513656],[-77.00950522333633,38.86834773552948],[-77.00932852967229,38.87068405102901],[-77.00848256527996,38.87055265386573],[-77.00677980460523,38.873664977586145],[-77.00711170751154,38.87574262371126],[-77.00626568839334,38.87561121133575],[-77.0037166657036,38.87859207664517],[-77.00194439894585,38.876966000337944],[-76.99779440726319,38.877671906227945],[-76.9965310297406,38.87578712188953],[-76.99128934330402,38.873959283793525],[-76.99027766157775,38.87278891835319],[-76.99018610004279,38.874800846640525],[-76.98798539329538,38.87479637556137],[-76.9818800576368,38.87789929922648],[-76.98018806344324,38.87763612415603],[-76.97713517564357,38.87918743190065],[-76.97679188074659,38.88048484006293],[-76.97348746836103,38.88132154596842],[-76.97221221282413,38.88281164889506],[-76.97186881319608,38.88410904398977],[-76.97406362093052,38.885801370051084],[-76.97134744848836,38.88774270428559],[-76.97295379424291,38.88833034999497],[-76.97185012161388,38.88917175106399],[-76.97294758877356,38.890017919600936]],[[-77.01111730827294,38.89392405649813],[-77.01145474131678,38.894314123498624],[-77.01154042815304,38.8939897469946],[-77.01111730827294,38.89392405649813]],[[-76.97126159006817,38.88806705272617],[-76.97075267994519,38.88832557289897],[-76.97117573088354,38.88839140112021],[-76.97126159006817,38.88806705272617]],[[-76.96395831457949,38.89402240289982],[-76.96362113722375,38.89363220667474],[-76.96353523746599,38.89395654999959],[-76.96395831457949,38.89402240289982]],[[-77.01526809656394,38.89321770307253],[-77.0137469769399,38.89230622746897],[-77.01298115291515,38.89353805490474],[-77.01271354120136,38.89788633306776],[-77.01374171603847,38.89399379979562],[-77.01526809656394,38.89321770307253]],[[-76.9710836222598,38.89040331906058],[-76.97184389050923,38.89085932079037],[-76.97192974962765,38.890534971834434],[-76.9710836222598,38.89040331906058]],[[-76.9710836222598,38.89040331906058],[-76.97074642349389,38.89001314239332],[-76.97066055972257,38.8903374905086],[-76.9710836222598,38.89040331906058]],[[-77.06495324181941,38.898555632038196],[-77.06242648693144,38.89309983702711],[-77.06124247149408,38.89257887156501],[-77.06165732657874,38.896019539740095],[-77.06385047736424,38.89939785295063],[-77.06495324181941,38.898555632038196]],[[-77.0297499758326,38.8917503528918],[-77.03484183124634,38.887475062582965],[-77.03400041724701,38.885656267567754],[-77.03205129981953,38.886366975228505],[-77.03197055155913,38.885003794052146],[-77.02985512863917,38.88467567617644],[-77.0300263150494,38.88402689847008],[-77.02765905941074,38.88298433856258],[-77.02901387143835,38.882856847936004],[-77.0287619936991,38.88214244136185],[-77.01937419813818,38.8793350238947],[-77.01843217415353,38.88290321600946],[-77.02222457249303,38.88855686657188],[-77.0251006593289,38.889340789766116],[-77.02569001738613,38.8904452324702],[-77.02916054567486,38.89064592931312],[-77.0289037300239,38.89161909480335],[-77.0297499758326,38.8917503528918]],[[-77.03661508771616,38.88910067043293],[-77.03356772305722,38.88896579760962],[-77.03373408892988,38.89000458673545],[-77.03534098738142,38.890591423986194],[-77.03661508771616,38.88910067043293]],[[-77.05362143487393,38.89308684941179],[-77.05463872953692,38.89256912641328],[-77.05336928048365,38.892372491968885],[-77.05362143487393,38.89308684941179]],[[-77.04575273007995,38.89119241240427],[-77.0454151278923,38.890802438941876],[-77.04532959562576,38.89112683871166],[-77.04575273007995,38.89119241240427]],[[-77.06175109000712,38.892319979850946],[-77.06107570754152,38.8915401190708],[-77.06090477997613,38.89218894022724],[-77.06175109000712,38.892319979850946]],[[-77.05219408205289,38.888476293659764],[-77.0491467147028,38.888341803852605],[-77.04880465907952,38.88963941255871],[-77.04947989257481,38.890419340006744],[-77.05168107451212,38.89042271908865],[-77.05219408205289,38.888476293659764]],[[-77.05295048503734,38.89061937077416],[-77.0526128469803,38.89022941694392],[-77.05252734743421,38.89055382165622],[-77.05295048503734,38.89061937077416]],[[-76.97283175521504,38.87547850377219],[-76.97392902755213,38.87632466220952],[-76.97647306667915,38.87503197721625],[-76.97486698567688,38.874444378063686],[-76.97460950212165,38.875417428989834],[-76.97283175521504,38.87547850377219]],[[-76.97613591018319,38.874641815939704],[-76.97664470564999,38.87438327409444],[-76.97622173109173,38.8743174646508],[-76.97613591018319,38.874641815939704]],[[-76.96893913187101,38.87521039595366],[-76.97071687549874,38.87514937701159],[-76.97131153679025,38.87456650950125],[-76.96919669040713,38.874237356834236],[-76.96893913187101,38.87521039595366]],[[-77.05897260334429,38.88614977833043],[-77.06150716751836,38.888230492091616],[-77.06100690846084,38.88511423708079],[-77.05804936844882,38.8829679836792],[-77.05897260334429,38.88614977833043]],[[-77.05804936844882,38.8829679836792],[-77.05771173855881,38.882578044104655],[-77.05762627069133,38.88290245202861],[-77.05804936844882,38.8829679836792]],[[-77.03680513007943,38.881701596752094],[-77.03646761975058,38.8813115993768],[-77.03638205879136,38.88163599259331],[-77.03680513007943,38.881701596752094]],[[-77.05703648961952,38.881798162251876],[-77.05771598032533,38.88089047246435],[-77.05686981029643,38.880759405476276],[-77.05703648961952,38.881798162251876]],[[-77.01896143444718,38.87589422159951],[-77.01828666219431,38.87511412932569],[-77.0181153922065,38.87576289011481],[-77.01896143444718,38.87589422159951]],[[-76.93733242707772,38.86319413384531],[-76.93699553489036,38.862803866660485],[-76.93690955298474,38.863128190319884],[-76.93733242707772,38.86319413384531]],[[-76.9885915975756,38.8708382912941],[-76.98825439560599,38.87044816318345],[-76.988168632807,38.87077252265371],[-76.9885915975756,38.8708382912941]],[[-76.98970061524403,38.86830917669021],[-76.98842591891375,38.869799444101965],[-76.98918608072181,38.870255338322885],[-76.98970061524403,38.86830917669021]],[[-76.9899578722004,38.867336095239246],[-76.99063226918925,38.868116341005184],[-76.99088951302599,38.86714325764204],[-76.9899578722004,38.867336095239246]],[[-77.0564552681312,38.87731872773543],[-77.05661766671909,38.88004505572318],[-77.05704074697869,38.88011059079418],[-77.05763900139597,38.87783973795021],[-77.0564552681312,38.87731872773543]],[[-76.98724281135783,38.869277773453824],[-76.98868319815003,38.868826365127404],[-76.98843176425913,38.868111877854254],[-76.9880088154575,38.86804610868943],[-76.98724281135783,38.869277773453824]],[[-77.04469983701729,38.87347117638475],[-77.04419128948896,38.873729997538035],[-77.04452880603743,38.87411997352446],[-77.04469983701729,38.87347117638475]],[[-77.04317876151697,38.872560064171964],[-77.04284125941729,38.87217008458094],[-77.04275573756162,38.87249448184149],[-77.04317876151697,38.872560064171964]],[[-77.04428135874026,38.871718029931316],[-77.04394385463996,38.87132805338197],[-77.04385833868038,38.871652451371055],[-77.04428135874026,38.871718029931316]],[[-77.00367490668728,38.865415906435246],[-77.00333764907197,38.86502581961951],[-77.00325195978066,38.8653501893186],[-77.00367490668728,38.865415906435246]],[[-77.04360635415169,38.87093807593145],[-77.04394841455581,38.869640484500245],[-77.04420495186555,38.86866729043712],[-77.0423373116599,38.870741329026174],[-77.04360635415169,38.87093807593145]],[[-77.04505095871671,38.86879844370174],[-77.04530747834005,38.86782524745232],[-77.04581598070268,38.86756642189882],[-77.0443759729325,38.868018494161696],[-77.04505095871671,38.86879844370174]],[[-77.05951478742473,38.872390326729196],[-77.06078390498382,38.87258689776241],[-77.06146326313139,38.87167918843247],[-77.06027960259121,38.8711582151271],[-77.05951478742473,38.872390326729196]],[[-76.95938159362065,38.851433143326545],[-76.95904463775213,38.85104293662165],[-76.95895876781783,38.85136727513914],[-76.95938159362065,38.851433143326545]],[[-77.00989601182162,38.851862150421724],[-77.0090502648325,38.85173075741721],[-77.0087076672848,38.853028249761294],[-77.00963907563131,38.85283527151923],[-77.00989601182162,38.851862150421724]],[[-77.01760382056582,38.84934492047596],[-77.01887756271707,38.84785435648273],[-77.01591756767571,38.84739467051898],[-77.01624441152708,38.85115984977604],[-77.01785031289214,38.85174691106099],[-77.01760382056582,38.84934492047596]],[[-77.0159927684496,38.85044541989838],[-77.0154842796528,38.850704122552514],[-77.0159071526083,38.850769797807544],[-77.0159927684496,38.85044541989838]],[[-77.01396929698117,38.84810509064674],[-77.01371768674423,38.847390656390644],[-77.01354644122861,38.84803940879672],[-77.01396929698117,38.84810509064674]],[[-77.01948186577998,38.84389613350373],[-77.01914462314245,38.84350609066177],[-77.019059029474,38.843830470500286],[-77.01948186577998,38.84389613350373]],[[-77.07058107072253,38.84540485964797],[-77.07032891507448,38.84469054070967],[-77.07015817970242,38.8453393710617],[-77.07058107072253,38.84540485964797]],[[-77.02503875869067,38.82449888477281],[-77.02470157603555,38.82410885786405],[-77.02461602985267,38.824433240872594],[-77.02503875869067,38.82449888477281]],[[-77.00483972587843,38.81933442336655],[-77.00458830433645,38.818619972753325],[-77.00441704516669,38.81926871055601],[-77.00483972587843,38.81933442336655]],[[-77.0055192841472,38.8184270261913],[-77.00518223396004,38.81803694638929],[-77.00509660808216,38.81836131570633],[-77.0055192841472,38.8184270261913]]],[[[-77.05820085633664,38.9576114473711],[-77.06277835091235,38.95696902747734],[-77.06430143553776,38.957879909231444],[-77.06735174200658,38.95801402767686],[-77.06988508388847,38.96178218007461],[-77.07039415522873,38.961523250469874],[-77.07157935766182,38.96204413338275],[-77.06962856176187,38.96275543922786],[-77.06853287011566,38.960222528881374],[-77.06345435868683,38.95774888585804],[-77.05972389712193,38.958522385403086],[-77.05820085633664,38.9576114473711]]],[[[-77.08367773429,38.971341830584926],[-77.08521220945163,38.9671896799386],[-77.08733383981975,38.96582926472203],[-77.09199355370151,38.966548925856024],[-77.09182272560842,38.96719779624523],[-77.08877198924621,38.96706427924623],[-77.08715940790685,38.96816572066102],[-77.08775034589034,38.96926987992326],[-77.08579591862636,38.97166903363954],[-77.08367773429,38.971341830584926]]],[[[-77.0966451193332,39.014196726269546],[-77.09715779654765,39.01225008045696],[-77.09842945600163,39.01244626981573],[-77.09774592381892,39.015041804316525],[-77.09952697541,39.0149789364749],[-77.1000330458848,39.01640748821027],[-77.10130478578047,39.01660364825342],[-77.09977673453271,39.017380817900275],[-77.10180767586678,39.01971979916559],[-77.10256369647514,39.023550220976254],[-77.10434495226549,39.02348728393858],[-77.10518972000679,39.02530563714682],[-77.10883771694442,39.024855212367264],[-77.11154933561532,39.02628604451638],[-77.11180252578869,39.02700029742893],[-77.10909087550476,39.02556947063756],[-77.10637621105134,39.02582619284408],[-77.1053542761141,39.028031958876305],[-77.10654081281761,39.028552513238274],[-77.1077304561625,39.02738544749502],[-77.11391951175935,39.02901463221114],[-77.11544183496292,39.03161250599124],[-77.11450255288469,39.03518150532601],[-77.11636657884607,39.03648155254098],[-77.11365448518966,39.035050823120585],[-77.11442302823993,39.03213073843626],[-77.11323637673073,39.03161025907151],[-77.11357795034087,39.03031244596941],[-77.11086614162122,39.02888165715038],[-77.10747420914296,39.02835879484101],[-77.1059459768263,39.0291360419219],[-77.10450630823817,39.027901214362906],[-77.10459489973177,39.02588915904232],[-77.10290222127836,39.023940046231246],[-77.10120639281307,39.02367851811093],[-77.09687139303159,39.02841186167165],[-77.10034870102098,39.028610569428785],[-77.10085488250212,39.030039121041405],[-77.09975381486971,39.029194068458125],[-77.0966149970525,39.02938518677223],[-77.09593796778748,39.02860550037931],[-77.09670380868464,39.02737313658838],[-77.09560282965278,39.02652804758068],[-77.09483697899809,39.027760404407836],[-77.08864139279271,39.029505485462934],[-77.0865143470041,39.03255354594436],[-77.08430886123504,39.032550785326514],[-77.08839195980497,39.02710357683316],[-77.09008782204215,39.02736528009513],[-77.09034429825748,39.02639196880151],[-77.09492922440838,39.02406074849939],[-77.09704899481758,39.024387762205166],[-77.0976405397908,39.02549188414536],[-77.09806781685845,39.023869672964715],[-77.09807444385667,39.02049445923364],[-77.09663842658026,39.01757193642535],[-77.09197885252931,39.01516483894858],[-77.0917293585111,39.012762942715845],[-77.08842379818113,39.01191512410345],[-77.0852929152609,39.00873074900599],[-77.08012120537555,39.00826980495557],[-77.0742652346495,39.01040404872211],[-77.07392305313705,39.01170174932057],[-77.07671522203351,39.014496517523504],[-77.07662206227002,39.018196153986615],[-77.07441315000182,39.01988082301707],[-77.0744092875703,39.0215684287921],[-77.07313753345467,39.02137199313218],[-77.07117728634759,39.025458543100065],[-77.06981989177677,39.025586497212885],[-77.07195135305194,39.02085112028162],[-77.0758598065059,39.0177407868082],[-77.0760347202855,39.015404328701784],[-77.07485246834061,39.013195880099836],[-77.0729042295882,39.01221963941876],[-77.07307922502572,39.00988318757874],[-77.07087837097224,39.008192585952926],[-77.06816422038246,39.008448472092354],[-77.06756119952212,39.01240702057771],[-77.06348971309144,39.01279071902297],[-77.06129732630127,39.00772474215731],[-77.05808220217749,39.00486409912536],[-77.06081296263253,38.997858033518135],[-77.06225543819573,38.99740576217309],[-77.06040175277975,38.99272971505371],[-77.05879239645735,38.99214319428914],[-77.05725588724195,38.996295033889766],[-77.05564218094993,38.99739607058843],[-77.05488027444622,38.99694057615729],[-77.05700333946257,38.995580673442696],[-77.05794493062268,38.99201213262558],[-77.06023477128086,38.99169094682932],[-77.06117198585946,38.9898099804342],[-77.06007198797137,38.98896458159961],[-77.04939369083539,38.98765041210946],[-77.04490888663973,38.984592746289614],[-77.04219552511168,38.984848063761326],[-77.0422765757327,38.98621125708836],[-77.04126251335605,38.985041290133424],[-77.03922513355782,38.98607652158347],[-77.038463448359,38.9856209272016],[-77.0405008262375,38.984585708327266],[-77.03931547918688,38.98406452681077],[-77.0395771501558,38.98140373301527],[-77.04373722353994,38.97900882420276],[-77.04018143630202,38.977445339877775],[-77.0392531895683,38.97595095805303],[-77.03943384914045,38.971926975213904],[-77.04418367361922,38.97063644148142],[-77.04699560309363,38.96499390439134],[-77.04276917740896,38.96096295944705],[-77.0375060525259,38.96419982338142],[-77.03614024771221,38.96770258822186],[-77.02908648641105,38.97437623965347],[-77.02992880338677,38.97619509009544],[-77.02857225529439,38.97632259233656],[-77.0275585510372,38.97515251519212],[-77.02763931667977,38.976515716046],[-77.02611132094877,38.977291974016985],[-77.02399324173433,38.976963751974424],[-77.02467904643554,38.97436863976727],[-77.02704923200231,38.97541126954466],[-77.02730636814543,38.974438096687415],[-77.02866288332844,38.97431060832014],[-77.0292627975439,38.97203986362077],[-77.03053357105604,38.97223674707457],[-77.03291823729418,38.968216491511726],[-77.03546444018306,38.96692257991037],[-77.03725380994595,38.96348542626013],[-77.04124166953784,38.96173940189879],[-77.04149856763168,38.96076620162151],[-77.03997570801037,38.95985503958231],[-77.04176007504897,38.95810541248903],[-77.04202156334898,38.95544462383444],[-77.04269733457812,38.956224595121114],[-77.04082276708422,38.95998622329039],[-77.04336396262401,38.960379739732005],[-77.04826630153173,38.965190606045034],[-77.04672976086754,38.96934229826234],[-77.04537336995608,38.96946998402223],[-77.0440124096967,38.97128524636288],[-77.04451708656268,38.972714014339694],[-77.04875320172356,38.97336972128731],[-77.04891997730132,38.97440850203345],[-77.05061446952514,38.97467074210483],[-77.0546752559268,38.977662654561264],[-77.05975905874888,38.978449070016715],[-77.06128671975728,38.97767239767597],[-77.06416674918266,38.978455424005986],[-77.06433785028857,38.97780659062317],[-77.0650140683453,38.97858644291772],[-77.06475742183574,38.979559694441164],[-77.06297720721246,38.97962206319935],[-77.06281021902747,38.97858330053753],[-77.0600115741255,38.97916342296518],[-77.0545040690085,38.978311474604794],[-77.04832512195703,38.97499174959563],[-77.04739673930021,38.97349742924145],[-77.04392220978372,38.97329724064778],[-77.04350317623265,38.97154406808999],[-77.04223237974008,38.97134731747221],[-77.04079029626217,38.9717993543305],[-77.04027174477717,38.97543334705744],[-77.04196161716642,38.977383298129865],[-77.04399414922402,38.97803561625329],[-77.04483688115475,38.97985436649397],[-77.04059113474322,38.982573713087],[-77.04711291715823,38.98459620656219],[-77.0498262520352,38.98434078159886],[-77.0516022038725,38.985966196869384],[-77.05541545588723,38.98655612313176],[-77.05982783587892,38.98487503551431],[-77.0618607373297,38.985527061761346],[-77.06355142265207,38.98747672180872],[-77.06336794129889,38.993188346917066],[-77.0654826021908,38.99520349605715],[-77.06844892358744,38.99566200668427],[-77.07014794117649,38.994236382276505],[-77.07260495877607,38.994953723417034],[-77.07489867700512,38.99294466855824],[-77.07650818086954,38.99353098056476],[-77.07863074209297,38.992170708717296],[-77.08424322207073,38.984259170171825],[-77.08330302103944,38.98782790604338],[-77.08024398456588,38.991069374115696],[-77.0803257549888,38.992432543801314],[-77.07362354267536,38.99443583720301],[-77.07234835607571,38.9959269930972],[-77.06989130813787,38.99520964676762],[-77.06912535166957,38.99644183872869],[-77.06734472770171,38.99650427030162],[-77.06404019035276,38.995655804745226],[-77.0626792060276,38.997471279068364],[-77.06386493884868,38.99799223852173],[-77.06172946529749,39.00441505973528],[-77.06282971607844,39.00526044593924],[-77.06332676056545,39.01006434892499],[-77.06417444641438,39.01019537421979],[-77.0634938283984,39.011103116024266],[-77.06485096382028,39.01097523136463],[-77.06910144582224,39.00656744084208],[-77.07257763361542,39.006766925452006],[-77.07562617177092,39.00858844364071],[-77.07800198079138,39.00794250316792],[-77.07944829430181,39.005802429306684],[-77.08529652451726,39.00704314643713],[-77.08479080858764,39.005614536826],[-77.08844501637945,39.00178950982039],[-77.08920718377598,39.002244798563176],[-77.08614780413814,39.00548641949569],[-77.08563487996248,39.00743301770514],[-77.08724479092089,39.00801919184439],[-77.08952798389856,39.01107267093095],[-77.09368127940189,39.01205128390207],[-77.09503161226607,39.01529827807954],[-77.09630331927798,39.015494489311735],[-77.09520252470224,39.014649398412885],[-77.09537343408903,39.014000518579735],[-77.0966451193332,39.014196726269546]],[[-77.06332676056545,39.01006434892499],[-77.06281732435326,39.010323251468634],[-77.06324116794576,39.01038876658094],[-77.06332676056545,39.01006434892499]],[[-77.09621786735838,39.01581892996827],[-77.09740413943358,39.01633957056807],[-77.09952369594136,39.016666541612494],[-77.09842284621082,39.01582147910211],[-77.09621786735838,39.01581892996827]]],[[[-77.08937811749531,39.00159592828069],[-77.0900583235664,39.00068804600275],[-77.09090594827177,39.00081888858708],[-77.0906495697289,39.00179219698266],[-77.08937811749531,39.00159592828069]]],[[[-77.05967081629565,39.01388864152606],[-77.05619432358453,39.01368879530069],[-77.05560350378721,39.012584478184124],[-77.06060414916318,39.01369527589267],[-77.06196548884077,39.01187981960398],[-77.06281319339487,39.01201085423129],[-77.06187573519821,39.01389183966387],[-77.06009467782974,39.01395416741757],[-77.05983784070051,39.01492741418973],[-77.05805675622864,39.01498971272155],[-77.05967081629565,39.01388864152606]]],[[[-77.05533800224636,39.01693292270622],[-77.05372380903084,39.01803393812471],[-77.05576617246382,39.01531085952666],[-77.05746164226314,39.015573007793066],[-77.0559245621031,39.019724846526124],[-77.05643836809769,39.017778367266395],[-77.05533800224636,39.01693292270622]]],[[[-77.06938003594088,39.032271436044546],[-77.06505469374447,39.0319408470786],[-77.06743135960191,39.03129510640919],[-77.06888643080754,39.025779932497905],[-77.06981989177677,39.025586497212885],[-77.07092055690606,39.026431814637206],[-77.07083103306601,39.02844384599122],[-77.06887844862766,39.02915514748108],[-77.06802652225963,39.030711762035835],[-77.07057033642457,39.0311047256345],[-77.07116153397673,39.03220897490601],[-77.06928648019888,39.035971077945966],[-77.06767207556993,39.03707227818222],[-77.06938003594088,39.032271436044546]]],[[[-77.0613727454417,39.04589087081487],[-77.06348888395917,39.04790607146342],[-77.06331761030026,39.048554911077915],[-77.06043481311617,39.04777185607785],[-77.0613727454417,39.04589087081487]]],[[[-77.02108881077349,39.124755384629886],[-77.0208208324812,39.12910384334636],[-77.01962812663537,39.13027009782083],[-77.02055794205985,39.1317646669039],[-77.02225600354102,39.1320273014569],[-77.0213210477825,39.13222038295948],[-77.02131084302117,39.13559566060978],[-77.02598079549317,39.136317822154716],[-77.02707269096169,39.14053882678103],[-77.03131843956076,39.14119514848595],[-77.0320768591078,39.143338441566705],[-77.0302926009547,39.143400343319755],[-77.0268149634652,39.141512027754125],[-77.02521260551168,39.13754977425134],[-77.02071444550849,39.13617879235197],[-77.01944597560431,39.134294163493045],[-77.0203860870523,39.132413457440634],[-77.0175915527728,39.129617363175406],[-77.01341141761225,39.13538673570108],[-77.01297629685763,39.1386963280623],[-77.01196057714796,39.13752608997469],[-77.0125623620559,39.135255360850806],[-77.01171330957177,39.135123980207545],[-77.00788719690502,39.13622033438261],[-77.00465201943037,39.13842115844641],[-77.00295387213339,39.13815828319399],[-77.01061168642491,39.13427812126489],[-77.01324478029088,39.13434787790917],[-77.01529717475476,39.12993777009484],[-77.01980512053105,39.127933671580415],[-77.01955762615782,39.12553158203139],[-77.01760711757336,39.12455445406553],[-77.01420085592144,39.12740430716028],[-77.00705987701085,39.12933837053004],[-77.00366400204324,39.12881266356998],[-77.00477094792241,39.12797094672573],[-77.01063308913012,39.127527571826874],[-77.01131545885852,39.126620100874625],[-77.01556548684904,39.125589322567144],[-77.01795083697469,39.12325688254985],[-77.01812786773564,39.12092046194733],[-77.01634414843677,39.12098216332979],[-77.01609156951766,39.12026770394543],[-77.01413598074079,39.120978156534605],[-77.00810785772285,39.120382834211384],[-77.00088697978963,39.12095329228112],[-77.0002101249581,39.120173071397275],[-76.99367173231809,39.11983569790412],[-76.99401585697592,39.11853819379608],[-76.99774958712602,39.1194542815744],[-76.99928087664053,39.11867835365142],[-76.9995332846682,39.11939284694892],[-77.00607166464285,39.119729912192774],[-77.00472885428414,39.114794259104],[-77.00693139821679,39.11648606505992],[-77.00666804464407,39.119146852583306],[-77.0179611961446,39.119881613466845],[-77.01975002481737,39.1181322551466],[-77.02127594924707,39.11904369006971],[-77.0208566215006,39.11729039690569],[-77.02426214772677,39.11444036719006],[-77.02494924077392,39.11184519190332],[-77.02418632633612,39.1113894999421],[-77.02658089001405,39.10568164060717],[-77.02598478038963,39.10626479418633],[-77.02437318684156,39.105677815615266],[-77.02369117694816,39.106585354495195],[-77.02250395984747,39.106064001440316],[-77.02403470266003,39.10528777071148],[-77.02760135444345,39.10516412210844],[-77.02930373443041,39.10373902969488],[-77.0321074235071,39.10315958733187],[-77.03380485812083,39.10342206272027],[-77.03388588358234,39.10478528944639],[-77.03507316145972,39.10530653367586],[-77.03516377035596,39.10329450049366],[-77.03669431953338,39.102518114304836],[-77.03567872361472,39.10134807827268],[-77.03628421978348,39.09738962290756],[-77.03493020354911,39.09582957013233],[-77.03204583672665,39.09504584965247],[-77.03221749923335,39.09439704772381],[-77.0244942510863,39.09354002621822],[-77.0239032638197,39.09243554285465],[-77.02484271831955,39.090554818400044],[-77.02356989093951,39.090357872733485],[-77.02162536465255,39.08769319033009],[-77.02128187909734,39.08899076313345],[-77.01617510347897,39.093265630080374],[-77.014456934572,39.099753419231774],[-77.01301212952959,39.10020514313197],[-77.01438680095833,39.09501492860706],[-77.01371004280178,39.094234785114466],[-77.01635211826809,39.09092922549442],[-77.01499340429389,39.09105658178829],[-77.0147409426809,39.09034212376617],[-77.01686228513047,39.090670509992336],[-77.02171123412457,39.08736879703003],[-77.02344865909254,39.074130440143456],[-77.01911073643053,39.07717348875013],[-77.01622206405338,39.078077024176416],[-77.01085802293093,39.083324831484255],[-77.01000958027969,39.08319344052582],[-77.0103532397063,39.081895900279555],[-77.01511601079152,39.07891883491221],[-77.0161413997059,39.076713792780986],[-77.01945420489804,39.07587592477889],[-77.0224336731072,39.07296030210265],[-77.0232820187503,39.07309160799743],[-77.02456961068168,39.06822570017444],[-77.02822519746799,39.06609002288512],[-77.02585703022356,39.06335978327639],[-77.02272160854417,39.06186141886174],[-77.02255500671865,39.06082258803404],[-77.01610249304017,39.061849620869744],[-77.00830239479762,39.05962837103508],[-77.00558064152004,39.06157050610799],[-77.0048183761721,39.061114699569096],[-77.00796421127677,39.0592382856986],[-77.0092364514593,39.059435390057075],[-77.01060527608111,39.05593286932177],[-77.00840448126232,39.05424114747575],[-77.00960148845364,39.05138740487876],[-77.00400319890359,39.05085758833728],[-77.01019727951596,39.05080433573579],[-77.01046025636913,39.04814357439049],[-77.0074921599899,39.047683674123824],[-77.00690180376523,39.04657911909631],[-77.00741711190275,39.04463283412035],[-77.00894672242711,39.04385679786317],[-77.00742253050323,39.04294522427896],[-77.00861399966591,39.041779105802256],[-77.00649412091,39.04145058169777],[-77.00683764577771,39.04015306081924],[-77.00954782620103,39.041586123083874],[-77.00919896568992,39.044571261677596],[-77.00741169305073,39.04632044445332],[-77.01037973326807,39.04678034653453],[-77.01130829080289,39.048274961447596],[-77.01054078248994,39.04950680251731],[-77.01215101918027,39.05009395436128],[-77.01018656972008,39.054179560764695],[-77.01179158912217,39.05645433118735],[-77.01170039170816,39.05846632991638],[-77.01322496272104,39.059377853477635],[-77.01899567316327,39.05925847572613],[-77.01976314115812,39.05802658031406],[-77.02391817914052,39.059007534509895],[-77.02476134748635,39.06082644529385],[-77.02874992271984,39.06076841030508],[-77.03316742393469,39.05908824995388],[-77.0377609603212,39.05507151327727],[-77.03734160400272,39.05331829657918],[-77.03997645461601,39.0516998725446],[-77.03962879508501,39.05468510169475],[-77.03827079933865,39.0548127115953],[-77.03843761197056,39.055851520229815],[-77.03452550851188,39.05896069574169],[-77.03571204252182,39.0594819294575],[-77.03902383675246,39.05864354236961],[-77.03995313474405,39.06013794620764],[-77.0370701299882,39.05935434742108],[-77.03596460306665,39.06019634084516],[-77.03299585328882,39.05973704900294],[-77.0298506428637,39.0616140967863],[-77.0275584653549,39.06193472577838],[-77.0296692298245,39.06563812502889],[-77.02856352159755,39.06648005353934],[-77.02983594436628,39.06667694720819],[-77.02957360977504,39.06933775825253],[-77.03287626515068,39.071874770828614],[-77.0342345891673,39.07174721950547],[-77.03473977142123,39.07317605101133],[-77.03728489177259,39.07356969930186],[-77.04000624704108,39.071626865620146],[-77.03992514375024,39.07026365130619],[-77.04188373613046,39.06786518131847],[-77.04043042756366,39.07169245929064],[-77.04382389930623,39.07221715655467],[-77.04525887226542,39.07514031737093],[-77.04814259152405,39.075923728354184],[-77.04992517782779,39.07586157136906],[-77.04975815506906,39.07482277444074],[-77.05163082791444,39.07274856061765],[-77.05247922379438,39.07287966717364],[-77.05367480726801,39.07002549073136],[-77.05486165921928,39.07054654258659],[-77.0507736069713,39.075992689644394],[-77.05144619437328,39.07846025037243],[-77.05390587492313,39.07917797193516],[-77.05407296698101,39.08021676411611],[-77.05296295596958,39.08274653511004],[-77.05415001058337,39.08326759497542],[-77.0531213223191,39.087160577710335],[-77.05413700078789,39.088330468091925],[-77.05277403317272,39.09014586278095],[-77.05378105708742,39.09469100991574],[-77.05649419746145,39.09612306176813],[-77.0571671655129,39.09859060077876],[-77.06149643979695,39.09892146832717],[-77.06311231235618,39.09782033610237],[-77.06472404445036,39.098406811557936],[-77.06667853072153,39.0976955665728],[-77.06607874841262,39.09996654047723],[-77.0673518592365,39.10016305116787],[-77.06751919181552,39.10120182933889],[-77.06964506702928,39.099841685791226],[-77.0713425596009,39.100103648444154],[-77.07074685510176,39.10068701596795],[-77.0721873921609,39.101922250905744],[-77.06997980107064,39.10191923581206],[-77.06963711195827,39.10321694556523],[-77.06802523348993,39.10263053327415],[-77.06734379758694,39.1035383110011],[-77.06768652917975,39.10224060749037],[-77.06523001168964,39.099835526110674],[-77.06353254742724,39.0995734800029],[-77.06412830072212,39.09899014717564],[-77.06285521917137,39.09879360351528],[-77.0612393210688,39.099894732601456],[-77.0584402281171,39.09878720268468],[-77.05673853576339,39.10021269267885],[-77.0586889169557,39.10118920215295],[-77.05902334388695,39.10326678219615],[-77.06004354322918,39.10274899766633],[-77.06454037511955,39.10411854805491],[-77.06564216865617,39.10496392416493],[-77.06529938769572,39.10626162271611],[-77.06334878146669,39.10528521601047],[-77.06275297028786,39.10586854580304],[-77.0643648780415,39.1064550268178],[-77.06292025024743,39.10690733129751],[-77.06054944866123,39.10417773245097],[-77.05800313000226,39.103784558404776],[-77.05800737791557,39.10209692844808],[-77.05605698151527,39.10112040811187],[-77.05504972610974,39.09657527389777],[-77.0529280388193,39.09624753908228],[-77.05251245386627,39.09280673365529],[-77.05132525515243,39.09228565722207],[-77.0523497337837,39.0900803110242],[-77.05116698673757,39.08787160812001],[-77.05227275854314,39.08702947519338],[-77.05270578018222,39.08371977877841],[-77.05160445925037,39.08287429140882],[-77.0519517616918,39.079889013632865],[-77.04966354562762,39.078522429204924],[-77.0503449678002,39.07761475266024],[-77.04576429484675,39.07656910493096],[-77.04567401275938,39.07858113575202],[-77.0440583037907,39.07968203732436],[-77.04508737167033,39.075789134986245],[-77.04229406440712,39.07299362613981],[-77.04017312307022,39.072665675046245],[-77.03694175255902,39.07486731198676],[-77.03397239731594,39.07440804227419],[-77.03337660351558,39.07499122788065],[-77.03244725083137,39.073496770865695],[-77.033214641168,39.07226478922516],[-77.02821038483768,39.0711528771834],[-77.02659457650542,39.07225355019814],[-77.02598876199042,39.07621193983269],[-77.02700385062948,39.07738204952851],[-77.02434766750441,39.085750694563615],[-77.02578212418771,39.08867408750734],[-77.02705492806848,39.088871010457666],[-77.02746928494513,39.092311898333335],[-77.02950490188609,39.092964466502956],[-77.03112112670146,39.0918637514353],[-77.03561673956384,39.09323434515599],[-77.03689438767525,39.09174354167922],[-77.03637953505363,39.09368996539432],[-77.03773354253379,39.09525000175188],[-77.03721868754538,39.09719643022916],[-77.03840116234049,39.09940526971874],[-77.03780048201767,39.10167610782105],[-77.043574511669,39.10155558758311],[-77.0480664803813,39.10461336325057],[-77.04729900021006,39.105845444036774],[-77.04603037033569,39.10396109763036],[-77.04068517415102,39.10245969574838],[-77.03770994816541,39.10368814230123],[-77.03753358919599,39.106024582901696],[-77.0343912887277,39.106214131184835],[-77.03335157444273,39.1134822310598],[-77.0344531469693,39.114327885073095],[-77.03971793894394,39.1144663325576],[-77.04344744883694,39.11706868092907],[-77.04352867049964,39.118431904966904],[-77.04862220564884,39.119218796090344],[-77.04929957154694,39.11999875319969],[-77.05286690257073,39.119874379396954],[-77.05609120611172,39.12104758013855],[-77.05779339930893,39.11962209325895],[-77.0604260068301,39.11969085077554],[-77.06230368072008,39.115928823985286],[-77.06137320914684,39.11443457183828],[-77.06323831774894,39.11573543502208],[-77.06229538272937,39.119304093773984],[-77.06594836645245,39.11885492136735],[-77.06543410028708,39.12080147548172],[-77.06348310176443,39.119825068127156],[-77.05796064001179,39.12066088820345],[-77.05821363213549,39.12137526252557],[-77.05957283735675,39.12124743303976],[-77.06262171278442,39.12475694483832],[-77.06346661374884,39.12657561527901],[-77.06252769360573,39.12845664460303],[-77.06227878443406,39.12605464007316],[-77.05880537661079,39.12247958883859],[-77.0522708875335,39.120457660603726],[-77.05040142857612,39.120844266981315],[-77.05140432705191,39.12707709761088],[-77.05471469674957,39.12792591932796],[-77.05428583907933,39.12954801203563],[-77.05547366818953,39.13006906395062],[-77.05377118458597,39.13149452202593],[-77.05410561038629,39.1335721276211],[-77.05282757968877,39.135063120114985],[-77.05494607972075,39.13707850000929],[-77.05290462915882,39.13811398406503],[-77.05155389632273,39.13486645933059],[-77.05291773379271,39.133051062273395],[-77.05233037420008,39.13025906656445],[-77.0531794432079,39.130390169780135],[-77.05343677792031,39.129416916395826],[-77.05165727703458,39.127791486177934],[-77.04995920834439,39.127529253304324],[-77.05072687253167,39.12629715087644],[-77.04903329988909,39.12434726842282],[-77.0493809063264,39.121361974196425],[-77.04242231923843,39.119273965149844],[-77.04098194431495,39.118038381207185],[-77.0412393987019,39.117065155447996],[-77.03631777064298,39.115629151999485],[-77.03529722129649,39.11614674309264],[-77.03580273326087,39.11757558223895],[-77.03409535208472,39.12068840208307],[-77.0348488522923,39.124519305343064],[-77.03339886045161,39.12665890499093],[-77.03492513531174,39.127570173937364],[-77.03321265585011,39.132370626379505],[-77.03465318285495,39.13360630383117],[-77.03448144942224,39.13425511407852],[-77.03278329164402,39.133992646335884],[-77.03227772480868,39.13256379026514],[-77.0338185450858,39.12841215908528],[-77.03195363799314,39.127110851399586],[-77.03340368143331,39.12497126841152],[-77.03264541452805,39.1228279913242],[-77.03375674574121,39.12029838251384],[-77.03273611253658,39.12081595305942],[-77.0344435549628,39.117703151801365],[-77.0335994839257,39.11588428743371],[-77.0313104792635,39.11451735579503],[-77.03165390637855,39.11321974897124],[-77.03055238324568,39.11237407033999],[-77.03183047193211,39.110883313472854],[-77.03235041257545,39.10724927153402],[-77.0300617034981,39.10588231918912],[-77.02784409653029,39.10925381668935],[-77.02731895465806,39.114575473519665],[-77.02195810629831,39.11813616224418],[-77.02178629604359,39.11878495296269],[-77.02348405851757,39.11904757006983],[-77.02314045788839,39.12034515580107],[-77.02195301982792,39.11982379609118],[-77.02067457108551,39.121314454012996],[-77.02220057397413,39.122225878159824],[-77.02024499223268,39.12293642709918],[-77.01990131533553,39.124234004873585],[-77.02108881077349,39.124755384629886]],[[-77.02603366099052,39.061023377700415],[-77.0263719497789,39.06141341396858],[-77.02645776702387,39.061089018942106],[-77.02603366099052,39.061023377700415]]],[[[-77.08475449243277,38.82497799508809],[-77.0812906297507,38.823091294878246],[-77.07867996914551,38.81796029993891],[-77.08045251234279,38.819585267772744],[-77.08112373914115,38.8220525775813],[-77.08407948766626,38.824198265647716],[-77.08501032804122,38.82400472143669],[-77.0850139346945,38.82231716001465],[-77.08636751914437,38.82218904335121],[-77.08568893204053,38.823096884210734],[-77.08754702321772,38.82439732621028],[-77.08636036833191,38.825564166523],[-77.08813326750209,38.82718902568362],[-77.08601926939993,38.82686186855736],[-77.08475449243277,38.82497799508809]]],[[[-77.07941026612815,38.83191613061084],[-77.07823841433525,38.82633264439339],[-77.0767179031325,38.82542194866497],[-77.07596529397206,38.821591471489675],[-77.07326586277837,38.818472341517186],[-77.07030671789353,38.81801395657946],[-77.0681970612203,38.8159989356685],[-77.06490069237132,38.81515051265302],[-77.06565670823642,38.817293494570286],[-77.06437628819361,38.82215965515151],[-77.06123797522032,38.825724995759465],[-77.05929492716635,38.82474856585912],[-77.05981145929567,38.821114563006375],[-77.05735617781839,38.82208454506842],[-77.05692917745833,38.823706571978356],[-77.05439267128797,38.82331334011364],[-77.0548197257619,38.82169132201549],[-77.0527147444831,38.81798847690221],[-77.05482833585462,38.8183162021912],[-77.05592141948519,38.82084918893843],[-77.0571896304195,38.82104579565767],[-77.05778739568535,38.8187749570084],[-77.06218543575204,38.8187813810645],[-77.06117338201265,38.81761160180996],[-77.06210419908234,38.81741822990173],[-77.06194173485295,38.81469192797939],[-77.0605924179532,38.81313221848656],[-77.06887580000262,38.81509119132491],[-77.06971726956378,38.81690973512981],[-77.07343650760562,38.81782350872288],[-77.07655867699727,38.82100810278039],[-77.07705916084682,38.8241242724479],[-77.08034493251276,38.83003505869803],[-77.08178028532116,38.83127013300157],[-77.08330462831636,38.830493204322906],[-77.08584154003324,38.830885844297505],[-77.0854151218109,38.83250797083922],[-77.07941026612815,38.83191613061084]]],[[[-77.07231508316879,38.863905617441105],[-77.07434472224121,38.86455742854758],[-77.07493462603351,38.86566163368288],[-77.07383247463565,38.86650394001307],[-77.07594756786678,38.86683130657715],[-77.0780589102663,38.868846206588145],[-77.08127620892903,38.868331138105184],[-77.08152855366704,38.86904543667223],[-77.07915730379612,38.86969143217388],[-77.08152117414956,38.87242057703668],[-77.08541405983453,38.87268514841617],[-77.0854957941314,38.87404829253435],[-77.08811955647242,38.87411646098383],[-77.08701742960953,38.8749588854166],[-77.09217283551278,38.87879467732124],[-77.08921112216,38.878336741099474],[-77.08870622267352,38.87690817323049],[-77.08667611117382,38.87625659641633],[-77.08439001434937,38.8765782648943],[-77.0838852215565,38.87514967768743],[-77.08541045995422,38.87437271927069],[-77.0813504734594,38.873069424863424],[-77.08016292680693,38.874236212107505],[-77.08042271207088,38.87157537213175],[-77.07915355918098,38.8713790022455],[-77.07678981127226,38.86864981255678],[-77.07501231608408,38.86871235299524],[-77.07256342781768,38.866307502751766],[-77.0731572021305,38.86572414748932],[-77.07112754118839,38.86507231684329],[-77.0712943878407,38.86611105249848],[-77.06858552978012,38.86636694274356],[-77.06808111749814,38.86493829290275],[-77.07019613945863,38.86526575757555],[-77.06994391887112,38.86455143625175],[-77.07231508316879,38.863905617441105]]],[[[-77.03529813404542,38.905779592434214],[-77.03327250533906,38.903439563017784],[-77.03395728731877,38.90084442612777],[-77.03632995178842,38.90019929313844],[-77.03886903750738,38.90059289840544],[-77.03903550552866,38.901631681931214],[-77.04140352993623,38.90267402696762],[-77.04817925318255,38.902035672963066],[-77.05164601197367,38.90392331635159],[-77.05037196000194,38.905414227173786],[-77.05070525090856,38.90749176451766],[-77.04926448419491,38.907943895816075],[-77.04757154906882,38.90768163977241],[-77.04791371138113,38.90638403150902],[-77.04342482438965,38.906701499521816],[-77.03749977945957,38.905783223354824],[-77.036986257384,38.907729592204504],[-77.04155618676778,38.908775536089195],[-77.0401106866775,38.910915138167674],[-77.04188924160559,38.91085309802808],[-77.04264557376663,38.91299624411737],[-77.03950694866465,38.91487349367258],[-77.03950228300563,38.916561071922565],[-77.03755239220003,38.917271868895135],[-77.0362825587362,38.91707505884877],[-77.03628729902971,38.91538748060626],[-77.03374771150948,38.91499382170363],[-77.03459901691687,38.91343746937104],[-77.03620643931518,38.91402429716186],[-77.03654883389386,38.912726719199846],[-77.03545028594377,38.91188111151198],[-77.03714799505255,38.910455956021906],[-77.03621592281264,38.91064914241142],[-77.03604947439364,38.909610353893314],[-77.03376690573225,38.90824351321148],[-77.03402371502295,38.90727033559418],[-77.03529337146053,38.90746716852032],[-77.03529813404542,38.905779592434214]]],[[[-77.05957653156997,38.91561843907141],[-77.06101738607367,38.91516618749098],[-77.06347164634538,38.91588370118939],[-77.06338616505008,38.91620811445536],[-77.05957653156997,38.91561843907141]]],[[[-77.05854627661964,38.92119894290199],[-77.06133854572211,38.92230643865898],[-77.05837525690973,38.921847763055915],[-77.05854627661964,38.92119894290199]]],[[[-77.04588738211208,38.93578381622213],[-77.050215762676,38.93273990212379],[-77.04691431864802,38.93189098861119],[-77.04412646094998,38.92909558499858],[-77.04430217992741,38.926759202753956],[-77.04540558477372,38.92591715272644],[-77.04938231708917,38.92754603745015],[-77.04812120595415,38.92397418665952],[-77.05008001520768,38.91988806295906],[-77.05363754326915,38.91976367101103],[-77.05821693160242,38.91743384341208],[-77.05736608421093,38.91899035867054],[-77.05482194625878,38.9202847109369],[-77.05084108560371,38.92034358174653],[-77.04888230680048,38.92442971771812],[-77.05006233005979,38.9266383842961],[-77.04963455416181,38.928260406276635],[-77.04506328599135,38.92721475742196],[-77.04505874830683,38.92890233866786],[-77.04674766905829,38.93085221151371],[-77.05267050881918,38.93345763130451],[-77.0484322204103,38.934489644537074],[-77.04825661530002,38.936826035106904],[-77.05316639287607,38.93826152331111],[-77.0500992539168,38.94487739474457],[-77.04882890506137,38.944680712440324],[-77.04806312374198,38.945912765114386],[-77.04628371758798,38.945974894103635],[-77.04458535904119,38.94740018156379],[-77.044414153361,38.9480489848024],[-77.04492321924387,38.947790160224244],[-77.04737842067897,38.948507995659334],[-77.04490959197042,38.952852919659456],[-77.04287316490907,38.95388820602006],[-77.04653148334539,38.94837685692481],[-77.04381947730131,38.948632208514866],[-77.04424750245812,38.947010202004805],[-77.04560800307513,38.94519494349554],[-77.0472162153657,38.94578163110287],[-77.04942350871538,38.94409746504171],[-77.04959466046307,38.9434486552533],[-77.04713960778832,38.942730864196065],[-77.05018924792064,38.9428654042854],[-77.05163947214366,38.93903809124517],[-77.05147273878393,38.93799931947303],[-77.04766206167926,38.93740927631903],[-77.04766653955784,38.93572169300839],[-77.04588738211208,38.93578381622213]]],[[[-77.0359687722068,38.93829921369957],[-77.04105888673878,38.935711224459986],[-77.04224345911572,38.936232385650506],[-77.03918943721975,38.93778523342853],[-77.03791924158008,38.93758843959672],[-77.03766237742254,38.93856162924362],[-77.0359687722068,38.93829921369957]]],[[[-77.03300499245569,38.9378399308777],[-77.02623575370127,38.935102293408384],[-77.03148757145351,38.935241084983545],[-77.03580226410593,38.937260420983606],[-77.03300499245569,38.9378399308777]]],[[[-77.06094234570914,38.94554266984442],[-77.06348314578675,38.94593577339002],[-77.06398802903327,38.94736445687269],[-77.06094234570914,38.94554266984442]]],[[[-77.0608568183197,38.94586708268274],[-77.05763594882261,38.946381626124314],[-77.05738357045642,38.94566727177838],[-77.0608568183197,38.94586708268274]]],[[[-77.05001367899328,38.945201800074365],[-77.05170749538281,38.945464024098754],[-77.05145078775433,38.946437243364564],[-77.05001367899328,38.945201800074365]]],[[[-77.05321715149593,38.9514377995595],[-77.05474000075448,38.95234879795751],[-77.05262251828157,38.952021065750706],[-77.0519510591442,38.94955356225193],[-77.05313593472596,38.950074620426264],[-77.05321715149593,38.9514377995595]]],[[[-77.05609177274518,38.953908597674754],[-77.05770026202183,38.95449515009143],[-77.05794843349213,38.9568970930247],[-77.05719119468357,38.95475402734779],[-77.05609177274518,38.953908597674754]]],[[[-77.01614750613867,38.96494187094366],[-77.0149836026982,38.95767010674226],[-77.01702572154895,38.954947690939754],[-77.0164359727324,38.95384319749545],[-77.01448485812132,38.954553635386105],[-77.01203508221496,38.95214756254362],[-77.01796357944185,38.95306706134376],[-77.01966259135072,38.95164213725622],[-77.0236451885501,38.95158426706247],[-77.02465850171791,38.95275437211402],[-77.02559114372531,38.95256127149049],[-77.02533905840036,38.951846851361495],[-77.02797050327615,38.95022870807536],[-77.02755198665132,38.948475487592994],[-77.02958848016003,38.947440453536366],[-77.0303497103568,38.947896099805504],[-77.02993114984638,38.946142887931806],[-77.03086369317188,38.94594974785336],[-77.03214369208582,38.9427714449869],[-77.02841858992463,38.94185641738962],[-77.02646791347651,38.94256704251352],[-77.02757176413257,38.94172514933968],[-77.02655855764436,38.94055506991361],[-77.02800011063479,38.94010320049278],[-77.02791937862781,38.93874000708153],[-77.02876617032788,38.938871272703665],[-77.03113039756394,38.94160140273494],[-77.03324748020817,38.941929501282594],[-77.03512197417693,38.93816799725947],[-77.0359687722068,38.93829921369957],[-77.03519807339909,38.941218769611105],[-77.03213885396292,38.944459029376425],[-77.03000215179794,38.950881252732046],[-77.02813692928328,38.95126751320076],[-77.02770852013714,38.95288946508592],[-77.02643809199903,38.95269255326335],[-77.02567184746115,38.953924469085486],[-77.02355445012795,38.953596240680874],[-77.01820527287197,38.957156669946635],[-77.01888080478099,38.95793677112656],[-77.01758442972739,38.966177710021626],[-77.01834578073965,38.96663343118597],[-77.01630338338147,38.96935587337877],[-77.01529520377171,38.96649810775629],[-77.01614750613867,38.96494187094366]]],[[[-77.03608801738467,38.986266108749064],[-77.03880145321844,38.98601092474132],[-77.03752570073391,38.98750172085807],[-77.03498358955919,38.987108083228186],[-77.03608801738467,38.986266108749064]]],[[[-77.0440432745351,38.99121197346942],[-77.04227196973602,38.987898852686804],[-77.03802565804564,38.99061811489123],[-77.04270026037105,38.98627684207004],[-77.04447154518535,38.989589955907725],[-77.04429112037779,38.99361395695978],[-77.04344366354435,38.99348279626207],[-77.0440432745351,38.99121197346942]]],[[[-77.04251054437388,38.9936760322753],[-77.04344366354435,38.99348279626207],[-77.04199192288748,38.997310044409126],[-77.04063500223648,38.99743767892521],[-77.04251054437388,38.9936760322753]]],[[[-77.0126692888719,38.99310549622255],[-77.01334509520251,38.99388563177326],[-77.00876484216653,38.99452623127193],[-77.00893647510628,38.99387747277309],[-77.0126692888719,38.99310549622255]]],[[[-77.00820135244912,39.01166089443701],[-77.00261165830939,39.009443418233495],[-77.00143173268813,39.007234273332124],[-77.0032071618561,39.00886038672675],[-77.00507399347117,39.008474497695424],[-77.00524022575091,39.00951334271786],[-77.00812091206814,39.01029767346339],[-77.00820135244912,39.01166089443701]]],[[[-77.04143864593041,39.04449738963323],[-77.03279646004259,39.04045889264149],[-77.02865713834166,39.03441541231364],[-77.02951485579155,39.03117145961196],[-77.02824798943844,39.02928695709002],[-77.02834362426451,39.025587350608056],[-77.02937276786847,39.02169461522132],[-77.03123979000944,39.02130833196189],[-77.03217813606561,39.01942757564651],[-77.03092114796429,39.01416789818364],[-77.02736887093121,39.010916436376625],[-77.02634972704872,39.011433944338236],[-77.02355456952377,39.010325646178664],[-77.02211159724501,39.01077746871184],[-77.02184918169827,39.01343823796866],[-77.02066349812789,39.012916875950104],[-77.02101683696677,39.008244120337956],[-77.01695053342983,39.00693869209666],[-77.01543224465269,39.00433962298446],[-77.01407514633584,39.004466967316695],[-77.01323289840039,39.00264800131131],[-77.01229958147047,39.002841010491444],[-77.01027199002465,39.000500572703935],[-77.00875945830832,38.996213827708054],[-77.0038466466723,38.99477656948787],[-77.00495702319279,38.992247275442345],[-77.00597605045837,38.99172994467135],[-77.00623896816509,38.98906921818144],[-77.00496796645643,38.98887208544061],[-77.00438361056167,38.986079935060246],[-77.00268901946978,38.98581706330541],[-77.00066221150504,38.98347647480363],[-77.00354181771955,38.98426090856024],[-77.00430875633694,38.983029123896685],[-77.0060032883543,38.98329197342482],[-77.0107597838425,38.98031512432392],[-77.0125400599149,38.98025350458682],[-77.01270633431135,38.98129233500799],[-77.01143545091769,38.98109526872914],[-77.01075444730117,38.98200271713197],[-77.00795525632797,38.98258166588273],[-77.00667893207454,38.984072144079526],[-77.00387962907133,38.984651001093404],[-77.007000487644,38.989525010536596],[-77.0046940471196,38.99490800053616],[-77.00723626683045,38.99530225898804],[-77.00876484216653,38.99452623127193],[-77.00893109527725,38.9955650690448],[-77.01054012511267,38.99615223651039],[-77.01011105935841,38.99777413855958],[-77.01154320926368,39.00069765149034],[-77.01290024169829,39.00057033491223],[-77.01365665256336,39.002713685601584],[-77.01687513071492,39.00388787854814],[-77.01763169319247,39.00603120615109],[-77.02127416987186,39.007270955002255],[-77.02279272856606,39.00986995388979],[-77.02601665552054,39.00935631017705],[-77.02670766180256,39.00507357366265],[-77.02916952802697,39.004104175955874],[-77.02635470393533,39.009746343070645],[-77.02703081164063,39.010526406170435],[-77.0305070729415,39.01072706883923],[-77.03143558378025,39.01222152421975],[-77.03516910002027,39.01144886883245],[-77.03440238439676,39.01268084965665],[-77.0321117689809,39.01300155996317],[-77.03151160585935,39.01527233299767],[-77.03261650152335,39.0144303856452],[-77.03337845178962,39.01488601798969],[-77.0343022818953,39.01806805631326],[-77.03310679231733,39.020922020656435],[-77.03428790209281,39.023130869340726],[-77.03767906362125,39.02365572995468],[-77.03878401524601,39.02281372656057],[-77.03869360677623,39.024825733419384],[-77.04174205307312,39.02664808889074],[-77.04428558297762,39.02704159058636],[-77.0476814820814,39.02587857195805],[-77.04954407461487,39.02717961967933],[-77.04996357438182,39.02893278730948],[-77.05157367366542,39.02951942603106],[-77.04944951626624,39.030879243382486],[-77.04843918124395,39.02802171942344],[-77.04640521225679,39.02736946889031],[-77.04360455905366,39.027949225859516],[-77.04605793294913,39.03035470356479],[-77.04494840423354,39.03288438070575],[-77.04402392006872,39.02970241377583],[-77.04275210585051,39.02950566666915],[-77.04148492550516,39.02762129972217],[-77.04046564798139,39.02813892497107],[-77.0402988699472,39.027100124002644],[-77.03902711131762,39.02690333883474],[-77.03928426923781,39.02593013320922],[-77.03792680983086,39.02605773871797],[-77.03699798895451,39.02456332848409],[-77.03487848388502,39.02423528977333],[-77.03242568619316,39.021829593696836],[-77.03106829129216,39.02195712414782],[-77.0293531358164,39.02844503682566],[-77.03111023589972,39.03682118790384],[-77.03204393903114,39.03662803622744],[-77.03500218341831,39.04046256802423],[-77.04245814585646,39.043979754958166],[-77.04381593191788,39.04385209952792],[-77.04423538975716,39.04560529147577],[-77.0420295099033,39.0456017800528],[-77.04143864593041,39.04449738963323]],[[-77.03793151907324,39.02437013294566],[-77.03742189226281,39.02462893188736],[-77.03784579633587,39.02469453384433],[-77.03793151907324,39.02437013294566]]],[[[-76.99924562720842,39.02715685127678],[-77.00322686139779,39.028787240892015],[-77.00314097864657,39.029111618051836],[-76.99983570947617,39.02826143903129],[-76.99924562720842,39.02715685127678]]],[[[-77.00314097864657,39.029111618051836],[-77.00559851300828,39.02983028938711],[-77.00704196592044,39.02937865735356],[-77.00652675583729,39.0313249357089],[-77.00373113594395,39.03021618765837],[-77.00314097864657,39.029111618051836]]],[[[-77.00652675583729,39.0313249357089],[-77.01058889165972,39.034318317578524],[-77.00931171328212,39.03580883530645],[-77.01184475731323,39.03957821846164],[-77.00726161274096,39.04021876734583],[-77.00930096458765,39.039184051512564],[-77.00973029276363,39.03756214123715],[-77.0085443027279,39.037040661398116],[-77.00974102129067,39.03418692592553],[-77.00762135877372,39.033858421482805],[-77.00652675583729,39.0313249357089]]],[[[-77.01532236561934,39.03977930726794],[-77.0165942852657,39.03997633561124],[-77.01769454926013,39.04082212670701],[-77.0155746573842,39.040493757632966],[-77.01532236561934,39.03977930726794]]],[[[-77.01523652384601,39.04010369339398],[-77.01175890026268,39.03990260217287],[-77.01184475731323,39.03957821846164],[-77.01523652384601,39.04010369339398]]],[[[-77.00682678158988,39.04352827931915],[-77.00529715535033,39.04430428942685],[-77.00393929332986,39.044431523810566],[-77.00606469758351,39.0430724818664],[-77.00682678158988,39.04352827931915]]],[[[-77.01046560459399,39.04645596339236],[-77.0153820392426,39.04789297185749],[-77.01767382773005,39.047572568303515],[-77.02081874507462,39.0456958334201],[-77.02217152482372,39.047256025723335],[-77.02047544353695,39.046993394191745],[-77.01970810408054,39.04822529162056],[-77.01860770462528,39.0473795172805],[-77.01478631362087,39.048476065569965],[-77.01046560459399,39.04645596339236]]],[[[-76.99679581107156,39.07473003750467],[-76.99298416535002,39.07245068354548],[-76.99163733036453,39.069202549535795],[-76.99874470259691,39.075707482626115],[-76.99746655393072,39.07719788941118],[-76.99679581107156,39.07473003750467]]],[[[-77.0208065043474,39.105801371615165],[-77.02233218301919,39.10671279139216],[-77.0164717929077,39.107156716012646],[-77.01757826039193,39.106314888741885],[-77.0206347129803,39.10645015918873],[-77.0208065043474,39.105801371615165]]],[[[-76.97775984505412,39.128176369440865],[-76.97852264443559,39.128632347736605],[-76.97715090216687,39.13213456273336],[-76.9767325641838,39.13038111640523],[-76.97775984505412,39.128176369440865]]],[[[-76.97374890550918,39.13329567494895],[-76.97630195029515,39.13200294043266],[-76.9764680537346,39.13304184715539],[-76.97910106981979,39.133112326662086],[-76.9802083659062,39.13227082776306],[-76.98182019246589,39.132858381858206],[-76.98327182751413,39.130719381294455],[-76.98412077701086,39.13085095598218],[-76.9826691643383,39.1329899665117],[-76.98394262791548,39.13318733263202],[-76.98368434852318,39.1341604426881],[-76.98088511858208,39.13305115938274],[-76.97799374807086,39.13395381584415],[-76.97510848199798,39.13316876848202],[-76.97220454753239,39.13744656509023],[-76.97093104117478,39.1372490786077],[-76.97374890550918,39.13329567494895]]],[[[-77.02490499109534,38.92679184877322],[-77.02466302221589,38.92270227057132],[-77.02305550130815,38.92211529246441],[-77.0238214554319,38.92088339824325],[-77.02534329801331,38.921794753580016],[-77.02617993840278,38.92530119550168],[-77.02702657070239,38.925432472757315],[-77.02625564956159,38.92835196792738],[-77.02490499109534,38.92679184877322]]],[[[-77.00170915077474,38.92285484926374],[-76.99985008113799,38.921553104723074],[-77.00019315883875,38.92025562595405],[-77.0027272301492,38.92233755036922],[-77.00238418778821,38.923635036510376],[-77.00373980026069,38.92350782149788],[-77.00347702794194,38.92616851736338],[-77.00245890033591,38.92668582268032],[-77.00296245278552,38.92811475042182],[-77.00203006389397,38.92830768026828],[-77.00118344325898,38.928176232318805],[-77.00237866131,38.92532261520706],[-77.00170915077474,38.92285484926374]]],[[[-77.00456994413665,38.9287019894539],[-77.00566293637999,38.931235452786034],[-77.00455351475114,38.933764730480284],[-77.00183636617078,38.935706744892556],[-77.00192768238757,38.93369479227896],[-77.00032567690229,38.93141993820669],[-77.00329449495314,38.930192421211565],[-77.00296245278552,38.92811475042182],[-77.00321423642104,38.92882921362982],[-77.00456994413665,38.9287019894539]]],[[[-76.99884090262334,38.9703615660067],[-77.0029961694236,38.96965561618446],[-77.00222934951934,38.970887390244876],[-76.99849756461408,38.97165905023522],[-76.99884090262334,38.9703615660067]]],[[[-76.99990079502798,38.98302064398858],[-76.99617971280937,38.980417050550756],[-76.99863553392426,38.981135854045824],[-76.99990079502798,38.98302064398858]]],[[[-76.9966608597633,38.988596387793955],[-76.99429068027362,38.98755317557591],[-76.99201222289038,38.984497958042326],[-76.991428399243,38.981705748573695],[-76.99261336474498,38.982227387178895],[-76.99252173008387,38.984239347145454],[-76.99488607133944,38.986970185998814],[-76.997594035449,38.98840349661947],[-76.99843010440172,38.9919101594625],[-76.9966608597633,38.988596387793955]]],[[[-76.99841323348056,38.9969729466592],[-76.999421172242,38.999830862748354],[-76.99949023927971,39.004569283130515],[-76.99688449633068,38.99774884719813],[-76.99843010440172,38.9919101594625],[-76.99952383240797,38.99444370034864],[-76.99841323348056,38.9969729466592]]],[[[-76.98905096971346,39.00733959517197],[-76.98431562734386,39.00356523109902],[-76.98329628028061,39.00408238500026],[-76.9836400424331,39.002784936345314],[-76.98169330741841,39.00180726654685],[-76.98195114356042,39.00083418380158],[-76.9850030981406,39.00097032767475],[-76.98389785600064,39.00181184940559],[-76.98524902777196,39.00337243228563],[-76.99032806336541,39.00584929283154],[-76.98929121789925,39.01142929386637],[-76.99385551418553,39.01585221302653],[-76.993935693336,39.017215444460824],[-76.99199420816379,39.01455033273343],[-76.9891994545559,39.01344126065574],[-76.98852958008322,39.01097339128451],[-76.98725235961706,39.01246367635701],[-76.98905096971346,39.00733959517197]]],[[[-76.96570707002891,39.01384577859964],[-76.96767292827555,39.009760903784816],[-76.96785129764007,39.00742460262053],[-76.96920853189846,39.00729776352671],[-76.97253116646826,39.00308596226112],[-76.97643677994525,39.00166636508267],[-76.97515947516322,39.00315652351584],[-76.97329262143354,39.00354196239793],[-76.9703077505189,39.00814396967653],[-76.96946025806743,39.00801230361835],[-76.96654825899166,39.01566507009891],[-76.96570707002891,39.01384577859964]]],[[[-76.98716642490173,39.01278804159071],[-76.98809993612363,39.012595221056664],[-76.98571133787067,39.016614642716796],[-76.98478371053285,39.01511984450267],[-76.9865648604337,39.01505859704117],[-76.98716642490173,39.01278804159071]]],[[[-76.99569982118786,39.02221687307294],[-76.99587732079337,39.019880526994534],[-76.99646162169559,39.02267273250839],[-76.99569982118786,39.02221687307294]]],[[[-76.98196501710434,39.020761014729466],[-76.97848841062691,39.02055899264801],[-76.97908419854694,39.01997607580629],[-76.98307056956689,39.01991950762189],[-76.98290463016309,39.01888063118225],[-76.98571133787067,39.016614642716796],[-76.98510969632756,39.01888519253833],[-76.98349439709864,39.019985295047995],[-76.9847599416631,39.02187025097083],[-76.98315055104865,39.02128274692338],[-76.98204497878879,39.02212425493252],[-76.98196501710434,39.020761014729466]]],[[[-76.96649733105113,39.02916588455985],[-76.96955674187662,39.027614805311856],[-76.96939097796327,39.026575909497154],[-76.97057651648365,39.027097762237034],[-76.97261602219596,39.026063651099896],[-76.9732917050726,39.02684400880479],[-76.97727845706297,39.02678762650605],[-76.97795419669566,39.02756795893638],[-76.97778220785663,39.02821667810432],[-76.97625873445595,39.02730472458657],[-76.97049049009809,39.027422116706774],[-76.96589498574845,39.031436345971805],[-76.96649733105113,39.02916588455985]]],[[[-76.9606363472385,39.03129477484252],[-76.95817264753582,39.03226281759439],[-76.95580159715237,39.03121886312186],[-76.95443724581523,39.03303316007628],[-76.95291396432297,39.032120919464674],[-76.94901302938915,39.03185217985054],[-76.94876820040344,39.02944999242828],[-76.95038423507738,39.02835033998829],[-76.95039097594635,39.02666273760593],[-76.94767571430644,39.026915990325776],[-76.94938459217896,39.02380441135545],[-76.95074216430173,39.023677773799285],[-76.95115926185329,39.02543127320702],[-76.95243075644505,39.02562895807202],[-76.95600023277804,39.023819763699656],[-76.95539760403955,39.02609017215421],[-76.95149698341423,39.02582151082735],[-76.95106642588505,39.0274432162926],[-76.95166248998049,39.02686043037773],[-76.95360949183049,39.02783857504363],[-76.95198681340983,39.03062587247097],[-76.95376170777571,39.03225269899065],[-76.95511942999379,39.032126013403165],[-76.95554992486363,39.030504292613735],[-76.95834482087562,39.031614125156466],[-76.9605567768041,39.02993151880314],[-76.96436517720873,39.03221185035953],[-76.96410699448354,39.033184901568994],[-76.96233184593552,39.031558222648854],[-76.9606363472385,39.03129477484252]]],[[[-76.95961644310452,39.0318117366537],[-76.9608019968343,39.03233368316168],[-76.96088157449452,39.03369693959619],[-76.95902040217102,39.03239456122809],[-76.95961644310452,39.0318117366537]]],[[[-76.9666376034886,39.036955204550196],[-76.96410699448354,39.033184901568994],[-76.96537865983693,39.03338245411943],[-76.9666376034886,39.036955204550196]]],[[[-76.9727994188646,39.045341852430084],[-76.96967216289629,39.042154546251886],[-76.96839400818402,39.043644645076505],[-76.96720821552282,39.04312277003507],[-76.96671093259768,39.04000606488273],[-76.9678232914752,39.037477084487925],[-76.9666376034886,39.036955204550196],[-76.96867112438352,39.03760876236223],[-76.96780427876762,39.04253990510199],[-76.96942031644117,39.04144000253037],[-76.97187793405163,39.04215934260294],[-76.97298392861568,39.041317922273045],[-76.97221584450533,39.042549524974106],[-76.97348148941671,39.04443460300688],[-76.9727994188646,39.045341852430084]]],[[[-76.9770452415423,39.044312406169574],[-76.97993305907315,39.04340978690376],[-76.97925107864057,39.04431707159],[-76.9770452415423,39.044312406169574]]],[[[-76.97450147202414,39.043917526225684],[-76.97628333605475,39.043856425961145],[-76.97619731529947,39.04418078530674],[-76.9770452415423,39.044312406169574],[-76.97695922364659,39.04463676606833],[-76.97450147202414,39.043917526225684]]],[[[-76.95945852360605,39.050699759194124],[-76.95794137653611,39.04809996844013],[-76.96068340862254,39.04109605915591],[-76.96155720236634,39.03447736214299],[-76.96239852617433,39.03629668800413],[-76.9609416652549,39.04012301375412],[-76.96127301813165,39.04220083266105],[-76.95896152107721,39.04758301894305],[-76.96064438421968,39.05122170890091],[-76.95969725027264,39.05478954481723],[-76.95945852360605,39.050699759194124]]],[[[-76.97566886310557,39.04950215958772],[-76.97279319641034,39.04702946134806],[-76.9727994188646,39.045341852430084],[-76.97364114971347,39.04716110551292],[-76.97609900247542,39.047880362780816],[-76.97617888399228,39.04924361303046],[-76.97736484087628,39.04976540298506],[-76.97566886310557,39.04950215958772]]],[[[-76.98227484194108,39.05289133337645],[-76.97904867563511,39.053403844945045],[-76.97971255651107,39.05755939553448],[-76.9835230052135,39.05983915048214],[-76.98360303910454,39.06120239882009],[-76.9872476998688,39.06244315751511],[-76.9883420994264,39.064976826857375],[-76.99071471824931,39.066020166136646],[-76.9964000362081,39.06622620837042],[-76.99571804725403,39.067133587097004],[-76.99096685920796,39.06673466974974],[-76.99189527245251,39.06822943501643],[-76.9912132084642,39.06913678934371],[-76.99045676819607,39.06699327781834],[-76.98783201141225,39.065235424069094],[-76.98741380079525,39.063482035915754],[-76.98334501094236,39.06217549489664],[-76.98115069136423,39.05879567503115],[-76.97911646559756,39.058142319135065],[-76.97919641498065,39.05950556989963],[-76.98139668932768,39.06119781066407],[-76.97756178445594,39.065668445685816],[-76.97713157245619,39.06729025265777],[-76.97848381619936,39.06885092651768],[-76.97576092089865,39.07079241146645],[-76.97599448031889,39.07656979830848],[-76.97828124892852,39.07793773828559],[-76.9784472570898,39.07897663158133],[-76.97699038558132,39.08280317449427],[-76.98208070173436,39.08359278580764],[-76.98343335514312,39.08515341045134],[-76.98758945354548,39.086135584392615],[-76.99215833905748,39.09055862375369],[-76.99215256237166,39.09224624736823],[-76.99656147471963,39.093942626862045],[-76.99698008142785,39.09569599403119],[-77.00071267509315,39.09661198878584],[-77.00138375301887,39.09907982959689],[-76.99960615997776,39.09745366437975],[-76.99706040731964,39.09705924265178],[-76.99477839945176,39.094004018560746],[-76.99147027614347,39.09315360711935],[-76.98910845548038,39.08873503073726],[-76.98623077885858,39.0862626261511],[-76.98317523966047,39.08612651041457],[-76.98267098135501,39.084697466092585],[-76.97630799870325,39.08371044940908],[-76.97418084941576,39.08506899198751],[-76.97535504384253,39.08896604739218],[-76.97780821789144,39.09137289880594],[-76.97898270875528,39.09526992453418],[-76.98042157763476,39.09650622100453],[-76.97770992323643,39.09507250908727],[-76.97712576074188,39.09228017965939],[-76.97357828078802,39.08733951312452],[-76.97316650412779,39.08389844934129],[-76.96866000447427,39.085900840043024],[-76.9711316474433,39.083244959744135],[-76.97580389220934,39.082281377868405],[-76.97666453375777,39.07903776326337],[-76.97514000899815,39.07812578789901],[-76.97438394924876,39.075982175057696],[-76.97466069130039,39.0699462445331],[-76.97084372109654,39.06935382914275],[-76.97058549316812,39.07032690013508],[-76.96846495383383,39.06999772537333],[-76.96778258076395,39.07090495134956],[-76.9671065474231,39.07012455769041],[-76.96821302276875,39.06928317569851],[-76.96990943510883,39.06954652180689],[-76.9711019421107,39.068380757784766],[-76.97517085923393,39.06968770117691],[-76.97678738903303,39.0685876975034],[-76.97569949464102,39.06436631004606],[-76.97765393586234,39.06365646956802],[-76.97961440450253,39.06125898446237],[-76.97742028604482,39.05787909926326],[-76.9772665799153,39.05346498497824],[-76.97922678650043,39.05106751030472],[-76.97964472823895,39.05282092215626],[-76.98227484194108,39.05289133337645]]],[[[-76.94730589766883,39.07650533883116],[-76.94171307550036,39.074285096683056],[-76.9420579120251,39.072987747741664],[-76.94256129046613,39.07441695363778],[-76.94391981989851,39.07429038955515],[-76.94493355998267,39.07546116877881],[-76.94747827281773,39.07585665642027],[-76.94730589766883,39.07650533883116]]],[[[-76.93685430705042,39.079271296197916],[-76.93914743054519,39.078952339725994],[-76.93846460742755,39.07985940614134],[-76.93981625452878,39.08142050425069],[-76.93685430705042,39.079271296197916]]],[[[-76.96390130571521,39.08718850731581],[-76.96645290574963,39.085895986497945],[-76.96866000447427,39.085900840043024],[-76.96449133815818,39.088293274661766],[-76.96390130571521,39.08718850731581]]],[[[-76.93428105382753,39.08562606171885],[-76.93512228688535,39.08744558882443],[-76.93494977394117,39.08809425547776],[-76.93308767318112,39.086791475957334],[-76.93343272304853,39.085494147973336],[-76.93428105382753,39.08562606171885]]],[[[-76.93638067946473,39.09101868020138],[-76.93451847810523,39.08971592140699],[-76.93494977394117,39.08809425547776],[-76.93655318657798,39.090370011207604],[-76.93638067946473,39.09101868020138]]],[[[-76.98047135071178,39.10630761287963],[-76.9764002871556,39.10500083411177],[-76.97622810111727,39.10564956015195],[-76.97672624174392,39.108766264444284],[-76.97587140737379,39.11032226849136],[-76.97714445509554,39.1105197033378],[-76.97697226262126,39.11116843109895],[-76.97357124503426,39.112329533638295],[-76.97426012897796,39.109734639910705],[-76.97502271273724,39.110190638022786],[-76.97555165372825,39.10486920738866],[-76.97411270208823,39.10363285258033],[-76.9696974267811,39.10362329990546],[-76.96732388179099,39.102579552040844],[-76.96580536988213,39.09997983274329],[-76.96453253767048,39.09978228219254],[-76.96344488822704,39.095560763171115],[-76.96005743046626,39.093346245839356],[-76.95663056856377,39.10125737734752],[-76.95518537433219,39.10170842919733],[-76.95415778266636,39.10391297822221],[-76.95491353625722,39.10605672529116],[-76.95414446129445,39.10728823074304],[-76.95650475823842,39.1117074868234],[-76.9545554694419,39.11072937272468],[-76.95244722477617,39.107024667548814],[-76.9542506307402,39.10190100528051],[-76.95051160681913,39.10267123939694],[-76.95170496878576,39.101505654389406],[-76.95544392006623,39.10073538455226],[-76.95631229890583,39.09580427632358],[-76.95955357674482,39.09191710583839],[-76.96091240375868,39.091790355579896],[-76.96142926433382,39.089844245760204],[-76.95930819690366,39.08951491355884],[-76.95838018210625,39.08801989906309],[-76.96151540507128,39.08951989398363],[-76.96288064028496,39.08770550106222],[-76.96482942348807,39.08868348035342],[-76.96235736516738,39.091339237998895],[-76.96235089623862,39.0930268603926],[-76.967668395258,39.101282125235585],[-76.96860309531061,39.101089448285265],[-76.96995578495552,39.102650224733736],[-76.97224950091419,39.102330656085286],[-76.97580993791898,39.10389611982023],[-76.97971484035494,39.10416402115335],[-76.98072957411753,39.10533451482278],[-76.98285120049026,39.105663482438224],[-76.98216867207303,39.10657079344148],[-76.98343569068632,39.10845579206627],[-76.98224873203408,39.10793405444569],[-76.98199051973785,39.108907156144824],[-76.98114183054777,39.10877556748343],[-76.98047135071178,39.10630761287963]],[[-76.98114786434148,39.1070879390881],[-76.981658270024,39.106829367306055],[-76.98123393748264,39.106763572591476],[-76.98114786434148,39.1070879390881]]],[[[-76.93227542939138,39.09814856806717],[-76.93024054159159,39.09749440727947],[-76.93041311889992,39.09684574601784],[-76.9320237566542,39.097433941347845],[-76.93227542939138,39.09814856806717]]],[[[-76.92911871396987,39.101710701586214],[-76.9280830652015,39.105602659584925],[-76.92714819969608,39.105795032013226],[-76.92835650743265,39.10125442270972],[-76.92911871396987,39.101710701586214]]],[[[-76.94109406103894,39.12147261292391],[-76.93948281676185,39.12088453238742],[-76.93931727016195,39.11984557885461],[-76.94228094520236,39.12199474479144],[-76.94289170327963,39.11803673045905],[-76.94486854149515,39.11226451267335],[-76.94476854082922,39.115964111476686],[-76.94098688704358,39.1268598476377],[-76.94109406103894,39.12147261292391]]],[[[-76.94990649291132,39.12655648952085],[-76.95169712476572,39.12480810839335],[-76.9521215359562,39.124874004151636],[-76.95186285977621,39.12584704645344],[-76.94990649291132,39.12655648952085]]],[[[-76.9659615953938,39.12600883273479],[-76.96467547061182,39.129186550859835],[-76.96262648972343,39.131908186240196],[-76.96322977055563,39.129637698689976],[-76.9659615953938,39.12600883273479]]],[[[-76.95998047808621,39.13521262961492],[-76.95734740446461,39.135141745266125],[-76.95769225065571,39.13384433783469],[-76.95319559609528,39.132470915326756],[-76.95065561261457,39.130387905902055],[-76.94836091551805,39.130707077855185],[-76.94861965593044,39.12973404189739],[-76.94734634899629,39.12953631423255],[-76.94479287561501,39.130828453626556],[-76.94427527750706,39.13277450969394],[-76.93867119179595,39.132241741093665],[-76.94072107979551,39.129520500298746],[-76.94038991653241,39.12744259297064],[-76.9414113005037,39.12692577997636],[-76.94096597996382,39.13192274783662],[-76.94266375670907,39.13218646905661],[-76.94539670501442,39.12855805311602],[-76.94845395844627,39.12869509871224],[-76.94854699621924,39.12668312030661],[-76.94914389503349,39.126100335905804],[-76.94990649291132,39.12655648952085],[-76.9489646323617,39.12843666007694],[-76.9499792096093,39.12960741024],[-76.95252584723868,39.13000279863017],[-76.95667748986861,39.13267364960869],[-76.9576988314841,39.13215670230563],[-76.95956253697462,39.133459124474264],[-76.96177108082843,39.133464100412915],[-76.95939013304147,39.13410783080973],[-76.95998047808621,39.13521262961492]]],[[[-76.96389987983216,39.13210575754404],[-76.96262002343514,39.133595821943565],[-76.96177108082843,39.133464100412915],[-76.96389987983216,39.13210575754404]]],[[[-76.98990400499947,38.80924455371782],[-76.9898241298042,38.80788135683056],[-76.99066933371006,38.808012880476284],[-76.98990400499947,38.80924455371782]]],[[[-76.91654951830219,38.8170576580022],[-76.92188599949306,38.81518922752132],[-76.92612642475727,38.81247400140774],[-76.92723672071395,38.809945462357405],[-76.91921572462496,38.80700408997785],[-76.91743959902811,38.807064369709764],[-76.9162580170373,38.8065420250168],[-76.91651603581609,38.805569102769624],[-76.928339709067,38.80910446601998],[-76.93182039803942,38.80593278231748],[-76.93570918764578,38.8062020540384],[-76.93638243901319,38.80698258979563],[-76.9366472292096,38.804322073586725],[-76.93766411540527,38.803805316029326],[-76.93741340538867,38.80309073031071],[-76.93048838795454,38.800996555262024],[-76.92828991186157,38.800991024155756],[-76.92685775541071,38.79975417645946],[-76.92077091227799,38.79947896228067],[-76.92229630357987,38.798704018786914],[-76.92221770329138,38.797340780020996],[-76.93420506670465,38.801914508107615],[-76.93809365089518,38.8021837048285],[-76.93859508293323,38.8036128729271],[-76.9409654270301,38.802969572377144],[-76.94232581053419,38.80115547874571],[-76.94299908612157,38.801935978140826],[-76.94477506566102,38.80187533179389],[-76.94478191536248,38.80018778000769],[-76.94851225938292,38.797730200215504],[-76.95146981381407,38.79819149426864],[-76.95325234854776,38.79644317478895],[-76.95536486774672,38.796772596823246],[-76.95552990974842,38.79781148009129],[-76.95747085029755,38.7987895347952],[-76.95679087738594,38.799696666428815],[-76.95905556769522,38.80444001272798],[-76.96184185524054,38.80554973316837],[-76.95964323965018,38.80554475881775],[-76.95767588361244,38.811316952007246],[-76.95581384769488,38.81170211844702],[-76.9547045157763,38.81423091407501],[-76.9538593047303,38.81409914485379],[-76.95378009791276,38.81273592415647],[-76.95776826219314,38.809305061760824],[-76.95871230301823,38.805737360219226],[-76.95795954922167,38.80359372920204],[-76.95610429990914,38.80229134687474],[-76.95535826318117,38.79846014863431],[-76.95366820722455,38.79819661375728],[-76.95239400002228,38.799686499312116],[-76.94867044650599,38.80045664448186],[-76.94942963719947,38.80091277915698],[-76.94815529598286,38.802402621472616],[-76.94595677620704,38.802397404085255],[-76.9466301021072,38.80317788382738],[-76.94180356710106,38.80478898155822],[-76.93840927741097,38.80763662280852],[-76.93593167193646,38.81366685468022],[-76.93321717116353,38.81560733755709],[-76.93278744818711,38.817228933986144],[-76.93473568415665,38.81651979314256],[-76.93912659190129,38.81821814158297],[-76.93972104142806,38.81763542934358],[-76.94588853471002,38.81927293877745],[-76.93861805530497,38.8184765277774],[-76.93802359010951,38.81905923477166],[-76.93447786969631,38.81749275439831],[-76.93295221486412,38.81826784940737],[-76.9308391743311,38.81793804422878],[-76.93127610836773,38.81462890102831],[-76.93399772460441,38.81100090793126],[-76.93502887501398,38.807109066773144],[-76.9333386921533,38.80684525415681],[-76.93037371810217,38.8080710785612],[-76.92917760468312,38.81092396174848],[-76.9252739836938,38.814029589830284],[-76.92069684584422,38.81635447764112],[-76.91654951830219,38.8170576580022]],[[-76.93705570478943,38.80776312195158],[-76.93654723374898,38.808021499372195],[-76.93696978803297,38.808087443746466],[-76.93705570478943,38.80776312195158]]],[[[-76.98014197074292,38.81954451329775],[-76.97827984345736,38.81993001788665],[-76.9793823940438,38.81908856613834],[-76.98360899931994,38.81974648380082],[-76.98631053244308,38.821180009745824],[-76.98360304625098,38.82143404086415],[-76.98386021921296,38.82046097707267],[-76.98014197074292,38.81954451329775]]],[[[-76.92640481883535,38.826364726794175],[-76.92956415586836,38.81942769766832],[-76.93379743642828,38.818399761386274],[-76.93048097969347,38.82261042378122],[-76.93021589812317,38.825270931677764],[-76.92792347059493,38.82727726692005],[-76.92640481883535,38.826364726794175]]],[[[-76.9482186929406,38.82875483230591],[-76.94805368506626,38.82771593608978],[-76.94898493043107,38.82752341440218],[-76.95084740640864,38.82713835003228],[-76.95372030272807,38.82792392370108],[-76.9594793053691,38.826119757090034],[-76.9629465892634,38.826322306208375],[-76.96311823391201,38.825673625348855],[-76.96725927015927,38.8266564419522],[-76.96742454925227,38.82769531244442],[-76.9710572637736,38.828936504934845],[-76.97994030263973,38.82863100508472],[-76.97951154201687,38.8302527656316],[-76.97764913793903,38.83063826116619],[-76.97164531497876,38.83004119678455],[-76.9632834517827,38.826712501260076],[-76.9570225221784,38.82708774989269],[-76.95676496772936,38.8280607585779],[-76.95498836042722,38.82812157707159],[-76.95329096313284,38.82954559329578],[-76.9514351369355,38.82824313760534],[-76.9482186929406,38.82875483230591]]],[[[-76.94779600872388,38.82868892618306],[-76.94558986292587,38.830371259057216],[-76.94593347703041,38.82907394472724],[-76.94779600872388,38.82868892618306]]],[[[-76.96255176371909,38.84112013486635],[-76.96542533707893,38.841905438190295],[-76.96601340755254,38.843010158310356],[-76.96313978431624,38.84222486853328],[-76.96255176371909,38.84112013486635]]],[[[-76.99027894757707,38.84779980906248],[-76.98901045199338,38.84760251661077],[-76.9891819148223,38.84695379817368],[-76.99154745002642,38.84799708852986],[-76.99179307923386,38.850399130507405],[-76.99002176384792,38.8487728890152],[-76.99027894757707,38.84779980906248]]],[[[-76.96101295745315,38.84527069770406],[-76.96193793618751,38.84676563872681],[-76.95881314401792,38.84526570860314],[-76.95889900741336,38.84494137040582],[-76.96101295745315,38.84527069770406]]],[[[-76.98255839957083,38.8536904637974],[-76.98374717316126,38.85252461523064],[-76.98543859733913,38.8527877409476],[-76.98255839957083,38.8536904637974]]],[[[-76.96302178636084,38.85098701322088],[-76.96428386758659,38.85287213362632],[-76.9627642275497,38.85196003689296],[-76.96302178636084,38.85098701322088]]],[[[-76.9607310088924,38.87460795123268],[-76.96165635422197,38.8761028993901],[-76.96038744352013,38.8759053132247],[-76.95946212673,38.87441035562833],[-76.9607310088924,38.87460795123268]]],[[[-76.9618281276078,38.87545421671395],[-76.96419419626757,38.8764980327583],[-76.96359946228782,38.87708086624974],[-76.9618281276078,38.87545421671395]]],[[[-76.94418111596202,38.8855387230571],[-76.94486204693852,38.88463165220736],[-76.94502713819844,38.8856705593837],[-76.94891347035917,38.88762698644474],[-76.94983873855459,38.88912202519008],[-76.95280001122511,38.889583292120065],[-76.95423437377494,38.890819851865615],[-76.95414179424948,38.8928317577914],[-76.95017582122395,38.889512258680405],[-76.94882074796233,38.88963888759685],[-76.94789549409155,38.888143841157266],[-76.94535733484216,38.88774837347381],[-76.94418111596202,38.8855387230571]],[[-76.94628935460915,38.887555870743],[-76.9467983461375,38.88729745104176],[-76.9463753235891,38.887231539631635],[-76.94628935460915,38.887555870743]]],[[[-76.9113096069232,38.90979589653664],[-76.91200641218444,38.905513863438436],[-76.91310343017844,38.90636056339993],[-76.91257897472734,38.909993986007805],[-76.9113096069232,38.90979589653664]]],[[[-76.92414447430339,38.93780445049072],[-76.91729318183093,38.93538518681938],[-76.91746549026706,38.934736560750935],[-76.91924473008736,38.93467627971784],[-76.92397956280159,38.93676550845166],[-76.92796142041816,38.93671071006025],[-76.92864303198661,38.93580372227511],[-76.93084557855417,38.93580924716201],[-76.93110386047493,38.93483627970347],[-76.93279700621015,38.93510012678979],[-76.93407398398826,38.93361041943125],[-76.93559496861582,38.93452287733241],[-76.93634841754401,38.93666667729242],[-76.93575296923339,38.93724938166084],[-76.93118277555968,38.93619953468232],[-76.92414447430339,38.93780445049072]]],[[[-76.92624637889007,38.94150953125532],[-76.92311825606778,38.940008683137414],[-76.91947336839158,38.940453645652944],[-76.91726318163892,38.942135496941674],[-76.91489565307562,38.94109077611641],[-76.92253005305628,38.93890374618083],[-76.92506987152866,38.93929968392825],[-76.92793240879773,38.94346102396837],[-76.93098185689082,38.94359849467927],[-76.93208682677383,38.94275745152397],[-76.93276130206799,38.94353801967664],[-76.93072354225498,38.94457146307348],[-76.9273368375633,38.94404368848517],[-76.92624637889007,38.94150953125532]]],[[[-76.90787717140992,39.01227617051613],[-76.90677086555145,39.01311700684609],[-76.9051622990792,39.01252849307699],[-76.90669232454863,39.01175372061277],[-76.90787717140992,39.01227617051613]]],[[[-76.93496908349628,39.04317737599253],[-76.93971143399683,39.04526603951292],[-76.9395390620789,39.0459147076193],[-76.9350481886496,39.0445406514529],[-76.93410700635377,39.04642068078016],[-76.93274898061031,39.046547136961166],[-76.93496908349628,39.04317737599253]]],[[[-76.94157258989638,39.04656871008023],[-76.93894274459296,39.04649743722916],[-76.94013537000593,39.04533197520563],[-76.94183112173127,39.04559570351561],[-76.94157258989638,39.04656871008023]]],[[[-76.8974612617286,39.063006342963966],[-76.89423404980027,39.06351665269267],[-76.89602446750261,39.0617690942798],[-76.89620526722673,39.05943287611531],[-76.8975715671708,39.05761921092085],[-76.89841950751565,39.057751368766816],[-76.89834902653298,39.05470045950865],[-76.89632365870693,39.052358141992514],[-76.89828650402389,39.049961945825046],[-76.89955828368171,39.05016017283976],[-76.8988672980921,39.052754623364],[-76.90020177403348,39.05769135976835],[-76.8990946882215,39.0585321341858],[-76.89883553835763,39.05950505391076],[-76.89968350299857,39.059637203174056],[-76.89848999441467,39.06080227963115],[-76.89804212832145,39.065799030804634],[-76.89693489403713,39.06663978719176],[-76.89608685269931,39.06650761900342],[-76.8974612617286,39.063006342963966]]],[[[-76.90884018153012,39.079978516283404],[-76.91020655240811,39.07816470543423],[-76.90698651033595,39.0769877328647],[-76.90801515204915,39.074783585117196],[-76.90971147431901,39.0750477532773],[-76.90997053400775,39.0740748081554],[-76.90819559871291,39.07244734405552],[-76.91205803066188,39.06291601191056],[-76.91012600620262,39.05856199081207],[-76.90860274599791,39.05764920278711],[-76.9071581209134,39.05809969262394],[-76.90656920496525,39.05699465936403],[-76.90810015133326,39.056219863719306],[-76.90827282820965,39.05557123810736],[-76.91022001500446,39.05655006775825],[-76.91283496499328,39.05999716713943],[-76.91265469834715,39.062333409702596],[-76.91350272109683,39.062465464713256],[-76.91213672758566,39.06427930664671],[-76.91502614376186,39.063378193440066],[-76.91621189203366,39.06390056840813],[-76.91374649578678,39.06486773525215],[-76.91356624635982,39.06720398117121],[-76.91169742135723,39.06758849793176],[-76.91075533662786,39.06946835792501],[-76.90939683966171,39.069594559322894],[-76.90922413949943,39.070243188120486],[-76.91092036019323,39.07050733956017],[-76.91022190899959,39.07478947640289],[-76.91275117076728,39.07856090436837],[-76.91104709629782,39.07998439292229],[-76.91043492359427,39.08394222191453],[-76.90873839106577,39.08367806319685],[-76.9097593849574,39.0831615145384],[-76.91011251527237,39.08017663631457],[-76.90884018153012,39.079978516283404]],[[-76.90851787342231,39.07621292929213],[-76.90800742268826,39.07647119923418],[-76.90843151194034,39.07653724349059],[-76.90851787342231,39.07621292929213]]],[[[-76.89708374914491,39.07105400965855],[-76.89488514036151,39.06936027344697],[-76.89506599558882,39.06702405376694],[-76.89718611513925,39.067354480840464],[-76.89804212832145,39.065799030804634],[-76.89931418441631,39.06599726087523],[-76.89964389340571,39.06807525319556],[-76.89761014136245,39.067420561916556],[-76.89701331133185,39.06800309239965],[-76.8997065199969,39.07281378147314],[-76.89682452771275,39.07202692737217],[-76.89776700591021,39.07014717214879],[-76.89708374914491,39.07105400965855]]],[[[-76.93177196352293,39.076792217077575],[-76.93074401395238,39.078996562216766],[-76.9310100016695,39.07633595659342],[-76.93177196352293,39.076792217077575]]],[[[-76.93185104529117,39.07815550271983],[-76.93617852804105,39.07849073312649],[-76.93685430705042,39.079271296197916],[-76.93185104529117,39.07815550271983]]],[[[-76.93260587296304,39.08029937497254],[-76.93343272304853,39.085494147973336],[-76.93141973929256,39.07977715491145],[-76.93260587296304,39.08029937497254]]],[[[-76.92568963141026,39.08969384686042],[-76.92315193181243,39.087610293005085],[-76.92468334637086,39.08683528872062],[-76.92556096883729,39.080216791618746],[-76.92648090766654,39.08339966628956],[-76.92433813392533,39.08813259273212],[-76.92662429362042,39.08950148598809],[-76.92610650331042,39.09144745081873],[-76.9270338977735,39.09294270716079],[-76.92559600807802,39.091705793732025],[-76.92568963141026,39.08969384686042]]],[[[-76.9270338977735,39.09294270716079],[-76.92914767856085,39.09496021149742],[-76.92897509443353,39.09560887077089],[-76.92685400595391,39.09527898439626],[-76.9270338977735,39.09294270716079]]],[[[-76.91573830691591,39.09388731246284],[-76.91709724707114,39.093761041166886],[-76.91719110838176,39.091749099929075],[-76.92084359963843,39.09130419335256],[-76.92144784888139,39.08903392655174],[-76.92374134807169,39.08871525378557],[-76.92348242058067,39.089688230233506],[-76.921613069774,39.09007289771667],[-76.92058462411798,39.09227716423493],[-76.91880152610933,39.09233746600909],[-76.9193909145562,39.09344244839731],[-76.9164140095206,39.09466798890186],[-76.91496112681901,39.096806193528295],[-76.91317791299522,39.096866414681145],[-76.91573830691591,39.09388731246284]]],[[[-76.89283276368789,39.09032018733028],[-76.89522892121859,39.086302502458395],[-76.89692546589481,39.08656684571458],[-76.89623404008633,39.0891612986526],[-76.89792269002514,39.09111324637648],[-76.89503999123859,39.090326348240566],[-76.89359463239987,39.09077668304242],[-76.89298949839574,39.093046815077045],[-76.8914576149423,39.0938214297011],[-76.89198445343443,39.0901879905696],[-76.89283276368789,39.09032018733028]]],[[[-76.89877102188301,39.09124540263088],[-76.89818196484423,39.09014032295073],[-76.90276136415825,39.091191412011526],[-76.90377467675209,39.092362530547376],[-76.89877102188301,39.09124540263088]]],[[[-76.92650879214776,39.09657629649152],[-76.9274289796504,39.099759173885545],[-76.92632887444549,39.09891257457097],[-76.92650879214776,39.09657629649152]]],[[[-76.87543618379298,39.105848509546234],[-76.88443998521754,39.105225555349115],[-76.88852577595274,39.103160100800636],[-76.89056044664106,39.103814945103146],[-76.89328685546366,39.101875315993155],[-76.8928545478445,39.10349684141381],[-76.88894182800317,39.10491383374331],[-76.88859589139797,39.10621104282536],[-76.88588568827035,39.10477532576965],[-76.88188624802817,39.10651639666443],[-76.8767088794539,39.106046972517134],[-76.87449266459207,39.10772810787223],[-76.87543618379298,39.105848509546234]]],[[[-76.89342748968167,39.107977194908436],[-76.89648377848445,39.108115517563036],[-76.90107218052735,39.107479048725274],[-76.89945363926844,39.10857807499675],[-76.89410308355865,39.10875799470658],[-76.8928222071664,39.11024733356359],[-76.89323840353761,39.112001054519695],[-76.89111699885945,39.111670557318824],[-76.89342748968167,39.107977194908436]]],[[[-76.8670296192907,39.10588842397526],[-76.86922868406215,39.107582664523854],[-76.87449266459207,39.10772810787223],[-76.87431956212379,39.10837669273327],[-76.87253603075088,39.10843633098536],[-76.87270059618417,39.10947537086166],[-76.87185209889522,39.10934303621791],[-76.87134986972947,39.10791353493056],[-76.86905553494219,39.108231242036325],[-76.86719410019359,39.10692747062849],[-76.86540187599331,39.10867462813698],[-76.8670296192907,39.10588842397526]]],[[[-76.91641745981683,39.112907526309684],[-76.91503544983934,39.118096672469385],[-76.91656005859612,39.119009391905955],[-76.91410038897584,39.118288947244906],[-76.91641745981683,39.112907526309684]]],[[[-76.88322886647966,39.10976574076144],[-76.88118573908149,39.11079839898462],[-76.88380955980057,39.11255851944441],[-76.88695252379196,39.11237277724673],[-76.88857133872823,39.111273912926094],[-76.89103051753314,39.111994861585075],[-76.88397429583198,39.11359754522062],[-76.8785536282423,39.11072584682292],[-76.88025906050396,39.10930279565005],[-76.88322886647966,39.10976574076144]]],[[[-76.87872669850425,39.11007725577285],[-76.87371367914216,39.11064673848852],[-76.87270059618417,39.10947537086166],[-76.87872669850425,39.11007725577285]]],[[[-76.92158073725822,39.116750552356564],[-76.921659671248,39.11811385479555],[-76.91851654777699,39.11830047455108],[-76.92132168088345,39.11772352952017],[-76.92158073725822,39.116750552356564]]],[[[-76.86140173021946,39.11041504130865],[-76.86480444876857,39.10925700836242],[-76.86479571184928,39.11094463055326],[-76.86928936060518,39.11232124292055],[-76.86140173021946,39.11041504130865]]],[[[-76.86928936060518,39.11232124292055],[-76.87318577833723,39.11428011430248],[-76.87301264858536,39.1149286981675],[-76.8705535493368,39.11420739272583],[-76.86928936060518,39.11232124292055]]],[[[-76.87393924972774,39.11642435714478],[-76.87335036630463,39.11531915449669],[-76.87563642044456,39.11668899251912],[-76.87393924972774,39.11642435714478]]],[[[-76.85103771287065,39.11116189186044],[-76.85128863634196,39.11187668416826],[-76.85136624575178,39.11324002956239],[-76.85042200771805,39.11511944783882],[-76.85103771287065,39.11116189186044]]],[[[-76.91193284927273,39.12808458297897],[-76.90837260418027,39.126517282738526],[-76.9056534629699,39.12676962129135],[-76.90370445505093,39.12579070716998],[-76.90302074893,39.1266975868989],[-76.89589291704822,39.1252500045918],[-76.89861203526655,39.124997879540736],[-76.89887142181641,39.124024948326124],[-76.89946076417607,39.12513003195232],[-76.90115823126091,39.12539431940749],[-76.90065531430238,39.12396493208786],[-76.90396377621263,39.124817765181625],[-76.90498538240286,39.124301251676194],[-76.90525247962918,39.12164067833939],[-76.90703630827655,39.121580570589295],[-76.90993575674152,39.118991937893206],[-76.91410038897584,39.118288947244906],[-76.91392761503619,39.11893758853014],[-76.9097629439376,39.1196405734804],[-76.90941730906988,39.12093784418236],[-76.90754707949567,39.12132230242326],[-76.90575547096822,39.12307004640806],[-76.90753158875577,39.12469756098879],[-76.90846674951709,39.12450533536903],[-76.90829391047443,39.125153969619866],[-76.91262408481758,39.125490023297296],[-76.91245128056156,39.12613866345253],[-76.91576753457507,39.12530355222541],[-76.91609798358752,39.12738152416951],[-76.9178819442535,39.127321260764454],[-76.91694677215716,39.127513557295885],[-76.91702563085485,39.128876865572714],[-76.91490362502502,39.12854677315634],[-76.91491119967736,39.126859141849415],[-76.91270286017314,39.12685333376523],[-76.91193284927273,39.12808458297897]]],[[[-76.88146503235845,39.12300221226249],[-76.87883247896748,39.1229296658358],[-76.87663272551126,39.121235590102316],[-76.8754378349524,39.12240045853243],[-76.87444158870294,39.117853850335244],[-76.87775790123057,39.117019754179175],[-76.87776633771925,39.115332129099954],[-76.8791173400978,39.116893897563806],[-76.88141190448684,39.1165760042368],[-76.88021716722899,39.1177409175248],[-76.87851995524476,39.117476344621736],[-76.87741170722872,39.118316935176225],[-76.87757636479736,39.11935597059559],[-76.8798626256952,39.12072573199921],[-76.87960299629762,39.12169862290932],[-76.883430277018,39.120606219403136],[-76.88130031089278,39.121963181247835],[-76.88146503235845,39.12300221226249]]],[[[-76.88678154570441,38.81645686347283],[-76.88578055541086,38.81359810257115],[-76.88697022187519,38.81243318815306],[-76.88485755855845,38.81210259859928],[-76.88315916528009,38.813525650957224],[-76.88104648759558,38.81319499634433],[-76.88130499959077,38.812222146903125],[-76.8826587514293,38.81209625719498],[-76.88249471509214,38.81105727564486],[-76.88452942788663,38.81002464121371],[-76.88994422178233,38.8095208526948],[-76.89206490351097,38.808163805457745],[-76.89360684973884,38.80401411609254],[-76.89487432865836,38.80421238442438],[-76.89495242532458,38.80557564139472],[-76.89901322604106,38.805197480518174],[-76.90080505620922,38.801762365991856],[-76.89844231917706,38.80071734842466],[-76.89648618565498,38.80311346621383],[-76.8922613317617,38.80245257640358],[-76.89073554307168,38.80322715006855],[-76.8884590287177,38.80185765234727],[-76.88819248991422,38.804518064519456],[-76.88598570092994,38.806199331258],[-76.88514893703744,38.80437954428477],[-76.88354514803963,38.803790766388985],[-76.8839758864496,38.80216934320849],[-76.88211369546252,38.80255340089829],[-76.88252787882068,38.80430707936885],[-76.88118259261587,38.802745419245035],[-76.8790702361106,38.8024147312614],[-76.88061279999401,38.79826520606948],[-76.88669938988929,38.79854239458948],[-76.88686345797015,38.79958136930263],[-76.88982069702087,38.800044136114686],[-76.89295018140679,38.79985825054482],[-76.89287212827837,38.798494993062526],[-76.89599356044583,38.79999657894939],[-76.89726892473264,38.79850727409647],[-76.89810592360774,38.80032697811333],[-76.90072685425142,38.800399113217935],[-76.90373100996075,38.79073625780336],[-76.8973947344817,38.789745241062064],[-76.89687829199107,38.79169100244327],[-76.89468009900571,38.7916848745144],[-76.89442183813853,38.79265774994268],[-76.89255994493492,38.79304196440276],[-76.89246578867417,38.795053802372486],[-76.89112046037681,38.79349225161729],[-76.89180119184454,38.79258548141752],[-76.88841367166977,38.79374420081007],[-76.88638766772323,38.7930893503514],[-76.88858590232368,38.79309562553313],[-76.88968908138736,38.79225497492612],[-76.88910257591232,38.79114989850042],[-76.89062002795735,38.792062892798704],[-76.89045592328765,38.79102392380056],[-76.8924819063908,38.79167870755122],[-76.89400743502277,38.790904113213834],[-76.89359305182806,38.78915047538331],[-76.89553293126144,38.79012950013248],[-76.89536876097905,38.789090537834916],[-76.89925651808981,38.78936095400326],[-76.89942864200796,38.78871236390942],[-76.90441155897682,38.78982941849938],[-76.90762659384714,38.78931886350369],[-76.90491224627101,38.79125872125256],[-76.90447425637376,38.79456776378953],[-76.90277665400718,38.79599108276607],[-76.90251065879166,38.79865152423738],[-76.90411448784035,38.79924005615969],[-76.90233853882427,38.79930011922116],[-76.90156396109398,38.80221879418485],[-76.90333998180586,38.802158742217394],[-76.90181431690965,38.80293345238656],[-76.90179862852472,38.80630855202909],[-76.90019466274363,38.805719989703384],[-76.90002250550337,38.80636858190927],[-76.9025575869263,38.80676497433285],[-76.90263582992547,38.80812822679203],[-76.90491280614476,38.80949746465572],[-76.90456855468196,38.81079466246996],[-76.90245585909338,38.81046437323358],[-76.90287057647228,38.81221798497138],[-76.90024921900343,38.8121458951615],[-76.90085179661985,38.809875819181194],[-76.89672057125722,38.80720323403222],[-76.89646228265977,38.808176115161395],[-76.89434969963264,38.80784568770011],[-76.8940052681074,38.809142855926964],[-76.89205683336971,38.80985135537663],[-76.8922210032042,38.810890324129666],[-76.89095341545199,38.81069202850491],[-76.89078116429926,38.811340608175335],[-76.89247129723853,38.811605001827],[-76.88992798269142,38.812895952989265],[-76.89050656888739,38.81568857861926],[-76.88847178270811,38.81672131185198],[-76.88822151030746,38.816006625705114],[-76.88678154570441,38.81645686347283]],[[-76.88934130761662,38.811790875498176],[-76.88900490968634,38.811400480038046],[-76.88891877499297,38.811724768565405],[-76.88934130761662,38.811790875498176]],[[-76.89909140111628,38.80656073500733],[-76.8987549751247,38.80617036623888],[-76.89866888995503,38.80649466137996],[-76.89909140111628,38.80656073500733]]],[[[-76.86150845898139,38.797299445820435],[-76.86169847947704,38.79327581664289],[-76.8597501548802,38.79398380659132],[-76.86087125927564,38.78976832300669],[-76.86282820450643,38.787372771100706],[-76.86080260719741,38.786717502321814],[-76.8583635373413,38.784308445570886],[-76.85540713574389,38.78384492807109],[-76.8534590019351,38.784552818387205],[-76.85397655170055,38.7826072396242],[-76.86039784567024,38.78327621033173],[-76.86114752313041,38.78542042929329],[-76.86401780978429,38.786208080154836],[-76.86476762375625,38.7883522777631],[-76.86696571372153,38.78835893685985],[-76.86906040862003,38.79206492165986],[-76.87345681343821,38.79207804836378],[-76.87353449689994,38.793441317232464],[-76.87556039523308,38.79409637806371],[-76.8744570255312,38.7949369028966],[-76.87495716097499,38.79636632742023],[-76.87343131587733,38.79714068736897],[-76.87519877716262,38.79876858598056],[-76.87443159638602,38.79999954347433],[-76.87612140728528,38.800264159996075],[-76.87560432289352,38.80220983450767],[-76.87374208680562,38.80259376628071],[-76.8733111184127,38.80421515391397],[-76.87414758508064,38.80603502084846],[-76.87575134756088,38.806623920601936],[-76.87582064363812,38.80967473873446],[-76.87776083035709,38.810654043901145],[-76.8774160905443,38.81195116632153],[-76.87470856948973,38.81220281630047],[-76.87306214273345,38.82005165169867],[-76.8740627230266,38.822910517258116],[-76.871527235356,38.82251354078019],[-76.87080256135154,38.81530672707655],[-76.8695954082187,38.81984658638273],[-76.86824148997732,38.81997233336755],[-76.86726711239577,38.81205077409798],[-76.86617204508477,38.81120367779279],[-76.8671895262567,38.810687498855586],[-76.86600824560469,38.810164674509494],[-76.8671119430179,38.80932422374861],[-76.86720681699748,38.807312402376546],[-76.86611182152306,38.80646530593401],[-76.86620671936787,38.804453485891116],[-76.86443061235589,38.80451300518978],[-76.86402558093626,38.80107171932328],[-76.86291322916834,38.803599688808625],[-76.8610596776075,38.802295882896175],[-76.86046472492077,38.802878216447866],[-76.86062842907826,38.80391722632169],[-76.86366318944728,38.80574389662826],[-76.86338699857498,38.81009180434728],[-76.86236949880366,38.810607952007125],[-76.86153327356718,38.80878800470012],[-76.86109321039461,38.812096898988955],[-76.8593943536344,38.81351962534609],[-76.85821308299539,38.81299672648715],[-76.85883465405166,38.80735175979149],[-76.85782602236016,38.80618032265369],[-76.85647233750718,38.806305940792505],[-76.8581025298781,38.8018324290052],[-76.85616284174071,38.800852816674244],[-76.85650790700545,38.799555754861096],[-76.85541315220412,38.7987085644413],[-76.85812023893729,38.79845733671277],[-76.85930127347478,38.798980235716854],[-76.85904251496909,38.79995303793712],[-76.85997364042805,38.79976118615174],[-76.85947377531126,38.79833170065304],[-76.86150845898139,38.797299445820435]],[[-76.87066438407321,38.80920508268502],[-76.87015566792289,38.80946318743439],[-76.87057817043167,38.80952935837777],[-76.87066438407321,38.80920508268502]],[[-76.86999181560641,38.80842418960032],[-76.87067294907433,38.80751753431049],[-76.87025045813282,38.807451363703656],[-76.86999181560641,38.80842418960032]],[[-76.86982796795786,38.80738519165559],[-76.87062100163712,38.8010916190397],[-76.87019854795979,38.801025448296954],[-76.86982796795786,38.80738519165559]],[[-76.86562047157507,38.80334829696184],[-76.86612916112708,38.803090210999905],[-76.86570669995034,38.803024024917185],[-76.86562047157507,38.80334829696184]],[[-76.86570669995034,38.803024024917185],[-76.86537046894864,38.802633565595194],[-76.86528423954024,38.80295783739343],[-76.86570669995034,38.803024024917185]],[[-76.86377560173841,38.80035698489288],[-76.8632669229195,38.80061506111694],[-76.86368936793151,38.80068125550926],[-76.86377560173841,38.80035698489288]],[[-76.87062956668923,38.79940407199669],[-76.87012091876404,38.799662176357614],[-76.87054336447613,38.79972834735663],[-76.87062956668923,38.79940407199669]],[[-76.87190543838683,38.79791502856776],[-76.87066382293527,38.79265388652301],[-76.86820698938755,38.7936201138792],[-76.86678464949424,38.79069502687957],[-76.86341428163567,38.78847797158472],[-76.86179348186506,38.79126400251413],[-76.86584498313123,38.79257447507988],[-76.86581895715139,38.79763711273737],[-76.87190543838683,38.79791502856776]],[[-76.87412078496999,38.79454646764065],[-76.8735259997443,38.79512886352156],[-76.87394842229386,38.79519502287322],[-76.87412078496999,38.79454646764065]],[[-76.86204341048828,38.791978740332574],[-76.86178471337969,38.79295154764071],[-76.86262951273011,38.79308394500375],[-76.8628881990435,38.79211113591813],[-76.86204341048828,38.791978740332574]]],[[[-76.91181505606967,38.81665572799176],[-76.91266781488282,38.81510023182777],[-76.91325487000543,38.816205199130756],[-76.91621295045036,38.816667336270044],[-76.91654951830219,38.8170576580022],[-76.91646349940817,38.81738196586057],[-76.91730868087001,38.81751399036772],[-76.91713664799217,38.81816260711989],[-76.91215160033055,38.81704606167629],[-76.91104830521527,38.817886914463514],[-76.91046126998708,38.8167819365126],[-76.91181505606967,38.81665572799176]]],[[[-76.87693462473554,38.8236978714745],[-76.87787440631917,38.82181833337826],[-76.87905596080148,38.82234104512737],[-76.87828859714841,38.82357202939957],[-76.87955637433416,38.82377045493182],[-76.88125507650832,38.82234745051208],[-76.87997896826252,38.823836593892835],[-76.88098819999833,38.82500785261237],[-76.88039322116677,38.82559028323982],[-76.87693462473554,38.8236978714745]]],[[[-76.84573305856665,38.82184976487946],[-76.84607840867741,38.82055272944642],[-76.84886359075253,38.82166499335426],[-76.84758683308988,38.82315380277052],[-76.84573305856665,38.82184976487946]]],[[[-76.88732347728983,38.844238519814546],[-76.8875285524499,38.83683972246425],[-76.8898223919556,38.83483413307765],[-76.88441396740741,38.83365036371452],[-76.88373276068795,38.83455709700892],[-76.88077416052144,38.83409418314781],[-76.88061843917522,38.83136764359296],[-76.87935052701118,38.831169228775046],[-76.87917812428122,38.831817793658736],[-76.87596946164342,38.830640059159336],[-76.87342519104683,38.831930673868214],[-76.874503695676,38.836152814123786],[-76.87424500808493,38.83712565177051],[-76.87289077700267,38.8372514498151],[-76.87296849801156,38.83861472522728],[-76.87228710257304,38.83952139604962],[-76.87112243439717,38.835623511915536],[-76.87290781014151,38.83387634334194],[-76.87249369019284,38.8321226274408],[-76.8737700963112,38.83063355990753],[-76.87164842064024,38.83199029687878],[-76.86852612035653,38.83048809238914],[-76.86496393929905,38.832294724296496],[-76.86641301760031,38.83015718753782],[-76.86498133817494,38.82891962069925],[-76.86768951348387,38.828668182979435],[-76.87478779481215,38.83011731751126],[-76.87597790638902,38.82895250674334],[-76.8791002944224,38.83045452313251],[-76.8809020135825,38.82533213600951],[-76.88174722274655,38.82546440332768],[-76.88079082803006,38.83071907673527],[-76.88298191389887,38.832413004520944],[-76.88780340509327,38.83249174913299],[-76.88805372997876,38.83320643734294],[-76.8926168468073,38.83425786022715],[-76.89998239976879,38.83304512151374],[-76.9037864231318,38.833639693517654],[-76.90539879631521,38.83254065600336],[-76.90532047546468,38.83117740190162],[-76.90423246974522,38.828643086326316],[-76.90271408606282,38.82773025559872],[-76.9023853762508,38.825652342269926],[-76.8989262062549,38.82376054470372],[-76.89368267449765,38.82361614240027],[-76.89377683406502,38.8216042978573],[-76.89157773968388,38.821598114828326],[-76.89285357191237,38.8201088522853],[-76.89167195471313,38.81958627230215],[-76.89506062345043,38.81842746081095],[-76.89412132850728,38.82030712864463],[-76.8955533332874,38.821544357477485],[-76.89529497832505,38.822517237571425],[-76.89960712320412,38.82285372888641],[-76.90061665656711,38.82402482750823],[-76.90348888873693,38.82481156599933],[-76.90624413344446,38.83267275623474],[-76.91360172543189,38.833146762678034],[-76.9157226539268,38.831789307015825],[-76.91648196469703,38.83224564514509],[-76.91936213277121,38.83134446072174],[-76.92444891621842,38.8287612924494],[-76.92428424697971,38.82772236459669],[-76.92581019174537,38.82694737562685],[-76.92783749023064,38.82760158301712],[-76.9262110004915,38.83207602345554],[-76.92790174240375,38.83233993404395],[-76.9292485750784,38.83390109101795],[-76.93389829139173,38.834626675726724],[-76.93457178583485,38.835407223597414],[-76.93389118655364,38.83631423279256],[-76.92983603283717,38.83500598184764],[-76.92452027081852,38.83181208979495],[-76.92333088817189,38.83297736720978],[-76.9149482668195,38.83470807526608],[-76.91334357017895,38.83411968158542],[-76.91401683988411,38.834900341160846],[-76.91215397127728,38.835284851949524],[-76.90581371003645,38.834294261858716],[-76.90242447479793,38.835453369499085],[-76.90031107442815,38.835123042835704],[-76.8996300516533,38.836029863690364],[-76.8901589023778,38.8352245272588],[-76.88989230362168,38.83788495213607],[-76.88802106471236,38.839956655104984],[-76.88851361908752,38.843073586838486],[-76.88732347728983,38.844238519814546]]],[[[-76.8410295220663,38.83124616752122],[-76.84343841519186,38.823854534823695],[-76.84436988687142,38.82366279994239],[-76.84429271641862,38.82229950879276],[-76.84564671911951,38.82217402361417],[-76.84316094981973,38.82820240528138],[-76.84493765114891,38.82814319095735],[-76.84510119078264,38.82918222399125],[-76.84636897512456,38.82938098936362],[-76.84713693870556,38.82815020219998],[-76.85102659896972,38.828422134172904],[-76.85281227984787,38.82667525662746],[-76.85408004161835,38.8268739430152],[-76.85271698353914,38.82868707089343],[-76.85000875594105,38.828938181218504],[-76.85093125111112,38.83043394743218],[-76.84341082241167,38.82891718331438],[-76.84239291857996,38.829433167796864],[-76.84204746085436,38.83073019414565],[-76.84381503558083,38.832358546211296],[-76.8410295220663,38.83124616752122]]],[[[-76.91491054610582,38.843145858126086],[-76.91400170948968,38.83827545334122],[-76.91552798440654,38.83750059019811],[-76.9149482668195,38.83470807526608],[-76.91714775850758,38.83471384329707],[-76.91559897426852,38.84055139551036],[-76.91609271168592,38.843668217655036],[-76.91524722922325,38.843536184484236],[-76.91498905914075,38.84450910791118],[-76.91236652864077,38.84443727439465],[-76.91491054610582,38.843145858126086]]],[[[-76.85014524208138,38.83503986087136],[-76.84456473001812,38.834502875939584],[-76.84330606287536,38.832616541249244],[-76.84423764683352,38.832424807187444],[-76.8449193247007,38.83151829138832],[-76.84618714916334,38.831717058670954],[-76.84660063408329,38.833470862385575],[-76.85428528465552,38.83602645518419],[-76.85318103519754,38.83686679391126],[-76.85014524208138,38.83503986087136]]],[[[-76.89551957821188,38.846533380891245],[-76.89418125956614,38.843284298902525],[-76.8986045248143,38.8382338657909],[-76.89869856745227,38.83622201441896],[-76.90047541878295,38.83616200334214],[-76.89714827400195,38.84205933678022],[-76.89494055520345,38.84374076964382],[-76.8953552811041,38.84549441264185],[-76.89796989542832,38.84725416318372],[-76.89627891606908,38.84698984359213],[-76.89551158379437,38.84822093780139],[-76.89424333799215,38.848022675083186],[-76.89551957821188,38.846533380891245]]],[[[-76.88560793634683,38.849036723293544],[-76.88299355651979,38.84727671151501],[-76.88385555256646,38.84403385319584],[-76.88538226836526,38.84325936106048],[-76.88681457566702,38.84449669394535],[-76.88943708304271,38.84456906839793],[-76.89171494950747,38.84593855415736],[-76.89086138291333,38.84749391104858],[-76.88925659929563,38.846905204511486],[-76.88932649885969,38.84995602790205],[-76.8881362576881,38.85112096957271],[-76.88602246786844,38.850790398553684],[-76.88560793634683,38.849036723293544]],[[-76.88857532895217,38.84781196574119],[-76.88806640681743,38.84807014511623],[-76.88848914932638,38.84813625520958],[-76.88857532895217,38.84781196574119]]],[[[-76.86530834248983,38.84754889473114],[-76.86428161600286,38.849752615293454],[-76.8633498633486,38.849944500469014],[-76.86454919276821,38.84709224219301],[-76.86530834248983,38.84754889473114]]],[[[-76.8387955533704,38.85285296885762],[-76.83524093335093,38.85297119609532],[-76.83550019767665,38.851998438298025],[-76.8387955533704,38.85285296885762]]],[[[-76.83407970332753,38.8639366952478],[-76.83204277097208,38.864968506470774],[-76.83282079926332,38.86205024786623],[-76.83324357267662,38.86211654657201],[-76.83407970332753,38.8639366952478]]],[[[-76.86488412288,38.880585319344725],[-76.8679308201358,38.88072433884569],[-76.8714952950682,38.87891761168],[-76.87318692537583,38.879182270524566],[-76.86724896824103,38.8816309863263],[-76.86428856153677,38.88116767623126],[-76.86387438026755,38.879413922110786],[-76.86488412288,38.880585319344725]]],[[[-76.85036593706135,38.920198860984485],[-76.84400992970475,38.92089266631229],[-76.84374133146987,38.92355301902836],[-76.84247191491025,38.92335422451093],[-76.84273133321396,38.922381443149916],[-76.84112528869451,38.921792107809864],[-76.84206726016747,38.91991281978869],[-76.8437597356693,38.920177881660074],[-76.84724941489536,38.917008536125124],[-76.84978805981608,38.91740601402859],[-76.84961518970132,38.91805454439113],[-76.85105739266692,38.9176047334982],[-76.85123024887206,38.9169562011639],[-76.84877804953804,38.916234488359635],[-76.84971975167521,38.91435514360113],[-76.84803649160246,38.912402596208025],[-76.84839132325749,38.90941797422578],[-76.84712214034545,38.90921922767963],[-76.84635332177434,38.91045002646455],[-76.84474751102704,38.90986073896364],[-76.8443152625386,38.91148204534294],[-76.84287313917207,38.911931777458676],[-76.84101718959774,38.91062765548767],[-76.84330542242917,38.91031047601174],[-76.84382413693614,38.9083649127382],[-76.8459394058299,38.90869620599608],[-76.84848684465473,38.90740614428388],[-76.84883255135645,38.90610908832714],[-76.84714038427704,38.90584409618253],[-76.84731324744766,38.9051955703054],[-76.84900540009059,38.90546056006868],[-76.84953299365073,38.90182740930334],[-76.84869604201317,38.90000735655413],[-76.84709044250049,38.89941810018714],[-76.84693584217166,38.89669149776122],[-76.84432068672227,38.894930660089585],[-76.841350631272,38.89615436427767],[-76.84091838851032,38.89777565596373],[-76.84185081197127,38.89758393840707],[-76.8419280164761,38.89894724284916],[-76.84014958589798,38.89900641447064],[-76.8392078352861,38.900885682804905],[-76.83785235850824,38.901011098711656],[-76.83863053900203,38.898092790880064],[-76.83812108868308,38.8983507665821],[-76.83609262798113,38.89769508555651],[-76.83965872263165,38.89588927035531],[-76.84075475455359,38.896736609181254],[-76.84067757434647,38.89537330438879],[-76.84305176729652,38.89473187224443],[-76.84348394452505,38.893110573740344],[-76.84432987200039,38.893243097437015],[-76.84400253180996,38.891165013979865],[-76.84299297832601,38.889993445132745],[-76.84087826581192,38.88966210239835],[-76.84029171663477,38.88855678319171],[-76.84139689812964,38.887716554371686],[-76.8403874343229,38.88654496480319],[-76.83590825560665,38.88516735736661],[-76.83532181800412,38.88406201525455],[-76.83210209705584,38.884570697278654],[-76.83160219694899,38.88314108613087],[-76.83262092745804,38.88262518719561],[-76.83051597956967,38.88060610883152],[-76.83086187899538,38.87930910735014],[-76.8281516947697,38.879559741180444],[-76.82901651303045,38.87631725295191],[-76.83044851277444,38.87755524202698],[-76.8330721534455,38.8776288099989],[-76.83351388463399,38.874319991754746],[-76.83520527015108,38.87458516884585],[-76.83877025594182,38.87277938429562],[-76.84064373742486,38.87070841791393],[-76.84393999944581,38.871562813488666],[-76.84335354950139,38.87045751118748],[-76.8459088429784,38.86747995121259],[-76.84709090840686,38.86800297053082],[-76.84607248472774,38.868518987493815],[-76.84606334291708,38.87020654521349],[-76.85299250841187,38.872305457102186],[-76.8522241784167,38.873536286636835],[-76.85112836206973,38.87268905162652],[-76.85077382135151,38.87567366776894],[-76.84501738224745,38.87578522912092],[-76.8450082150912,38.87747278821662],[-76.84398964431715,38.87798878864173],[-76.84433529150824,38.87669174997882],[-76.84273024096751,38.876102438832824],[-76.84368077817403,38.87253559113635],[-76.84080731135685,38.87174746154066],[-76.83443661570757,38.87581588841298],[-76.8334950174687,38.87769510796839],[-76.83508123367353,38.881659656891834],[-76.84277056241757,38.884215978270184],[-76.84444384868351,38.88785615135117],[-76.8456262341716,38.88837918592278],[-76.84893243201437,38.88754588898148],[-76.84945083421107,38.885600307770076],[-76.85038307941205,38.88540852632897],[-76.85073768350105,38.88242390780402],[-76.84972814283591,38.881252395070454],[-76.85108323161502,38.88112684963058],[-76.85160153072113,38.87918126094595],[-76.85191101782505,38.88463444305185],[-76.85673593076201,38.884714397577966],[-76.859791611024,38.88316605577205],[-76.86081894410239,38.8809623638671],[-76.85888595938786,38.87829522505547],[-76.85891249580789,38.873232545263214],[-76.85571125617307,38.87036672151154],[-76.85672963742009,38.86985062522355],[-76.85690232988712,38.8692020888544],[-76.85597030914889,38.869393918955865],[-76.85759306902158,38.86660794146407],[-76.8550561509278,38.86621062588171],[-76.8511051657596,38.86120041243726],[-76.85203709453059,38.86100861911011],[-76.85396937016094,38.8636758592998],[-76.85566058304877,38.863940756879025],[-76.85683376912364,38.86615124066041],[-76.85827490048312,38.86570134872726],[-76.86177011765838,38.8608440589154],[-76.86237429619776,38.85857415857311],[-76.86018290289708,38.85687986140572],[-76.86255567038152,38.85623805866865],[-76.86274578671087,38.85221440335406],[-76.861736471438,38.85104299256655],[-76.8603819602384,38.85116865404442],[-76.86030446122527,38.84980536887216],[-76.85902744436925,38.85129430071494],[-76.85302289667078,38.850691485293794],[-76.85065925907186,38.84964555065769],[-76.8563273006985,38.84985799477295],[-76.85693155765945,38.84758812378405],[-76.86005435139893,38.849090623322354],[-76.86048587991989,38.84746927429865],[-76.8606408826632,38.85019584386605],[-76.86182277350676,38.85071872161646],[-76.8633498633486,38.849944500469014],[-76.86283208567669,38.85189013165841],[-76.86400529527269,38.85410054449372],[-76.86271952418268,38.85727707160465],[-76.86381524355016,38.85812420259811],[-76.86295218926622,38.86136692652212],[-76.85912053671399,38.86583377104998],[-76.85757531898835,38.86998305815574],[-76.86018108413047,38.87343117023221],[-76.86280460620348,38.87350410874096],[-76.86408193506836,38.87201513416037],[-76.86831919297578,38.870989430614465],[-76.86857807986968,38.87001660163985],[-76.86976034909432,38.87053940485395],[-76.87095120110894,38.869374637153896],[-76.87577512455529,38.86945385036904],[-76.87756121750249,38.86770660811473],[-76.87993418438631,38.86706447177794],[-76.87994254155248,38.86537691228681],[-76.88197880694607,38.86434431375263],[-76.88224579132908,38.86168389808296],[-76.87397913567916,38.85633731966459],[-76.87204632245667,38.85367039380091],[-76.87315060895973,38.852829885357885],[-76.87491094206251,38.85614535441016],[-76.87668829858164,38.85608568443593],[-76.87988973567658,38.85895096148954],[-76.88124435783256,38.85882508662124],[-76.88439289413186,38.855264300684745],[-76.88837032917257,38.85521077376259],[-76.88447084946621,38.856627571580695],[-76.88217617688183,38.85863306667337],[-76.88174506476135,38.86025449324676],[-76.88275482913579,38.86142574222285],[-76.88987285361763,38.859498900095794],[-76.8919869134444,38.85982940574285],[-76.88351424219469,38.861882283926825],[-76.88230710945435,38.866422290048455],[-76.88052116176114,38.86816960044329],[-76.87823441415316,38.86848746506619],[-76.87636205810618,38.8705589990439],[-76.86958776788278,38.871187959237915],[-76.86466871191841,38.873120338544055],[-76.8639005705444,38.87435124057985],[-76.86110435131305,38.87492686811908],[-76.861759879872,38.87908293605656],[-76.8639519775602,38.880777209737374],[-76.86207012680653,38.884536092699584],[-76.8712021712837,38.886640697073986],[-76.87145251936131,38.88735542325492],[-76.86916513005878,38.88767312125399],[-76.8662907906978,38.88688558114472],[-76.86646343843674,38.88623703012722],[-76.85927350226346,38.885111679641426],[-76.85824606393943,38.88731535985203],[-76.85620882028866,38.88834757118229],[-76.85502635935318,38.887824637563234],[-76.85222955295171,38.88840006580468],[-76.85137464606771,38.889955158222676],[-76.85288469647463,38.89255618749565],[-76.8556727350683,38.89366830738898],[-76.85304849403451,38.893595217713084],[-76.85346249531983,38.89534901106204],[-76.85658726477305,38.89685160651151],[-76.85632812239847,38.89782441361311],[-76.8576835080509,38.89769879575425],[-76.85852065770148,38.8995187872865],[-76.86308750179624,38.90057130621244],[-76.86639405316629,38.89973754226049],[-76.86623005145667,38.89869852888442],[-76.87071063528215,38.9000750427985],[-76.86579834731847,38.90031990778591],[-76.86036782307067,38.90251021080457],[-76.85953059289575,38.90069023105403],[-76.85640559808316,38.89918770906476],[-76.85599150413293,38.89743392469788],[-76.85353991474733,38.896712307878076],[-76.85051970268911,38.89151024504389],[-76.84839582129632,38.89286659317346],[-76.84679038157768,38.8922773334488],[-76.8459353130996,38.89383238909924],[-76.84938736543819,38.897413245180516],[-76.85062018923243,38.90436222659172],[-76.85238974230806,38.90599047033606],[-76.85221692244785,38.90663900335668],[-76.8506111482804,38.90604979208878],[-76.85001526463788,38.906632082237266],[-76.84948766033143,38.91026523730605],[-76.8505568937699,38.916175192823005],[-76.85148952740785,38.915983402314964],[-76.85300012157911,38.91858443887818],[-76.85036593706135,38.920198860984485]],[[-76.85120185520746,38.89060368851258],[-76.85069250177138,38.89086171563191],[-76.85111545862378,38.890927953586754],[-76.85120185520746,38.89060368851258]],[[-76.8514714824869,38.91935853893246],[-76.85122122049236,38.91864376948274],[-76.85104836020155,38.91929230194984],[-76.8514714824869,38.91935853893246]],[[-76.84536697558399,38.88935196907546],[-76.84518496782856,38.89168805297524],[-76.84687679901097,38.89195307133509],[-76.84722246105204,38.89065602240849],[-76.84595360815713,38.89045726437299],[-76.84629927953635,38.88916021826157],[-76.84536697558399,38.88935196907546]]],[[[-76.8271909927438,38.89967783230319],[-76.82810435323628,38.90286134382739],[-76.82691226880807,38.904025704448784],[-76.82749873952051,38.90513108911162],[-76.83029638356857,38.90455621768362],[-76.8301043381513,38.90857984843073],[-76.82679697025877,38.90941264535238],[-76.82612394689025,38.90863150513147],[-76.82307616247327,38.9084914574415],[-76.82164367985713,38.907253378407866],[-76.82121093260228,38.90887460364559],[-76.82036486567968,38.908741921921205],[-76.82304770002563,38.89869032503055],[-76.8271909927438,38.89967783230319]],[[-76.82639313351254,38.90597119584687],[-76.82572014627085,38.90519005378167],[-76.82554709087445,38.90583854953497],[-76.82639313351254,38.90597119584687]]],[[[-76.85803556574545,38.91126553702824],[-76.85998704413132,38.91055756473468],[-76.86192970517946,38.911537129303014],[-76.86183454967656,38.91354897066486],[-76.85903680927554,38.91412455439707],[-76.86040130889728,38.91231133871319],[-76.85803556574545,38.91126553702824]]],[[[-76.89769855920956,38.92287027241611],[-76.89575511487432,38.92189126686014],[-76.89592758320292,38.92124267191966],[-76.89753405880138,38.921831297373465],[-76.89769855920956,38.92287027241611]]],[[[-76.8206721396731,38.914195202048965],[-76.825248986688,38.91356155152513],[-76.82490282464197,38.91485854294283],[-76.81846046949106,38.91587528597519],[-76.81880675108948,38.91457831237187],[-76.82049901793481,38.914843691515664],[-76.8206721396731,38.914195202048965]]],[[[-76.824960456705,38.91959699369667],[-76.83012423670765,38.920068558831474],[-76.83131653237251,38.91890416488492],[-76.8312205215796,38.920915984607625],[-76.83020124553155,38.92143187455277],[-76.82563356892788,38.92037814136033],[-76.82282559344087,38.92264047583029],[-76.82241217480897,38.92088657405083],[-76.82470081095737,38.920569737503115],[-76.824960456705,38.91959699369667]]],[[[-76.83708804426772,38.931969534414314],[-76.83878078187448,38.93223466467382],[-76.83870360099978,38.93087135229343],[-76.84259871673515,38.93114355240946],[-76.84005034316863,38.93243349721353],[-76.83902165536641,38.93463703160277],[-76.83623230249016,38.9335245312215],[-76.83708804426772,38.931969534414314]]],[[[-76.8444757925857,38.975351848373805],[-76.84157973933128,38.97793888947363],[-76.83946247760983,38.9776075185942],[-76.8400497319595,38.97871285527214],[-76.83717211194737,38.977924630136805],[-76.83657553223237,38.978506861561804],[-76.83556488664748,38.97733521811924],[-76.83659428266527,38.97513169881791],[-76.83236945992276,38.97278117089382],[-76.83041604444617,38.9734887146486],[-76.82804874363909,38.97244233190158],[-76.82643210330627,38.97354038176861],[-76.82473844995769,38.9732750813936],[-76.82439199477977,38.97457208230085],[-76.82540242210567,38.97574381623374],[-76.82675931228718,38.97561853513979],[-76.82649949070665,38.976591290461805],[-76.82979084982219,38.97913365560643],[-76.83132097514222,38.97835981623762],[-76.83275502212852,38.979597795836675],[-76.83580580325786,38.97973760696938],[-76.83426626719712,38.98219908415401],[-76.83672054554326,38.98292109070544],[-76.83526755281373,38.98505832221485],[-76.8343434193775,38.98356240944649],[-76.832986394126,38.98368777361422],[-76.83316902360276,38.981351677865376],[-76.82986791490636,38.98049698304134],[-76.83055115885571,38.979590529025764],[-76.8286841459399,38.979973791508996],[-76.8274233743729,38.97808726003974],[-76.82453626120662,38.978986323006524],[-76.82383360536359,38.98326790705434],[-76.82282309882306,38.98209615900837],[-76.82300605056935,38.979760078796055],[-76.81978200934907,38.98026844750975],[-76.8156342286454,38.97928068144199],[-76.81410391717193,38.98005432750155],[-76.8150473405817,38.9781752291734],[-76.82004193385309,38.97929570571166],[-76.82275586045702,38.97904524577546],[-76.82471915014108,38.976650241373896],[-76.822948498116,38.97502158666549],[-76.8229581890908,38.97333400701324],[-76.82126455321038,38.97306865923524],[-76.82398791019799,38.971130593626725],[-76.82035061082973,38.96988506636719],[-76.82017735375557,38.97053356045524],[-76.81585682771623,38.97019429708049],[-76.8147698595575,38.96765915201526],[-76.81316304241027,38.967069450799315],[-76.8134230082387,38.966096724793374],[-76.81528974552947,38.96571369269655],[-76.82307387303082,38.96794702173804],[-76.82460383458556,38.96717326648679],[-76.82521005480608,38.96490351589809],[-76.82428638397191,38.96340753278981],[-76.82106307602513,38.96391593352879],[-76.82234284528732,38.96242737145363],[-76.82107280923466,38.96222835681064],[-76.81981254230361,38.96034175302124],[-76.8195722177222,38.95793934009001],[-76.81745563796011,38.95760759475205],[-76.81771551263596,38.95663486110264],[-76.82009190592998,38.9559938634243],[-76.81924529338968,38.9558611732039],[-76.81868790112074,38.949693020233084],[-76.81750471339394,38.94916972444692],[-76.81874661250882,38.93956758791289],[-76.81722698799278,38.938653697154464],[-76.81656363125002,38.93618493183174],[-76.81478427061347,38.93624373986836],[-76.81349490169852,38.939419788618586],[-76.81196540528879,38.9401934038054],[-76.81419774233204,38.93513829048327],[-76.81699664428503,38.93456371688759],[-76.81929550431211,38.932559410238945],[-76.81848832127282,38.925676441474764],[-76.81764206410774,38.92554374087577],[-76.81925777149833,38.92444581303944],[-76.81961384121836,38.9214612687914],[-76.81716180365152,38.92073893035844],[-76.81768129080136,38.918793473860056],[-76.81988331305668,38.91880096916297],[-76.82121970432861,38.92205088268529],[-76.82248904012894,38.92224989470604],[-76.82179652280124,38.92484386438473],[-76.82313311035341,38.92809375992729],[-76.83033624535678,38.927533643752064],[-76.82965348715398,38.928440089787514],[-76.82516230112309,38.92874965560892],[-76.82700883748694,38.93174158751592],[-76.82997106288236,38.93220579103424],[-76.83351067794061,38.93546285506217],[-76.83817525665964,38.93450447095953],[-76.83714648285373,38.936707990425596],[-76.83596337349091,38.936184871654135],[-76.83645435021177,38.93930204705433],[-76.83855183467249,38.943008613005276],[-76.84345788279879,38.94445239989257],[-76.84023554798719,38.944961297275036],[-76.84031277248621,38.94632461137597],[-76.83836014408377,38.94703227743962],[-76.83624379584384,38.94670085314306],[-76.83709969224988,38.94514585339894],[-76.83930251349938,38.94515300389532],[-76.83947553981932,38.944504485507316],[-76.83668580196583,38.94339199379967],[-76.83468434394308,38.937673568622415],[-76.83231814621894,38.9366272727221],[-76.83029818712052,38.93428392270026],[-76.82615288315144,38.933296514722436],[-76.82430634252697,38.930304569434966],[-76.82185396063733,38.92958232292249],[-76.82152709849423,38.9275041703299],[-76.81967113436414,38.92619972617359],[-76.82073818177949,38.93210995111741],[-76.81791979945179,38.93605974810056],[-76.82001624692799,38.93976662572289],[-76.81948690552511,38.94339966919442],[-76.82033337359971,38.943532357530614],[-76.81965034082822,38.9444387504988],[-76.8206602736289,38.94561051788467],[-76.81862086597123,38.94664211932808],[-76.81989062342178,38.9468411586227],[-76.82045784176987,38.95132172967236],[-76.82266084823239,38.95132917569499],[-76.82129467732827,38.95314198562784],[-76.82239135748722,38.95398949334456],[-76.82187174504378,38.95593497907743],[-76.82314167347971,38.95613398536071],[-76.82211213890122,38.95833738685378],[-76.82304538764355,38.95814580917177],[-76.82353595927727,38.961263045426136],[-76.82522932874511,38.961528361741884],[-76.82949141980176,38.95712882187878],[-76.82999178657191,38.958558455672645],[-76.82837548390485,38.95965652860007],[-76.8295589202365,38.96017972149279],[-76.82981864235164,38.95920696213596],[-76.83066531307468,38.95933958026887],[-76.82989568685917,38.96057028550407],[-76.83081943697304,38.96206622623003],[-76.82769239997397,38.960562967943495],[-76.82725947050163,38.96218422621559],[-76.82641277289562,38.96205158478611],[-76.82733647022607,38.96354755176656],[-76.82639355369658,38.965426739385556],[-76.82910694130366,38.96517614108046],[-76.82749047832873,38.96627420354602],[-76.82825063858988,38.96673109017679],[-76.82731729346644,38.96692270725307],[-76.82755790336756,38.96932510834872],[-76.82637433271496,38.96880189566425],[-76.82526774650077,38.96964199979421],[-76.82517150156495,38.97165382925458],[-76.8312723804042,38.97193374904445],[-76.83357202764371,38.96992916706189],[-76.83424569780077,38.97071027353103],[-76.83296602635129,38.972198960191015],[-76.8347368338716,38.973827471268315],[-76.83879801150748,38.975138858312484],[-76.8444757925857,38.975351848373805]],[[-76.83879801150748,38.975138858312484],[-76.83820146763738,38.97572109730799],[-76.83862490631414,38.97578737865602],[-76.83879801150748,38.975138858312484]],[[-76.83820146763738,38.97572109730799],[-76.83769147236252,38.975979074023684],[-76.83811491207584,38.97604535711442],[-76.83820146763738,38.97572109730799]],[[-76.83769147236252,38.975979074023684],[-76.83718147347192,38.97623704865358],[-76.83760491422176,38.97630333348707],[-76.83769147236252,38.975979074023684]]],[[[-76.86471623963767,38.962303434274006],[-76.86377430436961,38.9641829054632],[-76.86081056216479,38.963719507200516],[-76.86158849258379,38.9608010303102],[-76.86591736680693,38.95945112156539],[-76.86640978324999,38.96256818858213],[-76.86471623963767,38.962303434274006]]],[[[-76.87065227978192,38.961542393059226],[-76.8718274943165,38.96375276321776],[-76.87486920017477,38.965579194622656],[-76.8778331075744,38.96604225720523],[-76.87995857557438,38.964685391242384],[-76.88325955485892,38.96553875158928],[-76.88402833117709,38.96430771463816],[-76.88099479236014,38.9607939273781],[-76.88091679057048,38.95943063589274],[-76.8818498983799,38.95923861589402],[-76.88429560731281,38.961647259672525],[-76.88361320120383,38.96255400699117],[-76.88495324116734,38.96580325291866],[-76.88952462640032,38.9668548075933],[-76.89274758541205,38.9663446282963],[-76.89505338046473,38.96265132705554],[-76.8915096902161,38.959396007420146],[-76.89042024890063,38.9568615298615],[-76.89657448265676,38.96356426716488],[-76.90047156359384,38.96383465096433],[-76.90300429834252,38.9659186247969],[-76.90155359179784,38.96805662629454],[-76.89554706631912,38.965768279755565],[-76.89113205697863,38.96744351977368],[-76.89087312500804,38.96841640845536],[-76.88418446469616,38.967034295872175],[-76.88247413270275,38.970144949053996],[-76.87713371222458,38.97032413398807],[-76.87397984284812,38.97388478931332],[-76.87092923395872,38.97374591670726],[-76.86983169099227,38.97289883569756],[-76.86999591133439,38.9739378549855],[-76.86812925131697,38.97432171050015],[-76.86532051575153,38.97658502435757],[-76.86439587221092,38.97508933736055],[-76.86524279066457,38.975221719840334],[-76.86627125815853,38.973017955179486],[-76.86822431226926,38.97230984712424],[-76.86417149723547,38.969311841989786],[-76.86595162617559,38.969252325173464],[-76.86653921538633,38.97035753507402],[-76.8693304430714,38.97146935967506],[-76.86949465303181,38.97250837940353],[-76.8729686593531,38.97271345137984],[-76.87594976908515,38.969801394153436],[-76.88095306986513,38.969231835207424],[-76.8832512631019,38.96722633364808],[-76.88308686867887,38.96618733295125],[-76.88096976002399,38.965856670816144],[-76.87672715744253,38.96688281976284],[-76.87333980670185,38.96635356934885],[-76.87087714524989,38.96731987002881],[-76.87020311339715,38.96653896287647],[-76.87104994291803,38.96667130555559],[-76.87199172251326,38.96479177845085],[-76.86878594110918,38.96192625774287],[-76.86776635710247,38.96244245938026],[-76.86666902138474,38.96159535181928],[-76.86794781704788,38.960106320040595],[-76.87065227978192,38.961542393059226]]],[[[-76.84676178018064,38.960170649319245],[-76.84652056674794,38.95776828874359],[-76.84101719326073,38.956906871130414],[-76.83949692721644,38.95599325098423],[-76.8389191828222,38.953200339538554],[-76.83789950929618,38.953716295071146],[-76.83688918656955,38.95254466670179],[-76.83742707811624,38.947223970010086],[-76.83962996227639,38.947231114694375],[-76.84022626127765,38.94664887126014],[-76.84267940027591,38.94737075617946],[-76.84429521442652,38.946272498868304],[-76.84547854758438,38.94679553890195],[-76.8456423614763,38.94783458642146],[-76.84173708932394,38.949250055967404],[-76.84230567106849,38.95373052854912],[-76.84636586384103,38.955041664028066],[-76.84933823757088,38.95381782993099],[-76.84703953349808,38.955822699326816],[-76.84847340379656,38.95706049314174],[-76.85143679632202,38.957524185634796],[-76.84906062920832,38.95816578380435],[-76.84819573140673,38.96140844712692],[-76.85512469708361,38.96519484447564],[-76.85307623779933,38.967914595505654],[-76.85459692330278,38.968828050843186],[-76.85364566344211,38.97239502831182],[-76.85666945586624,38.977597072979265],[-76.8559000763702,38.97882794281684],[-76.85564956636229,38.97811317625211],[-76.85378272359384,38.97849681620687],[-76.85291779456958,38.98173952227192],[-76.85341879080832,38.98316906679162],[-76.85697974134362,38.983050315871566],[-76.85687544976597,38.98674975910885],[-76.85315929866897,38.98414187900901],[-76.85212126072464,38.98803312390918],[-76.8512832527778,38.98621306651993],[-76.85001272246778,38.98601434740135],[-76.84814564726979,38.98639790302507],[-76.84711644169315,38.98860152192228],[-76.84670206278602,38.9868476844853],[-76.84195694002926,38.98644307514491],[-76.84179309184515,38.98540401682049],[-76.84475759611395,38.985867870825025],[-76.84679773253373,38.98483583374029],[-76.85060925620996,38.98543205072031],[-76.85214830781538,38.982970369626734],[-76.85115542541534,38.97842368562892],[-76.85328175237152,38.977067274173635],[-76.8529627747132,38.97330160845693],[-76.85161499914072,38.97173959459796],[-76.8525573462035,38.969860213624514],[-76.85001685650667,38.969462789463286],[-76.85163305039325,38.968364433054575],[-76.8518150429299,38.96602831530527],[-76.84918819680712,38.96595514321303],[-76.851141227569,38.96524730477315],[-76.85064039942003,38.963817754908916],[-76.8472533811491,38.96328779262517],[-76.8464157798137,38.96146770915681],[-76.84378910371143,38.96139442281349],[-76.84676178018064,38.960170649319245]]],[[[-76.80569579151751,38.968601283135285],[-76.80816939404912,38.96594869949782],[-76.80581274553168,38.96321431782884],[-76.8061594777035,38.96191737100401],[-76.80961280203249,38.96549936765575],[-76.80763927085253,38.96958170610759],[-76.80569579151751,38.968601283135285]]],[[[-76.8733239299236,38.986280291835904],[-76.87501806289961,38.98654492960708],[-76.8761243316202,38.98570437978397],[-76.87722214099483,38.98655140678728],[-76.87858754558863,38.984737972278474],[-76.87943460215229,38.98487025809918],[-76.88002252226806,38.9859754067586],[-76.88086959584551,38.98610768281103],[-76.87966023707808,38.99064773948335],[-76.87532976176367,38.991998134025685],[-76.87558898548889,38.99102527429979],[-76.87364401825593,38.990045912597026],[-76.87398966912802,38.988748771296244],[-76.87737806719484,38.98927800575214],[-76.87755085906333,38.98862943006801],[-76.87365253543709,38.98835832535187],[-76.87264115607302,38.987186982166236],[-76.87035063360389,38.98750470647547],[-76.8733239299236,38.986280291835904]],[[-76.87687655818686,38.98784855664754],[-76.87662581107207,38.987133831454],[-76.87645301450974,38.98778240570005],[-76.87687655818686,38.98784855664754]]],[[[-76.80537093685805,38.994563460358314],[-76.80799877155685,38.99463756036437],[-76.80792210128372,38.99327421640851],[-76.81012637672947,38.99328188507429],[-76.80962616151199,38.99185216371191],[-76.8125139694105,38.99095344583036],[-76.81201372328538,38.98952373460881],[-76.81396774816726,38.988816478805944],[-76.81440113225256,38.98719526042479],[-76.81186024593566,38.986797054073],[-76.81305392724298,38.98563282458327],[-76.81007964382323,38.98685579506218],[-76.80976285898355,38.983090013079504],[-76.81552784049796,38.98298008744987],[-76.81737535691039,38.98597218632635],[-76.81677855282028,38.98655432329025],[-76.81559477943746,38.98603100642756],[-76.81381419908642,38.98608980098525],[-76.81651855875982,38.987527059335704],[-76.81659538405017,38.98889039675575],[-76.81888618451985,38.98857366443322],[-76.81957941213577,38.98597968711624],[-76.82434370084717,38.9830099870047],[-76.82552748799785,38.983533220179275],[-76.82416078387432,38.9853460703508],[-76.82543123186974,38.98554505407522],[-76.82593171427433,38.98697471032598],[-76.83008007333012,38.98796213339132],[-76.82744286861673,38.98957608467283],[-76.82643221634632,38.98840436487428],[-76.82431471911117,38.988072735042],[-76.82464193296917,38.99015089861169],[-76.82642260394017,38.99009194868292],[-76.82743327949701,38.99126366886682],[-76.82725044097457,38.993599759751596],[-76.82852104154213,38.99379871210458],[-76.82826117859196,38.99477147383661],[-76.82571995185096,38.99437355075007],[-76.82376589197594,38.99508099217172],[-76.82445900761924,38.99248698497817],[-76.82310179888974,38.99261224124366],[-76.82224504492524,38.99416715538518],[-76.82005050236401,38.992472117539144],[-76.81835643159845,38.99220672929693],[-76.81724939683654,38.993046764920365],[-76.81700904886213,38.9906443351732],[-76.81531503174782,38.990378905498105],[-76.81352443293514,38.992125279409166],[-76.81316776757782,38.99510983683458],[-76.8139281391692,38.995566813212854],[-76.81256091996715,38.997379539034],[-76.81146370027263,38.99653193887615],[-76.81232071249644,38.994977098580605],[-76.81164705305038,38.99419587020377],[-76.81002968183007,38.99529371004407],[-76.8078253454418,38.99528603965823],[-76.80619780972889,38.99807141420126],[-76.80537093685805,38.994563460358314]],[[-76.8129275475625,38.99270739841172],[-76.81259072328072,38.992316786453756],[-76.81250403383937,38.992641029212265],[-76.8129275475625,38.99270739841172]]],[[[-76.79938031830586,39.00375930381019],[-76.79540503159313,39.00212238982147],[-76.7956653601201,39.00114969580053],[-76.80031420959403,39.00356789579157],[-76.80184516233265,39.00279441693671],[-76.80168185024816,39.0017553030906],[-76.80252896483557,39.001888114083165],[-76.80276887175232,39.004290576102704],[-76.8011613427917,39.003700716154675],[-76.79954360201369,39.00479842101603],[-76.79938031830586,39.00375930381019]]],[[[-76.78672342872709,39.034545299343264],[-76.78923141020853,39.02683029098984],[-76.79329472677192,39.02814317809562],[-76.79355517667163,39.0271704843692],[-76.79491308117568,39.027045550467584],[-76.79517350549888,39.02607285352572],[-76.79432612263692,39.025939991818],[-76.79604153626562,39.0228305275805],[-76.79985463458874,39.023428306772885],[-76.80037531818459,39.021482892948505],[-76.80249367893735,39.021814932943414],[-76.80301428039314,39.019869508573656],[-76.80428527355684,39.02006870984086],[-76.80285091326496,39.01883039339125],[-76.80337148380346,39.01688496848014],[-76.80244760204383,39.01538881075047],[-76.80465254710546,39.01539657665296],[-76.8041320214849,39.017342006459856],[-76.80531622199311,39.017865435251686],[-76.80530611573502,39.019553025330154],[-76.80657710964458,39.019752203128775],[-76.80802159524141,39.01930288602545],[-76.80956280480125,39.01684172001415],[-76.8114308648073,39.01645874295293],[-76.81032338093341,39.01729872006789],[-76.80988972657623,39.018919931995626],[-76.81107399421028,39.01944330601146],[-76.81030340047326,39.020673901188694],[-76.80674053208064,39.02079131356586],[-76.8048622190792,39.022861811298746],[-76.81247868593039,39.02574430333702],[-76.81264220615574,39.0267834070384],[-76.804938863183,39.02422516365217],[-76.80307056950501,39.02460804353286],[-76.80237638482006,39.02720194470163],[-76.80178931156361,39.02609642130135],[-76.79602089145698,39.02620570945422],[-76.7961738580801,39.02893242684551],[-76.7974449909011,39.029131698427115],[-76.7954793861095,39.03152629133282],[-76.79233968419464,39.03170971844355],[-76.79054751592183,39.03345577257459],[-76.78945000850338,39.032607972869805],[-76.78918948421612,39.0335806588753],[-76.78672342872709,39.034545299343264]],[[-76.78945000850338,39.032607972869805],[-76.78911312552816,39.03221729468374],[-76.78902628383797,39.03254152313823],[-76.78945000850338,39.032607972869805]]],[[[-76.81767603001202,39.05088184847112],[-76.81970859884716,39.05153784592628],[-76.81468926164023,39.053792543461874],[-76.81341765036787,39.053593447539946],[-76.81342757306099,39.05190584704867],[-76.81605748871183,39.05197977717942],[-76.81767603001202,39.05088184847112]]],[[[-76.85060841335192,39.096231355097736],[-76.85729941920643,39.09930292522332],[-76.86044187742586,39.099117853661305],[-76.86121245381894,39.09788693038762],[-76.86435484082064,39.09770175995676],[-76.86699515006895,39.096086994448015],[-76.87259592001436,39.09662298904159],[-76.87327118442349,39.09740390032925],[-76.87207663191715,39.098568731089806],[-76.87131481671723,39.09811210282269],[-76.87199864955575,39.09720540249397],[-76.8663112653164,39.09699366705807],[-76.86554078478456,39.098224621729166],[-76.86051964497179,39.10048118999222],[-76.85924709105566,39.10028256150283],[-76.85856307011586,39.101189192203904],[-76.85389704725853,39.100460750553474],[-76.85415694498045,39.0994879173517],[-76.8523736153101,39.09954726625329],[-76.85001096987348,39.096813662843275],[-76.8473793969513,39.09674045089539],[-76.84730187997629,39.0953771073239],[-76.84178807398393,39.09451570435825],[-76.84188402156437,39.092503820334336],[-76.83899254090717,39.093403237127696],[-76.83906989985825,39.09476658536808],[-76.83746007452095,39.09417718620529],[-76.83677583921335,39.095083695950166],[-76.8372187237645,39.09177475385802],[-76.8339030984261,39.0926077646744],[-76.83238008252948,39.09169403672486],[-76.83143563341284,39.093573303028144],[-76.83269851316284,39.09545983080866],[-76.83566744991401,39.095923910736474],[-76.83626500102663,39.095341672034635],[-76.83778814224158,39.09625535300803],[-76.83847237595293,39.09534883749032],[-76.84016892507422,39.095613955888425],[-76.83812558383975,39.096645903586264],[-76.84185621843645,39.09756666735437],[-76.8424537334631,39.09698439872209],[-76.8435528316929,39.0978317396784],[-76.84056516998209,39.10074308164492],[-76.84046917499668,39.10275496779159],[-76.84182841143338,39.10262951922469],[-76.84130825636666,39.104575134863055],[-76.84258083640691,39.104773947149944],[-76.84308247773467,39.10620356372634],[-76.8532545752416,39.10948117355652],[-76.85876965309527,39.110342070312896],[-76.85885627647538,39.11001778860913],[-76.86140173021946,39.11041504130865],[-76.85681279558081,39.11105004631941],[-76.85486486786289,39.110070369873796],[-76.85189523034174,39.10960674721935],[-76.85172192163877,39.11025530083358],[-76.85147099950463,39.109540509624615],[-76.84553184902639,39.10861303139341],[-76.84282240768219,39.10717637501735],[-76.84180060055434,39.10769237598641],[-76.8407106697254,39.1051573988313],[-76.83485873822214,39.10390514277571],[-76.83597666428113,39.101377316393844],[-76.83394255420411,39.10072157913841],[-76.83411599887607,39.10007305150593],[-76.83215917778224,39.10078063805769],[-76.83189898087711,39.101753425481206],[-76.82918050182181,39.102004090578625],[-76.82885265436109,39.099925898801125],[-76.82996118352457,39.099085744146194],[-76.82640412912016,39.09751610657254],[-76.82598962902662,39.09576216718618],[-76.82378224279633,39.09575478005914],[-76.8238593188315,39.09711813835352],[-76.82258692414207,39.096919134718554],[-76.82167136592192,39.09373548489039],[-76.82497752313955,39.09459041416175],[-76.82686673301743,39.09083197247005],[-76.82552698501003,39.087582031963755],[-76.82824493711692,39.08733144744889],[-76.82842797951106,39.08499531765374],[-76.82596070024543,39.085960745947034],[-76.8216332841273,39.08562167725976],[-76.82043809772671,39.08678600904308],[-76.81772013911184,39.087036422811124],[-76.8161205228811,39.084759137305255],[-76.81976349987148,39.08600481242735],[-76.821806802613,39.08497316864792],[-76.8215562620502,39.08425832052101],[-76.82452466996874,39.08472266560884],[-76.82801350198814,39.08324138912724],[-76.8309819096176,39.08370557990097],[-76.82854343573261,39.07960822686153],[-76.82965165855087,39.07876807815506],[-76.83010430646563,39.07377156308147],[-76.83375642588885,39.07332921725856],[-76.83309127847878,39.070860487142866],[-76.83097134854863,39.07052896630391],[-76.83123144608756,39.06955618646238],[-76.8287647281697,39.07052166768389],[-76.82597031733069,39.06940891250432],[-76.82638466666384,39.07116284340454],[-76.82502599206803,39.071288122379386],[-76.82367699992557,39.06972577984558],[-76.82369637285004,39.06635056807386],[-76.8197940823176,39.06607776837111],[-76.81551513878512,39.07216465931578],[-76.81584247962856,39.07424287550932],[-76.81438704712734,39.076379895312876],[-76.81522517069328,39.07820022937402],[-76.81403991567426,39.07767688959608],[-76.81250751522923,39.0784505287503],[-76.81235383155459,39.07572380787132],[-76.81422339036234,39.07534078490421],[-76.81484072955686,39.071383438078286],[-76.8172307368381,39.069054877501365],[-76.8179247911259,39.0664608745055],[-76.81656618984763,39.066586060873625],[-76.81579518928767,39.067816700131075],[-76.81316470087322,39.06774276423351],[-76.81434978759279,39.06826611141513],[-76.8135688100985,39.071184343080574],[-76.81161256681246,39.07189160238286],[-76.81024385401392,39.07370432614731],[-76.80659157276197,39.07414598095642],[-76.80343990025216,39.07601729678944],[-76.80327640082476,39.07497817203965],[-76.80498246766342,39.07355616345601],[-76.8100802625105,39.07266521078974],[-76.81324154804147,39.06910612205046],[-76.81205645560554,39.068582764219826],[-76.81274074971314,39.067676395005186],[-76.8108713802364,39.06805939513597],[-76.80952275228424,39.06649689986619],[-76.80528338145803,39.065833018417685],[-76.8023260500147,39.06368061227648],[-76.80052310943196,39.06711442370318],[-76.79856684876373,39.06782147710165],[-76.79718758529654,39.071321660317544],[-76.79498094439194,39.0713137617619],[-76.79481757648422,39.07027462677512],[-76.79626313886749,39.0698254425444],[-76.79780581787647,39.06736440106679],[-76.80035967173005,39.06607529679136],[-76.8005435568012,39.06373921722535],[-76.80190213244654,39.06361420611629],[-76.8026834969729,39.06069605176176],[-76.79955279912159,39.05919206037327],[-76.79750990530137,39.060223333435765],[-76.79064084350388,39.05948463025989],[-76.79166233600206,39.05896905444647],[-76.79202019759893,39.055984527124714],[-76.79067219885599,39.05442183064094],[-76.78790277096415,39.06310959312823],[-76.78501179214206,39.06400774920298],[-76.7862282822729,39.059468561495166],[-76.7845433677824,39.05751510891898],[-76.78641260475315,39.05713250561664],[-76.78693388947507,39.055187136960555],[-76.7893242580656,39.05285911996052],[-76.78848707520694,39.05103861954574],[-76.78917149800182,39.05013238297804],[-76.78748672079978,39.04817897352156],[-76.78324861945306,39.04751434241682],[-76.78446494370533,39.04297518511272],[-76.78939762100043,39.041045942271666],[-76.79142965965818,39.04170240126561],[-76.79262456945699,39.040538357873054],[-76.79448296690208,39.04184322962648],[-76.79474344997998,39.04087053114951],[-76.79874136444674,39.03913228518016],[-76.79901203600565,39.036471983406294],[-76.7991753879097,39.03751110670872],[-76.80324963776069,39.03713607544562],[-76.80892213036994,39.03903828980744],[-76.81172507344436,39.03846382600035],[-76.81250577350723,39.035545622678065],[-76.81335330150903,39.035678360547635],[-76.81444123709208,39.0382135455229],[-76.81035699269773,39.04027654032343],[-76.80290249500061,39.038433029613806],[-76.79907833119108,39.039522937706394],[-76.79804688664834,39.04172616851489],[-76.7959279660993,39.04139405154255],[-76.7948199233302,39.0422338938867],[-76.79702568167184,39.042241795269014],[-76.79846040460636,39.043480183885876],[-76.79876660500904,39.04893362977315],[-76.80200402528934,39.04673820323187],[-76.80403633684978,39.04739445662689],[-76.80012490703999,39.04880863842187],[-76.8038424606885,39.05141813369631],[-76.80349526030597,39.05271509272178],[-76.80475670514986,39.0546018902668],[-76.80560444116733,39.05473468145102],[-76.80825453709068,39.05143357686196],[-76.81325405875495,39.05255434009245],[-76.80671254987487,39.05389474108286],[-76.80848475926037,39.05552364840369],[-76.80846468292361,39.05889885124152],[-76.8118459129006,39.061117483084416],[-76.81396548108854,39.061449329646564],[-76.81457281971437,39.0591795962188],[-76.81661544209899,39.05814804280262],[-76.82526699686588,39.05882637568354],[-76.82933275249354,39.06013809083143],[-76.82985291010787,39.05819254125233],[-76.83078742041818,39.05800090225672],[-76.83018059794153,39.06027071444003],[-76.83145237191418,39.060469639010336],[-76.83068168826307,39.061700369276046],[-76.83246410708647,39.06164133198501],[-76.83474770234646,39.06301190789421],[-76.83149153666425,39.068583406247335],[-76.8355955911935,39.06314449461809],[-76.83865922255583,39.06159663247301],[-76.83859124600231,39.058545687839676],[-76.84003630450178,39.05809599536493],[-76.84130806738982,39.05829481897269],[-76.84035498459279,39.061861746684706],[-76.83592346554121,39.065222654488046],[-76.83855388581935,39.06529610854784],[-76.84005781396651,39.06958497061286],[-76.84209110779774,39.070240604020086],[-76.84235105547536,39.06926780096027],[-76.84711073059282,39.06798479284098],[-76.84652264758392,39.06687947321734],[-76.84824590989969,39.06208166023728],[-76.84909381250776,39.06221415482341],[-76.8494995921693,39.06565561315546],[-76.8483051805189,39.06682020861725],[-76.85000109959824,39.06708519142119],[-76.8550202589709,39.06482906200144],[-76.85528896644102,39.062168626114975],[-76.85681165162839,39.063082068398245],[-76.86003910675731,39.0625727307544],[-76.86073157145532,39.05997849192114],[-76.86234082806106,39.060567585990945],[-76.86266945541682,39.06264567424551],[-76.85739986037068,39.06418733856584],[-76.85296898773997,39.06754885566001],[-76.85076245567917,39.067541947680475],[-76.84625360181654,39.06953989238203],[-76.85473360077764,39.07086471570078],[-76.85550397430205,39.06963383425878],[-76.85668939660346,39.07015677775554],[-76.85797030679004,39.06866782242329],[-76.8607740044396,39.068092248830446],[-76.85838542409729,39.07042164628253],[-76.85540843393419,39.071645720283975],[-76.85379898823486,39.07105653525159],[-76.8536257884449,39.071705086837326],[-76.84608033831189,39.07018843327068],[-76.84174450006961,39.07153767418667],[-76.84307544036056,39.07647503991118],[-76.8407541006931,39.08185505530999],[-76.84592951312233,39.082325974668],[-76.85002418708126,39.07857418349105],[-76.85291494117985,39.077674512565316],[-76.86225292704829,39.077443676559476],[-76.86370697317818,39.07530609601339],[-76.86616468817934,39.07602753158372],[-76.86769646610102,39.07525323125649],[-76.87091579476534,39.07643122141525],[-76.87381472835696,39.07384345331037],[-76.87457630487488,39.07430006419774],[-76.87354665590705,39.07650393481891],[-76.87227448624334,39.07630544057743],[-76.87022353685454,39.07902552470225],[-76.86607813792385,39.07635181630557],[-76.865818482523,39.07732467022473],[-76.8636116524434,39.077317990413256],[-76.86215756325498,39.07945557063099],[-76.86080762134408,39.07789362899495],[-76.86063446780686,39.07854219115596],[-76.85740630762817,39.07905154572788],[-76.85537262913167,39.07839616188242],[-76.85172038672457,39.07883914339632],[-76.85001511061462,39.08026179485823],[-76.84983277412306,39.08259795433907],[-76.84864719821941,39.08207494424268],[-76.84685514107738,39.08382182615396],[-76.84337589682482,39.083616019240715],[-76.84447480360899,39.08446334992253],[-76.84436972981136,39.08816284634032],[-76.84334820104534,39.08867885816791],[-76.84173847587711,39.08808951508773],[-76.84003278724786,39.0895120320068],[-76.84223998544624,39.089519130547316],[-76.84121842248838,39.09003512500125],[-76.8416332575144,39.09178901169208],[-76.84341640553295,39.091729816959486],[-76.84713770969607,39.094338036661],[-76.84960499197918,39.0933721864786],[-76.85037569102055,39.09214133172558],[-76.84918995549157,39.09161832587849],[-76.85098214878609,39.08987140776603],[-76.85530995471906,39.09020945482179],[-76.85640910038144,39.09105668101546],[-76.85624480962886,39.090017623229244],[-76.85794129908655,39.090282498789065],[-76.85811450463957,39.089633938970735],[-76.8593002720177,39.09015685948423],[-76.86618163203954,39.089204154606485],[-76.87585019008093,39.091050385323435],[-76.87662041988426,39.0898193684233],[-76.88077533883033,39.090805114435426],[-76.88383917363953,39.08925613060575],[-76.89317854899984,39.08902297036603],[-76.88672170865149,39.09004328835608],[-76.88603812694843,39.09095006844604],[-76.88866134845584,39.09271007984108],[-76.88400385726379,39.09029515172583],[-76.88187479039298,39.09165211549863],[-76.87728721976762,39.092287873904574],[-76.87601476352977,39.092089417374204],[-76.87618781206409,39.09144083216223],[-76.8654978019168,39.090110821567414],[-76.86005308347173,39.092301176556845],[-76.85870294814531,39.090739208337794],[-76.8577680904415,39.0909310584448],[-76.8579324050429,39.09197011439524],[-76.85470362933651,39.09247940003932],[-76.8544437640037,39.09345223309466],[-76.8513881723491,39.09331287736589],[-76.85214981198138,39.09376962732972],[-76.85060841335192,39.096231355097736]],[[-76.83833893002823,39.104111188897164],[-76.8388498225149,39.10385320385942],[-76.83842563717427,39.10378692182459],[-76.83833893002823,39.104111188897164]],[[-76.8388498225149,39.10385320385942],[-76.839360711373,39.10359521673489],[-76.83893652707263,39.10352893644655],[-76.8388498225149,39.10385320385942]],[[-76.839360711373,39.10359521673489],[-76.83987159660259,39.103337227523475],[-76.83944741334248,39.10327094898167],[-76.839360711373,39.10359521673489]],[[-76.82996118352457,39.099085744146194],[-76.83047207041936,39.098827793785894],[-76.83004792206455,39.098761483228834],[-76.82996118352457,39.099085744146194]],[[-76.83132036945167,39.098960410560885],[-76.83378801895408,39.0979948735109],[-76.83396145849609,39.09734634642988],[-76.83217816493836,39.097405405583146],[-76.83055880637122,39.09850353252799],[-76.83132036945167,39.098960410560885]],[[-76.83396145849609,39.09734634642988],[-76.83489646158193,39.09715467515409],[-76.83404817710598,39.09702208282851],[-76.83396145849609,39.09734634642988]],[[-76.8418251487343,39.08776524662595],[-76.84123698604147,39.086659897985705],[-76.84276925366446,39.0858859034335],[-76.8426918347618,39.08452255975998],[-76.8400607143357,39.0844491930369],[-76.84021545615835,39.08717588392089],[-76.8418251487343,39.08776524662595]],[[-76.84276925366446,39.0858859034335],[-76.84310667388037,39.08627643973008],[-76.84319333846943,39.085952170423624],[-76.84276925366446,39.0858859034335]],[[-76.8400607143357,39.0844491930369],[-76.83972331897445,39.0840586486037],[-76.8396366411591,39.08438291537631],[-76.8400607143357,39.0844491930369]],[[-76.84756184781823,39.09440428884986],[-76.84789933335402,39.09479481275727],[-76.84798598671388,39.0944705395923],[-76.84756184781823,39.09440428884986]],[[-76.8513881723491,39.09331287736589],[-76.85105067494509,39.092922363040124],[-76.85096403710932,39.09324663824689],[-76.8513881723491,39.09331287736589]],[[-76.82719448264334,39.09291016591083],[-76.82643300892167,39.092453263123794],[-76.82702099329092,39.093558683005334],[-76.82719448264334,39.09291016591083]],[[-76.83859644703277,39.08827411345548],[-76.83952199979556,39.089770021206135],[-76.83953132115339,39.08808240764361],[-76.83859644703277,39.08827411345548]],[[-76.8389525252285,39.08528943544244],[-76.83835507831259,39.08587168596783],[-76.8387791590087,39.085937968019635],[-76.8389525252285,39.08528943544244]],[[-76.83810437186334,39.08515687109173],[-76.83665876326491,39.085606543298674],[-76.83793099839015,39.085805402469866],[-76.83810437186334,39.08515687109173]],[[-76.79237802981265,39.05300000034241],[-76.79169361999266,39.05390625503074],[-76.79211747162351,39.0539726959064],[-76.79237802981265,39.05300000034241]]],[[[-76.77557806430377,39.07942120837787],[-76.78008947306789,39.07742582517131],[-76.7853510886791,39.077575041925996],[-76.78517726255316,39.078223498708276],[-76.77982866282781,39.078398499214714],[-76.77692620217395,39.080984075652204],[-76.7755672588816,39.08110881405275],[-76.77573037587156,39.08214797638402],[-76.77386043920598,39.08253042068627],[-76.77481705655532,39.07896399059183],[-76.77557806430377,39.07942120837787]]],[[[-76.7796572981635,39.10540025442318],[-76.77839562319231,39.10351318448444],[-76.77661213339947,39.103571446543334],[-76.77458932976481,39.101227125276615],[-76.77401292579847,39.09843384439737],[-76.77020703637503,39.09614765321538],[-76.77238184587056,39.08804216642761],[-76.77407798285788,39.0883081864419],[-76.7748499072915,39.0870778015399],[-76.776121998761,39.087277293423014],[-76.77611120480363,39.08896490160084],[-76.77763345564954,39.08987931839458],[-76.78035165852955,39.08962978114051],[-76.78103654628427,39.08872358307789],[-76.78128670358801,39.089438513416816],[-76.78510317593751,39.0900367526452],[-76.78638590311166,39.088548530234576],[-76.7931811756379,39.08792409729942],[-76.79455058190793,39.08611155675938],[-76.79607300499094,39.08702574721447],[-76.79351833875597,39.0883147683162],[-76.79486702748382,39.089877443521544],[-76.8002930632974,39.0910651667019],[-76.805228584848,39.089135278611636],[-76.80488122898059,39.090432250365886],[-76.80267400687504,39.09042448840191],[-76.80266382915562,39.09211209981283],[-76.80105435806992,39.09152222949221],[-76.79782520420716,39.0920300375129],[-76.79249644688349,39.08883036214081],[-76.78706016569664,39.08932990833856],[-76.78671248460509,39.09062682934127],[-76.79102958758823,39.0926547248197],[-76.79119295164145,39.093693869077136],[-76.78721292893617,39.09205666727011],[-76.78586436437608,39.09049390837843],[-76.78017775894854,39.09027823237608],[-76.77982995047473,39.09157513435346],[-76.77355611632879,39.09025351283643],[-76.77660064601871,39.09208239096368],[-76.77640513121017,39.09610605764142],[-76.7778298107777,39.09903230797749],[-76.77968943874083,39.10033741486763],[-76.7830823527361,39.10086923353668],[-76.78121197291259,39.101251789797],[-76.78307171844585,39.1025568466411],[-76.7828108579131,39.103529531519214],[-76.78544261110773,39.10360411048618],[-76.7881507840104,39.10504201613614],[-76.7889226479,39.10381153995424],[-76.79028199292092,39.10368665498277],[-76.78788998255997,39.10601471213391],[-76.78865135595544,39.10647185218515],[-76.79163089741324,39.10524936984903],[-76.79058783312519,39.109140181006126],[-76.78677031196668,39.108542108001274],[-76.78762917412539,39.106987407766354],[-76.78533450335418,39.10730356966053],[-76.78253934320566,39.10618983026308],[-76.78195193352023,39.105084197432504],[-76.7796572981635,39.10540025442318]],[[-76.78381179045756,39.10638924416331],[-76.78432289252315,39.10613148314023],[-76.7838987437003,39.10606501503348],[-76.78381179045756,39.10638924416331]]],[[[-76.82789841385679,39.10349275827978],[-76.82925768579389,39.10336744714308],[-76.83292077479678,39.10123750648375],[-76.83444399756218,39.10215122945721],[-76.83264162045526,39.10558553122721],[-76.82813949531489,39.105895214058236],[-76.82789841385679,39.10349275827978]]],[[[-76.80462648858382,39.104581645325204],[-76.80319045384933,39.10334331416823],[-76.8064200730634,39.10283536566697],[-76.80462648858382,39.104581645325204]]],[[[-76.80138656975154,39.1067771634023],[-76.7995927669499,39.1085233717569],[-76.79823334743338,39.10864835865301],[-76.79824363039447,39.1069607423019],[-76.80012430645967,39.104890313537986],[-76.80326715148931,39.10470668716783],[-76.80088574505075,39.10534737856006],[-76.80053823412933,39.106644342161935],[-76.80138656975154,39.1067771634023]]],[[[-76.7982230639945,39.11033597555293],[-76.79737469259601,39.11020313263427],[-76.79780917119139,39.10858193797364],[-76.79823334743338,39.10864835865301],[-76.7982230639945,39.11033597555293]]]]},"properties":{"lid":"WATD2_action","stage_ft":9.0,"site_id":"01651800","level":"action"}}]}